{
  "user_id": "user_42699f",
  "file_name": "user_42699f_1749727179_1749727226_fullycomplete",
  "unix_start_time": 1749727179,
  "unix_start_time_ms": 1749727179837,
  "unix_end_time": 1749727226,
  "unix_end_time_ms": 1749727226354,
  "age": "30-34",
  "gender": "male",
  "user_agent": "Mozilla/5.0 (Windows NT 10.0; Win64; x64) AppleWebKit/537.36 (KHTML, like Gecko) Chrome/137.0.0.0 Safari/537.36",
  "user_ip": "122.99.48.40",
  "status": "complete",
  "email_provided": "complete",
  "attention_passed": false,
  "start_time_readable": "2025-06-12 11:19:39.837",
  "end_time_readable": "2025-06-12 11:20:26.354",
  "total_labels": 52,
  "emotion_summary": {
    "anger": 5,
    "contempt": 24,
    "disgust": 11,
    "others": 12
  },
  "email": "iamflorating@gmail.com",
  "participation": "no",
  "total_responses": 52,
  "responses": [
    {
      "image_path": "Confused-Gandalf/Confused-Gandalf_7.png",
      "label": "輕蔑",
      "response_time": "00:00:00.602",
      "timestamp_unix": 1749727185,
      "timestamp_unix_ms": 1749727185232,
      "timestamp_readable": "2025-06-12 11:19:45.232",
      "normalized_name": "Confused-Gandalf/Confused-Gandalf",
      "meme_name": "Confused-Gandalf",
      "post_id": 7,
      "english_label": "contempt",
      "response_time_ms": 602
    },
    {
      "image_path": "Always-Has-Been/Always-Has-Been_31.png",
      "label": "厭惡",
      "response_time": "00:00:00.200",
      "timestamp_unix": 1749727185,
      "timestamp_unix_ms": 1749727185562,
      "timestamp_readable": "2025-06-12 11:19:45.562",
      "normalized_name": "Always-Has-Been/Always-Has-Been",
      "meme_name": "Always-Has-Been",
      "post_id": 31,
      "english_label": "disgust",
      "response_time_ms": 200
    },
    {
      "image_path": "You-The-Real-MVP/You-The-Real-MVP_26.png",
      "label": "厭惡",
      "response_time": "00:00:00.205",
      "timestamp_unix": 1749727185,
      "timestamp_unix_ms": 1749727185886,
      "timestamp_readable": "2025-06-12 11:19:45.886",
      "normalized_name": "You-The-Real-MVP/You-The-Real-MVP",
      "meme_name": "You-The-Real-MVP",
      "post_id": 26,
      "english_label": "disgust",
      "response_time_ms": 205
    },
    {
      "image_path": "Disaster-Girl/Disaster-Girl_17.png",
      "label": "輕蔑",
      "response_time": "00:00:00.210",
      "timestamp_unix": 1749727186,
      "timestamp_unix_ms": 1749727186206,
      "timestamp_readable": "2025-06-12 11:19:46.206",
      "normalized_name": "Disaster-Girl/Disaster-Girl",
      "meme_name": "Disaster-Girl",
      "post_id": 17,
      "english_label": "contempt",
      "response_time_ms": 210
    },
    {
      "image_path": "Futurama-Fry/Futurama-Fry_46.png",
      "label": "輕蔑",
      "response_time": "00:00:00.307",
      "timestamp_unix": 1749727186,
      "timestamp_unix_ms": 1749727186589,
      "timestamp_readable": "2025-06-12 11:19:46.589",
      "normalized_name": "Futurama-Fry/Futurama-Fry",
      "meme_name": "Futurama-Fry",
      "post_id": 46,
      "english_label": "contempt",
      "response_time_ms": 307
    },
    {
      "image_path": "Obi-Wan-Kenobi/Obi-Wan-Kenobi_23.png",
      "label": "其他",
      "response_time": "00:00:00.203",
      "timestamp_unix": 1749727186,
      "timestamp_unix_ms": 1749727186960,
      "timestamp_readable": "2025-06-12 11:19:46.960",
      "normalized_name": "Obi-Wan-Kenobi/Obi-Wan-Kenobi",
      "meme_name": "Obi-Wan-Kenobi",
      "post_id": 23,
      "english_label": "others",
      "response_time_ms": 203
    },
    {
      "image_path": "For-the-better-right-blank/For-the-better-right-blank_40.png",
      "label": "輕蔑",
      "response_time": "00:00:00.212",
      "timestamp_unix": 1749727187,
      "timestamp_unix_ms": 1749727187298,
      "timestamp_readable": "2025-06-12 11:19:47.298",
      "normalized_name": "For-the-better-right-blank/For-the-better-right-blank",
      "meme_name": "For-the-better-right-blank",
      "post_id": 40,
      "english_label": "contempt",
      "response_time_ms": 212
    },
    {
      "image_path": "Laughing-wolf/Laughing-wolf_14.png",
      "label": "輕蔑",
      "response_time": "00:00:00.314",
      "timestamp_unix": 1749727187,
      "timestamp_unix_ms": 1749727187702,
      "timestamp_readable": "2025-06-12 11:19:47.702",
      "normalized_name": "Laughing-wolf/Laughing-wolf",
      "meme_name": "Laughing-wolf",
      "post_id": 14,
      "english_label": "contempt",
      "response_time_ms": 314
    },
    {
      "image_path": "Dinkleberg/Dinkleberg_15.png",
      "label": "憤怒",
      "response_time": "00:00:00.207",
      "timestamp_unix": 1749727188,
      "timestamp_unix_ms": 1749727188021,
      "timestamp_readable": "2025-06-12 11:19:48.021",
      "normalized_name": "Dinkleberg/Dinkleberg",
      "meme_name": "Dinkleberg",
      "post_id": 15,
      "english_label": "anger",
      "response_time_ms": 207
    },
    {
      "image_path": "Persian-Cat-Room-Guardian/Persian-Cat-Room-Guardian_34.png",
      "label": "厭惡",
      "response_time": "00:00:00.306",
      "timestamp_unix": 1749727188,
      "timestamp_unix_ms": 1749727188404,
      "timestamp_readable": "2025-06-12 11:19:48.404",
      "normalized_name": "Persian-Cat-Room-Guardian/Persian-Cat-Room-Guardian",
      "meme_name": "Persian-Cat-Room-Guardian",
      "post_id": 34,
      "english_label": "disgust",
      "response_time_ms": 306
    },
    {
      "image_path": "Math-ladyConfused-lady/Math-ladyConfused-lady_16.png",
      "label": "輕蔑",
      "response_time": "00:00:00.302",
      "timestamp_unix": 1749727188,
      "timestamp_unix_ms": 1749727188787,
      "timestamp_readable": "2025-06-12 11:19:48.787",
      "normalized_name": "Math-ladyConfused-lady/Math-ladyConfused-lady",
      "meme_name": "Math-ladyConfused-lady",
      "post_id": 16,
      "english_label": "contempt",
      "response_time_ms": 302
    },
    {
      "image_path": "Thats-a-paddlin/Thats-a-paddlin_1.png",
      "label": "輕蔑",
      "response_time": "00:00:00.302",
      "timestamp_unix": 1749727189,
      "timestamp_unix_ms": 1749727189219,
      "timestamp_readable": "2025-06-12 11:19:49.219",
      "normalized_name": "Thats-a-paddlin/Thats-a-paddlin",
      "meme_name": "Thats-a-paddlin",
      "post_id": 1,
      "english_label": "contempt",
      "response_time_ms": 302
    },
    {
      "image_path": "Chill-guy/Chill-guy_19.png",
      "label": "厭惡",
      "response_time": "00:00:00.603",
      "timestamp_unix": 1749727189,
      "timestamp_unix_ms": 1749727189936,
      "timestamp_readable": "2025-06-12 11:19:49.936",
      "normalized_name": "Chill-guy/Chill-guy",
      "meme_name": "Chill-guy",
      "post_id": 19,
      "english_label": "disgust",
      "response_time_ms": 603
    },
    {
      "image_path": "Im-The-Captain-Now/Im-The-Captain-Now_2.png",
      "label": "其他",
      "response_time": "00:00:00.206",
      "timestamp_unix": 1749727190,
      "timestamp_unix_ms": 1749727190306,
      "timestamp_readable": "2025-06-12 11:19:50.306",
      "normalized_name": "Im-The-Captain-Now/Im-The-Captain-Now",
      "meme_name": "Im-The-Captain-Now",
      "post_id": 2,
      "english_label": "others",
      "response_time_ms": 206
    },
    {
      "image_path": "Well-Yes-But-Actually-No/Well-Yes-But-Actually-No_27.png",
      "label": "輕蔑",
      "response_time": "00:00:00.613",
      "timestamp_unix": 1749727190,
      "timestamp_unix_ms": 1749727190999,
      "timestamp_readable": "2025-06-12 11:19:50.999",
      "normalized_name": "Well-Yes-But-Actually-No/Well-Yes-But-Actually-No",
      "meme_name": "Well-Yes-But-Actually-No",
      "post_id": 27,
      "english_label": "contempt",
      "response_time_ms": 613
    },
    {
      "image_path": "Leonardo-Dicaprio-Wolf-Of-Wall-Street/Leonardo-Dicaprio-Wolf-Of-Wall-Street_42.png",
      "label": "厭惡",
      "response_time": "00:00:00.401",
      "timestamp_unix": 1749727191,
      "timestamp_unix_ms": 1749727191498,
      "timestamp_readable": "2025-06-12 11:19:51.498",
      "normalized_name": "Leonardo-Dicaprio-Wolf-Of-Wall-Street/Leonardo-Dicaprio-Wolf-Of-Wall-Street",
      "meme_name": "Leonardo-Dicaprio-Wolf-Of-Wall-Street",
      "post_id": 42,
      "english_label": "disgust",
      "response_time_ms": 401
    },
    {
      "image_path": "Arthur-Fist/Arthur-Fist_28.png",
      "label": "輕蔑",
      "response_time": "00:00:00.208",
      "timestamp_unix": 1749727191,
      "timestamp_unix_ms": 1749727191814,
      "timestamp_readable": "2025-06-12 11:19:51.814",
      "normalized_name": "Arthur-Fist/Arthur-Fist",
      "meme_name": "Arthur-Fist",
      "post_id": 28,
      "english_label": "contempt",
      "response_time_ms": 208
    },
    {
      "image_path": "Gru-Gun/Gru-Gun_9.png",
      "label": "輕蔑",
      "response_time": "00:00:00.303",
      "timestamp_unix": 1749727192,
      "timestamp_unix_ms": 1749727192180,
      "timestamp_readable": "2025-06-12 11:19:52.180",
      "normalized_name": "Gru-Gun/Gru-Gun",
      "meme_name": "Gru-Gun",
      "post_id": 9,
      "english_label": "contempt",
      "response_time_ms": 303
    },
    {
      "image_path": "Black-guy-hiding-behind-tree/Black-guy-hiding-behind-tree_25.png",
      "label": "厭惡",
      "response_time": "00:00:00.301",
      "timestamp_unix": 1749727192,
      "timestamp_unix_ms": 1749727192574,
      "timestamp_readable": "2025-06-12 11:19:52.574",
      "normalized_name": "Black-guy-hiding-behind-tree/Black-guy-hiding-behind-tree",
      "meme_name": "Black-guy-hiding-behind-tree",
      "post_id": 25,
      "english_label": "disgust",
      "response_time_ms": 301
    },
    {
      "image_path": "Happy--Shock/Happy--Shock_43.png",
      "label": "其他",
      "response_time": "00:00:00.205",
      "timestamp_unix": 1749727192,
      "timestamp_unix_ms": 1749727192892,
      "timestamp_readable": "2025-06-12 11:19:52.892",
      "normalized_name": "Happy--Shock/Happy--Shock",
      "meme_name": "Happy--Shock",
      "post_id": 43,
      "english_label": "others",
      "response_time_ms": 205
    },
    {
      "image_path": "Mocking-Spongebob/Mocking-Spongebob_35.png",
      "label": "輕蔑",
      "response_time": "00:00:00.304",
      "timestamp_unix": 1749727193,
      "timestamp_unix_ms": 1749727193308,
      "timestamp_readable": "2025-06-12 11:19:53.308",
      "normalized_name": "Mocking-Spongebob/Mocking-Spongebob",
      "meme_name": "Mocking-Spongebob",
      "post_id": 35,
      "english_label": "contempt",
      "response_time_ms": 304
    },
    {
      "image_path": "Spongebob-Yelling/Spongebob-Yelling_47.png",
      "label": "厭惡",
      "response_time": "00:00:00.501",
      "timestamp_unix": 1749727193,
      "timestamp_unix_ms": 1749727193921,
      "timestamp_readable": "2025-06-12 11:19:53.921",
      "normalized_name": "Spongebob-Yelling/Spongebob-Yelling",
      "meme_name": "Spongebob-Yelling",
      "post_id": 47,
      "english_label": "disgust",
      "response_time_ms": 501
    },
    {
      "image_path": "Hold-fart/Hold-fart_33.png",
      "label": "輕蔑",
      "response_time": "00:00:00.403",
      "timestamp_unix": 1749727194,
      "timestamp_unix_ms": 1749727194414,
      "timestamp_readable": "2025-06-12 11:19:54.414",
      "normalized_name": "Hold-fart/Hold-fart",
      "meme_name": "Hold-fart",
      "post_id": 33,
      "english_label": "contempt",
      "response_time_ms": 403
    },
    {
      "image_path": "DJ-Pauly-D/DJ-Pauly-D_39.png",
      "label": "輕蔑",
      "response_time": "00:00:00.301",
      "timestamp_unix": 1749727194,
      "timestamp_unix_ms": 1749727194826,
      "timestamp_readable": "2025-06-12 11:19:54.826",
      "normalized_name": "DJ-Pauly-D/DJ-Pauly-D",
      "meme_name": "DJ-Pauly-D",
      "post_id": 39,
      "english_label": "contempt",
      "response_time_ms": 301
    },
    {
      "image_path": "attention_check/attention_check_Contempt.png",
      "label": "輕蔑",
      "response_time": "00:00:00.713",
      "timestamp_unix": 1749727195,
      "timestamp_unix_ms": 1749727195604,
      "timestamp_readable": "2025-06-12 11:19:55.604",
      "normalized_name": "attention_check/attention_check_Contempt.png",
      "meme_name": "attention_check",
      "post_id": null,
      "english_label": "contempt",
      "response_time_ms": 713
    },
    {
      "image_path": "Monkey-Puppet/Monkey-Puppet_45.png",
      "label": "其他",
      "response_time": "00:00:00.303",
      "timestamp_unix": 1749727196,
      "timestamp_unix_ms": 1749727196018,
      "timestamp_readable": "2025-06-12 11:19:56.018",
      "normalized_name": "Monkey-Puppet/Monkey-Puppet",
      "meme_name": "Monkey-Puppet",
      "post_id": 45,
      "english_label": "others",
      "response_time_ms": 303
    },
    {
      "image_path": "Dave-chappelle/Dave-chappelle_29.png",
      "label": "厭惡",
      "response_time": "00:00:00.404",
      "timestamp_unix": 1749727196,
      "timestamp_unix_ms": 1749727196546,
      "timestamp_readable": "2025-06-12 11:19:56.546",
      "normalized_name": "Dave-chappelle/Dave-chappelle",
      "meme_name": "Dave-chappelle",
      "post_id": 29,
      "english_label": "disgust",
      "response_time_ms": 404
    },
    {
      "image_path": "Ill-Have-You-Know-Spongebob/Ill-Have-You-Know-Spongebob_22.png",
      "label": "輕蔑",
      "response_time": "00:00:00.306",
      "timestamp_unix": 1749727196,
      "timestamp_unix_ms": 1749727196999,
      "timestamp_readable": "2025-06-12 11:19:56.999",
      "normalized_name": "Ill-Have-You-Know-Spongebob/Ill-Have-You-Know-Spongebob",
      "meme_name": "Ill-Have-You-Know-Spongebob",
      "post_id": 22,
      "english_label": "contempt",
      "response_time_ms": 306
    },
    {
      "image_path": "Spiderman-Hospital/Spiderman-Hospital_38.png",
      "label": "憤怒",
      "response_time": "00:00:00.813",
      "timestamp_unix": 1749727197,
      "timestamp_unix_ms": 1749727197890,
      "timestamp_readable": "2025-06-12 11:19:57.890",
      "normalized_name": "Spiderman-Hospital/Spiderman-Hospital",
      "meme_name": "Spiderman-Hospital",
      "post_id": 38,
      "english_label": "anger",
      "response_time_ms": 813
    },
    {
      "image_path": "Drake-NoYes/Drake-NoYes_48.png",
      "label": "憤怒",
      "response_time": "00:00:00.300",
      "timestamp_unix": 1749727198,
      "timestamp_unix_ms": 1749727198318,
      "timestamp_readable": "2025-06-12 11:19:58.318",
      "normalized_name": "Drake-NoYes/Drake-NoYes",
      "meme_name": "Drake-NoYes",
      "post_id": 48,
      "english_label": "anger",
      "response_time_ms": 300
    },
    {
      "image_path": "Disappointed-Man/Disappointed-Man_12.png",
      "label": "憤怒",
      "response_time": "00:00:00.307",
      "timestamp_unix": 1749727198,
      "timestamp_unix_ms": 1749727198704,
      "timestamp_readable": "2025-06-12 11:19:58.704",
      "normalized_name": "Disappointed-Man/Disappointed-Man",
      "meme_name": "Disappointed-Man",
      "post_id": 12,
      "english_label": "anger",
      "response_time_ms": 307
    },
    {
      "image_path": "Mr-McMahon-reaction/Mr-McMahon-reaction_6.png",
      "label": "輕蔑",
      "response_time": "00:00:00.504",
      "timestamp_unix": 1749727199,
      "timestamp_unix_ms": 1749727199329,
      "timestamp_readable": "2025-06-12 11:19:59.329",
      "normalized_name": "Mr-McMahon-reaction/Mr-McMahon-reaction",
      "meme_name": "Mr-McMahon-reaction",
      "post_id": 6,
      "english_label": "contempt",
      "response_time_ms": 504
    },
    {
      "image_path": "Hide-the-Pain-Harold/Hide-the-Pain-Harold_36.png",
      "label": "輕蔑",
      "response_time": "00:00:00.301",
      "timestamp_unix": 1749727199,
      "timestamp_unix_ms": 1749727199698,
      "timestamp_readable": "2025-06-12 11:19:59.698",
      "normalized_name": "Hide-the-Pain-Harold/Hide-the-Pain-Harold",
      "meme_name": "Hide-the-Pain-Harold",
      "post_id": 36,
      "english_label": "contempt",
      "response_time_ms": 301
    },
    {
      "image_path": "Put-It-Somewhere-Else-Patrick/Put-It-Somewhere-Else-Patrick_4.png",
      "label": "輕蔑",
      "response_time": "00:00:00.300",
      "timestamp_unix": 1749727200,
      "timestamp_unix_ms": 1749727200058,
      "timestamp_readable": "2025-06-12 11:20:00.058",
      "normalized_name": "Put-It-Somewhere-Else-Patrick/Put-It-Somewhere-Else-Patrick",
      "meme_name": "Put-It-Somewhere-Else-Patrick",
      "post_id": 4,
      "english_label": "contempt",
      "response_time_ms": 300
    },
    {
      "image_path": "Moe-throws-Barney/Moe-throws-Barney_32.png",
      "label": "厭惡",
      "response_time": "00:00:00.300",
      "timestamp_unix": 1749727200,
      "timestamp_unix_ms": 1749727200432,
      "timestamp_readable": "2025-06-12 11:20:00.432",
      "normalized_name": "Moe-throws-Barney/Moe-throws-Barney",
      "meme_name": "Moe-throws-Barney",
      "post_id": 32,
      "english_label": "disgust",
      "response_time_ms": 300
    },
    {
      "image_path": "Surprised-Pikachu/Surprised-Pikachu_37.png",
      "label": "其他",
      "response_time": "00:00:00.404",
      "timestamp_unix": 1749727200,
      "timestamp_unix_ms": 1749727200900,
      "timestamp_readable": "2025-06-12 11:20:00.900",
      "normalized_name": "Surprised-Pikachu/Surprised-Pikachu",
      "meme_name": "Surprised-Pikachu",
      "post_id": 37,
      "english_label": "others",
      "response_time_ms": 404
    },
    {
      "image_path": "Archer/Archer_8.png",
      "label": "輕蔑",
      "response_time": "00:00:00.209",
      "timestamp_unix": 1749727201,
      "timestamp_unix_ms": 1749727201222,
      "timestamp_readable": "2025-06-12 11:20:01.222",
      "normalized_name": "Archer/Archer",
      "meme_name": "Archer",
      "post_id": 8,
      "english_label": "contempt",
      "response_time_ms": 209
    },
    {
      "image_path": "I-am-once-again-asking/I-am-once-again-asking_24.png",
      "label": "輕蔑",
      "response_time": "00:00:00.201",
      "timestamp_unix": 1749727201,
      "timestamp_unix_ms": 1749727201586,
      "timestamp_readable": "2025-06-12 11:20:01.586",
      "normalized_name": "I-am-once-again-asking/I-am-once-again-asking",
      "meme_name": "I-am-once-again-asking",
      "post_id": 24,
      "english_label": "contempt",
      "response_time_ms": 201
    },
    {
      "image_path": "Scooby-doo-mask-reveal/Scooby-doo-mask-reveal_18.png",
      "label": "輕蔑",
      "response_time": "00:00:00.401",
      "timestamp_unix": 1749727202,
      "timestamp_unix_ms": 1749727202084,
      "timestamp_readable": "2025-06-12 11:20:02.084",
      "normalized_name": "Scooby-doo-mask-reveal/Scooby-doo-mask-reveal",
      "meme_name": "Scooby-doo-mask-reveal",
      "post_id": 18,
      "english_label": "contempt",
      "response_time_ms": 401
    },
    {
      "image_path": "Always-you-three/Always-you-three_44.png",
      "label": "其他",
      "response_time": "00:00:00.909",
      "timestamp_unix": 1749727203,
      "timestamp_unix_ms": 1749727203136,
      "timestamp_readable": "2025-06-12 11:20:03.136",
      "normalized_name": "Always-you-three/Always-you-three",
      "meme_name": "Always-you-three",
      "post_id": 44,
      "english_label": "others",
      "response_time_ms": 909
    },
    {
      "image_path": "Smudge-the-cat/Smudge-the-cat_10.png",
      "label": "其他",
      "response_time": "00:00:00.311",
      "timestamp_unix": 1749727203,
      "timestamp_unix_ms": 1749727203548,
      "timestamp_readable": "2025-06-12 11:20:03.548",
      "normalized_name": "Smudge-the-cat/Smudge-the-cat",
      "meme_name": "Smudge-the-cat",
      "post_id": 10,
      "english_label": "others",
      "response_time_ms": 311
    },
    {
      "image_path": "Table-Flip-Guy/Table-Flip-Guy_49.png",
      "label": "輕蔑",
      "response_time": "00:00:01.101",
      "timestamp_unix": 1749727204,
      "timestamp_unix_ms": 1749727204710,
      "timestamp_readable": "2025-06-12 11:20:04.710",
      "normalized_name": "Table-Flip-Guy/Table-Flip-Guy",
      "meme_name": "Table-Flip-Guy",
      "post_id": 49,
      "english_label": "contempt",
      "response_time_ms": 1101
    },
    {
      "image_path": "Mr-incredible-mad/Mr-incredible-mad_41.png",
      "label": "輕蔑",
      "response_time": "00:00:00.801",
      "timestamp_unix": 1749727205,
      "timestamp_unix_ms": 1749727205619,
      "timestamp_readable": "2025-06-12 11:20:05.619",
      "normalized_name": "Mr-incredible-mad/Mr-incredible-mad",
      "meme_name": "Mr-incredible-mad",
      "post_id": 41,
      "english_label": "contempt",
      "response_time_ms": 801
    },
    {
      "image_path": "Nuclear-Explosion/Nuclear-Explosion_13.png",
      "label": "厭惡",
      "response_time": "00:00:00.310",
      "timestamp_unix": 1749727206,
      "timestamp_unix_ms": 1749727206070,
      "timestamp_readable": "2025-06-12 11:20:06.070",
      "normalized_name": "Nuclear-Explosion/Nuclear-Explosion",
      "meme_name": "Nuclear-Explosion",
      "post_id": 13,
      "english_label": "disgust",
      "response_time_ms": 310
    },
    {
      "image_path": "Khan/Khan_3.png",
      "label": "其他",
      "response_time": "00:00:00.308",
      "timestamp_unix": 1749727206,
      "timestamp_unix_ms": 1749727206449,
      "timestamp_readable": "2025-06-12 11:20:06.449",
      "normalized_name": "Khan/Khan",
      "meme_name": "Khan",
      "post_id": 3,
      "english_label": "others",
      "response_time_ms": 308
    },
    {
      "image_path": "Batman-Slapping-Robin/Batman-Slapping-Robin_21.png",
      "label": "憤怒",
      "response_time": "00:00:00.410",
      "timestamp_unix": 1749727206,
      "timestamp_unix_ms": 1749727206934,
      "timestamp_readable": "2025-06-12 11:20:06.934",
      "normalized_name": "Batman-Slapping-Robin/Batman-Slapping-Robin",
      "meme_name": "Batman-Slapping-Robin",
      "post_id": 21,
      "english_label": "anger",
      "response_time_ms": 410
    },
    {
      "image_path": "Picard-Wtf/Picard-Wtf_50.png",
      "label": "輕蔑",
      "response_time": "00:00:00.305",
      "timestamp_unix": 1749727207,
      "timestamp_unix_ms": 1749727207318,
      "timestamp_readable": "2025-06-12 11:20:07.318",
      "normalized_name": "Picard-Wtf/Picard-Wtf",
      "meme_name": "Picard-Wtf",
      "post_id": 50,
      "english_label": "contempt",
      "response_time_ms": 305
    },
    {
      "image_path": "attention_check/attention_check_Disgust.png",
      "label": "其他",
      "response_time": "00:00:00.705",
      "timestamp_unix": 1749727208,
      "timestamp_unix_ms": 1749727208096,
      "timestamp_readable": "2025-06-12 11:20:08.096",
      "normalized_name": "attention_check/attention_check_Disgust.png",
      "meme_name": "attention_check",
      "post_id": null,
      "english_label": "others",
      "response_time_ms": 705
    },
    {
      "image_path": "Kevin-Hart/Kevin-Hart_5.png",
      "label": "其他",
      "response_time": "00:00:00.401",
      "timestamp_unix": 1749727208,
      "timestamp_unix_ms": 1749727208545,
      "timestamp_readable": "2025-06-12 11:20:08.545",
      "normalized_name": "Kevin-Hart/Kevin-Hart",
      "meme_name": "Kevin-Hart",
      "post_id": 5,
      "english_label": "others",
      "response_time_ms": 401
    },
    {
      "image_path": "Angry-Baby/Angry-Baby_11.png",
      "label": "其他",
      "response_time": "00:00:00.305",
      "timestamp_unix": 1749727208,
      "timestamp_unix_ms": 1749727208912,
      "timestamp_readable": "2025-06-12 11:20:08.912",
      "normalized_name": "Angry-Baby/Angry-Baby",
      "meme_name": "Angry-Baby",
      "post_id": 11,
      "english_label": "others",
      "response_time_ms": 305
    },
    {
      "image_path": "Charlie-Day/Charlie-Day_20.png",
      "label": "厭惡",
      "response_time": "00:00:00.303",
      "timestamp_unix": 1749727209,
      "timestamp_unix_ms": 1749727209292,
      "timestamp_readable": "2025-06-12 11:20:09.292",
      "normalized_name": "Charlie-Day/Charlie-Day",
      "meme_name": "Charlie-Day",
      "post_id": 20,
      "english_label": "disgust",
      "response_time_ms": 303
    },
    {
      "image_path": "Afraid-To-Ask-Andy/Afraid-To-Ask-Andy_30.png",
      "label": "其他",
      "response_time": "00:00:00.307",
      "timestamp_unix": 1749727209,
      "timestamp_unix_ms": 1749727209661,
      "timestamp_readable": "2025-06-12 11:20:09.661",
      "normalized_name": "Afraid-To-Ask-Andy/Afraid-To-Ask-Andy",
      "meme_name": "Afraid-To-Ask-Andy",
      "post_id": 30,
      "english_label": "others",
      "response_time_ms": 307
    }
  ],
  "session_start_unix": 1749727179,
  "session_status": "completed",
  "last_updated_unix": 1749727226,
  "image_order": [
    "Spiderman-Hospital/Spiderman-Hospital_38.png",
    "Happy--Shock/Happy--Shock_43.png",
    "Chill-guy/Chill-guy_19.png",
    "I-am-once-again-asking/I-am-once-again-asking_24.png",
    "Math-ladyConfused-lady/Math-ladyConfused-lady_16.png",
    "Archer/Archer_8.png",
    "Leonardo-Dicaprio-Wolf-Of-Wall-Street/Leonardo-Dicaprio-Wolf-Of-Wall-Street_42.png",
    "Mocking-Spongebob/Mocking-Spongebob_35.png",
    "Afraid-To-Ask-Andy/Afraid-To-Ask-Andy_30.png",
    "Charlie-Day/Charlie-Day_20.png",
    "Always-Has-Been/Always-Has-Been_31.png",
    "Picard-Wtf/Picard-Wtf_50.png",
    "Batman-Slapping-Robin/Batman-Slapping-Robin_21.png",
    "For-the-better-right-blank/For-the-better-right-blank_40.png",
    "Drake-NoYes/Drake-NoYes_48.png",
    "Laughing-wolf/Laughing-wolf_14.png",
    "DJ-Pauly-D/DJ-Pauly-D_39.png",
    "Always-you-three/Always-you-three_44.png",
    "Disappointed-Man/Disappointed-Man_12.png",
    "Smudge-the-cat/Smudge-the-cat_10.png",
    "Thats-a-paddlin/Thats-a-paddlin_1.png",
    "Hide-the-Pain-Harold/Hide-the-Pain-Harold_36.png",
    "Hold-fart/Hold-fart_33.png",
    "Im-The-Captain-Now/Im-The-Captain-Now_2.png",
    "attention_check/attention_check_Contempt.png",
    "Obi-Wan-Kenobi/Obi-Wan-Kenobi_23.png",
    "Spongebob-Yelling/Spongebob-Yelling_47.png",
    "Nuclear-Explosion/Nuclear-Explosion_13.png",
    "Dinkleberg/Dinkleberg_15.png",
    "Scooby-doo-mask-reveal/Scooby-doo-mask-reveal_18.png",
    "Disaster-Girl/Disaster-Girl_17.png",
    "Black-guy-hiding-behind-tree/Black-guy-hiding-behind-tree_25.png",
    "You-The-Real-MVP/You-The-Real-MVP_26.png",
    "Moe-throws-Barney/Moe-throws-Barney_32.png",
    "Ill-Have-You-Know-Spongebob/Ill-Have-You-Know-Spongebob_22.png",
    "Futurama-Fry/Futurama-Fry_46.png",
    "Monkey-Puppet/Monkey-Puppet_45.png",
    "Confused-Gandalf/Confused-Gandalf_7.png",
    "Mr-incredible-mad/Mr-incredible-mad_41.png",
    "Dave-chappelle/Dave-chappelle_29.png",
    "Surprised-Pikachu/Surprised-Pikachu_37.png",
    "Table-Flip-Guy/Table-Flip-Guy_49.png",
    "Kevin-Hart/Kevin-Hart_5.png",
    "Well-Yes-But-Actually-No/Well-Yes-But-Actually-No_27.png",
    "Mr-McMahon-reaction/Mr-McMahon-reaction_6.png",
    "Gru-Gun/Gru-Gun_9.png",
    "Persian-Cat-Room-Guardian/Persian-Cat-Room-Guardian_34.png",
    "attention_check/attention_check_Disgust.png",
    "Put-It-Somewhere-Else-Patrick/Put-It-Somewhere-Else-Patrick_4.png",
    "Angry-Baby/Angry-Baby_11.png",
    "Arthur-Fist/Arthur-Fist_28.png",
    "Khan/Khan_3.png"
  ],
  "completion_status": {
    "practice_completed": true,
    "game_started": true,
    "game_completed": true,
    "summary_viewed": true,
    "email_submitted": true
  },
  "timestamps_unix": {
    "registration_completed": 1749727179,
    "practice_started": 1749727179,
    "practice_completed": 1749727184,
    "game_started": 1749727184,
    "first_label": 1749727185,
    "last_label": 1749727209,
    "game_completed": 1749727211,
    "summary_viewed": 1749727211,
    "email_submitted": 1749727226,
    "session_end": 1749727226,
    "last_updated": 1749727226
  },
  "timestamps_unix_ms": {
    "registration_completed_ms": 1749727179837,
    "practice_started_ms": 1749727179881,
    "practice_completed_ms": 1749727184378,
    "game_started_ms": 1749727184392,
    "first_label_ms": 1749727185232,
    "last_label_ms": 1749727209661,
    "game_completed_ms": 1749727211115,
    "summary_viewed_ms": 1749727211129,
    "email_submitted_ms": 1749727226341,
    "session_end_ms": 1749727226341,
    "last_updated_ms": 1749727226341
  },
  "duration_stats_ms": {
    "total_session_duration_ms": 46504,
    "practice_duration_ms": 4497,
    "game_duration_ms": 26723,
    "labeling_duration_ms": 24429,
    "email_submission_duration_ms": 15212
  },
  "filename_updated_unix": 1749727211,
  "original_filename": "user_42699f",
  "completion_status_in_filename": "email_submitted"
}