{
  "user_id": "user_c01377",
  "file_name": "user_c01377_1750832503_1750832836_fullycomplete",
  "unix_start_time": 1750832503,
  "unix_start_time_ms": 1750832503713,
  "unix_end_time": 1750832836,
  "unix_end_time_ms": 1750832836416,
  "age": "18-24",
  "gender": "male",
  "user_agent": "Mozilla/5.0 (Windows NT 10.0; Win64; x64) AppleWebKit/537.36 (KHTML, like Gecko) Chrome/137.0.0.0 Safari/537.36",
  "user_ip": "223.138.196.220",
  "status": "complete",
  "email_provided": "complete",
  "attention_passed": false,
  "start_time_readable": "2025-06-25 06:21:43.713",
  "end_time_readable": "2025-06-25 06:27:16.416",
  "total_labels": 52,
  "emotion_summary": {
    "anger": 9,
    "contempt": 15,
    "disgust": 7,
    "others": 21
  },
  "email": "tim37532623@gmail.com",
  "participation": "no",
  "total_responses": 52,
  "responses": [
    {
      "image_path": "Drake-NoYes/Drake-NoYes_35.png",
      "label": "輕蔑",
      "response_time": "00:00:12.607",
      "timestamp_unix": 1750832570,
      "timestamp_unix_ms": 1750832570528,
      "timestamp_readable": "2025-06-25 06:22:50.528",
      "normalized_name": "Drake-NoYes/Drake-NoYes",
      "meme_name": "Drake-NoYes",
      "post_id": 35,
      "english_label": "contempt",
      "response_time_ms": 12607
    },
    {
      "image_path": "Always-Has-Been/Always-Has-Been_39.png",
      "label": "其他",
      "response_time": "00:00:11.214",
      "timestamp_unix": 1750832581,
      "timestamp_unix_ms": 1750832581963,
      "timestamp_readable": "2025-06-25 06:23:01.963",
      "normalized_name": "Always-Has-Been/Always-Has-Been",
      "meme_name": "Always-Has-Been",
      "post_id": 39,
      "english_label": "others",
      "response_time_ms": 11214
    },
    {
      "image_path": "Confused-Gandalf/Confused-Gandalf_20.png",
      "label": "輕蔑",
      "response_time": "00:00:05.104",
      "timestamp_unix": 1750832587,
      "timestamp_unix_ms": 1750832587191,
      "timestamp_readable": "2025-06-25 06:23:07.191",
      "normalized_name": "Confused-Gandalf/Confused-Gandalf",
      "meme_name": "Confused-Gandalf",
      "post_id": 20,
      "english_label": "contempt",
      "response_time_ms": 5104
    },
    {
      "image_path": "Gru-Gun/Gru-Gun_21.png",
      "label": "輕蔑",
      "response_time": "00:00:05.004",
      "timestamp_unix": 1750832592,
      "timestamp_unix_ms": 1750832592415,
      "timestamp_readable": "2025-06-25 06:23:12.415",
      "normalized_name": "Gru-Gun/Gru-Gun",
      "meme_name": "Gru-Gun",
      "post_id": 21,
      "english_label": "contempt",
      "response_time_ms": 5004
    },
    {
      "image_path": "Mr-McMahon-reaction/Mr-McMahon-reaction_26.png",
      "label": "輕蔑",
      "response_time": "00:00:14.101",
      "timestamp_unix": 1750832606,
      "timestamp_unix_ms": 1750832606718,
      "timestamp_readable": "2025-06-25 06:23:26.718",
      "normalized_name": "Mr-McMahon-reaction/Mr-McMahon-reaction",
      "meme_name": "Mr-McMahon-reaction",
      "post_id": 26,
      "english_label": "contempt",
      "response_time_ms": 14101
    },
    {
      "image_path": "Afraid-To-Ask-Andy/Afraid-To-Ask-Andy_16.png",
      "label": "輕蔑",
      "response_time": "00:00:06.303",
      "timestamp_unix": 1750832613,
      "timestamp_unix_ms": 1750832613208,
      "timestamp_readable": "2025-06-25 06:23:33.208",
      "normalized_name": "Afraid-To-Ask-Andy/Afraid-To-Ask-Andy",
      "meme_name": "Afraid-To-Ask-Andy",
      "post_id": 16,
      "english_label": "contempt",
      "response_time_ms": 6303
    },
    {
      "image_path": "DJ-Pauly-D/DJ-Pauly-D_23.png",
      "label": "其他",
      "response_time": "00:00:13.602",
      "timestamp_unix": 1750832626,
      "timestamp_unix_ms": 1750832626978,
      "timestamp_readable": "2025-06-25 06:23:46.978",
      "normalized_name": "DJ-Pauly-D/DJ-Pauly-D",
      "meme_name": "DJ-Pauly-D",
      "post_id": 23,
      "english_label": "others",
      "response_time_ms": 13602
    },
    {
      "image_path": "Spongebob-Yelling/Spongebob-Yelling_46.png",
      "label": "其他",
      "response_time": "00:00:14.603",
      "timestamp_unix": 1750832641,
      "timestamp_unix_ms": 1750832641831,
      "timestamp_readable": "2025-06-25 06:24:01.831",
      "normalized_name": "Spongebob-Yelling/Spongebob-Yelling",
      "meme_name": "Spongebob-Yelling",
      "post_id": 46,
      "english_label": "others",
      "response_time_ms": 14603
    },
    {
      "image_path": "Angry-Baby/Angry-Baby_49.png",
      "label": "憤怒",
      "response_time": "00:00:04.207",
      "timestamp_unix": 1750832646,
      "timestamp_unix_ms": 1750832646190,
      "timestamp_readable": "2025-06-25 06:24:06.190",
      "normalized_name": "Angry-Baby/Angry-Baby",
      "meme_name": "Angry-Baby",
      "post_id": 49,
      "english_label": "anger",
      "response_time_ms": 4207
    },
    {
      "image_path": "Surprised-Pikachu/Surprised-Pikachu_29.png",
      "label": "輕蔑",
      "response_time": "00:00:04.606",
      "timestamp_unix": 1750832650,
      "timestamp_unix_ms": 1750832650931,
      "timestamp_readable": "2025-06-25 06:24:10.931",
      "normalized_name": "Surprised-Pikachu/Surprised-Pikachu",
      "meme_name": "Surprised-Pikachu",
      "post_id": 29,
      "english_label": "contempt",
      "response_time_ms": 4606
    },
    {
      "image_path": "Scooby-doo-mask-reveal/Scooby-doo-mask-reveal_44.png",
      "label": "其他",
      "response_time": "00:00:08.902",
      "timestamp_unix": 1750832659,
      "timestamp_unix_ms": 1750832659995,
      "timestamp_readable": "2025-06-25 06:24:19.995",
      "normalized_name": "Scooby-doo-mask-reveal/Scooby-doo-mask-reveal",
      "meme_name": "Scooby-doo-mask-reveal",
      "post_id": 44,
      "english_label": "others",
      "response_time_ms": 8902
    },
    {
      "image_path": "Picard-Wtf/Picard-Wtf_3.png",
      "label": "厭惡",
      "response_time": "00:00:07.606",
      "timestamp_unix": 1750832667,
      "timestamp_unix_ms": 1750832667820,
      "timestamp_readable": "2025-06-25 06:24:27.820",
      "normalized_name": "Picard-Wtf/Picard-Wtf",
      "meme_name": "Picard-Wtf",
      "post_id": 3,
      "english_label": "disgust",
      "response_time_ms": 7606
    },
    {
      "image_path": "Arthur-Fist/Arthur-Fist_40.png",
      "label": "憤怒",
      "response_time": "00:00:06.807",
      "timestamp_unix": 1750832674,
      "timestamp_unix_ms": 1750832674827,
      "timestamp_readable": "2025-06-25 06:24:34.827",
      "normalized_name": "Arthur-Fist/Arthur-Fist",
      "meme_name": "Arthur-Fist",
      "post_id": 40,
      "english_label": "anger",
      "response_time_ms": 6807
    },
    {
      "image_path": "Im-The-Captain-Now/Im-The-Captain-Now_47.png",
      "label": "其他",
      "response_time": "00:00:12.704",
      "timestamp_unix": 1750832687,
      "timestamp_unix_ms": 1750832687702,
      "timestamp_readable": "2025-06-25 06:24:47.702",
      "normalized_name": "Im-The-Captain-Now/Im-The-Captain-Now",
      "meme_name": "Im-The-Captain-Now",
      "post_id": 47,
      "english_label": "others",
      "response_time_ms": 12704
    },
    {
      "image_path": "Black-guy-hiding-behind-tree/Black-guy-hiding-behind-tree_30.png",
      "label": "其他",
      "response_time": "00:00:16.408",
      "timestamp_unix": 1750832704,
      "timestamp_unix_ms": 1750832704304,
      "timestamp_readable": "2025-06-25 06:25:04.304",
      "normalized_name": "Black-guy-hiding-behind-tree/Black-guy-hiding-behind-tree",
      "meme_name": "Black-guy-hiding-behind-tree",
      "post_id": 30,
      "english_label": "others",
      "response_time_ms": 16408
    },
    {
      "image_path": "Math-ladyConfused-lady/Math-ladyConfused-lady_43.png",
      "label": "輕蔑",
      "response_time": "00:00:05.001",
      "timestamp_unix": 1750832709,
      "timestamp_unix_ms": 1750832709476,
      "timestamp_readable": "2025-06-25 06:25:09.476",
      "normalized_name": "Math-ladyConfused-lady/Math-ladyConfused-lady",
      "meme_name": "Math-ladyConfused-lady",
      "post_id": 43,
      "english_label": "contempt",
      "response_time_ms": 5001
    },
    {
      "image_path": "Chill-guy/Chill-guy_41.png",
      "label": "其他",
      "response_time": "00:00:13.401",
      "timestamp_unix": 1750832723,
      "timestamp_unix_ms": 1750832723122,
      "timestamp_readable": "2025-06-25 06:25:23.122",
      "normalized_name": "Chill-guy/Chill-guy",
      "meme_name": "Chill-guy",
      "post_id": 41,
      "english_label": "others",
      "response_time_ms": 13401
    },
    {
      "image_path": "Moe-throws-Barney/Moe-throws-Barney_4.png",
      "label": "厭惡",
      "response_time": "00:00:19.808",
      "timestamp_unix": 1750832743,
      "timestamp_unix_ms": 1750832743190,
      "timestamp_readable": "2025-06-25 06:25:43.190",
      "normalized_name": "Moe-throws-Barney/Moe-throws-Barney",
      "meme_name": "Moe-throws-Barney",
      "post_id": 4,
      "english_label": "disgust",
      "response_time_ms": 19808
    },
    {
      "image_path": "Leonardo-Dicaprio-Wolf-Of-Wall-Street/Leonardo-Dicaprio-Wolf-Of-Wall-Street_5.png",
      "label": "其他",
      "response_time": "00:00:08.009",
      "timestamp_unix": 1750832751,
      "timestamp_unix_ms": 1750832751381,
      "timestamp_readable": "2025-06-25 06:25:51.381",
      "normalized_name": "Leonardo-Dicaprio-Wolf-Of-Wall-Street/Leonardo-Dicaprio-Wolf-Of-Wall-Street",
      "meme_name": "Leonardo-Dicaprio-Wolf-Of-Wall-Street",
      "post_id": 5,
      "english_label": "others",
      "response_time_ms": 8009
    },
    {
      "image_path": "Monkey-Puppet/Monkey-Puppet_42.png",
      "label": "輕蔑",
      "response_time": "00:00:10.312",
      "timestamp_unix": 1750832761,
      "timestamp_unix_ms": 1750832761844,
      "timestamp_readable": "2025-06-25 06:26:01.844",
      "normalized_name": "Monkey-Puppet/Monkey-Puppet",
      "meme_name": "Monkey-Puppet",
      "post_id": 42,
      "english_label": "contempt",
      "response_time_ms": 10312
    },
    {
      "image_path": "Archer/Archer_48.png",
      "label": "輕蔑",
      "response_time": "00:00:03.902",
      "timestamp_unix": 1750832765,
      "timestamp_unix_ms": 1750832765932,
      "timestamp_readable": "2025-06-25 06:26:05.932",
      "normalized_name": "Archer/Archer",
      "meme_name": "Archer",
      "post_id": 48,
      "english_label": "contempt",
      "response_time_ms": 3902
    },
    {
      "image_path": "Batman-Slapping-Robin/Batman-Slapping-Robin_2.png",
      "label": "輕蔑",
      "response_time": "00:00:00.808",
      "timestamp_unix": 1750832766,
      "timestamp_unix_ms": 1750832766842,
      "timestamp_readable": "2025-06-25 06:26:06.842",
      "normalized_name": "Batman-Slapping-Robin/Batman-Slapping-Robin",
      "meme_name": "Batman-Slapping-Robin",
      "post_id": 2,
      "english_label": "contempt",
      "response_time_ms": 808
    },
    {
      "image_path": "You-The-Real-MVP/You-The-Real-MVP_37.png",
      "label": "厭惡",
      "response_time": "00:00:00.709",
      "timestamp_unix": 1750832767,
      "timestamp_unix_ms": 1750832767690,
      "timestamp_readable": "2025-06-25 06:26:07.690",
      "normalized_name": "You-The-Real-MVP/You-The-Real-MVP",
      "meme_name": "You-The-Real-MVP",
      "post_id": 37,
      "english_label": "disgust",
      "response_time_ms": 709
    },
    {
      "image_path": "attention_check/attention_check_Others.png",
      "label": "憤怒",
      "response_time": "00:00:00.702",
      "timestamp_unix": 1750832768,
      "timestamp_unix_ms": 1750832768578,
      "timestamp_readable": "2025-06-25 06:26:08.578",
      "normalized_name": "attention_check/attention_check_Others.png",
      "meme_name": "attention_check",
      "post_id": null,
      "english_label": "anger",
      "response_time_ms": 702
    },
    {
      "image_path": "Always-you-three/Always-you-three_28.png",
      "label": "其他",
      "response_time": "00:00:00.810",
      "timestamp_unix": 1750832769,
      "timestamp_unix_ms": 1750832769490,
      "timestamp_readable": "2025-06-25 06:26:09.490",
      "normalized_name": "Always-you-three/Always-you-three",
      "meme_name": "Always-you-three",
      "post_id": 28,
      "english_label": "others",
      "response_time_ms": 810
    },
    {
      "image_path": "Khan/Khan_36.png",
      "label": "其他",
      "response_time": "00:00:00.614",
      "timestamp_unix": 1750832770,
      "timestamp_unix_ms": 1750832770241,
      "timestamp_readable": "2025-06-25 06:26:10.241",
      "normalized_name": "Khan/Khan",
      "meme_name": "Khan",
      "post_id": 36,
      "english_label": "others",
      "response_time_ms": 614
    },
    {
      "image_path": "Futurama-Fry/Futurama-Fry_9.png",
      "label": "其他",
      "response_time": "00:00:00.612",
      "timestamp_unix": 1750832770,
      "timestamp_unix_ms": 1750832770961,
      "timestamp_readable": "2025-06-25 06:26:10.961",
      "normalized_name": "Futurama-Fry/Futurama-Fry",
      "meme_name": "Futurama-Fry",
      "post_id": 9,
      "english_label": "others",
      "response_time_ms": 612
    },
    {
      "image_path": "Spiderman-Hospital/Spiderman-Hospital_50.png",
      "label": "厭惡",
      "response_time": "00:00:00.513",
      "timestamp_unix": 1750832771,
      "timestamp_unix_ms": 1750832771655,
      "timestamp_readable": "2025-06-25 06:26:11.655",
      "normalized_name": "Spiderman-Hospital/Spiderman-Hospital",
      "meme_name": "Spiderman-Hospital",
      "post_id": 50,
      "english_label": "disgust",
      "response_time_ms": 513
    },
    {
      "image_path": "Persian-Cat-Room-Guardian/Persian-Cat-Room-Guardian_17.png",
      "label": "厭惡",
      "response_time": "00:00:00.400",
      "timestamp_unix": 1750832772,
      "timestamp_unix_ms": 1750832772229,
      "timestamp_readable": "2025-06-25 06:26:12.229",
      "normalized_name": "Persian-Cat-Room-Guardian/Persian-Cat-Room-Guardian",
      "meme_name": "Persian-Cat-Room-Guardian",
      "post_id": 17,
      "english_label": "disgust",
      "response_time_ms": 400
    },
    {
      "image_path": "Thats-a-paddlin/Thats-a-paddlin_22.png",
      "label": "厭惡",
      "response_time": "00:00:00.505",
      "timestamp_unix": 1750832772,
      "timestamp_unix_ms": 1750832772931,
      "timestamp_readable": "2025-06-25 06:26:12.931",
      "normalized_name": "Thats-a-paddlin/Thats-a-paddlin",
      "meme_name": "Thats-a-paddlin",
      "post_id": 22,
      "english_label": "disgust",
      "response_time_ms": 505
    },
    {
      "image_path": "Hold-fart/Hold-fart_10.png",
      "label": "輕蔑",
      "response_time": "00:00:00.903",
      "timestamp_unix": 1750832773,
      "timestamp_unix_ms": 1750832773999,
      "timestamp_readable": "2025-06-25 06:26:13.999",
      "normalized_name": "Hold-fart/Hold-fart",
      "meme_name": "Hold-fart",
      "post_id": 10,
      "english_label": "contempt",
      "response_time_ms": 903
    },
    {
      "image_path": "Mocking-Spongebob/Mocking-Spongebob_7.png",
      "label": "輕蔑",
      "response_time": "00:00:00.607",
      "timestamp_unix": 1750832774,
      "timestamp_unix_ms": 1750832774793,
      "timestamp_readable": "2025-06-25 06:26:14.793",
      "normalized_name": "Mocking-Spongebob/Mocking-Spongebob",
      "meme_name": "Mocking-Spongebob",
      "post_id": 7,
      "english_label": "contempt",
      "response_time_ms": 607
    },
    {
      "image_path": "Laughing-wolf/Laughing-wolf_38.png",
      "label": "憤怒",
      "response_time": "00:00:00.613",
      "timestamp_unix": 1750832775,
      "timestamp_unix_ms": 1750832775560,
      "timestamp_readable": "2025-06-25 06:26:15.560",
      "normalized_name": "Laughing-wolf/Laughing-wolf",
      "meme_name": "Laughing-wolf",
      "post_id": 38,
      "english_label": "anger",
      "response_time_ms": 613
    },
    {
      "image_path": "Charlie-Day/Charlie-Day_11.png",
      "label": "其他",
      "response_time": "00:00:00.611",
      "timestamp_unix": 1750832776,
      "timestamp_unix_ms": 1750832776257,
      "timestamp_readable": "2025-06-25 06:26:16.257",
      "normalized_name": "Charlie-Day/Charlie-Day",
      "meme_name": "Charlie-Day",
      "post_id": 11,
      "english_label": "others",
      "response_time_ms": 611
    },
    {
      "image_path": "Nuclear-Explosion/Nuclear-Explosion_12.png",
      "label": "其他",
      "response_time": "00:00:00.703",
      "timestamp_unix": 1750832777,
      "timestamp_unix_ms": 1750832777157,
      "timestamp_readable": "2025-06-25 06:26:17.157",
      "normalized_name": "Nuclear-Explosion/Nuclear-Explosion",
      "meme_name": "Nuclear-Explosion",
      "post_id": 12,
      "english_label": "others",
      "response_time_ms": 703
    },
    {
      "image_path": "Kevin-Hart/Kevin-Hart_19.png",
      "label": "其他",
      "response_time": "00:00:00.705",
      "timestamp_unix": 1750832777,
      "timestamp_unix_ms": 1750832777959,
      "timestamp_readable": "2025-06-25 06:26:17.959",
      "normalized_name": "Kevin-Hart/Kevin-Hart",
      "meme_name": "Kevin-Hart",
      "post_id": 19,
      "english_label": "others",
      "response_time_ms": 705
    },
    {
      "image_path": "Ill-Have-You-Know-Spongebob/Ill-Have-You-Know-Spongebob_32.png",
      "label": "其他",
      "response_time": "00:00:00.610",
      "timestamp_unix": 1750832778,
      "timestamp_unix_ms": 1750832778776,
      "timestamp_readable": "2025-06-25 06:26:18.776",
      "normalized_name": "Ill-Have-You-Know-Spongebob/Ill-Have-You-Know-Spongebob",
      "meme_name": "Ill-Have-You-Know-Spongebob",
      "post_id": 32,
      "english_label": "others",
      "response_time_ms": 610
    },
    {
      "image_path": "Table-Flip-Guy/Table-Flip-Guy_15.png",
      "label": "憤怒",
      "response_time": "00:00:00.602",
      "timestamp_unix": 1750832779,
      "timestamp_unix_ms": 1750832779500,
      "timestamp_readable": "2025-06-25 06:26:19.500",
      "normalized_name": "Table-Flip-Guy/Table-Flip-Guy",
      "meme_name": "Table-Flip-Guy",
      "post_id": 15,
      "english_label": "anger",
      "response_time_ms": 602
    },
    {
      "image_path": "Dave-chappelle/Dave-chappelle_27.png",
      "label": "其他",
      "response_time": "00:00:00.703",
      "timestamp_unix": 1750832780,
      "timestamp_unix_ms": 1750832780331,
      "timestamp_readable": "2025-06-25 06:26:20.331",
      "normalized_name": "Dave-chappelle/Dave-chappelle",
      "meme_name": "Dave-chappelle",
      "post_id": 27,
      "english_label": "others",
      "response_time_ms": 703
    },
    {
      "image_path": "Mr-incredible-mad/Mr-incredible-mad_18.png",
      "label": "憤怒",
      "response_time": "00:00:00.705",
      "timestamp_unix": 1750832781,
      "timestamp_unix_ms": 1750832781107,
      "timestamp_readable": "2025-06-25 06:26:21.107",
      "normalized_name": "Mr-incredible-mad/Mr-incredible-mad",
      "meme_name": "Mr-incredible-mad",
      "post_id": 18,
      "english_label": "anger",
      "response_time_ms": 705
    },
    {
      "image_path": "Disappointed-Man/Disappointed-Man_31.png",
      "label": "其他",
      "response_time": "00:00:00.900",
      "timestamp_unix": 1750832782,
      "timestamp_unix_ms": 1750832782177,
      "timestamp_readable": "2025-06-25 06:26:22.177",
      "normalized_name": "Disappointed-Man/Disappointed-Man",
      "meme_name": "Disappointed-Man",
      "post_id": 31,
      "english_label": "others",
      "response_time_ms": 900
    },
    {
      "image_path": "Happy--Shock/Happy--Shock_33.png",
      "label": "其他",
      "response_time": "00:00:00.706",
      "timestamp_unix": 1750832783,
      "timestamp_unix_ms": 1750832783010,
      "timestamp_readable": "2025-06-25 06:26:23.010",
      "normalized_name": "Happy--Shock/Happy--Shock",
      "meme_name": "Happy--Shock",
      "post_id": 33,
      "english_label": "others",
      "response_time_ms": 706
    },
    {
      "image_path": "I-am-once-again-asking/I-am-once-again-asking_1.png",
      "label": "輕蔑",
      "response_time": "00:00:00.804",
      "timestamp_unix": 1750832783,
      "timestamp_unix_ms": 1750832783951,
      "timestamp_readable": "2025-06-25 06:26:23.951",
      "normalized_name": "I-am-once-again-asking/I-am-once-again-asking",
      "meme_name": "I-am-once-again-asking",
      "post_id": 1,
      "english_label": "contempt",
      "response_time_ms": 804
    },
    {
      "image_path": "Smudge-the-cat/Smudge-the-cat_8.png",
      "label": "輕蔑",
      "response_time": "00:00:00.710",
      "timestamp_unix": 1750832784,
      "timestamp_unix_ms": 1750832784752,
      "timestamp_readable": "2025-06-25 06:26:24.752",
      "normalized_name": "Smudge-the-cat/Smudge-the-cat",
      "meme_name": "Smudge-the-cat",
      "post_id": 8,
      "english_label": "contempt",
      "response_time_ms": 710
    },
    {
      "image_path": "Well-Yes-But-Actually-No/Well-Yes-But-Actually-No_45.png",
      "label": "憤怒",
      "response_time": "00:00:00.609",
      "timestamp_unix": 1750832785,
      "timestamp_unix_ms": 1750832785522,
      "timestamp_readable": "2025-06-25 06:26:25.522",
      "normalized_name": "Well-Yes-But-Actually-No/Well-Yes-But-Actually-No",
      "meme_name": "Well-Yes-But-Actually-No",
      "post_id": 45,
      "english_label": "anger",
      "response_time_ms": 609
    },
    {
      "image_path": "Obi-Wan-Kenobi/Obi-Wan-Kenobi_34.png",
      "label": "其他",
      "response_time": "00:00:00.710",
      "timestamp_unix": 1750832786,
      "timestamp_unix_ms": 1750832786411,
      "timestamp_readable": "2025-06-25 06:26:26.411",
      "normalized_name": "Obi-Wan-Kenobi/Obi-Wan-Kenobi",
      "meme_name": "Obi-Wan-Kenobi",
      "post_id": 34,
      "english_label": "others",
      "response_time_ms": 710
    },
    {
      "image_path": "attention_check/attention_check_Contempt.png",
      "label": "憤怒",
      "response_time": "00:00:00.502",
      "timestamp_unix": 1750832787,
      "timestamp_unix_ms": 1750832787081,
      "timestamp_readable": "2025-06-25 06:26:27.081",
      "normalized_name": "attention_check/attention_check_Contempt.png",
      "meme_name": "attention_check",
      "post_id": null,
      "english_label": "anger",
      "response_time_ms": 502
    },
    {
      "image_path": "Dinkleberg/Dinkleberg_14.png",
      "label": "憤怒",
      "response_time": "00:00:00.804",
      "timestamp_unix": 1750832788,
      "timestamp_unix_ms": 1750832788034,
      "timestamp_readable": "2025-06-25 06:26:28.034",
      "normalized_name": "Dinkleberg/Dinkleberg",
      "meme_name": "Dinkleberg",
      "post_id": 14,
      "english_label": "anger",
      "response_time_ms": 804
    },
    {
      "image_path": "Disaster-Girl/Disaster-Girl_6.png",
      "label": "其他",
      "response_time": "00:00:00.907",
      "timestamp_unix": 1750832789,
      "timestamp_unix_ms": 1750832789121,
      "timestamp_readable": "2025-06-25 06:26:29.121",
      "normalized_name": "Disaster-Girl/Disaster-Girl",
      "meme_name": "Disaster-Girl",
      "post_id": 6,
      "english_label": "others",
      "response_time_ms": 907
    },
    {
      "image_path": "Hide-the-Pain-Harold/Hide-the-Pain-Harold_24.png",
      "label": "厭惡",
      "response_time": "00:00:00.907",
      "timestamp_unix": 1750832790,
      "timestamp_unix_ms": 1750832790191,
      "timestamp_readable": "2025-06-25 06:26:30.191",
      "normalized_name": "Hide-the-Pain-Harold/Hide-the-Pain-Harold",
      "meme_name": "Hide-the-Pain-Harold",
      "post_id": 24,
      "english_label": "disgust",
      "response_time_ms": 907
    },
    {
      "image_path": "Put-It-Somewhere-Else-Patrick/Put-It-Somewhere-Else-Patrick_13.png",
      "label": "輕蔑",
      "response_time": "00:00:00.707",
      "timestamp_unix": 1750832791,
      "timestamp_unix_ms": 1750832791039,
      "timestamp_readable": "2025-06-25 06:26:31.039",
      "normalized_name": "Put-It-Somewhere-Else-Patrick/Put-It-Somewhere-Else-Patrick",
      "meme_name": "Put-It-Somewhere-Else-Patrick",
      "post_id": 13,
      "english_label": "contempt",
      "response_time_ms": 707
    },
    {
      "image_path": "For-the-better-right-blank/For-the-better-right-blank_25.png",
      "label": "其他",
      "response_time": "00:00:00.816",
      "timestamp_unix": 1750832791,
      "timestamp_unix_ms": 1750832791992,
      "timestamp_readable": "2025-06-25 06:26:31.992",
      "normalized_name": "For-the-better-right-blank/For-the-better-right-blank",
      "meme_name": "For-the-better-right-blank",
      "post_id": 25,
      "english_label": "others",
      "response_time_ms": 816
    }
  ],
  "session_start_unix": 1750832503,
  "session_status": "completed",
  "last_updated_unix": 1750832836,
  "image_order": [
    "Spiderman-Hospital/Spiderman-Hospital_50.png",
    "Happy--Shock/Happy--Shock_33.png",
    "Chill-guy/Chill-guy_41.png",
    "I-am-once-again-asking/I-am-once-again-asking_1.png",
    "Math-ladyConfused-lady/Math-ladyConfused-lady_43.png",
    "Archer/Archer_48.png",
    "Leonardo-Dicaprio-Wolf-Of-Wall-Street/Leonardo-Dicaprio-Wolf-Of-Wall-Street_5.png",
    "Mocking-Spongebob/Mocking-Spongebob_7.png",
    "Afraid-To-Ask-Andy/Afraid-To-Ask-Andy_16.png",
    "Charlie-Day/Charlie-Day_11.png",
    "Always-Has-Been/Always-Has-Been_39.png",
    "Picard-Wtf/Picard-Wtf_3.png",
    "Batman-Slapping-Robin/Batman-Slapping-Robin_2.png",
    "For-the-better-right-blank/For-the-better-right-blank_25.png",
    "Drake-NoYes/Drake-NoYes_35.png",
    "Laughing-wolf/Laughing-wolf_38.png",
    "DJ-Pauly-D/DJ-Pauly-D_23.png",
    "Always-you-three/Always-you-three_28.png",
    "Disappointed-Man/Disappointed-Man_31.png",
    "Smudge-the-cat/Smudge-the-cat_8.png",
    "Thats-a-paddlin/Thats-a-paddlin_22.png",
    "Hide-the-Pain-Harold/Hide-the-Pain-Harold_24.png",
    "Hold-fart/Hold-fart_10.png",
    "attention_check/attention_check_Others.png",
    "Im-The-Captain-Now/Im-The-Captain-Now_47.png",
    "Obi-Wan-Kenobi/Obi-Wan-Kenobi_34.png",
    "Spongebob-Yelling/Spongebob-Yelling_46.png",
    "Nuclear-Explosion/Nuclear-Explosion_12.png",
    "Dinkleberg/Dinkleberg_14.png",
    "Scooby-doo-mask-reveal/Scooby-doo-mask-reveal_44.png",
    "Disaster-Girl/Disaster-Girl_6.png",
    "Black-guy-hiding-behind-tree/Black-guy-hiding-behind-tree_30.png",
    "You-The-Real-MVP/You-The-Real-MVP_37.png",
    "Moe-throws-Barney/Moe-throws-Barney_4.png",
    "Ill-Have-You-Know-Spongebob/Ill-Have-You-Know-Spongebob_32.png",
    "Futurama-Fry/Futurama-Fry_9.png",
    "Monkey-Puppet/Monkey-Puppet_42.png",
    "Confused-Gandalf/Confused-Gandalf_20.png",
    "Mr-incredible-mad/Mr-incredible-mad_18.png",
    "Dave-chappelle/Dave-chappelle_27.png",
    "Surprised-Pikachu/Surprised-Pikachu_29.png",
    "Table-Flip-Guy/Table-Flip-Guy_15.png",
    "Kevin-Hart/Kevin-Hart_19.png",
    "Well-Yes-But-Actually-No/Well-Yes-But-Actually-No_45.png",
    "Mr-McMahon-reaction/Mr-McMahon-reaction_26.png",
    "Gru-Gun/Gru-Gun_21.png",
    "attention_check/attention_check_Contempt.png",
    "Persian-Cat-Room-Guardian/Persian-Cat-Room-Guardian_17.png",
    "Put-It-Somewhere-Else-Patrick/Put-It-Somewhere-Else-Patrick_13.png",
    "Angry-Baby/Angry-Baby_49.png",
    "Arthur-Fist/Arthur-Fist_40.png",
    "Khan/Khan_36.png"
  ],
  "completion_status": {
    "practice_completed": true,
    "game_started": true,
    "game_completed": true,
    "summary_viewed": true,
    "email_submitted": true
  },
  "timestamps_unix": {
    "registration_completed": 1750832503,
    "practice_started": 1750832503,
    "practice_completed": 1750832557,
    "game_started": 1750832557,
    "first_label": 1750832570,
    "last_label": 1750832791,
    "game_completed": 1750832794,
    "summary_viewed": 1750832794,
    "email_submitted": 1750832836,
    "session_end": 1750832836,
    "last_updated": 1750832836
  },
  "timestamps_unix_ms": {
    "registration_completed_ms": 1750832503713,
    "practice_started_ms": 1750832503788,
    "practice_completed_ms": 1750832557639,
    "game_started_ms": 1750832557651,
    "first_label_ms": 1750832570528,
    "last_label_ms": 1750832791992,
    "game_completed_ms": 1750832794652,
    "summary_viewed_ms": 1750832794665,
    "email_submitted_ms": 1750832836405,
    "session_end_ms": 1750832836405,
    "last_updated_ms": 1750832836405
  },
  "duration_stats_ms": {
    "total_session_duration_ms": 332692,
    "practice_duration_ms": 53851,
    "game_duration_ms": 237001,
    "labeling_duration_ms": 221464,
    "email_submission_duration_ms": 41740
  },
  "filename_updated_unix": 1750832794,
  "original_filename": "user_c01377",
  "completion_status_in_filename": "email_submitted"
}