{
  "user_id": "user_1692ac",
  "file_name": "user_1692ac_1750069911_1750070814_fullycomplete",
  "unix_start_time": 1750069911,
  "unix_start_time_ms": 1750069911522,
  "unix_end_time": 1750070814,
  "unix_end_time_ms": 1750070814233,
  "age": "30-34",
  "gender": "male",
  "user_agent": "Mozilla/5.0 (Windows NT 10.0; Win64; x64) AppleWebKit/537.36 (KHTML, like Gecko) Chrome/137.0.0.0 Safari/537.36",
  "user_ip": "118.167.208.103",
  "status": "complete",
  "email_provided": "complete",
  "attention_passed": true,
  "start_time_readable": "2025-06-16 10:31:51.522",
  "end_time_readable": "2025-06-16 10:46:54.233",
  "total_labels": 52,
  "emotion_summary": {
    "anger": 8,
    "contempt": 27,
    "disgust": 7,
    "others": 10
  },
  "email": "ycleo_forgood@hotmail.com",
  "participation": "yes",
  "total_responses": 52,
  "responses": [
    {
      "image_path": "Black-guy-hiding-behind-tree/Black-guy-hiding-behind-tree_22.png",
      "label": "輕蔑",
      "response_time": "00:00:08.903",
      "timestamp_unix": 1750069994,
      "timestamp_unix_ms": 1750069994178,
      "timestamp_readable": "2025-06-16 10:33:14.178",
      "normalized_name": "Black-guy-hiding-behind-tree/Black-guy-hiding-behind-tree",
      "meme_name": "Black-guy-hiding-behind-tree",
      "post_id": 22,
      "english_label": "contempt",
      "response_time_ms": 8903
    },
    {
      "image_path": "Archer/Archer_16.png",
      "label": "其他",
      "response_time": "00:00:05.609",
      "timestamp_unix": 1750069999,
      "timestamp_unix_ms": 1750069999895,
      "timestamp_readable": "2025-06-16 10:33:19.895",
      "normalized_name": "Archer/Archer",
      "meme_name": "Archer",
      "post_id": 16,
      "english_label": "others",
      "response_time_ms": 5609
    },
    {
      "image_path": "Laughing-wolf/Laughing-wolf_8.png",
      "label": "輕蔑",
      "response_time": "00:00:08.510",
      "timestamp_unix": 1750070008,
      "timestamp_unix_ms": 1750070008553,
      "timestamp_readable": "2025-06-16 10:33:28.553",
      "normalized_name": "Laughing-wolf/Laughing-wolf",
      "meme_name": "Laughing-wolf",
      "post_id": 8,
      "english_label": "contempt",
      "response_time_ms": 8510
    },
    {
      "image_path": "Nuclear-Explosion/Nuclear-Explosion_35.png",
      "label": "輕蔑",
      "response_time": "00:00:11.200",
      "timestamp_unix": 1750070019,
      "timestamp_unix_ms": 1750070019887,
      "timestamp_readable": "2025-06-16 10:33:39.887",
      "normalized_name": "Nuclear-Explosion/Nuclear-Explosion",
      "meme_name": "Nuclear-Explosion",
      "post_id": 35,
      "english_label": "contempt",
      "response_time_ms": 11200
    },
    {
      "image_path": "Gru-Gun/Gru-Gun_29.png",
      "label": "輕蔑",
      "response_time": "00:00:08.101",
      "timestamp_unix": 1750070028,
      "timestamp_unix_ms": 1750070028070,
      "timestamp_readable": "2025-06-16 10:33:48.070",
      "normalized_name": "Gru-Gun/Gru-Gun",
      "meme_name": "Gru-Gun",
      "post_id": 29,
      "english_label": "contempt",
      "response_time_ms": 8101
    },
    {
      "image_path": "Math-ladyConfused-lady/Math-ladyConfused-lady_40.png",
      "label": "厭惡",
      "response_time": "00:00:15.207",
      "timestamp_unix": 1750070043,
      "timestamp_unix_ms": 1750070043346,
      "timestamp_readable": "2025-06-16 10:34:03.346",
      "normalized_name": "Math-ladyConfused-lady/Math-ladyConfused-lady",
      "meme_name": "Math-ladyConfused-lady",
      "post_id": 40,
      "english_label": "disgust",
      "response_time_ms": 15207
    },
    {
      "image_path": "Persian-Cat-Room-Guardian/Persian-Cat-Room-Guardian_17.png",
      "label": "憤怒",
      "response_time": "00:00:09.909",
      "timestamp_unix": 1750070053,
      "timestamp_unix_ms": 1750070053347,
      "timestamp_readable": "2025-06-16 10:34:13.347",
      "normalized_name": "Persian-Cat-Room-Guardian/Persian-Cat-Room-Guardian",
      "meme_name": "Persian-Cat-Room-Guardian",
      "post_id": 17,
      "english_label": "anger",
      "response_time_ms": 9909
    },
    {
      "image_path": "Afraid-To-Ask-Andy/Afraid-To-Ask-Andy_3.png",
      "label": "其他",
      "response_time": "00:00:16.906",
      "timestamp_unix": 1750070070,
      "timestamp_unix_ms": 1750070070314,
      "timestamp_readable": "2025-06-16 10:34:30.314",
      "normalized_name": "Afraid-To-Ask-Andy/Afraid-To-Ask-Andy",
      "meme_name": "Afraid-To-Ask-Andy",
      "post_id": 3,
      "english_label": "others",
      "response_time_ms": 16906
    },
    {
      "image_path": "Futurama-Fry/Futurama-Fry_32.png",
      "label": "其他",
      "response_time": "00:00:09.810",
      "timestamp_unix": 1750070080,
      "timestamp_unix_ms": 1750070080247,
      "timestamp_readable": "2025-06-16 10:34:40.247",
      "normalized_name": "Futurama-Fry/Futurama-Fry",
      "meme_name": "Futurama-Fry",
      "post_id": 32,
      "english_label": "others",
      "response_time_ms": 9810
    },
    {
      "image_path": "Always-you-three/Always-you-three_38.png",
      "label": "輕蔑",
      "response_time": "00:00:08.904",
      "timestamp_unix": 1750070089,
      "timestamp_unix_ms": 1750070089281,
      "timestamp_readable": "2025-06-16 10:34:49.281",
      "normalized_name": "Always-you-three/Always-you-three",
      "meme_name": "Always-you-three",
      "post_id": 38,
      "english_label": "contempt",
      "response_time_ms": 8904
    },
    {
      "image_path": "Well-Yes-But-Actually-No/Well-Yes-But-Actually-No_5.png",
      "label": "厭惡",
      "response_time": "00:00:21.304",
      "timestamp_unix": 1750070110,
      "timestamp_unix_ms": 1750070110698,
      "timestamp_readable": "2025-06-16 10:35:10.698",
      "normalized_name": "Well-Yes-But-Actually-No/Well-Yes-But-Actually-No",
      "meme_name": "Well-Yes-But-Actually-No",
      "post_id": 5,
      "english_label": "disgust",
      "response_time_ms": 21304
    },
    {
      "image_path": "You-The-Real-MVP/You-The-Real-MVP_7.png",
      "label": "輕蔑",
      "response_time": "00:00:07.209",
      "timestamp_unix": 1750070118,
      "timestamp_unix_ms": 1750070118016,
      "timestamp_readable": "2025-06-16 10:35:18.016",
      "normalized_name": "You-The-Real-MVP/You-The-Real-MVP",
      "meme_name": "You-The-Real-MVP",
      "post_id": 7,
      "english_label": "contempt",
      "response_time_ms": 7209
    },
    {
      "image_path": "Arthur-Fist/Arthur-Fist_18.png",
      "label": "厭惡",
      "response_time": "00:00:06.509",
      "timestamp_unix": 1750070124,
      "timestamp_unix_ms": 1750070124616,
      "timestamp_readable": "2025-06-16 10:35:24.616",
      "normalized_name": "Arthur-Fist/Arthur-Fist",
      "meme_name": "Arthur-Fist",
      "post_id": 18,
      "english_label": "disgust",
      "response_time_ms": 6509
    },
    {
      "image_path": "Hold-fart/Hold-fart_43.png",
      "label": "輕蔑",
      "response_time": "00:00:07.010",
      "timestamp_unix": 1750070131,
      "timestamp_unix_ms": 1750070131733,
      "timestamp_readable": "2025-06-16 10:35:31.733",
      "normalized_name": "Hold-fart/Hold-fart",
      "meme_name": "Hold-fart",
      "post_id": 43,
      "english_label": "contempt",
      "response_time_ms": 7010
    },
    {
      "image_path": "Mr-incredible-mad/Mr-incredible-mad_24.png",
      "label": "輕蔑",
      "response_time": "00:00:09.706",
      "timestamp_unix": 1750070141,
      "timestamp_unix_ms": 1750070141566,
      "timestamp_readable": "2025-06-16 10:35:41.566",
      "normalized_name": "Mr-incredible-mad/Mr-incredible-mad",
      "meme_name": "Mr-incredible-mad",
      "post_id": 24,
      "english_label": "contempt",
      "response_time_ms": 9706
    },
    {
      "image_path": "Put-It-Somewhere-Else-Patrick/Put-It-Somewhere-Else-Patrick_21.png",
      "label": "輕蔑",
      "response_time": "00:00:04.803",
      "timestamp_unix": 1750070146,
      "timestamp_unix_ms": 1750070146466,
      "timestamp_readable": "2025-06-16 10:35:46.466",
      "normalized_name": "Put-It-Somewhere-Else-Patrick/Put-It-Somewhere-Else-Patrick",
      "meme_name": "Put-It-Somewhere-Else-Patrick",
      "post_id": 21,
      "english_label": "contempt",
      "response_time_ms": 4803
    },
    {
      "image_path": "Dave-chappelle/Dave-chappelle_9.png",
      "label": "其他",
      "response_time": "00:00:07.009",
      "timestamp_unix": 1750070153,
      "timestamp_unix_ms": 1750070153516,
      "timestamp_readable": "2025-06-16 10:35:53.516",
      "normalized_name": "Dave-chappelle/Dave-chappelle",
      "meme_name": "Dave-chappelle",
      "post_id": 9,
      "english_label": "others",
      "response_time_ms": 7009
    },
    {
      "image_path": "Spongebob-Yelling/Spongebob-Yelling_33.png",
      "label": "輕蔑",
      "response_time": "00:00:04.510",
      "timestamp_unix": 1750070158,
      "timestamp_unix_ms": 1750070158066,
      "timestamp_readable": "2025-06-16 10:35:58.066",
      "normalized_name": "Spongebob-Yelling/Spongebob-Yelling",
      "meme_name": "Spongebob-Yelling",
      "post_id": 33,
      "english_label": "contempt",
      "response_time_ms": 4510
    },
    {
      "image_path": "Thats-a-paddlin/Thats-a-paddlin_10.png",
      "label": "輕蔑",
      "response_time": "00:00:04.311",
      "timestamp_unix": 1750070162,
      "timestamp_unix_ms": 1750070162500,
      "timestamp_readable": "2025-06-16 10:36:02.500",
      "normalized_name": "Thats-a-paddlin/Thats-a-paddlin",
      "meme_name": "Thats-a-paddlin",
      "post_id": 10,
      "english_label": "contempt",
      "response_time_ms": 4311
    },
    {
      "image_path": "DJ-Pauly-D/DJ-Pauly-D_20.png",
      "label": "輕蔑",
      "response_time": "00:00:04.010",
      "timestamp_unix": 1750070166,
      "timestamp_unix_ms": 1750070166583,
      "timestamp_readable": "2025-06-16 10:36:06.583",
      "normalized_name": "DJ-Pauly-D/DJ-Pauly-D",
      "meme_name": "DJ-Pauly-D",
      "post_id": 20,
      "english_label": "contempt",
      "response_time_ms": 4010
    },
    {
      "image_path": "attention_check/attention_check_Others.png",
      "label": "其他",
      "response_time": "00:00:03.309",
      "timestamp_unix": 1750070169,
      "timestamp_unix_ms": 1750070169967,
      "timestamp_readable": "2025-06-16 10:36:09.967",
      "normalized_name": "attention_check/attention_check_Others.png",
      "meme_name": "attention_check",
      "post_id": null,
      "english_label": "others",
      "response_time_ms": 3309
    },
    {
      "image_path": "Obi-Wan-Kenobi/Obi-Wan-Kenobi_47.png",
      "label": "其他",
      "response_time": "00:00:04.609",
      "timestamp_unix": 1750070174,
      "timestamp_unix_ms": 1750070174683,
      "timestamp_readable": "2025-06-16 10:36:14.683",
      "normalized_name": "Obi-Wan-Kenobi/Obi-Wan-Kenobi",
      "meme_name": "Obi-Wan-Kenobi",
      "post_id": 47,
      "english_label": "others",
      "response_time_ms": 4609
    },
    {
      "image_path": "Happy--Shock/Happy--Shock_1.png",
      "label": "輕蔑",
      "response_time": "00:00:07.205",
      "timestamp_unix": 1750070181,
      "timestamp_unix_ms": 1750070181950,
      "timestamp_readable": "2025-06-16 10:36:21.950",
      "normalized_name": "Happy--Shock/Happy--Shock",
      "meme_name": "Happy--Shock",
      "post_id": 1,
      "english_label": "contempt",
      "response_time_ms": 7205
    },
    {
      "image_path": "Kevin-Hart/Kevin-Hart_30.png",
      "label": "其他",
      "response_time": "00:00:06.409",
      "timestamp_unix": 1750070188,
      "timestamp_unix_ms": 1750070188417,
      "timestamp_readable": "2025-06-16 10:36:28.417",
      "normalized_name": "Kevin-Hart/Kevin-Hart",
      "meme_name": "Kevin-Hart",
      "post_id": 30,
      "english_label": "others",
      "response_time_ms": 6409
    },
    {
      "image_path": "Disappointed-Man/Disappointed-Man_15.png",
      "label": "憤怒",
      "response_time": "00:00:06.210",
      "timestamp_unix": 1750070194,
      "timestamp_unix_ms": 1750070194717,
      "timestamp_readable": "2025-06-16 10:36:34.717",
      "normalized_name": "Disappointed-Man/Disappointed-Man",
      "meme_name": "Disappointed-Man",
      "post_id": 15,
      "english_label": "anger",
      "response_time_ms": 6210
    },
    {
      "image_path": "Table-Flip-Guy/Table-Flip-Guy_14.png",
      "label": "憤怒",
      "response_time": "00:00:03.901",
      "timestamp_unix": 1750070198,
      "timestamp_unix_ms": 1750070198668,
      "timestamp_readable": "2025-06-16 10:36:38.668",
      "normalized_name": "Table-Flip-Guy/Table-Flip-Guy",
      "meme_name": "Table-Flip-Guy",
      "post_id": 14,
      "english_label": "anger",
      "response_time_ms": 3901
    },
    {
      "image_path": "Disaster-Girl/Disaster-Girl_50.png",
      "label": "輕蔑",
      "response_time": "00:00:06.407",
      "timestamp_unix": 1750070205,
      "timestamp_unix_ms": 1750070205134,
      "timestamp_readable": "2025-06-16 10:36:45.134",
      "normalized_name": "Disaster-Girl/Disaster-Girl",
      "meme_name": "Disaster-Girl",
      "post_id": 50,
      "english_label": "contempt",
      "response_time_ms": 6407
    },
    {
      "image_path": "Monkey-Puppet/Monkey-Puppet_31.png",
      "label": "其他",
      "response_time": "00:00:05.604",
      "timestamp_unix": 1750070210,
      "timestamp_unix_ms": 1750070210851,
      "timestamp_readable": "2025-06-16 10:36:50.851",
      "normalized_name": "Monkey-Puppet/Monkey-Puppet",
      "meme_name": "Monkey-Puppet",
      "post_id": 31,
      "english_label": "others",
      "response_time_ms": 5604
    },
    {
      "image_path": "Smudge-the-cat/Smudge-the-cat_42.png",
      "label": "輕蔑",
      "response_time": "00:00:12.008",
      "timestamp_unix": 1750070222,
      "timestamp_unix_ms": 1750070222968,
      "timestamp_readable": "2025-06-16 10:37:02.968",
      "normalized_name": "Smudge-the-cat/Smudge-the-cat",
      "meme_name": "Smudge-the-cat",
      "post_id": 42,
      "english_label": "contempt",
      "response_time_ms": 12008
    },
    {
      "image_path": "Surprised-Pikachu/Surprised-Pikachu_25.png",
      "label": "厭惡",
      "response_time": "00:02:20.314",
      "timestamp_unix": 1750070363,
      "timestamp_unix_ms": 1750070363368,
      "timestamp_readable": "2025-06-16 10:39:23.368",
      "normalized_name": "Surprised-Pikachu/Surprised-Pikachu",
      "meme_name": "Surprised-Pikachu",
      "post_id": 25,
      "english_label": "disgust",
      "response_time_ms": 140314
    },
    {
      "image_path": "Angry-Baby/Angry-Baby_2.png",
      "label": "憤怒",
      "response_time": "00:00:55.501",
      "timestamp_unix": 1750070418,
      "timestamp_unix_ms": 1750070418993,
      "timestamp_readable": "2025-06-16 10:40:18.993",
      "normalized_name": "Angry-Baby/Angry-Baby",
      "meme_name": "Angry-Baby",
      "post_id": 2,
      "english_label": "anger",
      "response_time_ms": 55501
    },
    {
      "image_path": "I-am-once-again-asking/I-am-once-again-asking_19.png",
      "label": "其他",
      "response_time": "00:00:04.007",
      "timestamp_unix": 1750070423,
      "timestamp_unix_ms": 1750070423058,
      "timestamp_readable": "2025-06-16 10:40:23.058",
      "normalized_name": "I-am-once-again-asking/I-am-once-again-asking",
      "meme_name": "I-am-once-again-asking",
      "post_id": 19,
      "english_label": "others",
      "response_time_ms": 4007
    },
    {
      "image_path": "Leonardo-Dicaprio-Wolf-Of-Wall-Street/Leonardo-Dicaprio-Wolf-Of-Wall-Street_23.png",
      "label": "輕蔑",
      "response_time": "00:00:08.310",
      "timestamp_unix": 1750070431,
      "timestamp_unix_ms": 1750070431475,
      "timestamp_readable": "2025-06-16 10:40:31.475",
      "normalized_name": "Leonardo-Dicaprio-Wolf-Of-Wall-Street/Leonardo-Dicaprio-Wolf-Of-Wall-Street",
      "meme_name": "Leonardo-Dicaprio-Wolf-Of-Wall-Street",
      "post_id": 23,
      "english_label": "contempt",
      "response_time_ms": 8310
    },
    {
      "image_path": "Khan/Khan_13.png",
      "label": "憤怒",
      "response_time": "00:00:03.201",
      "timestamp_unix": 1750070434,
      "timestamp_unix_ms": 1750070434741,
      "timestamp_readable": "2025-06-16 10:40:34.741",
      "normalized_name": "Khan/Khan",
      "meme_name": "Khan",
      "post_id": 13,
      "english_label": "anger",
      "response_time_ms": 3201
    },
    {
      "image_path": "Ill-Have-You-Know-Spongebob/Ill-Have-You-Know-Spongebob_46.png",
      "label": "輕蔑",
      "response_time": "00:00:10.202",
      "timestamp_unix": 1750070445,
      "timestamp_unix_ms": 1750070445075,
      "timestamp_readable": "2025-06-16 10:40:45.075",
      "normalized_name": "Ill-Have-You-Know-Spongebob/Ill-Have-You-Know-Spongebob",
      "meme_name": "Ill-Have-You-Know-Spongebob",
      "post_id": 46,
      "english_label": "contempt",
      "response_time_ms": 10202
    },
    {
      "image_path": "Hide-the-Pain-Harold/Hide-the-Pain-Harold_37.png",
      "label": "輕蔑",
      "response_time": "00:00:15.409",
      "timestamp_unix": 1750070460,
      "timestamp_unix_ms": 1750070460559,
      "timestamp_readable": "2025-06-16 10:41:00.559",
      "normalized_name": "Hide-the-Pain-Harold/Hide-the-Pain-Harold",
      "meme_name": "Hide-the-Pain-Harold",
      "post_id": 37,
      "english_label": "contempt",
      "response_time_ms": 15409
    },
    {
      "image_path": "Picard-Wtf/Picard-Wtf_11.png",
      "label": "輕蔑",
      "response_time": "00:00:05.100",
      "timestamp_unix": 1750070465,
      "timestamp_unix_ms": 1750070465793,
      "timestamp_readable": "2025-06-16 10:41:05.793",
      "normalized_name": "Picard-Wtf/Picard-Wtf",
      "meme_name": "Picard-Wtf",
      "post_id": 11,
      "english_label": "contempt",
      "response_time_ms": 5100
    },
    {
      "image_path": "Moe-throws-Barney/Moe-throws-Barney_4.png",
      "label": "輕蔑",
      "response_time": "00:00:57.801",
      "timestamp_unix": 1750070523,
      "timestamp_unix_ms": 1750070523711,
      "timestamp_readable": "2025-06-16 10:42:03.711",
      "normalized_name": "Moe-throws-Barney/Moe-throws-Barney",
      "meme_name": "Moe-throws-Barney",
      "post_id": 4,
      "english_label": "contempt",
      "response_time_ms": 57801
    },
    {
      "image_path": "Always-Has-Been/Always-Has-Been_39.png",
      "label": "憤怒",
      "response_time": "00:00:08.207",
      "timestamp_unix": 1750070532,
      "timestamp_unix_ms": 1750070532011,
      "timestamp_readable": "2025-06-16 10:42:12.011",
      "normalized_name": "Always-Has-Been/Always-Has-Been",
      "meme_name": "Always-Has-Been",
      "post_id": 39,
      "english_label": "anger",
      "response_time_ms": 8207
    },
    {
      "image_path": "Confused-Gandalf/Confused-Gandalf_45.png",
      "label": "其他",
      "response_time": "00:00:06.608",
      "timestamp_unix": 1750070538,
      "timestamp_unix_ms": 1750070538761,
      "timestamp_readable": "2025-06-16 10:42:18.761",
      "normalized_name": "Confused-Gandalf/Confused-Gandalf",
      "meme_name": "Confused-Gandalf",
      "post_id": 45,
      "english_label": "others",
      "response_time_ms": 6608
    },
    {
      "image_path": "Scooby-doo-mask-reveal/Scooby-doo-mask-reveal_36.png",
      "label": "輕蔑",
      "response_time": "00:00:05.303",
      "timestamp_unix": 1750070544,
      "timestamp_unix_ms": 1750070544194,
      "timestamp_readable": "2025-06-16 10:42:24.194",
      "normalized_name": "Scooby-doo-mask-reveal/Scooby-doo-mask-reveal",
      "meme_name": "Scooby-doo-mask-reveal",
      "post_id": 36,
      "english_label": "contempt",
      "response_time_ms": 5303
    },
    {
      "image_path": "For-the-better-right-blank/For-the-better-right-blank_48.png",
      "label": "輕蔑",
      "response_time": "00:00:04.212",
      "timestamp_unix": 1750070548,
      "timestamp_unix_ms": 1750070548544,
      "timestamp_readable": "2025-06-16 10:42:28.544",
      "normalized_name": "For-the-better-right-blank/For-the-better-right-blank",
      "meme_name": "For-the-better-right-blank",
      "post_id": 48,
      "english_label": "contempt",
      "response_time_ms": 4212
    },
    {
      "image_path": "Mocking-Spongebob/Mocking-Spongebob_41.png",
      "label": "輕蔑",
      "response_time": "00:00:05.709",
      "timestamp_unix": 1750070554,
      "timestamp_unix_ms": 1750070554346,
      "timestamp_readable": "2025-06-16 10:42:34.346",
      "normalized_name": "Mocking-Spongebob/Mocking-Spongebob",
      "meme_name": "Mocking-Spongebob",
      "post_id": 41,
      "english_label": "contempt",
      "response_time_ms": 5709
    },
    {
      "image_path": "Chill-guy/Chill-guy_28.png",
      "label": "輕蔑",
      "response_time": "00:00:07.308",
      "timestamp_unix": 1750070561,
      "timestamp_unix_ms": 1750070561779,
      "timestamp_readable": "2025-06-16 10:42:41.779",
      "normalized_name": "Chill-guy/Chill-guy",
      "meme_name": "Chill-guy",
      "post_id": 28,
      "english_label": "contempt",
      "response_time_ms": 7308
    },
    {
      "image_path": "attention_check/attention_check_Anger.png",
      "label": "憤怒",
      "response_time": "00:00:02.907",
      "timestamp_unix": 1750070564,
      "timestamp_unix_ms": 1750070564728,
      "timestamp_readable": "2025-06-16 10:42:44.728",
      "normalized_name": "attention_check/attention_check_Anger.png",
      "meme_name": "attention_check",
      "post_id": null,
      "english_label": "anger",
      "response_time_ms": 2907
    },
    {
      "image_path": "Batman-Slapping-Robin/Batman-Slapping-Robin_49.png",
      "label": "厭惡",
      "response_time": "00:00:09.507",
      "timestamp_unix": 1750070574,
      "timestamp_unix_ms": 1750070574328,
      "timestamp_readable": "2025-06-16 10:42:54.328",
      "normalized_name": "Batman-Slapping-Robin/Batman-Slapping-Robin",
      "meme_name": "Batman-Slapping-Robin",
      "post_id": 49,
      "english_label": "disgust",
      "response_time_ms": 9507
    },
    {
      "image_path": "Spiderman-Hospital/Spiderman-Hospital_26.png",
      "label": "輕蔑",
      "response_time": "00:02:43.303",
      "timestamp_unix": 1750070737,
      "timestamp_unix_ms": 1750070737900,
      "timestamp_readable": "2025-06-16 10:45:37.900",
      "normalized_name": "Spiderman-Hospital/Spiderman-Hospital",
      "meme_name": "Spiderman-Hospital",
      "post_id": 26,
      "english_label": "contempt",
      "response_time_ms": 163303
    },
    {
      "image_path": "Mr-McMahon-reaction/Mr-McMahon-reaction_6.png",
      "label": "憤怒",
      "response_time": "00:00:06.106",
      "timestamp_unix": 1750070744,
      "timestamp_unix_ms": 1750070744092,
      "timestamp_readable": "2025-06-16 10:45:44.092",
      "normalized_name": "Mr-McMahon-reaction/Mr-McMahon-reaction",
      "meme_name": "Mr-McMahon-reaction",
      "post_id": 6,
      "english_label": "anger",
      "response_time_ms": 6106
    },
    {
      "image_path": "Charlie-Day/Charlie-Day_27.png",
      "label": "厭惡",
      "response_time": "00:00:25.012",
      "timestamp_unix": 1750070769,
      "timestamp_unix_ms": 1750070769219,
      "timestamp_readable": "2025-06-16 10:46:09.219",
      "normalized_name": "Charlie-Day/Charlie-Day",
      "meme_name": "Charlie-Day",
      "post_id": 27,
      "english_label": "disgust",
      "response_time_ms": 25012
    },
    {
      "image_path": "Drake-NoYes/Drake-NoYes_34.png",
      "label": "輕蔑",
      "response_time": "00:00:05.402",
      "timestamp_unix": 1750070774,
      "timestamp_unix_ms": 1750070774718,
      "timestamp_readable": "2025-06-16 10:46:14.719",
      "normalized_name": "Drake-NoYes/Drake-NoYes",
      "meme_name": "Drake-NoYes",
      "post_id": 34,
      "english_label": "contempt",
      "response_time_ms": 5402
    },
    {
      "image_path": "Im-The-Captain-Now/Im-The-Captain-Now_12.png",
      "label": "輕蔑",
      "response_time": "00:00:06.908",
      "timestamp_unix": 1750070781,
      "timestamp_unix_ms": 1750070781719,
      "timestamp_readable": "2025-06-16 10:46:21.719",
      "normalized_name": "Im-The-Captain-Now/Im-The-Captain-Now",
      "meme_name": "Im-The-Captain-Now",
      "post_id": 12,
      "english_label": "contempt",
      "response_time_ms": 6908
    },
    {
      "image_path": "Dinkleberg/Dinkleberg_44.png",
      "label": "厭惡",
      "response_time": "00:00:07.107",
      "timestamp_unix": 1750070788,
      "timestamp_unix_ms": 1750070788952,
      "timestamp_readable": "2025-06-16 10:46:28.952",
      "normalized_name": "Dinkleberg/Dinkleberg",
      "meme_name": "Dinkleberg",
      "post_id": 44,
      "english_label": "disgust",
      "response_time_ms": 7107
    }
  ],
  "session_start_unix": 1750069911,
  "session_status": "completed",
  "last_updated_unix": 1750070814,
  "image_order": [
    "Spiderman-Hospital/Spiderman-Hospital_26.png",
    "Happy--Shock/Happy--Shock_1.png",
    "Chill-guy/Chill-guy_28.png",
    "I-am-once-again-asking/I-am-once-again-asking_19.png",
    "Math-ladyConfused-lady/Math-ladyConfused-lady_40.png",
    "Archer/Archer_16.png",
    "Leonardo-Dicaprio-Wolf-Of-Wall-Street/Leonardo-Dicaprio-Wolf-Of-Wall-Street_23.png",
    "Mocking-Spongebob/Mocking-Spongebob_41.png",
    "Afraid-To-Ask-Andy/Afraid-To-Ask-Andy_3.png",
    "Charlie-Day/Charlie-Day_27.png",
    "Always-Has-Been/Always-Has-Been_39.png",
    "Picard-Wtf/Picard-Wtf_11.png",
    "Batman-Slapping-Robin/Batman-Slapping-Robin_49.png",
    "For-the-better-right-blank/For-the-better-right-blank_48.png",
    "Drake-NoYes/Drake-NoYes_34.png",
    "Laughing-wolf/Laughing-wolf_8.png",
    "DJ-Pauly-D/DJ-Pauly-D_20.png",
    "Always-you-three/Always-you-three_38.png",
    "Disappointed-Man/Disappointed-Man_15.png",
    "Smudge-the-cat/Smudge-the-cat_42.png",
    "attention_check/attention_check_Others.png",
    "Thats-a-paddlin/Thats-a-paddlin_10.png",
    "Hide-the-Pain-Harold/Hide-the-Pain-Harold_37.png",
    "Hold-fart/Hold-fart_43.png",
    "Im-The-Captain-Now/Im-The-Captain-Now_12.png",
    "Obi-Wan-Kenobi/Obi-Wan-Kenobi_47.png",
    "Spongebob-Yelling/Spongebob-Yelling_33.png",
    "Nuclear-Explosion/Nuclear-Explosion_35.png",
    "Dinkleberg/Dinkleberg_44.png",
    "Scooby-doo-mask-reveal/Scooby-doo-mask-reveal_36.png",
    "Disaster-Girl/Disaster-Girl_50.png",
    "Black-guy-hiding-behind-tree/Black-guy-hiding-behind-tree_22.png",
    "You-The-Real-MVP/You-The-Real-MVP_7.png",
    "Moe-throws-Barney/Moe-throws-Barney_4.png",
    "Ill-Have-You-Know-Spongebob/Ill-Have-You-Know-Spongebob_46.png",
    "Futurama-Fry/Futurama-Fry_32.png",
    "Monkey-Puppet/Monkey-Puppet_31.png",
    "Confused-Gandalf/Confused-Gandalf_45.png",
    "Mr-incredible-mad/Mr-incredible-mad_24.png",
    "Dave-chappelle/Dave-chappelle_9.png",
    "Surprised-Pikachu/Surprised-Pikachu_25.png",
    "Table-Flip-Guy/Table-Flip-Guy_14.png",
    "Kevin-Hart/Kevin-Hart_30.png",
    "Well-Yes-But-Actually-No/Well-Yes-But-Actually-No_5.png",
    "attention_check/attention_check_Anger.png",
    "Mr-McMahon-reaction/Mr-McMahon-reaction_6.png",
    "Gru-Gun/Gru-Gun_29.png",
    "Persian-Cat-Room-Guardian/Persian-Cat-Room-Guardian_17.png",
    "Put-It-Somewhere-Else-Patrick/Put-It-Somewhere-Else-Patrick_21.png",
    "Angry-Baby/Angry-Baby_2.png",
    "Arthur-Fist/Arthur-Fist_18.png",
    "Khan/Khan_13.png"
  ],
  "completion_status": {
    "practice_completed": true,
    "game_started": true,
    "game_completed": true,
    "summary_viewed": true,
    "email_submitted": true
  },
  "timestamps_unix": {
    "registration_completed": 1750069911,
    "practice_started": 1750069911,
    "practice_completed": 1750069985,
    "game_started": 1750069985,
    "first_label": 1750069994,
    "last_label": 1750070788,
    "game_completed": 1750070791,
    "summary_viewed": 1750070791,
    "email_submitted": 1750070814,
    "session_end": 1750070814,
    "last_updated": 1750070814
  },
  "timestamps_unix_ms": {
    "registration_completed_ms": 1750069911522,
    "practice_started_ms": 1750069911578,
    "practice_completed_ms": 1750069985069,
    "game_started_ms": 1750069985093,
    "first_label_ms": 1750069994178,
    "last_label_ms": 1750070788952,
    "game_completed_ms": 1750070791296,
    "summary_viewed_ms": 1750070791319,
    "email_submitted_ms": 1750070814210,
    "session_end_ms": 1750070814210,
    "last_updated_ms": 1750070814210
  },
  "duration_stats_ms": {
    "total_session_duration_ms": 902688,
    "practice_duration_ms": 73491,
    "game_duration_ms": 806203,
    "labeling_duration_ms": 794774,
    "email_submission_duration_ms": 22891
  },
  "filename_updated_unix": 1750070791,
  "original_filename": "user_1692ac",
  "completion_status_in_filename": "email_submitted"
}