{
  "user_id": "user_d2662b",
  "file_name": "user_d2662b_1750737296_1750737601_fullycomplete",
  "unix_start_time": 1750737296,
  "unix_start_time_ms": 1750737296353,
  "unix_end_time": 1750737601,
  "unix_end_time_ms": 1750737601081,
  "age": "18-24",
  "gender": "female",
  "user_agent": "Mozilla/5.0 (Windows NT 10.0; Win64; x64) AppleWebKit/537.36 (KHTML, like Gecko) Chrome/137.0.0.0 Safari/537.36",
  "user_ip": "39.9.75.153",
  "status": "complete",
  "email_provided": "complete",
  "attention_passed": true,
  "start_time_readable": "2025-06-24 03:54:56.353",
  "end_time_readable": "2025-06-24 04:00:01.081",
  "total_labels": 52,
  "emotion_summary": {
    "anger": 17,
    "contempt": 23,
    "disgust": 5,
    "others": 7
  },
  "email": "0214yuchen@gmail.com",
  "participation": "no",
  "total_responses": 52,
  "responses": [
    {
      "image_path": "Charlie-Day/Charlie-Day_12.png",
      "label": "憤怒",
      "response_time": "00:00:06.109",
      "timestamp_unix": 1750737349,
      "timestamp_unix_ms": 1750737349066,
      "timestamp_readable": "2025-06-24 03:55:49.066",
      "normalized_name": "Charlie-Day/Charlie-Day",
      "meme_name": "Charlie-Day",
      "post_id": 12,
      "english_label": "anger",
      "response_time_ms": 6109
    },
    {
      "image_path": "Surprised-Pikachu/Surprised-Pikachu_46.png",
      "label": "其他",
      "response_time": "00:00:05.903",
      "timestamp_unix": 1750737355,
      "timestamp_unix_ms": 1750737355153,
      "timestamp_readable": "2025-06-24 03:55:55.153",
      "normalized_name": "Surprised-Pikachu/Surprised-Pikachu",
      "meme_name": "Surprised-Pikachu",
      "post_id": 46,
      "english_label": "others",
      "response_time_ms": 5903
    },
    {
      "image_path": "Ill-Have-You-Know-Spongebob/Ill-Have-You-Know-Spongebob_38.png",
      "label": "輕蔑",
      "response_time": "00:00:03.303",
      "timestamp_unix": 1750737358,
      "timestamp_unix_ms": 1750737358556,
      "timestamp_readable": "2025-06-24 03:55:58.556",
      "normalized_name": "Ill-Have-You-Know-Spongebob/Ill-Have-You-Know-Spongebob",
      "meme_name": "Ill-Have-You-Know-Spongebob",
      "post_id": 38,
      "english_label": "contempt",
      "response_time_ms": 3303
    },
    {
      "image_path": "Thats-a-paddlin/Thats-a-paddlin_16.png",
      "label": "厭惡",
      "response_time": "00:00:08.803",
      "timestamp_unix": 1750737367,
      "timestamp_unix_ms": 1750737367557,
      "timestamp_readable": "2025-06-24 03:56:07.557",
      "normalized_name": "Thats-a-paddlin/Thats-a-paddlin",
      "meme_name": "Thats-a-paddlin",
      "post_id": 16,
      "english_label": "disgust",
      "response_time_ms": 8803
    },
    {
      "image_path": "Spongebob-Yelling/Spongebob-Yelling_2.png",
      "label": "憤怒",
      "response_time": "00:00:03.411",
      "timestamp_unix": 1750737371,
      "timestamp_unix_ms": 1750737371077,
      "timestamp_readable": "2025-06-24 03:56:11.077",
      "normalized_name": "Spongebob-Yelling/Spongebob-Yelling",
      "meme_name": "Spongebob-Yelling",
      "post_id": 2,
      "english_label": "anger",
      "response_time_ms": 3411
    },
    {
      "image_path": "Dinkleberg/Dinkleberg_34.png",
      "label": "輕蔑",
      "response_time": "00:00:02.810",
      "timestamp_unix": 1750737373,
      "timestamp_unix_ms": 1750737373995,
      "timestamp_readable": "2025-06-24 03:56:13.995",
      "normalized_name": "Dinkleberg/Dinkleberg",
      "meme_name": "Dinkleberg",
      "post_id": 34,
      "english_label": "contempt",
      "response_time_ms": 2810
    },
    {
      "image_path": "Hide-the-Pain-Harold/Hide-the-Pain-Harold_9.png",
      "label": "其他",
      "response_time": "00:00:04.102",
      "timestamp_unix": 1750737378,
      "timestamp_unix_ms": 1750737378324,
      "timestamp_readable": "2025-06-24 03:56:18.324",
      "normalized_name": "Hide-the-Pain-Harold/Hide-the-Pain-Harold",
      "meme_name": "Hide-the-Pain-Harold",
      "post_id": 9,
      "english_label": "others",
      "response_time_ms": 4102
    },
    {
      "image_path": "Always-Has-Been/Always-Has-Been_27.png",
      "label": "輕蔑",
      "response_time": "00:00:06.513",
      "timestamp_unix": 1750737384,
      "timestamp_unix_ms": 1750737384933,
      "timestamp_readable": "2025-06-24 03:56:24.933",
      "normalized_name": "Always-Has-Been/Always-Has-Been",
      "meme_name": "Always-Has-Been",
      "post_id": 27,
      "english_label": "contempt",
      "response_time_ms": 6513
    },
    {
      "image_path": "Batman-Slapping-Robin/Batman-Slapping-Robin_28.png",
      "label": "輕蔑",
      "response_time": "00:00:02.603",
      "timestamp_unix": 1750737387,
      "timestamp_unix_ms": 1750737387700,
      "timestamp_readable": "2025-06-24 03:56:27.700",
      "normalized_name": "Batman-Slapping-Robin/Batman-Slapping-Robin",
      "meme_name": "Batman-Slapping-Robin",
      "post_id": 28,
      "english_label": "contempt",
      "response_time_ms": 2603
    },
    {
      "image_path": "Gru-Gun/Gru-Gun_8.png",
      "label": "厭惡",
      "response_time": "00:00:03.605",
      "timestamp_unix": 1750737391,
      "timestamp_unix_ms": 1750737391416,
      "timestamp_readable": "2025-06-24 03:56:31.416",
      "normalized_name": "Gru-Gun/Gru-Gun",
      "meme_name": "Gru-Gun",
      "post_id": 8,
      "english_label": "disgust",
      "response_time_ms": 3605
    },
    {
      "image_path": "Mr-McMahon-reaction/Mr-McMahon-reaction_32.png",
      "label": "其他",
      "response_time": "00:00:05.303",
      "timestamp_unix": 1750737396,
      "timestamp_unix_ms": 1750737396886,
      "timestamp_readable": "2025-06-24 03:56:36.886",
      "normalized_name": "Mr-McMahon-reaction/Mr-McMahon-reaction",
      "meme_name": "Mr-McMahon-reaction",
      "post_id": 32,
      "english_label": "others",
      "response_time_ms": 5303
    },
    {
      "image_path": "Table-Flip-Guy/Table-Flip-Guy_49.png",
      "label": "憤怒",
      "response_time": "00:00:05.210",
      "timestamp_unix": 1750737402,
      "timestamp_unix_ms": 1750737402268,
      "timestamp_readable": "2025-06-24 03:56:42.268",
      "normalized_name": "Table-Flip-Guy/Table-Flip-Guy",
      "meme_name": "Table-Flip-Guy",
      "post_id": 49,
      "english_label": "anger",
      "response_time_ms": 5210
    },
    {
      "image_path": "Afraid-To-Ask-Andy/Afraid-To-Ask-Andy_39.png",
      "label": "輕蔑",
      "response_time": "00:00:02.801",
      "timestamp_unix": 1750737405,
      "timestamp_unix_ms": 1750737405239,
      "timestamp_readable": "2025-06-24 03:56:45.239",
      "normalized_name": "Afraid-To-Ask-Andy/Afraid-To-Ask-Andy",
      "meme_name": "Afraid-To-Ask-Andy",
      "post_id": 39,
      "english_label": "contempt",
      "response_time_ms": 2801
    },
    {
      "image_path": "Math-ladyConfused-lady/Math-ladyConfused-lady_45.png",
      "label": "其他",
      "response_time": "00:00:04.701",
      "timestamp_unix": 1750737410,
      "timestamp_unix_ms": 1750737410060,
      "timestamp_readable": "2025-06-24 03:56:50.060",
      "normalized_name": "Math-ladyConfused-lady/Math-ladyConfused-lady",
      "meme_name": "Math-ladyConfused-lady",
      "post_id": 45,
      "english_label": "others",
      "response_time_ms": 4701
    },
    {
      "image_path": "Persian-Cat-Room-Guardian/Persian-Cat-Room-Guardian_4.png",
      "label": "憤怒",
      "response_time": "00:00:27.110",
      "timestamp_unix": 1750737437,
      "timestamp_unix_ms": 1750737437318,
      "timestamp_readable": "2025-06-24 03:57:17.318",
      "normalized_name": "Persian-Cat-Room-Guardian/Persian-Cat-Room-Guardian",
      "meme_name": "Persian-Cat-Room-Guardian",
      "post_id": 4,
      "english_label": "anger",
      "response_time_ms": 27110
    },
    {
      "image_path": "For-the-better-right-blank/For-the-better-right-blank_18.png",
      "label": "輕蔑",
      "response_time": "00:00:05.503",
      "timestamp_unix": 1750737442,
      "timestamp_unix_ms": 1750737442976,
      "timestamp_readable": "2025-06-24 03:57:22.976",
      "normalized_name": "For-the-better-right-blank/For-the-better-right-blank",
      "meme_name": "For-the-better-right-blank",
      "post_id": 18,
      "english_label": "contempt",
      "response_time_ms": 5503
    },
    {
      "image_path": "Arthur-Fist/Arthur-Fist_29.png",
      "label": "憤怒",
      "response_time": "00:00:03.210",
      "timestamp_unix": 1750737446,
      "timestamp_unix_ms": 1750737446393,
      "timestamp_readable": "2025-06-24 03:57:26.393",
      "normalized_name": "Arthur-Fist/Arthur-Fist",
      "meme_name": "Arthur-Fist",
      "post_id": 29,
      "english_label": "anger",
      "response_time_ms": 3210
    },
    {
      "image_path": "Hold-fart/Hold-fart_42.png",
      "label": "憤怒",
      "response_time": "00:00:03.609",
      "timestamp_unix": 1750737450,
      "timestamp_unix_ms": 1750737450153,
      "timestamp_readable": "2025-06-24 03:57:30.153",
      "normalized_name": "Hold-fart/Hold-fart",
      "meme_name": "Hold-fart",
      "post_id": 42,
      "english_label": "anger",
      "response_time_ms": 3609
    },
    {
      "image_path": "Dave-chappelle/Dave-chappelle_19.png",
      "label": "輕蔑",
      "response_time": "00:00:03.302",
      "timestamp_unix": 1750737453,
      "timestamp_unix_ms": 1750737453638,
      "timestamp_readable": "2025-06-24 03:57:33.638",
      "normalized_name": "Dave-chappelle/Dave-chappelle",
      "meme_name": "Dave-chappelle",
      "post_id": 19,
      "english_label": "contempt",
      "response_time_ms": 3302
    },
    {
      "image_path": "Laughing-wolf/Laughing-wolf_15.png",
      "label": "輕蔑",
      "response_time": "00:00:02.803",
      "timestamp_unix": 1750737456,
      "timestamp_unix_ms": 1750737456615,
      "timestamp_readable": "2025-06-24 03:57:36.615",
      "normalized_name": "Laughing-wolf/Laughing-wolf",
      "meme_name": "Laughing-wolf",
      "post_id": 15,
      "english_label": "contempt",
      "response_time_ms": 2803
    },
    {
      "image_path": "Mr-incredible-mad/Mr-incredible-mad_22.png",
      "label": "憤怒",
      "response_time": "00:00:02.301",
      "timestamp_unix": 1750737459,
      "timestamp_unix_ms": 1750737459107,
      "timestamp_readable": "2025-06-24 03:57:39.107",
      "normalized_name": "Mr-incredible-mad/Mr-incredible-mad",
      "meme_name": "Mr-incredible-mad",
      "post_id": 22,
      "english_label": "anger",
      "response_time_ms": 2301
    },
    {
      "image_path": "Monkey-Puppet/Monkey-Puppet_40.png",
      "label": "厭惡",
      "response_time": "00:00:05.502",
      "timestamp_unix": 1750737464,
      "timestamp_unix_ms": 1750737464793,
      "timestamp_readable": "2025-06-24 03:57:44.793",
      "normalized_name": "Monkey-Puppet/Monkey-Puppet",
      "meme_name": "Monkey-Puppet",
      "post_id": 40,
      "english_label": "disgust",
      "response_time_ms": 5502
    },
    {
      "image_path": "attention_check/attention_check_Others.png",
      "label": "其他",
      "response_time": "00:00:03.913",
      "timestamp_unix": 1750737468,
      "timestamp_unix_ms": 1750737468906,
      "timestamp_readable": "2025-06-24 03:57:48.906",
      "normalized_name": "attention_check/attention_check_Others.png",
      "meme_name": "attention_check",
      "post_id": null,
      "english_label": "others",
      "response_time_ms": 3913
    },
    {
      "image_path": "Black-guy-hiding-behind-tree/Black-guy-hiding-behind-tree_24.png",
      "label": "輕蔑",
      "response_time": "00:00:07.801",
      "timestamp_unix": 1750737476,
      "timestamp_unix_ms": 1750737476842,
      "timestamp_readable": "2025-06-24 03:57:56.842",
      "normalized_name": "Black-guy-hiding-behind-tree/Black-guy-hiding-behind-tree",
      "meme_name": "Black-guy-hiding-behind-tree",
      "post_id": 24,
      "english_label": "contempt",
      "response_time_ms": 7801
    },
    {
      "image_path": "Picard-Wtf/Picard-Wtf_31.png",
      "label": "憤怒",
      "response_time": "00:00:03.109",
      "timestamp_unix": 1750737480,
      "timestamp_unix_ms": 1750737480088,
      "timestamp_readable": "2025-06-24 03:58:00.088",
      "normalized_name": "Picard-Wtf/Picard-Wtf",
      "meme_name": "Picard-Wtf",
      "post_id": 31,
      "english_label": "anger",
      "response_time_ms": 3109
    },
    {
      "image_path": "Leonardo-Dicaprio-Wolf-Of-Wall-Street/Leonardo-Dicaprio-Wolf-Of-Wall-Street_41.png",
      "label": "輕蔑",
      "response_time": "00:00:02.001",
      "timestamp_unix": 1750737482,
      "timestamp_unix_ms": 1750737482239,
      "timestamp_readable": "2025-06-24 03:58:02.239",
      "normalized_name": "Leonardo-Dicaprio-Wolf-Of-Wall-Street/Leonardo-Dicaprio-Wolf-Of-Wall-Street",
      "meme_name": "Leonardo-Dicaprio-Wolf-Of-Wall-Street",
      "post_id": 41,
      "english_label": "contempt",
      "response_time_ms": 2001
    },
    {
      "image_path": "Put-It-Somewhere-Else-Patrick/Put-It-Somewhere-Else-Patrick_48.png",
      "label": "厭惡",
      "response_time": "00:00:04.601",
      "timestamp_unix": 1750737487,
      "timestamp_unix_ms": 1750737487034,
      "timestamp_readable": "2025-06-24 03:58:07.034",
      "normalized_name": "Put-It-Somewhere-Else-Patrick/Put-It-Somewhere-Else-Patrick",
      "meme_name": "Put-It-Somewhere-Else-Patrick",
      "post_id": 48,
      "english_label": "disgust",
      "response_time_ms": 4601
    },
    {
      "image_path": "Moe-throws-Barney/Moe-throws-Barney_23.png",
      "label": "憤怒",
      "response_time": "00:00:03.609",
      "timestamp_unix": 1750737490,
      "timestamp_unix_ms": 1750737490775,
      "timestamp_readable": "2025-06-24 03:58:10.775",
      "normalized_name": "Moe-throws-Barney/Moe-throws-Barney",
      "meme_name": "Moe-throws-Barney",
      "post_id": 23,
      "english_label": "anger",
      "response_time_ms": 3609
    },
    {
      "image_path": "Confused-Gandalf/Confused-Gandalf_5.png",
      "label": "輕蔑",
      "response_time": "00:00:02.813",
      "timestamp_unix": 1750737493,
      "timestamp_unix_ms": 1750737493738,
      "timestamp_readable": "2025-06-24 03:58:13.738",
      "normalized_name": "Confused-Gandalf/Confused-Gandalf",
      "meme_name": "Confused-Gandalf",
      "post_id": 5,
      "english_label": "contempt",
      "response_time_ms": 2813
    },
    {
      "image_path": "Nuclear-Explosion/Nuclear-Explosion_3.png",
      "label": "憤怒",
      "response_time": "00:00:03.103",
      "timestamp_unix": 1750737497,
      "timestamp_unix_ms": 1750737497023,
      "timestamp_readable": "2025-06-24 03:58:17.023",
      "normalized_name": "Nuclear-Explosion/Nuclear-Explosion",
      "meme_name": "Nuclear-Explosion",
      "post_id": 3,
      "english_label": "anger",
      "response_time_ms": 3103
    },
    {
      "image_path": "Khan/Khan_20.png",
      "label": "憤怒",
      "response_time": "00:00:01.609",
      "timestamp_unix": 1750737498,
      "timestamp_unix_ms": 1750737498819,
      "timestamp_readable": "2025-06-24 03:58:18.819",
      "normalized_name": "Khan/Khan",
      "meme_name": "Khan",
      "post_id": 20,
      "english_label": "anger",
      "response_time_ms": 1609
    },
    {
      "image_path": "Futurama-Fry/Futurama-Fry_43.png",
      "label": "輕蔑",
      "response_time": "00:00:01.504",
      "timestamp_unix": 1750737500,
      "timestamp_unix_ms": 1750737500485,
      "timestamp_readable": "2025-06-24 03:58:20.485",
      "normalized_name": "Futurama-Fry/Futurama-Fry",
      "meme_name": "Futurama-Fry",
      "post_id": 43,
      "english_label": "contempt",
      "response_time_ms": 1504
    },
    {
      "image_path": "Drake-NoYes/Drake-NoYes_37.png",
      "label": "輕蔑",
      "response_time": "00:00:12.305",
      "timestamp_unix": 1750737512,
      "timestamp_unix_ms": 1750737512992,
      "timestamp_readable": "2025-06-24 03:58:32.992",
      "normalized_name": "Drake-NoYes/Drake-NoYes",
      "meme_name": "Drake-NoYes",
      "post_id": 37,
      "english_label": "contempt",
      "response_time_ms": 12305
    },
    {
      "image_path": "Disaster-Girl/Disaster-Girl_11.png",
      "label": "輕蔑",
      "response_time": "00:00:02.601",
      "timestamp_unix": 1750737515,
      "timestamp_unix_ms": 1750737515810,
      "timestamp_readable": "2025-06-24 03:58:35.810",
      "normalized_name": "Disaster-Girl/Disaster-Girl",
      "meme_name": "Disaster-Girl",
      "post_id": 11,
      "english_label": "contempt",
      "response_time_ms": 2601
    },
    {
      "image_path": "Im-The-Captain-Now/Im-The-Captain-Now_1.png",
      "label": "憤怒",
      "response_time": "00:00:03.910",
      "timestamp_unix": 1750737519,
      "timestamp_unix_ms": 1750737519858,
      "timestamp_readable": "2025-06-24 03:58:39.858",
      "normalized_name": "Im-The-Captain-Now/Im-The-Captain-Now",
      "meme_name": "Im-The-Captain-Now",
      "post_id": 1,
      "english_label": "anger",
      "response_time_ms": 3910
    },
    {
      "image_path": "Well-Yes-But-Actually-No/Well-Yes-But-Actually-No_6.png",
      "label": "輕蔑",
      "response_time": "00:00:02.814",
      "timestamp_unix": 1750737522,
      "timestamp_unix_ms": 1750737522765,
      "timestamp_readable": "2025-06-24 03:58:42.765",
      "normalized_name": "Well-Yes-But-Actually-No/Well-Yes-But-Actually-No",
      "meme_name": "Well-Yes-But-Actually-No",
      "post_id": 6,
      "english_label": "contempt",
      "response_time_ms": 2814
    },
    {
      "image_path": "Kevin-Hart/Kevin-Hart_21.png",
      "label": "輕蔑",
      "response_time": "00:00:01.704",
      "timestamp_unix": 1750737524,
      "timestamp_unix_ms": 1750737524661,
      "timestamp_readable": "2025-06-24 03:58:44.661",
      "normalized_name": "Kevin-Hart/Kevin-Hart",
      "meme_name": "Kevin-Hart",
      "post_id": 21,
      "english_label": "contempt",
      "response_time_ms": 1704
    },
    {
      "image_path": "Spiderman-Hospital/Spiderman-Hospital_33.png",
      "label": "輕蔑",
      "response_time": "00:00:03.710",
      "timestamp_unix": 1750737528,
      "timestamp_unix_ms": 1750737528529,
      "timestamp_readable": "2025-06-24 03:58:48.529",
      "normalized_name": "Spiderman-Hospital/Spiderman-Hospital",
      "meme_name": "Spiderman-Hospital",
      "post_id": 33,
      "english_label": "contempt",
      "response_time_ms": 3710
    },
    {
      "image_path": "Always-you-three/Always-you-three_25.png",
      "label": "其他",
      "response_time": "00:00:03.010",
      "timestamp_unix": 1750737531,
      "timestamp_unix_ms": 1750737531706,
      "timestamp_readable": "2025-06-24 03:58:51.706",
      "normalized_name": "Always-you-three/Always-you-three",
      "meme_name": "Always-you-three",
      "post_id": 25,
      "english_label": "others",
      "response_time_ms": 3010
    },
    {
      "image_path": "DJ-Pauly-D/DJ-Pauly-D_13.png",
      "label": "憤怒",
      "response_time": "00:00:01.906",
      "timestamp_unix": 1750737533,
      "timestamp_unix_ms": 1750737533728,
      "timestamp_readable": "2025-06-24 03:58:53.728",
      "normalized_name": "DJ-Pauly-D/DJ-Pauly-D",
      "meme_name": "DJ-Pauly-D",
      "post_id": 13,
      "english_label": "anger",
      "response_time_ms": 1906
    },
    {
      "image_path": "Scooby-doo-mask-reveal/Scooby-doo-mask-reveal_47.png",
      "label": "輕蔑",
      "response_time": "00:00:03.805",
      "timestamp_unix": 1750737537,
      "timestamp_unix_ms": 1750737537651,
      "timestamp_readable": "2025-06-24 03:58:57.651",
      "normalized_name": "Scooby-doo-mask-reveal/Scooby-doo-mask-reveal",
      "meme_name": "Scooby-doo-mask-reveal",
      "post_id": 47,
      "english_label": "contempt",
      "response_time_ms": 3805
    },
    {
      "image_path": "Obi-Wan-Kenobi/Obi-Wan-Kenobi_26.png",
      "label": "輕蔑",
      "response_time": "00:00:01.604",
      "timestamp_unix": 1750737539,
      "timestamp_unix_ms": 1750737539364,
      "timestamp_readable": "2025-06-24 03:58:59.364",
      "normalized_name": "Obi-Wan-Kenobi/Obi-Wan-Kenobi",
      "meme_name": "Obi-Wan-Kenobi",
      "post_id": 26,
      "english_label": "contempt",
      "response_time_ms": 1604
    },
    {
      "image_path": "You-The-Real-MVP/You-The-Real-MVP_30.png",
      "label": "其他",
      "response_time": "00:00:06.302",
      "timestamp_unix": 1750737545,
      "timestamp_unix_ms": 1750737545872,
      "timestamp_readable": "2025-06-24 03:59:05.872",
      "normalized_name": "You-The-Real-MVP/You-The-Real-MVP",
      "meme_name": "You-The-Real-MVP",
      "post_id": 30,
      "english_label": "others",
      "response_time_ms": 6302
    },
    {
      "image_path": "Archer/Archer_36.png",
      "label": "輕蔑",
      "response_time": "00:00:01.705",
      "timestamp_unix": 1750737547,
      "timestamp_unix_ms": 1750737547737,
      "timestamp_readable": "2025-06-24 03:59:07.737",
      "normalized_name": "Archer/Archer",
      "meme_name": "Archer",
      "post_id": 36,
      "english_label": "contempt",
      "response_time_ms": 1705
    },
    {
      "image_path": "Mocking-Spongebob/Mocking-Spongebob_17.png",
      "label": "輕蔑",
      "response_time": "00:00:02.105",
      "timestamp_unix": 1750737549,
      "timestamp_unix_ms": 1750737549989,
      "timestamp_readable": "2025-06-24 03:59:09.989",
      "normalized_name": "Mocking-Spongebob/Mocking-Spongebob",
      "meme_name": "Mocking-Spongebob",
      "post_id": 17,
      "english_label": "contempt",
      "response_time_ms": 2105
    },
    {
      "image_path": "Smudge-the-cat/Smudge-the-cat_7.png",
      "label": "憤怒",
      "response_time": "00:00:02.009",
      "timestamp_unix": 1750737552,
      "timestamp_unix_ms": 1750737552110,
      "timestamp_readable": "2025-06-24 03:59:12.110",
      "normalized_name": "Smudge-the-cat/Smudge-the-cat",
      "meme_name": "Smudge-the-cat",
      "post_id": 7,
      "english_label": "anger",
      "response_time_ms": 2009
    },
    {
      "image_path": "attention_check/attention_check_Anger.png",
      "label": "憤怒",
      "response_time": "00:00:02.104",
      "timestamp_unix": 1750737554,
      "timestamp_unix_ms": 1750737554320,
      "timestamp_readable": "2025-06-24 03:59:14.320",
      "normalized_name": "attention_check/attention_check_Anger.png",
      "meme_name": "attention_check",
      "post_id": null,
      "english_label": "anger",
      "response_time_ms": 2104
    },
    {
      "image_path": "Happy--Shock/Happy--Shock_10.png",
      "label": "輕蔑",
      "response_time": "00:00:05.312",
      "timestamp_unix": 1750737559,
      "timestamp_unix_ms": 1750737559787,
      "timestamp_readable": "2025-06-24 03:59:19.787",
      "normalized_name": "Happy--Shock/Happy--Shock",
      "meme_name": "Happy--Shock",
      "post_id": 10,
      "english_label": "contempt",
      "response_time_ms": 5312
    },
    {
      "image_path": "Angry-Baby/Angry-Baby_50.png",
      "label": "憤怒",
      "response_time": "00:00:01.902",
      "timestamp_unix": 1750737561,
      "timestamp_unix_ms": 1750737561857,
      "timestamp_readable": "2025-06-24 03:59:21.857",
      "normalized_name": "Angry-Baby/Angry-Baby",
      "meme_name": "Angry-Baby",
      "post_id": 50,
      "english_label": "anger",
      "response_time_ms": 1902
    },
    {
      "image_path": "Chill-guy/Chill-guy_44.png",
      "label": "輕蔑",
      "response_time": "00:00:01.600",
      "timestamp_unix": 1750737563,
      "timestamp_unix_ms": 1750737563615,
      "timestamp_readable": "2025-06-24 03:59:23.615",
      "normalized_name": "Chill-guy/Chill-guy",
      "meme_name": "Chill-guy",
      "post_id": 44,
      "english_label": "contempt",
      "response_time_ms": 1600
    },
    {
      "image_path": "Disappointed-Man/Disappointed-Man_35.png",
      "label": "厭惡",
      "response_time": "00:00:05.808",
      "timestamp_unix": 1750737569,
      "timestamp_unix_ms": 1750737569545,
      "timestamp_readable": "2025-06-24 03:59:29.545",
      "normalized_name": "Disappointed-Man/Disappointed-Man",
      "meme_name": "Disappointed-Man",
      "post_id": 35,
      "english_label": "disgust",
      "response_time_ms": 5808
    },
    {
      "image_path": "I-am-once-again-asking/I-am-once-again-asking_14.png",
      "label": "憤怒",
      "response_time": "00:00:03.511",
      "timestamp_unix": 1750737573,
      "timestamp_unix_ms": 1750737573263,
      "timestamp_readable": "2025-06-24 03:59:33.263",
      "normalized_name": "I-am-once-again-asking/I-am-once-again-asking",
      "meme_name": "I-am-once-again-asking",
      "post_id": 14,
      "english_label": "anger",
      "response_time_ms": 3511
    }
  ],
  "session_start_unix": 1750737296,
  "session_status": "completed",
  "last_updated_unix": 1750737601,
  "image_order": [
    "Spiderman-Hospital/Spiderman-Hospital_33.png",
    "Happy--Shock/Happy--Shock_10.png",
    "Chill-guy/Chill-guy_44.png",
    "I-am-once-again-asking/I-am-once-again-asking_14.png",
    "Math-ladyConfused-lady/Math-ladyConfused-lady_45.png",
    "Archer/Archer_36.png",
    "Leonardo-Dicaprio-Wolf-Of-Wall-Street/Leonardo-Dicaprio-Wolf-Of-Wall-Street_41.png",
    "Mocking-Spongebob/Mocking-Spongebob_17.png",
    "Afraid-To-Ask-Andy/Afraid-To-Ask-Andy_39.png",
    "Charlie-Day/Charlie-Day_12.png",
    "Always-Has-Been/Always-Has-Been_27.png",
    "Picard-Wtf/Picard-Wtf_31.png",
    "Batman-Slapping-Robin/Batman-Slapping-Robin_28.png",
    "For-the-better-right-blank/For-the-better-right-blank_18.png",
    "Drake-NoYes/Drake-NoYes_37.png",
    "Laughing-wolf/Laughing-wolf_15.png",
    "DJ-Pauly-D/DJ-Pauly-D_13.png",
    "Always-you-three/Always-you-three_25.png",
    "Disappointed-Man/Disappointed-Man_35.png",
    "Smudge-the-cat/Smudge-the-cat_7.png",
    "Thats-a-paddlin/Thats-a-paddlin_16.png",
    "Hide-the-Pain-Harold/Hide-the-Pain-Harold_9.png",
    "attention_check/attention_check_Others.png",
    "Hold-fart/Hold-fart_42.png",
    "Im-The-Captain-Now/Im-The-Captain-Now_1.png",
    "Obi-Wan-Kenobi/Obi-Wan-Kenobi_26.png",
    "Spongebob-Yelling/Spongebob-Yelling_2.png",
    "Nuclear-Explosion/Nuclear-Explosion_3.png",
    "Dinkleberg/Dinkleberg_34.png",
    "Scooby-doo-mask-reveal/Scooby-doo-mask-reveal_47.png",
    "Disaster-Girl/Disaster-Girl_11.png",
    "Black-guy-hiding-behind-tree/Black-guy-hiding-behind-tree_24.png",
    "You-The-Real-MVP/You-The-Real-MVP_30.png",
    "Moe-throws-Barney/Moe-throws-Barney_23.png",
    "Ill-Have-You-Know-Spongebob/Ill-Have-You-Know-Spongebob_38.png",
    "Futurama-Fry/Futurama-Fry_43.png",
    "Monkey-Puppet/Monkey-Puppet_40.png",
    "Confused-Gandalf/Confused-Gandalf_5.png",
    "Mr-incredible-mad/Mr-incredible-mad_22.png",
    "Dave-chappelle/Dave-chappelle_19.png",
    "Surprised-Pikachu/Surprised-Pikachu_46.png",
    "Table-Flip-Guy/Table-Flip-Guy_49.png",
    "Kevin-Hart/Kevin-Hart_21.png",
    "Well-Yes-But-Actually-No/Well-Yes-But-Actually-No_6.png",
    "Mr-McMahon-reaction/Mr-McMahon-reaction_32.png",
    "Gru-Gun/Gru-Gun_8.png",
    "attention_check/attention_check_Anger.png",
    "Persian-Cat-Room-Guardian/Persian-Cat-Room-Guardian_4.png",
    "Put-It-Somewhere-Else-Patrick/Put-It-Somewhere-Else-Patrick_48.png",
    "Angry-Baby/Angry-Baby_50.png",
    "Arthur-Fist/Arthur-Fist_29.png",
    "Khan/Khan_20.png"
  ],
  "completion_status": {
    "practice_completed": true,
    "game_started": true,
    "game_completed": true,
    "summary_viewed": true,
    "email_submitted": true
  },
  "timestamps_unix": {
    "registration_completed": 1750737296,
    "practice_started": 1750737296,
    "practice_completed": 1750737342,
    "game_started": 1750737342,
    "first_label": 1750737349,
    "last_label": 1750737573,
    "game_completed": 1750737576,
    "summary_viewed": 1750737576,
    "email_submitted": 1750737601,
    "session_end": 1750737601,
    "last_updated": 1750737601
  },
  "timestamps_unix_ms": {
    "registration_completed_ms": 1750737296353,
    "practice_started_ms": 1750737296454,
    "practice_completed_ms": 1750737342465,
    "game_started_ms": 1750737342483,
    "first_label_ms": 1750737349066,
    "last_label_ms": 1750737573263,
    "game_completed_ms": 1750737576273,
    "summary_viewed_ms": 1750737576293,
    "email_submitted_ms": 1750737601060,
    "session_end_ms": 1750737601060,
    "last_updated_ms": 1750737601060
  },
  "duration_stats_ms": {
    "total_session_duration_ms": 304707,
    "practice_duration_ms": 46011,
    "game_duration_ms": 233790,
    "labeling_duration_ms": 224197,
    "email_submission_duration_ms": 24767
  },
  "filename_updated_unix": 1750737576,
  "original_filename": "user_d2662b",
  "completion_status_in_filename": "email_submitted"
}