{
  "user_id": "user_a3d2c8",
  "file_name": "user_a3d2c8_1749803786_1749805262_fullycomplete",
  "unix_start_time": 1749803786,
  "unix_start_time_ms": 1749803786244,
  "unix_end_time": 1749805262,
  "unix_end_time_ms": 1749805262222,
  "age": "30-34",
  "gender": "male",
  "user_agent": "Mozilla/5.0 (Windows NT 10.0; Win64; x64) AppleWebKit/537.36 (KHTML, like Gecko) Chrome/137.0.0.0 Safari/537.36",
  "user_ip": "150.116.46.119",
  "status": "complete",
  "email_provided": "complete",
  "attention_passed": true,
  "start_time_readable": "2025-06-13 08:36:26.244",
  "end_time_readable": "2025-06-13 09:01:02.222",
  "total_labels": 52,
  "emotion_summary": {
    "anger": 4,
    "contempt": 18,
    "disgust": 11,
    "others": 19
  },
  "email": "110752001@nccu.edu.tw",
  "participation": "yes",
  "total_responses": 52,
  "responses": [
    {
      "image_path": "Spiderman-Hospital/Spiderman-Hospital_32.png",
      "label": "其他",
      "response_time": "00:00:53.801",
      "timestamp_unix": 1749803989,
      "timestamp_unix_ms": 1749803989773,
      "timestamp_readable": "2025-06-13 08:39:49.773",
      "normalized_name": "Spiderman-Hospital/Spiderman-Hospital",
      "meme_name": "Spiderman-Hospital",
      "post_id": 32,
      "english_label": "others",
      "response_time_ms": 53801
    },
    {
      "image_path": "Nuclear-Explosion/Nuclear-Explosion_17.png",
      "label": "其他",
      "response_time": "00:00:23.807",
      "timestamp_unix": 1749804013,
      "timestamp_unix_ms": 1749804013635,
      "timestamp_readable": "2025-06-13 08:40:13.635",
      "normalized_name": "Nuclear-Explosion/Nuclear-Explosion",
      "meme_name": "Nuclear-Explosion",
      "post_id": 17,
      "english_label": "others",
      "response_time_ms": 23807
    },
    {
      "image_path": "Moe-throws-Barney/Moe-throws-Barney_14.png",
      "label": "輕蔑",
      "response_time": "00:00:15.207",
      "timestamp_unix": 1749804028,
      "timestamp_unix_ms": 1749804028922,
      "timestamp_readable": "2025-06-13 08:40:28.922",
      "normalized_name": "Moe-throws-Barney/Moe-throws-Barney",
      "meme_name": "Moe-throws-Barney",
      "post_id": 14,
      "english_label": "contempt",
      "response_time_ms": 15207
    },
    {
      "image_path": "Picard-Wtf/Picard-Wtf_38.png",
      "label": "厭惡",
      "response_time": "00:00:22.008",
      "timestamp_unix": 1749804051,
      "timestamp_unix_ms": 1749804051032,
      "timestamp_readable": "2025-06-13 08:40:51.032",
      "normalized_name": "Picard-Wtf/Picard-Wtf",
      "meme_name": "Picard-Wtf",
      "post_id": 38,
      "english_label": "disgust",
      "response_time_ms": 22008
    },
    {
      "image_path": "Well-Yes-But-Actually-No/Well-Yes-But-Actually-No_37.png",
      "label": "其他",
      "response_time": "00:00:39.701",
      "timestamp_unix": 1749804090,
      "timestamp_unix_ms": 1749804090817,
      "timestamp_readable": "2025-06-13 08:41:30.817",
      "normalized_name": "Well-Yes-But-Actually-No/Well-Yes-But-Actually-No",
      "meme_name": "Well-Yes-But-Actually-No",
      "post_id": 37,
      "english_label": "others",
      "response_time_ms": 39701
    },
    {
      "image_path": "Disappointed-Man/Disappointed-Man_34.png",
      "label": "其他",
      "response_time": "00:00:44.214",
      "timestamp_unix": 1749804135,
      "timestamp_unix_ms": 1749804135099,
      "timestamp_readable": "2025-06-13 08:42:15.099",
      "normalized_name": "Disappointed-Man/Disappointed-Man",
      "meme_name": "Disappointed-Man",
      "post_id": 34,
      "english_label": "others",
      "response_time_ms": 44214
    },
    {
      "image_path": "Angry-Baby/Angry-Baby_2.png",
      "label": "輕蔑",
      "response_time": "00:00:21.807",
      "timestamp_unix": 1749804156,
      "timestamp_unix_ms": 1749804156991,
      "timestamp_readable": "2025-06-13 08:42:36.991",
      "normalized_name": "Angry-Baby/Angry-Baby",
      "meme_name": "Angry-Baby",
      "post_id": 2,
      "english_label": "contempt",
      "response_time_ms": 21807
    },
    {
      "image_path": "Gru-Gun/Gru-Gun_22.png",
      "label": "厭惡",
      "response_time": "00:00:14.205",
      "timestamp_unix": 1749804171,
      "timestamp_unix_ms": 1749804171337,
      "timestamp_readable": "2025-06-13 08:42:51.337",
      "normalized_name": "Gru-Gun/Gru-Gun",
      "meme_name": "Gru-Gun",
      "post_id": 22,
      "english_label": "disgust",
      "response_time_ms": 14205
    },
    {
      "image_path": "Futurama-Fry/Futurama-Fry_47.png",
      "label": "輕蔑",
      "response_time": "00:00:12.810",
      "timestamp_unix": 1749804184,
      "timestamp_unix_ms": 1749804184203,
      "timestamp_readable": "2025-06-13 08:43:04.203",
      "normalized_name": "Futurama-Fry/Futurama-Fry",
      "meme_name": "Futurama-Fry",
      "post_id": 47,
      "english_label": "contempt",
      "response_time_ms": 12810
    },
    {
      "image_path": "Math-ladyConfused-lady/Math-ladyConfused-lady_8.png",
      "label": "輕蔑",
      "response_time": "00:00:12.512",
      "timestamp_unix": 1749804196,
      "timestamp_unix_ms": 1749804196771,
      "timestamp_readable": "2025-06-13 08:43:16.771",
      "normalized_name": "Math-ladyConfused-lady/Math-ladyConfused-lady",
      "meme_name": "Math-ladyConfused-lady",
      "post_id": 8,
      "english_label": "contempt",
      "response_time_ms": 12512
    },
    {
      "image_path": "Dave-chappelle/Dave-chappelle_21.png",
      "label": "輕蔑",
      "response_time": "00:00:31.509",
      "timestamp_unix": 1749804228,
      "timestamp_unix_ms": 1749804228403,
      "timestamp_readable": "2025-06-13 08:43:48.403",
      "normalized_name": "Dave-chappelle/Dave-chappelle",
      "meme_name": "Dave-chappelle",
      "post_id": 21,
      "english_label": "contempt",
      "response_time_ms": 31509
    },
    {
      "image_path": "Batman-Slapping-Robin/Batman-Slapping-Robin_28.png",
      "label": "憤怒",
      "response_time": "00:00:31.509",
      "timestamp_unix": 1749804259,
      "timestamp_unix_ms": 1749804259965,
      "timestamp_readable": "2025-06-13 08:44:19.965",
      "normalized_name": "Batman-Slapping-Robin/Batman-Slapping-Robin",
      "meme_name": "Batman-Slapping-Robin",
      "post_id": 28,
      "english_label": "anger",
      "response_time_ms": 31509
    },
    {
      "image_path": "Hide-the-Pain-Harold/Hide-the-Pain-Harold_5.png",
      "label": "輕蔑",
      "response_time": "00:00:16.206",
      "timestamp_unix": 1749804276,
      "timestamp_unix_ms": 1749804276283,
      "timestamp_readable": "2025-06-13 08:44:36.283",
      "normalized_name": "Hide-the-Pain-Harold/Hide-the-Pain-Harold",
      "meme_name": "Hide-the-Pain-Harold",
      "post_id": 5,
      "english_label": "contempt",
      "response_time_ms": 16206
    },
    {
      "image_path": "Afraid-To-Ask-Andy/Afraid-To-Ask-Andy_43.png",
      "label": "輕蔑",
      "response_time": "00:00:14.004",
      "timestamp_unix": 1749804290,
      "timestamp_unix_ms": 1749804290423,
      "timestamp_readable": "2025-06-13 08:44:50.423",
      "normalized_name": "Afraid-To-Ask-Andy/Afraid-To-Ask-Andy",
      "meme_name": "Afraid-To-Ask-Andy",
      "post_id": 43,
      "english_label": "contempt",
      "response_time_ms": 14004
    },
    {
      "image_path": "Spongebob-Yelling/Spongebob-Yelling_48.png",
      "label": "輕蔑",
      "response_time": "00:01:12.105",
      "timestamp_unix": 1749804362,
      "timestamp_unix_ms": 1749804362639,
      "timestamp_readable": "2025-06-13 08:46:02.639",
      "normalized_name": "Spongebob-Yelling/Spongebob-Yelling",
      "meme_name": "Spongebob-Yelling",
      "post_id": 48,
      "english_label": "contempt",
      "response_time_ms": 72105
    },
    {
      "image_path": "Kevin-Hart/Kevin-Hart_10.png",
      "label": "輕蔑",
      "response_time": "00:00:10.707",
      "timestamp_unix": 1749804373,
      "timestamp_unix_ms": 1749804373464,
      "timestamp_readable": "2025-06-13 08:46:13.464",
      "normalized_name": "Kevin-Hart/Kevin-Hart",
      "meme_name": "Kevin-Hart",
      "post_id": 10,
      "english_label": "contempt",
      "response_time_ms": 10707
    },
    {
      "image_path": "Mocking-Spongebob/Mocking-Spongebob_11.png",
      "label": "輕蔑",
      "response_time": "00:00:13.200",
      "timestamp_unix": 1749804386,
      "timestamp_unix_ms": 1749804386767,
      "timestamp_readable": "2025-06-13 08:46:26.767",
      "normalized_name": "Mocking-Spongebob/Mocking-Spongebob",
      "meme_name": "Mocking-Spongebob",
      "post_id": 11,
      "english_label": "contempt",
      "response_time_ms": 13200
    },
    {
      "image_path": "You-The-Real-MVP/You-The-Real-MVP_20.png",
      "label": "其他",
      "response_time": "00:00:15.508",
      "timestamp_unix": 1749804402,
      "timestamp_unix_ms": 1749804402333,
      "timestamp_readable": "2025-06-13 08:46:42.333",
      "normalized_name": "You-The-Real-MVP/You-The-Real-MVP",
      "meme_name": "You-The-Real-MVP",
      "post_id": 20,
      "english_label": "others",
      "response_time_ms": 15508
    },
    {
      "image_path": "For-the-better-right-blank/For-the-better-right-blank_24.png",
      "label": "其他",
      "response_time": "00:00:38.514",
      "timestamp_unix": 1749804440,
      "timestamp_unix_ms": 1749804440968,
      "timestamp_readable": "2025-06-13 08:47:20.968",
      "normalized_name": "For-the-better-right-blank/For-the-better-right-blank",
      "meme_name": "For-the-better-right-blank",
      "post_id": 24,
      "english_label": "others",
      "response_time_ms": 38514
    },
    {
      "image_path": "Persian-Cat-Room-Guardian/Persian-Cat-Room-Guardian_35.png",
      "label": "輕蔑",
      "response_time": "00:00:20.707",
      "timestamp_unix": 1749804461,
      "timestamp_unix_ms": 1749804461803,
      "timestamp_readable": "2025-06-13 08:47:41.803",
      "normalized_name": "Persian-Cat-Room-Guardian/Persian-Cat-Room-Guardian",
      "meme_name": "Persian-Cat-Room-Guardian",
      "post_id": 35,
      "english_label": "contempt",
      "response_time_ms": 20707
    },
    {
      "image_path": "Surprised-Pikachu/Surprised-Pikachu_3.png",
      "label": "其他",
      "response_time": "00:00:18.111",
      "timestamp_unix": 1749804480,
      "timestamp_unix_ms": 1749804480052,
      "timestamp_readable": "2025-06-13 08:48:00.052",
      "normalized_name": "Surprised-Pikachu/Surprised-Pikachu",
      "meme_name": "Surprised-Pikachu",
      "post_id": 3,
      "english_label": "others",
      "response_time_ms": 18111
    },
    {
      "image_path": "Mr-incredible-mad/Mr-incredible-mad_49.png",
      "label": "厭惡",
      "response_time": "00:00:18.809",
      "timestamp_unix": 1749804498,
      "timestamp_unix_ms": 1749804498999,
      "timestamp_readable": "2025-06-13 08:48:18.999",
      "normalized_name": "Mr-incredible-mad/Mr-incredible-mad",
      "meme_name": "Mr-incredible-mad",
      "post_id": 49,
      "english_label": "disgust",
      "response_time_ms": 18809
    },
    {
      "image_path": "attention_check/attention_check_Anger.png",
      "label": "憤怒",
      "response_time": "00:00:03.505",
      "timestamp_unix": 1749804502,
      "timestamp_unix_ms": 1749804502636,
      "timestamp_readable": "2025-06-13 08:48:22.636",
      "normalized_name": "attention_check/attention_check_Anger.png",
      "meme_name": "attention_check",
      "post_id": null,
      "english_label": "anger",
      "response_time_ms": 3505
    },
    {
      "image_path": "Arthur-Fist/Arthur-Fist_40.png",
      "label": "其他",
      "response_time": "00:00:22.510",
      "timestamp_unix": 1749804525,
      "timestamp_unix_ms": 1749804525238,
      "timestamp_readable": "2025-06-13 08:48:45.238",
      "normalized_name": "Arthur-Fist/Arthur-Fist",
      "meme_name": "Arthur-Fist",
      "post_id": 40,
      "english_label": "others",
      "response_time_ms": 22510
    },
    {
      "image_path": "Put-It-Somewhere-Else-Patrick/Put-It-Somewhere-Else-Patrick_33.png",
      "label": "其他",
      "response_time": "00:00:33.611",
      "timestamp_unix": 1749804558,
      "timestamp_unix_ms": 1749804558890,
      "timestamp_readable": "2025-06-13 08:49:18.890",
      "normalized_name": "Put-It-Somewhere-Else-Patrick/Put-It-Somewhere-Else-Patrick",
      "meme_name": "Put-It-Somewhere-Else-Patrick",
      "post_id": 33,
      "english_label": "others",
      "response_time_ms": 33611
    },
    {
      "image_path": "Leonardo-Dicaprio-Wolf-Of-Wall-Street/Leonardo-Dicaprio-Wolf-Of-Wall-Street_9.png",
      "label": "輕蔑",
      "response_time": "00:00:06.705",
      "timestamp_unix": 1749804565,
      "timestamp_unix_ms": 1749804565682,
      "timestamp_readable": "2025-06-13 08:49:25.682",
      "normalized_name": "Leonardo-Dicaprio-Wolf-Of-Wall-Street/Leonardo-Dicaprio-Wolf-Of-Wall-Street",
      "meme_name": "Leonardo-Dicaprio-Wolf-Of-Wall-Street",
      "post_id": 9,
      "english_label": "contempt",
      "response_time_ms": 6705
    },
    {
      "image_path": "Scooby-doo-mask-reveal/Scooby-doo-mask-reveal_27.png",
      "label": "厭惡",
      "response_time": "00:00:22.900",
      "timestamp_unix": 1749804588,
      "timestamp_unix_ms": 1749804588689,
      "timestamp_readable": "2025-06-13 08:49:48.689",
      "normalized_name": "Scooby-doo-mask-reveal/Scooby-doo-mask-reveal",
      "meme_name": "Scooby-doo-mask-reveal",
      "post_id": 27,
      "english_label": "disgust",
      "response_time_ms": 22900
    },
    {
      "image_path": "Dinkleberg/Dinkleberg_1.png",
      "label": "厭惡",
      "response_time": "00:00:13.007",
      "timestamp_unix": 1749804601,
      "timestamp_unix_ms": 1749804601774,
      "timestamp_readable": "2025-06-13 08:50:01.774",
      "normalized_name": "Dinkleberg/Dinkleberg",
      "meme_name": "Dinkleberg",
      "post_id": 1,
      "english_label": "disgust",
      "response_time_ms": 13007
    },
    {
      "image_path": "DJ-Pauly-D/DJ-Pauly-D_45.png",
      "label": "輕蔑",
      "response_time": "00:00:28.300",
      "timestamp_unix": 1749804630,
      "timestamp_unix_ms": 1749804630183,
      "timestamp_readable": "2025-06-13 08:50:30.183",
      "normalized_name": "DJ-Pauly-D/DJ-Pauly-D",
      "meme_name": "DJ-Pauly-D",
      "post_id": 45,
      "english_label": "contempt",
      "response_time_ms": 28300
    },
    {
      "image_path": "Obi-Wan-Kenobi/Obi-Wan-Kenobi_7.png",
      "label": "厭惡",
      "response_time": "00:00:19.716",
      "timestamp_unix": 1749804649,
      "timestamp_unix_ms": 1749804649934,
      "timestamp_readable": "2025-06-13 08:50:49.934",
      "normalized_name": "Obi-Wan-Kenobi/Obi-Wan-Kenobi",
      "meme_name": "Obi-Wan-Kenobi",
      "post_id": 7,
      "english_label": "disgust",
      "response_time_ms": 19716
    },
    {
      "image_path": "Laughing-wolf/Laughing-wolf_50.png",
      "label": "輕蔑",
      "response_time": "00:00:22.214",
      "timestamp_unix": 1749804672,
      "timestamp_unix_ms": 1749804672216,
      "timestamp_readable": "2025-06-13 08:51:12.216",
      "normalized_name": "Laughing-wolf/Laughing-wolf",
      "meme_name": "Laughing-wolf",
      "post_id": 50,
      "english_label": "contempt",
      "response_time_ms": 22214
    },
    {
      "image_path": "Drake-NoYes/Drake-NoYes_39.png",
      "label": "其他",
      "response_time": "00:00:15.700",
      "timestamp_unix": 1749804688,
      "timestamp_unix_ms": 1749804688055,
      "timestamp_readable": "2025-06-13 08:51:28.055",
      "normalized_name": "Drake-NoYes/Drake-NoYes",
      "meme_name": "Drake-NoYes",
      "post_id": 39,
      "english_label": "others",
      "response_time_ms": 15700
    },
    {
      "image_path": "Always-you-three/Always-you-three_29.png",
      "label": "厭惡",
      "response_time": "00:00:13.006",
      "timestamp_unix": 1749804701,
      "timestamp_unix_ms": 1749804701172,
      "timestamp_readable": "2025-06-13 08:51:41.172",
      "normalized_name": "Always-you-three/Always-you-three",
      "meme_name": "Always-you-three",
      "post_id": 29,
      "english_label": "disgust",
      "response_time_ms": 13006
    },
    {
      "image_path": "Thats-a-paddlin/Thats-a-paddlin_4.png",
      "label": "憤怒",
      "response_time": "00:00:09.303",
      "timestamp_unix": 1749804710,
      "timestamp_unix_ms": 1749804710573,
      "timestamp_readable": "2025-06-13 08:51:50.573",
      "normalized_name": "Thats-a-paddlin/Thats-a-paddlin",
      "meme_name": "Thats-a-paddlin",
      "post_id": 4,
      "english_label": "anger",
      "response_time_ms": 9303
    },
    {
      "image_path": "Khan/Khan_25.png",
      "label": "憤怒",
      "response_time": "00:00:15.809",
      "timestamp_unix": 1749804726,
      "timestamp_unix_ms": 1749804726470,
      "timestamp_readable": "2025-06-13 08:52:06.470",
      "normalized_name": "Khan/Khan",
      "meme_name": "Khan",
      "post_id": 25,
      "english_label": "anger",
      "response_time_ms": 15809
    },
    {
      "image_path": "Charlie-Day/Charlie-Day_16.png",
      "label": "厭惡",
      "response_time": "00:00:12.811",
      "timestamp_unix": 1749804739,
      "timestamp_unix_ms": 1749804739402,
      "timestamp_readable": "2025-06-13 08:52:19.402",
      "normalized_name": "Charlie-Day/Charlie-Day",
      "meme_name": "Charlie-Day",
      "post_id": 16,
      "english_label": "disgust",
      "response_time_ms": 12811
    },
    {
      "image_path": "Im-The-Captain-Now/Im-The-Captain-Now_12.png",
      "label": "其他",
      "response_time": "00:00:17.711",
      "timestamp_unix": 1749804757,
      "timestamp_unix_ms": 1749804757220,
      "timestamp_readable": "2025-06-13 08:52:37.220",
      "normalized_name": "Im-The-Captain-Now/Im-The-Captain-Now",
      "meme_name": "Im-The-Captain-Now",
      "post_id": 12,
      "english_label": "others",
      "response_time_ms": 17711
    },
    {
      "image_path": "Always-Has-Been/Always-Has-Been_18.png",
      "label": "輕蔑",
      "response_time": "00:00:16.809",
      "timestamp_unix": 1749804774,
      "timestamp_unix_ms": 1749804774121,
      "timestamp_readable": "2025-06-13 08:52:54.121",
      "normalized_name": "Always-Has-Been/Always-Has-Been",
      "meme_name": "Always-Has-Been",
      "post_id": 18,
      "english_label": "contempt",
      "response_time_ms": 16809
    },
    {
      "image_path": "Mr-McMahon-reaction/Mr-McMahon-reaction_30.png",
      "label": "其他",
      "response_time": "00:00:11.707",
      "timestamp_unix": 1749804785,
      "timestamp_unix_ms": 1749804785899,
      "timestamp_readable": "2025-06-13 08:53:05.899",
      "normalized_name": "Mr-McMahon-reaction/Mr-McMahon-reaction",
      "meme_name": "Mr-McMahon-reaction",
      "post_id": 30,
      "english_label": "others",
      "response_time_ms": 11707
    },
    {
      "image_path": "Chill-guy/Chill-guy_23.png",
      "label": "其他",
      "response_time": "00:00:30.603",
      "timestamp_unix": 1749804816,
      "timestamp_unix_ms": 1749804816621,
      "timestamp_readable": "2025-06-13 08:53:36.621",
      "normalized_name": "Chill-guy/Chill-guy",
      "meme_name": "Chill-guy",
      "post_id": 23,
      "english_label": "others",
      "response_time_ms": 30603
    },
    {
      "image_path": "Disaster-Girl/Disaster-Girl_26.png",
      "label": "其他",
      "response_time": "00:00:18.510",
      "timestamp_unix": 1749804835,
      "timestamp_unix_ms": 1749804835261,
      "timestamp_readable": "2025-06-13 08:53:55.261",
      "normalized_name": "Disaster-Girl/Disaster-Girl",
      "meme_name": "Disaster-Girl",
      "post_id": 26,
      "english_label": "others",
      "response_time_ms": 18510
    },
    {
      "image_path": "Archer/Archer_31.png",
      "label": "其他",
      "response_time": "00:00:20.405",
      "timestamp_unix": 1749804855,
      "timestamp_unix_ms": 1749804855768,
      "timestamp_readable": "2025-06-13 08:54:15.768",
      "normalized_name": "Archer/Archer",
      "meme_name": "Archer",
      "post_id": 31,
      "english_label": "others",
      "response_time_ms": 20405
    },
    {
      "image_path": "Confused-Gandalf/Confused-Gandalf_15.png",
      "label": "輕蔑",
      "response_time": "00:00:15.403",
      "timestamp_unix": 1749804871,
      "timestamp_unix_ms": 1749804871307,
      "timestamp_readable": "2025-06-13 08:54:31.307",
      "normalized_name": "Confused-Gandalf/Confused-Gandalf",
      "meme_name": "Confused-Gandalf",
      "post_id": 15,
      "english_label": "contempt",
      "response_time_ms": 15403
    },
    {
      "image_path": "Monkey-Puppet/Monkey-Puppet_46.png",
      "label": "輕蔑",
      "response_time": "00:00:38.509",
      "timestamp_unix": 1749804909,
      "timestamp_unix_ms": 1749804909857,
      "timestamp_readable": "2025-06-13 08:55:09.857",
      "normalized_name": "Monkey-Puppet/Monkey-Puppet",
      "meme_name": "Monkey-Puppet",
      "post_id": 46,
      "english_label": "contempt",
      "response_time_ms": 38509
    },
    {
      "image_path": "Black-guy-hiding-behind-tree/Black-guy-hiding-behind-tree_19.png",
      "label": "其他",
      "response_time": "00:00:21.504",
      "timestamp_unix": 1749804931,
      "timestamp_unix_ms": 1749804931454,
      "timestamp_readable": "2025-06-13 08:55:31.454",
      "normalized_name": "Black-guy-hiding-behind-tree/Black-guy-hiding-behind-tree",
      "meme_name": "Black-guy-hiding-behind-tree",
      "post_id": 19,
      "english_label": "others",
      "response_time_ms": 21504
    },
    {
      "image_path": "attention_check/attention_check_Disgust.png",
      "label": "厭惡",
      "response_time": "00:00:02.508",
      "timestamp_unix": 1749804934,
      "timestamp_unix_ms": 1749804934034,
      "timestamp_readable": "2025-06-13 08:55:34.034",
      "normalized_name": "attention_check/attention_check_Disgust.png",
      "meme_name": "attention_check",
      "post_id": null,
      "english_label": "disgust",
      "response_time_ms": 2508
    },
    {
      "image_path": "Happy--Shock/Happy--Shock_6.png",
      "label": "其他",
      "response_time": "00:01:01.301",
      "timestamp_unix": 1749804995,
      "timestamp_unix_ms": 1749804995463,
      "timestamp_readable": "2025-06-13 08:56:35.463",
      "normalized_name": "Happy--Shock/Happy--Shock",
      "meme_name": "Happy--Shock",
      "post_id": 6,
      "english_label": "others",
      "response_time_ms": 61301
    },
    {
      "image_path": "Ill-Have-You-Know-Spongebob/Ill-Have-You-Know-Spongebob_36.png",
      "label": "輕蔑",
      "response_time": "00:00:13.300",
      "timestamp_unix": 1749805008,
      "timestamp_unix_ms": 1749805008869,
      "timestamp_readable": "2025-06-13 08:56:48.869",
      "normalized_name": "Ill-Have-You-Know-Spongebob/Ill-Have-You-Know-Spongebob",
      "meme_name": "Ill-Have-You-Know-Spongebob",
      "post_id": 36,
      "english_label": "contempt",
      "response_time_ms": 13300
    },
    {
      "image_path": "Hold-fart/Hold-fart_41.png",
      "label": "其他",
      "response_time": "00:00:18.811",
      "timestamp_unix": 1749805027,
      "timestamp_unix_ms": 1749805027809,
      "timestamp_readable": "2025-06-13 08:57:07.809",
      "normalized_name": "Hold-fart/Hold-fart",
      "meme_name": "Hold-fart",
      "post_id": 41,
      "english_label": "others",
      "response_time_ms": 18811
    },
    {
      "image_path": "Table-Flip-Guy/Table-Flip-Guy_42.png",
      "label": "厭惡",
      "response_time": "00:00:19.505",
      "timestamp_unix": 1749805047,
      "timestamp_unix_ms": 1749805047439,
      "timestamp_readable": "2025-06-13 08:57:27.439",
      "normalized_name": "Table-Flip-Guy/Table-Flip-Guy",
      "meme_name": "Table-Flip-Guy",
      "post_id": 42,
      "english_label": "disgust",
      "response_time_ms": 19505
    },
    {
      "image_path": "Smudge-the-cat/Smudge-the-cat_13.png",
      "label": "厭惡",
      "response_time": "00:00:23.105",
      "timestamp_unix": 1749805070,
      "timestamp_unix_ms": 1749805070588,
      "timestamp_readable": "2025-06-13 08:57:50.588",
      "normalized_name": "Smudge-the-cat/Smudge-the-cat",
      "meme_name": "Smudge-the-cat",
      "post_id": 13,
      "english_label": "disgust",
      "response_time_ms": 23105
    },
    {
      "image_path": "I-am-once-again-asking/I-am-once-again-asking_44.png",
      "label": "其他",
      "response_time": "00:00:25.006",
      "timestamp_unix": 1749805095,
      "timestamp_unix_ms": 1749805095687,
      "timestamp_readable": "2025-06-13 08:58:15.687",
      "normalized_name": "I-am-once-again-asking/I-am-once-again-asking",
      "meme_name": "I-am-once-again-asking",
      "post_id": 44,
      "english_label": "others",
      "response_time_ms": 25006
    }
  ],
  "session_start_unix": 1749803786,
  "session_status": "completed",
  "last_updated_unix": 1749805262,
  "image_order": [
    "Spiderman-Hospital/Spiderman-Hospital_32.png",
    "Happy--Shock/Happy--Shock_6.png",
    "Chill-guy/Chill-guy_23.png",
    "I-am-once-again-asking/I-am-once-again-asking_44.png",
    "Math-ladyConfused-lady/Math-ladyConfused-lady_8.png",
    "Archer/Archer_31.png",
    "Leonardo-Dicaprio-Wolf-Of-Wall-Street/Leonardo-Dicaprio-Wolf-Of-Wall-Street_9.png",
    "Mocking-Spongebob/Mocking-Spongebob_11.png",
    "Afraid-To-Ask-Andy/Afraid-To-Ask-Andy_43.png",
    "Charlie-Day/Charlie-Day_16.png",
    "Always-Has-Been/Always-Has-Been_18.png",
    "Picard-Wtf/Picard-Wtf_38.png",
    "Batman-Slapping-Robin/Batman-Slapping-Robin_28.png",
    "For-the-better-right-blank/For-the-better-right-blank_24.png",
    "Drake-NoYes/Drake-NoYes_39.png",
    "Laughing-wolf/Laughing-wolf_50.png",
    "DJ-Pauly-D/DJ-Pauly-D_45.png",
    "Always-you-three/Always-you-three_29.png",
    "Disappointed-Man/Disappointed-Man_34.png",
    "Smudge-the-cat/Smudge-the-cat_13.png",
    "Thats-a-paddlin/Thats-a-paddlin_4.png",
    "Hide-the-Pain-Harold/Hide-the-Pain-Harold_5.png",
    "attention_check/attention_check_Anger.png",
    "Hold-fart/Hold-fart_41.png",
    "Im-The-Captain-Now/Im-The-Captain-Now_12.png",
    "Obi-Wan-Kenobi/Obi-Wan-Kenobi_7.png",
    "Spongebob-Yelling/Spongebob-Yelling_48.png",
    "Nuclear-Explosion/Nuclear-Explosion_17.png",
    "Dinkleberg/Dinkleberg_1.png",
    "Scooby-doo-mask-reveal/Scooby-doo-mask-reveal_27.png",
    "Disaster-Girl/Disaster-Girl_26.png",
    "Black-guy-hiding-behind-tree/Black-guy-hiding-behind-tree_19.png",
    "You-The-Real-MVP/You-The-Real-MVP_20.png",
    "Moe-throws-Barney/Moe-throws-Barney_14.png",
    "Ill-Have-You-Know-Spongebob/Ill-Have-You-Know-Spongebob_36.png",
    "Futurama-Fry/Futurama-Fry_47.png",
    "Monkey-Puppet/Monkey-Puppet_46.png",
    "Confused-Gandalf/Confused-Gandalf_15.png",
    "Mr-incredible-mad/Mr-incredible-mad_49.png",
    "Dave-chappelle/Dave-chappelle_21.png",
    "Surprised-Pikachu/Surprised-Pikachu_3.png",
    "Table-Flip-Guy/Table-Flip-Guy_42.png",
    "Kevin-Hart/Kevin-Hart_10.png",
    "Well-Yes-But-Actually-No/Well-Yes-But-Actually-No_37.png",
    "Mr-McMahon-reaction/Mr-McMahon-reaction_30.png",
    "attention_check/attention_check_Disgust.png",
    "Gru-Gun/Gru-Gun_22.png",
    "Persian-Cat-Room-Guardian/Persian-Cat-Room-Guardian_35.png",
    "Put-It-Somewhere-Else-Patrick/Put-It-Somewhere-Else-Patrick_33.png",
    "Angry-Baby/Angry-Baby_2.png",
    "Arthur-Fist/Arthur-Fist_40.png",
    "Khan/Khan_25.png"
  ],
  "completion_status": {
    "practice_completed": true,
    "game_started": true,
    "game_completed": true,
    "summary_viewed": true,
    "email_submitted": true
  },
  "timestamps_unix": {
    "registration_completed": 1749803786,
    "practice_started": 1749803786,
    "practice_completed": 1749803935,
    "game_started": 1749803935,
    "first_label": 1749803989,
    "last_label": 1749805095,
    "game_completed": 1749805097,
    "summary_viewed": 1749805097,
    "email_submitted": 1749805262,
    "session_end": 1749805262,
    "last_updated": 1749805262
  },
  "timestamps_unix_ms": {
    "registration_completed_ms": 1749803786244,
    "practice_started_ms": 1749803786288,
    "practice_completed_ms": 1749803935753,
    "game_started_ms": 1749803935766,
    "first_label_ms": 1749803989773,
    "last_label_ms": 1749805095687,
    "game_completed_ms": 1749805097506,
    "summary_viewed_ms": 1749805097520,
    "email_submitted_ms": 1749805262207,
    "session_end_ms": 1749805262207,
    "last_updated_ms": 1749805262207
  },
  "duration_stats_ms": {
    "total_session_duration_ms": 1475963,
    "practice_duration_ms": 149465,
    "game_duration_ms": 1161740,
    "labeling_duration_ms": 1105914,
    "email_submission_duration_ms": 164687
  },
  "filename_updated_unix": 1749805097,
  "original_filename": "user_a3d2c8",
  "completion_status_in_filename": "email_submitted"
}