{
  "user_id": "user_a5d259",
  "file_name": "user_a5d259_1750682308_1750682451_fullycomplete",
  "unix_start_time": 1750682308,
  "unix_start_time_ms": 1750682308553,
  "unix_end_time": 1750682451,
  "unix_end_time_ms": 1750682451097,
  "age": "25-29",
  "gender": "female",
  "user_agent": "Mozilla/5.0 (Windows NT 10.0; Win64; x64) AppleWebKit/537.36 (KHTML, like Gecko) Chrome/137.0.0.0 Safari/537.36",
  "user_ip": "140.114.14.86",
  "status": "complete",
  "email_provided": "complete",
  "attention_passed": true,
  "start_time_readable": "2025-06-23 12:38:28.552",
  "end_time_readable": "2025-06-23 12:40:51.097",
  "total_labels": 52,
  "emotion_summary": {
    "anger": 16,
    "contempt": 10,
    "disgust": 10,
    "others": 16
  },
  "email": "vickykciv04@gmail.com",
  "participation": "no",
  "total_responses": 52,
  "responses": [
    {
      "image_path": "Mocking-Spongebob/Mocking-Spongebob_13.png",
      "label": "厭惡",
      "response_time": "00:00:02.812",
      "timestamp_unix": 1750682335,
      "timestamp_unix_ms": 1750682335821,
      "timestamp_readable": "2025-06-23 12:38:55.821",
      "normalized_name": "Mocking-Spongebob/Mocking-Spongebob",
      "meme_name": "Mocking-Spongebob",
      "post_id": 13,
      "english_label": "disgust",
      "response_time_ms": 2812
    },
    {
      "image_path": "DJ-Pauly-D/DJ-Pauly-D_46.png",
      "label": "其他",
      "response_time": "00:00:02.103",
      "timestamp_unix": 1750682338,
      "timestamp_unix_ms": 1750682338002,
      "timestamp_readable": "2025-06-23 12:38:58.002",
      "normalized_name": "DJ-Pauly-D/DJ-Pauly-D",
      "meme_name": "DJ-Pauly-D",
      "post_id": 46,
      "english_label": "others",
      "response_time_ms": 2103
    },
    {
      "image_path": "Archer/Archer_15.png",
      "label": "其他",
      "response_time": "00:00:02.108",
      "timestamp_unix": 1750682340,
      "timestamp_unix_ms": 1750682340233,
      "timestamp_readable": "2025-06-23 12:39:00.233",
      "normalized_name": "Archer/Archer",
      "meme_name": "Archer",
      "post_id": 15,
      "english_label": "others",
      "response_time_ms": 2108
    },
    {
      "image_path": "Disaster-Girl/Disaster-Girl_41.png",
      "label": "輕蔑",
      "response_time": "00:00:02.004",
      "timestamp_unix": 1750682342,
      "timestamp_unix_ms": 1750682342338,
      "timestamp_readable": "2025-06-23 12:39:02.338",
      "normalized_name": "Disaster-Girl/Disaster-Girl",
      "meme_name": "Disaster-Girl",
      "post_id": 41,
      "english_label": "contempt",
      "response_time_ms": 2004
    },
    {
      "image_path": "Picard-Wtf/Picard-Wtf_14.png",
      "label": "厭惡",
      "response_time": "00:00:01.905",
      "timestamp_unix": 1750682344,
      "timestamp_unix_ms": 1750682344354,
      "timestamp_readable": "2025-06-23 12:39:04.354",
      "normalized_name": "Picard-Wtf/Picard-Wtf",
      "meme_name": "Picard-Wtf",
      "post_id": 14,
      "english_label": "disgust",
      "response_time_ms": 1905
    },
    {
      "image_path": "Charlie-Day/Charlie-Day_17.png",
      "label": "厭惡",
      "response_time": "00:00:01.707",
      "timestamp_unix": 1750682346,
      "timestamp_unix_ms": 1750682346123,
      "timestamp_readable": "2025-06-23 12:39:06.123",
      "normalized_name": "Charlie-Day/Charlie-Day",
      "meme_name": "Charlie-Day",
      "post_id": 17,
      "english_label": "disgust",
      "response_time_ms": 1707
    },
    {
      "image_path": "Obi-Wan-Kenobi/Obi-Wan-Kenobi_44.png",
      "label": "憤怒",
      "response_time": "00:00:01.705",
      "timestamp_unix": 1750682347,
      "timestamp_unix_ms": 1750682347907,
      "timestamp_readable": "2025-06-23 12:39:07.907",
      "normalized_name": "Obi-Wan-Kenobi/Obi-Wan-Kenobi",
      "meme_name": "Obi-Wan-Kenobi",
      "post_id": 44,
      "english_label": "anger",
      "response_time_ms": 1705
    },
    {
      "image_path": "Hold-fart/Hold-fart_9.png",
      "label": "其他",
      "response_time": "00:00:02.104",
      "timestamp_unix": 1750682350,
      "timestamp_unix_ms": 1750682350076,
      "timestamp_readable": "2025-06-23 12:39:10.076",
      "normalized_name": "Hold-fart/Hold-fart",
      "meme_name": "Hold-fart",
      "post_id": 9,
      "english_label": "others",
      "response_time_ms": 2104
    },
    {
      "image_path": "Always-Has-Been/Always-Has-Been_49.png",
      "label": "憤怒",
      "response_time": "00:00:02.304",
      "timestamp_unix": 1750682352,
      "timestamp_unix_ms": 1750682352459,
      "timestamp_readable": "2025-06-23 12:39:12.459",
      "normalized_name": "Always-Has-Been/Always-Has-Been",
      "meme_name": "Always-Has-Been",
      "post_id": 49,
      "english_label": "anger",
      "response_time_ms": 2304
    },
    {
      "image_path": "Thats-a-paddlin/Thats-a-paddlin_10.png",
      "label": "厭惡",
      "response_time": "00:00:02.404",
      "timestamp_unix": 1750682354,
      "timestamp_unix_ms": 1750682354909,
      "timestamp_readable": "2025-06-23 12:39:14.909",
      "normalized_name": "Thats-a-paddlin/Thats-a-paddlin",
      "meme_name": "Thats-a-paddlin",
      "post_id": 10,
      "english_label": "disgust",
      "response_time_ms": 2404
    },
    {
      "image_path": "Kevin-Hart/Kevin-Hart_42.png",
      "label": "其他",
      "response_time": "00:00:01.603",
      "timestamp_unix": 1750682356,
      "timestamp_unix_ms": 1750682356610,
      "timestamp_readable": "2025-06-23 12:39:16.610",
      "normalized_name": "Kevin-Hart/Kevin-Hart",
      "meme_name": "Kevin-Hart",
      "post_id": 42,
      "english_label": "others",
      "response_time_ms": 1603
    },
    {
      "image_path": "Nuclear-Explosion/Nuclear-Explosion_48.png",
      "label": "憤怒",
      "response_time": "00:00:02.002",
      "timestamp_unix": 1750682358,
      "timestamp_unix_ms": 1750682358676,
      "timestamp_readable": "2025-06-23 12:39:18.676",
      "normalized_name": "Nuclear-Explosion/Nuclear-Explosion",
      "meme_name": "Nuclear-Explosion",
      "post_id": 48,
      "english_label": "anger",
      "response_time_ms": 2002
    },
    {
      "image_path": "Monkey-Puppet/Monkey-Puppet_20.png",
      "label": "其他",
      "response_time": "00:00:01.805",
      "timestamp_unix": 1750682360,
      "timestamp_unix_ms": 1750682360611,
      "timestamp_readable": "2025-06-23 12:39:20.611",
      "normalized_name": "Monkey-Puppet/Monkey-Puppet",
      "meme_name": "Monkey-Puppet",
      "post_id": 20,
      "english_label": "others",
      "response_time_ms": 1805
    },
    {
      "image_path": "Im-The-Captain-Now/Im-The-Captain-Now_7.png",
      "label": "輕蔑",
      "response_time": "00:00:01.404",
      "timestamp_unix": 1750682362,
      "timestamp_unix_ms": 1750682362061,
      "timestamp_readable": "2025-06-23 12:39:22.061",
      "normalized_name": "Im-The-Captain-Now/Im-The-Captain-Now",
      "meme_name": "Im-The-Captain-Now",
      "post_id": 7,
      "english_label": "contempt",
      "response_time_ms": 1404
    },
    {
      "image_path": "Happy--Shock/Happy--Shock_34.png",
      "label": "其他",
      "response_time": "00:00:01.903",
      "timestamp_unix": 1750682364,
      "timestamp_unix_ms": 1750682364103,
      "timestamp_readable": "2025-06-23 12:39:24.103",
      "normalized_name": "Happy--Shock/Happy--Shock",
      "meme_name": "Happy--Shock",
      "post_id": 34,
      "english_label": "others",
      "response_time_ms": 1903
    },
    {
      "image_path": "Spongebob-Yelling/Spongebob-Yelling_24.png",
      "label": "憤怒",
      "response_time": "00:00:01.601",
      "timestamp_unix": 1750682365,
      "timestamp_unix_ms": 1750682365798,
      "timestamp_readable": "2025-06-23 12:39:25.798",
      "normalized_name": "Spongebob-Yelling/Spongebob-Yelling",
      "meme_name": "Spongebob-Yelling",
      "post_id": 24,
      "english_label": "anger",
      "response_time_ms": 1601
    },
    {
      "image_path": "For-the-better-right-blank/For-the-better-right-blank_1.png",
      "label": "其他",
      "response_time": "00:00:01.702",
      "timestamp_unix": 1750682367,
      "timestamp_unix_ms": 1750682367609,
      "timestamp_readable": "2025-06-23 12:39:27.609",
      "normalized_name": "For-the-better-right-blank/For-the-better-right-blank",
      "meme_name": "For-the-better-right-blank",
      "post_id": 1,
      "english_label": "others",
      "response_time_ms": 1702
    },
    {
      "image_path": "Moe-throws-Barney/Moe-throws-Barney_19.png",
      "label": "輕蔑",
      "response_time": "00:00:01.614",
      "timestamp_unix": 1750682369,
      "timestamp_unix_ms": 1750682369348,
      "timestamp_readable": "2025-06-23 12:39:29.348",
      "normalized_name": "Moe-throws-Barney/Moe-throws-Barney",
      "meme_name": "Moe-throws-Barney",
      "post_id": 19,
      "english_label": "contempt",
      "response_time_ms": 1614
    },
    {
      "image_path": "Laughing-wolf/Laughing-wolf_5.png",
      "label": "輕蔑",
      "response_time": "00:00:01.303",
      "timestamp_unix": 1750682370,
      "timestamp_unix_ms": 1750682370718,
      "timestamp_readable": "2025-06-23 12:39:30.718",
      "normalized_name": "Laughing-wolf/Laughing-wolf",
      "meme_name": "Laughing-wolf",
      "post_id": 5,
      "english_label": "contempt",
      "response_time_ms": 1303
    },
    {
      "image_path": "Well-Yes-But-Actually-No/Well-Yes-But-Actually-No_26.png",
      "label": "厭惡",
      "response_time": "00:00:02.201",
      "timestamp_unix": 1750682373,
      "timestamp_unix_ms": 1750682373015,
      "timestamp_readable": "2025-06-23 12:39:33.015",
      "normalized_name": "Well-Yes-But-Actually-No/Well-Yes-But-Actually-No",
      "meme_name": "Well-Yes-But-Actually-No",
      "post_id": 26,
      "english_label": "disgust",
      "response_time_ms": 2201
    },
    {
      "image_path": "Leonardo-Dicaprio-Wolf-Of-Wall-Street/Leonardo-Dicaprio-Wolf-Of-Wall-Street_11.png",
      "label": "憤怒",
      "response_time": "00:00:01.707",
      "timestamp_unix": 1750682374,
      "timestamp_unix_ms": 1750682374799,
      "timestamp_readable": "2025-06-23 12:39:34.799",
      "normalized_name": "Leonardo-Dicaprio-Wolf-Of-Wall-Street/Leonardo-Dicaprio-Wolf-Of-Wall-Street",
      "meme_name": "Leonardo-Dicaprio-Wolf-Of-Wall-Street",
      "post_id": 11,
      "english_label": "anger",
      "response_time_ms": 1707
    },
    {
      "image_path": "attention_check/attention_check_Contempt.png",
      "label": "輕蔑",
      "response_time": "00:00:05.008",
      "timestamp_unix": 1750682379,
      "timestamp_unix_ms": 1750682379858,
      "timestamp_readable": "2025-06-23 12:39:39.858",
      "normalized_name": "attention_check/attention_check_Contempt.png",
      "meme_name": "attention_check",
      "post_id": null,
      "english_label": "contempt",
      "response_time_ms": 5008
    },
    {
      "image_path": "You-The-Real-MVP/You-The-Real-MVP_6.png",
      "label": "憤怒",
      "response_time": "00:00:04.100",
      "timestamp_unix": 1750682384,
      "timestamp_unix_ms": 1750682384091,
      "timestamp_readable": "2025-06-23 12:39:44.091",
      "normalized_name": "You-The-Real-MVP/You-The-Real-MVP",
      "meme_name": "You-The-Real-MVP",
      "post_id": 6,
      "english_label": "anger",
      "response_time_ms": 4100
    },
    {
      "image_path": "Black-guy-hiding-behind-tree/Black-guy-hiding-behind-tree_3.png",
      "label": "厭惡",
      "response_time": "00:00:02.200",
      "timestamp_unix": 1750682386,
      "timestamp_unix_ms": 1750682386388,
      "timestamp_readable": "2025-06-23 12:39:46.388",
      "normalized_name": "Black-guy-hiding-behind-tree/Black-guy-hiding-behind-tree",
      "meme_name": "Black-guy-hiding-behind-tree",
      "post_id": 3,
      "english_label": "disgust",
      "response_time_ms": 2200
    },
    {
      "image_path": "Gru-Gun/Gru-Gun_22.png",
      "label": "其他",
      "response_time": "00:00:01.306",
      "timestamp_unix": 1750682387,
      "timestamp_unix_ms": 1750682387722,
      "timestamp_readable": "2025-06-23 12:39:47.722",
      "normalized_name": "Gru-Gun/Gru-Gun",
      "meme_name": "Gru-Gun",
      "post_id": 22,
      "english_label": "others",
      "response_time_ms": 1306
    },
    {
      "image_path": "Mr-McMahon-reaction/Mr-McMahon-reaction_23.png",
      "label": "其他",
      "response_time": "00:00:02.005",
      "timestamp_unix": 1750682389,
      "timestamp_unix_ms": 1750682389823,
      "timestamp_readable": "2025-06-23 12:39:49.823",
      "normalized_name": "Mr-McMahon-reaction/Mr-McMahon-reaction",
      "meme_name": "Mr-McMahon-reaction",
      "post_id": 23,
      "english_label": "others",
      "response_time_ms": 2005
    },
    {
      "image_path": "Disappointed-Man/Disappointed-Man_37.png",
      "label": "輕蔑",
      "response_time": "00:00:01.204",
      "timestamp_unix": 1750682391,
      "timestamp_unix_ms": 1750682391124,
      "timestamp_readable": "2025-06-23 12:39:51.124",
      "normalized_name": "Disappointed-Man/Disappointed-Man",
      "meme_name": "Disappointed-Man",
      "post_id": 37,
      "english_label": "contempt",
      "response_time_ms": 1204
    },
    {
      "image_path": "Persian-Cat-Room-Guardian/Persian-Cat-Room-Guardian_16.png",
      "label": "厭惡",
      "response_time": "00:00:01.304",
      "timestamp_unix": 1750682392,
      "timestamp_unix_ms": 1750682392475,
      "timestamp_readable": "2025-06-23 12:39:52.475",
      "normalized_name": "Persian-Cat-Room-Guardian/Persian-Cat-Room-Guardian",
      "meme_name": "Persian-Cat-Room-Guardian",
      "post_id": 16,
      "english_label": "disgust",
      "response_time_ms": 1304
    },
    {
      "image_path": "I-am-once-again-asking/I-am-once-again-asking_30.png",
      "label": "憤怒",
      "response_time": "00:00:01.202",
      "timestamp_unix": 1750682393,
      "timestamp_unix_ms": 1750682393756,
      "timestamp_readable": "2025-06-23 12:39:53.756",
      "normalized_name": "I-am-once-again-asking/I-am-once-again-asking",
      "meme_name": "I-am-once-again-asking",
      "post_id": 30,
      "english_label": "anger",
      "response_time_ms": 1202
    },
    {
      "image_path": "Scooby-doo-mask-reveal/Scooby-doo-mask-reveal_45.png",
      "label": "憤怒",
      "response_time": "00:00:01.805",
      "timestamp_unix": 1750682395,
      "timestamp_unix_ms": 1750682395673,
      "timestamp_readable": "2025-06-23 12:39:55.673",
      "normalized_name": "Scooby-doo-mask-reveal/Scooby-doo-mask-reveal",
      "meme_name": "Scooby-doo-mask-reveal",
      "post_id": 45,
      "english_label": "anger",
      "response_time_ms": 1805
    },
    {
      "image_path": "Futurama-Fry/Futurama-Fry_28.png",
      "label": "厭惡",
      "response_time": "00:00:01.606",
      "timestamp_unix": 1750682397,
      "timestamp_unix_ms": 1750682397364,
      "timestamp_readable": "2025-06-23 12:39:57.364",
      "normalized_name": "Futurama-Fry/Futurama-Fry",
      "meme_name": "Futurama-Fry",
      "post_id": 28,
      "english_label": "disgust",
      "response_time_ms": 1606
    },
    {
      "image_path": "Chill-guy/Chill-guy_39.png",
      "label": "其他",
      "response_time": "00:00:01.316",
      "timestamp_unix": 1750682398,
      "timestamp_unix_ms": 1750682398793,
      "timestamp_readable": "2025-06-23 12:39:58.793",
      "normalized_name": "Chill-guy/Chill-guy",
      "meme_name": "Chill-guy",
      "post_id": 39,
      "english_label": "others",
      "response_time_ms": 1316
    },
    {
      "image_path": "Table-Flip-Guy/Table-Flip-Guy_36.png",
      "label": "憤怒",
      "response_time": "00:00:01.802",
      "timestamp_unix": 1750682400,
      "timestamp_unix_ms": 1750682400693,
      "timestamp_readable": "2025-06-23 12:40:00.693",
      "normalized_name": "Table-Flip-Guy/Table-Flip-Guy",
      "meme_name": "Table-Flip-Guy",
      "post_id": 36,
      "english_label": "anger",
      "response_time_ms": 1802
    },
    {
      "image_path": "Angry-Baby/Angry-Baby_31.png",
      "label": "憤怒",
      "response_time": "00:00:01.003",
      "timestamp_unix": 1750682401,
      "timestamp_unix_ms": 1750682401795,
      "timestamp_readable": "2025-06-23 12:40:01.795",
      "normalized_name": "Angry-Baby/Angry-Baby",
      "meme_name": "Angry-Baby",
      "post_id": 31,
      "english_label": "anger",
      "response_time_ms": 1003
    },
    {
      "image_path": "Always-you-three/Always-you-three_40.png",
      "label": "輕蔑",
      "response_time": "00:00:02.604",
      "timestamp_unix": 1750682404,
      "timestamp_unix_ms": 1750682404496,
      "timestamp_readable": "2025-06-23 12:40:04.496",
      "normalized_name": "Always-you-three/Always-you-three",
      "meme_name": "Always-you-three",
      "post_id": 40,
      "english_label": "contempt",
      "response_time_ms": 2604
    },
    {
      "image_path": "Batman-Slapping-Robin/Batman-Slapping-Robin_12.png",
      "label": "輕蔑",
      "response_time": "00:00:01.300",
      "timestamp_unix": 1750682405,
      "timestamp_unix_ms": 1750682405898,
      "timestamp_readable": "2025-06-23 12:40:05.898",
      "normalized_name": "Batman-Slapping-Robin/Batman-Slapping-Robin",
      "meme_name": "Batman-Slapping-Robin",
      "post_id": 12,
      "english_label": "contempt",
      "response_time_ms": 1300
    },
    {
      "image_path": "Math-ladyConfused-lady/Math-ladyConfused-lady_18.png",
      "label": "其他",
      "response_time": "00:00:02.003",
      "timestamp_unix": 1750682408,
      "timestamp_unix_ms": 1750682408012,
      "timestamp_readable": "2025-06-23 12:40:08.012",
      "normalized_name": "Math-ladyConfused-lady/Math-ladyConfused-lady",
      "meme_name": "Math-ladyConfused-lady",
      "post_id": 18,
      "english_label": "others",
      "response_time_ms": 2003
    },
    {
      "image_path": "Surprised-Pikachu/Surprised-Pikachu_35.png",
      "label": "其他",
      "response_time": "00:00:01.805",
      "timestamp_unix": 1750682409,
      "timestamp_unix_ms": 1750682409846,
      "timestamp_readable": "2025-06-23 12:40:09.846",
      "normalized_name": "Surprised-Pikachu/Surprised-Pikachu",
      "meme_name": "Surprised-Pikachu",
      "post_id": 35,
      "english_label": "others",
      "response_time_ms": 1805
    },
    {
      "image_path": "Dinkleberg/Dinkleberg_8.png",
      "label": "憤怒",
      "response_time": "00:00:01.302",
      "timestamp_unix": 1750682411,
      "timestamp_unix_ms": 1750682411214,
      "timestamp_readable": "2025-06-23 12:40:11.214",
      "normalized_name": "Dinkleberg/Dinkleberg",
      "meme_name": "Dinkleberg",
      "post_id": 8,
      "english_label": "anger",
      "response_time_ms": 1302
    },
    {
      "image_path": "Khan/Khan_38.png",
      "label": "憤怒",
      "response_time": "00:00:01.103",
      "timestamp_unix": 1750682412,
      "timestamp_unix_ms": 1750682412365,
      "timestamp_readable": "2025-06-23 12:40:12.365",
      "normalized_name": "Khan/Khan",
      "meme_name": "Khan",
      "post_id": 38,
      "english_label": "anger",
      "response_time_ms": 1103
    },
    {
      "image_path": "Ill-Have-You-Know-Spongebob/Ill-Have-You-Know-Spongebob_47.png",
      "label": "厭惡",
      "response_time": "00:00:01.704",
      "timestamp_unix": 1750682414,
      "timestamp_unix_ms": 1750682414199,
      "timestamp_readable": "2025-06-23 12:40:14.199",
      "normalized_name": "Ill-Have-You-Know-Spongebob/Ill-Have-You-Know-Spongebob",
      "meme_name": "Ill-Have-You-Know-Spongebob",
      "post_id": 47,
      "english_label": "disgust",
      "response_time_ms": 1704
    },
    {
      "image_path": "Smudge-the-cat/Smudge-the-cat_50.png",
      "label": "憤怒",
      "response_time": "00:00:01.901",
      "timestamp_unix": 1750682416,
      "timestamp_unix_ms": 1750682416183,
      "timestamp_readable": "2025-06-23 12:40:16.183",
      "normalized_name": "Smudge-the-cat/Smudge-the-cat",
      "meme_name": "Smudge-the-cat",
      "post_id": 50,
      "english_label": "anger",
      "response_time_ms": 1901
    },
    {
      "image_path": "Spiderman-Hospital/Spiderman-Hospital_33.png",
      "label": "其他",
      "response_time": "00:00:02.105",
      "timestamp_unix": 1750682418,
      "timestamp_unix_ms": 1750682418399,
      "timestamp_readable": "2025-06-23 12:40:18.399",
      "normalized_name": "Spiderman-Hospital/Spiderman-Hospital",
      "meme_name": "Spiderman-Hospital",
      "post_id": 33,
      "english_label": "others",
      "response_time_ms": 2105
    },
    {
      "image_path": "Drake-NoYes/Drake-NoYes_25.png",
      "label": "輕蔑",
      "response_time": "00:00:01.706",
      "timestamp_unix": 1750682420,
      "timestamp_unix_ms": 1750682420151,
      "timestamp_readable": "2025-06-23 12:40:20.151",
      "normalized_name": "Drake-NoYes/Drake-NoYes",
      "meme_name": "Drake-NoYes",
      "post_id": 25,
      "english_label": "contempt",
      "response_time_ms": 1706
    },
    {
      "image_path": "attention_check/attention_check_Disgust.png",
      "label": "厭惡",
      "response_time": "00:00:02.403",
      "timestamp_unix": 1750682422,
      "timestamp_unix_ms": 1750682422621,
      "timestamp_readable": "2025-06-23 12:40:22.621",
      "normalized_name": "attention_check/attention_check_Disgust.png",
      "meme_name": "attention_check",
      "post_id": null,
      "english_label": "disgust",
      "response_time_ms": 2403
    },
    {
      "image_path": "Mr-incredible-mad/Mr-incredible-mad_4.png",
      "label": "憤怒",
      "response_time": "00:00:01.501",
      "timestamp_unix": 1750682424,
      "timestamp_unix_ms": 1750682424236,
      "timestamp_readable": "2025-06-23 12:40:24.236",
      "normalized_name": "Mr-incredible-mad/Mr-incredible-mad",
      "meme_name": "Mr-incredible-mad",
      "post_id": 4,
      "english_label": "anger",
      "response_time_ms": 1501
    },
    {
      "image_path": "Hide-the-Pain-Harold/Hide-the-Pain-Harold_43.png",
      "label": "其他",
      "response_time": "00:00:01.505",
      "timestamp_unix": 1750682425,
      "timestamp_unix_ms": 1750682425870,
      "timestamp_readable": "2025-06-23 12:40:25.870",
      "normalized_name": "Hide-the-Pain-Harold/Hide-the-Pain-Harold",
      "meme_name": "Hide-the-Pain-Harold",
      "post_id": 43,
      "english_label": "others",
      "response_time_ms": 1505
    },
    {
      "image_path": "Put-It-Somewhere-Else-Patrick/Put-It-Somewhere-Else-Patrick_32.png",
      "label": "憤怒",
      "response_time": "00:00:01.802",
      "timestamp_unix": 1750682427,
      "timestamp_unix_ms": 1750682427805,
      "timestamp_readable": "2025-06-23 12:40:27.805",
      "normalized_name": "Put-It-Somewhere-Else-Patrick/Put-It-Somewhere-Else-Patrick",
      "meme_name": "Put-It-Somewhere-Else-Patrick",
      "post_id": 32,
      "english_label": "anger",
      "response_time_ms": 1802
    },
    {
      "image_path": "Dave-chappelle/Dave-chappelle_21.png",
      "label": "其他",
      "response_time": "00:00:01.604",
      "timestamp_unix": 1750682429,
      "timestamp_unix_ms": 1750682429439,
      "timestamp_readable": "2025-06-23 12:40:29.439",
      "normalized_name": "Dave-chappelle/Dave-chappelle",
      "meme_name": "Dave-chappelle",
      "post_id": 21,
      "english_label": "others",
      "response_time_ms": 1604
    },
    {
      "image_path": "Afraid-To-Ask-Andy/Afraid-To-Ask-Andy_27.png",
      "label": "其他",
      "response_time": "00:00:01.602",
      "timestamp_unix": 1750682431,
      "timestamp_unix_ms": 1750682431171,
      "timestamp_readable": "2025-06-23 12:40:31.171",
      "normalized_name": "Afraid-To-Ask-Andy/Afraid-To-Ask-Andy",
      "meme_name": "Afraid-To-Ask-Andy",
      "post_id": 27,
      "english_label": "others",
      "response_time_ms": 1602
    },
    {
      "image_path": "Arthur-Fist/Arthur-Fist_2.png",
      "label": "憤怒",
      "response_time": "00:00:01.102",
      "timestamp_unix": 1750682432,
      "timestamp_unix_ms": 1750682432394,
      "timestamp_readable": "2025-06-23 12:40:32.394",
      "normalized_name": "Arthur-Fist/Arthur-Fist",
      "meme_name": "Arthur-Fist",
      "post_id": 2,
      "english_label": "anger",
      "response_time_ms": 1102
    },
    {
      "image_path": "Confused-Gandalf/Confused-Gandalf_29.png",
      "label": "輕蔑",
      "response_time": "00:00:02.216",
      "timestamp_unix": 1750682434,
      "timestamp_unix_ms": 1750682434690,
      "timestamp_readable": "2025-06-23 12:40:34.690",
      "normalized_name": "Confused-Gandalf/Confused-Gandalf",
      "meme_name": "Confused-Gandalf",
      "post_id": 29,
      "english_label": "contempt",
      "response_time_ms": 2216
    }
  ],
  "session_start_unix": 1750682308,
  "session_status": "completed",
  "last_updated_unix": 1750682451,
  "image_order": [
    "Spiderman-Hospital/Spiderman-Hospital_33.png",
    "Happy--Shock/Happy--Shock_34.png",
    "Chill-guy/Chill-guy_39.png",
    "I-am-once-again-asking/I-am-once-again-asking_30.png",
    "Math-ladyConfused-lady/Math-ladyConfused-lady_18.png",
    "Archer/Archer_15.png",
    "Leonardo-Dicaprio-Wolf-Of-Wall-Street/Leonardo-Dicaprio-Wolf-Of-Wall-Street_11.png",
    "Mocking-Spongebob/Mocking-Spongebob_13.png",
    "Afraid-To-Ask-Andy/Afraid-To-Ask-Andy_27.png",
    "Charlie-Day/Charlie-Day_17.png",
    "Always-Has-Been/Always-Has-Been_49.png",
    "Picard-Wtf/Picard-Wtf_14.png",
    "Batman-Slapping-Robin/Batman-Slapping-Robin_12.png",
    "For-the-better-right-blank/For-the-better-right-blank_1.png",
    "Drake-NoYes/Drake-NoYes_25.png",
    "Laughing-wolf/Laughing-wolf_5.png",
    "DJ-Pauly-D/DJ-Pauly-D_46.png",
    "Always-you-three/Always-you-three_40.png",
    "Disappointed-Man/Disappointed-Man_37.png",
    "Smudge-the-cat/Smudge-the-cat_50.png",
    "Thats-a-paddlin/Thats-a-paddlin_10.png",
    "attention_check/attention_check_Contempt.png",
    "Hide-the-Pain-Harold/Hide-the-Pain-Harold_43.png",
    "Hold-fart/Hold-fart_9.png",
    "Im-The-Captain-Now/Im-The-Captain-Now_7.png",
    "Obi-Wan-Kenobi/Obi-Wan-Kenobi_44.png",
    "Spongebob-Yelling/Spongebob-Yelling_24.png",
    "Nuclear-Explosion/Nuclear-Explosion_48.png",
    "Dinkleberg/Dinkleberg_8.png",
    "Scooby-doo-mask-reveal/Scooby-doo-mask-reveal_45.png",
    "Disaster-Girl/Disaster-Girl_41.png",
    "Black-guy-hiding-behind-tree/Black-guy-hiding-behind-tree_3.png",
    "You-The-Real-MVP/You-The-Real-MVP_6.png",
    "Moe-throws-Barney/Moe-throws-Barney_19.png",
    "Ill-Have-You-Know-Spongebob/Ill-Have-You-Know-Spongebob_47.png",
    "Futurama-Fry/Futurama-Fry_28.png",
    "Monkey-Puppet/Monkey-Puppet_20.png",
    "Confused-Gandalf/Confused-Gandalf_29.png",
    "Mr-incredible-mad/Mr-incredible-mad_4.png",
    "Dave-chappelle/Dave-chappelle_21.png",
    "Surprised-Pikachu/Surprised-Pikachu_35.png",
    "Table-Flip-Guy/Table-Flip-Guy_36.png",
    "Kevin-Hart/Kevin-Hart_42.png",
    "Well-Yes-But-Actually-No/Well-Yes-But-Actually-No_26.png",
    "attention_check/attention_check_Disgust.png",
    "Mr-McMahon-reaction/Mr-McMahon-reaction_23.png",
    "Gru-Gun/Gru-Gun_22.png",
    "Persian-Cat-Room-Guardian/Persian-Cat-Room-Guardian_16.png",
    "Put-It-Somewhere-Else-Patrick/Put-It-Somewhere-Else-Patrick_32.png",
    "Angry-Baby/Angry-Baby_31.png",
    "Arthur-Fist/Arthur-Fist_2.png",
    "Khan/Khan_38.png"
  ],
  "completion_status": {
    "practice_completed": true,
    "game_started": true,
    "game_completed": true,
    "summary_viewed": true,
    "email_submitted": true
  },
  "timestamps_unix": {
    "registration_completed": 1750682308,
    "practice_started": 1750682308,
    "practice_completed": 1750682332,
    "game_started": 1750682332,
    "first_label": 1750682335,
    "last_label": 1750682434,
    "game_completed": 1750682437,
    "summary_viewed": 1750682437,
    "email_submitted": 1750682451,
    "session_end": 1750682451,
    "last_updated": 1750682451
  },
  "timestamps_unix_ms": {
    "registration_completed_ms": 1750682308553,
    "practice_started_ms": 1750682308583,
    "practice_completed_ms": 1750682332826,
    "game_started_ms": 1750682332836,
    "first_label_ms": 1750682335821,
    "last_label_ms": 1750682434690,
    "game_completed_ms": 1750682437709,
    "summary_viewed_ms": 1750682437720,
    "email_submitted_ms": 1750682451086,
    "session_end_ms": 1750682451086,
    "last_updated_ms": 1750682451086
  },
  "duration_stats_ms": {
    "total_session_duration_ms": 142533,
    "practice_duration_ms": 24243,
    "game_duration_ms": 104873,
    "labeling_duration_ms": 98869,
    "email_submission_duration_ms": 13366
  },
  "filename_updated_unix": 1750682437,
  "original_filename": "user_a5d259",
  "completion_status_in_filename": "email_submitted"
}