{
  "user_id": "user_e53f75",
  "file_name": "user_e53f75",
  "unix_start_time": 1751292973,
  "unix_start_time_ms": 1751292973546,
  "unix_end_time": null,
  "unix_end_time_ms": null,
  "age": "18-24",
  "gender": "male",
  "user_agent": "Mozilla/5.0 (Macintosh; Intel Mac OS X 10_15_7) AppleWebKit/605.1.15 (KHTML, like Gecko) Version/18.3.1 Safari/605.1.15",
  "user_ip": "111.248.231.149",
  "status": "incomplete",
  "email_provided": "incomplete",
  "attention_passed": null,
  "start_time_readable": "2025-06-30 14:16:13.546",
  "end_time_readable": null,
  "total_labels": 0,
  "emotion_summary": {
    "anger": 0,
    "contempt": 0,
    "disgust": 0,
    "others": 0
  },
  "email": null,
  "participation": null,
  "total_responses": 0,
  "responses": [],
  "session_start_unix": 1751292973,
  "session_status": "active",
  "last_updated_unix": 1751292973,
  "image_order": [],
  "completion_status": {
    "practice_completed": false,
    "game_started": false,
    "game_completed": false,
    "summary_viewed": false,
    "email_submitted": false
  },
  "timestamps_unix": {
    "registration_completed": 1751292973,
    "practice_started": 1751292973,
    "practice_completed": null,
    "game_started": null,
    "first_label": null,
    "last_label": null,
    "game_completed": null,
    "summary_viewed": null,
    "email_submitted": null,
    "session_end": null,
    "last_updated": 1751292973
  },
  "timestamps_unix_ms": {
    "registration_completed_ms": 1751292973546,
    "practice_started_ms": 1751292973605,
    "practice_completed_ms": null,
    "game_started_ms": null,
    "first_label_ms": null,
    "last_label_ms": null,
    "game_completed_ms": null,
    "summary_viewed_ms": null,
    "email_submitted_ms": null,
    "session_end_ms": null,
    "last_updated_ms": 1751292973605
  },
  "duration_stats_ms": {
    "total_session_duration_ms": null,
    "practice_duration_ms": null,
    "game_duration_ms": null,
    "labeling_duration_ms": null,
    "email_submission_duration_ms": null
  }
}