{
  "user_id": "user_7c90d6",
  "file_name": "user_7c90d6_1749999544_1750000058_fullycomplete",
  "unix_start_time": 1749999544,
  "unix_start_time_ms": 1749999544528,
  "unix_end_time": 1750000058,
  "unix_end_time_ms": 1750000058604,
  "age": "25-29",
  "gender": "female",
  "user_agent": "Mozilla/5.0 (Macintosh; Intel Mac OS X 10_15_7) AppleWebKit/537.36 (KHTML, like Gecko) Chrome/137.0.0.0 Safari/537.36",
  "user_ip": "124.218.39.231",
  "status": "complete",
  "email_provided": "complete",
  "attention_passed": true,
  "start_time_readable": "2025-06-15 14:59:04.528",
  "end_time_readable": "2025-06-15 15:07:38.604",
  "total_labels": 52,
  "emotion_summary": {
    "anger": 16,
    "contempt": 19,
    "disgust": 9,
    "others": 8
  },
  "email": "alesha0820@gmail.com",
  "participation": "yes",
  "total_responses": 52,
  "responses": [
    {
      "image_path": "Picard-Wtf/Picard-Wtf_40.png",
      "label": "厭惡",
      "response_time": "00:00:40.300",
      "timestamp_unix": 1749999687,
      "timestamp_unix_ms": 1749999687631,
      "timestamp_readable": "2025-06-15 15:01:27.631",
      "normalized_name": "Picard-Wtf/Picard-Wtf",
      "meme_name": "Picard-Wtf",
      "post_id": 40,
      "english_label": "disgust",
      "response_time_ms": 40300
    },
    {
      "image_path": "Confused-Gandalf/Confused-Gandalf_27.png",
      "label": "輕蔑",
      "response_time": "00:00:10.001",
      "timestamp_unix": 1749999697,
      "timestamp_unix_ms": 1749999697734,
      "timestamp_readable": "2025-06-15 15:01:37.734",
      "normalized_name": "Confused-Gandalf/Confused-Gandalf",
      "meme_name": "Confused-Gandalf",
      "post_id": 27,
      "english_label": "contempt",
      "response_time_ms": 10001
    },
    {
      "image_path": "Smudge-the-cat/Smudge-the-cat_14.png",
      "label": "憤怒",
      "response_time": "00:00:07.301",
      "timestamp_unix": 1749999705,
      "timestamp_unix_ms": 1749999705100,
      "timestamp_readable": "2025-06-15 15:01:45.100",
      "normalized_name": "Smudge-the-cat/Smudge-the-cat",
      "meme_name": "Smudge-the-cat",
      "post_id": 14,
      "english_label": "anger",
      "response_time_ms": 7301
    },
    {
      "image_path": "Moe-throws-Barney/Moe-throws-Barney_13.png",
      "label": "輕蔑",
      "response_time": "00:00:45.800",
      "timestamp_unix": 1749999751,
      "timestamp_unix_ms": 1749999751034,
      "timestamp_readable": "2025-06-15 15:02:31.034",
      "normalized_name": "Moe-throws-Barney/Moe-throws-Barney",
      "meme_name": "Moe-throws-Barney",
      "post_id": 13,
      "english_label": "contempt",
      "response_time_ms": 45800
    },
    {
      "image_path": "Math-ladyConfused-lady/Math-ladyConfused-lady_44.png",
      "label": "其他",
      "response_time": "00:00:06.301",
      "timestamp_unix": 1749999757,
      "timestamp_unix_ms": 1749999757432,
      "timestamp_readable": "2025-06-15 15:02:37.432",
      "normalized_name": "Math-ladyConfused-lady/Math-ladyConfused-lady",
      "meme_name": "Math-ladyConfused-lady",
      "post_id": 44,
      "english_label": "others",
      "response_time_ms": 6301
    },
    {
      "image_path": "Always-you-three/Always-you-three_19.png",
      "label": "厭惡",
      "response_time": "00:00:42.201",
      "timestamp_unix": 1749999799,
      "timestamp_unix_ms": 1749999799734,
      "timestamp_readable": "2025-06-15 15:03:19.734",
      "normalized_name": "Always-you-three/Always-you-three",
      "meme_name": "Always-you-three",
      "post_id": 19,
      "english_label": "disgust",
      "response_time_ms": 42201
    },
    {
      "image_path": "Surprised-Pikachu/Surprised-Pikachu_1.png",
      "label": "其他",
      "response_time": "00:00:08.001",
      "timestamp_unix": 1749999807,
      "timestamp_unix_ms": 1749999807780,
      "timestamp_readable": "2025-06-15 15:03:27.780",
      "normalized_name": "Surprised-Pikachu/Surprised-Pikachu",
      "meme_name": "Surprised-Pikachu",
      "post_id": 1,
      "english_label": "others",
      "response_time_ms": 8001
    },
    {
      "image_path": "Arthur-Fist/Arthur-Fist_24.png",
      "label": "憤怒",
      "response_time": "00:00:04.402",
      "timestamp_unix": 1749999812,
      "timestamp_unix_ms": 1749999812231,
      "timestamp_readable": "2025-06-15 15:03:32.231",
      "normalized_name": "Arthur-Fist/Arthur-Fist",
      "meme_name": "Arthur-Fist",
      "post_id": 24,
      "english_label": "anger",
      "response_time_ms": 4402
    },
    {
      "image_path": "Scooby-doo-mask-reveal/Scooby-doo-mask-reveal_4.png",
      "label": "厭惡",
      "response_time": "00:00:10.401",
      "timestamp_unix": 1749999822,
      "timestamp_unix_ms": 1749999822682,
      "timestamp_readable": "2025-06-15 15:03:42.682",
      "normalized_name": "Scooby-doo-mask-reveal/Scooby-doo-mask-reveal",
      "meme_name": "Scooby-doo-mask-reveal",
      "post_id": 4,
      "english_label": "disgust",
      "response_time_ms": 10401
    },
    {
      "image_path": "Batman-Slapping-Robin/Batman-Slapping-Robin_35.png",
      "label": "憤怒",
      "response_time": "00:00:02.101",
      "timestamp_unix": 1749999824,
      "timestamp_unix_ms": 1749999824858,
      "timestamp_readable": "2025-06-15 15:03:44.858",
      "normalized_name": "Batman-Slapping-Robin/Batman-Slapping-Robin",
      "meme_name": "Batman-Slapping-Robin",
      "post_id": 35,
      "english_label": "anger",
      "response_time_ms": 2101
    },
    {
      "image_path": "Disappointed-Man/Disappointed-Man_37.png",
      "label": "厭惡",
      "response_time": "00:00:04.801",
      "timestamp_unix": 1749999829,
      "timestamp_unix_ms": 1749999829701,
      "timestamp_readable": "2025-06-15 15:03:49.701",
      "normalized_name": "Disappointed-Man/Disappointed-Man",
      "meme_name": "Disappointed-Man",
      "post_id": 37,
      "english_label": "disgust",
      "response_time_ms": 4801
    },
    {
      "image_path": "Angry-Baby/Angry-Baby_17.png",
      "label": "憤怒",
      "response_time": "00:00:02.002",
      "timestamp_unix": 1749999831,
      "timestamp_unix_ms": 1749999831767,
      "timestamp_readable": "2025-06-15 15:03:51.767",
      "normalized_name": "Angry-Baby/Angry-Baby",
      "meme_name": "Angry-Baby",
      "post_id": 17,
      "english_label": "anger",
      "response_time_ms": 2002
    },
    {
      "image_path": "Hide-the-Pain-Harold/Hide-the-Pain-Harold_38.png",
      "label": "輕蔑",
      "response_time": "00:00:02.202",
      "timestamp_unix": 1749999834,
      "timestamp_unix_ms": 1749999834048,
      "timestamp_readable": "2025-06-15 15:03:54.048",
      "normalized_name": "Hide-the-Pain-Harold/Hide-the-Pain-Harold",
      "meme_name": "Hide-the-Pain-Harold",
      "post_id": 38,
      "english_label": "contempt",
      "response_time_ms": 2202
    },
    {
      "image_path": "Afraid-To-Ask-Andy/Afraid-To-Ask-Andy_39.png",
      "label": "厭惡",
      "response_time": "00:00:06.502",
      "timestamp_unix": 1749999840,
      "timestamp_unix_ms": 1749999840678,
      "timestamp_readable": "2025-06-15 15:04:00.678",
      "normalized_name": "Afraid-To-Ask-Andy/Afraid-To-Ask-Andy",
      "meme_name": "Afraid-To-Ask-Andy",
      "post_id": 39,
      "english_label": "disgust",
      "response_time_ms": 6502
    },
    {
      "image_path": "Laughing-wolf/Laughing-wolf_10.png",
      "label": "輕蔑",
      "response_time": "00:00:03.500",
      "timestamp_unix": 1749999844,
      "timestamp_unix_ms": 1749999844284,
      "timestamp_readable": "2025-06-15 15:04:04.284",
      "normalized_name": "Laughing-wolf/Laughing-wolf",
      "meme_name": "Laughing-wolf",
      "post_id": 10,
      "english_label": "contempt",
      "response_time_ms": 3500
    },
    {
      "image_path": "Spongebob-Yelling/Spongebob-Yelling_33.png",
      "label": "憤怒",
      "response_time": "00:00:01.701",
      "timestamp_unix": 1749999846,
      "timestamp_unix_ms": 1749999846082,
      "timestamp_readable": "2025-06-15 15:04:06.082",
      "normalized_name": "Spongebob-Yelling/Spongebob-Yelling",
      "meme_name": "Spongebob-Yelling",
      "post_id": 33,
      "english_label": "anger",
      "response_time_ms": 1701
    },
    {
      "image_path": "Kevin-Hart/Kevin-Hart_28.png",
      "label": "輕蔑",
      "response_time": "00:00:10.801",
      "timestamp_unix": 1749999856,
      "timestamp_unix_ms": 1749999856979,
      "timestamp_readable": "2025-06-15 15:04:16.979",
      "normalized_name": "Kevin-Hart/Kevin-Hart",
      "meme_name": "Kevin-Hart",
      "post_id": 28,
      "english_label": "contempt",
      "response_time_ms": 10801
    },
    {
      "image_path": "Mr-incredible-mad/Mr-incredible-mad_29.png",
      "label": "憤怒",
      "response_time": "00:00:01.801",
      "timestamp_unix": 1749999858,
      "timestamp_unix_ms": 1749999858867,
      "timestamp_readable": "2025-06-15 15:04:18.867",
      "normalized_name": "Mr-incredible-mad/Mr-incredible-mad",
      "meme_name": "Mr-incredible-mad",
      "post_id": 29,
      "english_label": "anger",
      "response_time_ms": 1801
    },
    {
      "image_path": "Thats-a-paddlin/Thats-a-paddlin_9.png",
      "label": "憤怒",
      "response_time": "00:00:03.202",
      "timestamp_unix": 1749999862,
      "timestamp_unix_ms": 1749999862164,
      "timestamp_readable": "2025-06-15 15:04:22.164",
      "normalized_name": "Thats-a-paddlin/Thats-a-paddlin",
      "meme_name": "Thats-a-paddlin",
      "post_id": 9,
      "english_label": "anger",
      "response_time_ms": 3202
    },
    {
      "image_path": "Persian-Cat-Room-Guardian/Persian-Cat-Room-Guardian_31.png",
      "label": "其他",
      "response_time": "00:00:23.801",
      "timestamp_unix": 1749999886,
      "timestamp_unix_ms": 1749999886034,
      "timestamp_readable": "2025-06-15 15:04:46.034",
      "normalized_name": "Persian-Cat-Room-Guardian/Persian-Cat-Room-Guardian",
      "meme_name": "Persian-Cat-Room-Guardian",
      "post_id": 31,
      "english_label": "others",
      "response_time_ms": 23801
    },
    {
      "image_path": "DJ-Pauly-D/DJ-Pauly-D_8.png",
      "label": "憤怒",
      "response_time": "00:00:02.800",
      "timestamp_unix": 1749999888,
      "timestamp_unix_ms": 1749999888952,
      "timestamp_readable": "2025-06-15 15:04:48.952",
      "normalized_name": "DJ-Pauly-D/DJ-Pauly-D",
      "meme_name": "DJ-Pauly-D",
      "post_id": 8,
      "english_label": "anger",
      "response_time_ms": 2800
    },
    {
      "image_path": "Gru-Gun/Gru-Gun_41.png",
      "label": "輕蔑",
      "response_time": "00:00:07.000",
      "timestamp_unix": 1749999896,
      "timestamp_unix_ms": 1749999896067,
      "timestamp_readable": "2025-06-15 15:04:56.067",
      "normalized_name": "Gru-Gun/Gru-Gun",
      "meme_name": "Gru-Gun",
      "post_id": 41,
      "english_label": "contempt",
      "response_time_ms": 7000
    },
    {
      "image_path": "attention_check/attention_check_Anger.png",
      "label": "憤怒",
      "response_time": "00:00:01.906",
      "timestamp_unix": 1749999898,
      "timestamp_unix_ms": 1749999898068,
      "timestamp_readable": "2025-06-15 15:04:58.068",
      "normalized_name": "attention_check/attention_check_Anger.png",
      "meme_name": "attention_check",
      "post_id": null,
      "english_label": "anger",
      "response_time_ms": 1906
    },
    {
      "image_path": "Chill-guy/Chill-guy_30.png",
      "label": "輕蔑",
      "response_time": "00:00:07.102",
      "timestamp_unix": 1749999905,
      "timestamp_unix_ms": 1749999905301,
      "timestamp_readable": "2025-06-15 15:05:05.301",
      "normalized_name": "Chill-guy/Chill-guy",
      "meme_name": "Chill-guy",
      "post_id": 30,
      "english_label": "contempt",
      "response_time_ms": 7102
    },
    {
      "image_path": "I-am-once-again-asking/I-am-once-again-asking_5.png",
      "label": "其他",
      "response_time": "00:00:19.301",
      "timestamp_unix": 1749999924,
      "timestamp_unix_ms": 1749999924668,
      "timestamp_readable": "2025-06-15 15:05:24.668",
      "normalized_name": "I-am-once-again-asking/I-am-once-again-asking",
      "meme_name": "I-am-once-again-asking",
      "post_id": 5,
      "english_label": "others",
      "response_time_ms": 19301
    },
    {
      "image_path": "Hold-fart/Hold-fart_18.png",
      "label": "憤怒",
      "response_time": "00:00:03.501",
      "timestamp_unix": 1749999928,
      "timestamp_unix_ms": 1749999928302,
      "timestamp_readable": "2025-06-15 15:05:28.302",
      "normalized_name": "Hold-fart/Hold-fart",
      "meme_name": "Hold-fart",
      "post_id": 18,
      "english_label": "anger",
      "response_time_ms": 3501
    },
    {
      "image_path": "Archer/Archer_47.png",
      "label": "其他",
      "response_time": "00:00:04.802",
      "timestamp_unix": 1749999933,
      "timestamp_unix_ms": 1749999933201,
      "timestamp_readable": "2025-06-15 15:05:33.201",
      "normalized_name": "Archer/Archer",
      "meme_name": "Archer",
      "post_id": 47,
      "english_label": "others",
      "response_time_ms": 4802
    },
    {
      "image_path": "Disaster-Girl/Disaster-Girl_21.png",
      "label": "輕蔑",
      "response_time": "00:00:04.302",
      "timestamp_unix": 1749999937,
      "timestamp_unix_ms": 1749999937601,
      "timestamp_readable": "2025-06-15 15:05:37.601",
      "normalized_name": "Disaster-Girl/Disaster-Girl",
      "meme_name": "Disaster-Girl",
      "post_id": 21,
      "english_label": "contempt",
      "response_time_ms": 4302
    },
    {
      "image_path": "Nuclear-Explosion/Nuclear-Explosion_45.png",
      "label": "憤怒",
      "response_time": "00:00:02.101",
      "timestamp_unix": 1749999939,
      "timestamp_unix_ms": 1749999939833,
      "timestamp_readable": "2025-06-15 15:05:39.833",
      "normalized_name": "Nuclear-Explosion/Nuclear-Explosion",
      "meme_name": "Nuclear-Explosion",
      "post_id": 45,
      "english_label": "anger",
      "response_time_ms": 2101
    },
    {
      "image_path": "Khan/Khan_32.png",
      "label": "憤怒",
      "response_time": "00:00:01.202",
      "timestamp_unix": 1749999941,
      "timestamp_unix_ms": 1749999941102,
      "timestamp_readable": "2025-06-15 15:05:41.102",
      "normalized_name": "Khan/Khan",
      "meme_name": "Khan",
      "post_id": 32,
      "english_label": "anger",
      "response_time_ms": 1202
    },
    {
      "image_path": "Mr-McMahon-reaction/Mr-McMahon-reaction_15.png",
      "label": "憤怒",
      "response_time": "00:00:01.500",
      "timestamp_unix": 1749999942,
      "timestamp_unix_ms": 1749999942685,
      "timestamp_readable": "2025-06-15 15:05:42.685",
      "normalized_name": "Mr-McMahon-reaction/Mr-McMahon-reaction",
      "meme_name": "Mr-McMahon-reaction",
      "post_id": 15,
      "english_label": "anger",
      "response_time_ms": 1500
    },
    {
      "image_path": "Black-guy-hiding-behind-tree/Black-guy-hiding-behind-tree_50.png",
      "label": "輕蔑",
      "response_time": "00:00:02.100",
      "timestamp_unix": 1749999944,
      "timestamp_unix_ms": 1749999944846,
      "timestamp_readable": "2025-06-15 15:05:44.846",
      "normalized_name": "Black-guy-hiding-behind-tree/Black-guy-hiding-behind-tree",
      "meme_name": "Black-guy-hiding-behind-tree",
      "post_id": 50,
      "english_label": "contempt",
      "response_time_ms": 2100
    },
    {
      "image_path": "Dave-chappelle/Dave-chappelle_23.png",
      "label": "其他",
      "response_time": "00:00:02.001",
      "timestamp_unix": 1749999946,
      "timestamp_unix_ms": 1749999946901,
      "timestamp_readable": "2025-06-15 15:05:46.901",
      "normalized_name": "Dave-chappelle/Dave-chappelle",
      "meme_name": "Dave-chappelle",
      "post_id": 23,
      "english_label": "others",
      "response_time_ms": 2001
    },
    {
      "image_path": "Happy--Shock/Happy--Shock_25.png",
      "label": "厭惡",
      "response_time": "00:00:03.201",
      "timestamp_unix": 1749999950,
      "timestamp_unix_ms": 1749999950234,
      "timestamp_readable": "2025-06-15 15:05:50.234",
      "normalized_name": "Happy--Shock/Happy--Shock",
      "meme_name": "Happy--Shock",
      "post_id": 25,
      "english_label": "disgust",
      "response_time_ms": 3201
    },
    {
      "image_path": "Charlie-Day/Charlie-Day_16.png",
      "label": "憤怒",
      "response_time": "00:00:01.600",
      "timestamp_unix": 1749999951,
      "timestamp_unix_ms": 1749999951917,
      "timestamp_readable": "2025-06-15 15:05:51.917",
      "normalized_name": "Charlie-Day/Charlie-Day",
      "meme_name": "Charlie-Day",
      "post_id": 16,
      "english_label": "anger",
      "response_time_ms": 1600
    },
    {
      "image_path": "Put-It-Somewhere-Else-Patrick/Put-It-Somewhere-Else-Patrick_26.png",
      "label": "憤怒",
      "response_time": "00:00:11.302",
      "timestamp_unix": 1749999963,
      "timestamp_unix_ms": 1749999963352,
      "timestamp_readable": "2025-06-15 15:06:03.352",
      "normalized_name": "Put-It-Somewhere-Else-Patrick/Put-It-Somewhere-Else-Patrick",
      "meme_name": "Put-It-Somewhere-Else-Patrick",
      "post_id": 26,
      "english_label": "anger",
      "response_time_ms": 11302
    },
    {
      "image_path": "Im-The-Captain-Now/Im-The-Captain-Now_2.png",
      "label": "輕蔑",
      "response_time": "00:00:06.101",
      "timestamp_unix": 1749999969,
      "timestamp_unix_ms": 1749999969549,
      "timestamp_readable": "2025-06-15 15:06:09.549",
      "normalized_name": "Im-The-Captain-Now/Im-The-Captain-Now",
      "meme_name": "Im-The-Captain-Now",
      "post_id": 2,
      "english_label": "contempt",
      "response_time_ms": 6101
    },
    {
      "image_path": "Monkey-Puppet/Monkey-Puppet_11.png",
      "label": "輕蔑",
      "response_time": "00:00:11.402",
      "timestamp_unix": 1749999981,
      "timestamp_unix_ms": 1749999981055,
      "timestamp_readable": "2025-06-15 15:06:21.055",
      "normalized_name": "Monkey-Puppet/Monkey-Puppet",
      "meme_name": "Monkey-Puppet",
      "post_id": 11,
      "english_label": "contempt",
      "response_time_ms": 11402
    },
    {
      "image_path": "Spiderman-Hospital/Spiderman-Hospital_12.png",
      "label": "其他",
      "response_time": "00:00:04.800",
      "timestamp_unix": 1749999985,
      "timestamp_unix_ms": 1749999985936,
      "timestamp_readable": "2025-06-15 15:06:25.936",
      "normalized_name": "Spiderman-Hospital/Spiderman-Hospital",
      "meme_name": "Spiderman-Hospital",
      "post_id": 12,
      "english_label": "others",
      "response_time_ms": 4800
    },
    {
      "image_path": "Table-Flip-Guy/Table-Flip-Guy_34.png",
      "label": "憤怒",
      "response_time": "00:00:04.501",
      "timestamp_unix": 1749999990,
      "timestamp_unix_ms": 1749999990514,
      "timestamp_readable": "2025-06-15 15:06:30.514",
      "normalized_name": "Table-Flip-Guy/Table-Flip-Guy",
      "meme_name": "Table-Flip-Guy",
      "post_id": 34,
      "english_label": "anger",
      "response_time_ms": 4501
    },
    {
      "image_path": "Ill-Have-You-Know-Spongebob/Ill-Have-You-Know-Spongebob_36.png",
      "label": "輕蔑",
      "response_time": "00:00:01.507",
      "timestamp_unix": 1749999992,
      "timestamp_unix_ms": 1749999992063,
      "timestamp_readable": "2025-06-15 15:06:32.063",
      "normalized_name": "Ill-Have-You-Know-Spongebob/Ill-Have-You-Know-Spongebob",
      "meme_name": "Ill-Have-You-Know-Spongebob",
      "post_id": 36,
      "english_label": "contempt",
      "response_time_ms": 1507
    },
    {
      "image_path": "Well-Yes-But-Actually-No/Well-Yes-But-Actually-No_20.png",
      "label": "輕蔑",
      "response_time": "00:00:03.202",
      "timestamp_unix": 1749999995,
      "timestamp_unix_ms": 1749999995365,
      "timestamp_readable": "2025-06-15 15:06:35.365",
      "normalized_name": "Well-Yes-But-Actually-No/Well-Yes-But-Actually-No",
      "meme_name": "Well-Yes-But-Actually-No",
      "post_id": 20,
      "english_label": "contempt",
      "response_time_ms": 3202
    },
    {
      "image_path": "Obi-Wan-Kenobi/Obi-Wan-Kenobi_46.png",
      "label": "輕蔑",
      "response_time": "00:00:01.701",
      "timestamp_unix": 1749999997,
      "timestamp_unix_ms": 1749999997149,
      "timestamp_readable": "2025-06-15 15:06:37.149",
      "normalized_name": "Obi-Wan-Kenobi/Obi-Wan-Kenobi",
      "meme_name": "Obi-Wan-Kenobi",
      "post_id": 46,
      "english_label": "contempt",
      "response_time_ms": 1701
    },
    {
      "image_path": "Leonardo-Dicaprio-Wolf-Of-Wall-Street/Leonardo-Dicaprio-Wolf-Of-Wall-Street_49.png",
      "label": "輕蔑",
      "response_time": "00:00:04.101",
      "timestamp_unix": 1750000001,
      "timestamp_unix_ms": 1750000001351,
      "timestamp_readable": "2025-06-15 15:06:41.351",
      "normalized_name": "Leonardo-Dicaprio-Wolf-Of-Wall-Street/Leonardo-Dicaprio-Wolf-Of-Wall-Street",
      "meme_name": "Leonardo-Dicaprio-Wolf-Of-Wall-Street",
      "post_id": 49,
      "english_label": "contempt",
      "response_time_ms": 4101
    },
    {
      "image_path": "Futurama-Fry/Futurama-Fry_3.png",
      "label": "厭惡",
      "response_time": "00:00:02.302",
      "timestamp_unix": 1750000003,
      "timestamp_unix_ms": 1750000003732,
      "timestamp_readable": "2025-06-15 15:06:43.732",
      "normalized_name": "Futurama-Fry/Futurama-Fry",
      "meme_name": "Futurama-Fry",
      "post_id": 3,
      "english_label": "disgust",
      "response_time_ms": 2302
    },
    {
      "image_path": "For-the-better-right-blank/For-the-better-right-blank_43.png",
      "label": "輕蔑",
      "response_time": "00:00:10.900",
      "timestamp_unix": 1750000014,
      "timestamp_unix_ms": 1750000014731,
      "timestamp_readable": "2025-06-15 15:06:54.731",
      "normalized_name": "For-the-better-right-blank/For-the-better-right-blank",
      "meme_name": "For-the-better-right-blank",
      "post_id": 43,
      "english_label": "contempt",
      "response_time_ms": 10900
    },
    {
      "image_path": "Mocking-Spongebob/Mocking-Spongebob_7.png",
      "label": "輕蔑",
      "response_time": "00:00:03.502",
      "timestamp_unix": 1750000018,
      "timestamp_unix_ms": 1750000018282,
      "timestamp_readable": "2025-06-15 15:06:58.282",
      "normalized_name": "Mocking-Spongebob/Mocking-Spongebob",
      "meme_name": "Mocking-Spongebob",
      "post_id": 7,
      "english_label": "contempt",
      "response_time_ms": 3502
    },
    {
      "image_path": "attention_check/attention_check_Contempt.png",
      "label": "輕蔑",
      "response_time": "00:00:02.501",
      "timestamp_unix": 1750000020,
      "timestamp_unix_ms": 1750000020881,
      "timestamp_readable": "2025-06-15 15:07:00.881",
      "normalized_name": "attention_check/attention_check_Contempt.png",
      "meme_name": "attention_check",
      "post_id": null,
      "english_label": "contempt",
      "response_time_ms": 2501
    },
    {
      "image_path": "You-The-Real-MVP/You-The-Real-MVP_42.png",
      "label": "輕蔑",
      "response_time": "00:00:03.108",
      "timestamp_unix": 1750000024,
      "timestamp_unix_ms": 1750000024081,
      "timestamp_readable": "2025-06-15 15:07:04.081",
      "normalized_name": "You-The-Real-MVP/You-The-Real-MVP",
      "meme_name": "You-The-Real-MVP",
      "post_id": 42,
      "english_label": "contempt",
      "response_time_ms": 3108
    },
    {
      "image_path": "Always-Has-Been/Always-Has-Been_48.png",
      "label": "厭惡",
      "response_time": "00:00:04.801",
      "timestamp_unix": 1750000028,
      "timestamp_unix_ms": 1750000028995,
      "timestamp_readable": "2025-06-15 15:07:08.995",
      "normalized_name": "Always-Has-Been/Always-Has-Been",
      "meme_name": "Always-Has-Been",
      "post_id": 48,
      "english_label": "disgust",
      "response_time_ms": 4801
    },
    {
      "image_path": "Drake-NoYes/Drake-NoYes_6.png",
      "label": "其他",
      "response_time": "00:00:04.709",
      "timestamp_unix": 1750000033,
      "timestamp_unix_ms": 1750000033817,
      "timestamp_readable": "2025-06-15 15:07:13.817",
      "normalized_name": "Drake-NoYes/Drake-NoYes",
      "meme_name": "Drake-NoYes",
      "post_id": 6,
      "english_label": "others",
      "response_time_ms": 4709
    },
    {
      "image_path": "Dinkleberg/Dinkleberg_22.png",
      "label": "厭惡",
      "response_time": "00:00:02.501",
      "timestamp_unix": 1750000036,
      "timestamp_unix_ms": 1750000036361,
      "timestamp_readable": "2025-06-15 15:07:16.361",
      "normalized_name": "Dinkleberg/Dinkleberg",
      "meme_name": "Dinkleberg",
      "post_id": 22,
      "english_label": "disgust",
      "response_time_ms": 2501
    }
  ],
  "session_start_unix": 1749999544,
  "session_status": "completed",
  "last_updated_unix": 1750000058,
  "image_order": [
    "Spiderman-Hospital/Spiderman-Hospital_12.png",
    "Happy--Shock/Happy--Shock_25.png",
    "Chill-guy/Chill-guy_30.png",
    "I-am-once-again-asking/I-am-once-again-asking_5.png",
    "Math-ladyConfused-lady/Math-ladyConfused-lady_44.png",
    "Archer/Archer_47.png",
    "Leonardo-Dicaprio-Wolf-Of-Wall-Street/Leonardo-Dicaprio-Wolf-Of-Wall-Street_49.png",
    "Mocking-Spongebob/Mocking-Spongebob_7.png",
    "Afraid-To-Ask-Andy/Afraid-To-Ask-Andy_39.png",
    "Charlie-Day/Charlie-Day_16.png",
    "Always-Has-Been/Always-Has-Been_48.png",
    "Picard-Wtf/Picard-Wtf_40.png",
    "Batman-Slapping-Robin/Batman-Slapping-Robin_35.png",
    "For-the-better-right-blank/For-the-better-right-blank_43.png",
    "Drake-NoYes/Drake-NoYes_6.png",
    "Laughing-wolf/Laughing-wolf_10.png",
    "DJ-Pauly-D/DJ-Pauly-D_8.png",
    "Always-you-three/Always-you-three_19.png",
    "Disappointed-Man/Disappointed-Man_37.png",
    "Smudge-the-cat/Smudge-the-cat_14.png",
    "Thats-a-paddlin/Thats-a-paddlin_9.png",
    "Hide-the-Pain-Harold/Hide-the-Pain-Harold_38.png",
    "attention_check/attention_check_Anger.png",
    "Hold-fart/Hold-fart_18.png",
    "Im-The-Captain-Now/Im-The-Captain-Now_2.png",
    "Obi-Wan-Kenobi/Obi-Wan-Kenobi_46.png",
    "Spongebob-Yelling/Spongebob-Yelling_33.png",
    "Nuclear-Explosion/Nuclear-Explosion_45.png",
    "Dinkleberg/Dinkleberg_22.png",
    "Scooby-doo-mask-reveal/Scooby-doo-mask-reveal_4.png",
    "Disaster-Girl/Disaster-Girl_21.png",
    "Black-guy-hiding-behind-tree/Black-guy-hiding-behind-tree_50.png",
    "You-The-Real-MVP/You-The-Real-MVP_42.png",
    "Moe-throws-Barney/Moe-throws-Barney_13.png",
    "Ill-Have-You-Know-Spongebob/Ill-Have-You-Know-Spongebob_36.png",
    "Futurama-Fry/Futurama-Fry_3.png",
    "Monkey-Puppet/Monkey-Puppet_11.png",
    "Confused-Gandalf/Confused-Gandalf_27.png",
    "Mr-incredible-mad/Mr-incredible-mad_29.png",
    "Dave-chappelle/Dave-chappelle_23.png",
    "Surprised-Pikachu/Surprised-Pikachu_1.png",
    "Table-Flip-Guy/Table-Flip-Guy_34.png",
    "Kevin-Hart/Kevin-Hart_28.png",
    "Well-Yes-But-Actually-No/Well-Yes-But-Actually-No_20.png",
    "Mr-McMahon-reaction/Mr-McMahon-reaction_15.png",
    "Gru-Gun/Gru-Gun_41.png",
    "Persian-Cat-Room-Guardian/Persian-Cat-Room-Guardian_31.png",
    "attention_check/attention_check_Contempt.png",
    "Put-It-Somewhere-Else-Patrick/Put-It-Somewhere-Else-Patrick_26.png",
    "Angry-Baby/Angry-Baby_17.png",
    "Arthur-Fist/Arthur-Fist_24.png",
    "Khan/Khan_32.png"
  ],
  "completion_status": {
    "practice_completed": true,
    "game_started": true,
    "game_completed": true,
    "summary_viewed": true,
    "email_submitted": true
  },
  "timestamps_unix": {
    "registration_completed": 1749999544,
    "practice_started": 1749999544,
    "practice_completed": 1749999647,
    "game_started": 1749999647,
    "first_label": 1749999687,
    "last_label": 1750000036,
    "game_completed": 1750000039,
    "summary_viewed": 1750000039,
    "email_submitted": 1750000058,
    "session_end": 1750000058,
    "last_updated": 1750000058
  },
  "timestamps_unix_ms": {
    "registration_completed_ms": 1749999544528,
    "practice_started_ms": 1749999544556,
    "practice_completed_ms": 1749999647219,
    "game_started_ms": 1749999647227,
    "first_label_ms": 1749999687631,
    "last_label_ms": 1750000036361,
    "game_completed_ms": 1750000039036,
    "summary_viewed_ms": 1750000039044,
    "email_submitted_ms": 1750000058596,
    "session_end_ms": 1750000058596,
    "last_updated_ms": 1750000058596
  },
  "duration_stats_ms": {
    "total_session_duration_ms": 514068,
    "practice_duration_ms": 102663,
    "game_duration_ms": 391809,
    "labeling_duration_ms": 348730,
    "email_submission_duration_ms": 19552
  },
  "filename_updated_unix": 1750000039,
  "original_filename": "user_7c90d6",
  "completion_status_in_filename": "email_submitted"
}