{
  "user_id": "user_a2ef7b",
  "file_name": "user_a2ef7b",
  "unix_start_time": 1751513283,
  "unix_start_time_ms": 1751513283768,
  "unix_end_time": null,
  "unix_end_time_ms": null,
  "age": "18-24",
  "gender": "male",
  "user_agent": "Mozilla/5.0 (Windows NT 10.0; Win64; x64) AppleWebKit/537.36 (KHTML, like Gecko) Chrome/137.0.0.0 Safari/537.36",
  "user_ip": "106.104.112.234",
  "status": "incomplete",
  "email_provided": "incomplete",
  "attention_passed": null,
  "start_time_readable": "2025-07-03 03:28:03.768",
  "end_time_readable": null,
  "total_labels": 5,
  "emotion_summary": {
    "anger": 0,
    "contempt": 5,
    "disgust": 0,
    "others": 0
  },
  "email": null,
  "participation": null,
  "total_responses": 5,
  "responses": [
    {
      "image_path": "DJ-Pauly-D/DJ-Pauly-D_5.png",
      "label": "輕蔑",
      "response_time": "00:00:17.912",
      "timestamp_unix": 1751513407,
      "timestamp_unix_ms": 1751513407839,
      "timestamp_readable": "2025-07-03 03:30:07.839",
      "normalized_name": "DJ-Pauly-D/DJ-Pauly-D",
      "meme_name": "DJ-Pauly-D",
      "post_id": 5,
      "english_label": "contempt",
      "response_time_ms": 17912
    },
    {
      "image_path": "Hide-the-Pain-Harold/Hide-the-Pain-Harold_25.png",
      "label": "輕蔑",
      "response_time": "00:00:03.200",
      "timestamp_unix": 1751513411,
      "timestamp_unix_ms": 1751513411122,
      "timestamp_readable": "2025-07-03 03:30:11.122",
      "normalized_name": "Hide-the-Pain-Harold/Hide-the-Pain-Harold",
      "meme_name": "Hide-the-Pain-Harold",
      "post_id": 25,
      "english_label": "contempt",
      "response_time_ms": 3200
    },
    {
      "image_path": "Disaster-Girl/Disaster-Girl_37.png",
      "label": "輕蔑",
      "response_time": "00:00:05.201",
      "timestamp_unix": 1751513416,
      "timestamp_unix_ms": 1751513416466,
      "timestamp_readable": "2025-07-03 03:30:16.466",
      "normalized_name": "Disaster-Girl/Disaster-Girl",
      "meme_name": "Disaster-Girl",
      "post_id": 37,
      "english_label": "contempt",
      "response_time_ms": 5201
    },
    {
      "image_path": "Futurama-Fry/Futurama-Fry_8.png",
      "label": "輕蔑",
      "response_time": "00:00:14.514",
      "timestamp_unix": 1751513431,
      "timestamp_unix_ms": 1751513431152,
      "timestamp_readable": "2025-07-03 03:30:31.152",
      "normalized_name": "Futurama-Fry/Futurama-Fry",
      "meme_name": "Futurama-Fry",
      "post_id": 8,
      "english_label": "contempt",
      "response_time_ms": 14514
    },
    {
      "image_path": "Laughing-wolf/Laughing-wolf_15.png",
      "label": "輕蔑",
      "response_time": "00:00:04.513",
      "timestamp_unix": 1751513435,
      "timestamp_unix_ms": 1751513435778,
      "timestamp_readable": "2025-07-03 03:30:35.778",
      "normalized_name": "Laughing-wolf/Laughing-wolf",
      "meme_name": "Laughing-wolf",
      "post_id": 15,
      "english_label": "contempt",
      "response_time_ms": 4513
    }
  ],
  "session_start_unix": 1751513283,
  "session_status": "active",
  "last_updated_unix": 1751513435,
  "image_order": [
    "Spiderman-Hospital/Spiderman-Hospital_18.png",
    "Happy--Shock/Happy--Shock_21.png",
    "Chill-guy/Chill-guy_35.png",
    "I-am-once-again-asking/I-am-once-again-asking_19.png",
    "Math-ladyConfused-lady/Math-ladyConfused-lady_47.png",
    "Archer/Archer_13.png",
    "Leonardo-Dicaprio-Wolf-Of-Wall-Street/Leonardo-Dicaprio-Wolf-Of-Wall-Street_11.png",
    "Mocking-Spongebob/Mocking-Spongebob_22.png",
    "Afraid-To-Ask-Andy/Afraid-To-Ask-Andy_29.png",
    "Charlie-Day/Charlie-Day_39.png",
    "Always-Has-Been/Always-Has-Been_1.png",
    "Picard-Wtf/Picard-Wtf_31.png",
    "Batman-Slapping-Robin/Batman-Slapping-Robin_26.png",
    "For-the-better-right-blank/For-the-better-right-blank_33.png",
    "Drake-NoYes/Drake-NoYes_12.png",
    "Laughing-wolf/Laughing-wolf_15.png",
    "DJ-Pauly-D/DJ-Pauly-D_5.png",
    "Always-you-three/Always-you-three_7.png",
    "Disappointed-Man/Disappointed-Man_50.png",
    "Smudge-the-cat/Smudge-the-cat_6.png",
    "Thats-a-paddlin/Thats-a-paddlin_4.png",
    "Hide-the-Pain-Harold/Hide-the-Pain-Harold_25.png",
    "Hold-fart/Hold-fart_16.png",
    "Im-The-Captain-Now/Im-The-Captain-Now_41.png",
    "attention_check/attention_check_Disgust.png",
    "Obi-Wan-Kenobi/Obi-Wan-Kenobi_34.png",
    "Spongebob-Yelling/Spongebob-Yelling_20.png",
    "Nuclear-Explosion/Nuclear-Explosion_27.png",
    "Dinkleberg/Dinkleberg_10.png",
    "Scooby-doo-mask-reveal/Scooby-doo-mask-reveal_44.png",
    "Disaster-Girl/Disaster-Girl_37.png",
    "Black-guy-hiding-behind-tree/Black-guy-hiding-behind-tree_28.png",
    "You-The-Real-MVP/You-The-Real-MVP_14.png",
    "Moe-throws-Barney/Moe-throws-Barney_45.png",
    "Ill-Have-You-Know-Spongebob/Ill-Have-You-Know-Spongebob_9.png",
    "Futurama-Fry/Futurama-Fry_8.png",
    "Monkey-Puppet/Monkey-Puppet_17.png",
    "Confused-Gandalf/Confused-Gandalf_49.png",
    "Mr-incredible-mad/Mr-incredible-mad_3.png",
    "Dave-chappelle/Dave-chappelle_36.png",
    "Surprised-Pikachu/Surprised-Pikachu_24.png",
    "Table-Flip-Guy/Table-Flip-Guy_43.png",
    "Kevin-Hart/Kevin-Hart_23.png",
    "Well-Yes-But-Actually-No/Well-Yes-But-Actually-No_42.png",
    "Mr-McMahon-reaction/Mr-McMahon-reaction_46.png",
    "Gru-Gun/Gru-Gun_38.png",
    "Persian-Cat-Room-Guardian/Persian-Cat-Room-Guardian_32.png",
    "Put-It-Somewhere-Else-Patrick/Put-It-Somewhere-Else-Patrick_30.png",
    "Angry-Baby/Angry-Baby_48.png",
    "attention_check/attention_check_Anger.png",
    "Arthur-Fist/Arthur-Fist_2.png",
    "Khan/Khan_40.png"
  ],
  "completion_status": {
    "practice_completed": true,
    "game_started": true,
    "game_completed": false,
    "summary_viewed": false,
    "email_submitted": false
  },
  "timestamps_unix": {
    "registration_completed": 1751513283,
    "practice_started": 1751513283,
    "practice_completed": 1751513389,
    "game_started": 1751513389,
    "first_label": 1751513407,
    "last_label": 1751513435,
    "game_completed": null,
    "summary_viewed": null,
    "email_submitted": null,
    "session_end": null,
    "last_updated": 1751513435
  },
  "timestamps_unix_ms": {
    "registration_completed_ms": 1751513283768,
    "practice_started_ms": 1751513283891,
    "practice_completed_ms": 1751513389386,
    "game_started_ms": 1751513389395,
    "first_label_ms": 1751513407839,
    "last_label_ms": 1751513435778,
    "game_completed_ms": null,
    "summary_viewed_ms": null,
    "email_submitted_ms": null,
    "session_end_ms": null,
    "last_updated_ms": 1751513435778
  },
  "duration_stats_ms": {
    "total_session_duration_ms": null,
    "practice_duration_ms": 105495,
    "game_duration_ms": null,
    "labeling_duration_ms": null,
    "email_submission_duration_ms": null
  }
}