{
  "user_id": "user_9324f3",
  "file_name": "user_9324f3",
  "unix_start_time": 1751291795,
  "unix_start_time_ms": 1751291795996,
  "unix_end_time": null,
  "unix_end_time_ms": null,
  "age": "35-39",
  "gender": "female",
  "user_agent": "Mozilla/5.0 (Linux; Android 13; SM-G781B Build/TP1A.220624.014; wv) AppleWebKit/537.36 (KHTML, like Gecko) Version/4.0 Chrome/138.0.7204.42 Mobile Safari/537.36 [FB_IAB/FB4A;FBAV/519.0.0.44.92;IABMV/1;]",
  "user_ip": "114.38.224.208",
  "status": "incomplete",
  "email_provided": "incomplete",
  "attention_passed": null,
  "start_time_readable": "2025-06-30 13:56:35.996",
  "end_time_readable": null,
  "total_labels": 0,
  "emotion_summary": {
    "anger": 0,
    "contempt": 0,
    "disgust": 0,
    "others": 0
  },
  "email": null,
  "participation": null,
  "total_responses": 0,
  "responses": [],
  "session_start_unix": 1751291795,
  "session_status": "active",
  "last_updated_unix": 1751291796,
  "image_order": [],
  "completion_status": {
    "practice_completed": false,
    "game_started": false,
    "game_completed": false,
    "summary_viewed": false,
    "email_submitted": false
  },
  "timestamps_unix": {
    "registration_completed": 1751291795,
    "practice_started": 1751291796,
    "practice_completed": null,
    "game_started": null,
    "first_label": null,
    "last_label": null,
    "game_completed": null,
    "summary_viewed": null,
    "email_submitted": null,
    "session_end": null,
    "last_updated": 1751291796
  },
  "timestamps_unix_ms": {
    "registration_completed_ms": 1751291795996,
    "practice_started_ms": 1751291796045,
    "practice_completed_ms": null,
    "game_started_ms": null,
    "first_label_ms": null,
    "last_label_ms": null,
    "game_completed_ms": null,
    "summary_viewed_ms": null,
    "email_submitted_ms": null,
    "session_end_ms": null,
    "last_updated_ms": 1751291796045
  },
  "duration_stats_ms": {
    "total_session_duration_ms": null,
    "practice_duration_ms": null,
    "game_duration_ms": null,
    "labeling_duration_ms": null,
    "email_submission_duration_ms": null
  }
}