{
  "user_id": "user_f2672b",
  "file_name": "user_f2672b_1750749151_1750749560_fullycomplete",
  "unix_start_time": 1750749151,
  "unix_start_time_ms": 1750749151775,
  "unix_end_time": 1750749560,
  "unix_end_time_ms": 1750749560814,
  "age": "18-24",
  "gender": "female",
  "user_agent": "Mozilla/5.0 (Windows NT 10.0; Win64; x64) AppleWebKit/537.36 (KHTML, like Gecko) Chrome/137.0.0.0 Safari/537.36",
  "user_ip": "118.231.208.203",
  "status": "complete",
  "email_provided": "complete",
  "attention_passed": true,
  "start_time_readable": "2025-06-24 07:12:31.775",
  "end_time_readable": "2025-06-24 07:19:20.814",
  "total_labels": 52,
  "emotion_summary": {
    "anger": 11,
    "contempt": 21,
    "disgust": 7,
    "others": 13
  },
  "email": "ikristy.chen@gmail.com",
  "participation": "yes",
  "total_responses": 52,
  "responses": [
    {
      "image_path": "Futurama-Fry/Futurama-Fry_18.png",
      "label": "輕蔑",
      "response_time": "00:00:25.500",
      "timestamp_unix": 1750749270,
      "timestamp_unix_ms": 1750749270984,
      "timestamp_readable": "2025-06-24 07:14:30.984",
      "normalized_name": "Futurama-Fry/Futurama-Fry",
      "meme_name": "Futurama-Fry",
      "post_id": 18,
      "english_label": "contempt",
      "response_time_ms": 25500
    },
    {
      "image_path": "Ill-Have-You-Know-Spongebob/Ill-Have-You-Know-Spongebob_27.png",
      "label": "輕蔑",
      "response_time": "00:00:06.300",
      "timestamp_unix": 1750749277,
      "timestamp_unix_ms": 1750749277436,
      "timestamp_readable": "2025-06-24 07:14:37.436",
      "normalized_name": "Ill-Have-You-Know-Spongebob/Ill-Have-You-Know-Spongebob",
      "meme_name": "Ill-Have-You-Know-Spongebob",
      "post_id": 27,
      "english_label": "contempt",
      "response_time_ms": 6300
    },
    {
      "image_path": "Mocking-Spongebob/Mocking-Spongebob_7.png",
      "label": "輕蔑",
      "response_time": "00:00:06.507",
      "timestamp_unix": 1750749284,
      "timestamp_unix_ms": 1750749284102,
      "timestamp_readable": "2025-06-24 07:14:44.102",
      "normalized_name": "Mocking-Spongebob/Mocking-Spongebob",
      "meme_name": "Mocking-Spongebob",
      "post_id": 7,
      "english_label": "contempt",
      "response_time_ms": 6507
    },
    {
      "image_path": "Table-Flip-Guy/Table-Flip-Guy_36.png",
      "label": "憤怒",
      "response_time": "00:00:10.408",
      "timestamp_unix": 1750749294,
      "timestamp_unix_ms": 1750749294672,
      "timestamp_readable": "2025-06-24 07:14:54.672",
      "normalized_name": "Table-Flip-Guy/Table-Flip-Guy",
      "meme_name": "Table-Flip-Guy",
      "post_id": 36,
      "english_label": "anger",
      "response_time_ms": 10408
    },
    {
      "image_path": "Spiderman-Hospital/Spiderman-Hospital_50.png",
      "label": "其他",
      "response_time": "00:00:10.101",
      "timestamp_unix": 1750749304,
      "timestamp_unix_ms": 1750749304867,
      "timestamp_readable": "2025-06-24 07:15:04.867",
      "normalized_name": "Spiderman-Hospital/Spiderman-Hospital",
      "meme_name": "Spiderman-Hospital",
      "post_id": 50,
      "english_label": "others",
      "response_time_ms": 10101
    },
    {
      "image_path": "Put-It-Somewhere-Else-Patrick/Put-It-Somewhere-Else-Patrick_8.png",
      "label": "其他",
      "response_time": "00:00:12.900",
      "timestamp_unix": 1750749317,
      "timestamp_unix_ms": 1750749317885,
      "timestamp_readable": "2025-06-24 07:15:17.885",
      "normalized_name": "Put-It-Somewhere-Else-Patrick/Put-It-Somewhere-Else-Patrick",
      "meme_name": "Put-It-Somewhere-Else-Patrick",
      "post_id": 8,
      "english_label": "others",
      "response_time_ms": 12900
    },
    {
      "image_path": "Nuclear-Explosion/Nuclear-Explosion_4.png",
      "label": "憤怒",
      "response_time": "00:00:04.000",
      "timestamp_unix": 1750749322,
      "timestamp_unix_ms": 1750749322094,
      "timestamp_readable": "2025-06-24 07:15:22.094",
      "normalized_name": "Nuclear-Explosion/Nuclear-Explosion",
      "meme_name": "Nuclear-Explosion",
      "post_id": 4,
      "english_label": "anger",
      "response_time_ms": 4000
    },
    {
      "image_path": "Drake-NoYes/Drake-NoYes_44.png",
      "label": "輕蔑",
      "response_time": "00:00:06.300",
      "timestamp_unix": 1750749328,
      "timestamp_unix_ms": 1750749328517,
      "timestamp_readable": "2025-06-24 07:15:28.517",
      "normalized_name": "Drake-NoYes/Drake-NoYes",
      "meme_name": "Drake-NoYes",
      "post_id": 44,
      "english_label": "contempt",
      "response_time_ms": 6300
    },
    {
      "image_path": "Kevin-Hart/Kevin-Hart_29.png",
      "label": "其他",
      "response_time": "00:00:09.004",
      "timestamp_unix": 1750749337,
      "timestamp_unix_ms": 1750749337694,
      "timestamp_readable": "2025-06-24 07:15:37.694",
      "normalized_name": "Kevin-Hart/Kevin-Hart",
      "meme_name": "Kevin-Hart",
      "post_id": 29,
      "english_label": "others",
      "response_time_ms": 9004
    },
    {
      "image_path": "Disaster-Girl/Disaster-Girl_26.png",
      "label": "輕蔑",
      "response_time": "00:00:04.204",
      "timestamp_unix": 1750749342,
      "timestamp_unix_ms": 1750749342018,
      "timestamp_readable": "2025-06-24 07:15:42.018",
      "normalized_name": "Disaster-Girl/Disaster-Girl",
      "meme_name": "Disaster-Girl",
      "post_id": 26,
      "english_label": "contempt",
      "response_time_ms": 4204
    },
    {
      "image_path": "Im-The-Captain-Now/Im-The-Captain-Now_48.png",
      "label": "憤怒",
      "response_time": "00:00:05.201",
      "timestamp_unix": 1750749347,
      "timestamp_unix_ms": 1750749347384,
      "timestamp_readable": "2025-06-24 07:15:47.384",
      "normalized_name": "Im-The-Captain-Now/Im-The-Captain-Now",
      "meme_name": "Im-The-Captain-Now",
      "post_id": 48,
      "english_label": "anger",
      "response_time_ms": 5201
    },
    {
      "image_path": "Scooby-doo-mask-reveal/Scooby-doo-mask-reveal_30.png",
      "label": "輕蔑",
      "response_time": "00:00:04.001",
      "timestamp_unix": 1750749351,
      "timestamp_unix_ms": 1750749351514,
      "timestamp_readable": "2025-06-24 07:15:51.514",
      "normalized_name": "Scooby-doo-mask-reveal/Scooby-doo-mask-reveal",
      "meme_name": "Scooby-doo-mask-reveal",
      "post_id": 30,
      "english_label": "contempt",
      "response_time_ms": 4001
    },
    {
      "image_path": "Dave-chappelle/Dave-chappelle_34.png",
      "label": "其他",
      "response_time": "00:00:03.003",
      "timestamp_unix": 1750749354,
      "timestamp_unix_ms": 1750749354681,
      "timestamp_readable": "2025-06-24 07:15:54.681",
      "normalized_name": "Dave-chappelle/Dave-chappelle",
      "meme_name": "Dave-chappelle",
      "post_id": 34,
      "english_label": "others",
      "response_time_ms": 3003
    },
    {
      "image_path": "Hide-the-Pain-Harold/Hide-the-Pain-Harold_31.png",
      "label": "輕蔑",
      "response_time": "00:00:05.803",
      "timestamp_unix": 1750749360,
      "timestamp_unix_ms": 1750749360645,
      "timestamp_readable": "2025-06-24 07:16:00.645",
      "normalized_name": "Hide-the-Pain-Harold/Hide-the-Pain-Harold",
      "meme_name": "Hide-the-Pain-Harold",
      "post_id": 31,
      "english_label": "contempt",
      "response_time_ms": 5803
    },
    {
      "image_path": "Batman-Slapping-Robin/Batman-Slapping-Robin_24.png",
      "label": "憤怒",
      "response_time": "00:00:04.604",
      "timestamp_unix": 1750749365,
      "timestamp_unix_ms": 1750749365369,
      "timestamp_readable": "2025-06-24 07:16:05.369",
      "normalized_name": "Batman-Slapping-Robin/Batman-Slapping-Robin",
      "meme_name": "Batman-Slapping-Robin",
      "post_id": 24,
      "english_label": "anger",
      "response_time_ms": 4604
    },
    {
      "image_path": "Afraid-To-Ask-Andy/Afraid-To-Ask-Andy_38.png",
      "label": "其他",
      "response_time": "00:00:08.502",
      "timestamp_unix": 1750749374,
      "timestamp_unix_ms": 1750749374006,
      "timestamp_readable": "2025-06-24 07:16:14.006",
      "normalized_name": "Afraid-To-Ask-Andy/Afraid-To-Ask-Andy",
      "meme_name": "Afraid-To-Ask-Andy",
      "post_id": 38,
      "english_label": "others",
      "response_time_ms": 8502
    },
    {
      "image_path": "Charlie-Day/Charlie-Day_42.png",
      "label": "憤怒",
      "response_time": "00:00:03.704",
      "timestamp_unix": 1750749377,
      "timestamp_unix_ms": 1750749377875,
      "timestamp_readable": "2025-06-24 07:16:17.875",
      "normalized_name": "Charlie-Day/Charlie-Day",
      "meme_name": "Charlie-Day",
      "post_id": 42,
      "english_label": "anger",
      "response_time_ms": 3704
    },
    {
      "image_path": "For-the-better-right-blank/For-the-better-right-blank_47.png",
      "label": "輕蔑",
      "response_time": "00:00:07.400",
      "timestamp_unix": 1750749385,
      "timestamp_unix_ms": 1750749385401,
      "timestamp_readable": "2025-06-24 07:16:25.401",
      "normalized_name": "For-the-better-right-blank/For-the-better-right-blank",
      "meme_name": "For-the-better-right-blank",
      "post_id": 47,
      "english_label": "contempt",
      "response_time_ms": 7400
    },
    {
      "image_path": "You-The-Real-MVP/You-The-Real-MVP_49.png",
      "label": "厭惡",
      "response_time": "00:00:05.405",
      "timestamp_unix": 1750749390,
      "timestamp_unix_ms": 1750749390985,
      "timestamp_readable": "2025-06-24 07:16:30.985",
      "normalized_name": "You-The-Real-MVP/You-The-Real-MVP",
      "meme_name": "You-The-Real-MVP",
      "post_id": 49,
      "english_label": "disgust",
      "response_time_ms": 5405
    },
    {
      "image_path": "I-am-once-again-asking/I-am-once-again-asking_33.png",
      "label": "其他",
      "response_time": "00:00:04.205",
      "timestamp_unix": 1750749395,
      "timestamp_unix_ms": 1750749395315,
      "timestamp_readable": "2025-06-24 07:16:35.315",
      "normalized_name": "I-am-once-again-asking/I-am-once-again-asking",
      "meme_name": "I-am-once-again-asking",
      "post_id": 33,
      "english_label": "others",
      "response_time_ms": 4205
    },
    {
      "image_path": "attention_check/attention_check_Others.png",
      "label": "其他",
      "response_time": "00:00:05.400",
      "timestamp_unix": 1750749400,
      "timestamp_unix_ms": 1750749400819,
      "timestamp_readable": "2025-06-24 07:16:40.819",
      "normalized_name": "attention_check/attention_check_Others.png",
      "meme_name": "attention_check",
      "post_id": null,
      "english_label": "others",
      "response_time_ms": 5400
    },
    {
      "image_path": "Arthur-Fist/Arthur-Fist_14.png",
      "label": "憤怒",
      "response_time": "00:00:11.702",
      "timestamp_unix": 1750749412,
      "timestamp_unix_ms": 1750749412647,
      "timestamp_readable": "2025-06-24 07:16:52.647",
      "normalized_name": "Arthur-Fist/Arthur-Fist",
      "meme_name": "Arthur-Fist",
      "post_id": 14,
      "english_label": "anger",
      "response_time_ms": 11702
    },
    {
      "image_path": "Spongebob-Yelling/Spongebob-Yelling_35.png",
      "label": "其他",
      "response_time": "00:00:06.904",
      "timestamp_unix": 1750749419,
      "timestamp_unix_ms": 1750749419724,
      "timestamp_readable": "2025-06-24 07:16:59.724",
      "normalized_name": "Spongebob-Yelling/Spongebob-Yelling",
      "meme_name": "Spongebob-Yelling",
      "post_id": 35,
      "english_label": "others",
      "response_time_ms": 6904
    },
    {
      "image_path": "Gru-Gun/Gru-Gun_20.png",
      "label": "輕蔑",
      "response_time": "00:00:04.210",
      "timestamp_unix": 1750749424,
      "timestamp_unix_ms": 1750749424094,
      "timestamp_readable": "2025-06-24 07:17:04.094",
      "normalized_name": "Gru-Gun/Gru-Gun",
      "meme_name": "Gru-Gun",
      "post_id": 20,
      "english_label": "contempt",
      "response_time_ms": 4210
    },
    {
      "image_path": "Laughing-wolf/Laughing-wolf_10.png",
      "label": "輕蔑",
      "response_time": "00:00:03.602",
      "timestamp_unix": 1750749427,
      "timestamp_unix_ms": 1750749427845,
      "timestamp_readable": "2025-06-24 07:17:07.845",
      "normalized_name": "Laughing-wolf/Laughing-wolf",
      "meme_name": "Laughing-wolf",
      "post_id": 10,
      "english_label": "contempt",
      "response_time_ms": 3602
    },
    {
      "image_path": "Well-Yes-But-Actually-No/Well-Yes-But-Actually-No_43.png",
      "label": "輕蔑",
      "response_time": "00:00:04.405",
      "timestamp_unix": 1750749432,
      "timestamp_unix_ms": 1750749432355,
      "timestamp_readable": "2025-06-24 07:17:12.356",
      "normalized_name": "Well-Yes-But-Actually-No/Well-Yes-But-Actually-No",
      "meme_name": "Well-Yes-But-Actually-No",
      "post_id": 43,
      "english_label": "contempt",
      "response_time_ms": 4405
    },
    {
      "image_path": "Dinkleberg/Dinkleberg_45.png",
      "label": "厭惡",
      "response_time": "00:00:03.306",
      "timestamp_unix": 1750749435,
      "timestamp_unix_ms": 1750749435770,
      "timestamp_readable": "2025-06-24 07:17:15.770",
      "normalized_name": "Dinkleberg/Dinkleberg",
      "meme_name": "Dinkleberg",
      "post_id": 45,
      "english_label": "disgust",
      "response_time_ms": 3306
    },
    {
      "image_path": "Chill-guy/Chill-guy_40.png",
      "label": "輕蔑",
      "response_time": "00:00:05.506",
      "timestamp_unix": 1750749441,
      "timestamp_unix_ms": 1750749441368,
      "timestamp_readable": "2025-06-24 07:17:21.368",
      "normalized_name": "Chill-guy/Chill-guy",
      "meme_name": "Chill-guy",
      "post_id": 40,
      "english_label": "contempt",
      "response_time_ms": 5506
    },
    {
      "image_path": "Monkey-Puppet/Monkey-Puppet_22.png",
      "label": "輕蔑",
      "response_time": "00:00:04.001",
      "timestamp_unix": 1750749445,
      "timestamp_unix_ms": 1750749445536,
      "timestamp_readable": "2025-06-24 07:17:25.536",
      "normalized_name": "Monkey-Puppet/Monkey-Puppet",
      "meme_name": "Monkey-Puppet",
      "post_id": 22,
      "english_label": "contempt",
      "response_time_ms": 4001
    },
    {
      "image_path": "Always-Has-Been/Always-Has-Been_41.png",
      "label": "其他",
      "response_time": "00:00:03.103",
      "timestamp_unix": 1750749448,
      "timestamp_unix_ms": 1750749448826,
      "timestamp_readable": "2025-06-24 07:17:28.826",
      "normalized_name": "Always-Has-Been/Always-Has-Been",
      "meme_name": "Always-Has-Been",
      "post_id": 41,
      "english_label": "others",
      "response_time_ms": 3103
    },
    {
      "image_path": "Angry-Baby/Angry-Baby_11.png",
      "label": "其他",
      "response_time": "00:00:04.401",
      "timestamp_unix": 1750749453,
      "timestamp_unix_ms": 1750749453432,
      "timestamp_readable": "2025-06-24 07:17:33.432",
      "normalized_name": "Angry-Baby/Angry-Baby",
      "meme_name": "Angry-Baby",
      "post_id": 11,
      "english_label": "others",
      "response_time_ms": 4401
    },
    {
      "image_path": "Happy--Shock/Happy--Shock_15.png",
      "label": "厭惡",
      "response_time": "00:00:04.001",
      "timestamp_unix": 1750749457,
      "timestamp_unix_ms": 1750749457589,
      "timestamp_readable": "2025-06-24 07:17:37.589",
      "normalized_name": "Happy--Shock/Happy--Shock",
      "meme_name": "Happy--Shock",
      "post_id": 15,
      "english_label": "disgust",
      "response_time_ms": 4001
    },
    {
      "image_path": "Moe-throws-Barney/Moe-throws-Barney_23.png",
      "label": "厭惡",
      "response_time": "00:00:04.001",
      "timestamp_unix": 1750749461,
      "timestamp_unix_ms": 1750749461696,
      "timestamp_readable": "2025-06-24 07:17:41.696",
      "normalized_name": "Moe-throws-Barney/Moe-throws-Barney",
      "meme_name": "Moe-throws-Barney",
      "post_id": 23,
      "english_label": "disgust",
      "response_time_ms": 4001
    },
    {
      "image_path": "Disappointed-Man/Disappointed-Man_25.png",
      "label": "憤怒",
      "response_time": "00:00:03.507",
      "timestamp_unix": 1750749465,
      "timestamp_unix_ms": 1750749465374,
      "timestamp_readable": "2025-06-24 07:17:45.374",
      "normalized_name": "Disappointed-Man/Disappointed-Man",
      "meme_name": "Disappointed-Man",
      "post_id": 25,
      "english_label": "anger",
      "response_time_ms": 3507
    },
    {
      "image_path": "Mr-McMahon-reaction/Mr-McMahon-reaction_13.png",
      "label": "憤怒",
      "response_time": "00:00:05.100",
      "timestamp_unix": 1750749470,
      "timestamp_unix_ms": 1750749470557,
      "timestamp_readable": "2025-06-24 07:17:50.557",
      "normalized_name": "Mr-McMahon-reaction/Mr-McMahon-reaction",
      "meme_name": "Mr-McMahon-reaction",
      "post_id": 13,
      "english_label": "anger",
      "response_time_ms": 5100
    },
    {
      "image_path": "Confused-Gandalf/Confused-Gandalf_1.png",
      "label": "輕蔑",
      "response_time": "00:00:03.011",
      "timestamp_unix": 1750749473,
      "timestamp_unix_ms": 1750749473707,
      "timestamp_readable": "2025-06-24 07:17:53.707",
      "normalized_name": "Confused-Gandalf/Confused-Gandalf",
      "meme_name": "Confused-Gandalf",
      "post_id": 1,
      "english_label": "contempt",
      "response_time_ms": 3011
    },
    {
      "image_path": "Hold-fart/Hold-fart_46.png",
      "label": "其他",
      "response_time": "00:00:02.907",
      "timestamp_unix": 1750749476,
      "timestamp_unix_ms": 1750749476764,
      "timestamp_readable": "2025-06-24 07:17:56.764",
      "normalized_name": "Hold-fart/Hold-fart",
      "meme_name": "Hold-fart",
      "post_id": 46,
      "english_label": "others",
      "response_time_ms": 2907
    },
    {
      "image_path": "Thats-a-paddlin/Thats-a-paddlin_12.png",
      "label": "厭惡",
      "response_time": "00:00:03.203",
      "timestamp_unix": 1750749480,
      "timestamp_unix_ms": 1750749480077,
      "timestamp_readable": "2025-06-24 07:18:00.077",
      "normalized_name": "Thats-a-paddlin/Thats-a-paddlin",
      "meme_name": "Thats-a-paddlin",
      "post_id": 12,
      "english_label": "disgust",
      "response_time_ms": 3203
    },
    {
      "image_path": "Always-you-three/Always-you-three_37.png",
      "label": "輕蔑",
      "response_time": "00:00:08.503",
      "timestamp_unix": 1750749488,
      "timestamp_unix_ms": 1750749488745,
      "timestamp_readable": "2025-06-24 07:18:08.745",
      "normalized_name": "Always-you-three/Always-you-three",
      "meme_name": "Always-you-three",
      "post_id": 37,
      "english_label": "contempt",
      "response_time_ms": 8503
    },
    {
      "image_path": "Surprised-Pikachu/Surprised-Pikachu_9.png",
      "label": "其他",
      "response_time": "00:00:02.308",
      "timestamp_unix": 1750749491,
      "timestamp_unix_ms": 1750749491216,
      "timestamp_readable": "2025-06-24 07:18:11.216",
      "normalized_name": "Surprised-Pikachu/Surprised-Pikachu",
      "meme_name": "Surprised-Pikachu",
      "post_id": 9,
      "english_label": "others",
      "response_time_ms": 2308
    },
    {
      "image_path": "Math-ladyConfused-lady/Math-ladyConfused-lady_6.png",
      "label": "厭惡",
      "response_time": "00:00:06.506",
      "timestamp_unix": 1750749497,
      "timestamp_unix_ms": 1750749497841,
      "timestamp_readable": "2025-06-24 07:18:17.841",
      "normalized_name": "Math-ladyConfused-lady/Math-ladyConfused-lady",
      "meme_name": "Math-ladyConfused-lady",
      "post_id": 6,
      "english_label": "disgust",
      "response_time_ms": 6506
    },
    {
      "image_path": "Mr-incredible-mad/Mr-incredible-mad_3.png",
      "label": "憤怒",
      "response_time": "00:00:01.600",
      "timestamp_unix": 1750749499,
      "timestamp_unix_ms": 1750749499637,
      "timestamp_readable": "2025-06-24 07:18:19.637",
      "normalized_name": "Mr-incredible-mad/Mr-incredible-mad",
      "meme_name": "Mr-incredible-mad",
      "post_id": 3,
      "english_label": "anger",
      "response_time_ms": 1600
    },
    {
      "image_path": "Khan/Khan_21.png",
      "label": "輕蔑",
      "response_time": "00:00:05.703",
      "timestamp_unix": 1750749505,
      "timestamp_unix_ms": 1750749505458,
      "timestamp_readable": "2025-06-24 07:18:25.458",
      "normalized_name": "Khan/Khan",
      "meme_name": "Khan",
      "post_id": 21,
      "english_label": "contempt",
      "response_time_ms": 5703
    },
    {
      "image_path": "Picard-Wtf/Picard-Wtf_16.png",
      "label": "輕蔑",
      "response_time": "00:00:03.006",
      "timestamp_unix": 1750749508,
      "timestamp_unix_ms": 1750749508624,
      "timestamp_readable": "2025-06-24 07:18:28.624",
      "normalized_name": "Picard-Wtf/Picard-Wtf",
      "meme_name": "Picard-Wtf",
      "post_id": 16,
      "english_label": "contempt",
      "response_time_ms": 3006
    },
    {
      "image_path": "attention_check/attention_check_Contempt.png",
      "label": "輕蔑",
      "response_time": "00:00:02.710",
      "timestamp_unix": 1750749511,
      "timestamp_unix_ms": 1750749511479,
      "timestamp_readable": "2025-06-24 07:18:31.479",
      "normalized_name": "attention_check/attention_check_Contempt.png",
      "meme_name": "attention_check",
      "post_id": null,
      "english_label": "contempt",
      "response_time_ms": 2710
    },
    {
      "image_path": "Archer/Archer_2.png",
      "label": "其他",
      "response_time": "00:00:09.103",
      "timestamp_unix": 1750749520,
      "timestamp_unix_ms": 1750749520698,
      "timestamp_readable": "2025-06-24 07:18:40.698",
      "normalized_name": "Archer/Archer",
      "meme_name": "Archer",
      "post_id": 2,
      "english_label": "others",
      "response_time_ms": 9103
    },
    {
      "image_path": "Persian-Cat-Room-Guardian/Persian-Cat-Room-Guardian_19.png",
      "label": "輕蔑",
      "response_time": "00:00:02.808",
      "timestamp_unix": 1750749523,
      "timestamp_unix_ms": 1750749523647,
      "timestamp_readable": "2025-06-24 07:18:43.647",
      "normalized_name": "Persian-Cat-Room-Guardian/Persian-Cat-Room-Guardian",
      "meme_name": "Persian-Cat-Room-Guardian",
      "post_id": 19,
      "english_label": "contempt",
      "response_time_ms": 2808
    },
    {
      "image_path": "Obi-Wan-Kenobi/Obi-Wan-Kenobi_17.png",
      "label": "厭惡",
      "response_time": "00:00:03.001",
      "timestamp_unix": 1750749526,
      "timestamp_unix_ms": 1750749526747,
      "timestamp_readable": "2025-06-24 07:18:46.747",
      "normalized_name": "Obi-Wan-Kenobi/Obi-Wan-Kenobi",
      "meme_name": "Obi-Wan-Kenobi",
      "post_id": 17,
      "english_label": "disgust",
      "response_time_ms": 3001
    },
    {
      "image_path": "Leonardo-Dicaprio-Wolf-Of-Wall-Street/Leonardo-Dicaprio-Wolf-Of-Wall-Street_28.png",
      "label": "輕蔑",
      "response_time": "00:00:03.001",
      "timestamp_unix": 1750749529,
      "timestamp_unix_ms": 1750749529923,
      "timestamp_readable": "2025-06-24 07:18:49.923",
      "normalized_name": "Leonardo-Dicaprio-Wolf-Of-Wall-Street/Leonardo-Dicaprio-Wolf-Of-Wall-Street",
      "meme_name": "Leonardo-Dicaprio-Wolf-Of-Wall-Street",
      "post_id": 28,
      "english_label": "contempt",
      "response_time_ms": 3001
    },
    {
      "image_path": "Black-guy-hiding-behind-tree/Black-guy-hiding-behind-tree_32.png",
      "label": "輕蔑",
      "response_time": "00:00:02.201",
      "timestamp_unix": 1750749532,
      "timestamp_unix_ms": 1750749532230,
      "timestamp_readable": "2025-06-24 07:18:52.230",
      "normalized_name": "Black-guy-hiding-behind-tree/Black-guy-hiding-behind-tree",
      "meme_name": "Black-guy-hiding-behind-tree",
      "post_id": 32,
      "english_label": "contempt",
      "response_time_ms": 2201
    },
    {
      "image_path": "Smudge-the-cat/Smudge-the-cat_39.png",
      "label": "憤怒",
      "response_time": "00:00:02.502",
      "timestamp_unix": 1750749534,
      "timestamp_unix_ms": 1750749534901,
      "timestamp_readable": "2025-06-24 07:18:54.901",
      "normalized_name": "Smudge-the-cat/Smudge-the-cat",
      "meme_name": "Smudge-the-cat",
      "post_id": 39,
      "english_label": "anger",
      "response_time_ms": 2502
    },
    {
      "image_path": "DJ-Pauly-D/DJ-Pauly-D_5.png",
      "label": "憤怒",
      "response_time": "00:00:03.607",
      "timestamp_unix": 1750749538,
      "timestamp_unix_ms": 1750749538627,
      "timestamp_readable": "2025-06-24 07:18:58.627",
      "normalized_name": "DJ-Pauly-D/DJ-Pauly-D",
      "meme_name": "DJ-Pauly-D",
      "post_id": 5,
      "english_label": "anger",
      "response_time_ms": 3607
    }
  ],
  "session_start_unix": 1750749151,
  "session_status": "completed",
  "last_updated_unix": 1750749560,
  "image_order": [
    "Spiderman-Hospital/Spiderman-Hospital_50.png",
    "Happy--Shock/Happy--Shock_15.png",
    "Chill-guy/Chill-guy_40.png",
    "I-am-once-again-asking/I-am-once-again-asking_33.png",
    "Math-ladyConfused-lady/Math-ladyConfused-lady_6.png",
    "Archer/Archer_2.png",
    "Leonardo-Dicaprio-Wolf-Of-Wall-Street/Leonardo-Dicaprio-Wolf-Of-Wall-Street_28.png",
    "Mocking-Spongebob/Mocking-Spongebob_7.png",
    "Afraid-To-Ask-Andy/Afraid-To-Ask-Andy_38.png",
    "Charlie-Day/Charlie-Day_42.png",
    "Always-Has-Been/Always-Has-Been_41.png",
    "Picard-Wtf/Picard-Wtf_16.png",
    "Batman-Slapping-Robin/Batman-Slapping-Robin_24.png",
    "For-the-better-right-blank/For-the-better-right-blank_47.png",
    "Drake-NoYes/Drake-NoYes_44.png",
    "Laughing-wolf/Laughing-wolf_10.png",
    "DJ-Pauly-D/DJ-Pauly-D_5.png",
    "Always-you-three/Always-you-three_37.png",
    "Disappointed-Man/Disappointed-Man_25.png",
    "Smudge-the-cat/Smudge-the-cat_39.png",
    "attention_check/attention_check_Others.png",
    "Thats-a-paddlin/Thats-a-paddlin_12.png",
    "Hide-the-Pain-Harold/Hide-the-Pain-Harold_31.png",
    "Hold-fart/Hold-fart_46.png",
    "Im-The-Captain-Now/Im-The-Captain-Now_48.png",
    "Obi-Wan-Kenobi/Obi-Wan-Kenobi_17.png",
    "Spongebob-Yelling/Spongebob-Yelling_35.png",
    "Nuclear-Explosion/Nuclear-Explosion_4.png",
    "Dinkleberg/Dinkleberg_45.png",
    "Scooby-doo-mask-reveal/Scooby-doo-mask-reveal_30.png",
    "Disaster-Girl/Disaster-Girl_26.png",
    "Black-guy-hiding-behind-tree/Black-guy-hiding-behind-tree_32.png",
    "You-The-Real-MVP/You-The-Real-MVP_49.png",
    "Moe-throws-Barney/Moe-throws-Barney_23.png",
    "Ill-Have-You-Know-Spongebob/Ill-Have-You-Know-Spongebob_27.png",
    "Futurama-Fry/Futurama-Fry_18.png",
    "Monkey-Puppet/Monkey-Puppet_22.png",
    "Confused-Gandalf/Confused-Gandalf_1.png",
    "Mr-incredible-mad/Mr-incredible-mad_3.png",
    "Dave-chappelle/Dave-chappelle_34.png",
    "Surprised-Pikachu/Surprised-Pikachu_9.png",
    "Table-Flip-Guy/Table-Flip-Guy_36.png",
    "Kevin-Hart/Kevin-Hart_29.png",
    "Well-Yes-But-Actually-No/Well-Yes-But-Actually-No_43.png",
    "attention_check/attention_check_Contempt.png",
    "Mr-McMahon-reaction/Mr-McMahon-reaction_13.png",
    "Gru-Gun/Gru-Gun_20.png",
    "Persian-Cat-Room-Guardian/Persian-Cat-Room-Guardian_19.png",
    "Put-It-Somewhere-Else-Patrick/Put-It-Somewhere-Else-Patrick_8.png",
    "Angry-Baby/Angry-Baby_11.png",
    "Arthur-Fist/Arthur-Fist_14.png",
    "Khan/Khan_21.png"
  ],
  "completion_status": {
    "practice_completed": true,
    "game_started": true,
    "game_completed": true,
    "summary_viewed": true,
    "email_submitted": true
  },
  "timestamps_unix": {
    "registration_completed": 1750749151,
    "practice_started": 1750749151,
    "practice_completed": 1750749245,
    "game_started": 1750749245,
    "first_label": 1750749270,
    "last_label": 1750749538,
    "game_completed": 1750749540,
    "summary_viewed": 1750749540,
    "email_submitted": 1750749560,
    "session_end": 1750749560,
    "last_updated": 1750749560
  },
  "timestamps_unix_ms": {
    "registration_completed_ms": 1750749151775,
    "practice_started_ms": 1750749151861,
    "practice_completed_ms": 1750749245214,
    "game_started_ms": 1750749245235,
    "first_label_ms": 1750749270984,
    "last_label_ms": 1750749538627,
    "game_completed_ms": 1750749540745,
    "summary_viewed_ms": 1750749540765,
    "email_submitted_ms": 1750749560775,
    "session_end_ms": 1750749560775,
    "last_updated_ms": 1750749560775
  },
  "duration_stats_ms": {
    "total_session_duration_ms": 409000,
    "practice_duration_ms": 93353,
    "game_duration_ms": 295510,
    "labeling_duration_ms": 267643,
    "email_submission_duration_ms": 20010
  },
  "filename_updated_unix": 1750749540,
  "original_filename": "user_f2672b",
  "completion_status_in_filename": "email_submitted"
}