{
  "user_id": "user_342b36",
  "file_name": "user_342b36",
  "unix_start_time": 1751093099,
  "unix_start_time_ms": 1751093099393,
  "unix_end_time": null,
  "unix_end_time_ms": null,
  "age": "35-39",
  "gender": "female",
  "user_agent": "Mozilla/5.0 (Linux; Android 15; CPH2629 Build/AP3A.240617.008; wv) AppleWebKit/537.36 (KHTML, like Gecko) Version/4.0 Chrome/137.0.7151.89 Mobile Safari/537.36 Line/15.9.3/IAB",
  "user_ip": "101.10.225.119",
  "status": "incomplete",
  "email_provided": "incomplete",
  "attention_passed": null,
  "start_time_readable": "2025-06-28 06:44:59.393",
  "end_time_readable": null,
  "total_labels": 0,
  "emotion_summary": {
    "anger": 0,
    "contempt": 0,
    "disgust": 0,
    "others": 0
  },
  "email": null,
  "participation": null,
  "total_responses": 0,
  "responses": [],
  "session_start_unix": 1751093099,
  "session_status": "active",
  "last_updated_unix": 1751093099,
  "image_order": [],
  "completion_status": {
    "practice_completed": false,
    "game_started": false,
    "game_completed": false,
    "summary_viewed": false,
    "email_submitted": false
  },
  "timestamps_unix": {
    "registration_completed": 1751093099,
    "practice_started": 1751093099,
    "practice_completed": null,
    "game_started": null,
    "first_label": null,
    "last_label": null,
    "game_completed": null,
    "summary_viewed": null,
    "email_submitted": null,
    "session_end": null,
    "last_updated": 1751093099
  },
  "timestamps_unix_ms": {
    "registration_completed_ms": 1751093099393,
    "practice_started_ms": 1751093099465,
    "practice_completed_ms": null,
    "game_started_ms": null,
    "first_label_ms": null,
    "last_label_ms": null,
    "game_completed_ms": null,
    "summary_viewed_ms": null,
    "email_submitted_ms": null,
    "session_end_ms": null,
    "last_updated_ms": 1751093099465
  },
  "duration_stats_ms": {
    "total_session_duration_ms": null,
    "practice_duration_ms": null,
    "game_duration_ms": null,
    "labeling_duration_ms": null,
    "email_submission_duration_ms": null
  }
}