{
  "user_id": "user_bda63b",
  "file_name": "user_bda63b_1749727126_1749727164_fullycomplete",
  "unix_start_time": 1749727126,
  "unix_start_time_ms": 1749727126181,
  "unix_end_time": 1749727164,
  "unix_end_time_ms": 1749727164940,
  "age": "25-29",
  "gender": "male",
  "user_agent": "Mozilla/5.0 (Windows NT 10.0; Win64; x64) AppleWebKit/537.36 (KHTML, like Gecko) Chrome/137.0.0.0 Safari/537.36",
  "user_ip": "122.99.48.40",
  "status": "complete",
  "email_provided": "complete",
  "attention_passed": false,
  "start_time_readable": "2025-06-12 11:18:46.181",
  "end_time_readable": "2025-06-12 11:19:24.940",
  "total_labels": 52,
  "emotion_summary": {
    "anger": 6,
    "contempt": 23,
    "disgust": 9,
    "others": 14
  },
  "email": "nai229048@gmail.com",
  "participation": "no",
  "total_responses": 52,
  "responses": [
    {
      "image_path": "Surprised-Pikachu/Surprised-Pikachu_33.png",
      "label": "輕蔑",
      "response_time": "00:00:00.707",
      "timestamp_unix": 1749727132,
      "timestamp_unix_ms": 1749727132820,
      "timestamp_readable": "2025-06-12 11:18:52.820",
      "normalized_name": "Surprised-Pikachu/Surprised-Pikachu",
      "meme_name": "Surprised-Pikachu",
      "post_id": 33,
      "english_label": "contempt",
      "response_time_ms": 707
    },
    {
      "image_path": "Im-The-Captain-Now/Im-The-Captain-Now_50.png",
      "label": "輕蔑",
      "response_time": "00:00:00.301",
      "timestamp_unix": 1749727133,
      "timestamp_unix_ms": 1749727133199,
      "timestamp_readable": "2025-06-12 11:18:53.199",
      "normalized_name": "Im-The-Captain-Now/Im-The-Captain-Now",
      "meme_name": "Im-The-Captain-Now",
      "post_id": 50,
      "english_label": "contempt",
      "response_time_ms": 301
    },
    {
      "image_path": "Angry-Baby/Angry-Baby_31.png",
      "label": "憤怒",
      "response_time": "00:00:00.602",
      "timestamp_unix": 1749727133,
      "timestamp_unix_ms": 1749727133888,
      "timestamp_readable": "2025-06-12 11:18:53.888",
      "normalized_name": "Angry-Baby/Angry-Baby",
      "meme_name": "Angry-Baby",
      "post_id": 31,
      "english_label": "anger",
      "response_time_ms": 602
    },
    {
      "image_path": "Math-ladyConfused-lady/Math-ladyConfused-lady_40.png",
      "label": "厭惡",
      "response_time": "00:00:00.511",
      "timestamp_unix": 1749727134,
      "timestamp_unix_ms": 1749727134480,
      "timestamp_readable": "2025-06-12 11:18:54.480",
      "normalized_name": "Math-ladyConfused-lady/Math-ladyConfused-lady",
      "meme_name": "Math-ladyConfused-lady",
      "post_id": 40,
      "english_label": "disgust",
      "response_time_ms": 511
    },
    {
      "image_path": "Scooby-doo-mask-reveal/Scooby-doo-mask-reveal_22.png",
      "label": "其他",
      "response_time": "00:00:00.611",
      "timestamp_unix": 1749727135,
      "timestamp_unix_ms": 1749727135154,
      "timestamp_readable": "2025-06-12 11:18:55.154",
      "normalized_name": "Scooby-doo-mask-reveal/Scooby-doo-mask-reveal",
      "meme_name": "Scooby-doo-mask-reveal",
      "post_id": 22,
      "english_label": "others",
      "response_time_ms": 611
    },
    {
      "image_path": "Spongebob-Yelling/Spongebob-Yelling_3.png",
      "label": "輕蔑",
      "response_time": "00:00:00.601",
      "timestamp_unix": 1749727135,
      "timestamp_unix_ms": 1749727135820,
      "timestamp_readable": "2025-06-12 11:18:55.820",
      "normalized_name": "Spongebob-Yelling/Spongebob-Yelling",
      "meme_name": "Spongebob-Yelling",
      "post_id": 3,
      "english_label": "contempt",
      "response_time_ms": 601
    },
    {
      "image_path": "Dinkleberg/Dinkleberg_4.png",
      "label": "厭惡",
      "response_time": "00:00:00.509",
      "timestamp_unix": 1749727136,
      "timestamp_unix_ms": 1749727136458,
      "timestamp_readable": "2025-06-12 11:18:56.458",
      "normalized_name": "Dinkleberg/Dinkleberg",
      "meme_name": "Dinkleberg",
      "post_id": 4,
      "english_label": "disgust",
      "response_time_ms": 509
    },
    {
      "image_path": "Chill-guy/Chill-guy_47.png",
      "label": "其他",
      "response_time": "00:00:00.310",
      "timestamp_unix": 1749727136,
      "timestamp_unix_ms": 1749727136912,
      "timestamp_readable": "2025-06-12 11:18:56.912",
      "normalized_name": "Chill-guy/Chill-guy",
      "meme_name": "Chill-guy",
      "post_id": 47,
      "english_label": "others",
      "response_time_ms": 310
    },
    {
      "image_path": "Obi-Wan-Kenobi/Obi-Wan-Kenobi_5.png",
      "label": "其他",
      "response_time": "00:00:00.202",
      "timestamp_unix": 1749727137,
      "timestamp_unix_ms": 1749727137232,
      "timestamp_readable": "2025-06-12 11:18:57.232",
      "normalized_name": "Obi-Wan-Kenobi/Obi-Wan-Kenobi",
      "meme_name": "Obi-Wan-Kenobi",
      "post_id": 5,
      "english_label": "others",
      "response_time_ms": 202
    },
    {
      "image_path": "DJ-Pauly-D/DJ-Pauly-D_37.png",
      "label": "憤怒",
      "response_time": "00:00:00.303",
      "timestamp_unix": 1749727137,
      "timestamp_unix_ms": 1749727137618,
      "timestamp_readable": "2025-06-12 11:18:57.618",
      "normalized_name": "DJ-Pauly-D/DJ-Pauly-D",
      "meme_name": "DJ-Pauly-D",
      "post_id": 37,
      "english_label": "anger",
      "response_time_ms": 303
    },
    {
      "image_path": "Nuclear-Explosion/Nuclear-Explosion_32.png",
      "label": "輕蔑",
      "response_time": "00:00:00.214",
      "timestamp_unix": 1749727137,
      "timestamp_unix_ms": 1749727137974,
      "timestamp_readable": "2025-06-12 11:18:57.974",
      "normalized_name": "Nuclear-Explosion/Nuclear-Explosion",
      "meme_name": "Nuclear-Explosion",
      "post_id": 32,
      "english_label": "contempt",
      "response_time_ms": 214
    },
    {
      "image_path": "Mr-McMahon-reaction/Mr-McMahon-reaction_2.png",
      "label": "輕蔑",
      "response_time": "00:00:01.110",
      "timestamp_unix": 1749727139,
      "timestamp_unix_ms": 1749727139161,
      "timestamp_readable": "2025-06-12 11:18:59.161",
      "normalized_name": "Mr-McMahon-reaction/Mr-McMahon-reaction",
      "meme_name": "Mr-McMahon-reaction",
      "post_id": 2,
      "english_label": "contempt",
      "response_time_ms": 1110
    },
    {
      "image_path": "Thats-a-paddlin/Thats-a-paddlin_41.png",
      "label": "輕蔑",
      "response_time": "00:00:00.707",
      "timestamp_unix": 1749727139,
      "timestamp_unix_ms": 1749727139949,
      "timestamp_readable": "2025-06-12 11:18:59.949",
      "normalized_name": "Thats-a-paddlin/Thats-a-paddlin",
      "meme_name": "Thats-a-paddlin",
      "post_id": 41,
      "english_label": "contempt",
      "response_time_ms": 707
    },
    {
      "image_path": "Dave-chappelle/Dave-chappelle_39.png",
      "label": "其他",
      "response_time": "00:00:00.407",
      "timestamp_unix": 1749727140,
      "timestamp_unix_ms": 1749727140496,
      "timestamp_readable": "2025-06-12 11:19:00.496",
      "normalized_name": "Dave-chappelle/Dave-chappelle",
      "meme_name": "Dave-chappelle",
      "post_id": 39,
      "english_label": "others",
      "response_time_ms": 407
    },
    {
      "image_path": "Kevin-Hart/Kevin-Hart_44.png",
      "label": "厭惡",
      "response_time": "00:00:00.308",
      "timestamp_unix": 1749727140,
      "timestamp_unix_ms": 1749727140955,
      "timestamp_readable": "2025-06-12 11:19:00.955",
      "normalized_name": "Kevin-Hart/Kevin-Hart",
      "meme_name": "Kevin-Hart",
      "post_id": 44,
      "english_label": "disgust",
      "response_time_ms": 308
    },
    {
      "image_path": "Moe-throws-Barney/Moe-throws-Barney_28.png",
      "label": "憤怒",
      "response_time": "00:00:00.308",
      "timestamp_unix": 1749727141,
      "timestamp_unix_ms": 1749727141395,
      "timestamp_readable": "2025-06-12 11:19:01.395",
      "normalized_name": "Moe-throws-Barney/Moe-throws-Barney",
      "meme_name": "Moe-throws-Barney",
      "post_id": 28,
      "english_label": "anger",
      "response_time_ms": 308
    },
    {
      "image_path": "Archer/Archer_16.png",
      "label": "輕蔑",
      "response_time": "00:00:00.309",
      "timestamp_unix": 1749727141,
      "timestamp_unix_ms": 1749727141826,
      "timestamp_readable": "2025-06-12 11:19:01.826",
      "normalized_name": "Archer/Archer",
      "meme_name": "Archer",
      "post_id": 16,
      "english_label": "contempt",
      "response_time_ms": 309
    },
    {
      "image_path": "Gru-Gun/Gru-Gun_42.png",
      "label": "其他",
      "response_time": "00:00:00.306",
      "timestamp_unix": 1749727142,
      "timestamp_unix_ms": 1749727142211,
      "timestamp_readable": "2025-06-12 11:19:02.211",
      "normalized_name": "Gru-Gun/Gru-Gun",
      "meme_name": "Gru-Gun",
      "post_id": 42,
      "english_label": "others",
      "response_time_ms": 306
    },
    {
      "image_path": "Disappointed-Man/Disappointed-Man_20.png",
      "label": "厭惡",
      "response_time": "00:00:00.307",
      "timestamp_unix": 1749727142,
      "timestamp_unix_ms": 1749727142673,
      "timestamp_readable": "2025-06-12 11:19:02.673",
      "normalized_name": "Disappointed-Man/Disappointed-Man",
      "meme_name": "Disappointed-Man",
      "post_id": 20,
      "english_label": "disgust",
      "response_time_ms": 307
    },
    {
      "image_path": "Khan/Khan_29.png",
      "label": "輕蔑",
      "response_time": "00:00:00.405",
      "timestamp_unix": 1749727143,
      "timestamp_unix_ms": 1749727143194,
      "timestamp_readable": "2025-06-12 11:19:03.194",
      "normalized_name": "Khan/Khan",
      "meme_name": "Khan",
      "post_id": 29,
      "english_label": "contempt",
      "response_time_ms": 405
    },
    {
      "image_path": "Picard-Wtf/Picard-Wtf_46.png",
      "label": "其他",
      "response_time": "00:00:00.302",
      "timestamp_unix": 1749727143,
      "timestamp_unix_ms": 1749727143600,
      "timestamp_readable": "2025-06-12 11:19:03.600",
      "normalized_name": "Picard-Wtf/Picard-Wtf",
      "meme_name": "Picard-Wtf",
      "post_id": 46,
      "english_label": "others",
      "response_time_ms": 302
    },
    {
      "image_path": "attention_check/attention_check_Anger.png",
      "label": "輕蔑",
      "response_time": "00:00:00.311",
      "timestamp_unix": 1749727144,
      "timestamp_unix_ms": 1749727144064,
      "timestamp_readable": "2025-06-12 11:19:04.064",
      "normalized_name": "attention_check/attention_check_Anger.png",
      "meme_name": "attention_check",
      "post_id": null,
      "english_label": "contempt",
      "response_time_ms": 311
    },
    {
      "image_path": "Smudge-the-cat/Smudge-the-cat_24.png",
      "label": "其他",
      "response_time": "00:00:00.303",
      "timestamp_unix": 1749727144,
      "timestamp_unix_ms": 1749727144486,
      "timestamp_readable": "2025-06-12 11:19:04.486",
      "normalized_name": "Smudge-the-cat/Smudge-the-cat",
      "meme_name": "Smudge-the-cat",
      "post_id": 24,
      "english_label": "others",
      "response_time_ms": 303
    },
    {
      "image_path": "Mocking-Spongebob/Mocking-Spongebob_15.png",
      "label": "厭惡",
      "response_time": "00:00:00.300",
      "timestamp_unix": 1749727144,
      "timestamp_unix_ms": 1749727144890,
      "timestamp_readable": "2025-06-12 11:19:04.890",
      "normalized_name": "Mocking-Spongebob/Mocking-Spongebob",
      "meme_name": "Mocking-Spongebob",
      "post_id": 15,
      "english_label": "disgust",
      "response_time_ms": 300
    },
    {
      "image_path": "Well-Yes-But-Actually-No/Well-Yes-But-Actually-No_18.png",
      "label": "輕蔑",
      "response_time": "00:00:00.403",
      "timestamp_unix": 1749727145,
      "timestamp_unix_ms": 1749727145368,
      "timestamp_readable": "2025-06-12 11:19:05.368",
      "normalized_name": "Well-Yes-But-Actually-No/Well-Yes-But-Actually-No",
      "meme_name": "Well-Yes-But-Actually-No",
      "post_id": 18,
      "english_label": "contempt",
      "response_time_ms": 403
    },
    {
      "image_path": "Batman-Slapping-Robin/Batman-Slapping-Robin_45.png",
      "label": "輕蔑",
      "response_time": "00:00:00.307",
      "timestamp_unix": 1749727145,
      "timestamp_unix_ms": 1749727145761,
      "timestamp_readable": "2025-06-12 11:19:05.761",
      "normalized_name": "Batman-Slapping-Robin/Batman-Slapping-Robin",
      "meme_name": "Batman-Slapping-Robin",
      "post_id": 45,
      "english_label": "contempt",
      "response_time_ms": 307
    },
    {
      "image_path": "Mr-incredible-mad/Mr-incredible-mad_12.png",
      "label": "憤怒",
      "response_time": "00:00:00.300",
      "timestamp_unix": 1749727146,
      "timestamp_unix_ms": 1749727146144,
      "timestamp_readable": "2025-06-12 11:19:06.144",
      "normalized_name": "Mr-incredible-mad/Mr-incredible-mad",
      "meme_name": "Mr-incredible-mad",
      "post_id": 12,
      "english_label": "anger",
      "response_time_ms": 300
    },
    {
      "image_path": "You-The-Real-MVP/You-The-Real-MVP_21.png",
      "label": "其他",
      "response_time": "00:00:00.302",
      "timestamp_unix": 1749727146,
      "timestamp_unix_ms": 1749727146530,
      "timestamp_readable": "2025-06-12 11:19:06.530",
      "normalized_name": "You-The-Real-MVP/You-The-Real-MVP",
      "meme_name": "You-The-Real-MVP",
      "post_id": 21,
      "english_label": "others",
      "response_time_ms": 302
    },
    {
      "image_path": "Ill-Have-You-Know-Spongebob/Ill-Have-You-Know-Spongebob_27.png",
      "label": "其他",
      "response_time": "00:00:00.309",
      "timestamp_unix": 1749727146,
      "timestamp_unix_ms": 1749727146961,
      "timestamp_readable": "2025-06-12 11:19:06.961",
      "normalized_name": "Ill-Have-You-Know-Spongebob/Ill-Have-You-Know-Spongebob",
      "meme_name": "Ill-Have-You-Know-Spongebob",
      "post_id": 27,
      "english_label": "others",
      "response_time_ms": 309
    },
    {
      "image_path": "Confused-Gandalf/Confused-Gandalf_34.png",
      "label": "厭惡",
      "response_time": "00:00:00.201",
      "timestamp_unix": 1749727147,
      "timestamp_unix_ms": 1749727147315,
      "timestamp_readable": "2025-06-12 11:19:07.315",
      "normalized_name": "Confused-Gandalf/Confused-Gandalf",
      "meme_name": "Confused-Gandalf",
      "post_id": 34,
      "english_label": "disgust",
      "response_time_ms": 201
    },
    {
      "image_path": "Afraid-To-Ask-Andy/Afraid-To-Ask-Andy_30.png",
      "label": "輕蔑",
      "response_time": "00:00:00.304",
      "timestamp_unix": 1749727147,
      "timestamp_unix_ms": 1749727147699,
      "timestamp_readable": "2025-06-12 11:19:07.699",
      "normalized_name": "Afraid-To-Ask-Andy/Afraid-To-Ask-Andy",
      "meme_name": "Afraid-To-Ask-Andy",
      "post_id": 30,
      "english_label": "contempt",
      "response_time_ms": 304
    },
    {
      "image_path": "Spiderman-Hospital/Spiderman-Hospital_8.png",
      "label": "輕蔑",
      "response_time": "00:00:00.405",
      "timestamp_unix": 1749727148,
      "timestamp_unix_ms": 1749727148225,
      "timestamp_readable": "2025-06-12 11:19:08.225",
      "normalized_name": "Spiderman-Hospital/Spiderman-Hospital",
      "meme_name": "Spiderman-Hospital",
      "post_id": 8,
      "english_label": "contempt",
      "response_time_ms": 405
    },
    {
      "image_path": "Persian-Cat-Room-Guardian/Persian-Cat-Room-Guardian_49.png",
      "label": "輕蔑",
      "response_time": "00:00:00.309",
      "timestamp_unix": 1749727148,
      "timestamp_unix_ms": 1749727148657,
      "timestamp_readable": "2025-06-12 11:19:08.657",
      "normalized_name": "Persian-Cat-Room-Guardian/Persian-Cat-Room-Guardian",
      "meme_name": "Persian-Cat-Room-Guardian",
      "post_id": 49,
      "english_label": "contempt",
      "response_time_ms": 309
    },
    {
      "image_path": "Always-Has-Been/Always-Has-Been_23.png",
      "label": "憤怒",
      "response_time": "00:00:00.311",
      "timestamp_unix": 1749727149,
      "timestamp_unix_ms": 1749727149104,
      "timestamp_readable": "2025-06-12 11:19:09.104",
      "normalized_name": "Always-Has-Been/Always-Has-Been",
      "meme_name": "Always-Has-Been",
      "post_id": 23,
      "english_label": "anger",
      "response_time_ms": 311
    },
    {
      "image_path": "Always-you-three/Always-you-three_1.png",
      "label": "其他",
      "response_time": "00:00:00.201",
      "timestamp_unix": 1749727149,
      "timestamp_unix_ms": 1749727149472,
      "timestamp_readable": "2025-06-12 11:19:09.472",
      "normalized_name": "Always-you-three/Always-you-three",
      "meme_name": "Always-you-three",
      "post_id": 1,
      "english_label": "others",
      "response_time_ms": 201
    },
    {
      "image_path": "Black-guy-hiding-behind-tree/Black-guy-hiding-behind-tree_11.png",
      "label": "其他",
      "response_time": "00:00:00.306",
      "timestamp_unix": 1749727149,
      "timestamp_unix_ms": 1749727149876,
      "timestamp_readable": "2025-06-12 11:19:09.876",
      "normalized_name": "Black-guy-hiding-behind-tree/Black-guy-hiding-behind-tree",
      "meme_name": "Black-guy-hiding-behind-tree",
      "post_id": 11,
      "english_label": "others",
      "response_time_ms": 306
    },
    {
      "image_path": "Hide-the-Pain-Harold/Hide-the-Pain-Harold_17.png",
      "label": "其他",
      "response_time": "00:00:00.302",
      "timestamp_unix": 1749727150,
      "timestamp_unix_ms": 1749727150303,
      "timestamp_readable": "2025-06-12 11:19:10.303",
      "normalized_name": "Hide-the-Pain-Harold/Hide-the-Pain-Harold",
      "meme_name": "Hide-the-Pain-Harold",
      "post_id": 17,
      "english_label": "others",
      "response_time_ms": 302
    },
    {
      "image_path": "Leonardo-Dicaprio-Wolf-Of-Wall-Street/Leonardo-Dicaprio-Wolf-Of-Wall-Street_36.png",
      "label": "厭惡",
      "response_time": "00:00:00.310",
      "timestamp_unix": 1749727150,
      "timestamp_unix_ms": 1749727150772,
      "timestamp_readable": "2025-06-12 11:19:10.772",
      "normalized_name": "Leonardo-Dicaprio-Wolf-Of-Wall-Street/Leonardo-Dicaprio-Wolf-Of-Wall-Street",
      "meme_name": "Leonardo-Dicaprio-Wolf-Of-Wall-Street",
      "post_id": 36,
      "english_label": "disgust",
      "response_time_ms": 310
    },
    {
      "image_path": "Hold-fart/Hold-fart_9.png",
      "label": "輕蔑",
      "response_time": "00:00:00.306",
      "timestamp_unix": 1749727151,
      "timestamp_unix_ms": 1749727151217,
      "timestamp_readable": "2025-06-12 11:19:11.217",
      "normalized_name": "Hold-fart/Hold-fart",
      "meme_name": "Hold-fart",
      "post_id": 9,
      "english_label": "contempt",
      "response_time_ms": 306
    },
    {
      "image_path": "Laughing-wolf/Laughing-wolf_43.png",
      "label": "輕蔑",
      "response_time": "00:00:00.301",
      "timestamp_unix": 1749727151,
      "timestamp_unix_ms": 1749727151619,
      "timestamp_readable": "2025-06-12 11:19:11.619",
      "normalized_name": "Laughing-wolf/Laughing-wolf",
      "meme_name": "Laughing-wolf",
      "post_id": 43,
      "english_label": "contempt",
      "response_time_ms": 301
    },
    {
      "image_path": "Futurama-Fry/Futurama-Fry_19.png",
      "label": "憤怒",
      "response_time": "00:00:00.306",
      "timestamp_unix": 1749727152,
      "timestamp_unix_ms": 1749727152053,
      "timestamp_readable": "2025-06-12 11:19:12.053",
      "normalized_name": "Futurama-Fry/Futurama-Fry",
      "meme_name": "Futurama-Fry",
      "post_id": 19,
      "english_label": "anger",
      "response_time_ms": 306
    },
    {
      "image_path": "Drake-NoYes/Drake-NoYes_6.png",
      "label": "輕蔑",
      "response_time": "00:00:00.304",
      "timestamp_unix": 1749727152,
      "timestamp_unix_ms": 1749727152438,
      "timestamp_readable": "2025-06-12 11:19:12.438",
      "normalized_name": "Drake-NoYes/Drake-NoYes",
      "meme_name": "Drake-NoYes",
      "post_id": 6,
      "english_label": "contempt",
      "response_time_ms": 304
    },
    {
      "image_path": "Table-Flip-Guy/Table-Flip-Guy_26.png",
      "label": "輕蔑",
      "response_time": "00:00:00.306",
      "timestamp_unix": 1749727152,
      "timestamp_unix_ms": 1749727152884,
      "timestamp_readable": "2025-06-12 11:19:12.884",
      "normalized_name": "Table-Flip-Guy/Table-Flip-Guy",
      "meme_name": "Table-Flip-Guy",
      "post_id": 26,
      "english_label": "contempt",
      "response_time_ms": 306
    },
    {
      "image_path": "For-the-better-right-blank/For-the-better-right-blank_35.png",
      "label": "輕蔑",
      "response_time": "00:00:00.310",
      "timestamp_unix": 1749727153,
      "timestamp_unix_ms": 1749727153266,
      "timestamp_readable": "2025-06-12 11:19:13.266",
      "normalized_name": "For-the-better-right-blank/For-the-better-right-blank",
      "meme_name": "For-the-better-right-blank",
      "post_id": 35,
      "english_label": "contempt",
      "response_time_ms": 310
    },
    {
      "image_path": "attention_check/attention_check_Disgust.png",
      "label": "厭惡",
      "response_time": "00:00:00.302",
      "timestamp_unix": 1749727153,
      "timestamp_unix_ms": 1749727153663,
      "timestamp_readable": "2025-06-12 11:19:13.663",
      "normalized_name": "attention_check/attention_check_Disgust.png",
      "meme_name": "attention_check",
      "post_id": null,
      "english_label": "disgust",
      "response_time_ms": 302
    },
    {
      "image_path": "Happy--Shock/Happy--Shock_38.png",
      "label": "其他",
      "response_time": "00:00:00.309",
      "timestamp_unix": 1749727154,
      "timestamp_unix_ms": 1749727154066,
      "timestamp_readable": "2025-06-12 11:19:14.066",
      "normalized_name": "Happy--Shock/Happy--Shock",
      "meme_name": "Happy--Shock",
      "post_id": 38,
      "english_label": "others",
      "response_time_ms": 309
    },
    {
      "image_path": "Disaster-Girl/Disaster-Girl_14.png",
      "label": "輕蔑",
      "response_time": "00:00:00.302",
      "timestamp_unix": 1749727154,
      "timestamp_unix_ms": 1749727154482,
      "timestamp_readable": "2025-06-12 11:19:14.482",
      "normalized_name": "Disaster-Girl/Disaster-Girl",
      "meme_name": "Disaster-Girl",
      "post_id": 14,
      "english_label": "contempt",
      "response_time_ms": 302
    },
    {
      "image_path": "I-am-once-again-asking/I-am-once-again-asking_13.png",
      "label": "輕蔑",
      "response_time": "00:00:00.300",
      "timestamp_unix": 1749727154,
      "timestamp_unix_ms": 1749727154907,
      "timestamp_readable": "2025-06-12 11:19:14.907",
      "normalized_name": "I-am-once-again-asking/I-am-once-again-asking",
      "meme_name": "I-am-once-again-asking",
      "post_id": 13,
      "english_label": "contempt",
      "response_time_ms": 300
    },
    {
      "image_path": "Charlie-Day/Charlie-Day_7.png",
      "label": "厭惡",
      "response_time": "00:00:00.509",
      "timestamp_unix": 1749727155,
      "timestamp_unix_ms": 1749727155493,
      "timestamp_readable": "2025-06-12 11:19:15.493",
      "normalized_name": "Charlie-Day/Charlie-Day",
      "meme_name": "Charlie-Day",
      "post_id": 7,
      "english_label": "disgust",
      "response_time_ms": 509
    },
    {
      "image_path": "Monkey-Puppet/Monkey-Puppet_10.png",
      "label": "輕蔑",
      "response_time": "00:00:00.306",
      "timestamp_unix": 1749727155,
      "timestamp_unix_ms": 1749727155927,
      "timestamp_readable": "2025-06-12 11:19:15.927",
      "normalized_name": "Monkey-Puppet/Monkey-Puppet",
      "meme_name": "Monkey-Puppet",
      "post_id": 10,
      "english_label": "contempt",
      "response_time_ms": 306
    },
    {
      "image_path": "Arthur-Fist/Arthur-Fist_25.png",
      "label": "其他",
      "response_time": "00:00:00.302",
      "timestamp_unix": 1749727156,
      "timestamp_unix_ms": 1749727156374,
      "timestamp_readable": "2025-06-12 11:19:16.374",
      "normalized_name": "Arthur-Fist/Arthur-Fist",
      "meme_name": "Arthur-Fist",
      "post_id": 25,
      "english_label": "others",
      "response_time_ms": 302
    },
    {
      "image_path": "Put-It-Somewhere-Else-Patrick/Put-It-Somewhere-Else-Patrick_48.png",
      "label": "輕蔑",
      "response_time": "00:00:00.402",
      "timestamp_unix": 1749727156,
      "timestamp_unix_ms": 1749727156876,
      "timestamp_readable": "2025-06-12 11:19:16.876",
      "normalized_name": "Put-It-Somewhere-Else-Patrick/Put-It-Somewhere-Else-Patrick",
      "meme_name": "Put-It-Somewhere-Else-Patrick",
      "post_id": 48,
      "english_label": "contempt",
      "response_time_ms": 402
    }
  ],
  "session_start_unix": 1749727126,
  "session_status": "completed",
  "last_updated_unix": 1749727164,
  "image_order": [
    "Spiderman-Hospital/Spiderman-Hospital_8.png",
    "Happy--Shock/Happy--Shock_38.png",
    "Chill-guy/Chill-guy_47.png",
    "I-am-once-again-asking/I-am-once-again-asking_13.png",
    "Math-ladyConfused-lady/Math-ladyConfused-lady_40.png",
    "Archer/Archer_16.png",
    "Leonardo-Dicaprio-Wolf-Of-Wall-Street/Leonardo-Dicaprio-Wolf-Of-Wall-Street_36.png",
    "Mocking-Spongebob/Mocking-Spongebob_15.png",
    "Afraid-To-Ask-Andy/Afraid-To-Ask-Andy_30.png",
    "Charlie-Day/Charlie-Day_7.png",
    "Always-Has-Been/Always-Has-Been_23.png",
    "Picard-Wtf/Picard-Wtf_46.png",
    "Batman-Slapping-Robin/Batman-Slapping-Robin_45.png",
    "For-the-better-right-blank/For-the-better-right-blank_35.png",
    "Drake-NoYes/Drake-NoYes_6.png",
    "Laughing-wolf/Laughing-wolf_43.png",
    "DJ-Pauly-D/DJ-Pauly-D_37.png",
    "Always-you-three/Always-you-three_1.png",
    "Disappointed-Man/Disappointed-Man_20.png",
    "Smudge-the-cat/Smudge-the-cat_24.png",
    "Thats-a-paddlin/Thats-a-paddlin_41.png",
    "attention_check/attention_check_Anger.png",
    "Hide-the-Pain-Harold/Hide-the-Pain-Harold_17.png",
    "Hold-fart/Hold-fart_9.png",
    "Im-The-Captain-Now/Im-The-Captain-Now_50.png",
    "Obi-Wan-Kenobi/Obi-Wan-Kenobi_5.png",
    "Spongebob-Yelling/Spongebob-Yelling_3.png",
    "Nuclear-Explosion/Nuclear-Explosion_32.png",
    "Dinkleberg/Dinkleberg_4.png",
    "Scooby-doo-mask-reveal/Scooby-doo-mask-reveal_22.png",
    "Disaster-Girl/Disaster-Girl_14.png",
    "Black-guy-hiding-behind-tree/Black-guy-hiding-behind-tree_11.png",
    "You-The-Real-MVP/You-The-Real-MVP_21.png",
    "Moe-throws-Barney/Moe-throws-Barney_28.png",
    "Ill-Have-You-Know-Spongebob/Ill-Have-You-Know-Spongebob_27.png",
    "Futurama-Fry/Futurama-Fry_19.png",
    "Monkey-Puppet/Monkey-Puppet_10.png",
    "Confused-Gandalf/Confused-Gandalf_34.png",
    "Mr-incredible-mad/Mr-incredible-mad_12.png",
    "Dave-chappelle/Dave-chappelle_39.png",
    "Surprised-Pikachu/Surprised-Pikachu_33.png",
    "Table-Flip-Guy/Table-Flip-Guy_26.png",
    "Kevin-Hart/Kevin-Hart_44.png",
    "Well-Yes-But-Actually-No/Well-Yes-But-Actually-No_18.png",
    "attention_check/attention_check_Disgust.png",
    "Mr-McMahon-reaction/Mr-McMahon-reaction_2.png",
    "Gru-Gun/Gru-Gun_42.png",
    "Persian-Cat-Room-Guardian/Persian-Cat-Room-Guardian_49.png",
    "Put-It-Somewhere-Else-Patrick/Put-It-Somewhere-Else-Patrick_48.png",
    "Angry-Baby/Angry-Baby_31.png",
    "Arthur-Fist/Arthur-Fist_25.png",
    "Khan/Khan_29.png"
  ],
  "completion_status": {
    "practice_completed": true,
    "game_started": true,
    "game_completed": true,
    "summary_viewed": true,
    "email_submitted": true
  },
  "timestamps_unix": {
    "registration_completed": 1749727126,
    "practice_started": 1749727126,
    "practice_completed": 1749727131,
    "game_started": 1749727131,
    "first_label": 1749727132,
    "last_label": 1749727156,
    "game_completed": 1749727158,
    "summary_viewed": 1749727158,
    "email_submitted": 1749727164,
    "session_end": 1749727164,
    "last_updated": 1749727164
  },
  "timestamps_unix_ms": {
    "registration_completed_ms": 1749727126181,
    "practice_started_ms": 1749727126226,
    "practice_completed_ms": 1749727131918,
    "game_started_ms": 1749727131930,
    "first_label_ms": 1749727132820,
    "last_label_ms": 1749727156876,
    "game_completed_ms": 1749727158382,
    "summary_viewed_ms": 1749727158395,
    "email_submitted_ms": 1749727164928,
    "session_end_ms": 1749727164928,
    "last_updated_ms": 1749727164928
  },
  "duration_stats_ms": {
    "total_session_duration_ms": 38747,
    "practice_duration_ms": 5692,
    "game_duration_ms": 26452,
    "labeling_duration_ms": 24056,
    "email_submission_duration_ms": 6533
  },
  "filename_updated_unix": 1749727158,
  "original_filename": "user_bda63b",
  "completion_status_in_filename": "email_submitted"
}