{
  "user_id": "user_668d58",
  "file_name": "user_668d58_1751274702_1751275392_fullycomplete",
  "unix_start_time": 1751274702,
  "unix_start_time_ms": 1751274702561,
  "unix_end_time": 1751275392,
  "unix_end_time_ms": 1751275392120,
  "age": "18-24",
  "gender": "male",
  "user_agent": "Mozilla/5.0 (Windows NT 10.0; Win64; x64) AppleWebKit/537.36 (KHTML, like Gecko) Chrome/137.0.0.0 Safari/537.36",
  "user_ip": "140.113.136.218",
  "status": "complete",
  "email_provided": "complete",
  "attention_passed": true,
  "start_time_readable": "2025-06-30 09:11:42.561",
  "end_time_readable": "2025-06-30 09:23:12.120",
  "total_labels": 52,
  "emotion_summary": {
    "anger": 8,
    "contempt": 21,
    "disgust": 8,
    "others": 15
  },
  "email": "n26526324@gmail.com",
  "participation": "yes",
  "total_responses": 52,
  "responses": [
    {
      "image_path": "For-the-better-right-blank/For-the-better-right-blank_5.png",
      "label": "輕蔑",
      "response_time": "00:00:23.101",
      "timestamp_unix": 1751274793,
      "timestamp_unix_ms": 1751274793349,
      "timestamp_readable": "2025-06-30 09:13:13.349",
      "normalized_name": "For-the-better-right-blank/For-the-better-right-blank",
      "meme_name": "For-the-better-right-blank",
      "post_id": 5,
      "english_label": "contempt",
      "response_time_ms": 23101
    },
    {
      "image_path": "Ill-Have-You-Know-Spongebob/Ill-Have-You-Know-Spongebob_25.png",
      "label": "厭惡",
      "response_time": "00:00:06.300",
      "timestamp_unix": 1751274799,
      "timestamp_unix_ms": 1751274799779,
      "timestamp_readable": "2025-06-30 09:13:19.779",
      "normalized_name": "Ill-Have-You-Know-Spongebob/Ill-Have-You-Know-Spongebob",
      "meme_name": "Ill-Have-You-Know-Spongebob",
      "post_id": 25,
      "english_label": "disgust",
      "response_time_ms": 6300
    },
    {
      "image_path": "Monkey-Puppet/Monkey-Puppet_23.png",
      "label": "輕蔑",
      "response_time": "00:00:11.103",
      "timestamp_unix": 1751274810,
      "timestamp_unix_ms": 1751274810958,
      "timestamp_readable": "2025-06-30 09:13:30.958",
      "normalized_name": "Monkey-Puppet/Monkey-Puppet",
      "meme_name": "Monkey-Puppet",
      "post_id": 23,
      "english_label": "contempt",
      "response_time_ms": 11103
    },
    {
      "image_path": "Batman-Slapping-Robin/Batman-Slapping-Robin_45.png",
      "label": "憤怒",
      "response_time": "00:00:06.002",
      "timestamp_unix": 1751274817,
      "timestamp_unix_ms": 1751274817235,
      "timestamp_readable": "2025-06-30 09:13:37.235",
      "normalized_name": "Batman-Slapping-Robin/Batman-Slapping-Robin",
      "meme_name": "Batman-Slapping-Robin",
      "post_id": 45,
      "english_label": "anger",
      "response_time_ms": 6002
    },
    {
      "image_path": "Always-Has-Been/Always-Has-Been_35.png",
      "label": "其他",
      "response_time": "00:00:04.600",
      "timestamp_unix": 1751274821,
      "timestamp_unix_ms": 1751274821915,
      "timestamp_readable": "2025-06-30 09:13:41.915",
      "normalized_name": "Always-Has-Been/Always-Has-Been",
      "meme_name": "Always-Has-Been",
      "post_id": 35,
      "english_label": "others",
      "response_time_ms": 4600
    },
    {
      "image_path": "Drake-NoYes/Drake-NoYes_30.png",
      "label": "其他",
      "response_time": "00:00:11.501",
      "timestamp_unix": 1751274833,
      "timestamp_unix_ms": 1751274833676,
      "timestamp_readable": "2025-06-30 09:13:53.676",
      "normalized_name": "Drake-NoYes/Drake-NoYes",
      "meme_name": "Drake-NoYes",
      "post_id": 30,
      "english_label": "others",
      "response_time_ms": 11501
    },
    {
      "image_path": "Picard-Wtf/Picard-Wtf_3.png",
      "label": "輕蔑",
      "response_time": "00:00:04.902",
      "timestamp_unix": 1751274838,
      "timestamp_unix_ms": 1751274838647,
      "timestamp_readable": "2025-06-30 09:13:58.647",
      "normalized_name": "Picard-Wtf/Picard-Wtf",
      "meme_name": "Picard-Wtf",
      "post_id": 3,
      "english_label": "contempt",
      "response_time_ms": 4902
    },
    {
      "image_path": "Chill-guy/Chill-guy_33.png",
      "label": "其他",
      "response_time": "00:00:05.404",
      "timestamp_unix": 1751274844,
      "timestamp_unix_ms": 1751274844114,
      "timestamp_readable": "2025-06-30 09:14:04.114",
      "normalized_name": "Chill-guy/Chill-guy",
      "meme_name": "Chill-guy",
      "post_id": 33,
      "english_label": "others",
      "response_time_ms": 5404
    },
    {
      "image_path": "Thats-a-paddlin/Thats-a-paddlin_34.png",
      "label": "厭惡",
      "response_time": "00:00:03.101",
      "timestamp_unix": 1751274847,
      "timestamp_unix_ms": 1751274847273,
      "timestamp_readable": "2025-06-30 09:14:07.273",
      "normalized_name": "Thats-a-paddlin/Thats-a-paddlin",
      "meme_name": "Thats-a-paddlin",
      "post_id": 34,
      "english_label": "disgust",
      "response_time_ms": 3101
    },
    {
      "image_path": "I-am-once-again-asking/I-am-once-again-asking_50.png",
      "label": "憤怒",
      "response_time": "00:00:03.204",
      "timestamp_unix": 1751274850,
      "timestamp_unix_ms": 1751274850529,
      "timestamp_readable": "2025-06-30 09:14:10.529",
      "normalized_name": "I-am-once-again-asking/I-am-once-again-asking",
      "meme_name": "I-am-once-again-asking",
      "post_id": 50,
      "english_label": "anger",
      "response_time_ms": 3204
    },
    {
      "image_path": "Hide-the-Pain-Harold/Hide-the-Pain-Harold_24.png",
      "label": "輕蔑",
      "response_time": "00:00:04.602",
      "timestamp_unix": 1751274855,
      "timestamp_unix_ms": 1751274855179,
      "timestamp_readable": "2025-06-30 09:14:15.179",
      "normalized_name": "Hide-the-Pain-Harold/Hide-the-Pain-Harold",
      "meme_name": "Hide-the-Pain-Harold",
      "post_id": 24,
      "english_label": "contempt",
      "response_time_ms": 4602
    },
    {
      "image_path": "Smudge-the-cat/Smudge-the-cat_8.png",
      "label": "憤怒",
      "response_time": "00:00:06.603",
      "timestamp_unix": 1751274861,
      "timestamp_unix_ms": 1751274861837,
      "timestamp_readable": "2025-06-30 09:14:21.837",
      "normalized_name": "Smudge-the-cat/Smudge-the-cat",
      "meme_name": "Smudge-the-cat",
      "post_id": 8,
      "english_label": "anger",
      "response_time_ms": 6603
    },
    {
      "image_path": "Gru-Gun/Gru-Gun_6.png",
      "label": "輕蔑",
      "response_time": "00:00:02.906",
      "timestamp_unix": 1751274866,
      "timestamp_unix_ms": 1751274866728,
      "timestamp_readable": "2025-06-30 09:14:26.728",
      "normalized_name": "Gru-Gun/Gru-Gun",
      "meme_name": "Gru-Gun",
      "post_id": 6,
      "english_label": "contempt",
      "response_time_ms": 2906
    },
    {
      "image_path": "Khan/Khan_14.png",
      "label": "輕蔑",
      "response_time": "00:00:03.305",
      "timestamp_unix": 1751274870,
      "timestamp_unix_ms": 1751274870130,
      "timestamp_readable": "2025-06-30 09:14:30.130",
      "normalized_name": "Khan/Khan",
      "meme_name": "Khan",
      "post_id": 14,
      "english_label": "contempt",
      "response_time_ms": 3305
    },
    {
      "image_path": "Obi-Wan-Kenobi/Obi-Wan-Kenobi_9.png",
      "label": "輕蔑",
      "response_time": "00:00:06.504",
      "timestamp_unix": 1751274876,
      "timestamp_unix_ms": 1751274876822,
      "timestamp_readable": "2025-06-30 09:14:36.822",
      "normalized_name": "Obi-Wan-Kenobi/Obi-Wan-Kenobi",
      "meme_name": "Obi-Wan-Kenobi",
      "post_id": 9,
      "english_label": "contempt",
      "response_time_ms": 6504
    },
    {
      "image_path": "Dinkleberg/Dinkleberg_43.png",
      "label": "輕蔑",
      "response_time": "00:00:01.505",
      "timestamp_unix": 1751274878,
      "timestamp_unix_ms": 1751274878479,
      "timestamp_readable": "2025-06-30 09:14:38.479",
      "normalized_name": "Dinkleberg/Dinkleberg",
      "meme_name": "Dinkleberg",
      "post_id": 43,
      "english_label": "contempt",
      "response_time_ms": 1505
    },
    {
      "image_path": "Always-you-three/Always-you-three_42.png",
      "label": "其他",
      "response_time": "00:00:09.305",
      "timestamp_unix": 1751274887,
      "timestamp_unix_ms": 1751274887906,
      "timestamp_readable": "2025-06-30 09:14:47.906",
      "normalized_name": "Always-you-three/Always-you-three",
      "meme_name": "Always-you-three",
      "post_id": 42,
      "english_label": "others",
      "response_time_ms": 9305
    },
    {
      "image_path": "Leonardo-Dicaprio-Wolf-Of-Wall-Street/Leonardo-Dicaprio-Wolf-Of-Wall-Street_2.png",
      "label": "輕蔑",
      "response_time": "00:00:12.603",
      "timestamp_unix": 1751274902,
      "timestamp_unix_ms": 1751274902873,
      "timestamp_readable": "2025-06-30 09:15:02.873",
      "normalized_name": "Leonardo-Dicaprio-Wolf-Of-Wall-Street/Leonardo-Dicaprio-Wolf-Of-Wall-Street",
      "meme_name": "Leonardo-Dicaprio-Wolf-Of-Wall-Street",
      "post_id": 2,
      "english_label": "contempt",
      "response_time_ms": 12603
    },
    {
      "image_path": "Well-Yes-But-Actually-No/Well-Yes-But-Actually-No_47.png",
      "label": "輕蔑",
      "response_time": "00:00:09.302",
      "timestamp_unix": 1751274912,
      "timestamp_unix_ms": 1751274912281,
      "timestamp_readable": "2025-06-30 09:15:12.281",
      "normalized_name": "Well-Yes-But-Actually-No/Well-Yes-But-Actually-No",
      "meme_name": "Well-Yes-But-Actually-No",
      "post_id": 47,
      "english_label": "contempt",
      "response_time_ms": 9302
    },
    {
      "image_path": "Futurama-Fry/Futurama-Fry_29.png",
      "label": "輕蔑",
      "response_time": "00:00:06.902",
      "timestamp_unix": 1751274919,
      "timestamp_unix_ms": 1751274919475,
      "timestamp_readable": "2025-06-30 09:15:19.475",
      "normalized_name": "Futurama-Fry/Futurama-Fry",
      "meme_name": "Futurama-Fry",
      "post_id": 29,
      "english_label": "contempt",
      "response_time_ms": 6902
    },
    {
      "image_path": "Angry-Baby/Angry-Baby_10.png",
      "label": "厭惡",
      "response_time": "00:00:10.001",
      "timestamp_unix": 1751274929,
      "timestamp_unix_ms": 1751274929579,
      "timestamp_readable": "2025-06-30 09:15:29.579",
      "normalized_name": "Angry-Baby/Angry-Baby",
      "meme_name": "Angry-Baby",
      "post_id": 10,
      "english_label": "disgust",
      "response_time_ms": 10001
    },
    {
      "image_path": "attention_check/attention_check_Anger.png",
      "label": "憤怒",
      "response_time": "00:00:05.303",
      "timestamp_unix": 1751274935,
      "timestamp_unix_ms": 1751274935002,
      "timestamp_readable": "2025-06-30 09:15:35.002",
      "normalized_name": "attention_check/attention_check_Anger.png",
      "meme_name": "attention_check",
      "post_id": null,
      "english_label": "anger",
      "response_time_ms": 5303
    },
    {
      "image_path": "Spiderman-Hospital/Spiderman-Hospital_17.png",
      "label": "其他",
      "response_time": "00:00:18.105",
      "timestamp_unix": 1751274953,
      "timestamp_unix_ms": 1751274953168,
      "timestamp_readable": "2025-06-30 09:15:53.168",
      "normalized_name": "Spiderman-Hospital/Spiderman-Hospital",
      "meme_name": "Spiderman-Hospital",
      "post_id": 17,
      "english_label": "others",
      "response_time_ms": 18105
    },
    {
      "image_path": "Disaster-Girl/Disaster-Girl_22.png",
      "label": "輕蔑",
      "response_time": "00:00:04.105",
      "timestamp_unix": 1751274957,
      "timestamp_unix_ms": 1751274957473,
      "timestamp_readable": "2025-06-30 09:15:57.473",
      "normalized_name": "Disaster-Girl/Disaster-Girl",
      "meme_name": "Disaster-Girl",
      "post_id": 22,
      "english_label": "contempt",
      "response_time_ms": 4105
    },
    {
      "image_path": "Scooby-doo-mask-reveal/Scooby-doo-mask-reveal_13.png",
      "label": "其他",
      "response_time": "00:00:22.704",
      "timestamp_unix": 1751274980,
      "timestamp_unix_ms": 1751274980217,
      "timestamp_readable": "2025-06-30 09:16:20.217",
      "normalized_name": "Scooby-doo-mask-reveal/Scooby-doo-mask-reveal",
      "meme_name": "Scooby-doo-mask-reveal",
      "post_id": 13,
      "english_label": "others",
      "response_time_ms": 22704
    },
    {
      "image_path": "Surprised-Pikachu/Surprised-Pikachu_49.png",
      "label": "輕蔑",
      "response_time": "00:03:03.903",
      "timestamp_unix": 1751275164,
      "timestamp_unix_ms": 1751275164229,
      "timestamp_readable": "2025-06-30 09:19:24.229",
      "normalized_name": "Surprised-Pikachu/Surprised-Pikachu",
      "meme_name": "Surprised-Pikachu",
      "post_id": 49,
      "english_label": "contempt",
      "response_time_ms": 183903
    },
    {
      "image_path": "Table-Flip-Guy/Table-Flip-Guy_48.png",
      "label": "憤怒",
      "response_time": "00:00:04.704",
      "timestamp_unix": 1751275169,
      "timestamp_unix_ms": 1751275169054,
      "timestamp_readable": "2025-06-30 09:19:29.054",
      "normalized_name": "Table-Flip-Guy/Table-Flip-Guy",
      "meme_name": "Table-Flip-Guy",
      "post_id": 48,
      "english_label": "anger",
      "response_time_ms": 4704
    },
    {
      "image_path": "DJ-Pauly-D/DJ-Pauly-D_1.png",
      "label": "厭惡",
      "response_time": "00:00:02.205",
      "timestamp_unix": 1751275171,
      "timestamp_unix_ms": 1751275171314,
      "timestamp_readable": "2025-06-30 09:19:31.314",
      "normalized_name": "DJ-Pauly-D/DJ-Pauly-D",
      "meme_name": "DJ-Pauly-D",
      "post_id": 1,
      "english_label": "disgust",
      "response_time_ms": 2205
    },
    {
      "image_path": "Nuclear-Explosion/Nuclear-Explosion_36.png",
      "label": "憤怒",
      "response_time": "00:00:02.703",
      "timestamp_unix": 1751275174,
      "timestamp_unix_ms": 1751275174125,
      "timestamp_readable": "2025-06-30 09:19:34.125",
      "normalized_name": "Nuclear-Explosion/Nuclear-Explosion",
      "meme_name": "Nuclear-Explosion",
      "post_id": 36,
      "english_label": "anger",
      "response_time_ms": 2703
    },
    {
      "image_path": "Laughing-wolf/Laughing-wolf_38.png",
      "label": "輕蔑",
      "response_time": "00:00:02.200",
      "timestamp_unix": 1751275176,
      "timestamp_unix_ms": 1751275176447,
      "timestamp_readable": "2025-06-30 09:19:36.447",
      "normalized_name": "Laughing-wolf/Laughing-wolf",
      "meme_name": "Laughing-wolf",
      "post_id": 38,
      "english_label": "contempt",
      "response_time_ms": 2200
    },
    {
      "image_path": "Arthur-Fist/Arthur-Fist_26.png",
      "label": "厭惡",
      "response_time": "00:00:09.501",
      "timestamp_unix": 1751275185,
      "timestamp_unix_ms": 1751275185993,
      "timestamp_readable": "2025-06-30 09:19:45.993",
      "normalized_name": "Arthur-Fist/Arthur-Fist",
      "meme_name": "Arthur-Fist",
      "post_id": 26,
      "english_label": "disgust",
      "response_time_ms": 9501
    },
    {
      "image_path": "You-The-Real-MVP/You-The-Real-MVP_39.png",
      "label": "其他",
      "response_time": "00:00:03.106",
      "timestamp_unix": 1751275189,
      "timestamp_unix_ms": 1751275189229,
      "timestamp_readable": "2025-06-30 09:19:49.229",
      "normalized_name": "You-The-Real-MVP/You-The-Real-MVP",
      "meme_name": "You-The-Real-MVP",
      "post_id": 39,
      "english_label": "others",
      "response_time_ms": 3106
    },
    {
      "image_path": "Happy--Shock/Happy--Shock_27.png",
      "label": "其他",
      "response_time": "00:00:08.106",
      "timestamp_unix": 1751275197,
      "timestamp_unix_ms": 1751275197365,
      "timestamp_readable": "2025-06-30 09:19:57.365",
      "normalized_name": "Happy--Shock/Happy--Shock",
      "meme_name": "Happy--Shock",
      "post_id": 27,
      "english_label": "others",
      "response_time_ms": 8106
    },
    {
      "image_path": "Disappointed-Man/Disappointed-Man_7.png",
      "label": "厭惡",
      "response_time": "00:00:04.407",
      "timestamp_unix": 1751275201,
      "timestamp_unix_ms": 1751275201866,
      "timestamp_readable": "2025-06-30 09:20:01.866",
      "normalized_name": "Disappointed-Man/Disappointed-Man",
      "meme_name": "Disappointed-Man",
      "post_id": 7,
      "english_label": "disgust",
      "response_time_ms": 4407
    },
    {
      "image_path": "Mr-incredible-mad/Mr-incredible-mad_37.png",
      "label": "憤怒",
      "response_time": "00:00:02.506",
      "timestamp_unix": 1751275204,
      "timestamp_unix_ms": 1751275204464,
      "timestamp_readable": "2025-06-30 09:20:04.464",
      "normalized_name": "Mr-incredible-mad/Mr-incredible-mad",
      "meme_name": "Mr-incredible-mad",
      "post_id": 37,
      "english_label": "anger",
      "response_time_ms": 2506
    },
    {
      "image_path": "Mocking-Spongebob/Mocking-Spongebob_21.png",
      "label": "輕蔑",
      "response_time": "00:00:01.902",
      "timestamp_unix": 1751275206,
      "timestamp_unix_ms": 1751275206442,
      "timestamp_readable": "2025-06-30 09:20:06.442",
      "normalized_name": "Mocking-Spongebob/Mocking-Spongebob",
      "meme_name": "Mocking-Spongebob",
      "post_id": 21,
      "english_label": "contempt",
      "response_time_ms": 1902
    },
    {
      "image_path": "Math-ladyConfused-lady/Math-ladyConfused-lady_28.png",
      "label": "其他",
      "response_time": "00:00:02.100",
      "timestamp_unix": 1751275208,
      "timestamp_unix_ms": 1751275208797,
      "timestamp_readable": "2025-06-30 09:20:08.797",
      "normalized_name": "Math-ladyConfused-lady/Math-ladyConfused-lady",
      "meme_name": "Math-ladyConfused-lady",
      "post_id": 28,
      "english_label": "others",
      "response_time_ms": 2100
    },
    {
      "image_path": "Dave-chappelle/Dave-chappelle_11.png",
      "label": "其他",
      "response_time": "00:00:07.004",
      "timestamp_unix": 1751275215,
      "timestamp_unix_ms": 1751275215917,
      "timestamp_readable": "2025-06-30 09:20:15.917",
      "normalized_name": "Dave-chappelle/Dave-chappelle",
      "meme_name": "Dave-chappelle",
      "post_id": 11,
      "english_label": "others",
      "response_time_ms": 7004
    },
    {
      "image_path": "Spongebob-Yelling/Spongebob-Yelling_41.png",
      "label": "其他",
      "response_time": "00:00:56.006",
      "timestamp_unix": 1751275272,
      "timestamp_unix_ms": 1751275272068,
      "timestamp_readable": "2025-06-30 09:21:12.068",
      "normalized_name": "Spongebob-Yelling/Spongebob-Yelling",
      "meme_name": "Spongebob-Yelling",
      "post_id": 41,
      "english_label": "others",
      "response_time_ms": 56006
    },
    {
      "image_path": "Archer/Archer_12.png",
      "label": "憤怒",
      "response_time": "00:00:06.507",
      "timestamp_unix": 1751275278,
      "timestamp_unix_ms": 1751275278698,
      "timestamp_readable": "2025-06-30 09:21:18.698",
      "normalized_name": "Archer/Archer",
      "meme_name": "Archer",
      "post_id": 12,
      "english_label": "anger",
      "response_time_ms": 6507
    },
    {
      "image_path": "Put-It-Somewhere-Else-Patrick/Put-It-Somewhere-Else-Patrick_15.png",
      "label": "其他",
      "response_time": "00:00:03.003",
      "timestamp_unix": 1751275281,
      "timestamp_unix_ms": 1751275281824,
      "timestamp_readable": "2025-06-30 09:21:21.824",
      "normalized_name": "Put-It-Somewhere-Else-Patrick/Put-It-Somewhere-Else-Patrick",
      "meme_name": "Put-It-Somewhere-Else-Patrick",
      "post_id": 15,
      "english_label": "others",
      "response_time_ms": 3003
    },
    {
      "image_path": "Kevin-Hart/Kevin-Hart_18.png",
      "label": "其他",
      "response_time": "00:00:03.000",
      "timestamp_unix": 1751275284,
      "timestamp_unix_ms": 1751275284930,
      "timestamp_readable": "2025-06-30 09:21:24.930",
      "normalized_name": "Kevin-Hart/Kevin-Hart",
      "meme_name": "Kevin-Hart",
      "post_id": 18,
      "english_label": "others",
      "response_time_ms": 3000
    },
    {
      "image_path": "Persian-Cat-Room-Guardian/Persian-Cat-Room-Guardian_46.png",
      "label": "輕蔑",
      "response_time": "00:00:06.803",
      "timestamp_unix": 1751275291,
      "timestamp_unix_ms": 1751275291927,
      "timestamp_readable": "2025-06-30 09:21:31.927",
      "normalized_name": "Persian-Cat-Room-Guardian/Persian-Cat-Room-Guardian",
      "meme_name": "Persian-Cat-Room-Guardian",
      "post_id": 46,
      "english_label": "contempt",
      "response_time_ms": 6803
    },
    {
      "image_path": "Im-The-Captain-Now/Im-The-Captain-Now_32.png",
      "label": "厭惡",
      "response_time": "00:00:08.804",
      "timestamp_unix": 1751275300,
      "timestamp_unix_ms": 1751275300824,
      "timestamp_readable": "2025-06-30 09:21:40.824",
      "normalized_name": "Im-The-Captain-Now/Im-The-Captain-Now",
      "meme_name": "Im-The-Captain-Now",
      "post_id": 32,
      "english_label": "disgust",
      "response_time_ms": 8804
    },
    {
      "image_path": "Charlie-Day/Charlie-Day_16.png",
      "label": "其他",
      "response_time": "00:00:05.902",
      "timestamp_unix": 1751275306,
      "timestamp_unix_ms": 1751275306973,
      "timestamp_readable": "2025-06-30 09:21:46.973",
      "normalized_name": "Charlie-Day/Charlie-Day",
      "meme_name": "Charlie-Day",
      "post_id": 16,
      "english_label": "others",
      "response_time_ms": 5902
    },
    {
      "image_path": "Black-guy-hiding-behind-tree/Black-guy-hiding-behind-tree_19.png",
      "label": "輕蔑",
      "response_time": "00:00:08.401",
      "timestamp_unix": 1751275315,
      "timestamp_unix_ms": 1751275315432,
      "timestamp_readable": "2025-06-30 09:21:55.432",
      "normalized_name": "Black-guy-hiding-behind-tree/Black-guy-hiding-behind-tree",
      "meme_name": "Black-guy-hiding-behind-tree",
      "post_id": 19,
      "english_label": "contempt",
      "response_time_ms": 8401
    },
    {
      "image_path": "Confused-Gandalf/Confused-Gandalf_40.png",
      "label": "輕蔑",
      "response_time": "00:00:04.605",
      "timestamp_unix": 1751275324,
      "timestamp_unix_ms": 1751275324768,
      "timestamp_readable": "2025-06-30 09:22:04.768",
      "normalized_name": "Confused-Gandalf/Confused-Gandalf",
      "meme_name": "Confused-Gandalf",
      "post_id": 40,
      "english_label": "contempt",
      "response_time_ms": 4605
    },
    {
      "image_path": "attention_check/attention_check_Contempt.png",
      "label": "輕蔑",
      "response_time": "00:00:05.406",
      "timestamp_unix": 1751275330,
      "timestamp_unix_ms": 1751275330290,
      "timestamp_readable": "2025-06-30 09:22:10.290",
      "normalized_name": "attention_check/attention_check_Contempt.png",
      "meme_name": "attention_check",
      "post_id": null,
      "english_label": "contempt",
      "response_time_ms": 5406
    },
    {
      "image_path": "Mr-McMahon-reaction/Mr-McMahon-reaction_4.png",
      "label": "輕蔑",
      "response_time": "00:00:18.006",
      "timestamp_unix": 1751275358,
      "timestamp_unix_ms": 1751275358583,
      "timestamp_readable": "2025-06-30 09:22:38.583",
      "normalized_name": "Mr-McMahon-reaction/Mr-McMahon-reaction",
      "meme_name": "Mr-McMahon-reaction",
      "post_id": 4,
      "english_label": "contempt",
      "response_time_ms": 18006
    },
    {
      "image_path": "Moe-throws-Barney/Moe-throws-Barney_20.png",
      "label": "厭惡",
      "response_time": "00:00:05.108",
      "timestamp_unix": 1751275363,
      "timestamp_unix_ms": 1751275363735,
      "timestamp_readable": "2025-06-30 09:22:43.735",
      "normalized_name": "Moe-throws-Barney/Moe-throws-Barney",
      "meme_name": "Moe-throws-Barney",
      "post_id": 20,
      "english_label": "disgust",
      "response_time_ms": 5108
    },
    {
      "image_path": "Hold-fart/Hold-fart_31.png",
      "label": "其他",
      "response_time": "00:00:05.105",
      "timestamp_unix": 1751275369,
      "timestamp_unix_ms": 1751275369065,
      "timestamp_readable": "2025-06-30 09:22:49.065",
      "normalized_name": "Hold-fart/Hold-fart",
      "meme_name": "Hold-fart",
      "post_id": 31,
      "english_label": "others",
      "response_time_ms": 5105
    },
    {
      "image_path": "Afraid-To-Ask-Andy/Afraid-To-Ask-Andy_44.png",
      "label": "輕蔑",
      "response_time": "00:00:04.400",
      "timestamp_unix": 1751275373,
      "timestamp_unix_ms": 1751275373651,
      "timestamp_readable": "2025-06-30 09:22:53.651",
      "normalized_name": "Afraid-To-Ask-Andy/Afraid-To-Ask-Andy",
      "meme_name": "Afraid-To-Ask-Andy",
      "post_id": 44,
      "english_label": "contempt",
      "response_time_ms": 4400
    }
  ],
  "session_start_unix": 1751274702,
  "session_status": "completed",
  "last_updated_unix": 1751275392,
  "image_order": [
    "Spiderman-Hospital/Spiderman-Hospital_17.png",
    "Happy--Shock/Happy--Shock_27.png",
    "Chill-guy/Chill-guy_33.png",
    "I-am-once-again-asking/I-am-once-again-asking_50.png",
    "Math-ladyConfused-lady/Math-ladyConfused-lady_28.png",
    "Archer/Archer_12.png",
    "Leonardo-Dicaprio-Wolf-Of-Wall-Street/Leonardo-Dicaprio-Wolf-Of-Wall-Street_2.png",
    "Mocking-Spongebob/Mocking-Spongebob_21.png",
    "Afraid-To-Ask-Andy/Afraid-To-Ask-Andy_44.png",
    "Charlie-Day/Charlie-Day_16.png",
    "Always-Has-Been/Always-Has-Been_35.png",
    "Picard-Wtf/Picard-Wtf_3.png",
    "Batman-Slapping-Robin/Batman-Slapping-Robin_45.png",
    "For-the-better-right-blank/For-the-better-right-blank_5.png",
    "Drake-NoYes/Drake-NoYes_30.png",
    "Laughing-wolf/Laughing-wolf_38.png",
    "DJ-Pauly-D/DJ-Pauly-D_1.png",
    "Always-you-three/Always-you-three_42.png",
    "Disappointed-Man/Disappointed-Man_7.png",
    "Smudge-the-cat/Smudge-the-cat_8.png",
    "Thats-a-paddlin/Thats-a-paddlin_34.png",
    "attention_check/attention_check_Anger.png",
    "Hide-the-Pain-Harold/Hide-the-Pain-Harold_24.png",
    "Hold-fart/Hold-fart_31.png",
    "Im-The-Captain-Now/Im-The-Captain-Now_32.png",
    "Obi-Wan-Kenobi/Obi-Wan-Kenobi_9.png",
    "Spongebob-Yelling/Spongebob-Yelling_41.png",
    "Nuclear-Explosion/Nuclear-Explosion_36.png",
    "Dinkleberg/Dinkleberg_43.png",
    "Scooby-doo-mask-reveal/Scooby-doo-mask-reveal_13.png",
    "Disaster-Girl/Disaster-Girl_22.png",
    "Black-guy-hiding-behind-tree/Black-guy-hiding-behind-tree_19.png",
    "You-The-Real-MVP/You-The-Real-MVP_39.png",
    "Moe-throws-Barney/Moe-throws-Barney_20.png",
    "Ill-Have-You-Know-Spongebob/Ill-Have-You-Know-Spongebob_25.png",
    "Futurama-Fry/Futurama-Fry_29.png",
    "Monkey-Puppet/Monkey-Puppet_23.png",
    "Confused-Gandalf/Confused-Gandalf_40.png",
    "Mr-incredible-mad/Mr-incredible-mad_37.png",
    "Dave-chappelle/Dave-chappelle_11.png",
    "Surprised-Pikachu/Surprised-Pikachu_49.png",
    "Table-Flip-Guy/Table-Flip-Guy_48.png",
    "Kevin-Hart/Kevin-Hart_18.png",
    "Well-Yes-But-Actually-No/Well-Yes-But-Actually-No_47.png",
    "Mr-McMahon-reaction/Mr-McMahon-reaction_4.png",
    "Gru-Gun/Gru-Gun_6.png",
    "Persian-Cat-Room-Guardian/Persian-Cat-Room-Guardian_46.png",
    "attention_check/attention_check_Contempt.png",
    "Put-It-Somewhere-Else-Patrick/Put-It-Somewhere-Else-Patrick_15.png",
    "Angry-Baby/Angry-Baby_10.png",
    "Arthur-Fist/Arthur-Fist_26.png",
    "Khan/Khan_14.png"
  ],
  "completion_status": {
    "practice_completed": true,
    "game_started": true,
    "game_completed": true,
    "summary_viewed": true,
    "email_submitted": true
  },
  "timestamps_unix": {
    "registration_completed": 1751274702,
    "practice_started": 1751274703,
    "practice_completed": 1751274770,
    "game_started": 1751274770,
    "first_label": 1751274793,
    "last_label": 1751275373,
    "game_completed": 1751275376,
    "summary_viewed": 1751275376,
    "email_submitted": 1751275392,
    "session_end": 1751275392,
    "last_updated": 1751275392
  },
  "timestamps_unix_ms": {
    "registration_completed_ms": 1751274702561,
    "practice_started_ms": 1751274703071,
    "practice_completed_ms": 1751274770042,
    "game_started_ms": 1751274770047,
    "first_label_ms": 1751274793349,
    "last_label_ms": 1751275373651,
    "game_completed_ms": 1751275376991,
    "summary_viewed_ms": 1751275376997,
    "email_submitted_ms": 1751275392113,
    "session_end_ms": 1751275392113,
    "last_updated_ms": 1751275392113
  },
  "duration_stats_ms": {
    "total_session_duration_ms": 689552,
    "practice_duration_ms": 66971,
    "game_duration_ms": 606944,
    "labeling_duration_ms": 580302,
    "email_submission_duration_ms": 15116
  },
  "filename_updated_unix": 1751275377,
  "original_filename": "user_668d58",
  "completion_status_in_filename": "email_submitted"
}