{
  "user_id": "user_383ab2",
  "file_name": "user_383ab2_1750781371_1750781954_fullycomplete",
  "unix_start_time": 1750781371,
  "unix_start_time_ms": 1750781371265,
  "unix_end_time": 1750781954,
  "unix_end_time_ms": 1750781954864,
  "age": "18-24",
  "gender": "female",
  "user_agent": "Mozilla/5.0 (Windows NT 10.0; Win64; x64) AppleWebKit/537.36 (KHTML, like Gecko) Chrome/137.0.0.0 Safari/537.36",
  "user_ip": "220.132.89.152",
  "status": "complete",
  "email_provided": "complete",
  "attention_passed": true,
  "start_time_readable": "2025-06-24 16:09:31.265",
  "end_time_readable": "2025-06-24 16:19:14.864",
  "total_labels": 52,
  "emotion_summary": {
    "anger": 2,
    "contempt": 11,
    "disgust": 7,
    "others": 32
  },
  "email": "crystal99101@gmail.com",
  "participation": "yes",
  "total_responses": 52,
  "responses": [
    {
      "image_path": "You-The-Real-MVP/You-The-Real-MVP_4.png",
      "label": "其他",
      "response_time": "00:00:09.502",
      "timestamp_unix": 1750781440,
      "timestamp_unix_ms": 1750781440519,
      "timestamp_readable": "2025-06-24 16:10:40.519",
      "normalized_name": "You-The-Real-MVP/You-The-Real-MVP",
      "meme_name": "You-The-Real-MVP",
      "post_id": 4,
      "english_label": "others",
      "response_time_ms": 9502
    },
    {
      "image_path": "Put-It-Somewhere-Else-Patrick/Put-It-Somewhere-Else-Patrick_26.png",
      "label": "輕蔑",
      "response_time": "00:00:11.205",
      "timestamp_unix": 1750781451,
      "timestamp_unix_ms": 1750781451769,
      "timestamp_readable": "2025-06-24 16:10:51.769",
      "normalized_name": "Put-It-Somewhere-Else-Patrick/Put-It-Somewhere-Else-Patrick",
      "meme_name": "Put-It-Somewhere-Else-Patrick",
      "post_id": 26,
      "english_label": "contempt",
      "response_time_ms": 11205
    },
    {
      "image_path": "Picard-Wtf/Picard-Wtf_31.png",
      "label": "其他",
      "response_time": "00:00:09.404",
      "timestamp_unix": 1750781461,
      "timestamp_unix_ms": 1750781461200,
      "timestamp_readable": "2025-06-24 16:11:01.200",
      "normalized_name": "Picard-Wtf/Picard-Wtf",
      "meme_name": "Picard-Wtf",
      "post_id": 31,
      "english_label": "others",
      "response_time_ms": 9404
    },
    {
      "image_path": "Khan/Khan_33.png",
      "label": "其他",
      "response_time": "00:00:09.100",
      "timestamp_unix": 1750781470,
      "timestamp_unix_ms": 1750781470393,
      "timestamp_readable": "2025-06-24 16:11:10.393",
      "normalized_name": "Khan/Khan",
      "meme_name": "Khan",
      "post_id": 33,
      "english_label": "others",
      "response_time_ms": 9100
    },
    {
      "image_path": "Surprised-Pikachu/Surprised-Pikachu_46.png",
      "label": "輕蔑",
      "response_time": "00:00:08.301",
      "timestamp_unix": 1750781478,
      "timestamp_unix_ms": 1750781478774,
      "timestamp_readable": "2025-06-24 16:11:18.774",
      "normalized_name": "Surprised-Pikachu/Surprised-Pikachu",
      "meme_name": "Surprised-Pikachu",
      "post_id": 46,
      "english_label": "contempt",
      "response_time_ms": 8301
    },
    {
      "image_path": "Well-Yes-But-Actually-No/Well-Yes-But-Actually-No_16.png",
      "label": "其他",
      "response_time": "00:00:11.501",
      "timestamp_unix": 1750781490,
      "timestamp_unix_ms": 1750781490335,
      "timestamp_readable": "2025-06-24 16:11:30.335",
      "normalized_name": "Well-Yes-But-Actually-No/Well-Yes-But-Actually-No",
      "meme_name": "Well-Yes-But-Actually-No",
      "post_id": 16,
      "english_label": "others",
      "response_time_ms": 11501
    },
    {
      "image_path": "Math-ladyConfused-lady/Math-ladyConfused-lady_10.png",
      "label": "其他",
      "response_time": "00:00:05.601",
      "timestamp_unix": 1750781496,
      "timestamp_unix_ms": 1750781496053,
      "timestamp_readable": "2025-06-24 16:11:36.053",
      "normalized_name": "Math-ladyConfused-lady/Math-ladyConfused-lady",
      "meme_name": "Math-ladyConfused-lady",
      "post_id": 10,
      "english_label": "others",
      "response_time_ms": 5601
    },
    {
      "image_path": "Afraid-To-Ask-Andy/Afraid-To-Ask-Andy_5.png",
      "label": "其他",
      "response_time": "00:00:12.103",
      "timestamp_unix": 1750781508,
      "timestamp_unix_ms": 1750781508202,
      "timestamp_readable": "2025-06-24 16:11:48.202",
      "normalized_name": "Afraid-To-Ask-Andy/Afraid-To-Ask-Andy",
      "meme_name": "Afraid-To-Ask-Andy",
      "post_id": 5,
      "english_label": "others",
      "response_time_ms": 12103
    },
    {
      "image_path": "Spiderman-Hospital/Spiderman-Hospital_15.png",
      "label": "其他",
      "response_time": "00:00:09.400",
      "timestamp_unix": 1750781517,
      "timestamp_unix_ms": 1750781517643,
      "timestamp_readable": "2025-06-24 16:11:57.643",
      "normalized_name": "Spiderman-Hospital/Spiderman-Hospital",
      "meme_name": "Spiderman-Hospital",
      "post_id": 15,
      "english_label": "others",
      "response_time_ms": 9400
    },
    {
      "image_path": "Always-you-three/Always-you-three_36.png",
      "label": "其他",
      "response_time": "00:00:11.404",
      "timestamp_unix": 1750781529,
      "timestamp_unix_ms": 1750781529161,
      "timestamp_readable": "2025-06-24 16:12:09.161",
      "normalized_name": "Always-you-three/Always-you-three",
      "meme_name": "Always-you-three",
      "post_id": 36,
      "english_label": "others",
      "response_time_ms": 11404
    },
    {
      "image_path": "Im-The-Captain-Now/Im-The-Captain-Now_35.png",
      "label": "其他",
      "response_time": "00:00:11.202",
      "timestamp_unix": 1750781540,
      "timestamp_unix_ms": 1750781540405,
      "timestamp_readable": "2025-06-24 16:12:20.405",
      "normalized_name": "Im-The-Captain-Now/Im-The-Captain-Now",
      "meme_name": "Im-The-Captain-Now",
      "post_id": 35,
      "english_label": "others",
      "response_time_ms": 11202
    },
    {
      "image_path": "For-the-better-right-blank/For-the-better-right-blank_29.png",
      "label": "輕蔑",
      "response_time": "00:00:11.203",
      "timestamp_unix": 1750781551,
      "timestamp_unix_ms": 1750781551661,
      "timestamp_readable": "2025-06-24 16:12:31.661",
      "normalized_name": "For-the-better-right-blank/For-the-better-right-blank",
      "meme_name": "For-the-better-right-blank",
      "post_id": 29,
      "english_label": "contempt",
      "response_time_ms": 11203
    },
    {
      "image_path": "Arthur-Fist/Arthur-Fist_45.png",
      "label": "憤怒",
      "response_time": "00:00:09.700",
      "timestamp_unix": 1750781561,
      "timestamp_unix_ms": 1750781561393,
      "timestamp_readable": "2025-06-24 16:12:41.393",
      "normalized_name": "Arthur-Fist/Arthur-Fist",
      "meme_name": "Arthur-Fist",
      "post_id": 45,
      "english_label": "anger",
      "response_time_ms": 9700
    },
    {
      "image_path": "Laughing-wolf/Laughing-wolf_11.png",
      "label": "其他",
      "response_time": "00:00:05.201",
      "timestamp_unix": 1750781566,
      "timestamp_unix_ms": 1750781566694,
      "timestamp_readable": "2025-06-24 16:12:46.694",
      "normalized_name": "Laughing-wolf/Laughing-wolf",
      "meme_name": "Laughing-wolf",
      "post_id": 11,
      "english_label": "others",
      "response_time_ms": 5201
    },
    {
      "image_path": "Disaster-Girl/Disaster-Girl_9.png",
      "label": "其他",
      "response_time": "00:00:06.305",
      "timestamp_unix": 1750781573,
      "timestamp_unix_ms": 1750781573122,
      "timestamp_readable": "2025-06-24 16:12:53.122",
      "normalized_name": "Disaster-Girl/Disaster-Girl",
      "meme_name": "Disaster-Girl",
      "post_id": 9,
      "english_label": "others",
      "response_time_ms": 6305
    },
    {
      "image_path": "Futurama-Fry/Futurama-Fry_41.png",
      "label": "其他",
      "response_time": "00:00:07.003",
      "timestamp_unix": 1750781580,
      "timestamp_unix_ms": 1750781580159,
      "timestamp_readable": "2025-06-24 16:13:00.159",
      "normalized_name": "Futurama-Fry/Futurama-Fry",
      "meme_name": "Futurama-Fry",
      "post_id": 41,
      "english_label": "others",
      "response_time_ms": 7003
    },
    {
      "image_path": "Ill-Have-You-Know-Spongebob/Ill-Have-You-Know-Spongebob_23.png",
      "label": "厭惡",
      "response_time": "00:00:11.300",
      "timestamp_unix": 1750781591,
      "timestamp_unix_ms": 1750781591524,
      "timestamp_readable": "2025-06-24 16:13:11.524",
      "normalized_name": "Ill-Have-You-Know-Spongebob/Ill-Have-You-Know-Spongebob",
      "meme_name": "Ill-Have-You-Know-Spongebob",
      "post_id": 23,
      "english_label": "disgust",
      "response_time_ms": 11300
    },
    {
      "image_path": "Leonardo-Dicaprio-Wolf-Of-Wall-Street/Leonardo-Dicaprio-Wolf-Of-Wall-Street_2.png",
      "label": "輕蔑",
      "response_time": "00:00:10.300",
      "timestamp_unix": 1750781601,
      "timestamp_unix_ms": 1750781601870,
      "timestamp_readable": "2025-06-24 16:13:21.870",
      "normalized_name": "Leonardo-Dicaprio-Wolf-Of-Wall-Street/Leonardo-Dicaprio-Wolf-Of-Wall-Street",
      "meme_name": "Leonardo-Dicaprio-Wolf-Of-Wall-Street",
      "post_id": 2,
      "english_label": "contempt",
      "response_time_ms": 10300
    },
    {
      "image_path": "Happy--Shock/Happy--Shock_13.png",
      "label": "其他",
      "response_time": "00:00:04.503",
      "timestamp_unix": 1750781606,
      "timestamp_unix_ms": 1750781606418,
      "timestamp_readable": "2025-06-24 16:13:26.418",
      "normalized_name": "Happy--Shock/Happy--Shock",
      "meme_name": "Happy--Shock",
      "post_id": 13,
      "english_label": "others",
      "response_time_ms": 4503
    },
    {
      "image_path": "Confused-Gandalf/Confused-Gandalf_25.png",
      "label": "輕蔑",
      "response_time": "00:00:07.906",
      "timestamp_unix": 1750781614,
      "timestamp_unix_ms": 1750781614436,
      "timestamp_readable": "2025-06-24 16:13:34.436",
      "normalized_name": "Confused-Gandalf/Confused-Gandalf",
      "meme_name": "Confused-Gandalf",
      "post_id": 25,
      "english_label": "contempt",
      "response_time_ms": 7906
    },
    {
      "image_path": "attention_check/attention_check_Disgust.png",
      "label": "厭惡",
      "response_time": "00:00:06.102",
      "timestamp_unix": 1750781620,
      "timestamp_unix_ms": 1750781620591,
      "timestamp_readable": "2025-06-24 16:13:40.591",
      "normalized_name": "attention_check/attention_check_Disgust.png",
      "meme_name": "attention_check",
      "post_id": null,
      "english_label": "disgust",
      "response_time_ms": 6102
    },
    {
      "image_path": "Thats-a-paddlin/Thats-a-paddlin_39.png",
      "label": "其他",
      "response_time": "00:00:06.601",
      "timestamp_unix": 1750781627,
      "timestamp_unix_ms": 1750781627316,
      "timestamp_readable": "2025-06-24 16:13:47.316",
      "normalized_name": "Thats-a-paddlin/Thats-a-paddlin",
      "meme_name": "Thats-a-paddlin",
      "post_id": 39,
      "english_label": "others",
      "response_time_ms": 6601
    },
    {
      "image_path": "Moe-throws-Barney/Moe-throws-Barney_8.png",
      "label": "輕蔑",
      "response_time": "00:00:08.901",
      "timestamp_unix": 1750781636,
      "timestamp_unix_ms": 1750781636269,
      "timestamp_readable": "2025-06-24 16:13:56.269",
      "normalized_name": "Moe-throws-Barney/Moe-throws-Barney",
      "meme_name": "Moe-throws-Barney",
      "post_id": 8,
      "english_label": "contempt",
      "response_time_ms": 8901
    },
    {
      "image_path": "Obi-Wan-Kenobi/Obi-Wan-Kenobi_28.png",
      "label": "輕蔑",
      "response_time": "00:00:12.101",
      "timestamp_unix": 1750781648,
      "timestamp_unix_ms": 1750781648422,
      "timestamp_readable": "2025-06-24 16:14:08.422",
      "normalized_name": "Obi-Wan-Kenobi/Obi-Wan-Kenobi",
      "meme_name": "Obi-Wan-Kenobi",
      "post_id": 28,
      "english_label": "contempt",
      "response_time_ms": 12101
    },
    {
      "image_path": "Chill-guy/Chill-guy_42.png",
      "label": "其他",
      "response_time": "00:00:06.304",
      "timestamp_unix": 1750781654,
      "timestamp_unix_ms": 1750781654831,
      "timestamp_readable": "2025-06-24 16:14:14.831",
      "normalized_name": "Chill-guy/Chill-guy",
      "meme_name": "Chill-guy",
      "post_id": 42,
      "english_label": "others",
      "response_time_ms": 6304
    },
    {
      "image_path": "Dave-chappelle/Dave-chappelle_32.png",
      "label": "其他",
      "response_time": "00:00:09.405",
      "timestamp_unix": 1750781664,
      "timestamp_unix_ms": 1750781664324,
      "timestamp_readable": "2025-06-24 16:14:24.324",
      "normalized_name": "Dave-chappelle/Dave-chappelle",
      "meme_name": "Dave-chappelle",
      "post_id": 32,
      "english_label": "others",
      "response_time_ms": 9405
    },
    {
      "image_path": "Archer/Archer_7.png",
      "label": "輕蔑",
      "response_time": "00:00:06.904",
      "timestamp_unix": 1750781671,
      "timestamp_unix_ms": 1750781671292,
      "timestamp_readable": "2025-06-24 16:14:31.292",
      "normalized_name": "Archer/Archer",
      "meme_name": "Archer",
      "post_id": 7,
      "english_label": "contempt",
      "response_time_ms": 6904
    },
    {
      "image_path": "Mocking-Spongebob/Mocking-Spongebob_14.png",
      "label": "厭惡",
      "response_time": "00:00:09.202",
      "timestamp_unix": 1750781680,
      "timestamp_unix_ms": 1750781680584,
      "timestamp_readable": "2025-06-24 16:14:40.584",
      "normalized_name": "Mocking-Spongebob/Mocking-Spongebob",
      "meme_name": "Mocking-Spongebob",
      "post_id": 14,
      "english_label": "disgust",
      "response_time_ms": 9202
    },
    {
      "image_path": "Spongebob-Yelling/Spongebob-Yelling_24.png",
      "label": "其他",
      "response_time": "00:00:09.705",
      "timestamp_unix": 1750781690,
      "timestamp_unix_ms": 1750781690390,
      "timestamp_readable": "2025-06-24 16:14:50.390",
      "normalized_name": "Spongebob-Yelling/Spongebob-Yelling",
      "meme_name": "Spongebob-Yelling",
      "post_id": 24,
      "english_label": "others",
      "response_time_ms": 9705
    },
    {
      "image_path": "Black-guy-hiding-behind-tree/Black-guy-hiding-behind-tree_49.png",
      "label": "其他",
      "response_time": "00:00:09.202",
      "timestamp_unix": 1750781699,
      "timestamp_unix_ms": 1750781699675,
      "timestamp_readable": "2025-06-24 16:14:59.675",
      "normalized_name": "Black-guy-hiding-behind-tree/Black-guy-hiding-behind-tree",
      "meme_name": "Black-guy-hiding-behind-tree",
      "post_id": 49,
      "english_label": "others",
      "response_time_ms": 9202
    },
    {
      "image_path": "DJ-Pauly-D/DJ-Pauly-D_30.png",
      "label": "其他",
      "response_time": "00:00:07.402",
      "timestamp_unix": 1750781707,
      "timestamp_unix_ms": 1750781707171,
      "timestamp_readable": "2025-06-24 16:15:07.171",
      "normalized_name": "DJ-Pauly-D/DJ-Pauly-D",
      "meme_name": "DJ-Pauly-D",
      "post_id": 30,
      "english_label": "others",
      "response_time_ms": 7402
    },
    {
      "image_path": "Nuclear-Explosion/Nuclear-Explosion_19.png",
      "label": "其他",
      "response_time": "00:00:15.503",
      "timestamp_unix": 1750781722,
      "timestamp_unix_ms": 1750781722769,
      "timestamp_readable": "2025-06-24 16:15:22.769",
      "normalized_name": "Nuclear-Explosion/Nuclear-Explosion",
      "meme_name": "Nuclear-Explosion",
      "post_id": 19,
      "english_label": "others",
      "response_time_ms": 15503
    },
    {
      "image_path": "Table-Flip-Guy/Table-Flip-Guy_1.png",
      "label": "厭惡",
      "response_time": "00:00:11.801",
      "timestamp_unix": 1750781734,
      "timestamp_unix_ms": 1750781734612,
      "timestamp_readable": "2025-06-24 16:15:34.612",
      "normalized_name": "Table-Flip-Guy/Table-Flip-Guy",
      "meme_name": "Table-Flip-Guy",
      "post_id": 1,
      "english_label": "disgust",
      "response_time_ms": 11801
    },
    {
      "image_path": "Always-Has-Been/Always-Has-Been_20.png",
      "label": "其他",
      "response_time": "00:00:06.401",
      "timestamp_unix": 1750781741,
      "timestamp_unix_ms": 1750781741090,
      "timestamp_readable": "2025-06-24 16:15:41.090",
      "normalized_name": "Always-Has-Been/Always-Has-Been",
      "meme_name": "Always-Has-Been",
      "post_id": 20,
      "english_label": "others",
      "response_time_ms": 6401
    },
    {
      "image_path": "I-am-once-again-asking/I-am-once-again-asking_40.png",
      "label": "輕蔑",
      "response_time": "00:00:06.201",
      "timestamp_unix": 1750781747,
      "timestamp_unix_ms": 1750781747367,
      "timestamp_readable": "2025-06-24 16:15:47.367",
      "normalized_name": "I-am-once-again-asking/I-am-once-again-asking",
      "meme_name": "I-am-once-again-asking",
      "post_id": 40,
      "english_label": "contempt",
      "response_time_ms": 6201
    },
    {
      "image_path": "Monkey-Puppet/Monkey-Puppet_22.png",
      "label": "輕蔑",
      "response_time": "00:00:06.504",
      "timestamp_unix": 1750781753,
      "timestamp_unix_ms": 1750781753917,
      "timestamp_readable": "2025-06-24 16:15:53.917",
      "normalized_name": "Monkey-Puppet/Monkey-Puppet",
      "meme_name": "Monkey-Puppet",
      "post_id": 22,
      "english_label": "contempt",
      "response_time_ms": 6504
    },
    {
      "image_path": "Kevin-Hart/Kevin-Hart_47.png",
      "label": "其他",
      "response_time": "00:00:04.302",
      "timestamp_unix": 1750781758,
      "timestamp_unix_ms": 1750781758296,
      "timestamp_readable": "2025-06-24 16:15:58.296",
      "normalized_name": "Kevin-Hart/Kevin-Hart",
      "meme_name": "Kevin-Hart",
      "post_id": 47,
      "english_label": "others",
      "response_time_ms": 4302
    },
    {
      "image_path": "Batman-Slapping-Robin/Batman-Slapping-Robin_50.png",
      "label": "憤怒",
      "response_time": "00:00:08.505",
      "timestamp_unix": 1750781766,
      "timestamp_unix_ms": 1750781766901,
      "timestamp_readable": "2025-06-24 16:16:06.901",
      "normalized_name": "Batman-Slapping-Robin/Batman-Slapping-Robin",
      "meme_name": "Batman-Slapping-Robin",
      "post_id": 50,
      "english_label": "anger",
      "response_time_ms": 8505
    },
    {
      "image_path": "Angry-Baby/Angry-Baby_18.png",
      "label": "其他",
      "response_time": "00:00:05.103",
      "timestamp_unix": 1750781772,
      "timestamp_unix_ms": 1750781772062,
      "timestamp_readable": "2025-06-24 16:16:12.062",
      "normalized_name": "Angry-Baby/Angry-Baby",
      "meme_name": "Angry-Baby",
      "post_id": 18,
      "english_label": "others",
      "response_time_ms": 5103
    },
    {
      "image_path": "Mr-McMahon-reaction/Mr-McMahon-reaction_38.png",
      "label": "輕蔑",
      "response_time": "00:00:20.705",
      "timestamp_unix": 1750781792,
      "timestamp_unix_ms": 1750781792834,
      "timestamp_readable": "2025-06-24 16:16:32.834",
      "normalized_name": "Mr-McMahon-reaction/Mr-McMahon-reaction",
      "meme_name": "Mr-McMahon-reaction",
      "post_id": 38,
      "english_label": "contempt",
      "response_time_ms": 20705
    },
    {
      "image_path": "Mr-incredible-mad/Mr-incredible-mad_44.png",
      "label": "其他",
      "response_time": "00:00:07.602",
      "timestamp_unix": 1750781800,
      "timestamp_unix_ms": 1750781800512,
      "timestamp_readable": "2025-06-24 16:16:40.512",
      "normalized_name": "Mr-incredible-mad/Mr-incredible-mad",
      "meme_name": "Mr-incredible-mad",
      "post_id": 44,
      "english_label": "others",
      "response_time_ms": 7602
    },
    {
      "image_path": "Charlie-Day/Charlie-Day_48.png",
      "label": "其他",
      "response_time": "00:00:07.801",
      "timestamp_unix": 1750781808,
      "timestamp_unix_ms": 1750781808359,
      "timestamp_readable": "2025-06-24 16:16:48.359",
      "normalized_name": "Charlie-Day/Charlie-Day",
      "meme_name": "Charlie-Day",
      "post_id": 48,
      "english_label": "others",
      "response_time_ms": 7801
    },
    {
      "image_path": "Hold-fart/Hold-fart_17.png",
      "label": "其他",
      "response_time": "00:00:06.006",
      "timestamp_unix": 1750781814,
      "timestamp_unix_ms": 1750781814473,
      "timestamp_readable": "2025-06-24 16:16:54.473",
      "normalized_name": "Hold-fart/Hold-fart",
      "meme_name": "Hold-fart",
      "post_id": 17,
      "english_label": "others",
      "response_time_ms": 6006
    },
    {
      "image_path": "Scooby-doo-mask-reveal/Scooby-doo-mask-reveal_3.png",
      "label": "其他",
      "response_time": "00:00:10.501",
      "timestamp_unix": 1750781825,
      "timestamp_unix_ms": 1750781825042,
      "timestamp_readable": "2025-06-24 16:17:05.042",
      "normalized_name": "Scooby-doo-mask-reveal/Scooby-doo-mask-reveal",
      "meme_name": "Scooby-doo-mask-reveal",
      "post_id": 3,
      "english_label": "others",
      "response_time_ms": 10501
    },
    {
      "image_path": "attention_check/attention_check_Others.png",
      "label": "其他",
      "response_time": "00:00:02.100",
      "timestamp_unix": 1750781827,
      "timestamp_unix_ms": 1750781827238,
      "timestamp_readable": "2025-06-24 16:17:07.238",
      "normalized_name": "attention_check/attention_check_Others.png",
      "meme_name": "attention_check",
      "post_id": null,
      "english_label": "others",
      "response_time_ms": 2100
    },
    {
      "image_path": "Smudge-the-cat/Smudge-the-cat_6.png",
      "label": "厭惡",
      "response_time": "00:00:09.401",
      "timestamp_unix": 1750781836,
      "timestamp_unix_ms": 1750781836730,
      "timestamp_readable": "2025-06-24 16:17:16.730",
      "normalized_name": "Smudge-the-cat/Smudge-the-cat",
      "meme_name": "Smudge-the-cat",
      "post_id": 6,
      "english_label": "disgust",
      "response_time_ms": 9401
    },
    {
      "image_path": "Persian-Cat-Room-Guardian/Persian-Cat-Room-Guardian_27.png",
      "label": "厭惡",
      "response_time": "00:00:05.405",
      "timestamp_unix": 1750781842,
      "timestamp_unix_ms": 1750781842164,
      "timestamp_readable": "2025-06-24 16:17:22.164",
      "normalized_name": "Persian-Cat-Room-Guardian/Persian-Cat-Room-Guardian",
      "meme_name": "Persian-Cat-Room-Guardian",
      "post_id": 27,
      "english_label": "disgust",
      "response_time_ms": 5405
    },
    {
      "image_path": "Hide-the-Pain-Harold/Hide-the-Pain-Harold_43.png",
      "label": "其他",
      "response_time": "00:00:09.104",
      "timestamp_unix": 1750781851,
      "timestamp_unix_ms": 1750781851315,
      "timestamp_readable": "2025-06-24 16:17:31.315",
      "normalized_name": "Hide-the-Pain-Harold/Hide-the-Pain-Harold",
      "meme_name": "Hide-the-Pain-Harold",
      "post_id": 43,
      "english_label": "others",
      "response_time_ms": 9104
    },
    {
      "image_path": "Dinkleberg/Dinkleberg_37.png",
      "label": "厭惡",
      "response_time": "00:00:10.403",
      "timestamp_unix": 1750781861,
      "timestamp_unix_ms": 1750781861771,
      "timestamp_readable": "2025-06-24 16:17:41.771",
      "normalized_name": "Dinkleberg/Dinkleberg",
      "meme_name": "Dinkleberg",
      "post_id": 37,
      "english_label": "disgust",
      "response_time_ms": 10403
    },
    {
      "image_path": "Disappointed-Man/Disappointed-Man_12.png",
      "label": "其他",
      "response_time": "00:00:08.501",
      "timestamp_unix": 1750781870,
      "timestamp_unix_ms": 1750781870359,
      "timestamp_readable": "2025-06-24 16:17:50.359",
      "normalized_name": "Disappointed-Man/Disappointed-Man",
      "meme_name": "Disappointed-Man",
      "post_id": 12,
      "english_label": "others",
      "response_time_ms": 8501
    },
    {
      "image_path": "Gru-Gun/Gru-Gun_21.png",
      "label": "其他",
      "response_time": "00:00:04.702",
      "timestamp_unix": 1750781875,
      "timestamp_unix_ms": 1750781875179,
      "timestamp_readable": "2025-06-24 16:17:55.179",
      "normalized_name": "Gru-Gun/Gru-Gun",
      "meme_name": "Gru-Gun",
      "post_id": 21,
      "english_label": "others",
      "response_time_ms": 4702
    },
    {
      "image_path": "Drake-NoYes/Drake-NoYes_34.png",
      "label": "其他",
      "response_time": "00:00:09.900",
      "timestamp_unix": 1750781885,
      "timestamp_unix_ms": 1750781885162,
      "timestamp_readable": "2025-06-24 16:18:05.162",
      "normalized_name": "Drake-NoYes/Drake-NoYes",
      "meme_name": "Drake-NoYes",
      "post_id": 34,
      "english_label": "others",
      "response_time_ms": 9900
    }
  ],
  "session_start_unix": 1750781371,
  "session_status": "completed",
  "last_updated_unix": 1750781954,
  "image_order": [
    "Spiderman-Hospital/Spiderman-Hospital_15.png",
    "Happy--Shock/Happy--Shock_13.png",
    "Chill-guy/Chill-guy_42.png",
    "I-am-once-again-asking/I-am-once-again-asking_40.png",
    "Math-ladyConfused-lady/Math-ladyConfused-lady_10.png",
    "Archer/Archer_7.png",
    "Leonardo-Dicaprio-Wolf-Of-Wall-Street/Leonardo-Dicaprio-Wolf-Of-Wall-Street_2.png",
    "Mocking-Spongebob/Mocking-Spongebob_14.png",
    "Afraid-To-Ask-Andy/Afraid-To-Ask-Andy_5.png",
    "Charlie-Day/Charlie-Day_48.png",
    "Always-Has-Been/Always-Has-Been_20.png",
    "Picard-Wtf/Picard-Wtf_31.png",
    "Batman-Slapping-Robin/Batman-Slapping-Robin_50.png",
    "For-the-better-right-blank/For-the-better-right-blank_29.png",
    "Drake-NoYes/Drake-NoYes_34.png",
    "Laughing-wolf/Laughing-wolf_11.png",
    "DJ-Pauly-D/DJ-Pauly-D_30.png",
    "Always-you-three/Always-you-three_36.png",
    "Disappointed-Man/Disappointed-Man_12.png",
    "Smudge-the-cat/Smudge-the-cat_6.png",
    "attention_check/attention_check_Disgust.png",
    "Thats-a-paddlin/Thats-a-paddlin_39.png",
    "Hide-the-Pain-Harold/Hide-the-Pain-Harold_43.png",
    "Hold-fart/Hold-fart_17.png",
    "Im-The-Captain-Now/Im-The-Captain-Now_35.png",
    "Obi-Wan-Kenobi/Obi-Wan-Kenobi_28.png",
    "Spongebob-Yelling/Spongebob-Yelling_24.png",
    "Nuclear-Explosion/Nuclear-Explosion_19.png",
    "Dinkleberg/Dinkleberg_37.png",
    "Scooby-doo-mask-reveal/Scooby-doo-mask-reveal_3.png",
    "Disaster-Girl/Disaster-Girl_9.png",
    "Black-guy-hiding-behind-tree/Black-guy-hiding-behind-tree_49.png",
    "You-The-Real-MVP/You-The-Real-MVP_4.png",
    "Moe-throws-Barney/Moe-throws-Barney_8.png",
    "Ill-Have-You-Know-Spongebob/Ill-Have-You-Know-Spongebob_23.png",
    "Futurama-Fry/Futurama-Fry_41.png",
    "Monkey-Puppet/Monkey-Puppet_22.png",
    "Confused-Gandalf/Confused-Gandalf_25.png",
    "Mr-incredible-mad/Mr-incredible-mad_44.png",
    "Dave-chappelle/Dave-chappelle_32.png",
    "Surprised-Pikachu/Surprised-Pikachu_46.png",
    "Table-Flip-Guy/Table-Flip-Guy_1.png",
    "Kevin-Hart/Kevin-Hart_47.png",
    "Well-Yes-But-Actually-No/Well-Yes-But-Actually-No_16.png",
    "attention_check/attention_check_Others.png",
    "Mr-McMahon-reaction/Mr-McMahon-reaction_38.png",
    "Gru-Gun/Gru-Gun_21.png",
    "Persian-Cat-Room-Guardian/Persian-Cat-Room-Guardian_27.png",
    "Put-It-Somewhere-Else-Patrick/Put-It-Somewhere-Else-Patrick_26.png",
    "Angry-Baby/Angry-Baby_18.png",
    "Arthur-Fist/Arthur-Fist_45.png",
    "Khan/Khan_33.png"
  ],
  "completion_status": {
    "practice_completed": true,
    "game_started": true,
    "game_completed": true,
    "summary_viewed": true,
    "email_submitted": true
  },
  "timestamps_unix": {
    "registration_completed": 1750781371,
    "practice_started": 1750781371,
    "practice_completed": 1750781430,
    "game_started": 1750781430,
    "first_label": 1750781440,
    "last_label": 1750781885,
    "game_completed": 1750781887,
    "summary_viewed": 1750781887,
    "email_submitted": 1750781954,
    "session_end": 1750781954,
    "last_updated": 1750781954
  },
  "timestamps_unix_ms": {
    "registration_completed_ms": 1750781371265,
    "practice_started_ms": 1750781371299,
    "practice_completed_ms": 1750781430858,
    "game_started_ms": 1750781430872,
    "first_label_ms": 1750781440519,
    "last_label_ms": 1750781885162,
    "game_completed_ms": 1750781887015,
    "summary_viewed_ms": 1750781887030,
    "email_submitted_ms": 1750781954847,
    "session_end_ms": 1750781954847,
    "last_updated_ms": 1750781954847
  },
  "duration_stats_ms": {
    "total_session_duration_ms": 583582,
    "practice_duration_ms": 59559,
    "game_duration_ms": 456143,
    "labeling_duration_ms": 444643,
    "email_submission_duration_ms": 67817
  },
  "filename_updated_unix": 1750781887,
  "original_filename": "user_383ab2",
  "completion_status_in_filename": "email_submitted"
}