{
  "user_id": "user_575b77",
  "file_name": "user_575b77_1751535472_1751536485_fullycomplete",
  "unix_start_time": 1751535472,
  "unix_start_time_ms": 1751535472805,
  "unix_end_time": 1751536485,
  "unix_end_time_ms": 1751536485283,
  "age": "25-29",
  "gender": "female",
  "user_agent": "Mozilla/5.0 (Windows NT 10.0; Win64; x64) AppleWebKit/537.36 (KHTML, like Gecko) Chrome/138.0.0.0 Safari/537.36 Edg/138.0.0.0",
  "user_ip": "49.216.46.89",
  "status": "complete",
  "email_provided": "complete",
  "attention_passed": true,
  "start_time_readable": "2025-07-03 09:37:52.805",
  "end_time_readable": "2025-07-03 09:54:45.283",
  "total_labels": 52,
  "emotion_summary": {
    "anger": 12,
    "contempt": 5,
    "disgust": 5,
    "others": 30
  },
  "email": "karta1362684@gmail.com",
  "participation": "no",
  "total_responses": 52,
  "responses": [
    {
      "image_path": "Picard-Wtf/Picard-Wtf_4.png",
      "label": "憤怒",
      "response_time": "00:00:22.102",
      "timestamp_unix": 1751535652,
      "timestamp_unix_ms": 1751535652863,
      "timestamp_readable": "2025-07-03 09:40:52.863",
      "normalized_name": "Picard-Wtf/Picard-Wtf",
      "meme_name": "Picard-Wtf",
      "post_id": 4,
      "english_label": "anger",
      "response_time_ms": 22102
    },
    {
      "image_path": "Dave-chappelle/Dave-chappelle_40.png",
      "label": "其他",
      "response_time": "00:00:10.508",
      "timestamp_unix": 1751535663,
      "timestamp_unix_ms": 1751535663580,
      "timestamp_readable": "2025-07-03 09:41:03.580",
      "normalized_name": "Dave-chappelle/Dave-chappelle",
      "meme_name": "Dave-chappelle",
      "post_id": 40,
      "english_label": "others",
      "response_time_ms": 10508
    },
    {
      "image_path": "Arthur-Fist/Arthur-Fist_20.png",
      "label": "憤怒",
      "response_time": "00:00:10.101",
      "timestamp_unix": 1751535673,
      "timestamp_unix_ms": 1751535673800,
      "timestamp_readable": "2025-07-03 09:41:13.800",
      "normalized_name": "Arthur-Fist/Arthur-Fist",
      "meme_name": "Arthur-Fist",
      "post_id": 20,
      "english_label": "anger",
      "response_time_ms": 10101
    },
    {
      "image_path": "Math-ladyConfused-lady/Math-ladyConfused-lady_35.png",
      "label": "其他",
      "response_time": "00:00:08.411",
      "timestamp_unix": 1751535682,
      "timestamp_unix_ms": 1751535682404,
      "timestamp_readable": "2025-07-03 09:41:22.404",
      "normalized_name": "Math-ladyConfused-lady/Math-ladyConfused-lady",
      "meme_name": "Math-ladyConfused-lady",
      "post_id": 35,
      "english_label": "others",
      "response_time_ms": 8411
    },
    {
      "image_path": "Well-Yes-But-Actually-No/Well-Yes-But-Actually-No_7.png",
      "label": "輕蔑",
      "response_time": "00:00:25.004",
      "timestamp_unix": 1751535707,
      "timestamp_unix_ms": 1751535707630,
      "timestamp_readable": "2025-07-03 09:41:47.630",
      "normalized_name": "Well-Yes-But-Actually-No/Well-Yes-But-Actually-No",
      "meme_name": "Well-Yes-But-Actually-No",
      "post_id": 7,
      "english_label": "contempt",
      "response_time_ms": 25004
    },
    {
      "image_path": "Disaster-Girl/Disaster-Girl_46.png",
      "label": "其他",
      "response_time": "00:00:34.909",
      "timestamp_unix": 1751535742,
      "timestamp_unix_ms": 1751535742726,
      "timestamp_readable": "2025-07-03 09:42:22.726",
      "normalized_name": "Disaster-Girl/Disaster-Girl",
      "meme_name": "Disaster-Girl",
      "post_id": 46,
      "english_label": "others",
      "response_time_ms": 34909
    },
    {
      "image_path": "Smudge-the-cat/Smudge-the-cat_16.png",
      "label": "其他",
      "response_time": "00:00:27.401",
      "timestamp_unix": 1751535770,
      "timestamp_unix_ms": 1751535770295,
      "timestamp_readable": "2025-07-03 09:42:50.295",
      "normalized_name": "Smudge-the-cat/Smudge-the-cat",
      "meme_name": "Smudge-the-cat",
      "post_id": 16,
      "english_label": "others",
      "response_time_ms": 27401
    },
    {
      "image_path": "Charlie-Day/Charlie-Day_43.png",
      "label": "其他",
      "response_time": "00:00:21.202",
      "timestamp_unix": 1751535791,
      "timestamp_unix_ms": 1751535791672,
      "timestamp_readable": "2025-07-03 09:43:11.672",
      "normalized_name": "Charlie-Day/Charlie-Day",
      "meme_name": "Charlie-Day",
      "post_id": 43,
      "english_label": "others",
      "response_time_ms": 21202
    },
    {
      "image_path": "You-The-Real-MVP/You-The-Real-MVP_36.png",
      "label": "輕蔑",
      "response_time": "00:00:10.001",
      "timestamp_unix": 1751535801,
      "timestamp_unix_ms": 1751535801843,
      "timestamp_readable": "2025-07-03 09:43:21.843",
      "normalized_name": "You-The-Real-MVP/You-The-Real-MVP",
      "meme_name": "You-The-Real-MVP",
      "post_id": 36,
      "english_label": "contempt",
      "response_time_ms": 10001
    },
    {
      "image_path": "Disappointed-Man/Disappointed-Man_49.png",
      "label": "其他",
      "response_time": "00:00:16.900",
      "timestamp_unix": 1751535818,
      "timestamp_unix_ms": 1751535818834,
      "timestamp_readable": "2025-07-03 09:43:38.834",
      "normalized_name": "Disappointed-Man/Disappointed-Man",
      "meme_name": "Disappointed-Man",
      "post_id": 49,
      "english_label": "others",
      "response_time_ms": 16900
    },
    {
      "image_path": "Mr-McMahon-reaction/Mr-McMahon-reaction_10.png",
      "label": "其他",
      "response_time": "00:00:15.000",
      "timestamp_unix": 1751535833,
      "timestamp_unix_ms": 1751535833961,
      "timestamp_readable": "2025-07-03 09:43:53.961",
      "normalized_name": "Mr-McMahon-reaction/Mr-McMahon-reaction",
      "meme_name": "Mr-McMahon-reaction",
      "post_id": 10,
      "english_label": "others",
      "response_time_ms": 15000
    },
    {
      "image_path": "Obi-Wan-Kenobi/Obi-Wan-Kenobi_42.png",
      "label": "其他",
      "response_time": "00:00:10.504",
      "timestamp_unix": 1751535844,
      "timestamp_unix_ms": 1751535844577,
      "timestamp_readable": "2025-07-03 09:44:04.577",
      "normalized_name": "Obi-Wan-Kenobi/Obi-Wan-Kenobi",
      "meme_name": "Obi-Wan-Kenobi",
      "post_id": 42,
      "english_label": "others",
      "response_time_ms": 10504
    },
    {
      "image_path": "Leonardo-Dicaprio-Wolf-Of-Wall-Street/Leonardo-Dicaprio-Wolf-Of-Wall-Street_50.png",
      "label": "其他",
      "response_time": "00:00:31.900",
      "timestamp_unix": 1751535876,
      "timestamp_unix_ms": 1751535876654,
      "timestamp_readable": "2025-07-03 09:44:36.654",
      "normalized_name": "Leonardo-Dicaprio-Wolf-Of-Wall-Street/Leonardo-Dicaprio-Wolf-Of-Wall-Street",
      "meme_name": "Leonardo-Dicaprio-Wolf-Of-Wall-Street",
      "post_id": 50,
      "english_label": "others",
      "response_time_ms": 31900
    },
    {
      "image_path": "Table-Flip-Guy/Table-Flip-Guy_45.png",
      "label": "憤怒",
      "response_time": "00:00:06.500",
      "timestamp_unix": 1751535883,
      "timestamp_unix_ms": 1751535883375,
      "timestamp_readable": "2025-07-03 09:44:43.375",
      "normalized_name": "Table-Flip-Guy/Table-Flip-Guy",
      "meme_name": "Table-Flip-Guy",
      "post_id": 45,
      "english_label": "anger",
      "response_time_ms": 6500
    },
    {
      "image_path": "Moe-throws-Barney/Moe-throws-Barney_29.png",
      "label": "其他",
      "response_time": "00:00:24.504",
      "timestamp_unix": 1751535908,
      "timestamp_unix_ms": 1751535908035,
      "timestamp_readable": "2025-07-03 09:45:08.035",
      "normalized_name": "Moe-throws-Barney/Moe-throws-Barney",
      "meme_name": "Moe-throws-Barney",
      "post_id": 29,
      "english_label": "others",
      "response_time_ms": 24504
    },
    {
      "image_path": "Khan/Khan_13.png",
      "label": "憤怒",
      "response_time": "00:00:04.600",
      "timestamp_unix": 1751535912,
      "timestamp_unix_ms": 1751535912787,
      "timestamp_readable": "2025-07-03 09:45:12.787",
      "normalized_name": "Khan/Khan",
      "meme_name": "Khan",
      "post_id": 13,
      "english_label": "anger",
      "response_time_ms": 4600
    },
    {
      "image_path": "Laughing-wolf/Laughing-wolf_19.png",
      "label": "厭惡",
      "response_time": "00:00:09.109",
      "timestamp_unix": 1751535922,
      "timestamp_unix_ms": 1751535922083,
      "timestamp_readable": "2025-07-03 09:45:22.083",
      "normalized_name": "Laughing-wolf/Laughing-wolf",
      "meme_name": "Laughing-wolf",
      "post_id": 19,
      "english_label": "disgust",
      "response_time_ms": 9109
    },
    {
      "image_path": "Drake-NoYes/Drake-NoYes_32.png",
      "label": "厭惡",
      "response_time": "00:00:16.710",
      "timestamp_unix": 1751535938,
      "timestamp_unix_ms": 1751535938954,
      "timestamp_readable": "2025-07-03 09:45:38.954",
      "normalized_name": "Drake-NoYes/Drake-NoYes",
      "meme_name": "Drake-NoYes",
      "post_id": 32,
      "english_label": "disgust",
      "response_time_ms": 16710
    },
    {
      "image_path": "For-the-better-right-blank/For-the-better-right-blank_1.png",
      "label": "輕蔑",
      "response_time": "00:00:18.611",
      "timestamp_unix": 1751535957,
      "timestamp_unix_ms": 1751535957792,
      "timestamp_readable": "2025-07-03 09:45:57.792",
      "normalized_name": "For-the-better-right-blank/For-the-better-right-blank",
      "meme_name": "For-the-better-right-blank",
      "post_id": 1,
      "english_label": "contempt",
      "response_time_ms": 18611
    },
    {
      "image_path": "Scooby-doo-mask-reveal/Scooby-doo-mask-reveal_3.png",
      "label": "其他",
      "response_time": "00:00:30.603",
      "timestamp_unix": 1751535988,
      "timestamp_unix_ms": 1751535988565,
      "timestamp_readable": "2025-07-03 09:46:28.565",
      "normalized_name": "Scooby-doo-mask-reveal/Scooby-doo-mask-reveal",
      "meme_name": "Scooby-doo-mask-reveal",
      "post_id": 3,
      "english_label": "others",
      "response_time_ms": 30603
    },
    {
      "image_path": "Happy--Shock/Happy--Shock_8.png",
      "label": "厭惡",
      "response_time": "00:00:11.906",
      "timestamp_unix": 1751536000,
      "timestamp_unix_ms": 1751536000625,
      "timestamp_readable": "2025-07-03 09:46:40.625",
      "normalized_name": "Happy--Shock/Happy--Shock",
      "meme_name": "Happy--Shock",
      "post_id": 8,
      "english_label": "disgust",
      "response_time_ms": 11906
    },
    {
      "image_path": "attention_check/attention_check_Others.png",
      "label": "其他",
      "response_time": "00:00:07.806",
      "timestamp_unix": 1751536008,
      "timestamp_unix_ms": 1751536008554,
      "timestamp_readable": "2025-07-03 09:46:48.554",
      "normalized_name": "attention_check/attention_check_Others.png",
      "meme_name": "attention_check",
      "post_id": null,
      "english_label": "others",
      "response_time_ms": 7806
    },
    {
      "image_path": "Afraid-To-Ask-Andy/Afraid-To-Ask-Andy_23.png",
      "label": "其他",
      "response_time": "00:00:26.506",
      "timestamp_unix": 1751536035,
      "timestamp_unix_ms": 1751536035212,
      "timestamp_readable": "2025-07-03 09:47:15.212",
      "normalized_name": "Afraid-To-Ask-Andy/Afraid-To-Ask-Andy",
      "meme_name": "Afraid-To-Ask-Andy",
      "post_id": 23,
      "english_label": "others",
      "response_time_ms": 26506
    },
    {
      "image_path": "Batman-Slapping-Robin/Batman-Slapping-Robin_17.png",
      "label": "憤怒",
      "response_time": "00:00:09.308",
      "timestamp_unix": 1751536044,
      "timestamp_unix_ms": 1751536044775,
      "timestamp_readable": "2025-07-03 09:47:24.775",
      "normalized_name": "Batman-Slapping-Robin/Batman-Slapping-Robin",
      "meme_name": "Batman-Slapping-Robin",
      "post_id": 17,
      "english_label": "anger",
      "response_time_ms": 9308
    },
    {
      "image_path": "Kevin-Hart/Kevin-Hart_48.png",
      "label": "其他",
      "response_time": "00:00:10.800",
      "timestamp_unix": 1751536055,
      "timestamp_unix_ms": 1751536055740,
      "timestamp_readable": "2025-07-03 09:47:35.740",
      "normalized_name": "Kevin-Hart/Kevin-Hart",
      "meme_name": "Kevin-Hart",
      "post_id": 48,
      "english_label": "others",
      "response_time_ms": 10800
    },
    {
      "image_path": "DJ-Pauly-D/DJ-Pauly-D_15.png",
      "label": "憤怒",
      "response_time": "00:00:09.912",
      "timestamp_unix": 1751536065,
      "timestamp_unix_ms": 1751536065832,
      "timestamp_readable": "2025-07-03 09:47:45.832",
      "normalized_name": "DJ-Pauly-D/DJ-Pauly-D",
      "meme_name": "DJ-Pauly-D",
      "post_id": 15,
      "english_label": "anger",
      "response_time_ms": 9912
    },
    {
      "image_path": "Surprised-Pikachu/Surprised-Pikachu_38.png",
      "label": "其他",
      "response_time": "00:00:04.908",
      "timestamp_unix": 1751536070,
      "timestamp_unix_ms": 1751536070849,
      "timestamp_readable": "2025-07-03 09:47:50.849",
      "normalized_name": "Surprised-Pikachu/Surprised-Pikachu",
      "meme_name": "Surprised-Pikachu",
      "post_id": 38,
      "english_label": "others",
      "response_time_ms": 4908
    },
    {
      "image_path": "Monkey-Puppet/Monkey-Puppet_11.png",
      "label": "其他",
      "response_time": "00:00:12.202",
      "timestamp_unix": 1751536083,
      "timestamp_unix_ms": 1751536083243,
      "timestamp_readable": "2025-07-03 09:48:03.243",
      "normalized_name": "Monkey-Puppet/Monkey-Puppet",
      "meme_name": "Monkey-Puppet",
      "post_id": 11,
      "english_label": "others",
      "response_time_ms": 12202
    },
    {
      "image_path": "Dinkleberg/Dinkleberg_6.png",
      "label": "其他",
      "response_time": "00:00:01.812",
      "timestamp_unix": 1751536085,
      "timestamp_unix_ms": 1751536085153,
      "timestamp_readable": "2025-07-03 09:48:05.153",
      "normalized_name": "Dinkleberg/Dinkleberg",
      "meme_name": "Dinkleberg",
      "post_id": 6,
      "english_label": "others",
      "response_time_ms": 1812
    },
    {
      "image_path": "Mocking-Spongebob/Mocking-Spongebob_25.png",
      "label": "厭惡",
      "response_time": "00:00:10.408",
      "timestamp_unix": 1751536095,
      "timestamp_unix_ms": 1751536095664,
      "timestamp_readable": "2025-07-03 09:48:15.664",
      "normalized_name": "Mocking-Spongebob/Mocking-Spongebob",
      "meme_name": "Mocking-Spongebob",
      "post_id": 25,
      "english_label": "disgust",
      "response_time_ms": 10408
    },
    {
      "image_path": "Im-The-Captain-Now/Im-The-Captain-Now_30.png",
      "label": "其他",
      "response_time": "00:00:04.201",
      "timestamp_unix": 1751536099,
      "timestamp_unix_ms": 1751536099989,
      "timestamp_readable": "2025-07-03 09:48:19.989",
      "normalized_name": "Im-The-Captain-Now/Im-The-Captain-Now",
      "meme_name": "Im-The-Captain-Now",
      "post_id": 30,
      "english_label": "others",
      "response_time_ms": 4201
    },
    {
      "image_path": "Spiderman-Hospital/Spiderman-Hospital_28.png",
      "label": "其他",
      "response_time": "00:00:01.501",
      "timestamp_unix": 1751536101,
      "timestamp_unix_ms": 1751536101659,
      "timestamp_readable": "2025-07-03 09:48:21.659",
      "normalized_name": "Spiderman-Hospital/Spiderman-Hospital",
      "meme_name": "Spiderman-Hospital",
      "post_id": 28,
      "english_label": "others",
      "response_time_ms": 1501
    },
    {
      "image_path": "Spongebob-Yelling/Spongebob-Yelling_22.png",
      "label": "憤怒",
      "response_time": "00:00:24.903",
      "timestamp_unix": 1751536126,
      "timestamp_unix_ms": 1751536126752,
      "timestamp_readable": "2025-07-03 09:48:46.752",
      "normalized_name": "Spongebob-Yelling/Spongebob-Yelling",
      "meme_name": "Spongebob-Yelling",
      "post_id": 22,
      "english_label": "anger",
      "response_time_ms": 24903
    },
    {
      "image_path": "Thats-a-paddlin/Thats-a-paddlin_2.png",
      "label": "其他",
      "response_time": "00:00:16.803",
      "timestamp_unix": 1751536143,
      "timestamp_unix_ms": 1751536143688,
      "timestamp_readable": "2025-07-03 09:49:03.688",
      "normalized_name": "Thats-a-paddlin/Thats-a-paddlin",
      "meme_name": "Thats-a-paddlin",
      "post_id": 2,
      "english_label": "others",
      "response_time_ms": 16803
    },
    {
      "image_path": "I-am-once-again-asking/I-am-once-again-asking_34.png",
      "label": "其他",
      "response_time": "00:00:14.305",
      "timestamp_unix": 1751536158,
      "timestamp_unix_ms": 1751536158151,
      "timestamp_readable": "2025-07-03 09:49:18.151",
      "normalized_name": "I-am-once-again-asking/I-am-once-again-asking",
      "meme_name": "I-am-once-again-asking",
      "post_id": 34,
      "english_label": "others",
      "response_time_ms": 14305
    },
    {
      "image_path": "Futurama-Fry/Futurama-Fry_41.png",
      "label": "輕蔑",
      "response_time": "00:00:14.003",
      "timestamp_unix": 1751536172,
      "timestamp_unix_ms": 1751536172332,
      "timestamp_readable": "2025-07-03 09:49:32.332",
      "normalized_name": "Futurama-Fry/Futurama-Fry",
      "meme_name": "Futurama-Fry",
      "post_id": 41,
      "english_label": "contempt",
      "response_time_ms": 14003
    },
    {
      "image_path": "Ill-Have-You-Know-Spongebob/Ill-Have-You-Know-Spongebob_18.png",
      "label": "其他",
      "response_time": "00:00:07.911",
      "timestamp_unix": 1751536180,
      "timestamp_unix_ms": 1751536180384,
      "timestamp_readable": "2025-07-03 09:49:40.384",
      "normalized_name": "Ill-Have-You-Know-Spongebob/Ill-Have-You-Know-Spongebob",
      "meme_name": "Ill-Have-You-Know-Spongebob",
      "post_id": 18,
      "english_label": "others",
      "response_time_ms": 7911
    },
    {
      "image_path": "Chill-guy/Chill-guy_31.png",
      "label": "其他",
      "response_time": "00:00:14.909",
      "timestamp_unix": 1751536195,
      "timestamp_unix_ms": 1751536195402,
      "timestamp_readable": "2025-07-03 09:49:55.402",
      "normalized_name": "Chill-guy/Chill-guy",
      "meme_name": "Chill-guy",
      "post_id": 31,
      "english_label": "others",
      "response_time_ms": 14909
    },
    {
      "image_path": "Confused-Gandalf/Confused-Gandalf_44.png",
      "label": "其他",
      "response_time": "00:00:13.602",
      "timestamp_unix": 1751536209,
      "timestamp_unix_ms": 1751536209129,
      "timestamp_readable": "2025-07-03 09:50:09.129",
      "normalized_name": "Confused-Gandalf/Confused-Gandalf",
      "meme_name": "Confused-Gandalf",
      "post_id": 44,
      "english_label": "others",
      "response_time_ms": 13602
    },
    {
      "image_path": "Persian-Cat-Room-Guardian/Persian-Cat-Room-Guardian_33.png",
      "label": "其他",
      "response_time": "00:00:09.907",
      "timestamp_unix": 1751536219,
      "timestamp_unix_ms": 1751536219169,
      "timestamp_readable": "2025-07-03 09:50:19.169",
      "normalized_name": "Persian-Cat-Room-Guardian/Persian-Cat-Room-Guardian",
      "meme_name": "Persian-Cat-Room-Guardian",
      "post_id": 33,
      "english_label": "others",
      "response_time_ms": 9907
    },
    {
      "image_path": "Nuclear-Explosion/Nuclear-Explosion_39.png",
      "label": "憤怒",
      "response_time": "00:00:07.500",
      "timestamp_unix": 1751536226,
      "timestamp_unix_ms": 1751536226830,
      "timestamp_readable": "2025-07-03 09:50:26.830",
      "normalized_name": "Nuclear-Explosion/Nuclear-Explosion",
      "meme_name": "Nuclear-Explosion",
      "post_id": 39,
      "english_label": "anger",
      "response_time_ms": 7500
    },
    {
      "image_path": "Always-Has-Been/Always-Has-Been_27.png",
      "label": "厭惡",
      "response_time": "00:00:16.409",
      "timestamp_unix": 1751536243,
      "timestamp_unix_ms": 1751536243417,
      "timestamp_readable": "2025-07-03 09:50:43.417",
      "normalized_name": "Always-Has-Been/Always-Has-Been",
      "meme_name": "Always-Has-Been",
      "post_id": 27,
      "english_label": "disgust",
      "response_time_ms": 16409
    },
    {
      "image_path": "Angry-Baby/Angry-Baby_37.png",
      "label": "憤怒",
      "response_time": "00:00:12.202",
      "timestamp_unix": 1751536255,
      "timestamp_unix_ms": 1751536255864,
      "timestamp_readable": "2025-07-03 09:50:55.864",
      "normalized_name": "Angry-Baby/Angry-Baby",
      "meme_name": "Angry-Baby",
      "post_id": 37,
      "english_label": "anger",
      "response_time_ms": 12202
    },
    {
      "image_path": "Always-you-three/Always-you-three_47.png",
      "label": "其他",
      "response_time": "00:00:04.304",
      "timestamp_unix": 1751536260,
      "timestamp_unix_ms": 1751536260336,
      "timestamp_readable": "2025-07-03 09:51:00.336",
      "normalized_name": "Always-you-three/Always-you-three",
      "meme_name": "Always-you-three",
      "post_id": 47,
      "english_label": "others",
      "response_time_ms": 4304
    },
    {
      "image_path": "Hold-fart/Hold-fart_12.png",
      "label": "憤怒",
      "response_time": "00:00:22.804",
      "timestamp_unix": 1751536283,
      "timestamp_unix_ms": 1751536283331,
      "timestamp_readable": "2025-07-03 09:51:23.331",
      "normalized_name": "Hold-fart/Hold-fart",
      "meme_name": "Hold-fart",
      "post_id": 12,
      "english_label": "anger",
      "response_time_ms": 22804
    },
    {
      "image_path": "Archer/Archer_14.png",
      "label": "其他",
      "response_time": "00:00:07.308",
      "timestamp_unix": 1751536290,
      "timestamp_unix_ms": 1751536290990,
      "timestamp_readable": "2025-07-03 09:51:30.990",
      "normalized_name": "Archer/Archer",
      "meme_name": "Archer",
      "post_id": 14,
      "english_label": "others",
      "response_time_ms": 7308
    },
    {
      "image_path": "attention_check/attention_check_Contempt.png",
      "label": "輕蔑",
      "response_time": "00:00:03.908",
      "timestamp_unix": 1751536295,
      "timestamp_unix_ms": 1751536295058,
      "timestamp_readable": "2025-07-03 09:51:35.058",
      "normalized_name": "attention_check/attention_check_Contempt.png",
      "meme_name": "attention_check",
      "post_id": null,
      "english_label": "contempt",
      "response_time_ms": 3908
    },
    {
      "image_path": "Put-It-Somewhere-Else-Patrick/Put-It-Somewhere-Else-Patrick_9.png",
      "label": "憤怒",
      "response_time": "00:00:30.901",
      "timestamp_unix": 1751536326,
      "timestamp_unix_ms": 1751536326100,
      "timestamp_readable": "2025-07-03 09:52:06.100",
      "normalized_name": "Put-It-Somewhere-Else-Patrick/Put-It-Somewhere-Else-Patrick",
      "meme_name": "Put-It-Somewhere-Else-Patrick",
      "post_id": 9,
      "english_label": "anger",
      "response_time_ms": 30901
    },
    {
      "image_path": "Hide-the-Pain-Harold/Hide-the-Pain-Harold_21.png",
      "label": "其他",
      "response_time": "00:00:12.509",
      "timestamp_unix": 1751536338,
      "timestamp_unix_ms": 1751536338794,
      "timestamp_readable": "2025-07-03 09:52:18.794",
      "normalized_name": "Hide-the-Pain-Harold/Hide-the-Pain-Harold",
      "meme_name": "Hide-the-Pain-Harold",
      "post_id": 21,
      "english_label": "others",
      "response_time_ms": 12509
    },
    {
      "image_path": "Gru-Gun/Gru-Gun_26.png",
      "label": "其他",
      "response_time": "00:00:02.406",
      "timestamp_unix": 1751536341,
      "timestamp_unix_ms": 1751536341512,
      "timestamp_readable": "2025-07-03 09:52:21.512",
      "normalized_name": "Gru-Gun/Gru-Gun",
      "meme_name": "Gru-Gun",
      "post_id": 26,
      "english_label": "others",
      "response_time_ms": 2406
    },
    {
      "image_path": "Black-guy-hiding-behind-tree/Black-guy-hiding-behind-tree_5.png",
      "label": "其他",
      "response_time": "00:00:05.001",
      "timestamp_unix": 1751536346,
      "timestamp_unix_ms": 1751536346734,
      "timestamp_readable": "2025-07-03 09:52:26.734",
      "normalized_name": "Black-guy-hiding-behind-tree/Black-guy-hiding-behind-tree",
      "meme_name": "Black-guy-hiding-behind-tree",
      "post_id": 5,
      "english_label": "others",
      "response_time_ms": 5001
    },
    {
      "image_path": "Mr-incredible-mad/Mr-incredible-mad_24.png",
      "label": "憤怒",
      "response_time": "00:00:06.301",
      "timestamp_unix": 1751536353,
      "timestamp_unix_ms": 1751536353171,
      "timestamp_readable": "2025-07-03 09:52:33.171",
      "normalized_name": "Mr-incredible-mad/Mr-incredible-mad",
      "meme_name": "Mr-incredible-mad",
      "post_id": 24,
      "english_label": "anger",
      "response_time_ms": 6301
    }
  ],
  "session_start_unix": 1751535472,
  "session_status": "completed",
  "last_updated_unix": 1751536485,
  "image_order": [
    "Spiderman-Hospital/Spiderman-Hospital_28.png",
    "Happy--Shock/Happy--Shock_8.png",
    "Chill-guy/Chill-guy_31.png",
    "I-am-once-again-asking/I-am-once-again-asking_34.png",
    "Math-ladyConfused-lady/Math-ladyConfused-lady_35.png",
    "Archer/Archer_14.png",
    "Leonardo-Dicaprio-Wolf-Of-Wall-Street/Leonardo-Dicaprio-Wolf-Of-Wall-Street_50.png",
    "Mocking-Spongebob/Mocking-Spongebob_25.png",
    "Afraid-To-Ask-Andy/Afraid-To-Ask-Andy_23.png",
    "Charlie-Day/Charlie-Day_43.png",
    "Always-Has-Been/Always-Has-Been_27.png",
    "Picard-Wtf/Picard-Wtf_4.png",
    "Batman-Slapping-Robin/Batman-Slapping-Robin_17.png",
    "For-the-better-right-blank/For-the-better-right-blank_1.png",
    "Drake-NoYes/Drake-NoYes_32.png",
    "Laughing-wolf/Laughing-wolf_19.png",
    "DJ-Pauly-D/DJ-Pauly-D_15.png",
    "Always-you-three/Always-you-three_47.png",
    "Disappointed-Man/Disappointed-Man_49.png",
    "Smudge-the-cat/Smudge-the-cat_16.png",
    "Thats-a-paddlin/Thats-a-paddlin_2.png",
    "attention_check/attention_check_Others.png",
    "Hide-the-Pain-Harold/Hide-the-Pain-Harold_21.png",
    "Hold-fart/Hold-fart_12.png",
    "Im-The-Captain-Now/Im-The-Captain-Now_30.png",
    "Obi-Wan-Kenobi/Obi-Wan-Kenobi_42.png",
    "Spongebob-Yelling/Spongebob-Yelling_22.png",
    "Nuclear-Explosion/Nuclear-Explosion_39.png",
    "Dinkleberg/Dinkleberg_6.png",
    "Scooby-doo-mask-reveal/Scooby-doo-mask-reveal_3.png",
    "Disaster-Girl/Disaster-Girl_46.png",
    "Black-guy-hiding-behind-tree/Black-guy-hiding-behind-tree_5.png",
    "You-The-Real-MVP/You-The-Real-MVP_36.png",
    "Moe-throws-Barney/Moe-throws-Barney_29.png",
    "Ill-Have-You-Know-Spongebob/Ill-Have-You-Know-Spongebob_18.png",
    "Futurama-Fry/Futurama-Fry_41.png",
    "Monkey-Puppet/Monkey-Puppet_11.png",
    "Confused-Gandalf/Confused-Gandalf_44.png",
    "Mr-incredible-mad/Mr-incredible-mad_24.png",
    "Dave-chappelle/Dave-chappelle_40.png",
    "Surprised-Pikachu/Surprised-Pikachu_38.png",
    "Table-Flip-Guy/Table-Flip-Guy_45.png",
    "Kevin-Hart/Kevin-Hart_48.png",
    "Well-Yes-But-Actually-No/Well-Yes-But-Actually-No_7.png",
    "Mr-McMahon-reaction/Mr-McMahon-reaction_10.png",
    "Gru-Gun/Gru-Gun_26.png",
    "attention_check/attention_check_Contempt.png",
    "Persian-Cat-Room-Guardian/Persian-Cat-Room-Guardian_33.png",
    "Put-It-Somewhere-Else-Patrick/Put-It-Somewhere-Else-Patrick_9.png",
    "Angry-Baby/Angry-Baby_37.png",
    "Arthur-Fist/Arthur-Fist_20.png",
    "Khan/Khan_13.png"
  ],
  "completion_status": {
    "practice_completed": true,
    "game_started": true,
    "game_completed": true,
    "summary_viewed": true,
    "email_submitted": true
  },
  "timestamps_unix": {
    "registration_completed": 1751535472,
    "practice_started": 1751535472,
    "practice_completed": 1751535630,
    "game_started": 1751535630,
    "first_label": 1751535652,
    "last_label": 1751536353,
    "game_completed": 1751536355,
    "summary_viewed": 1751536355,
    "email_submitted": 1751536485,
    "session_end": 1751536485,
    "last_updated": 1751536485
  },
  "timestamps_unix_ms": {
    "registration_completed_ms": 1751535472805,
    "practice_started_ms": 1751535472959,
    "practice_completed_ms": 1751535630441,
    "game_started_ms": 1751535630450,
    "first_label_ms": 1751535652863,
    "last_label_ms": 1751536353171,
    "game_completed_ms": 1751536355579,
    "summary_viewed_ms": 1751536355588,
    "email_submitted_ms": 1751536485273,
    "session_end_ms": 1751536485273,
    "last_updated_ms": 1751536485273
  },
  "duration_stats_ms": {
    "total_session_duration_ms": 1012468,
    "practice_duration_ms": 157482,
    "game_duration_ms": 725129,
    "labeling_duration_ms": 700308,
    "email_submission_duration_ms": 129685
  },
  "filename_updated_unix": 1751536355,
  "original_filename": "user_575b77",
  "completion_status_in_filename": "email_submitted"
}