{
  "user_id": "user_92054a",
  "file_name": "user_92054a_1750047037_1750047280_fullycomplete",
  "unix_start_time": 1750047037,
  "unix_start_time_ms": 1750047037684,
  "unix_end_time": 1750047280,
  "unix_end_time_ms": 1750047280537,
  "age": "30-34",
  "gender": "female",
  "user_agent": "Mozilla/5.0 (Windows NT 10.0; Win64; x64) AppleWebKit/537.36 (KHTML, like Gecko) Chrome/137.0.0.0 Safari/537.36",
  "user_ip": "36.225.207.119",
  "status": "complete",
  "email_provided": "complete",
  "attention_passed": true,
  "start_time_readable": "2025-06-16 04:10:37.684",
  "end_time_readable": "2025-06-16 04:14:40.537",
  "total_labels": 52,
  "emotion_summary": {
    "anger": 11,
    "contempt": 16,
    "disgust": 12,
    "others": 13
  },
  "email": "younichi@gmail.com",
  "participation": "yes",
  "total_responses": 52,
  "responses": [
    {
      "image_path": "Moe-throws-Barney/Moe-throws-Barney_26.png",
      "label": "厭惡",
      "response_time": "00:00:06.806",
      "timestamp_unix": 1750047085,
      "timestamp_unix_ms": 1750047085567,
      "timestamp_readable": "2025-06-16 04:11:25.567",
      "normalized_name": "Moe-throws-Barney/Moe-throws-Barney",
      "meme_name": "Moe-throws-Barney",
      "post_id": 26,
      "english_label": "disgust",
      "response_time_ms": 6806
    },
    {
      "image_path": "Always-Has-Been/Always-Has-Been_21.png",
      "label": "厭惡",
      "response_time": "00:00:07.103",
      "timestamp_unix": 1750047092,
      "timestamp_unix_ms": 1750047092754,
      "timestamp_readable": "2025-06-16 04:11:32.754",
      "normalized_name": "Always-Has-Been/Always-Has-Been",
      "meme_name": "Always-Has-Been",
      "post_id": 21,
      "english_label": "disgust",
      "response_time_ms": 7103
    },
    {
      "image_path": "Smudge-the-cat/Smudge-the-cat_29.png",
      "label": "輕蔑",
      "response_time": "00:00:06.206",
      "timestamp_unix": 1750047099,
      "timestamp_unix_ms": 1750047099036,
      "timestamp_readable": "2025-06-16 04:11:39.036",
      "normalized_name": "Smudge-the-cat/Smudge-the-cat",
      "meme_name": "Smudge-the-cat",
      "post_id": 29,
      "english_label": "contempt",
      "response_time_ms": 6206
    },
    {
      "image_path": "Spongebob-Yelling/Spongebob-Yelling_44.png",
      "label": "厭惡",
      "response_time": "00:00:03.702",
      "timestamp_unix": 1750047102,
      "timestamp_unix_ms": 1750047102850,
      "timestamp_readable": "2025-06-16 04:11:42.850",
      "normalized_name": "Spongebob-Yelling/Spongebob-Yelling",
      "meme_name": "Spongebob-Yelling",
      "post_id": 44,
      "english_label": "disgust",
      "response_time_ms": 3702
    },
    {
      "image_path": "You-The-Real-MVP/You-The-Real-MVP_11.png",
      "label": "輕蔑",
      "response_time": "00:00:01.901",
      "timestamp_unix": 1750047104,
      "timestamp_unix_ms": 1750047104849,
      "timestamp_readable": "2025-06-16 04:11:44.849",
      "normalized_name": "You-The-Real-MVP/You-The-Real-MVP",
      "meme_name": "You-The-Real-MVP",
      "post_id": 11,
      "english_label": "contempt",
      "response_time_ms": 1901
    },
    {
      "image_path": "Chill-guy/Chill-guy_35.png",
      "label": "輕蔑",
      "response_time": "00:00:02.002",
      "timestamp_unix": 1750047106,
      "timestamp_unix_ms": 1750047106896,
      "timestamp_readable": "2025-06-16 04:11:46.896",
      "normalized_name": "Chill-guy/Chill-guy",
      "meme_name": "Chill-guy",
      "post_id": 35,
      "english_label": "contempt",
      "response_time_ms": 2002
    },
    {
      "image_path": "Batman-Slapping-Robin/Batman-Slapping-Robin_45.png",
      "label": "輕蔑",
      "response_time": "00:00:01.703",
      "timestamp_unix": 1750047108,
      "timestamp_unix_ms": 1750047108723,
      "timestamp_readable": "2025-06-16 04:11:48.723",
      "normalized_name": "Batman-Slapping-Robin/Batman-Slapping-Robin",
      "meme_name": "Batman-Slapping-Robin",
      "post_id": 45,
      "english_label": "contempt",
      "response_time_ms": 1703
    },
    {
      "image_path": "Surprised-Pikachu/Surprised-Pikachu_12.png",
      "label": "其他",
      "response_time": "00:00:05.001",
      "timestamp_unix": 1750047113,
      "timestamp_unix_ms": 1750047113818,
      "timestamp_readable": "2025-06-16 04:11:53.818",
      "normalized_name": "Surprised-Pikachu/Surprised-Pikachu",
      "meme_name": "Surprised-Pikachu",
      "post_id": 12,
      "english_label": "others",
      "response_time_ms": 5001
    },
    {
      "image_path": "Persian-Cat-Room-Guardian/Persian-Cat-Room-Guardian_34.png",
      "label": "其他",
      "response_time": "00:00:08.300",
      "timestamp_unix": 1750047122,
      "timestamp_unix_ms": 1750047122177,
      "timestamp_readable": "2025-06-16 04:12:02.177",
      "normalized_name": "Persian-Cat-Room-Guardian/Persian-Cat-Room-Guardian",
      "meme_name": "Persian-Cat-Room-Guardian",
      "post_id": 34,
      "english_label": "others",
      "response_time_ms": 8300
    },
    {
      "image_path": "Mocking-Spongebob/Mocking-Spongebob_48.png",
      "label": "輕蔑",
      "response_time": "00:00:03.001",
      "timestamp_unix": 1750047125,
      "timestamp_unix_ms": 1750047125223,
      "timestamp_readable": "2025-06-16 04:12:05.223",
      "normalized_name": "Mocking-Spongebob/Mocking-Spongebob",
      "meme_name": "Mocking-Spongebob",
      "post_id": 48,
      "english_label": "contempt",
      "response_time_ms": 3001
    },
    {
      "image_path": "Disappointed-Man/Disappointed-Man_47.png",
      "label": "輕蔑",
      "response_time": "00:00:01.604",
      "timestamp_unix": 1750047126,
      "timestamp_unix_ms": 1750047126879,
      "timestamp_readable": "2025-06-16 04:12:06.879",
      "normalized_name": "Disappointed-Man/Disappointed-Man",
      "meme_name": "Disappointed-Man",
      "post_id": 47,
      "english_label": "contempt",
      "response_time_ms": 1604
    },
    {
      "image_path": "Well-Yes-But-Actually-No/Well-Yes-But-Actually-No_28.png",
      "label": "厭惡",
      "response_time": "00:00:04.201",
      "timestamp_unix": 1750047131,
      "timestamp_unix_ms": 1750047131207,
      "timestamp_readable": "2025-06-16 04:12:11.207",
      "normalized_name": "Well-Yes-But-Actually-No/Well-Yes-But-Actually-No",
      "meme_name": "Well-Yes-But-Actually-No",
      "post_id": 28,
      "english_label": "disgust",
      "response_time_ms": 4201
    },
    {
      "image_path": "Hide-the-Pain-Harold/Hide-the-Pain-Harold_46.png",
      "label": "輕蔑",
      "response_time": "00:00:04.608",
      "timestamp_unix": 1750047135,
      "timestamp_unix_ms": 1750047135879,
      "timestamp_readable": "2025-06-16 04:12:15.879",
      "normalized_name": "Hide-the-Pain-Harold/Hide-the-Pain-Harold",
      "meme_name": "Hide-the-Pain-Harold",
      "post_id": 46,
      "english_label": "contempt",
      "response_time_ms": 4608
    },
    {
      "image_path": "Confused-Gandalf/Confused-Gandalf_10.png",
      "label": "輕蔑",
      "response_time": "00:00:02.703",
      "timestamp_unix": 1750047138,
      "timestamp_unix_ms": 1750047138707,
      "timestamp_readable": "2025-06-16 04:12:18.707",
      "normalized_name": "Confused-Gandalf/Confused-Gandalf",
      "meme_name": "Confused-Gandalf",
      "post_id": 10,
      "english_label": "contempt",
      "response_time_ms": 2703
    },
    {
      "image_path": "Spiderman-Hospital/Spiderman-Hospital_19.png",
      "label": "其他",
      "response_time": "00:00:03.804",
      "timestamp_unix": 1750047142,
      "timestamp_unix_ms": 1750047142629,
      "timestamp_readable": "2025-06-16 04:12:22.629",
      "normalized_name": "Spiderman-Hospital/Spiderman-Hospital",
      "meme_name": "Spiderman-Hospital",
      "post_id": 19,
      "english_label": "others",
      "response_time_ms": 3804
    },
    {
      "image_path": "Laughing-wolf/Laughing-wolf_25.png",
      "label": "厭惡",
      "response_time": "00:00:03.402",
      "timestamp_unix": 1750047146,
      "timestamp_unix_ms": 1750047146129,
      "timestamp_readable": "2025-06-16 04:12:26.129",
      "normalized_name": "Laughing-wolf/Laughing-wolf",
      "meme_name": "Laughing-wolf",
      "post_id": 25,
      "english_label": "disgust",
      "response_time_ms": 3402
    },
    {
      "image_path": "Mr-incredible-mad/Mr-incredible-mad_40.png",
      "label": "憤怒",
      "response_time": "00:00:02.300",
      "timestamp_unix": 1750047148,
      "timestamp_unix_ms": 1750047148472,
      "timestamp_readable": "2025-06-16 04:12:28.472",
      "normalized_name": "Mr-incredible-mad/Mr-incredible-mad",
      "meme_name": "Mr-incredible-mad",
      "post_id": 40,
      "english_label": "anger",
      "response_time_ms": 2300
    },
    {
      "image_path": "For-the-better-right-blank/For-the-better-right-blank_17.png",
      "label": "輕蔑",
      "response_time": "00:00:02.503",
      "timestamp_unix": 1750047151,
      "timestamp_unix_ms": 1750047151053,
      "timestamp_readable": "2025-06-16 04:12:31.053",
      "normalized_name": "For-the-better-right-blank/For-the-better-right-blank",
      "meme_name": "For-the-better-right-blank",
      "post_id": 17,
      "english_label": "contempt",
      "response_time_ms": 2503
    },
    {
      "image_path": "Scooby-doo-mask-reveal/Scooby-doo-mask-reveal_3.png",
      "label": "輕蔑",
      "response_time": "00:00:06.307",
      "timestamp_unix": 1750047157,
      "timestamp_unix_ms": 1750047157458,
      "timestamp_readable": "2025-06-16 04:12:37.458",
      "normalized_name": "Scooby-doo-mask-reveal/Scooby-doo-mask-reveal",
      "meme_name": "Scooby-doo-mask-reveal",
      "post_id": 3,
      "english_label": "contempt",
      "response_time_ms": 6307
    },
    {
      "image_path": "I-am-once-again-asking/I-am-once-again-asking_41.png",
      "label": "其他",
      "response_time": "00:00:04.106",
      "timestamp_unix": 1750047161,
      "timestamp_unix_ms": 1750047161630,
      "timestamp_readable": "2025-06-16 04:12:41.630",
      "normalized_name": "I-am-once-again-asking/I-am-once-again-asking",
      "meme_name": "I-am-once-again-asking",
      "post_id": 41,
      "english_label": "others",
      "response_time_ms": 4106
    },
    {
      "image_path": "Khan/Khan_15.png",
      "label": "輕蔑",
      "response_time": "00:00:02.903",
      "timestamp_unix": 1750047164,
      "timestamp_unix_ms": 1750047164582,
      "timestamp_readable": "2025-06-16 04:12:44.582",
      "normalized_name": "Khan/Khan",
      "meme_name": "Khan",
      "post_id": 15,
      "english_label": "contempt",
      "response_time_ms": 2903
    },
    {
      "image_path": "attention_check/attention_check_Disgust.png",
      "label": "厭惡",
      "response_time": "00:00:04.001",
      "timestamp_unix": 1750047168,
      "timestamp_unix_ms": 1750047168662,
      "timestamp_readable": "2025-06-16 04:12:48.662",
      "normalized_name": "attention_check/attention_check_Disgust.png",
      "meme_name": "attention_check",
      "post_id": null,
      "english_label": "disgust",
      "response_time_ms": 4001
    },
    {
      "image_path": "Hold-fart/Hold-fart_8.png",
      "label": "輕蔑",
      "response_time": "00:00:05.200",
      "timestamp_unix": 1750047173,
      "timestamp_unix_ms": 1750047173993,
      "timestamp_readable": "2025-06-16 04:12:53.993",
      "normalized_name": "Hold-fart/Hold-fart",
      "meme_name": "Hold-fart",
      "post_id": 8,
      "english_label": "contempt",
      "response_time_ms": 5200
    },
    {
      "image_path": "Dave-chappelle/Dave-chappelle_37.png",
      "label": "輕蔑",
      "response_time": "00:00:01.705",
      "timestamp_unix": 1750047175,
      "timestamp_unix_ms": 1750047175831,
      "timestamp_readable": "2025-06-16 04:12:55.831",
      "normalized_name": "Dave-chappelle/Dave-chappelle",
      "meme_name": "Dave-chappelle",
      "post_id": 37,
      "english_label": "contempt",
      "response_time_ms": 1705
    },
    {
      "image_path": "Im-The-Captain-Now/Im-The-Captain-Now_42.png",
      "label": "其他",
      "response_time": "00:00:06.404",
      "timestamp_unix": 1750047182,
      "timestamp_unix_ms": 1750047182364,
      "timestamp_readable": "2025-06-16 04:13:02.364",
      "normalized_name": "Im-The-Captain-Now/Im-The-Captain-Now",
      "meme_name": "Im-The-Captain-Now",
      "post_id": 42,
      "english_label": "others",
      "response_time_ms": 6404
    },
    {
      "image_path": "Archer/Archer_32.png",
      "label": "輕蔑",
      "response_time": "00:00:01.501",
      "timestamp_unix": 1750047183,
      "timestamp_unix_ms": 1750047183942,
      "timestamp_readable": "2025-06-16 04:13:03.942",
      "normalized_name": "Archer/Archer",
      "meme_name": "Archer",
      "post_id": 32,
      "english_label": "contempt",
      "response_time_ms": 1501
    },
    {
      "image_path": "Gru-Gun/Gru-Gun_27.png",
      "label": "厭惡",
      "response_time": "00:00:03.402",
      "timestamp_unix": 1750047187,
      "timestamp_unix_ms": 1750047187441,
      "timestamp_readable": "2025-06-16 04:13:07.441",
      "normalized_name": "Gru-Gun/Gru-Gun",
      "meme_name": "Gru-Gun",
      "post_id": 27,
      "english_label": "disgust",
      "response_time_ms": 3402
    },
    {
      "image_path": "Always-you-three/Always-you-three_43.png",
      "label": "厭惡",
      "response_time": "00:00:03.501",
      "timestamp_unix": 1750047191,
      "timestamp_unix_ms": 1750047191069,
      "timestamp_readable": "2025-06-16 04:13:11.069",
      "normalized_name": "Always-you-three/Always-you-three",
      "meme_name": "Always-you-three",
      "post_id": 43,
      "english_label": "disgust",
      "response_time_ms": 3501
    },
    {
      "image_path": "DJ-Pauly-D/DJ-Pauly-D_22.png",
      "label": "憤怒",
      "response_time": "00:00:02.106",
      "timestamp_unix": 1750047193,
      "timestamp_unix_ms": 1750047193304,
      "timestamp_readable": "2025-06-16 04:13:13.304",
      "normalized_name": "DJ-Pauly-D/DJ-Pauly-D",
      "meme_name": "DJ-Pauly-D",
      "post_id": 22,
      "english_label": "anger",
      "response_time_ms": 2106
    },
    {
      "image_path": "Table-Flip-Guy/Table-Flip-Guy_1.png",
      "label": "憤怒",
      "response_time": "00:00:01.701",
      "timestamp_unix": 1750047195,
      "timestamp_unix_ms": 1750047195067,
      "timestamp_readable": "2025-06-16 04:13:15.067",
      "normalized_name": "Table-Flip-Guy/Table-Flip-Guy",
      "meme_name": "Table-Flip-Guy",
      "post_id": 1,
      "english_label": "anger",
      "response_time_ms": 1701
    },
    {
      "image_path": "Arthur-Fist/Arthur-Fist_14.png",
      "label": "憤怒",
      "response_time": "00:00:01.406",
      "timestamp_unix": 1750047196,
      "timestamp_unix_ms": 1750047196551,
      "timestamp_readable": "2025-06-16 04:13:16.551",
      "normalized_name": "Arthur-Fist/Arthur-Fist",
      "meme_name": "Arthur-Fist",
      "post_id": 14,
      "english_label": "anger",
      "response_time_ms": 1406
    },
    {
      "image_path": "Charlie-Day/Charlie-Day_5.png",
      "label": "憤怒",
      "response_time": "00:00:01.501",
      "timestamp_unix": 1750047198,
      "timestamp_unix_ms": 1750047198114,
      "timestamp_readable": "2025-06-16 04:13:18.114",
      "normalized_name": "Charlie-Day/Charlie-Day",
      "meme_name": "Charlie-Day",
      "post_id": 5,
      "english_label": "anger",
      "response_time_ms": 1501
    },
    {
      "image_path": "Angry-Baby/Angry-Baby_39.png",
      "label": "憤怒",
      "response_time": "00:00:01.401",
      "timestamp_unix": 1750047199,
      "timestamp_unix_ms": 1750047199567,
      "timestamp_readable": "2025-06-16 04:13:19.567",
      "normalized_name": "Angry-Baby/Angry-Baby",
      "meme_name": "Angry-Baby",
      "post_id": 39,
      "english_label": "anger",
      "response_time_ms": 1401
    },
    {
      "image_path": "Put-It-Somewhere-Else-Patrick/Put-It-Somewhere-Else-Patrick_50.png",
      "label": "憤怒",
      "response_time": "00:00:06.501",
      "timestamp_unix": 1750047206,
      "timestamp_unix_ms": 1750047206116,
      "timestamp_readable": "2025-06-16 04:13:26.116",
      "normalized_name": "Put-It-Somewhere-Else-Patrick/Put-It-Somewhere-Else-Patrick",
      "meme_name": "Put-It-Somewhere-Else-Patrick",
      "post_id": 50,
      "english_label": "anger",
      "response_time_ms": 6501
    },
    {
      "image_path": "Black-guy-hiding-behind-tree/Black-guy-hiding-behind-tree_13.png",
      "label": "厭惡",
      "response_time": "00:00:03.200",
      "timestamp_unix": 1750047209,
      "timestamp_unix_ms": 1750047209442,
      "timestamp_readable": "2025-06-16 04:13:29.442",
      "normalized_name": "Black-guy-hiding-behind-tree/Black-guy-hiding-behind-tree",
      "meme_name": "Black-guy-hiding-behind-tree",
      "post_id": 13,
      "english_label": "disgust",
      "response_time_ms": 3200
    },
    {
      "image_path": "Ill-Have-You-Know-Spongebob/Ill-Have-You-Know-Spongebob_4.png",
      "label": "厭惡",
      "response_time": "00:00:01.515",
      "timestamp_unix": 1750047210,
      "timestamp_unix_ms": 1750047210998,
      "timestamp_readable": "2025-06-16 04:13:30.998",
      "normalized_name": "Ill-Have-You-Know-Spongebob/Ill-Have-You-Know-Spongebob",
      "meme_name": "Ill-Have-You-Know-Spongebob",
      "post_id": 4,
      "english_label": "disgust",
      "response_time_ms": 1515
    },
    {
      "image_path": "Happy--Shock/Happy--Shock_6.png",
      "label": "其他",
      "response_time": "00:00:03.802",
      "timestamp_unix": 1750047214,
      "timestamp_unix_ms": 1750047214897,
      "timestamp_readable": "2025-06-16 04:13:34.897",
      "normalized_name": "Happy--Shock/Happy--Shock",
      "meme_name": "Happy--Shock",
      "post_id": 6,
      "english_label": "others",
      "response_time_ms": 3802
    },
    {
      "image_path": "Mr-McMahon-reaction/Mr-McMahon-reaction_7.png",
      "label": "憤怒",
      "response_time": "00:00:02.303",
      "timestamp_unix": 1750047217,
      "timestamp_unix_ms": 1750047217239,
      "timestamp_readable": "2025-06-16 04:13:37.239",
      "normalized_name": "Mr-McMahon-reaction/Mr-McMahon-reaction",
      "meme_name": "Mr-McMahon-reaction",
      "post_id": 7,
      "english_label": "anger",
      "response_time_ms": 2303
    },
    {
      "image_path": "Disaster-Girl/Disaster-Girl_2.png",
      "label": "其他",
      "response_time": "00:00:03.903",
      "timestamp_unix": 1750047221,
      "timestamp_unix_ms": 1750047221209,
      "timestamp_readable": "2025-06-16 04:13:41.209",
      "normalized_name": "Disaster-Girl/Disaster-Girl",
      "meme_name": "Disaster-Girl",
      "post_id": 2,
      "english_label": "others",
      "response_time_ms": 3903
    },
    {
      "image_path": "Thats-a-paddlin/Thats-a-paddlin_30.png",
      "label": "憤怒",
      "response_time": "00:00:01.311",
      "timestamp_unix": 1750047222,
      "timestamp_unix_ms": 1750047222629,
      "timestamp_readable": "2025-06-16 04:13:42.629",
      "normalized_name": "Thats-a-paddlin/Thats-a-paddlin",
      "meme_name": "Thats-a-paddlin",
      "post_id": 30,
      "english_label": "anger",
      "response_time_ms": 1311
    },
    {
      "image_path": "Drake-NoYes/Drake-NoYes_18.png",
      "label": "其他",
      "response_time": "00:00:02.602",
      "timestamp_unix": 1750047225,
      "timestamp_unix_ms": 1750047225365,
      "timestamp_readable": "2025-06-16 04:13:45.365",
      "normalized_name": "Drake-NoYes/Drake-NoYes",
      "meme_name": "Drake-NoYes",
      "post_id": 18,
      "english_label": "others",
      "response_time_ms": 2602
    },
    {
      "image_path": "Futurama-Fry/Futurama-Fry_20.png",
      "label": "輕蔑",
      "response_time": "00:00:03.901",
      "timestamp_unix": 1750047229,
      "timestamp_unix_ms": 1750047229367,
      "timestamp_readable": "2025-06-16 04:13:49.367",
      "normalized_name": "Futurama-Fry/Futurama-Fry",
      "meme_name": "Futurama-Fry",
      "post_id": 20,
      "english_label": "contempt",
      "response_time_ms": 3901
    },
    {
      "image_path": "Nuclear-Explosion/Nuclear-Explosion_31.png",
      "label": "其他",
      "response_time": "00:00:05.206",
      "timestamp_unix": 1750047234,
      "timestamp_unix_ms": 1750047234692,
      "timestamp_readable": "2025-06-16 04:13:54.692",
      "normalized_name": "Nuclear-Explosion/Nuclear-Explosion",
      "meme_name": "Nuclear-Explosion",
      "post_id": 31,
      "english_label": "others",
      "response_time_ms": 5206
    },
    {
      "image_path": "Picard-Wtf/Picard-Wtf_24.png",
      "label": "其他",
      "response_time": "00:00:05.203",
      "timestamp_unix": 1750047239,
      "timestamp_unix_ms": 1750047239991,
      "timestamp_readable": "2025-06-16 04:13:59.991",
      "normalized_name": "Picard-Wtf/Picard-Wtf",
      "meme_name": "Picard-Wtf",
      "post_id": 24,
      "english_label": "others",
      "response_time_ms": 5203
    },
    {
      "image_path": "Math-ladyConfused-lady/Math-ladyConfused-lady_23.png",
      "label": "厭惡",
      "response_time": "00:00:02.401",
      "timestamp_unix": 1750047242,
      "timestamp_unix_ms": 1750047242504,
      "timestamp_readable": "2025-06-16 04:14:02.504",
      "normalized_name": "Math-ladyConfused-lady/Math-ladyConfused-lady",
      "meme_name": "Math-ladyConfused-lady",
      "post_id": 23,
      "english_label": "disgust",
      "response_time_ms": 2401
    },
    {
      "image_path": "Kevin-Hart/Kevin-Hart_36.png",
      "label": "其他",
      "response_time": "00:00:05.201",
      "timestamp_unix": 1750047247,
      "timestamp_unix_ms": 1750047247753,
      "timestamp_readable": "2025-06-16 04:14:07.753",
      "normalized_name": "Kevin-Hart/Kevin-Hart",
      "meme_name": "Kevin-Hart",
      "post_id": 36,
      "english_label": "others",
      "response_time_ms": 5201
    },
    {
      "image_path": "attention_check/attention_check_Anger.png",
      "label": "憤怒",
      "response_time": "00:00:01.604",
      "timestamp_unix": 1750047249,
      "timestamp_unix_ms": 1750047249458,
      "timestamp_readable": "2025-06-16 04:14:09.458",
      "normalized_name": "attention_check/attention_check_Anger.png",
      "meme_name": "attention_check",
      "post_id": null,
      "english_label": "anger",
      "response_time_ms": 1604
    },
    {
      "image_path": "Leonardo-Dicaprio-Wolf-Of-Wall-Street/Leonardo-Dicaprio-Wolf-Of-Wall-Street_9.png",
      "label": "其他",
      "response_time": "00:00:03.504",
      "timestamp_unix": 1750047253,
      "timestamp_unix_ms": 1750047253099,
      "timestamp_readable": "2025-06-16 04:14:13.099",
      "normalized_name": "Leonardo-Dicaprio-Wolf-Of-Wall-Street/Leonardo-Dicaprio-Wolf-Of-Wall-Street",
      "meme_name": "Leonardo-Dicaprio-Wolf-Of-Wall-Street",
      "post_id": 9,
      "english_label": "others",
      "response_time_ms": 3504
    },
    {
      "image_path": "Dinkleberg/Dinkleberg_49.png",
      "label": "憤怒",
      "response_time": "00:00:01.809",
      "timestamp_unix": 1750047255,
      "timestamp_unix_ms": 1750047255004,
      "timestamp_readable": "2025-06-16 04:14:15.004",
      "normalized_name": "Dinkleberg/Dinkleberg",
      "meme_name": "Dinkleberg",
      "post_id": 49,
      "english_label": "anger",
      "response_time_ms": 1809
    },
    {
      "image_path": "Monkey-Puppet/Monkey-Puppet_16.png",
      "label": "其他",
      "response_time": "00:00:02.207",
      "timestamp_unix": 1750047257,
      "timestamp_unix_ms": 1750047257255,
      "timestamp_readable": "2025-06-16 04:14:17.255",
      "normalized_name": "Monkey-Puppet/Monkey-Puppet",
      "meme_name": "Monkey-Puppet",
      "post_id": 16,
      "english_label": "others",
      "response_time_ms": 2207
    },
    {
      "image_path": "Afraid-To-Ask-Andy/Afraid-To-Ask-Andy_38.png",
      "label": "厭惡",
      "response_time": "00:00:03.501",
      "timestamp_unix": 1750047260,
      "timestamp_unix_ms": 1750047260802,
      "timestamp_readable": "2025-06-16 04:14:20.802",
      "normalized_name": "Afraid-To-Ask-Andy/Afraid-To-Ask-Andy",
      "meme_name": "Afraid-To-Ask-Andy",
      "post_id": 38,
      "english_label": "disgust",
      "response_time_ms": 3501
    },
    {
      "image_path": "Obi-Wan-Kenobi/Obi-Wan-Kenobi_33.png",
      "label": "輕蔑",
      "response_time": "00:00:01.904",
      "timestamp_unix": 1750047262,
      "timestamp_unix_ms": 1750047262787,
      "timestamp_readable": "2025-06-16 04:14:22.787",
      "normalized_name": "Obi-Wan-Kenobi/Obi-Wan-Kenobi",
      "meme_name": "Obi-Wan-Kenobi",
      "post_id": 33,
      "english_label": "contempt",
      "response_time_ms": 1904
    }
  ],
  "session_start_unix": 1750047037,
  "session_status": "completed",
  "last_updated_unix": 1750047280,
  "image_order": [
    "Spiderman-Hospital/Spiderman-Hospital_19.png",
    "Happy--Shock/Happy--Shock_6.png",
    "Chill-guy/Chill-guy_35.png",
    "I-am-once-again-asking/I-am-once-again-asking_41.png",
    "Math-ladyConfused-lady/Math-ladyConfused-lady_23.png",
    "Archer/Archer_32.png",
    "Leonardo-Dicaprio-Wolf-Of-Wall-Street/Leonardo-Dicaprio-Wolf-Of-Wall-Street_9.png",
    "Mocking-Spongebob/Mocking-Spongebob_48.png",
    "Afraid-To-Ask-Andy/Afraid-To-Ask-Andy_38.png",
    "Charlie-Day/Charlie-Day_5.png",
    "Always-Has-Been/Always-Has-Been_21.png",
    "Picard-Wtf/Picard-Wtf_24.png",
    "Batman-Slapping-Robin/Batman-Slapping-Robin_45.png",
    "For-the-better-right-blank/For-the-better-right-blank_17.png",
    "Drake-NoYes/Drake-NoYes_18.png",
    "Laughing-wolf/Laughing-wolf_25.png",
    "DJ-Pauly-D/DJ-Pauly-D_22.png",
    "Always-you-three/Always-you-three_43.png",
    "Disappointed-Man/Disappointed-Man_47.png",
    "Smudge-the-cat/Smudge-the-cat_29.png",
    "Thats-a-paddlin/Thats-a-paddlin_30.png",
    "attention_check/attention_check_Disgust.png",
    "Hide-the-Pain-Harold/Hide-the-Pain-Harold_46.png",
    "Hold-fart/Hold-fart_8.png",
    "Im-The-Captain-Now/Im-The-Captain-Now_42.png",
    "Obi-Wan-Kenobi/Obi-Wan-Kenobi_33.png",
    "Spongebob-Yelling/Spongebob-Yelling_44.png",
    "Nuclear-Explosion/Nuclear-Explosion_31.png",
    "Dinkleberg/Dinkleberg_49.png",
    "Scooby-doo-mask-reveal/Scooby-doo-mask-reveal_3.png",
    "Disaster-Girl/Disaster-Girl_2.png",
    "Black-guy-hiding-behind-tree/Black-guy-hiding-behind-tree_13.png",
    "You-The-Real-MVP/You-The-Real-MVP_11.png",
    "Moe-throws-Barney/Moe-throws-Barney_26.png",
    "Ill-Have-You-Know-Spongebob/Ill-Have-You-Know-Spongebob_4.png",
    "Futurama-Fry/Futurama-Fry_20.png",
    "Monkey-Puppet/Monkey-Puppet_16.png",
    "Confused-Gandalf/Confused-Gandalf_10.png",
    "Mr-incredible-mad/Mr-incredible-mad_40.png",
    "Dave-chappelle/Dave-chappelle_37.png",
    "Surprised-Pikachu/Surprised-Pikachu_12.png",
    "Table-Flip-Guy/Table-Flip-Guy_1.png",
    "Kevin-Hart/Kevin-Hart_36.png",
    "Well-Yes-But-Actually-No/Well-Yes-But-Actually-No_28.png",
    "Mr-McMahon-reaction/Mr-McMahon-reaction_7.png",
    "Gru-Gun/Gru-Gun_27.png",
    "attention_check/attention_check_Anger.png",
    "Persian-Cat-Room-Guardian/Persian-Cat-Room-Guardian_34.png",
    "Put-It-Somewhere-Else-Patrick/Put-It-Somewhere-Else-Patrick_50.png",
    "Angry-Baby/Angry-Baby_39.png",
    "Arthur-Fist/Arthur-Fist_14.png",
    "Khan/Khan_15.png"
  ],
  "completion_status": {
    "practice_completed": true,
    "game_started": true,
    "game_completed": true,
    "summary_viewed": true,
    "email_submitted": true
  },
  "timestamps_unix": {
    "registration_completed": 1750047037,
    "practice_started": 1750047037,
    "practice_completed": 1750047078,
    "game_started": 1750047078,
    "first_label": 1750047085,
    "last_label": 1750047262,
    "game_completed": 1750047265,
    "summary_viewed": 1750047265,
    "email_submitted": 1750047280,
    "session_end": 1750047280,
    "last_updated": 1750047280
  },
  "timestamps_unix_ms": {
    "registration_completed_ms": 1750047037684,
    "practice_started_ms": 1750047037728,
    "practice_completed_ms": 1750047078145,
    "game_started_ms": 1750047078153,
    "first_label_ms": 1750047085567,
    "last_label_ms": 1750047262787,
    "game_completed_ms": 1750047265394,
    "summary_viewed_ms": 1750047265402,
    "email_submitted_ms": 1750047280529,
    "session_end_ms": 1750047280529,
    "last_updated_ms": 1750047280529
  },
  "duration_stats_ms": {
    "total_session_duration_ms": 242845,
    "practice_duration_ms": 40417,
    "game_duration_ms": 187241,
    "labeling_duration_ms": 177220,
    "email_submission_duration_ms": 15127
  },
  "filename_updated_unix": 1750047265,
  "original_filename": "user_92054a",
  "completion_status_in_filename": "email_submitted"
}