{
  "user_id": "user_59960b",
  "file_name": "user_59960b",
  "unix_start_time": 1750744035,
  "unix_start_time_ms": 1750744035191,
  "unix_end_time": null,
  "unix_end_time_ms": null,
  "age": "25-29",
  "gender": "male",
  "user_agent": "Mozilla/5.0 (Windows NT 10.0; Win64; x64) AppleWebKit/537.36 (KHTML, like Gecko) Chrome/134.0.0.0 Safari/537.36 OPR/119.0.0.0",
  "user_ip": "42.73.11.106",
  "status": "incomplete",
  "email_provided": "incomplete",
  "attention_passed": null,
  "start_time_readable": "2025-06-24 05:47:15.191",
  "end_time_readable": null,
  "total_labels": 18,
  "emotion_summary": {
    "anger": 1,
    "contempt": 10,
    "disgust": 1,
    "others": 6
  },
  "email": null,
  "participation": null,
  "total_responses": 18,
  "responses": [
    {
      "image_path": "Thats-a-paddlin/Thats-a-paddlin_38.png",
      "label": "輕蔑",
      "response_time": "00:00:07.401",
      "timestamp_unix": 1750744088,
      "timestamp_unix_ms": 1750744088587,
      "timestamp_readable": "2025-06-24 05:48:08.587",
      "normalized_name": "Thats-a-paddlin/Thats-a-paddlin",
      "meme_name": "Thats-a-paddlin",
      "post_id": 38,
      "english_label": "contempt",
      "response_time_ms": 7401
    },
    {
      "image_path": "Always-you-three/Always-you-three_12.png",
      "label": "輕蔑",
      "response_time": "00:00:12.402",
      "timestamp_unix": 1750744101,
      "timestamp_unix_ms": 1750744101097,
      "timestamp_readable": "2025-06-24 05:48:21.097",
      "normalized_name": "Always-you-three/Always-you-three",
      "meme_name": "Always-you-three",
      "post_id": 12,
      "english_label": "contempt",
      "response_time_ms": 12402
    },
    {
      "image_path": "Laughing-wolf/Laughing-wolf_7.png",
      "label": "輕蔑",
      "response_time": "00:00:03.008",
      "timestamp_unix": 1750744104,
      "timestamp_unix_ms": 1750744104222,
      "timestamp_readable": "2025-06-24 05:48:24.222",
      "normalized_name": "Laughing-wolf/Laughing-wolf",
      "meme_name": "Laughing-wolf",
      "post_id": 7,
      "english_label": "contempt",
      "response_time_ms": 3008
    },
    {
      "image_path": "Picard-Wtf/Picard-Wtf_33.png",
      "label": "厭惡",
      "response_time": "00:00:06.301",
      "timestamp_unix": 1750744110,
      "timestamp_unix_ms": 1750744110616,
      "timestamp_readable": "2025-06-24 05:48:30.616",
      "normalized_name": "Picard-Wtf/Picard-Wtf",
      "meme_name": "Picard-Wtf",
      "post_id": 33,
      "english_label": "disgust",
      "response_time_ms": 6301
    },
    {
      "image_path": "Spiderman-Hospital/Spiderman-Hospital_13.png",
      "label": "輕蔑",
      "response_time": "00:00:04.503",
      "timestamp_unix": 1750744115,
      "timestamp_unix_ms": 1750744115666,
      "timestamp_readable": "2025-06-24 05:48:35.666",
      "normalized_name": "Spiderman-Hospital/Spiderman-Hospital",
      "meme_name": "Spiderman-Hospital",
      "post_id": 13,
      "english_label": "contempt",
      "response_time_ms": 4503
    },
    {
      "image_path": "Futurama-Fry/Futurama-Fry_1.png",
      "label": "輕蔑",
      "response_time": "00:00:01.304",
      "timestamp_unix": 1750744117,
      "timestamp_unix_ms": 1750744117059,
      "timestamp_readable": "2025-06-24 05:48:37.059",
      "normalized_name": "Futurama-Fry/Futurama-Fry",
      "meme_name": "Futurama-Fry",
      "post_id": 1,
      "english_label": "contempt",
      "response_time_ms": 1304
    },
    {
      "image_path": "Gru-Gun/Gru-Gun_40.png",
      "label": "其他",
      "response_time": "00:00:04.504",
      "timestamp_unix": 1750744121,
      "timestamp_unix_ms": 1750744121735,
      "timestamp_readable": "2025-06-24 05:48:41.735",
      "normalized_name": "Gru-Gun/Gru-Gun",
      "meme_name": "Gru-Gun",
      "post_id": 40,
      "english_label": "others",
      "response_time_ms": 4504
    },
    {
      "image_path": "Charlie-Day/Charlie-Day_39.png",
      "label": "其他",
      "response_time": "00:00:02.703",
      "timestamp_unix": 1750744124,
      "timestamp_unix_ms": 1750744124577,
      "timestamp_readable": "2025-06-24 05:48:44.577",
      "normalized_name": "Charlie-Day/Charlie-Day",
      "meme_name": "Charlie-Day",
      "post_id": 39,
      "english_label": "others",
      "response_time_ms": 2703
    },
    {
      "image_path": "Mr-incredible-mad/Mr-incredible-mad_18.png",
      "label": "憤怒",
      "response_time": "00:00:02.201",
      "timestamp_unix": 1750744126,
      "timestamp_unix_ms": 1750744126955,
      "timestamp_readable": "2025-06-24 05:48:46.955",
      "normalized_name": "Mr-incredible-mad/Mr-incredible-mad",
      "meme_name": "Mr-incredible-mad",
      "post_id": 18,
      "english_label": "anger",
      "response_time_ms": 2201
    },
    {
      "image_path": "Khan/Khan_36.png",
      "label": "其他",
      "response_time": "00:00:04.900",
      "timestamp_unix": 1750744132,
      "timestamp_unix_ms": 1750744132709,
      "timestamp_readable": "2025-06-24 05:48:52.709",
      "normalized_name": "Khan/Khan",
      "meme_name": "Khan",
      "post_id": 36,
      "english_label": "others",
      "response_time_ms": 4900
    },
    {
      "image_path": "Kevin-Hart/Kevin-Hart_10.png",
      "label": "其他",
      "response_time": "00:00:03.107",
      "timestamp_unix": 1750744135,
      "timestamp_unix_ms": 1750744135967,
      "timestamp_readable": "2025-06-24 05:48:55.967",
      "normalized_name": "Kevin-Hart/Kevin-Hart",
      "meme_name": "Kevin-Hart",
      "post_id": 10,
      "english_label": "others",
      "response_time_ms": 3107
    },
    {
      "image_path": "DJ-Pauly-D/DJ-Pauly-D_29.png",
      "label": "輕蔑",
      "response_time": "00:00:03.005",
      "timestamp_unix": 1750744139,
      "timestamp_unix_ms": 1750744139159,
      "timestamp_readable": "2025-06-24 05:48:59.159",
      "normalized_name": "DJ-Pauly-D/DJ-Pauly-D",
      "meme_name": "DJ-Pauly-D",
      "post_id": 29,
      "english_label": "contempt",
      "response_time_ms": 3005
    },
    {
      "image_path": "Chill-guy/Chill-guy_42.png",
      "label": "其他",
      "response_time": "00:00:03.203",
      "timestamp_unix": 1750744142,
      "timestamp_unix_ms": 1750744142499,
      "timestamp_readable": "2025-06-24 05:49:02.499",
      "normalized_name": "Chill-guy/Chill-guy",
      "meme_name": "Chill-guy",
      "post_id": 42,
      "english_label": "others",
      "response_time_ms": 3203
    },
    {
      "image_path": "Ill-Have-You-Know-Spongebob/Ill-Have-You-Know-Spongebob_49.png",
      "label": "其他",
      "response_time": "00:00:04.305",
      "timestamp_unix": 1750744146,
      "timestamp_unix_ms": 1750744146975,
      "timestamp_readable": "2025-06-24 05:49:06.975",
      "normalized_name": "Ill-Have-You-Know-Spongebob/Ill-Have-You-Know-Spongebob",
      "meme_name": "Ill-Have-You-Know-Spongebob",
      "post_id": 49,
      "english_label": "others",
      "response_time_ms": 4305
    },
    {
      "image_path": "Im-The-Captain-Now/Im-The-Captain-Now_4.png",
      "label": "輕蔑",
      "response_time": "00:00:02.701",
      "timestamp_unix": 1750744149,
      "timestamp_unix_ms": 1750744149827,
      "timestamp_readable": "2025-06-24 05:49:09.827",
      "normalized_name": "Im-The-Captain-Now/Im-The-Captain-Now",
      "meme_name": "Im-The-Captain-Now",
      "post_id": 4,
      "english_label": "contempt",
      "response_time_ms": 2701
    },
    {
      "image_path": "Mocking-Spongebob/Mocking-Spongebob_9.png",
      "label": "輕蔑",
      "response_time": "00:00:01.702",
      "timestamp_unix": 1750744151,
      "timestamp_unix_ms": 1750744151676,
      "timestamp_readable": "2025-06-24 05:49:11.676",
      "normalized_name": "Mocking-Spongebob/Mocking-Spongebob",
      "meme_name": "Mocking-Spongebob",
      "post_id": 9,
      "english_label": "contempt",
      "response_time_ms": 1702
    },
    {
      "image_path": "Archer/Archer_47.png",
      "label": "輕蔑",
      "response_time": "00:00:00.707",
      "timestamp_unix": 1750744152,
      "timestamp_unix_ms": 1750744152504,
      "timestamp_readable": "2025-06-24 05:49:12.504",
      "normalized_name": "Archer/Archer",
      "meme_name": "Archer",
      "post_id": 47,
      "english_label": "contempt",
      "response_time_ms": 707
    },
    {
      "image_path": "Always-Has-Been/Always-Has-Been_22.png",
      "label": "輕蔑",
      "response_time": "00:00:00.707",
      "timestamp_unix": 1750744153,
      "timestamp_unix_ms": 1750744153297,
      "timestamp_readable": "2025-06-24 05:49:13.297",
      "normalized_name": "Always-Has-Been/Always-Has-Been",
      "meme_name": "Always-Has-Been",
      "post_id": 22,
      "english_label": "contempt",
      "response_time_ms": 707
    }
  ],
  "session_start_unix": 1750744035,
  "session_status": "active",
  "last_updated_unix": 1750744153,
  "image_order": [
    "Spiderman-Hospital/Spiderman-Hospital_13.png",
    "Happy--Shock/Happy--Shock_43.png",
    "Chill-guy/Chill-guy_42.png",
    "I-am-once-again-asking/I-am-once-again-asking_11.png",
    "Math-ladyConfused-lady/Math-ladyConfused-lady_31.png",
    "Archer/Archer_47.png",
    "Leonardo-Dicaprio-Wolf-Of-Wall-Street/Leonardo-Dicaprio-Wolf-Of-Wall-Street_21.png",
    "Mocking-Spongebob/Mocking-Spongebob_9.png",
    "Afraid-To-Ask-Andy/Afraid-To-Ask-Andy_34.png",
    "Charlie-Day/Charlie-Day_39.png",
    "Always-Has-Been/Always-Has-Been_22.png",
    "Picard-Wtf/Picard-Wtf_33.png",
    "Batman-Slapping-Robin/Batman-Slapping-Robin_2.png",
    "For-the-better-right-blank/For-the-better-right-blank_37.png",
    "Drake-NoYes/Drake-NoYes_20.png",
    "Laughing-wolf/Laughing-wolf_7.png",
    "DJ-Pauly-D/DJ-Pauly-D_29.png",
    "Always-you-three/Always-you-three_12.png",
    "Disappointed-Man/Disappointed-Man_41.png",
    "Smudge-the-cat/Smudge-the-cat_48.png",
    "Thats-a-paddlin/Thats-a-paddlin_38.png",
    "attention_check/attention_check_Others.png",
    "Hide-the-Pain-Harold/Hide-the-Pain-Harold_28.png",
    "Hold-fart/Hold-fart_8.png",
    "Im-The-Captain-Now/Im-The-Captain-Now_4.png",
    "Obi-Wan-Kenobi/Obi-Wan-Kenobi_6.png",
    "Spongebob-Yelling/Spongebob-Yelling_26.png",
    "Nuclear-Explosion/Nuclear-Explosion_17.png",
    "Dinkleberg/Dinkleberg_5.png",
    "Scooby-doo-mask-reveal/Scooby-doo-mask-reveal_45.png",
    "Disaster-Girl/Disaster-Girl_14.png",
    "Black-guy-hiding-behind-tree/Black-guy-hiding-behind-tree_27.png",
    "You-The-Real-MVP/You-The-Real-MVP_25.png",
    "Moe-throws-Barney/Moe-throws-Barney_16.png",
    "Ill-Have-You-Know-Spongebob/Ill-Have-You-Know-Spongebob_49.png",
    "Futurama-Fry/Futurama-Fry_1.png",
    "Monkey-Puppet/Monkey-Puppet_23.png",
    "Confused-Gandalf/Confused-Gandalf_44.png",
    "Mr-incredible-mad/Mr-incredible-mad_18.png",
    "Dave-chappelle/Dave-chappelle_19.png",
    "Surprised-Pikachu/Surprised-Pikachu_24.png",
    "Table-Flip-Guy/Table-Flip-Guy_46.png",
    "Kevin-Hart/Kevin-Hart_10.png",
    "Well-Yes-But-Actually-No/Well-Yes-But-Actually-No_15.png",
    "attention_check/attention_check_Anger.png",
    "Mr-McMahon-reaction/Mr-McMahon-reaction_35.png",
    "Gru-Gun/Gru-Gun_40.png",
    "Persian-Cat-Room-Guardian/Persian-Cat-Room-Guardian_30.png",
    "Put-It-Somewhere-Else-Patrick/Put-It-Somewhere-Else-Patrick_3.png",
    "Angry-Baby/Angry-Baby_32.png",
    "Arthur-Fist/Arthur-Fist_50.png",
    "Khan/Khan_36.png"
  ],
  "completion_status": {
    "practice_completed": true,
    "game_started": true,
    "game_completed": false,
    "summary_viewed": false,
    "email_submitted": false
  },
  "timestamps_unix": {
    "registration_completed": 1750744035,
    "practice_started": 1750744035,
    "practice_completed": 1750744080,
    "game_started": 1750744080,
    "first_label": 1750744088,
    "last_label": 1750744153,
    "game_completed": null,
    "summary_viewed": null,
    "email_submitted": null,
    "session_end": null,
    "last_updated": 1750744153
  },
  "timestamps_unix_ms": {
    "registration_completed_ms": 1750744035191,
    "practice_started_ms": 1750744035253,
    "practice_completed_ms": 1750744080844,
    "game_started_ms": 1750744080863,
    "first_label_ms": 1750744088587,
    "last_label_ms": 1750744153297,
    "game_completed_ms": null,
    "summary_viewed_ms": null,
    "email_submitted_ms": null,
    "session_end_ms": null,
    "last_updated_ms": 1750744153297
  },
  "duration_stats_ms": {
    "total_session_duration_ms": null,
    "practice_duration_ms": 45591,
    "game_duration_ms": null,
    "labeling_duration_ms": null,
    "email_submission_duration_ms": null
  }
}