{
  "user_id": "user_db68b6",
  "file_name": "user_db68b6_1750679214_1750679732_fullycomplete",
  "unix_start_time": 1750679214,
  "unix_start_time_ms": 1750679214185,
  "unix_end_time": 1750679732,
  "unix_end_time_ms": 1750679732715,
  "age": "25-29",
  "gender": "male",
  "user_agent": "Mozilla/5.0 (Windows NT 10.0; Win64; x64) AppleWebKit/537.36 (KHTML, like Gecko) Chrome/137.0.0.0 Safari/537.36",
  "user_ip": "42.77.82.163",
  "status": "complete",
  "email_provided": "complete",
  "attention_passed": true,
  "start_time_readable": "2025-06-23 11:46:54.185",
  "end_time_readable": "2025-06-23 11:55:32.715",
  "total_labels": 52,
  "emotion_summary": {
    "anger": 3,
    "contempt": 22,
    "disgust": 4,
    "others": 23
  },
  "email": "kuan8894@gmail.com",
  "participation": "no",
  "total_responses": 52,
  "responses": [
    {
      "image_path": "Happy--Shock/Happy--Shock_15.png",
      "label": "其他",
      "response_time": "00:00:15.207",
      "timestamp_unix": 1750679311,
      "timestamp_unix_ms": 1750679311032,
      "timestamp_readable": "2025-06-23 11:48:31.032",
      "normalized_name": "Happy--Shock/Happy--Shock",
      "meme_name": "Happy--Shock",
      "post_id": 15,
      "english_label": "others",
      "response_time_ms": 15207
    },
    {
      "image_path": "You-The-Real-MVP/You-The-Real-MVP_17.png",
      "label": "其他",
      "response_time": "00:00:10.705",
      "timestamp_unix": 1750679321,
      "timestamp_unix_ms": 1750679321893,
      "timestamp_readable": "2025-06-23 11:48:41.893",
      "normalized_name": "You-The-Real-MVP/You-The-Real-MVP",
      "meme_name": "You-The-Real-MVP",
      "post_id": 17,
      "english_label": "others",
      "response_time_ms": 10705
    },
    {
      "image_path": "Charlie-Day/Charlie-Day_13.png",
      "label": "輕蔑",
      "response_time": "00:00:09.112",
      "timestamp_unix": 1750679331,
      "timestamp_unix_ms": 1750679331132,
      "timestamp_readable": "2025-06-23 11:48:51.132",
      "normalized_name": "Charlie-Day/Charlie-Day",
      "meme_name": "Charlie-Day",
      "post_id": 13,
      "english_label": "contempt",
      "response_time_ms": 9112
    },
    {
      "image_path": "DJ-Pauly-D/DJ-Pauly-D_23.png",
      "label": "憤怒",
      "response_time": "00:00:11.507",
      "timestamp_unix": 1750679342,
      "timestamp_unix_ms": 1750679342772,
      "timestamp_readable": "2025-06-23 11:49:02.772",
      "normalized_name": "DJ-Pauly-D/DJ-Pauly-D",
      "meme_name": "DJ-Pauly-D",
      "post_id": 23,
      "english_label": "anger",
      "response_time_ms": 11507
    },
    {
      "image_path": "Arthur-Fist/Arthur-Fist_42.png",
      "label": "其他",
      "response_time": "00:00:09.615",
      "timestamp_unix": 1750679352,
      "timestamp_unix_ms": 1750679352541,
      "timestamp_readable": "2025-06-23 11:49:12.541",
      "normalized_name": "Arthur-Fist/Arthur-Fist",
      "meme_name": "Arthur-Fist",
      "post_id": 42,
      "english_label": "others",
      "response_time_ms": 9615
    },
    {
      "image_path": "Im-The-Captain-Now/Im-The-Captain-Now_37.png",
      "label": "輕蔑",
      "response_time": "00:00:09.114",
      "timestamp_unix": 1750679361,
      "timestamp_unix_ms": 1750679361715,
      "timestamp_readable": "2025-06-23 11:49:21.715",
      "normalized_name": "Im-The-Captain-Now/Im-The-Captain-Now",
      "meme_name": "Im-The-Captain-Now",
      "post_id": 37,
      "english_label": "contempt",
      "response_time_ms": 9114
    },
    {
      "image_path": "Hide-the-Pain-Harold/Hide-the-Pain-Harold_6.png",
      "label": "輕蔑",
      "response_time": "00:00:09.706",
      "timestamp_unix": 1750679371,
      "timestamp_unix_ms": 1750679371476,
      "timestamp_readable": "2025-06-23 11:49:31.476",
      "normalized_name": "Hide-the-Pain-Harold/Hide-the-Pain-Harold",
      "meme_name": "Hide-the-Pain-Harold",
      "post_id": 6,
      "english_label": "contempt",
      "response_time_ms": 9706
    },
    {
      "image_path": "Always-Has-Been/Always-Has-Been_34.png",
      "label": "輕蔑",
      "response_time": "00:00:04.711",
      "timestamp_unix": 1750679376,
      "timestamp_unix_ms": 1750679376285,
      "timestamp_readable": "2025-06-23 11:49:36.285",
      "normalized_name": "Always-Has-Been/Always-Has-Been",
      "meme_name": "Always-Has-Been",
      "post_id": 34,
      "english_label": "contempt",
      "response_time_ms": 4711
    },
    {
      "image_path": "I-am-once-again-asking/I-am-once-again-asking_30.png",
      "label": "其他",
      "response_time": "00:00:08.001",
      "timestamp_unix": 1750679384,
      "timestamp_unix_ms": 1750679384445,
      "timestamp_readable": "2025-06-23 11:49:44.445",
      "normalized_name": "I-am-once-again-asking/I-am-once-again-asking",
      "meme_name": "I-am-once-again-asking",
      "post_id": 30,
      "english_label": "others",
      "response_time_ms": 8001
    },
    {
      "image_path": "Hold-fart/Hold-fart_24.png",
      "label": "輕蔑",
      "response_time": "00:00:05.608",
      "timestamp_unix": 1750679390,
      "timestamp_unix_ms": 1750679390145,
      "timestamp_readable": "2025-06-23 11:49:50.145",
      "normalized_name": "Hold-fart/Hold-fart",
      "meme_name": "Hold-fart",
      "post_id": 24,
      "english_label": "contempt",
      "response_time_ms": 5608
    },
    {
      "image_path": "Always-you-three/Always-you-three_16.png",
      "label": "輕蔑",
      "response_time": "00:00:07.002",
      "timestamp_unix": 1750679397,
      "timestamp_unix_ms": 1750679397245,
      "timestamp_readable": "2025-06-23 11:49:57.245",
      "normalized_name": "Always-you-three/Always-you-three",
      "meme_name": "Always-you-three",
      "post_id": 16,
      "english_label": "contempt",
      "response_time_ms": 7002
    },
    {
      "image_path": "Disappointed-Man/Disappointed-Man_12.png",
      "label": "其他",
      "response_time": "00:00:02.707",
      "timestamp_unix": 1750679400,
      "timestamp_unix_ms": 1750679400065,
      "timestamp_readable": "2025-06-23 11:50:00.065",
      "normalized_name": "Disappointed-Man/Disappointed-Man",
      "meme_name": "Disappointed-Man",
      "post_id": 12,
      "english_label": "others",
      "response_time_ms": 2707
    },
    {
      "image_path": "Obi-Wan-Kenobi/Obi-Wan-Kenobi_18.png",
      "label": "其他",
      "response_time": "00:00:06.404",
      "timestamp_unix": 1750679406,
      "timestamp_unix_ms": 1750679406576,
      "timestamp_readable": "2025-06-23 11:50:06.576",
      "normalized_name": "Obi-Wan-Kenobi/Obi-Wan-Kenobi",
      "meme_name": "Obi-Wan-Kenobi",
      "post_id": 18,
      "english_label": "others",
      "response_time_ms": 6404
    },
    {
      "image_path": "Disaster-Girl/Disaster-Girl_31.png",
      "label": "輕蔑",
      "response_time": "00:00:04.112",
      "timestamp_unix": 1750679410,
      "timestamp_unix_ms": 1750679410803,
      "timestamp_readable": "2025-06-23 11:50:10.803",
      "normalized_name": "Disaster-Girl/Disaster-Girl",
      "meme_name": "Disaster-Girl",
      "post_id": 31,
      "english_label": "contempt",
      "response_time_ms": 4112
    },
    {
      "image_path": "Dave-chappelle/Dave-chappelle_38.png",
      "label": "其他",
      "response_time": "00:00:05.915",
      "timestamp_unix": 1750679416,
      "timestamp_unix_ms": 1750679416836,
      "timestamp_readable": "2025-06-23 11:50:16.836",
      "normalized_name": "Dave-chappelle/Dave-chappelle",
      "meme_name": "Dave-chappelle",
      "post_id": 38,
      "english_label": "others",
      "response_time_ms": 5915
    },
    {
      "image_path": "For-the-better-right-blank/For-the-better-right-blank_3.png",
      "label": "其他",
      "response_time": "00:00:04.901",
      "timestamp_unix": 1750679421,
      "timestamp_unix_ms": 1750679421895,
      "timestamp_readable": "2025-06-23 11:50:21.895",
      "normalized_name": "For-the-better-right-blank/For-the-better-right-blank",
      "meme_name": "For-the-better-right-blank",
      "post_id": 3,
      "english_label": "others",
      "response_time_ms": 4901
    },
    {
      "image_path": "Spongebob-Yelling/Spongebob-Yelling_2.png",
      "label": "其他",
      "response_time": "00:00:06.305",
      "timestamp_unix": 1750679428,
      "timestamp_unix_ms": 1750679428345,
      "timestamp_readable": "2025-06-23 11:50:28.345",
      "normalized_name": "Spongebob-Yelling/Spongebob-Yelling",
      "meme_name": "Spongebob-Yelling",
      "post_id": 2,
      "english_label": "others",
      "response_time_ms": 6305
    },
    {
      "image_path": "Dinkleberg/Dinkleberg_45.png",
      "label": "輕蔑",
      "response_time": "00:00:09.208",
      "timestamp_unix": 1750679437,
      "timestamp_unix_ms": 1750679437705,
      "timestamp_readable": "2025-06-23 11:50:37.705",
      "normalized_name": "Dinkleberg/Dinkleberg",
      "meme_name": "Dinkleberg",
      "post_id": 45,
      "english_label": "contempt",
      "response_time_ms": 9208
    },
    {
      "image_path": "Surprised-Pikachu/Surprised-Pikachu_10.png",
      "label": "其他",
      "response_time": "00:00:06.615",
      "timestamp_unix": 1750679444,
      "timestamp_unix_ms": 1750679444416,
      "timestamp_readable": "2025-06-23 11:50:44.416",
      "normalized_name": "Surprised-Pikachu/Surprised-Pikachu",
      "meme_name": "Surprised-Pikachu",
      "post_id": 10,
      "english_label": "others",
      "response_time_ms": 6615
    },
    {
      "image_path": "Moe-throws-Barney/Moe-throws-Barney_4.png",
      "label": "厭惡",
      "response_time": "00:00:16.215",
      "timestamp_unix": 1750679460,
      "timestamp_unix_ms": 1750679460795,
      "timestamp_readable": "2025-06-23 11:51:00.795",
      "normalized_name": "Moe-throws-Barney/Moe-throws-Barney",
      "meme_name": "Moe-throws-Barney",
      "post_id": 4,
      "english_label": "disgust",
      "response_time_ms": 16215
    },
    {
      "image_path": "attention_check/attention_check_Others.png",
      "label": "其他",
      "response_time": "00:00:03.308",
      "timestamp_unix": 1750679464,
      "timestamp_unix_ms": 1750679464216,
      "timestamp_readable": "2025-06-23 11:51:04.216",
      "normalized_name": "attention_check/attention_check_Others.png",
      "meme_name": "attention_check",
      "post_id": null,
      "english_label": "others",
      "response_time_ms": 3308
    },
    {
      "image_path": "Leonardo-Dicaprio-Wolf-Of-Wall-Street/Leonardo-Dicaprio-Wolf-Of-Wall-Street_33.png",
      "label": "輕蔑",
      "response_time": "00:00:07.801",
      "timestamp_unix": 1750679472,
      "timestamp_unix_ms": 1750679472105,
      "timestamp_readable": "2025-06-23 11:51:12.105",
      "normalized_name": "Leonardo-Dicaprio-Wolf-Of-Wall-Street/Leonardo-Dicaprio-Wolf-Of-Wall-Street",
      "meme_name": "Leonardo-Dicaprio-Wolf-Of-Wall-Street",
      "post_id": 33,
      "english_label": "contempt",
      "response_time_ms": 7801
    },
    {
      "image_path": "Nuclear-Explosion/Nuclear-Explosion_22.png",
      "label": "輕蔑",
      "response_time": "00:00:06.113",
      "timestamp_unix": 1750679478,
      "timestamp_unix_ms": 1750679478406,
      "timestamp_readable": "2025-06-23 11:51:18.406",
      "normalized_name": "Nuclear-Explosion/Nuclear-Explosion",
      "meme_name": "Nuclear-Explosion",
      "post_id": 22,
      "english_label": "contempt",
      "response_time_ms": 6113
    },
    {
      "image_path": "Angry-Baby/Angry-Baby_39.png",
      "label": "憤怒",
      "response_time": "00:00:06.512",
      "timestamp_unix": 1750679485,
      "timestamp_unix_ms": 1750679485015,
      "timestamp_readable": "2025-06-23 11:51:25.015",
      "normalized_name": "Angry-Baby/Angry-Baby",
      "meme_name": "Angry-Baby",
      "post_id": 39,
      "english_label": "anger",
      "response_time_ms": 6512
    },
    {
      "image_path": "Archer/Archer_32.png",
      "label": "輕蔑",
      "response_time": "00:00:03.501",
      "timestamp_unix": 1750679488,
      "timestamp_unix_ms": 1750679488595,
      "timestamp_readable": "2025-06-23 11:51:28.595",
      "normalized_name": "Archer/Archer",
      "meme_name": "Archer",
      "post_id": 32,
      "english_label": "contempt",
      "response_time_ms": 3501
    },
    {
      "image_path": "Chill-guy/Chill-guy_46.png",
      "label": "其他",
      "response_time": "00:00:05.105",
      "timestamp_unix": 1750679493,
      "timestamp_unix_ms": 1750679493795,
      "timestamp_readable": "2025-06-23 11:51:33.795",
      "normalized_name": "Chill-guy/Chill-guy",
      "meme_name": "Chill-guy",
      "post_id": 46,
      "english_label": "others",
      "response_time_ms": 5105
    },
    {
      "image_path": "Persian-Cat-Room-Guardian/Persian-Cat-Room-Guardian_35.png",
      "label": "其他",
      "response_time": "00:00:11.005",
      "timestamp_unix": 1750679504,
      "timestamp_unix_ms": 1750679504885,
      "timestamp_readable": "2025-06-23 11:51:44.885",
      "normalized_name": "Persian-Cat-Room-Guardian/Persian-Cat-Room-Guardian",
      "meme_name": "Persian-Cat-Room-Guardian",
      "post_id": 35,
      "english_label": "others",
      "response_time_ms": 11005
    },
    {
      "image_path": "Confused-Gandalf/Confused-Gandalf_49.png",
      "label": "其他",
      "response_time": "00:00:06.214",
      "timestamp_unix": 1750679511,
      "timestamp_unix_ms": 1750679511206,
      "timestamp_readable": "2025-06-23 11:51:51.206",
      "normalized_name": "Confused-Gandalf/Confused-Gandalf",
      "meme_name": "Confused-Gandalf",
      "post_id": 49,
      "english_label": "others",
      "response_time_ms": 6214
    },
    {
      "image_path": "Khan/Khan_29.png",
      "label": "其他",
      "response_time": "00:00:05.114",
      "timestamp_unix": 1750679516,
      "timestamp_unix_ms": 1750679516476,
      "timestamp_readable": "2025-06-23 11:51:56.476",
      "normalized_name": "Khan/Khan",
      "meme_name": "Khan",
      "post_id": 29,
      "english_label": "others",
      "response_time_ms": 5114
    },
    {
      "image_path": "Mocking-Spongebob/Mocking-Spongebob_27.png",
      "label": "輕蔑",
      "response_time": "00:00:04.400",
      "timestamp_unix": 1750679521,
      "timestamp_unix_ms": 1750679521015,
      "timestamp_readable": "2025-06-23 11:52:01.015",
      "normalized_name": "Mocking-Spongebob/Mocking-Spongebob",
      "meme_name": "Mocking-Spongebob",
      "post_id": 27,
      "english_label": "contempt",
      "response_time_ms": 4400
    },
    {
      "image_path": "Gru-Gun/Gru-Gun_44.png",
      "label": "輕蔑",
      "response_time": "00:00:10.201",
      "timestamp_unix": 1750679531,
      "timestamp_unix_ms": 1750679531445,
      "timestamp_readable": "2025-06-23 11:52:11.445",
      "normalized_name": "Gru-Gun/Gru-Gun",
      "meme_name": "Gru-Gun",
      "post_id": 44,
      "english_label": "contempt",
      "response_time_ms": 10201
    },
    {
      "image_path": "Black-guy-hiding-behind-tree/Black-guy-hiding-behind-tree_11.png",
      "label": "其他",
      "response_time": "00:00:03.311",
      "timestamp_unix": 1750679534,
      "timestamp_unix_ms": 1750679534916,
      "timestamp_readable": "2025-06-23 11:52:14.916",
      "normalized_name": "Black-guy-hiding-behind-tree/Black-guy-hiding-behind-tree",
      "meme_name": "Black-guy-hiding-behind-tree",
      "post_id": 11,
      "english_label": "others",
      "response_time_ms": 3311
    },
    {
      "image_path": "Mr-McMahon-reaction/Mr-McMahon-reaction_9.png",
      "label": "其他",
      "response_time": "00:00:04.400",
      "timestamp_unix": 1750679539,
      "timestamp_unix_ms": 1750679539476,
      "timestamp_readable": "2025-06-23 11:52:19.476",
      "normalized_name": "Mr-McMahon-reaction/Mr-McMahon-reaction",
      "meme_name": "Mr-McMahon-reaction",
      "post_id": 9,
      "english_label": "others",
      "response_time_ms": 4400
    },
    {
      "image_path": "Thats-a-paddlin/Thats-a-paddlin_47.png",
      "label": "厭惡",
      "response_time": "00:00:04.807",
      "timestamp_unix": 1750679544,
      "timestamp_unix_ms": 1750679544396,
      "timestamp_readable": "2025-06-23 11:52:24.396",
      "normalized_name": "Thats-a-paddlin/Thats-a-paddlin",
      "meme_name": "Thats-a-paddlin",
      "post_id": 47,
      "english_label": "disgust",
      "response_time_ms": 4807
    },
    {
      "image_path": "Table-Flip-Guy/Table-Flip-Guy_14.png",
      "label": "憤怒",
      "response_time": "00:00:05.502",
      "timestamp_unix": 1750679550,
      "timestamp_unix_ms": 1750679550025,
      "timestamp_readable": "2025-06-23 11:52:30.025",
      "normalized_name": "Table-Flip-Guy/Table-Flip-Guy",
      "meme_name": "Table-Flip-Guy",
      "post_id": 14,
      "english_label": "anger",
      "response_time_ms": 5502
    },
    {
      "image_path": "Smudge-the-cat/Smudge-the-cat_48.png",
      "label": "輕蔑",
      "response_time": "00:00:05.409",
      "timestamp_unix": 1750679555,
      "timestamp_unix_ms": 1750679555536,
      "timestamp_readable": "2025-06-23 11:52:35.536",
      "normalized_name": "Smudge-the-cat/Smudge-the-cat",
      "meme_name": "Smudge-the-cat",
      "post_id": 48,
      "english_label": "contempt",
      "response_time_ms": 5409
    },
    {
      "image_path": "Drake-NoYes/Drake-NoYes_7.png",
      "label": "其他",
      "response_time": "00:00:10.810",
      "timestamp_unix": 1750679566,
      "timestamp_unix_ms": 1750679566485,
      "timestamp_readable": "2025-06-23 11:52:46.485",
      "normalized_name": "Drake-NoYes/Drake-NoYes",
      "meme_name": "Drake-NoYes",
      "post_id": 7,
      "english_label": "others",
      "response_time_ms": 10810
    },
    {
      "image_path": "Picard-Wtf/Picard-Wtf_36.png",
      "label": "其他",
      "response_time": "00:00:06.000",
      "timestamp_unix": 1750679572,
      "timestamp_unix_ms": 1750679572646,
      "timestamp_readable": "2025-06-23 11:52:52.646",
      "normalized_name": "Picard-Wtf/Picard-Wtf",
      "meme_name": "Picard-Wtf",
      "post_id": 36,
      "english_label": "others",
      "response_time_ms": 6000
    },
    {
      "image_path": "Batman-Slapping-Robin/Batman-Slapping-Robin_41.png",
      "label": "其他",
      "response_time": "00:00:04.304",
      "timestamp_unix": 1750679577,
      "timestamp_unix_ms": 1750679577045,
      "timestamp_readable": "2025-06-23 11:52:57.045",
      "normalized_name": "Batman-Slapping-Robin/Batman-Slapping-Robin",
      "meme_name": "Batman-Slapping-Robin",
      "post_id": 41,
      "english_label": "others",
      "response_time_ms": 4304
    },
    {
      "image_path": "Spiderman-Hospital/Spiderman-Hospital_26.png",
      "label": "輕蔑",
      "response_time": "00:00:04.303",
      "timestamp_unix": 1750679581,
      "timestamp_unix_ms": 1750679581464,
      "timestamp_readable": "2025-06-23 11:53:01.464",
      "normalized_name": "Spiderman-Hospital/Spiderman-Hospital",
      "meme_name": "Spiderman-Hospital",
      "post_id": 26,
      "english_label": "contempt",
      "response_time_ms": 4303
    },
    {
      "image_path": "Well-Yes-But-Actually-No/Well-Yes-But-Actually-No_21.png",
      "label": "輕蔑",
      "response_time": "00:00:04.415",
      "timestamp_unix": 1750679585,
      "timestamp_unix_ms": 1750679585966,
      "timestamp_readable": "2025-06-23 11:53:05.966",
      "normalized_name": "Well-Yes-But-Actually-No/Well-Yes-But-Actually-No",
      "meme_name": "Well-Yes-But-Actually-No",
      "post_id": 21,
      "english_label": "contempt",
      "response_time_ms": 4415
    },
    {
      "image_path": "Kevin-Hart/Kevin-Hart_28.png",
      "label": "輕蔑",
      "response_time": "00:00:03.212",
      "timestamp_unix": 1750679589,
      "timestamp_unix_ms": 1750679589306,
      "timestamp_readable": "2025-06-23 11:53:09.306",
      "normalized_name": "Kevin-Hart/Kevin-Hart",
      "meme_name": "Kevin-Hart",
      "post_id": 28,
      "english_label": "contempt",
      "response_time_ms": 3212
    },
    {
      "image_path": "Laughing-wolf/Laughing-wolf_5.png",
      "label": "輕蔑",
      "response_time": "00:00:07.315",
      "timestamp_unix": 1750679596,
      "timestamp_unix_ms": 1750679596745,
      "timestamp_readable": "2025-06-23 11:53:16.745",
      "normalized_name": "Laughing-wolf/Laughing-wolf",
      "meme_name": "Laughing-wolf",
      "post_id": 5,
      "english_label": "contempt",
      "response_time_ms": 7315
    },
    {
      "image_path": "Math-ladyConfused-lady/Math-ladyConfused-lady_20.png",
      "label": "輕蔑",
      "response_time": "00:00:04.305",
      "timestamp_unix": 1750679601,
      "timestamp_unix_ms": 1750679601176,
      "timestamp_readable": "2025-06-23 11:53:21.176",
      "normalized_name": "Math-ladyConfused-lady/Math-ladyConfused-lady",
      "meme_name": "Math-ladyConfused-lady",
      "post_id": 20,
      "english_label": "contempt",
      "response_time_ms": 4305
    },
    {
      "image_path": "Futurama-Fry/Futurama-Fry_1.png",
      "label": "輕蔑",
      "response_time": "00:00:03.502",
      "timestamp_unix": 1750679604,
      "timestamp_unix_ms": 1750679604806,
      "timestamp_readable": "2025-06-23 11:53:24.806",
      "normalized_name": "Futurama-Fry/Futurama-Fry",
      "meme_name": "Futurama-Fry",
      "post_id": 1,
      "english_label": "contempt",
      "response_time_ms": 3502
    },
    {
      "image_path": "attention_check/attention_check_Disgust.png",
      "label": "厭惡",
      "response_time": "00:00:02.904",
      "timestamp_unix": 1750679607,
      "timestamp_unix_ms": 1750679607815,
      "timestamp_readable": "2025-06-23 11:53:27.815",
      "normalized_name": "attention_check/attention_check_Disgust.png",
      "meme_name": "attention_check",
      "post_id": null,
      "english_label": "disgust",
      "response_time_ms": 2904
    },
    {
      "image_path": "Monkey-Puppet/Monkey-Puppet_43.png",
      "label": "輕蔑",
      "response_time": "00:00:07.410",
      "timestamp_unix": 1750679615,
      "timestamp_unix_ms": 1750679615495,
      "timestamp_readable": "2025-06-23 11:53:35.495",
      "normalized_name": "Monkey-Puppet/Monkey-Puppet",
      "meme_name": "Monkey-Puppet",
      "post_id": 43,
      "english_label": "contempt",
      "response_time_ms": 7410
    },
    {
      "image_path": "Ill-Have-You-Know-Spongebob/Ill-Have-You-Know-Spongebob_50.png",
      "label": "其他",
      "response_time": "00:00:05.004",
      "timestamp_unix": 1750679620,
      "timestamp_unix_ms": 1750679620685,
      "timestamp_readable": "2025-06-23 11:53:40.685",
      "normalized_name": "Ill-Have-You-Know-Spongebob/Ill-Have-You-Know-Spongebob",
      "meme_name": "Ill-Have-You-Know-Spongebob",
      "post_id": 50,
      "english_label": "others",
      "response_time_ms": 5004
    },
    {
      "image_path": "Afraid-To-Ask-Andy/Afraid-To-Ask-Andy_40.png",
      "label": "其他",
      "response_time": "00:00:06.212",
      "timestamp_unix": 1750679627,
      "timestamp_unix_ms": 1750679627081,
      "timestamp_readable": "2025-06-23 11:53:47.081",
      "normalized_name": "Afraid-To-Ask-Andy/Afraid-To-Ask-Andy",
      "meme_name": "Afraid-To-Ask-Andy",
      "post_id": 40,
      "english_label": "others",
      "response_time_ms": 6212
    },
    {
      "image_path": "Scooby-doo-mask-reveal/Scooby-doo-mask-reveal_19.png",
      "label": "其他",
      "response_time": "00:00:06.301",
      "timestamp_unix": 1750679633,
      "timestamp_unix_ms": 1750679633619,
      "timestamp_readable": "2025-06-23 11:53:53.619",
      "normalized_name": "Scooby-doo-mask-reveal/Scooby-doo-mask-reveal",
      "meme_name": "Scooby-doo-mask-reveal",
      "post_id": 19,
      "english_label": "others",
      "response_time_ms": 6301
    },
    {
      "image_path": "Mr-incredible-mad/Mr-incredible-mad_25.png",
      "label": "厭惡",
      "response_time": "00:00:07.013",
      "timestamp_unix": 1750679640,
      "timestamp_unix_ms": 1750679640740,
      "timestamp_readable": "2025-06-23 11:54:00.740",
      "normalized_name": "Mr-incredible-mad/Mr-incredible-mad",
      "meme_name": "Mr-incredible-mad",
      "post_id": 25,
      "english_label": "disgust",
      "response_time_ms": 7013
    },
    {
      "image_path": "Put-It-Somewhere-Else-Patrick/Put-It-Somewhere-Else-Patrick_8.png",
      "label": "輕蔑",
      "response_time": "00:00:05.810",
      "timestamp_unix": 1750679646,
      "timestamp_unix_ms": 1750679646717,
      "timestamp_readable": "2025-06-23 11:54:06.717",
      "normalized_name": "Put-It-Somewhere-Else-Patrick/Put-It-Somewhere-Else-Patrick",
      "meme_name": "Put-It-Somewhere-Else-Patrick",
      "post_id": 8,
      "english_label": "contempt",
      "response_time_ms": 5810
    }
  ],
  "session_start_unix": 1750679214,
  "session_status": "completed",
  "last_updated_unix": 1750679732,
  "image_order": [
    "Spiderman-Hospital/Spiderman-Hospital_26.png",
    "Happy--Shock/Happy--Shock_15.png",
    "Chill-guy/Chill-guy_46.png",
    "I-am-once-again-asking/I-am-once-again-asking_30.png",
    "Math-ladyConfused-lady/Math-ladyConfused-lady_20.png",
    "Archer/Archer_32.png",
    "Leonardo-Dicaprio-Wolf-Of-Wall-Street/Leonardo-Dicaprio-Wolf-Of-Wall-Street_33.png",
    "Mocking-Spongebob/Mocking-Spongebob_27.png",
    "Afraid-To-Ask-Andy/Afraid-To-Ask-Andy_40.png",
    "Charlie-Day/Charlie-Day_13.png",
    "Always-Has-Been/Always-Has-Been_34.png",
    "Picard-Wtf/Picard-Wtf_36.png",
    "Batman-Slapping-Robin/Batman-Slapping-Robin_41.png",
    "For-the-better-right-blank/For-the-better-right-blank_3.png",
    "Drake-NoYes/Drake-NoYes_7.png",
    "Laughing-wolf/Laughing-wolf_5.png",
    "DJ-Pauly-D/DJ-Pauly-D_23.png",
    "Always-you-three/Always-you-three_16.png",
    "Disappointed-Man/Disappointed-Man_12.png",
    "Smudge-the-cat/Smudge-the-cat_48.png",
    "attention_check/attention_check_Others.png",
    "Thats-a-paddlin/Thats-a-paddlin_47.png",
    "Hide-the-Pain-Harold/Hide-the-Pain-Harold_6.png",
    "Hold-fart/Hold-fart_24.png",
    "Im-The-Captain-Now/Im-The-Captain-Now_37.png",
    "Obi-Wan-Kenobi/Obi-Wan-Kenobi_18.png",
    "Spongebob-Yelling/Spongebob-Yelling_2.png",
    "Nuclear-Explosion/Nuclear-Explosion_22.png",
    "Dinkleberg/Dinkleberg_45.png",
    "Scooby-doo-mask-reveal/Scooby-doo-mask-reveal_19.png",
    "Disaster-Girl/Disaster-Girl_31.png",
    "Black-guy-hiding-behind-tree/Black-guy-hiding-behind-tree_11.png",
    "You-The-Real-MVP/You-The-Real-MVP_17.png",
    "Moe-throws-Barney/Moe-throws-Barney_4.png",
    "Ill-Have-You-Know-Spongebob/Ill-Have-You-Know-Spongebob_50.png",
    "Futurama-Fry/Futurama-Fry_1.png",
    "Monkey-Puppet/Monkey-Puppet_43.png",
    "Confused-Gandalf/Confused-Gandalf_49.png",
    "Mr-incredible-mad/Mr-incredible-mad_25.png",
    "Dave-chappelle/Dave-chappelle_38.png",
    "Surprised-Pikachu/Surprised-Pikachu_10.png",
    "Table-Flip-Guy/Table-Flip-Guy_14.png",
    "Kevin-Hart/Kevin-Hart_28.png",
    "Well-Yes-But-Actually-No/Well-Yes-But-Actually-No_21.png",
    "Mr-McMahon-reaction/Mr-McMahon-reaction_9.png",
    "attention_check/attention_check_Disgust.png",
    "Gru-Gun/Gru-Gun_44.png",
    "Persian-Cat-Room-Guardian/Persian-Cat-Room-Guardian_35.png",
    "Put-It-Somewhere-Else-Patrick/Put-It-Somewhere-Else-Patrick_8.png",
    "Angry-Baby/Angry-Baby_39.png",
    "Arthur-Fist/Arthur-Fist_42.png",
    "Khan/Khan_29.png"
  ],
  "completion_status": {
    "practice_completed": true,
    "game_started": true,
    "game_completed": true,
    "summary_viewed": true,
    "email_submitted": true
  },
  "timestamps_unix": {
    "registration_completed": 1750679214,
    "practice_started": 1750679214,
    "practice_completed": 1750679295,
    "game_started": 1750679295,
    "first_label": 1750679311,
    "last_label": 1750679646,
    "game_completed": 1750679648,
    "summary_viewed": 1750679648,
    "email_submitted": 1750679732,
    "session_end": 1750679732,
    "last_updated": 1750679732
  },
  "timestamps_unix_ms": {
    "registration_completed_ms": 1750679214185,
    "practice_started_ms": 1750679214250,
    "practice_completed_ms": 1750679295572,
    "game_started_ms": 1750679295578,
    "first_label_ms": 1750679311032,
    "last_label_ms": 1750679646717,
    "game_completed_ms": 1750679648844,
    "summary_viewed_ms": 1750679648851,
    "email_submitted_ms": 1750679732707,
    "session_end_ms": 1750679732707,
    "last_updated_ms": 1750679732707
  },
  "duration_stats_ms": {
    "total_session_duration_ms": 518522,
    "practice_duration_ms": 81322,
    "game_duration_ms": 353266,
    "labeling_duration_ms": 335685,
    "email_submission_duration_ms": 83856
  },
  "filename_updated_unix": 1750679648,
  "original_filename": "user_db68b6",
  "completion_status_in_filename": "email_submitted"
}