{
  "user_id": "user_ceaed8",
  "file_name": "user_ceaed8_1750768459_1750769171_fullycomplete",
  "unix_start_time": 1750768459,
  "unix_start_time_ms": 1750768459359,
  "unix_end_time": 1750769171,
  "unix_end_time_ms": 1750769171083,
  "age": "25-29",
  "gender": "male",
  "user_agent": "Mozilla/5.0 (Windows NT 10.0; Win64; x64) AppleWebKit/537.36 (KHTML, like Gecko) Chrome/137.0.0.0 Safari/537.36",
  "user_ip": "61.231.72.83",
  "status": "complete",
  "email_provided": "complete",
  "attention_passed": false,
  "start_time_readable": "2025-06-24 12:34:19.359",
  "end_time_readable": "2025-06-24 12:46:11.083",
  "total_labels": 52,
  "emotion_summary": {
    "anger": 9,
    "contempt": 17,
    "disgust": 6,
    "others": 20
  },
  "email": "jay14454@gmail.com",
  "participation": "yes",
  "total_responses": 52,
  "responses": [
    {
      "image_path": "Afraid-To-Ask-Andy/Afraid-To-Ask-Andy_12.png",
      "label": "其他",
      "response_time": "00:00:08.701",
      "timestamp_unix": 1750768579,
      "timestamp_unix_ms": 1750768579488,
      "timestamp_readable": "2025-06-24 12:36:19.488",
      "normalized_name": "Afraid-To-Ask-Andy/Afraid-To-Ask-Andy",
      "meme_name": "Afraid-To-Ask-Andy",
      "post_id": 12,
      "english_label": "others",
      "response_time_ms": 8701
    },
    {
      "image_path": "Kevin-Hart/Kevin-Hart_9.png",
      "label": "其他",
      "response_time": "00:00:05.500",
      "timestamp_unix": 1750768585,
      "timestamp_unix_ms": 1750768585072,
      "timestamp_readable": "2025-06-24 12:36:25.072",
      "normalized_name": "Kevin-Hart/Kevin-Hart",
      "meme_name": "Kevin-Hart",
      "post_id": 9,
      "english_label": "others",
      "response_time_ms": 5500
    },
    {
      "image_path": "Table-Flip-Guy/Table-Flip-Guy_27.png",
      "label": "憤怒",
      "response_time": "00:00:04.714",
      "timestamp_unix": 1750768589,
      "timestamp_unix_ms": 1750768589838,
      "timestamp_readable": "2025-06-24 12:36:29.838",
      "normalized_name": "Table-Flip-Guy/Table-Flip-Guy",
      "meme_name": "Table-Flip-Guy",
      "post_id": 27,
      "english_label": "anger",
      "response_time_ms": 4714
    },
    {
      "image_path": "Batman-Slapping-Robin/Batman-Slapping-Robin_4.png",
      "label": "憤怒",
      "response_time": "00:00:10.400",
      "timestamp_unix": 1750768600,
      "timestamp_unix_ms": 1750768600374,
      "timestamp_readable": "2025-06-24 12:36:40.374",
      "normalized_name": "Batman-Slapping-Robin/Batman-Slapping-Robin",
      "meme_name": "Batman-Slapping-Robin",
      "post_id": 4,
      "english_label": "anger",
      "response_time_ms": 10400
    },
    {
      "image_path": "Disappointed-Man/Disappointed-Man_24.png",
      "label": "輕蔑",
      "response_time": "00:00:09.807",
      "timestamp_unix": 1750768610,
      "timestamp_unix_ms": 1750768610255,
      "timestamp_readable": "2025-06-24 12:36:50.255",
      "normalized_name": "Disappointed-Man/Disappointed-Man",
      "meme_name": "Disappointed-Man",
      "post_id": 24,
      "english_label": "contempt",
      "response_time_ms": 9807
    },
    {
      "image_path": "Math-ladyConfused-lady/Math-ladyConfused-lady_11.png",
      "label": "其他",
      "response_time": "00:00:08.202",
      "timestamp_unix": 1750768618,
      "timestamp_unix_ms": 1750768618539,
      "timestamp_readable": "2025-06-24 12:36:58.539",
      "normalized_name": "Math-ladyConfused-lady/Math-ladyConfused-lady",
      "meme_name": "Math-ladyConfused-lady",
      "post_id": 11,
      "english_label": "others",
      "response_time_ms": 8202
    },
    {
      "image_path": "Nuclear-Explosion/Nuclear-Explosion_28.png",
      "label": "憤怒",
      "response_time": "00:00:09.200",
      "timestamp_unix": 1750768627,
      "timestamp_unix_ms": 1750768627805,
      "timestamp_readable": "2025-06-24 12:37:07.805",
      "normalized_name": "Nuclear-Explosion/Nuclear-Explosion",
      "meme_name": "Nuclear-Explosion",
      "post_id": 28,
      "english_label": "anger",
      "response_time_ms": 9200
    },
    {
      "image_path": "Ill-Have-You-Know-Spongebob/Ill-Have-You-Know-Spongebob_7.png",
      "label": "輕蔑",
      "response_time": "00:00:07.807",
      "timestamp_unix": 1750768635,
      "timestamp_unix_ms": 1750768635739,
      "timestamp_readable": "2025-06-24 12:37:15.739",
      "normalized_name": "Ill-Have-You-Know-Spongebob/Ill-Have-You-Know-Spongebob",
      "meme_name": "Ill-Have-You-Know-Spongebob",
      "post_id": 7,
      "english_label": "contempt",
      "response_time_ms": 7807
    },
    {
      "image_path": "Put-It-Somewhere-Else-Patrick/Put-It-Somewhere-Else-Patrick_10.png",
      "label": "其他",
      "response_time": "00:00:14.715",
      "timestamp_unix": 1750768650,
      "timestamp_unix_ms": 1750768650489,
      "timestamp_readable": "2025-06-24 12:37:30.489",
      "normalized_name": "Put-It-Somewhere-Else-Patrick/Put-It-Somewhere-Else-Patrick",
      "meme_name": "Put-It-Somewhere-Else-Patrick",
      "post_id": 10,
      "english_label": "others",
      "response_time_ms": 14715
    },
    {
      "image_path": "Laughing-wolf/Laughing-wolf_33.png",
      "label": "其他",
      "response_time": "00:00:11.916",
      "timestamp_unix": 1750768662,
      "timestamp_unix_ms": 1750768662439,
      "timestamp_readable": "2025-06-24 12:37:42.439",
      "normalized_name": "Laughing-wolf/Laughing-wolf",
      "meme_name": "Laughing-wolf",
      "post_id": 33,
      "english_label": "others",
      "response_time_ms": 11916
    },
    {
      "image_path": "Obi-Wan-Kenobi/Obi-Wan-Kenobi_40.png",
      "label": "其他",
      "response_time": "00:00:11.704",
      "timestamp_unix": 1750768674,
      "timestamp_unix_ms": 1750768674223,
      "timestamp_readable": "2025-06-24 12:37:54.223",
      "normalized_name": "Obi-Wan-Kenobi/Obi-Wan-Kenobi",
      "meme_name": "Obi-Wan-Kenobi",
      "post_id": 40,
      "english_label": "others",
      "response_time_ms": 11704
    },
    {
      "image_path": "Drake-NoYes/Drake-NoYes_18.png",
      "label": "其他",
      "response_time": "00:00:04.507",
      "timestamp_unix": 1750768678,
      "timestamp_unix_ms": 1750768678839,
      "timestamp_readable": "2025-06-24 12:37:58.839",
      "normalized_name": "Drake-NoYes/Drake-NoYes",
      "meme_name": "Drake-NoYes",
      "post_id": 18,
      "english_label": "others",
      "response_time_ms": 4507
    },
    {
      "image_path": "You-The-Real-MVP/You-The-Real-MVP_17.png",
      "label": "其他",
      "response_time": "00:00:10.504",
      "timestamp_unix": 1750768689,
      "timestamp_unix_ms": 1750768689423,
      "timestamp_readable": "2025-06-24 12:38:09.423",
      "normalized_name": "You-The-Real-MVP/You-The-Real-MVP",
      "meme_name": "You-The-Real-MVP",
      "post_id": 17,
      "english_label": "others",
      "response_time_ms": 10504
    },
    {
      "image_path": "Dinkleberg/Dinkleberg_36.png",
      "label": "輕蔑",
      "response_time": "00:00:12.314",
      "timestamp_unix": 1750768701,
      "timestamp_unix_ms": 1750768701807,
      "timestamp_readable": "2025-06-24 12:38:21.807",
      "normalized_name": "Dinkleberg/Dinkleberg",
      "meme_name": "Dinkleberg",
      "post_id": 36,
      "english_label": "contempt",
      "response_time_ms": 12314
    },
    {
      "image_path": "Hold-fart/Hold-fart_22.png",
      "label": "輕蔑",
      "response_time": "00:00:08.908",
      "timestamp_unix": 1750768710,
      "timestamp_unix_ms": 1750768710823,
      "timestamp_readable": "2025-06-24 12:38:30.823",
      "normalized_name": "Hold-fart/Hold-fart",
      "meme_name": "Hold-fart",
      "post_id": 22,
      "english_label": "contempt",
      "response_time_ms": 8908
    },
    {
      "image_path": "Disaster-Girl/Disaster-Girl_1.png",
      "label": "厭惡",
      "response_time": "00:00:11.108",
      "timestamp_unix": 1750768722,
      "timestamp_unix_ms": 1750768722006,
      "timestamp_readable": "2025-06-24 12:38:42.006",
      "normalized_name": "Disaster-Girl/Disaster-Girl",
      "meme_name": "Disaster-Girl",
      "post_id": 1,
      "english_label": "disgust",
      "response_time_ms": 11108
    },
    {
      "image_path": "Charlie-Day/Charlie-Day_8.png",
      "label": "輕蔑",
      "response_time": "00:00:17.000",
      "timestamp_unix": 1750768739,
      "timestamp_unix_ms": 1750768739139,
      "timestamp_readable": "2025-06-24 12:38:59.139",
      "normalized_name": "Charlie-Day/Charlie-Day",
      "meme_name": "Charlie-Day",
      "post_id": 8,
      "english_label": "contempt",
      "response_time_ms": 17000
    },
    {
      "image_path": "Mr-incredible-mad/Mr-incredible-mad_32.png",
      "label": "其他",
      "response_time": "00:00:23.100",
      "timestamp_unix": 1750768762,
      "timestamp_unix_ms": 1750768762357,
      "timestamp_readable": "2025-06-24 12:39:22.357",
      "normalized_name": "Mr-incredible-mad/Mr-incredible-mad",
      "meme_name": "Mr-incredible-mad",
      "post_id": 32,
      "english_label": "others",
      "response_time_ms": 23100
    },
    {
      "image_path": "Confused-Gandalf/Confused-Gandalf_50.png",
      "label": "輕蔑",
      "response_time": "00:00:12.413",
      "timestamp_unix": 1750768774,
      "timestamp_unix_ms": 1750768774806,
      "timestamp_readable": "2025-06-24 12:39:34.806",
      "normalized_name": "Confused-Gandalf/Confused-Gandalf",
      "meme_name": "Confused-Gandalf",
      "post_id": 50,
      "english_label": "contempt",
      "response_time_ms": 12413
    },
    {
      "image_path": "Happy--Shock/Happy--Shock_45.png",
      "label": "輕蔑",
      "response_time": "00:00:12.110",
      "timestamp_unix": 1750768787,
      "timestamp_unix_ms": 1750768787006,
      "timestamp_readable": "2025-06-24 12:39:47.006",
      "normalized_name": "Happy--Shock/Happy--Shock",
      "meme_name": "Happy--Shock",
      "post_id": 45,
      "english_label": "contempt",
      "response_time_ms": 12110
    },
    {
      "image_path": "Chill-guy/Chill-guy_6.png",
      "label": "其他",
      "response_time": "00:00:06.316",
      "timestamp_unix": 1750768793,
      "timestamp_unix_ms": 1750768793357,
      "timestamp_readable": "2025-06-24 12:39:53.357",
      "normalized_name": "Chill-guy/Chill-guy",
      "meme_name": "Chill-guy",
      "post_id": 6,
      "english_label": "others",
      "response_time_ms": 6316
    },
    {
      "image_path": "Surprised-Pikachu/Surprised-Pikachu_15.png",
      "label": "其他",
      "response_time": "00:00:46.705",
      "timestamp_unix": 1750768840,
      "timestamp_unix_ms": 1750768840192,
      "timestamp_readable": "2025-06-24 12:40:40.192",
      "normalized_name": "Surprised-Pikachu/Surprised-Pikachu",
      "meme_name": "Surprised-Pikachu",
      "post_id": 15,
      "english_label": "others",
      "response_time_ms": 46705
    },
    {
      "image_path": "Always-Has-Been/Always-Has-Been_35.png",
      "label": "輕蔑",
      "response_time": "00:00:16.512",
      "timestamp_unix": 1750768856,
      "timestamp_unix_ms": 1750768856745,
      "timestamp_readable": "2025-06-24 12:40:56.745",
      "normalized_name": "Always-Has-Been/Always-Has-Been",
      "meme_name": "Always-Has-Been",
      "post_id": 35,
      "english_label": "contempt",
      "response_time_ms": 16512
    },
    {
      "image_path": "attention_check/attention_check_Others.png",
      "label": "輕蔑",
      "response_time": "00:00:05.008",
      "timestamp_unix": 1750768861,
      "timestamp_unix_ms": 1750768861873,
      "timestamp_readable": "2025-06-24 12:41:01.873",
      "normalized_name": "attention_check/attention_check_Others.png",
      "meme_name": "attention_check",
      "post_id": null,
      "english_label": "contempt",
      "response_time_ms": 5008
    },
    {
      "image_path": "Khan/Khan_19.png",
      "label": "憤怒",
      "response_time": "00:00:20.105",
      "timestamp_unix": 1750768882,
      "timestamp_unix_ms": 1750768882056,
      "timestamp_readable": "2025-06-24 12:41:22.056",
      "normalized_name": "Khan/Khan",
      "meme_name": "Khan",
      "post_id": 19,
      "english_label": "anger",
      "response_time_ms": 20105
    },
    {
      "image_path": "Spongebob-Yelling/Spongebob-Yelling_26.png",
      "label": "憤怒",
      "response_time": "00:00:02.702",
      "timestamp_unix": 1750768884,
      "timestamp_unix_ms": 1750768884806,
      "timestamp_readable": "2025-06-24 12:41:24.806",
      "normalized_name": "Spongebob-Yelling/Spongebob-Yelling",
      "meme_name": "Spongebob-Yelling",
      "post_id": 26,
      "english_label": "anger",
      "response_time_ms": 2702
    },
    {
      "image_path": "Dave-chappelle/Dave-chappelle_23.png",
      "label": "其他",
      "response_time": "00:00:06.201",
      "timestamp_unix": 1750768891,
      "timestamp_unix_ms": 1750768891123,
      "timestamp_readable": "2025-06-24 12:41:31.123",
      "normalized_name": "Dave-chappelle/Dave-chappelle",
      "meme_name": "Dave-chappelle",
      "post_id": 23,
      "english_label": "others",
      "response_time_ms": 6201
    },
    {
      "image_path": "For-the-better-right-blank/For-the-better-right-blank_47.png",
      "label": "厭惡",
      "response_time": "00:00:20.001",
      "timestamp_unix": 1750768911,
      "timestamp_unix_ms": 1750768911207,
      "timestamp_readable": "2025-06-24 12:41:51.207",
      "normalized_name": "For-the-better-right-blank/For-the-better-right-blank",
      "meme_name": "For-the-better-right-blank",
      "post_id": 47,
      "english_label": "disgust",
      "response_time_ms": 20001
    },
    {
      "image_path": "Arthur-Fist/Arthur-Fist_13.png",
      "label": "憤怒",
      "response_time": "00:00:03.011",
      "timestamp_unix": 1750768914,
      "timestamp_unix_ms": 1750768914340,
      "timestamp_readable": "2025-06-24 12:41:54.340",
      "normalized_name": "Arthur-Fist/Arthur-Fist",
      "meme_name": "Arthur-Fist",
      "post_id": 13,
      "english_label": "anger",
      "response_time_ms": 3011
    },
    {
      "image_path": "Hide-the-Pain-Harold/Hide-the-Pain-Harold_16.png",
      "label": "輕蔑",
      "response_time": "00:00:06.313",
      "timestamp_unix": 1750768920,
      "timestamp_unix_ms": 1750768920757,
      "timestamp_readable": "2025-06-24 12:42:00.757",
      "normalized_name": "Hide-the-Pain-Harold/Hide-the-Pain-Harold",
      "meme_name": "Hide-the-Pain-Harold",
      "post_id": 16,
      "english_label": "contempt",
      "response_time_ms": 6313
    },
    {
      "image_path": "Well-Yes-But-Actually-No/Well-Yes-But-Actually-No_5.png",
      "label": "其他",
      "response_time": "00:00:29.503",
      "timestamp_unix": 1750768950,
      "timestamp_unix_ms": 1750768950340,
      "timestamp_readable": "2025-06-24 12:42:30.340",
      "normalized_name": "Well-Yes-But-Actually-No/Well-Yes-But-Actually-No",
      "meme_name": "Well-Yes-But-Actually-No",
      "post_id": 5,
      "english_label": "others",
      "response_time_ms": 29503
    },
    {
      "image_path": "Futurama-Fry/Futurama-Fry_20.png",
      "label": "輕蔑",
      "response_time": "00:00:05.202",
      "timestamp_unix": 1750768955,
      "timestamp_unix_ms": 1750768955624,
      "timestamp_readable": "2025-06-24 12:42:35.624",
      "normalized_name": "Futurama-Fry/Futurama-Fry",
      "meme_name": "Futurama-Fry",
      "post_id": 20,
      "english_label": "contempt",
      "response_time_ms": 5202
    },
    {
      "image_path": "Mr-McMahon-reaction/Mr-McMahon-reaction_34.png",
      "label": "其他",
      "response_time": "00:00:04.305",
      "timestamp_unix": 1750768960,
      "timestamp_unix_ms": 1750768960056,
      "timestamp_readable": "2025-06-24 12:42:40.056",
      "normalized_name": "Mr-McMahon-reaction/Mr-McMahon-reaction",
      "meme_name": "Mr-McMahon-reaction",
      "post_id": 34,
      "english_label": "others",
      "response_time_ms": 4305
    },
    {
      "image_path": "Angry-Baby/Angry-Baby_2.png",
      "label": "憤怒",
      "response_time": "00:00:03.401",
      "timestamp_unix": 1750768963,
      "timestamp_unix_ms": 1750768963594,
      "timestamp_readable": "2025-06-24 12:42:43.594",
      "normalized_name": "Angry-Baby/Angry-Baby",
      "meme_name": "Angry-Baby",
      "post_id": 2,
      "english_label": "anger",
      "response_time_ms": 3401
    },
    {
      "image_path": "Im-The-Captain-Now/Im-The-Captain-Now_44.png",
      "label": "厭惡",
      "response_time": "00:00:07.307",
      "timestamp_unix": 1750768971,
      "timestamp_unix_ms": 1750768971006,
      "timestamp_readable": "2025-06-24 12:42:51.006",
      "normalized_name": "Im-The-Captain-Now/Im-The-Captain-Now",
      "meme_name": "Im-The-Captain-Now",
      "post_id": 44,
      "english_label": "disgust",
      "response_time_ms": 7307
    },
    {
      "image_path": "I-am-once-again-asking/I-am-once-again-asking_41.png",
      "label": "其他",
      "response_time": "00:00:05.612",
      "timestamp_unix": 1750768976,
      "timestamp_unix_ms": 1750768976740,
      "timestamp_readable": "2025-06-24 12:42:56.740",
      "normalized_name": "I-am-once-again-asking/I-am-once-again-asking",
      "meme_name": "I-am-once-again-asking",
      "post_id": 41,
      "english_label": "others",
      "response_time_ms": 5612
    },
    {
      "image_path": "Spiderman-Hospital/Spiderman-Hospital_49.png",
      "label": "厭惡",
      "response_time": "00:00:04.905",
      "timestamp_unix": 1750768981,
      "timestamp_unix_ms": 1750768981740,
      "timestamp_readable": "2025-06-24 12:43:01.740",
      "normalized_name": "Spiderman-Hospital/Spiderman-Hospital",
      "meme_name": "Spiderman-Hospital",
      "post_id": 49,
      "english_label": "disgust",
      "response_time_ms": 4905
    },
    {
      "image_path": "Mocking-Spongebob/Mocking-Spongebob_39.png",
      "label": "厭惡",
      "response_time": "00:00:05.411",
      "timestamp_unix": 1750768987,
      "timestamp_unix_ms": 1750768987224,
      "timestamp_readable": "2025-06-24 12:43:07.224",
      "normalized_name": "Mocking-Spongebob/Mocking-Spongebob",
      "meme_name": "Mocking-Spongebob",
      "post_id": 39,
      "english_label": "disgust",
      "response_time_ms": 5411
    },
    {
      "image_path": "Gru-Gun/Gru-Gun_43.png",
      "label": "輕蔑",
      "response_time": "00:00:05.413",
      "timestamp_unix": 1750768992,
      "timestamp_unix_ms": 1750768992673,
      "timestamp_readable": "2025-06-24 12:43:12.673",
      "normalized_name": "Gru-Gun/Gru-Gun",
      "meme_name": "Gru-Gun",
      "post_id": 43,
      "english_label": "contempt",
      "response_time_ms": 5413
    },
    {
      "image_path": "Smudge-the-cat/Smudge-the-cat_25.png",
      "label": "憤怒",
      "response_time": "00:00:27.503",
      "timestamp_unix": 1750769020,
      "timestamp_unix_ms": 1750769020259,
      "timestamp_readable": "2025-06-24 12:43:40.259",
      "normalized_name": "Smudge-the-cat/Smudge-the-cat",
      "meme_name": "Smudge-the-cat",
      "post_id": 25,
      "english_label": "anger",
      "response_time_ms": 27503
    },
    {
      "image_path": "Picard-Wtf/Picard-Wtf_31.png",
      "label": "其他",
      "response_time": "00:00:08.006",
      "timestamp_unix": 1750769028,
      "timestamp_unix_ms": 1750769028358,
      "timestamp_readable": "2025-06-24 12:43:48.358",
      "normalized_name": "Picard-Wtf/Picard-Wtf",
      "meme_name": "Picard-Wtf",
      "post_id": 31,
      "english_label": "others",
      "response_time_ms": 8006
    },
    {
      "image_path": "Leonardo-Dicaprio-Wolf-Of-Wall-Street/Leonardo-Dicaprio-Wolf-Of-Wall-Street_21.png",
      "label": "輕蔑",
      "response_time": "00:00:06.109",
      "timestamp_unix": 1750769034,
      "timestamp_unix_ms": 1750769034610,
      "timestamp_readable": "2025-06-24 12:43:54.610",
      "normalized_name": "Leonardo-Dicaprio-Wolf-Of-Wall-Street/Leonardo-Dicaprio-Wolf-Of-Wall-Street",
      "meme_name": "Leonardo-Dicaprio-Wolf-Of-Wall-Street",
      "post_id": 21,
      "english_label": "contempt",
      "response_time_ms": 6109
    },
    {
      "image_path": "Black-guy-hiding-behind-tree/Black-guy-hiding-behind-tree_37.png",
      "label": "厭惡",
      "response_time": "00:00:06.200",
      "timestamp_unix": 1750769040,
      "timestamp_unix_ms": 1750769040891,
      "timestamp_readable": "2025-06-24 12:44:00.891",
      "normalized_name": "Black-guy-hiding-behind-tree/Black-guy-hiding-behind-tree",
      "meme_name": "Black-guy-hiding-behind-tree",
      "post_id": 37,
      "english_label": "disgust",
      "response_time_ms": 6200
    },
    {
      "image_path": "DJ-Pauly-D/DJ-Pauly-D_46.png",
      "label": "憤怒",
      "response_time": "00:00:01.811",
      "timestamp_unix": 1750769042,
      "timestamp_unix_ms": 1750769042757,
      "timestamp_readable": "2025-06-24 12:44:02.757",
      "normalized_name": "DJ-Pauly-D/DJ-Pauly-D",
      "meme_name": "DJ-Pauly-D",
      "post_id": 46,
      "english_label": "anger",
      "response_time_ms": 1811
    },
    {
      "image_path": "Always-you-three/Always-you-three_30.png",
      "label": "輕蔑",
      "response_time": "00:00:35.915",
      "timestamp_unix": 1750769078,
      "timestamp_unix_ms": 1750769078758,
      "timestamp_readable": "2025-06-24 12:44:38.758",
      "normalized_name": "Always-you-three/Always-you-three",
      "meme_name": "Always-you-three",
      "post_id": 30,
      "english_label": "contempt",
      "response_time_ms": 35915
    },
    {
      "image_path": "Thats-a-paddlin/Thats-a-paddlin_42.png",
      "label": "輕蔑",
      "response_time": "00:00:10.304",
      "timestamp_unix": 1750769089,
      "timestamp_unix_ms": 1750769089158,
      "timestamp_readable": "2025-06-24 12:44:49.158",
      "normalized_name": "Thats-a-paddlin/Thats-a-paddlin",
      "meme_name": "Thats-a-paddlin",
      "post_id": 42,
      "english_label": "contempt",
      "response_time_ms": 10304
    },
    {
      "image_path": "attention_check/attention_check_Anger.png",
      "label": "輕蔑",
      "response_time": "00:00:01.807",
      "timestamp_unix": 1750769091,
      "timestamp_unix_ms": 1750769091090,
      "timestamp_readable": "2025-06-24 12:44:51.090",
      "normalized_name": "attention_check/attention_check_Anger.png",
      "meme_name": "attention_check",
      "post_id": null,
      "english_label": "contempt",
      "response_time_ms": 1807
    },
    {
      "image_path": "Monkey-Puppet/Monkey-Puppet_29.png",
      "label": "輕蔑",
      "response_time": "00:00:06.415",
      "timestamp_unix": 1750769097,
      "timestamp_unix_ms": 1750769097624,
      "timestamp_readable": "2025-06-24 12:44:57.624",
      "normalized_name": "Monkey-Puppet/Monkey-Puppet",
      "meme_name": "Monkey-Puppet",
      "post_id": 29,
      "english_label": "contempt",
      "response_time_ms": 6415
    },
    {
      "image_path": "Persian-Cat-Room-Guardian/Persian-Cat-Room-Guardian_48.png",
      "label": "其他",
      "response_time": "00:00:05.806",
      "timestamp_unix": 1750769103,
      "timestamp_unix_ms": 1750769103474,
      "timestamp_readable": "2025-06-24 12:45:03.474",
      "normalized_name": "Persian-Cat-Room-Guardian/Persian-Cat-Room-Guardian",
      "meme_name": "Persian-Cat-Room-Guardian",
      "post_id": 48,
      "english_label": "others",
      "response_time_ms": 5806
    },
    {
      "image_path": "Scooby-doo-mask-reveal/Scooby-doo-mask-reveal_38.png",
      "label": "其他",
      "response_time": "00:00:07.506",
      "timestamp_unix": 1750769111,
      "timestamp_unix_ms": 1750769111057,
      "timestamp_readable": "2025-06-24 12:45:11.057",
      "normalized_name": "Scooby-doo-mask-reveal/Scooby-doo-mask-reveal",
      "meme_name": "Scooby-doo-mask-reveal",
      "post_id": 38,
      "english_label": "others",
      "response_time_ms": 7506
    },
    {
      "image_path": "Archer/Archer_14.png",
      "label": "其他",
      "response_time": "00:00:05.904",
      "timestamp_unix": 1750769117,
      "timestamp_unix_ms": 1750769117007,
      "timestamp_readable": "2025-06-24 12:45:17.007",
      "normalized_name": "Archer/Archer",
      "meme_name": "Archer",
      "post_id": 14,
      "english_label": "others",
      "response_time_ms": 5904
    },
    {
      "image_path": "Moe-throws-Barney/Moe-throws-Barney_3.png",
      "label": "其他",
      "response_time": "00:00:18.907",
      "timestamp_unix": 1750769136,
      "timestamp_unix_ms": 1750769136024,
      "timestamp_readable": "2025-06-24 12:45:36.024",
      "normalized_name": "Moe-throws-Barney/Moe-throws-Barney",
      "meme_name": "Moe-throws-Barney",
      "post_id": 3,
      "english_label": "others",
      "response_time_ms": 18907
    }
  ],
  "session_start_unix": 1750768459,
  "session_status": "completed",
  "last_updated_unix": 1750769171,
  "image_order": [
    "Spiderman-Hospital/Spiderman-Hospital_49.png",
    "Happy--Shock/Happy--Shock_45.png",
    "Chill-guy/Chill-guy_6.png",
    "I-am-once-again-asking/I-am-once-again-asking_41.png",
    "Math-ladyConfused-lady/Math-ladyConfused-lady_11.png",
    "Archer/Archer_14.png",
    "Leonardo-Dicaprio-Wolf-Of-Wall-Street/Leonardo-Dicaprio-Wolf-Of-Wall-Street_21.png",
    "Mocking-Spongebob/Mocking-Spongebob_39.png",
    "Afraid-To-Ask-Andy/Afraid-To-Ask-Andy_12.png",
    "Charlie-Day/Charlie-Day_8.png",
    "Always-Has-Been/Always-Has-Been_35.png",
    "Picard-Wtf/Picard-Wtf_31.png",
    "Batman-Slapping-Robin/Batman-Slapping-Robin_4.png",
    "For-the-better-right-blank/For-the-better-right-blank_47.png",
    "Drake-NoYes/Drake-NoYes_18.png",
    "Laughing-wolf/Laughing-wolf_33.png",
    "DJ-Pauly-D/DJ-Pauly-D_46.png",
    "Always-you-three/Always-you-three_30.png",
    "Disappointed-Man/Disappointed-Man_24.png",
    "Smudge-the-cat/Smudge-the-cat_25.png",
    "Thats-a-paddlin/Thats-a-paddlin_42.png",
    "Hide-the-Pain-Harold/Hide-the-Pain-Harold_16.png",
    "Hold-fart/Hold-fart_22.png",
    "attention_check/attention_check_Others.png",
    "Im-The-Captain-Now/Im-The-Captain-Now_44.png",
    "Obi-Wan-Kenobi/Obi-Wan-Kenobi_40.png",
    "Spongebob-Yelling/Spongebob-Yelling_26.png",
    "Nuclear-Explosion/Nuclear-Explosion_28.png",
    "Dinkleberg/Dinkleberg_36.png",
    "Scooby-doo-mask-reveal/Scooby-doo-mask-reveal_38.png",
    "Disaster-Girl/Disaster-Girl_1.png",
    "Black-guy-hiding-behind-tree/Black-guy-hiding-behind-tree_37.png",
    "You-The-Real-MVP/You-The-Real-MVP_17.png",
    "Moe-throws-Barney/Moe-throws-Barney_3.png",
    "Ill-Have-You-Know-Spongebob/Ill-Have-You-Know-Spongebob_7.png",
    "Futurama-Fry/Futurama-Fry_20.png",
    "Monkey-Puppet/Monkey-Puppet_29.png",
    "Confused-Gandalf/Confused-Gandalf_50.png",
    "Mr-incredible-mad/Mr-incredible-mad_32.png",
    "Dave-chappelle/Dave-chappelle_23.png",
    "Surprised-Pikachu/Surprised-Pikachu_15.png",
    "Table-Flip-Guy/Table-Flip-Guy_27.png",
    "Kevin-Hart/Kevin-Hart_9.png",
    "Well-Yes-But-Actually-No/Well-Yes-But-Actually-No_5.png",
    "Mr-McMahon-reaction/Mr-McMahon-reaction_34.png",
    "Gru-Gun/Gru-Gun_43.png",
    "attention_check/attention_check_Anger.png",
    "Persian-Cat-Room-Guardian/Persian-Cat-Room-Guardian_48.png",
    "Put-It-Somewhere-Else-Patrick/Put-It-Somewhere-Else-Patrick_10.png",
    "Angry-Baby/Angry-Baby_2.png",
    "Arthur-Fist/Arthur-Fist_13.png",
    "Khan/Khan_19.png"
  ],
  "completion_status": {
    "practice_completed": true,
    "game_started": true,
    "game_completed": true,
    "summary_viewed": true,
    "email_submitted": true
  },
  "timestamps_unix": {
    "registration_completed": 1750768459,
    "practice_started": 1750768459,
    "practice_completed": 1750768570,
    "game_started": 1750768570,
    "first_label": 1750768579,
    "last_label": 1750769136,
    "game_completed": 1750769137,
    "summary_viewed": 1750769137,
    "email_submitted": 1750769171,
    "session_end": 1750769171,
    "last_updated": 1750769171
  },
  "timestamps_unix_ms": {
    "registration_completed_ms": 1750768459359,
    "practice_started_ms": 1750768459397,
    "practice_completed_ms": 1750768570653,
    "game_started_ms": 1750768570674,
    "first_label_ms": 1750768579488,
    "last_label_ms": 1750769136024,
    "game_completed_ms": 1750769137877,
    "summary_viewed_ms": 1750769137899,
    "email_submitted_ms": 1750769171061,
    "session_end_ms": 1750769171061,
    "last_updated_ms": 1750769171061
  },
  "duration_stats_ms": {
    "total_session_duration_ms": 711702,
    "practice_duration_ms": 111256,
    "game_duration_ms": 567203,
    "labeling_duration_ms": 556536,
    "email_submission_duration_ms": 33162
  },
  "filename_updated_unix": 1750769137,
  "original_filename": "user_ceaed8",
  "completion_status_in_filename": "email_submitted"
}