{
  "user_id": "user_d5b92f",
  "file_name": "user_d5b92f_1750679400_1750679915_fullycomplete",
  "unix_start_time": 1750679400,
  "unix_start_time_ms": 1750679400542,
  "unix_end_time": 1750679915,
  "unix_end_time_ms": 1750679915828,
  "age": "35-39",
  "gender": "male",
  "user_agent": "Mozilla/5.0 (Windows NT 10.0; Win64; x64) AppleWebKit/537.36 (KHTML, like Gecko) Chrome/137.0.0.0 Safari/537.36",
  "user_ip": "49.158.169.23",
  "status": "complete",
  "email_provided": "complete",
  "attention_passed": true,
  "start_time_readable": "2025-06-23 11:50:00.542",
  "end_time_readable": "2025-06-23 11:58:35.828",
  "total_labels": 52,
  "emotion_summary": {
    "anger": 3,
    "contempt": 32,
    "disgust": 1,
    "others": 16
  },
  "email": "geniusturtle6174@gamil.com",
  "participation": "yes",
  "total_responses": 52,
  "responses": [
    {
      "image_path": "Futurama-Fry/Futurama-Fry_48.png",
      "label": "輕蔑",
      "response_time": "00:00:11.102",
      "timestamp_unix": 1750679457,
      "timestamp_unix_ms": 1750679457460,
      "timestamp_readable": "2025-06-23 11:50:57.460",
      "normalized_name": "Futurama-Fry/Futurama-Fry",
      "meme_name": "Futurama-Fry",
      "post_id": 48,
      "english_label": "contempt",
      "response_time_ms": 11102
    },
    {
      "image_path": "Mr-McMahon-reaction/Mr-McMahon-reaction_17.png",
      "label": "輕蔑",
      "response_time": "00:00:13.109",
      "timestamp_unix": 1750679470,
      "timestamp_unix_ms": 1750679470682,
      "timestamp_readable": "2025-06-23 11:51:10.682",
      "normalized_name": "Mr-McMahon-reaction/Mr-McMahon-reaction",
      "meme_name": "Mr-McMahon-reaction",
      "post_id": 17,
      "english_label": "contempt",
      "response_time_ms": 13109
    },
    {
      "image_path": "Well-Yes-But-Actually-No/Well-Yes-But-Actually-No_42.png",
      "label": "輕蔑",
      "response_time": "00:00:11.202",
      "timestamp_unix": 1750679482,
      "timestamp_unix_ms": 1750679482030,
      "timestamp_readable": "2025-06-23 11:51:22.030",
      "normalized_name": "Well-Yes-But-Actually-No/Well-Yes-But-Actually-No",
      "meme_name": "Well-Yes-But-Actually-No",
      "post_id": 42,
      "english_label": "contempt",
      "response_time_ms": 11202
    },
    {
      "image_path": "Smudge-the-cat/Smudge-the-cat_33.png",
      "label": "其他",
      "response_time": "00:00:08.101",
      "timestamp_unix": 1750679490,
      "timestamp_unix_ms": 1750679490274,
      "timestamp_readable": "2025-06-23 11:51:30.274",
      "normalized_name": "Smudge-the-cat/Smudge-the-cat",
      "meme_name": "Smudge-the-cat",
      "post_id": 33,
      "english_label": "others",
      "response_time_ms": 8101
    },
    {
      "image_path": "Dave-chappelle/Dave-chappelle_8.png",
      "label": "輕蔑",
      "response_time": "00:00:08.704",
      "timestamp_unix": 1750679499,
      "timestamp_unix_ms": 1750679499093,
      "timestamp_readable": "2025-06-23 11:51:39.093",
      "normalized_name": "Dave-chappelle/Dave-chappelle",
      "meme_name": "Dave-chappelle",
      "post_id": 8,
      "english_label": "contempt",
      "response_time_ms": 8704
    },
    {
      "image_path": "Picard-Wtf/Picard-Wtf_32.png",
      "label": "輕蔑",
      "response_time": "00:00:07.506",
      "timestamp_unix": 1750679506,
      "timestamp_unix_ms": 1750679506712,
      "timestamp_readable": "2025-06-23 11:51:46.712",
      "normalized_name": "Picard-Wtf/Picard-Wtf",
      "meme_name": "Picard-Wtf",
      "post_id": 32,
      "english_label": "contempt",
      "response_time_ms": 7506
    },
    {
      "image_path": "I-am-once-again-asking/I-am-once-again-asking_22.png",
      "label": "輕蔑",
      "response_time": "00:00:08.204",
      "timestamp_unix": 1750679515,
      "timestamp_unix_ms": 1750679515064,
      "timestamp_readable": "2025-06-23 11:51:55.064",
      "normalized_name": "I-am-once-again-asking/I-am-once-again-asking",
      "meme_name": "I-am-once-again-asking",
      "post_id": 22,
      "english_label": "contempt",
      "response_time_ms": 8204
    },
    {
      "image_path": "Khan/Khan_10.png",
      "label": "輕蔑",
      "response_time": "00:00:03.600",
      "timestamp_unix": 1750679518,
      "timestamp_unix_ms": 1750679518754,
      "timestamp_readable": "2025-06-23 11:51:58.754",
      "normalized_name": "Khan/Khan",
      "meme_name": "Khan",
      "post_id": 10,
      "english_label": "contempt",
      "response_time_ms": 3600
    },
    {
      "image_path": "Persian-Cat-Room-Guardian/Persian-Cat-Room-Guardian_21.png",
      "label": "輕蔑",
      "response_time": "00:00:05.609",
      "timestamp_unix": 1750679524,
      "timestamp_unix_ms": 1750679524452,
      "timestamp_readable": "2025-06-23 11:52:04.452",
      "normalized_name": "Persian-Cat-Room-Guardian/Persian-Cat-Room-Guardian",
      "meme_name": "Persian-Cat-Room-Guardian",
      "post_id": 21,
      "english_label": "contempt",
      "response_time_ms": 5609
    },
    {
      "image_path": "Put-It-Somewhere-Else-Patrick/Put-It-Somewhere-Else-Patrick_27.png",
      "label": "輕蔑",
      "response_time": "00:00:09.009",
      "timestamp_unix": 1750679533,
      "timestamp_unix_ms": 1750679533585,
      "timestamp_readable": "2025-06-23 11:52:13.585",
      "normalized_name": "Put-It-Somewhere-Else-Patrick/Put-It-Somewhere-Else-Patrick",
      "meme_name": "Put-It-Somewhere-Else-Patrick",
      "post_id": 27,
      "english_label": "contempt",
      "response_time_ms": 9009
    },
    {
      "image_path": "Nuclear-Explosion/Nuclear-Explosion_11.png",
      "label": "憤怒",
      "response_time": "00:00:07.311",
      "timestamp_unix": 1750679541,
      "timestamp_unix_ms": 1750679541028,
      "timestamp_readable": "2025-06-23 11:52:21.028",
      "normalized_name": "Nuclear-Explosion/Nuclear-Explosion",
      "meme_name": "Nuclear-Explosion",
      "post_id": 11,
      "english_label": "anger",
      "response_time_ms": 7311
    },
    {
      "image_path": "Disaster-Girl/Disaster-Girl_2.png",
      "label": "輕蔑",
      "response_time": "00:00:05.812",
      "timestamp_unix": 1750679546,
      "timestamp_unix_ms": 1750679546968,
      "timestamp_readable": "2025-06-23 11:52:26.968",
      "normalized_name": "Disaster-Girl/Disaster-Girl",
      "meme_name": "Disaster-Girl",
      "post_id": 2,
      "english_label": "contempt",
      "response_time_ms": 5812
    },
    {
      "image_path": "Archer/Archer_30.png",
      "label": "其他",
      "response_time": "00:00:06.210",
      "timestamp_unix": 1750679553,
      "timestamp_unix_ms": 1750679553317,
      "timestamp_readable": "2025-06-23 11:52:33.317",
      "normalized_name": "Archer/Archer",
      "meme_name": "Archer",
      "post_id": 30,
      "english_label": "others",
      "response_time_ms": 6210
    },
    {
      "image_path": "Batman-Slapping-Robin/Batman-Slapping-Robin_45.png",
      "label": "輕蔑",
      "response_time": "00:00:06.010",
      "timestamp_unix": 1750679559,
      "timestamp_unix_ms": 1750679559428,
      "timestamp_readable": "2025-06-23 11:52:39.428",
      "normalized_name": "Batman-Slapping-Robin/Batman-Slapping-Robin",
      "meme_name": "Batman-Slapping-Robin",
      "post_id": 45,
      "english_label": "contempt",
      "response_time_ms": 6010
    },
    {
      "image_path": "Monkey-Puppet/Monkey-Puppet_38.png",
      "label": "輕蔑",
      "response_time": "00:00:07.313",
      "timestamp_unix": 1750679566,
      "timestamp_unix_ms": 1750679566829,
      "timestamp_readable": "2025-06-23 11:52:46.829",
      "normalized_name": "Monkey-Puppet/Monkey-Puppet",
      "meme_name": "Monkey-Puppet",
      "post_id": 38,
      "english_label": "contempt",
      "response_time_ms": 7313
    },
    {
      "image_path": "Confused-Gandalf/Confused-Gandalf_23.png",
      "label": "其他",
      "response_time": "00:00:11.808",
      "timestamp_unix": 1750679578,
      "timestamp_unix_ms": 1750679578701,
      "timestamp_readable": "2025-06-23 11:52:58.701",
      "normalized_name": "Confused-Gandalf/Confused-Gandalf",
      "meme_name": "Confused-Gandalf",
      "post_id": 23,
      "english_label": "others",
      "response_time_ms": 11808
    },
    {
      "image_path": "Hold-fart/Hold-fart_18.png",
      "label": "其他",
      "response_time": "00:00:10.107",
      "timestamp_unix": 1750679588,
      "timestamp_unix_ms": 1750679588915,
      "timestamp_readable": "2025-06-23 11:53:08.915",
      "normalized_name": "Hold-fart/Hold-fart",
      "meme_name": "Hold-fart",
      "post_id": 18,
      "english_label": "others",
      "response_time_ms": 10107
    },
    {
      "image_path": "Disappointed-Man/Disappointed-Man_31.png",
      "label": "其他",
      "response_time": "00:00:11.107",
      "timestamp_unix": 1750679600,
      "timestamp_unix_ms": 1750679600125,
      "timestamp_readable": "2025-06-23 11:53:20.125",
      "normalized_name": "Disappointed-Man/Disappointed-Man",
      "meme_name": "Disappointed-Man",
      "post_id": 31,
      "english_label": "others",
      "response_time_ms": 11107
    },
    {
      "image_path": "DJ-Pauly-D/DJ-Pauly-D_7.png",
      "label": "輕蔑",
      "response_time": "00:00:04.610",
      "timestamp_unix": 1750679604,
      "timestamp_unix_ms": 1750679604776,
      "timestamp_readable": "2025-06-23 11:53:24.776",
      "normalized_name": "DJ-Pauly-D/DJ-Pauly-D",
      "meme_name": "DJ-Pauly-D",
      "post_id": 7,
      "english_label": "contempt",
      "response_time_ms": 4610
    },
    {
      "image_path": "Ill-Have-You-Know-Spongebob/Ill-Have-You-Know-Spongebob_25.png",
      "label": "輕蔑",
      "response_time": "00:00:12.405",
      "timestamp_unix": 1750679617,
      "timestamp_unix_ms": 1750679617291,
      "timestamp_readable": "2025-06-23 11:53:37.291",
      "normalized_name": "Ill-Have-You-Know-Spongebob/Ill-Have-You-Know-Spongebob",
      "meme_name": "Ill-Have-You-Know-Spongebob",
      "post_id": 25,
      "english_label": "contempt",
      "response_time_ms": 12405
    },
    {
      "image_path": "Leonardo-Dicaprio-Wolf-Of-Wall-Street/Leonardo-Dicaprio-Wolf-Of-Wall-Street_28.png",
      "label": "輕蔑",
      "response_time": "00:00:04.409",
      "timestamp_unix": 1750679621,
      "timestamp_unix_ms": 1750679621780,
      "timestamp_readable": "2025-06-23 11:53:41.780",
      "normalized_name": "Leonardo-Dicaprio-Wolf-Of-Wall-Street/Leonardo-Dicaprio-Wolf-Of-Wall-Street",
      "meme_name": "Leonardo-Dicaprio-Wolf-Of-Wall-Street",
      "post_id": 28,
      "english_label": "contempt",
      "response_time_ms": 4409
    },
    {
      "image_path": "Chill-guy/Chill-guy_9.png",
      "label": "輕蔑",
      "response_time": "00:00:02.902",
      "timestamp_unix": 1750679624,
      "timestamp_unix_ms": 1750679624820,
      "timestamp_readable": "2025-06-23 11:53:44.820",
      "normalized_name": "Chill-guy/Chill-guy",
      "meme_name": "Chill-guy",
      "post_id": 9,
      "english_label": "contempt",
      "response_time_ms": 2902
    },
    {
      "image_path": "Black-guy-hiding-behind-tree/Black-guy-hiding-behind-tree_3.png",
      "label": "輕蔑",
      "response_time": "00:00:05.613",
      "timestamp_unix": 1750679630,
      "timestamp_unix_ms": 1750679630489,
      "timestamp_readable": "2025-06-23 11:53:50.489",
      "normalized_name": "Black-guy-hiding-behind-tree/Black-guy-hiding-behind-tree",
      "meme_name": "Black-guy-hiding-behind-tree",
      "post_id": 3,
      "english_label": "contempt",
      "response_time_ms": 5613
    },
    {
      "image_path": "Spiderman-Hospital/Spiderman-Hospital_46.png",
      "label": "其他",
      "response_time": "00:00:10.009",
      "timestamp_unix": 1750679640,
      "timestamp_unix_ms": 1750679640606,
      "timestamp_readable": "2025-06-23 11:54:00.606",
      "normalized_name": "Spiderman-Hospital/Spiderman-Hospital",
      "meme_name": "Spiderman-Hospital",
      "post_id": 46,
      "english_label": "others",
      "response_time_ms": 10009
    },
    {
      "image_path": "Afraid-To-Ask-Andy/Afraid-To-Ask-Andy_13.png",
      "label": "其他",
      "response_time": "00:00:05.612",
      "timestamp_unix": 1750679646,
      "timestamp_unix_ms": 1750679646340,
      "timestamp_readable": "2025-06-23 11:54:06.340",
      "normalized_name": "Afraid-To-Ask-Andy/Afraid-To-Ask-Andy",
      "meme_name": "Afraid-To-Ask-Andy",
      "post_id": 13,
      "english_label": "others",
      "response_time_ms": 5612
    },
    {
      "image_path": "attention_check/attention_check_Contempt.png",
      "label": "輕蔑",
      "response_time": "00:00:06.908",
      "timestamp_unix": 1750679653,
      "timestamp_unix_ms": 1750679653294,
      "timestamp_readable": "2025-06-23 11:54:13.294",
      "normalized_name": "attention_check/attention_check_Contempt.png",
      "meme_name": "attention_check",
      "post_id": null,
      "english_label": "contempt",
      "response_time_ms": 6908
    },
    {
      "image_path": "Obi-Wan-Kenobi/Obi-Wan-Kenobi_47.png",
      "label": "輕蔑",
      "response_time": "00:00:06.601",
      "timestamp_unix": 1750679659,
      "timestamp_unix_ms": 1750679659992,
      "timestamp_readable": "2025-06-23 11:54:19.992",
      "normalized_name": "Obi-Wan-Kenobi/Obi-Wan-Kenobi",
      "meme_name": "Obi-Wan-Kenobi",
      "post_id": 47,
      "english_label": "contempt",
      "response_time_ms": 6601
    },
    {
      "image_path": "Spongebob-Yelling/Spongebob-Yelling_50.png",
      "label": "輕蔑",
      "response_time": "00:00:15.303",
      "timestamp_unix": 1750679675,
      "timestamp_unix_ms": 1750679675401,
      "timestamp_readable": "2025-06-23 11:54:35.401",
      "normalized_name": "Spongebob-Yelling/Spongebob-Yelling",
      "meme_name": "Spongebob-Yelling",
      "post_id": 50,
      "english_label": "contempt",
      "response_time_ms": 15303
    },
    {
      "image_path": "Hide-the-Pain-Harold/Hide-the-Pain-Harold_16.png",
      "label": "輕蔑",
      "response_time": "00:00:05.309",
      "timestamp_unix": 1750679680,
      "timestamp_unix_ms": 1750679680823,
      "timestamp_readable": "2025-06-23 11:54:40.823",
      "normalized_name": "Hide-the-Pain-Harold/Hide-the-Pain-Harold",
      "meme_name": "Hide-the-Pain-Harold",
      "post_id": 16,
      "english_label": "contempt",
      "response_time_ms": 5309
    },
    {
      "image_path": "Always-Has-Been/Always-Has-Been_29.png",
      "label": "輕蔑",
      "response_time": "00:00:08.604",
      "timestamp_unix": 1750679689,
      "timestamp_unix_ms": 1750679689553,
      "timestamp_readable": "2025-06-23 11:54:49.553",
      "normalized_name": "Always-Has-Been/Always-Has-Been",
      "meme_name": "Always-Has-Been",
      "post_id": 29,
      "english_label": "contempt",
      "response_time_ms": 8604
    },
    {
      "image_path": "Kevin-Hart/Kevin-Hart_5.png",
      "label": "輕蔑",
      "response_time": "00:00:08.807",
      "timestamp_unix": 1750679698,
      "timestamp_unix_ms": 1750679698480,
      "timestamp_readable": "2025-06-23 11:54:58.480",
      "normalized_name": "Kevin-Hart/Kevin-Hart",
      "meme_name": "Kevin-Hart",
      "post_id": 5,
      "english_label": "contempt",
      "response_time_ms": 8807
    },
    {
      "image_path": "Gru-Gun/Gru-Gun_1.png",
      "label": "輕蔑",
      "response_time": "00:00:05.809",
      "timestamp_unix": 1750679704,
      "timestamp_unix_ms": 1750679704387,
      "timestamp_readable": "2025-06-23 11:55:04.387",
      "normalized_name": "Gru-Gun/Gru-Gun",
      "meme_name": "Gru-Gun",
      "post_id": 1,
      "english_label": "contempt",
      "response_time_ms": 5809
    },
    {
      "image_path": "Math-ladyConfused-lady/Math-ladyConfused-lady_36.png",
      "label": "其他",
      "response_time": "00:00:10.815",
      "timestamp_unix": 1750679715,
      "timestamp_unix_ms": 1750679715314,
      "timestamp_readable": "2025-06-23 11:55:15.314",
      "normalized_name": "Math-ladyConfused-lady/Math-ladyConfused-lady",
      "meme_name": "Math-ladyConfused-lady",
      "post_id": 36,
      "english_label": "others",
      "response_time_ms": 10815
    },
    {
      "image_path": "Im-The-Captain-Now/Im-The-Captain-Now_37.png",
      "label": "輕蔑",
      "response_time": "00:00:07.610",
      "timestamp_unix": 1750679722,
      "timestamp_unix_ms": 1750679722999,
      "timestamp_readable": "2025-06-23 11:55:22.999",
      "normalized_name": "Im-The-Captain-Now/Im-The-Captain-Now",
      "meme_name": "Im-The-Captain-Now",
      "post_id": 37,
      "english_label": "contempt",
      "response_time_ms": 7610
    },
    {
      "image_path": "Scooby-doo-mask-reveal/Scooby-doo-mask-reveal_14.png",
      "label": "輕蔑",
      "response_time": "00:00:09.506",
      "timestamp_unix": 1750679732,
      "timestamp_unix_ms": 1750679732583,
      "timestamp_readable": "2025-06-23 11:55:32.583",
      "normalized_name": "Scooby-doo-mask-reveal/Scooby-doo-mask-reveal",
      "meme_name": "Scooby-doo-mask-reveal",
      "post_id": 14,
      "english_label": "contempt",
      "response_time_ms": 9506
    },
    {
      "image_path": "Surprised-Pikachu/Surprised-Pikachu_12.png",
      "label": "其他",
      "response_time": "00:00:05.204",
      "timestamp_unix": 1750679737,
      "timestamp_unix_ms": 1750679737848,
      "timestamp_readable": "2025-06-23 11:55:37.848",
      "normalized_name": "Surprised-Pikachu/Surprised-Pikachu",
      "meme_name": "Surprised-Pikachu",
      "post_id": 12,
      "english_label": "others",
      "response_time_ms": 5204
    },
    {
      "image_path": "Always-you-three/Always-you-three_39.png",
      "label": "其他",
      "response_time": "00:00:05.908",
      "timestamp_unix": 1750679743,
      "timestamp_unix_ms": 1750679743842,
      "timestamp_readable": "2025-06-23 11:55:43.843",
      "normalized_name": "Always-you-three/Always-you-three",
      "meme_name": "Always-you-three",
      "post_id": 39,
      "english_label": "others",
      "response_time_ms": 5908
    },
    {
      "image_path": "You-The-Real-MVP/You-The-Real-MVP_15.png",
      "label": "其他",
      "response_time": "00:00:05.206",
      "timestamp_unix": 1750679749,
      "timestamp_unix_ms": 1750679749126,
      "timestamp_readable": "2025-06-23 11:55:49.126",
      "normalized_name": "You-The-Real-MVP/You-The-Real-MVP",
      "meme_name": "You-The-Real-MVP",
      "post_id": 15,
      "english_label": "others",
      "response_time_ms": 5206
    },
    {
      "image_path": "Mocking-Spongebob/Mocking-Spongebob_44.png",
      "label": "輕蔑",
      "response_time": "00:00:04.010",
      "timestamp_unix": 1750679753,
      "timestamp_unix_ms": 1750679753271,
      "timestamp_readable": "2025-06-23 11:55:53.271",
      "normalized_name": "Mocking-Spongebob/Mocking-Spongebob",
      "meme_name": "Mocking-Spongebob",
      "post_id": 44,
      "english_label": "contempt",
      "response_time_ms": 4010
    },
    {
      "image_path": "Moe-throws-Barney/Moe-throws-Barney_41.png",
      "label": "其他",
      "response_time": "00:00:08.409",
      "timestamp_unix": 1750679761,
      "timestamp_unix_ms": 1750679761743,
      "timestamp_readable": "2025-06-23 11:56:01.743",
      "normalized_name": "Moe-throws-Barney/Moe-throws-Barney",
      "meme_name": "Moe-throws-Barney",
      "post_id": 41,
      "english_label": "others",
      "response_time_ms": 8409
    },
    {
      "image_path": "Drake-NoYes/Drake-NoYes_35.png",
      "label": "輕蔑",
      "response_time": "00:00:11.902",
      "timestamp_unix": 1750679773,
      "timestamp_unix_ms": 1750679773743,
      "timestamp_readable": "2025-06-23 11:56:13.743",
      "normalized_name": "Drake-NoYes/Drake-NoYes",
      "meme_name": "Drake-NoYes",
      "post_id": 35,
      "english_label": "contempt",
      "response_time_ms": 11902
    },
    {
      "image_path": "Dinkleberg/Dinkleberg_19.png",
      "label": "憤怒",
      "response_time": "00:00:11.505",
      "timestamp_unix": 1750679785,
      "timestamp_unix_ms": 1750679785317,
      "timestamp_readable": "2025-06-23 11:56:25.317",
      "normalized_name": "Dinkleberg/Dinkleberg",
      "meme_name": "Dinkleberg",
      "post_id": 19,
      "english_label": "anger",
      "response_time_ms": 11505
    },
    {
      "image_path": "For-the-better-right-blank/For-the-better-right-blank_40.png",
      "label": "其他",
      "response_time": "00:00:17.108",
      "timestamp_unix": 1750679802,
      "timestamp_unix_ms": 1750679802569,
      "timestamp_readable": "2025-06-23 11:56:42.569",
      "normalized_name": "For-the-better-right-blank/For-the-better-right-blank",
      "meme_name": "For-the-better-right-blank",
      "post_id": 40,
      "english_label": "others",
      "response_time_ms": 17108
    },
    {
      "image_path": "Arthur-Fist/Arthur-Fist_6.png",
      "label": "其他",
      "response_time": "00:00:08.003",
      "timestamp_unix": 1750679810,
      "timestamp_unix_ms": 1750679810671,
      "timestamp_readable": "2025-06-23 11:56:50.671",
      "normalized_name": "Arthur-Fist/Arthur-Fist",
      "meme_name": "Arthur-Fist",
      "post_id": 6,
      "english_label": "others",
      "response_time_ms": 8003
    },
    {
      "image_path": "Happy--Shock/Happy--Shock_4.png",
      "label": "輕蔑",
      "response_time": "00:00:14.006",
      "timestamp_unix": 1750679824,
      "timestamp_unix_ms": 1750679824736,
      "timestamp_readable": "2025-06-23 11:57:04.736",
      "normalized_name": "Happy--Shock/Happy--Shock",
      "meme_name": "Happy--Shock",
      "post_id": 4,
      "english_label": "contempt",
      "response_time_ms": 14006
    },
    {
      "image_path": "Charlie-Day/Charlie-Day_26.png",
      "label": "其他",
      "response_time": "00:00:07.201",
      "timestamp_unix": 1750679832,
      "timestamp_unix_ms": 1750679832017,
      "timestamp_readable": "2025-06-23 11:57:12.017",
      "normalized_name": "Charlie-Day/Charlie-Day",
      "meme_name": "Charlie-Day",
      "post_id": 26,
      "english_label": "others",
      "response_time_ms": 7201
    },
    {
      "image_path": "Thats-a-paddlin/Thats-a-paddlin_20.png",
      "label": "厭惡",
      "response_time": "00:00:13.108",
      "timestamp_unix": 1750679845,
      "timestamp_unix_ms": 1750679845236,
      "timestamp_readable": "2025-06-23 11:57:25.236",
      "normalized_name": "Thats-a-paddlin/Thats-a-paddlin",
      "meme_name": "Thats-a-paddlin",
      "post_id": 20,
      "english_label": "disgust",
      "response_time_ms": 13108
    },
    {
      "image_path": "Mr-incredible-mad/Mr-incredible-mad_24.png",
      "label": "輕蔑",
      "response_time": "00:00:04.405",
      "timestamp_unix": 1750679849,
      "timestamp_unix_ms": 1750679849700,
      "timestamp_readable": "2025-06-23 11:57:29.700",
      "normalized_name": "Mr-incredible-mad/Mr-incredible-mad",
      "meme_name": "Mr-incredible-mad",
      "post_id": 24,
      "english_label": "contempt",
      "response_time_ms": 4405
    },
    {
      "image_path": "Table-Flip-Guy/Table-Flip-Guy_34.png",
      "label": "憤怒",
      "response_time": "00:00:11.306",
      "timestamp_unix": 1750679861,
      "timestamp_unix_ms": 1750679861205,
      "timestamp_readable": "2025-06-23 11:57:41.205",
      "normalized_name": "Table-Flip-Guy/Table-Flip-Guy",
      "meme_name": "Table-Flip-Guy",
      "post_id": 34,
      "english_label": "anger",
      "response_time_ms": 11306
    },
    {
      "image_path": "attention_check/attention_check_Others.png",
      "label": "其他",
      "response_time": "00:00:02.010",
      "timestamp_unix": 1750679863,
      "timestamp_unix_ms": 1750679863637,
      "timestamp_readable": "2025-06-23 11:57:43.637",
      "normalized_name": "attention_check/attention_check_Others.png",
      "meme_name": "attention_check",
      "post_id": null,
      "english_label": "others",
      "response_time_ms": 2010
    },
    {
      "image_path": "Angry-Baby/Angry-Baby_43.png",
      "label": "輕蔑",
      "response_time": "00:00:03.601",
      "timestamp_unix": 1750679867,
      "timestamp_unix_ms": 1750679867406,
      "timestamp_readable": "2025-06-23 11:57:47.406",
      "normalized_name": "Angry-Baby/Angry-Baby",
      "meme_name": "Angry-Baby",
      "post_id": 43,
      "english_label": "contempt",
      "response_time_ms": 3601
    },
    {
      "image_path": "Laughing-wolf/Laughing-wolf_49.png",
      "label": "輕蔑",
      "response_time": "00:00:05.714",
      "timestamp_unix": 1750679873,
      "timestamp_unix_ms": 1750679873249,
      "timestamp_readable": "2025-06-23 11:57:53.249",
      "normalized_name": "Laughing-wolf/Laughing-wolf",
      "meme_name": "Laughing-wolf",
      "post_id": 49,
      "english_label": "contempt",
      "response_time_ms": 5714
    }
  ],
  "session_start_unix": 1750679400,
  "session_status": "completed",
  "last_updated_unix": 1750679915,
  "image_order": [
    "Spiderman-Hospital/Spiderman-Hospital_46.png",
    "Happy--Shock/Happy--Shock_4.png",
    "Chill-guy/Chill-guy_9.png",
    "I-am-once-again-asking/I-am-once-again-asking_22.png",
    "Math-ladyConfused-lady/Math-ladyConfused-lady_36.png",
    "Archer/Archer_30.png",
    "Leonardo-Dicaprio-Wolf-Of-Wall-Street/Leonardo-Dicaprio-Wolf-Of-Wall-Street_28.png",
    "Mocking-Spongebob/Mocking-Spongebob_44.png",
    "Afraid-To-Ask-Andy/Afraid-To-Ask-Andy_13.png",
    "Charlie-Day/Charlie-Day_26.png",
    "Always-Has-Been/Always-Has-Been_29.png",
    "Picard-Wtf/Picard-Wtf_32.png",
    "Batman-Slapping-Robin/Batman-Slapping-Robin_45.png",
    "For-the-better-right-blank/For-the-better-right-blank_40.png",
    "Drake-NoYes/Drake-NoYes_35.png",
    "Laughing-wolf/Laughing-wolf_49.png",
    "DJ-Pauly-D/DJ-Pauly-D_7.png",
    "Always-you-three/Always-you-three_39.png",
    "Disappointed-Man/Disappointed-Man_31.png",
    "Smudge-the-cat/Smudge-the-cat_33.png",
    "Thats-a-paddlin/Thats-a-paddlin_20.png",
    "Hide-the-Pain-Harold/Hide-the-Pain-Harold_16.png",
    "Hold-fart/Hold-fart_18.png",
    "Im-The-Captain-Now/Im-The-Captain-Now_37.png",
    "Obi-Wan-Kenobi/Obi-Wan-Kenobi_47.png",
    "attention_check/attention_check_Contempt.png",
    "Spongebob-Yelling/Spongebob-Yelling_50.png",
    "Nuclear-Explosion/Nuclear-Explosion_11.png",
    "Dinkleberg/Dinkleberg_19.png",
    "Scooby-doo-mask-reveal/Scooby-doo-mask-reveal_14.png",
    "Disaster-Girl/Disaster-Girl_2.png",
    "Black-guy-hiding-behind-tree/Black-guy-hiding-behind-tree_3.png",
    "You-The-Real-MVP/You-The-Real-MVP_15.png",
    "Moe-throws-Barney/Moe-throws-Barney_41.png",
    "Ill-Have-You-Know-Spongebob/Ill-Have-You-Know-Spongebob_25.png",
    "Futurama-Fry/Futurama-Fry_48.png",
    "Monkey-Puppet/Monkey-Puppet_38.png",
    "Confused-Gandalf/Confused-Gandalf_23.png",
    "Mr-incredible-mad/Mr-incredible-mad_24.png",
    "Dave-chappelle/Dave-chappelle_8.png",
    "Surprised-Pikachu/Surprised-Pikachu_12.png",
    "Table-Flip-Guy/Table-Flip-Guy_34.png",
    "Kevin-Hart/Kevin-Hart_5.png",
    "Well-Yes-But-Actually-No/Well-Yes-But-Actually-No_42.png",
    "Mr-McMahon-reaction/Mr-McMahon-reaction_17.png",
    "Gru-Gun/Gru-Gun_1.png",
    "Persian-Cat-Room-Guardian/Persian-Cat-Room-Guardian_21.png",
    "Put-It-Somewhere-Else-Patrick/Put-It-Somewhere-Else-Patrick_27.png",
    "Angry-Baby/Angry-Baby_43.png",
    "attention_check/attention_check_Others.png",
    "Arthur-Fist/Arthur-Fist_6.png",
    "Khan/Khan_10.png"
  ],
  "completion_status": {
    "practice_completed": true,
    "game_started": true,
    "game_completed": true,
    "summary_viewed": true,
    "email_submitted": true
  },
  "timestamps_unix": {
    "registration_completed": 1750679400,
    "practice_started": 1750679400,
    "practice_completed": 1750679446,
    "game_started": 1750679446,
    "first_label": 1750679457,
    "last_label": 1750679873,
    "game_completed": 1750679875,
    "summary_viewed": 1750679875,
    "email_submitted": 1750679915,
    "session_end": 1750679915,
    "last_updated": 1750679915
  },
  "timestamps_unix_ms": {
    "registration_completed_ms": 1750679400542,
    "practice_started_ms": 1750679400591,
    "practice_completed_ms": 1750679446214,
    "game_started_ms": 1750679446220,
    "first_label_ms": 1750679457460,
    "last_label_ms": 1750679873249,
    "game_completed_ms": 1750679875410,
    "summary_viewed_ms": 1750679875417,
    "email_submitted_ms": 1750679915820,
    "session_end_ms": 1750679915820,
    "last_updated_ms": 1750679915820
  },
  "duration_stats_ms": {
    "total_session_duration_ms": 515278,
    "practice_duration_ms": 45623,
    "game_duration_ms": 429190,
    "labeling_duration_ms": 415789,
    "email_submission_duration_ms": 40403
  },
  "filename_updated_unix": 1750679875,
  "original_filename": "user_d5b92f",
  "completion_status_in_filename": "email_submitted"
}