{
  "user_id": "user_6e02d1",
  "file_name": "user_6e02d1_1750061509_1750061812_fullycomplete",
  "unix_start_time": 1750061509,
  "unix_start_time_ms": 1750061509446,
  "unix_end_time": 1750061812,
  "unix_end_time_ms": 1750061812505,
  "age": "25-29",
  "gender": "female",
  "user_agent": "Mozilla/5.0 (Windows NT 10.0; Win64; x64) AppleWebKit/537.36 (KHTML, like Gecko) Chrome/137.0.0.0 Safari/537.36",
  "user_ip": "210.68.16.75",
  "status": "complete",
  "email_provided": "complete",
  "attention_passed": true,
  "start_time_readable": "2025-06-16 08:11:49.446",
  "end_time_readable": "2025-06-16 08:16:52.505",
  "total_labels": 52,
  "emotion_summary": {
    "anger": 18,
    "contempt": 17,
    "disgust": 5,
    "others": 12
  },
  "email": "wy2634@yahoo.com.tw",
  "participation": "yes",
  "total_responses": 52,
  "responses": [
    {
      "image_path": "Confused-Gandalf/Confused-Gandalf_19.png",
      "label": "輕蔑",
      "response_time": "00:00:09.801",
      "timestamp_unix": 1750061589,
      "timestamp_unix_ms": 1750061589140,
      "timestamp_readable": "2025-06-16 08:13:09.140",
      "normalized_name": "Confused-Gandalf/Confused-Gandalf",
      "meme_name": "Confused-Gandalf",
      "post_id": 19,
      "english_label": "contempt",
      "response_time_ms": 9801
    },
    {
      "image_path": "Persian-Cat-Room-Guardian/Persian-Cat-Room-Guardian_32.png",
      "label": "厭惡",
      "response_time": "00:00:05.303",
      "timestamp_unix": 1750061594,
      "timestamp_unix_ms": 1750061594508,
      "timestamp_readable": "2025-06-16 08:13:14.508",
      "normalized_name": "Persian-Cat-Room-Guardian/Persian-Cat-Room-Guardian",
      "meme_name": "Persian-Cat-Room-Guardian",
      "post_id": 32,
      "english_label": "disgust",
      "response_time_ms": 5303
    },
    {
      "image_path": "Put-It-Somewhere-Else-Patrick/Put-It-Somewhere-Else-Patrick_28.png",
      "label": "憤怒",
      "response_time": "00:00:05.703",
      "timestamp_unix": 1750061600,
      "timestamp_unix_ms": 1750061600333,
      "timestamp_readable": "2025-06-16 08:13:20.333",
      "normalized_name": "Put-It-Somewhere-Else-Patrick/Put-It-Somewhere-Else-Patrick",
      "meme_name": "Put-It-Somewhere-Else-Patrick",
      "post_id": 28,
      "english_label": "anger",
      "response_time_ms": 5703
    },
    {
      "image_path": "I-am-once-again-asking/I-am-once-again-asking_10.png",
      "label": "其他",
      "response_time": "00:00:06.406",
      "timestamp_unix": 1750061606,
      "timestamp_unix_ms": 1750061606816,
      "timestamp_readable": "2025-06-16 08:13:26.816",
      "normalized_name": "I-am-once-again-asking/I-am-once-again-asking",
      "meme_name": "I-am-once-again-asking",
      "post_id": 10,
      "english_label": "others",
      "response_time_ms": 6406
    },
    {
      "image_path": "Afraid-To-Ask-Andy/Afraid-To-Ask-Andy_22.png",
      "label": "輕蔑",
      "response_time": "00:00:03.703",
      "timestamp_unix": 1750061610,
      "timestamp_unix_ms": 1750061610600,
      "timestamp_readable": "2025-06-16 08:13:30.600",
      "normalized_name": "Afraid-To-Ask-Andy/Afraid-To-Ask-Andy",
      "meme_name": "Afraid-To-Ask-Andy",
      "post_id": 22,
      "english_label": "contempt",
      "response_time_ms": 3703
    },
    {
      "image_path": "Scooby-doo-mask-reveal/Scooby-doo-mask-reveal_45.png",
      "label": "其他",
      "response_time": "00:00:06.505",
      "timestamp_unix": 1750061617,
      "timestamp_unix_ms": 1750061617192,
      "timestamp_readable": "2025-06-16 08:13:37.192",
      "normalized_name": "Scooby-doo-mask-reveal/Scooby-doo-mask-reveal",
      "meme_name": "Scooby-doo-mask-reveal",
      "post_id": 45,
      "english_label": "others",
      "response_time_ms": 6505
    },
    {
      "image_path": "Table-Flip-Guy/Table-Flip-Guy_43.png",
      "label": "憤怒",
      "response_time": "00:00:03.006",
      "timestamp_unix": 1750061620,
      "timestamp_unix_ms": 1750061620256,
      "timestamp_readable": "2025-06-16 08:13:40.256",
      "normalized_name": "Table-Flip-Guy/Table-Flip-Guy",
      "meme_name": "Table-Flip-Guy",
      "post_id": 43,
      "english_label": "anger",
      "response_time_ms": 3006
    },
    {
      "image_path": "Always-Has-Been/Always-Has-Been_7.png",
      "label": "憤怒",
      "response_time": "00:00:04.003",
      "timestamp_unix": 1750061624,
      "timestamp_unix_ms": 1750061624400,
      "timestamp_readable": "2025-06-16 08:13:44.400",
      "normalized_name": "Always-Has-Been/Always-Has-Been",
      "meme_name": "Always-Has-Been",
      "post_id": 7,
      "english_label": "anger",
      "response_time_ms": 4003
    },
    {
      "image_path": "Black-guy-hiding-behind-tree/Black-guy-hiding-behind-tree_50.png",
      "label": "輕蔑",
      "response_time": "00:00:02.202",
      "timestamp_unix": 1750061626,
      "timestamp_unix_ms": 1750061626708,
      "timestamp_readable": "2025-06-16 08:13:46.708",
      "normalized_name": "Black-guy-hiding-behind-tree/Black-guy-hiding-behind-tree",
      "meme_name": "Black-guy-hiding-behind-tree",
      "post_id": 50,
      "english_label": "contempt",
      "response_time_ms": 2202
    },
    {
      "image_path": "Drake-NoYes/Drake-NoYes_23.png",
      "label": "輕蔑",
      "response_time": "00:00:05.903",
      "timestamp_unix": 1750061632,
      "timestamp_unix_ms": 1750061632732,
      "timestamp_readable": "2025-06-16 08:13:52.732",
      "normalized_name": "Drake-NoYes/Drake-NoYes",
      "meme_name": "Drake-NoYes",
      "post_id": 23,
      "english_label": "contempt",
      "response_time_ms": 5903
    },
    {
      "image_path": "Im-The-Captain-Now/Im-The-Captain-Now_49.png",
      "label": "憤怒",
      "response_time": "00:00:02.304",
      "timestamp_unix": 1750061635,
      "timestamp_unix_ms": 1750061635124,
      "timestamp_readable": "2025-06-16 08:13:55.124",
      "normalized_name": "Im-The-Captain-Now/Im-The-Captain-Now",
      "meme_name": "Im-The-Captain-Now",
      "post_id": 49,
      "english_label": "anger",
      "response_time_ms": 2304
    },
    {
      "image_path": "Surprised-Pikachu/Surprised-Pikachu_20.png",
      "label": "其他",
      "response_time": "00:00:02.002",
      "timestamp_unix": 1750061637,
      "timestamp_unix_ms": 1750061637192,
      "timestamp_readable": "2025-06-16 08:13:57.192",
      "normalized_name": "Surprised-Pikachu/Surprised-Pikachu",
      "meme_name": "Surprised-Pikachu",
      "post_id": 20,
      "english_label": "others",
      "response_time_ms": 2002
    },
    {
      "image_path": "Hold-fart/Hold-fart_36.png",
      "label": "其他",
      "response_time": "00:00:02.201",
      "timestamp_unix": 1750061639,
      "timestamp_unix_ms": 1750061639464,
      "timestamp_readable": "2025-06-16 08:13:59.464",
      "normalized_name": "Hold-fart/Hold-fart",
      "meme_name": "Hold-fart",
      "post_id": 36,
      "english_label": "others",
      "response_time_ms": 2201
    },
    {
      "image_path": "Spongebob-Yelling/Spongebob-Yelling_18.png",
      "label": "憤怒",
      "response_time": "00:00:02.605",
      "timestamp_unix": 1750061642,
      "timestamp_unix_ms": 1750061642196,
      "timestamp_readable": "2025-06-16 08:14:02.196",
      "normalized_name": "Spongebob-Yelling/Spongebob-Yelling",
      "meme_name": "Spongebob-Yelling",
      "post_id": 18,
      "english_label": "anger",
      "response_time_ms": 2605
    },
    {
      "image_path": "Archer/Archer_39.png",
      "label": "厭惡",
      "response_time": "00:00:49.704",
      "timestamp_unix": 1750061692,
      "timestamp_unix_ms": 1750061692017,
      "timestamp_readable": "2025-06-16 08:14:52.017",
      "normalized_name": "Archer/Archer",
      "meme_name": "Archer",
      "post_id": 39,
      "english_label": "disgust",
      "response_time_ms": 49704
    },
    {
      "image_path": "For-the-better-right-blank/For-the-better-right-blank_4.png",
      "label": "輕蔑",
      "response_time": "00:00:02.503",
      "timestamp_unix": 1750061694,
      "timestamp_unix_ms": 1750061694576,
      "timestamp_readable": "2025-06-16 08:14:54.576",
      "normalized_name": "For-the-better-right-blank/For-the-better-right-blank",
      "meme_name": "For-the-better-right-blank",
      "post_id": 4,
      "english_label": "contempt",
      "response_time_ms": 2503
    },
    {
      "image_path": "Spiderman-Hospital/Spiderman-Hospital_25.png",
      "label": "厭惡",
      "response_time": "00:00:03.902",
      "timestamp_unix": 1750061698,
      "timestamp_unix_ms": 1750061698576,
      "timestamp_readable": "2025-06-16 08:14:58.576",
      "normalized_name": "Spiderman-Hospital/Spiderman-Hospital",
      "meme_name": "Spiderman-Hospital",
      "post_id": 25,
      "english_label": "disgust",
      "response_time_ms": 3902
    },
    {
      "image_path": "Obi-Wan-Kenobi/Obi-Wan-Kenobi_26.png",
      "label": "輕蔑",
      "response_time": "00:00:01.905",
      "timestamp_unix": 1750061700,
      "timestamp_unix_ms": 1750061700532,
      "timestamp_readable": "2025-06-16 08:15:00.532",
      "normalized_name": "Obi-Wan-Kenobi/Obi-Wan-Kenobi",
      "meme_name": "Obi-Wan-Kenobi",
      "post_id": 26,
      "english_label": "contempt",
      "response_time_ms": 1905
    },
    {
      "image_path": "Arthur-Fist/Arthur-Fist_46.png",
      "label": "憤怒",
      "response_time": "00:00:01.504",
      "timestamp_unix": 1750061702,
      "timestamp_unix_ms": 1750061702168,
      "timestamp_readable": "2025-06-16 08:15:02.168",
      "normalized_name": "Arthur-Fist/Arthur-Fist",
      "meme_name": "Arthur-Fist",
      "post_id": 46,
      "english_label": "anger",
      "response_time_ms": 1504
    },
    {
      "image_path": "Mocking-Spongebob/Mocking-Spongebob_31.png",
      "label": "輕蔑",
      "response_time": "00:00:01.904",
      "timestamp_unix": 1750061704,
      "timestamp_unix_ms": 1750061704216,
      "timestamp_readable": "2025-06-16 08:15:04.216",
      "normalized_name": "Mocking-Spongebob/Mocking-Spongebob",
      "meme_name": "Mocking-Spongebob",
      "post_id": 31,
      "english_label": "contempt",
      "response_time_ms": 1904
    },
    {
      "image_path": "Batman-Slapping-Robin/Batman-Slapping-Robin_37.png",
      "label": "憤怒",
      "response_time": "00:00:01.501",
      "timestamp_unix": 1750061705,
      "timestamp_unix_ms": 1750061705792,
      "timestamp_readable": "2025-06-16 08:15:05.792",
      "normalized_name": "Batman-Slapping-Robin/Batman-Slapping-Robin",
      "meme_name": "Batman-Slapping-Robin",
      "post_id": 37,
      "english_label": "anger",
      "response_time_ms": 1501
    },
    {
      "image_path": "Monkey-Puppet/Monkey-Puppet_21.png",
      "label": "輕蔑",
      "response_time": "00:00:01.402",
      "timestamp_unix": 1750061707,
      "timestamp_unix_ms": 1750061707332,
      "timestamp_readable": "2025-06-16 08:15:07.332",
      "normalized_name": "Monkey-Puppet/Monkey-Puppet",
      "meme_name": "Monkey-Puppet",
      "post_id": 21,
      "english_label": "contempt",
      "response_time_ms": 1402
    },
    {
      "image_path": "attention_check/attention_check_Others.png",
      "label": "其他",
      "response_time": "00:00:03.905",
      "timestamp_unix": 1750061711,
      "timestamp_unix_ms": 1750061711308,
      "timestamp_readable": "2025-06-16 08:15:11.308",
      "normalized_name": "attention_check/attention_check_Others.png",
      "meme_name": "attention_check",
      "post_id": null,
      "english_label": "others",
      "response_time_ms": 3905
    },
    {
      "image_path": "Nuclear-Explosion/Nuclear-Explosion_30.png",
      "label": "憤怒",
      "response_time": "00:00:05.504",
      "timestamp_unix": 1750061716,
      "timestamp_unix_ms": 1750061716945,
      "timestamp_readable": "2025-06-16 08:15:16.945",
      "normalized_name": "Nuclear-Explosion/Nuclear-Explosion",
      "meme_name": "Nuclear-Explosion",
      "post_id": 30,
      "english_label": "anger",
      "response_time_ms": 5504
    },
    {
      "image_path": "Disappointed-Man/Disappointed-Man_16.png",
      "label": "憤怒",
      "response_time": "00:00:03.302",
      "timestamp_unix": 1750061720,
      "timestamp_unix_ms": 1750061720369,
      "timestamp_readable": "2025-06-16 08:15:20.369",
      "normalized_name": "Disappointed-Man/Disappointed-Man",
      "meme_name": "Disappointed-Man",
      "post_id": 16,
      "english_label": "anger",
      "response_time_ms": 3302
    },
    {
      "image_path": "Dinkleberg/Dinkleberg_33.png",
      "label": "厭惡",
      "response_time": "00:00:02.702",
      "timestamp_unix": 1750061723,
      "timestamp_unix_ms": 1750061723217,
      "timestamp_readable": "2025-06-16 08:15:23.217",
      "normalized_name": "Dinkleberg/Dinkleberg",
      "meme_name": "Dinkleberg",
      "post_id": 33,
      "english_label": "disgust",
      "response_time_ms": 2702
    },
    {
      "image_path": "Leonardo-Dicaprio-Wolf-Of-Wall-Street/Leonardo-Dicaprio-Wolf-Of-Wall-Street_29.png",
      "label": "輕蔑",
      "response_time": "00:00:01.404",
      "timestamp_unix": 1750061724,
      "timestamp_unix_ms": 1750061724732,
      "timestamp_readable": "2025-06-16 08:15:24.732",
      "normalized_name": "Leonardo-Dicaprio-Wolf-Of-Wall-Street/Leonardo-Dicaprio-Wolf-Of-Wall-Street",
      "meme_name": "Leonardo-Dicaprio-Wolf-Of-Wall-Street",
      "post_id": 29,
      "english_label": "contempt",
      "response_time_ms": 1404
    },
    {
      "image_path": "Picard-Wtf/Picard-Wtf_34.png",
      "label": "輕蔑",
      "response_time": "00:00:01.205",
      "timestamp_unix": 1750061726,
      "timestamp_unix_ms": 1750061726008,
      "timestamp_readable": "2025-06-16 08:15:26.008",
      "normalized_name": "Picard-Wtf/Picard-Wtf",
      "meme_name": "Picard-Wtf",
      "post_id": 34,
      "english_label": "contempt",
      "response_time_ms": 1205
    },
    {
      "image_path": "Mr-incredible-mad/Mr-incredible-mad_3.png",
      "label": "憤怒",
      "response_time": "00:00:01.006",
      "timestamp_unix": 1750061727,
      "timestamp_unix_ms": 1750061727076,
      "timestamp_readable": "2025-06-16 08:15:27.076",
      "normalized_name": "Mr-incredible-mad/Mr-incredible-mad",
      "meme_name": "Mr-incredible-mad",
      "post_id": 3,
      "english_label": "anger",
      "response_time_ms": 1006
    },
    {
      "image_path": "Laughing-wolf/Laughing-wolf_47.png",
      "label": "輕蔑",
      "response_time": "00:00:03.801",
      "timestamp_unix": 1750061730,
      "timestamp_unix_ms": 1750061730936,
      "timestamp_readable": "2025-06-16 08:15:30.936",
      "normalized_name": "Laughing-wolf/Laughing-wolf",
      "meme_name": "Laughing-wolf",
      "post_id": 47,
      "english_label": "contempt",
      "response_time_ms": 3801
    },
    {
      "image_path": "Smudge-the-cat/Smudge-the-cat_14.png",
      "label": "厭惡",
      "response_time": "00:00:06.802",
      "timestamp_unix": 1750061737,
      "timestamp_unix_ms": 1750061737853,
      "timestamp_readable": "2025-06-16 08:15:37.853",
      "normalized_name": "Smudge-the-cat/Smudge-the-cat",
      "meme_name": "Smudge-the-cat",
      "post_id": 14,
      "english_label": "disgust",
      "response_time_ms": 6802
    },
    {
      "image_path": "Charlie-Day/Charlie-Day_11.png",
      "label": "憤怒",
      "response_time": "00:00:04.501",
      "timestamp_unix": 1750061742,
      "timestamp_unix_ms": 1750061742492,
      "timestamp_readable": "2025-06-16 08:15:42.492",
      "normalized_name": "Charlie-Day/Charlie-Day",
      "meme_name": "Charlie-Day",
      "post_id": 11,
      "english_label": "anger",
      "response_time_ms": 4501
    },
    {
      "image_path": "Khan/Khan_27.png",
      "label": "憤怒",
      "response_time": "00:00:01.004",
      "timestamp_unix": 1750061743,
      "timestamp_unix_ms": 1750061743644,
      "timestamp_readable": "2025-06-16 08:15:43.644",
      "normalized_name": "Khan/Khan",
      "meme_name": "Khan",
      "post_id": 27,
      "english_label": "anger",
      "response_time_ms": 1004
    },
    {
      "image_path": "Always-you-three/Always-you-three_40.png",
      "label": "其他",
      "response_time": "00:00:01.503",
      "timestamp_unix": 1750061745,
      "timestamp_unix_ms": 1750061745284,
      "timestamp_readable": "2025-06-16 08:15:45.284",
      "normalized_name": "Always-you-three/Always-you-three",
      "meme_name": "Always-you-three",
      "post_id": 40,
      "english_label": "others",
      "response_time_ms": 1503
    },
    {
      "image_path": "DJ-Pauly-D/DJ-Pauly-D_6.png",
      "label": "憤怒",
      "response_time": "00:00:01.305",
      "timestamp_unix": 1750061746,
      "timestamp_unix_ms": 1750061746660,
      "timestamp_readable": "2025-06-16 08:15:46.660",
      "normalized_name": "DJ-Pauly-D/DJ-Pauly-D",
      "meme_name": "DJ-Pauly-D",
      "post_id": 6,
      "english_label": "anger",
      "response_time_ms": 1305
    },
    {
      "image_path": "Moe-throws-Barney/Moe-throws-Barney_44.png",
      "label": "憤怒",
      "response_time": "00:00:03.903",
      "timestamp_unix": 1750061750,
      "timestamp_unix_ms": 1750061750632,
      "timestamp_readable": "2025-06-16 08:15:50.632",
      "normalized_name": "Moe-throws-Barney/Moe-throws-Barney",
      "meme_name": "Moe-throws-Barney",
      "post_id": 44,
      "english_label": "anger",
      "response_time_ms": 3903
    },
    {
      "image_path": "Ill-Have-You-Know-Spongebob/Ill-Have-You-Know-Spongebob_15.png",
      "label": "其他",
      "response_time": "00:00:02.601",
      "timestamp_unix": 1750061753,
      "timestamp_unix_ms": 1750061753376,
      "timestamp_readable": "2025-06-16 08:15:53.376",
      "normalized_name": "Ill-Have-You-Know-Spongebob/Ill-Have-You-Know-Spongebob",
      "meme_name": "Ill-Have-You-Know-Spongebob",
      "post_id": 15,
      "english_label": "others",
      "response_time_ms": 2601
    },
    {
      "image_path": "You-The-Real-MVP/You-The-Real-MVP_2.png",
      "label": "輕蔑",
      "response_time": "00:00:01.404",
      "timestamp_unix": 1750061754,
      "timestamp_unix_ms": 1750061754876,
      "timestamp_readable": "2025-06-16 08:15:54.876",
      "normalized_name": "You-The-Real-MVP/You-The-Real-MVP",
      "meme_name": "You-The-Real-MVP",
      "post_id": 2,
      "english_label": "contempt",
      "response_time_ms": 1404
    },
    {
      "image_path": "Disaster-Girl/Disaster-Girl_42.png",
      "label": "輕蔑",
      "response_time": "00:00:01.802",
      "timestamp_unix": 1750061756,
      "timestamp_unix_ms": 1750061756785,
      "timestamp_readable": "2025-06-16 08:15:56.785",
      "normalized_name": "Disaster-Girl/Disaster-Girl",
      "meme_name": "Disaster-Girl",
      "post_id": 42,
      "english_label": "contempt",
      "response_time_ms": 1802
    },
    {
      "image_path": "Gru-Gun/Gru-Gun_13.png",
      "label": "憤怒",
      "response_time": "00:00:01.805",
      "timestamp_unix": 1750061758,
      "timestamp_unix_ms": 1750061758692,
      "timestamp_readable": "2025-06-16 08:15:58.692",
      "normalized_name": "Gru-Gun/Gru-Gun",
      "meme_name": "Gru-Gun",
      "post_id": 13,
      "english_label": "anger",
      "response_time_ms": 1805
    },
    {
      "image_path": "Kevin-Hart/Kevin-Hart_38.png",
      "label": "其他",
      "response_time": "00:00:02.104",
      "timestamp_unix": 1750061760,
      "timestamp_unix_ms": 1750061760900,
      "timestamp_readable": "2025-06-16 08:16:00.900",
      "normalized_name": "Kevin-Hart/Kevin-Hart",
      "meme_name": "Kevin-Hart",
      "post_id": 38,
      "english_label": "others",
      "response_time_ms": 2104
    },
    {
      "image_path": "Thats-a-paddlin/Thats-a-paddlin_35.png",
      "label": "憤怒",
      "response_time": "00:00:01.105",
      "timestamp_unix": 1750061762,
      "timestamp_unix_ms": 1750061762068,
      "timestamp_readable": "2025-06-16 08:16:02.068",
      "normalized_name": "Thats-a-paddlin/Thats-a-paddlin",
      "meme_name": "Thats-a-paddlin",
      "post_id": 35,
      "english_label": "anger",
      "response_time_ms": 1105
    },
    {
      "image_path": "Mr-McMahon-reaction/Mr-McMahon-reaction_5.png",
      "label": "憤怒",
      "response_time": "00:00:01.703",
      "timestamp_unix": 1750061763,
      "timestamp_unix_ms": 1750061763888,
      "timestamp_readable": "2025-06-16 08:16:03.888",
      "normalized_name": "Mr-McMahon-reaction/Mr-McMahon-reaction",
      "meme_name": "Mr-McMahon-reaction",
      "post_id": 5,
      "english_label": "anger",
      "response_time_ms": 1703
    },
    {
      "image_path": "Futurama-Fry/Futurama-Fry_9.png",
      "label": "輕蔑",
      "response_time": "00:00:01.201",
      "timestamp_unix": 1750061765,
      "timestamp_unix_ms": 1750061765224,
      "timestamp_readable": "2025-06-16 08:16:05.224",
      "normalized_name": "Futurama-Fry/Futurama-Fry",
      "meme_name": "Futurama-Fry",
      "post_id": 9,
      "english_label": "contempt",
      "response_time_ms": 1201
    },
    {
      "image_path": "Happy--Shock/Happy--Shock_24.png",
      "label": "其他",
      "response_time": "00:00:04.206",
      "timestamp_unix": 1750061769,
      "timestamp_unix_ms": 1750061769544,
      "timestamp_readable": "2025-06-16 08:16:09.544",
      "normalized_name": "Happy--Shock/Happy--Shock",
      "meme_name": "Happy--Shock",
      "post_id": 24,
      "english_label": "others",
      "response_time_ms": 4206
    },
    {
      "image_path": "Well-Yes-But-Actually-No/Well-Yes-But-Actually-No_48.png",
      "label": "其他",
      "response_time": "00:00:05.301",
      "timestamp_unix": 1750061774,
      "timestamp_unix_ms": 1750061774944,
      "timestamp_readable": "2025-06-16 08:16:14.944",
      "normalized_name": "Well-Yes-But-Actually-No/Well-Yes-But-Actually-No",
      "meme_name": "Well-Yes-But-Actually-No",
      "post_id": 48,
      "english_label": "others",
      "response_time_ms": 5301
    },
    {
      "image_path": "Hide-the-Pain-Harold/Hide-the-Pain-Harold_8.png",
      "label": "輕蔑",
      "response_time": "00:00:01.702",
      "timestamp_unix": 1750061776,
      "timestamp_unix_ms": 1750061776760,
      "timestamp_readable": "2025-06-16 08:16:16.760",
      "normalized_name": "Hide-the-Pain-Harold/Hide-the-Pain-Harold",
      "meme_name": "Hide-the-Pain-Harold",
      "post_id": 8,
      "english_label": "contempt",
      "response_time_ms": 1702
    },
    {
      "image_path": "Math-ladyConfused-lady/Math-ladyConfused-lady_41.png",
      "label": "其他",
      "response_time": "00:00:02.001",
      "timestamp_unix": 1750061778,
      "timestamp_unix_ms": 1750061778840,
      "timestamp_readable": "2025-06-16 08:16:18.840",
      "normalized_name": "Math-ladyConfused-lady/Math-ladyConfused-lady",
      "meme_name": "Math-ladyConfused-lady",
      "post_id": 41,
      "english_label": "others",
      "response_time_ms": 2001
    },
    {
      "image_path": "attention_check/attention_check_Contempt.png",
      "label": "輕蔑",
      "response_time": "00:00:02.605",
      "timestamp_unix": 1750061781,
      "timestamp_unix_ms": 1750061781524,
      "timestamp_readable": "2025-06-16 08:16:21.524",
      "normalized_name": "attention_check/attention_check_Contempt.png",
      "meme_name": "attention_check",
      "post_id": null,
      "english_label": "contempt",
      "response_time_ms": 2605
    },
    {
      "image_path": "Dave-chappelle/Dave-chappelle_1.png",
      "label": "其他",
      "response_time": "00:00:06.206",
      "timestamp_unix": 1750061787,
      "timestamp_unix_ms": 1750061787844,
      "timestamp_readable": "2025-06-16 08:16:27.844",
      "normalized_name": "Dave-chappelle/Dave-chappelle",
      "meme_name": "Dave-chappelle",
      "post_id": 1,
      "english_label": "others",
      "response_time_ms": 6206
    },
    {
      "image_path": "Chill-guy/Chill-guy_12.png",
      "label": "輕蔑",
      "response_time": "00:00:01.702",
      "timestamp_unix": 1750061789,
      "timestamp_unix_ms": 1750061789620,
      "timestamp_readable": "2025-06-16 08:16:29.620",
      "normalized_name": "Chill-guy/Chill-guy",
      "meme_name": "Chill-guy",
      "post_id": 12,
      "english_label": "contempt",
      "response_time_ms": 1702
    },
    {
      "image_path": "Angry-Baby/Angry-Baby_17.png",
      "label": "憤怒",
      "response_time": "00:00:00.901",
      "timestamp_unix": 1750061790,
      "timestamp_unix_ms": 1750061790620,
      "timestamp_readable": "2025-06-16 08:16:30.620",
      "normalized_name": "Angry-Baby/Angry-Baby",
      "meme_name": "Angry-Baby",
      "post_id": 17,
      "english_label": "anger",
      "response_time_ms": 901
    }
  ],
  "session_start_unix": 1750061509,
  "session_status": "completed",
  "last_updated_unix": 1750061812,
  "image_order": [
    "Spiderman-Hospital/Spiderman-Hospital_25.png",
    "Happy--Shock/Happy--Shock_24.png",
    "Chill-guy/Chill-guy_12.png",
    "I-am-once-again-asking/I-am-once-again-asking_10.png",
    "Math-ladyConfused-lady/Math-ladyConfused-lady_41.png",
    "Archer/Archer_39.png",
    "Leonardo-Dicaprio-Wolf-Of-Wall-Street/Leonardo-Dicaprio-Wolf-Of-Wall-Street_29.png",
    "Mocking-Spongebob/Mocking-Spongebob_31.png",
    "Afraid-To-Ask-Andy/Afraid-To-Ask-Andy_22.png",
    "Charlie-Day/Charlie-Day_11.png",
    "Always-Has-Been/Always-Has-Been_7.png",
    "Picard-Wtf/Picard-Wtf_34.png",
    "Batman-Slapping-Robin/Batman-Slapping-Robin_37.png",
    "For-the-better-right-blank/For-the-better-right-blank_4.png",
    "Drake-NoYes/Drake-NoYes_23.png",
    "Laughing-wolf/Laughing-wolf_47.png",
    "DJ-Pauly-D/DJ-Pauly-D_6.png",
    "Always-you-three/Always-you-three_40.png",
    "Disappointed-Man/Disappointed-Man_16.png",
    "Smudge-the-cat/Smudge-the-cat_14.png",
    "Thats-a-paddlin/Thats-a-paddlin_35.png",
    "Hide-the-Pain-Harold/Hide-the-Pain-Harold_8.png",
    "attention_check/attention_check_Others.png",
    "Hold-fart/Hold-fart_36.png",
    "Im-The-Captain-Now/Im-The-Captain-Now_49.png",
    "Obi-Wan-Kenobi/Obi-Wan-Kenobi_26.png",
    "Spongebob-Yelling/Spongebob-Yelling_18.png",
    "Nuclear-Explosion/Nuclear-Explosion_30.png",
    "Dinkleberg/Dinkleberg_33.png",
    "Scooby-doo-mask-reveal/Scooby-doo-mask-reveal_45.png",
    "Disaster-Girl/Disaster-Girl_42.png",
    "Black-guy-hiding-behind-tree/Black-guy-hiding-behind-tree_50.png",
    "You-The-Real-MVP/You-The-Real-MVP_2.png",
    "Moe-throws-Barney/Moe-throws-Barney_44.png",
    "Ill-Have-You-Know-Spongebob/Ill-Have-You-Know-Spongebob_15.png",
    "Futurama-Fry/Futurama-Fry_9.png",
    "Monkey-Puppet/Monkey-Puppet_21.png",
    "Confused-Gandalf/Confused-Gandalf_19.png",
    "Mr-incredible-mad/Mr-incredible-mad_3.png",
    "Dave-chappelle/Dave-chappelle_1.png",
    "Surprised-Pikachu/Surprised-Pikachu_20.png",
    "Table-Flip-Guy/Table-Flip-Guy_43.png",
    "Kevin-Hart/Kevin-Hart_38.png",
    "Well-Yes-But-Actually-No/Well-Yes-But-Actually-No_48.png",
    "Mr-McMahon-reaction/Mr-McMahon-reaction_5.png",
    "Gru-Gun/Gru-Gun_13.png",
    "Persian-Cat-Room-Guardian/Persian-Cat-Room-Guardian_32.png",
    "Put-It-Somewhere-Else-Patrick/Put-It-Somewhere-Else-Patrick_28.png",
    "attention_check/attention_check_Contempt.png",
    "Angry-Baby/Angry-Baby_17.png",
    "Arthur-Fist/Arthur-Fist_46.png",
    "Khan/Khan_27.png"
  ],
  "completion_status": {
    "practice_completed": true,
    "game_started": true,
    "game_completed": true,
    "summary_viewed": true,
    "email_submitted": true
  },
  "timestamps_unix": {
    "registration_completed": 1750061509,
    "practice_started": 1750061509,
    "practice_completed": 1750061579,
    "game_started": 1750061579,
    "first_label": 1750061589,
    "last_label": 1750061790,
    "game_completed": 1750061793,
    "summary_viewed": 1750061793,
    "email_submitted": 1750061812,
    "session_end": 1750061812,
    "last_updated": 1750061812
  },
  "timestamps_unix_ms": {
    "registration_completed_ms": 1750061509446,
    "practice_started_ms": 1750061509499,
    "practice_completed_ms": 1750061579104,
    "game_started_ms": 1750061579125,
    "first_label_ms": 1750061589140,
    "last_label_ms": 1750061790620,
    "game_completed_ms": 1750061793688,
    "summary_viewed_ms": 1750061793710,
    "email_submitted_ms": 1750061812482,
    "session_end_ms": 1750061812482,
    "last_updated_ms": 1750061812482
  },
  "duration_stats_ms": {
    "total_session_duration_ms": 303036,
    "practice_duration_ms": 69605,
    "game_duration_ms": 214563,
    "labeling_duration_ms": 201480,
    "email_submission_duration_ms": 18772
  },
  "filename_updated_unix": 1750061793,
  "original_filename": "user_6e02d1",
  "completion_status_in_filename": "email_submitted"
}