{
  "user_id": "user_83e346",
  "file_name": "user_83e346_1751283861_1751284282_fullycomplete",
  "unix_start_time": 1751283861,
  "unix_start_time_ms": 1751283861997,
  "unix_end_time": 1751284282,
  "unix_end_time_ms": 1751284282305,
  "age": "30-34",
  "gender": "female",
  "user_agent": "Mozilla/5.0 (X11; Linux x86_64) AppleWebKit/537.36 (KHTML, like Gecko) Chrome/137.0.0.0 Safari/537.36",
  "user_ip": "1.160.0.103",
  "status": "complete",
  "email_provided": "complete",
  "attention_passed": false,
  "start_time_readable": "2025-06-30 11:44:21.997",
  "end_time_readable": "2025-06-30 11:51:22.305",
  "total_labels": 52,
  "emotion_summary": {
    "anger": 5,
    "contempt": 7,
    "disgust": 3,
    "others": 37
  },
  "email": "ssilver45tw@main.com",
  "participation": "yes",
  "total_responses": 52,
  "responses": [
    {
      "image_path": "Batman-Slapping-Robin/Batman-Slapping-Robin_22.png",
      "label": "厭惡",
      "response_time": "00:00:14.801",
      "timestamp_unix": 1751283934,
      "timestamp_unix_ms": 1751283934495,
      "timestamp_readable": "2025-06-30 11:45:34.495",
      "normalized_name": "Batman-Slapping-Robin/Batman-Slapping-Robin",
      "meme_name": "Batman-Slapping-Robin",
      "post_id": 22,
      "english_label": "disgust",
      "response_time_ms": 14801
    },
    {
      "image_path": "Disappointed-Man/Disappointed-Man_31.png",
      "label": "憤怒",
      "response_time": "00:00:19.800",
      "timestamp_unix": 1751283954,
      "timestamp_unix_ms": 1751283954378,
      "timestamp_readable": "2025-06-30 11:45:54.378",
      "normalized_name": "Disappointed-Man/Disappointed-Man",
      "meme_name": "Disappointed-Man",
      "post_id": 31,
      "english_label": "anger",
      "response_time_ms": 19800
    },
    {
      "image_path": "Scooby-doo-mask-reveal/Scooby-doo-mask-reveal_3.png",
      "label": "其他",
      "response_time": "00:00:10.000",
      "timestamp_unix": 1751283964,
      "timestamp_unix_ms": 1751283964411,
      "timestamp_readable": "2025-06-30 11:46:04.411",
      "normalized_name": "Scooby-doo-mask-reveal/Scooby-doo-mask-reveal",
      "meme_name": "Scooby-doo-mask-reveal",
      "post_id": 3,
      "english_label": "others",
      "response_time_ms": 10000
    },
    {
      "image_path": "Afraid-To-Ask-Andy/Afraid-To-Ask-Andy_45.png",
      "label": "輕蔑",
      "response_time": "00:01:00.500",
      "timestamp_unix": 1751284024,
      "timestamp_unix_ms": 1751284024942,
      "timestamp_readable": "2025-06-30 11:47:04.942",
      "normalized_name": "Afraid-To-Ask-Andy/Afraid-To-Ask-Andy",
      "meme_name": "Afraid-To-Ask-Andy",
      "post_id": 45,
      "english_label": "contempt",
      "response_time_ms": 60500
    },
    {
      "image_path": "Moe-throws-Barney/Moe-throws-Barney_5.png",
      "label": "輕蔑",
      "response_time": "00:00:16.800",
      "timestamp_unix": 1751284041,
      "timestamp_unix_ms": 1751284041809,
      "timestamp_readable": "2025-06-30 11:47:21.809",
      "normalized_name": "Moe-throws-Barney/Moe-throws-Barney",
      "meme_name": "Moe-throws-Barney",
      "post_id": 5,
      "english_label": "contempt",
      "response_time_ms": 16800
    },
    {
      "image_path": "Futurama-Fry/Futurama-Fry_19.png",
      "label": "輕蔑",
      "response_time": "00:00:04.400",
      "timestamp_unix": 1751284046,
      "timestamp_unix_ms": 1751284046275,
      "timestamp_readable": "2025-06-30 11:47:26.275",
      "normalized_name": "Futurama-Fry/Futurama-Fry",
      "meme_name": "Futurama-Fry",
      "post_id": 19,
      "english_label": "contempt",
      "response_time_ms": 4400
    },
    {
      "image_path": "Persian-Cat-Room-Guardian/Persian-Cat-Room-Guardian_30.png",
      "label": "其他",
      "response_time": "00:00:02.600",
      "timestamp_unix": 1751284048,
      "timestamp_unix_ms": 1751284048957,
      "timestamp_readable": "2025-06-30 11:47:28.957",
      "normalized_name": "Persian-Cat-Room-Guardian/Persian-Cat-Room-Guardian",
      "meme_name": "Persian-Cat-Room-Guardian",
      "post_id": 30,
      "english_label": "others",
      "response_time_ms": 2600
    },
    {
      "image_path": "I-am-once-again-asking/I-am-once-again-asking_41.png",
      "label": "輕蔑",
      "response_time": "00:00:02.900",
      "timestamp_unix": 1751284051,
      "timestamp_unix_ms": 1751284051892,
      "timestamp_readable": "2025-06-30 11:47:31.892",
      "normalized_name": "I-am-once-again-asking/I-am-once-again-asking",
      "meme_name": "I-am-once-again-asking",
      "post_id": 41,
      "english_label": "contempt",
      "response_time_ms": 2900
    },
    {
      "image_path": "Mocking-Spongebob/Mocking-Spongebob_21.png",
      "label": "其他",
      "response_time": "00:00:01.700",
      "timestamp_unix": 1751284053,
      "timestamp_unix_ms": 1751284053675,
      "timestamp_readable": "2025-06-30 11:47:33.675",
      "normalized_name": "Mocking-Spongebob/Mocking-Spongebob",
      "meme_name": "Mocking-Spongebob",
      "post_id": 21,
      "english_label": "others",
      "response_time_ms": 1700
    },
    {
      "image_path": "Hold-fart/Hold-fart_32.png",
      "label": "其他",
      "response_time": "00:00:01.600",
      "timestamp_unix": 1751284055,
      "timestamp_unix_ms": 1751284055340,
      "timestamp_readable": "2025-06-30 11:47:35.340",
      "normalized_name": "Hold-fart/Hold-fart",
      "meme_name": "Hold-fart",
      "post_id": 32,
      "english_label": "others",
      "response_time_ms": 1600
    },
    {
      "image_path": "Table-Flip-Guy/Table-Flip-Guy_11.png",
      "label": "其他",
      "response_time": "00:00:02.600",
      "timestamp_unix": 1751284057,
      "timestamp_unix_ms": 1751284057973,
      "timestamp_readable": "2025-06-30 11:47:37.973",
      "normalized_name": "Table-Flip-Guy/Table-Flip-Guy",
      "meme_name": "Table-Flip-Guy",
      "post_id": 11,
      "english_label": "others",
      "response_time_ms": 2600
    },
    {
      "image_path": "Chill-guy/Chill-guy_50.png",
      "label": "其他",
      "response_time": "00:00:01.300",
      "timestamp_unix": 1751284059,
      "timestamp_unix_ms": 1751284059323,
      "timestamp_readable": "2025-06-30 11:47:39.323",
      "normalized_name": "Chill-guy/Chill-guy",
      "meme_name": "Chill-guy",
      "post_id": 50,
      "english_label": "others",
      "response_time_ms": 1300
    },
    {
      "image_path": "Disaster-Girl/Disaster-Girl_37.png",
      "label": "其他",
      "response_time": "00:00:01.100",
      "timestamp_unix": 1751284060,
      "timestamp_unix_ms": 1751284060457,
      "timestamp_readable": "2025-06-30 11:47:40.457",
      "normalized_name": "Disaster-Girl/Disaster-Girl",
      "meme_name": "Disaster-Girl",
      "post_id": 37,
      "english_label": "others",
      "response_time_ms": 1100
    },
    {
      "image_path": "Happy--Shock/Happy--Shock_26.png",
      "label": "其他",
      "response_time": "00:00:00.800",
      "timestamp_unix": 1751284061,
      "timestamp_unix_ms": 1751284061356,
      "timestamp_readable": "2025-06-30 11:47:41.356",
      "normalized_name": "Happy--Shock/Happy--Shock",
      "meme_name": "Happy--Shock",
      "post_id": 26,
      "english_label": "others",
      "response_time_ms": 800
    },
    {
      "image_path": "Picard-Wtf/Picard-Wtf_28.png",
      "label": "其他",
      "response_time": "00:00:03.700",
      "timestamp_unix": 1751284065,
      "timestamp_unix_ms": 1751284065173,
      "timestamp_readable": "2025-06-30 11:47:45.173",
      "normalized_name": "Picard-Wtf/Picard-Wtf",
      "meme_name": "Picard-Wtf",
      "post_id": 28,
      "english_label": "others",
      "response_time_ms": 3700
    },
    {
      "image_path": "Mr-incredible-mad/Mr-incredible-mad_14.png",
      "label": "憤怒",
      "response_time": "00:00:02.000",
      "timestamp_unix": 1751284067,
      "timestamp_unix_ms": 1751284067289,
      "timestamp_readable": "2025-06-30 11:47:47.289",
      "normalized_name": "Mr-incredible-mad/Mr-incredible-mad",
      "meme_name": "Mr-incredible-mad",
      "post_id": 14,
      "english_label": "anger",
      "response_time_ms": 2000
    },
    {
      "image_path": "Black-guy-hiding-behind-tree/Black-guy-hiding-behind-tree_1.png",
      "label": "其他",
      "response_time": "00:00:02.100",
      "timestamp_unix": 1751284069,
      "timestamp_unix_ms": 1751284069488,
      "timestamp_readable": "2025-06-30 11:47:49.488",
      "normalized_name": "Black-guy-hiding-behind-tree/Black-guy-hiding-behind-tree",
      "meme_name": "Black-guy-hiding-behind-tree",
      "post_id": 1,
      "english_label": "others",
      "response_time_ms": 2100
    },
    {
      "image_path": "Im-The-Captain-Now/Im-The-Captain-Now_49.png",
      "label": "其他",
      "response_time": "00:00:03.200",
      "timestamp_unix": 1751284072,
      "timestamp_unix_ms": 1751284072740,
      "timestamp_readable": "2025-06-30 11:47:52.740",
      "normalized_name": "Im-The-Captain-Now/Im-The-Captain-Now",
      "meme_name": "Im-The-Captain-Now",
      "post_id": 49,
      "english_label": "others",
      "response_time_ms": 3200
    },
    {
      "image_path": "Archer/Archer_13.png",
      "label": "其他",
      "response_time": "00:01:04.400",
      "timestamp_unix": 1751284137,
      "timestamp_unix_ms": 1751284137255,
      "timestamp_readable": "2025-06-30 11:48:57.255",
      "normalized_name": "Archer/Archer",
      "meme_name": "Archer",
      "post_id": 13,
      "english_label": "others",
      "response_time_ms": 64400
    },
    {
      "image_path": "Charlie-Day/Charlie-Day_48.png",
      "label": "其他",
      "response_time": "00:00:13.600",
      "timestamp_unix": 1751284150,
      "timestamp_unix_ms": 1751284150954,
      "timestamp_readable": "2025-06-30 11:49:10.954",
      "normalized_name": "Charlie-Day/Charlie-Day",
      "meme_name": "Charlie-Day",
      "post_id": 48,
      "english_label": "others",
      "response_time_ms": 13600
    },
    {
      "image_path": "Dinkleberg/Dinkleberg_4.png",
      "label": "其他",
      "response_time": "00:00:07.900",
      "timestamp_unix": 1751284158,
      "timestamp_unix_ms": 1751284158919,
      "timestamp_readable": "2025-06-30 11:49:18.919",
      "normalized_name": "Dinkleberg/Dinkleberg",
      "meme_name": "Dinkleberg",
      "post_id": 4,
      "english_label": "others",
      "response_time_ms": 7900
    },
    {
      "image_path": "Always-you-three/Always-you-three_12.png",
      "label": "其他",
      "response_time": "00:00:04.000",
      "timestamp_unix": 1751284163,
      "timestamp_unix_ms": 1751284163002,
      "timestamp_readable": "2025-06-30 11:49:23.002",
      "normalized_name": "Always-you-three/Always-you-three",
      "meme_name": "Always-you-three",
      "post_id": 12,
      "english_label": "others",
      "response_time_ms": 4000
    },
    {
      "image_path": "attention_check/attention_check_Disgust.png",
      "label": "厭惡",
      "response_time": "00:00:05.600",
      "timestamp_unix": 1751284168,
      "timestamp_unix_ms": 1751284168686,
      "timestamp_readable": "2025-06-30 11:49:28.686",
      "normalized_name": "attention_check/attention_check_Disgust.png",
      "meme_name": "attention_check",
      "post_id": null,
      "english_label": "disgust",
      "response_time_ms": 5600
    },
    {
      "image_path": "Mr-McMahon-reaction/Mr-McMahon-reaction_25.png",
      "label": "其他",
      "response_time": "00:00:01.600",
      "timestamp_unix": 1751284170,
      "timestamp_unix_ms": 1751284170403,
      "timestamp_readable": "2025-06-30 11:49:30.403",
      "normalized_name": "Mr-McMahon-reaction/Mr-McMahon-reaction",
      "meme_name": "Mr-McMahon-reaction",
      "post_id": 25,
      "english_label": "others",
      "response_time_ms": 1600
    },
    {
      "image_path": "Ill-Have-You-Know-Spongebob/Ill-Have-You-Know-Spongebob_18.png",
      "label": "其他",
      "response_time": "00:00:04.700",
      "timestamp_unix": 1751284175,
      "timestamp_unix_ms": 1751284175136,
      "timestamp_readable": "2025-06-30 11:49:35.136",
      "normalized_name": "Ill-Have-You-Know-Spongebob/Ill-Have-You-Know-Spongebob",
      "meme_name": "Ill-Have-You-Know-Spongebob",
      "post_id": 18,
      "english_label": "others",
      "response_time_ms": 4700
    },
    {
      "image_path": "You-The-Real-MVP/You-The-Real-MVP_23.png",
      "label": "其他",
      "response_time": "00:00:01.800",
      "timestamp_unix": 1751284177,
      "timestamp_unix_ms": 1751284177019,
      "timestamp_readable": "2025-06-30 11:49:37.019",
      "normalized_name": "You-The-Real-MVP/You-The-Real-MVP",
      "meme_name": "You-The-Real-MVP",
      "post_id": 23,
      "english_label": "others",
      "response_time_ms": 1800
    },
    {
      "image_path": "Khan/Khan_24.png",
      "label": "輕蔑",
      "response_time": "00:00:03.801",
      "timestamp_unix": 1751284180,
      "timestamp_unix_ms": 1751284180935,
      "timestamp_readable": "2025-06-30 11:49:40.935",
      "normalized_name": "Khan/Khan",
      "meme_name": "Khan",
      "post_id": 24,
      "english_label": "contempt",
      "response_time_ms": 3801
    },
    {
      "image_path": "Math-ladyConfused-lady/Math-ladyConfused-lady_8.png",
      "label": "其他",
      "response_time": "00:00:01.500",
      "timestamp_unix": 1751284182,
      "timestamp_unix_ms": 1751284182503,
      "timestamp_readable": "2025-06-30 11:49:42.503",
      "normalized_name": "Math-ladyConfused-lady/Math-ladyConfused-lady",
      "meme_name": "Math-ladyConfused-lady",
      "post_id": 8,
      "english_label": "others",
      "response_time_ms": 1500
    },
    {
      "image_path": "Kevin-Hart/Kevin-Hart_29.png",
      "label": "輕蔑",
      "response_time": "00:00:02.600",
      "timestamp_unix": 1751284185,
      "timestamp_unix_ms": 1751284185219,
      "timestamp_readable": "2025-06-30 11:49:45.219",
      "normalized_name": "Kevin-Hart/Kevin-Hart",
      "meme_name": "Kevin-Hart",
      "post_id": 29,
      "english_label": "contempt",
      "response_time_ms": 2600
    },
    {
      "image_path": "Obi-Wan-Kenobi/Obi-Wan-Kenobi_40.png",
      "label": "其他",
      "response_time": "00:00:01.801",
      "timestamp_unix": 1751284187,
      "timestamp_unix_ms": 1751284187118,
      "timestamp_readable": "2025-06-30 11:49:47.118",
      "normalized_name": "Obi-Wan-Kenobi/Obi-Wan-Kenobi",
      "meme_name": "Obi-Wan-Kenobi",
      "post_id": 40,
      "english_label": "others",
      "response_time_ms": 1801
    },
    {
      "image_path": "DJ-Pauly-D/DJ-Pauly-D_35.png",
      "label": "憤怒",
      "response_time": "00:00:04.100",
      "timestamp_unix": 1751284191,
      "timestamp_unix_ms": 1751284191251,
      "timestamp_readable": "2025-06-30 11:49:51.251",
      "normalized_name": "DJ-Pauly-D/DJ-Pauly-D",
      "meme_name": "DJ-Pauly-D",
      "post_id": 35,
      "english_label": "anger",
      "response_time_ms": 4100
    },
    {
      "image_path": "Hide-the-Pain-Harold/Hide-the-Pain-Harold_39.png",
      "label": "其他",
      "response_time": "00:00:21.200",
      "timestamp_unix": 1751284212,
      "timestamp_unix_ms": 1751284212550,
      "timestamp_readable": "2025-06-30 11:50:12.550",
      "normalized_name": "Hide-the-Pain-Harold/Hide-the-Pain-Harold",
      "meme_name": "Hide-the-Pain-Harold",
      "post_id": 39,
      "english_label": "others",
      "response_time_ms": 21200
    },
    {
      "image_path": "Monkey-Puppet/Monkey-Puppet_42.png",
      "label": "其他",
      "response_time": "00:00:09.600",
      "timestamp_unix": 1751284222,
      "timestamp_unix_ms": 1751284222251,
      "timestamp_readable": "2025-06-30 11:50:22.251",
      "normalized_name": "Monkey-Puppet/Monkey-Puppet",
      "meme_name": "Monkey-Puppet",
      "post_id": 42,
      "english_label": "others",
      "response_time_ms": 9600
    },
    {
      "image_path": "Surprised-Pikachu/Surprised-Pikachu_33.png",
      "label": "其他",
      "response_time": "00:00:02.100",
      "timestamp_unix": 1751284224,
      "timestamp_unix_ms": 1751284224452,
      "timestamp_readable": "2025-06-30 11:50:24.452",
      "normalized_name": "Surprised-Pikachu/Surprised-Pikachu",
      "meme_name": "Surprised-Pikachu",
      "post_id": 33,
      "english_label": "others",
      "response_time_ms": 2100
    },
    {
      "image_path": "Leonardo-Dicaprio-Wolf-Of-Wall-Street/Leonardo-Dicaprio-Wolf-Of-Wall-Street_15.png",
      "label": "其他",
      "response_time": "00:00:01.901",
      "timestamp_unix": 1751284226,
      "timestamp_unix_ms": 1751284226450,
      "timestamp_readable": "2025-06-30 11:50:26.450",
      "normalized_name": "Leonardo-Dicaprio-Wolf-Of-Wall-Street/Leonardo-Dicaprio-Wolf-Of-Wall-Street",
      "meme_name": "Leonardo-Dicaprio-Wolf-Of-Wall-Street",
      "post_id": 15,
      "english_label": "others",
      "response_time_ms": 1901
    },
    {
      "image_path": "Smudge-the-cat/Smudge-the-cat_38.png",
      "label": "其他",
      "response_time": "00:00:01.100",
      "timestamp_unix": 1751284227,
      "timestamp_unix_ms": 1751284227650,
      "timestamp_readable": "2025-06-30 11:50:27.650",
      "normalized_name": "Smudge-the-cat/Smudge-the-cat",
      "meme_name": "Smudge-the-cat",
      "post_id": 38,
      "english_label": "others",
      "response_time_ms": 1100
    },
    {
      "image_path": "Angry-Baby/Angry-Baby_46.png",
      "label": "其他",
      "response_time": "00:00:01.000",
      "timestamp_unix": 1751284228,
      "timestamp_unix_ms": 1751284228700,
      "timestamp_readable": "2025-06-30 11:50:28.700",
      "normalized_name": "Angry-Baby/Angry-Baby",
      "meme_name": "Angry-Baby",
      "post_id": 46,
      "english_label": "others",
      "response_time_ms": 1000
    },
    {
      "image_path": "Thats-a-paddlin/Thats-a-paddlin_7.png",
      "label": "其他",
      "response_time": "00:00:01.100",
      "timestamp_unix": 1751284229,
      "timestamp_unix_ms": 1751284229885,
      "timestamp_readable": "2025-06-30 11:50:29.885",
      "normalized_name": "Thats-a-paddlin/Thats-a-paddlin",
      "meme_name": "Thats-a-paddlin",
      "post_id": 7,
      "english_label": "others",
      "response_time_ms": 1100
    },
    {
      "image_path": "Nuclear-Explosion/Nuclear-Explosion_9.png",
      "label": "憤怒",
      "response_time": "00:00:02.300",
      "timestamp_unix": 1751284232,
      "timestamp_unix_ms": 1751284232218,
      "timestamp_readable": "2025-06-30 11:50:32.218",
      "normalized_name": "Nuclear-Explosion/Nuclear-Explosion",
      "meme_name": "Nuclear-Explosion",
      "post_id": 9,
      "english_label": "anger",
      "response_time_ms": 2300
    },
    {
      "image_path": "Well-Yes-But-Actually-No/Well-Yes-But-Actually-No_36.png",
      "label": "厭惡",
      "response_time": "00:00:02.301",
      "timestamp_unix": 1751284234,
      "timestamp_unix_ms": 1751284234566,
      "timestamp_readable": "2025-06-30 11:50:34.566",
      "normalized_name": "Well-Yes-But-Actually-No/Well-Yes-But-Actually-No",
      "meme_name": "Well-Yes-But-Actually-No",
      "post_id": 36,
      "english_label": "disgust",
      "response_time_ms": 2301
    },
    {
      "image_path": "For-the-better-right-blank/For-the-better-right-blank_47.png",
      "label": "其他",
      "response_time": "00:00:01.500",
      "timestamp_unix": 1751284236,
      "timestamp_unix_ms": 1751284236152,
      "timestamp_readable": "2025-06-30 11:50:36.152",
      "normalized_name": "For-the-better-right-blank/For-the-better-right-blank",
      "meme_name": "For-the-better-right-blank",
      "post_id": 47,
      "english_label": "others",
      "response_time_ms": 1500
    },
    {
      "image_path": "Spongebob-Yelling/Spongebob-Yelling_17.png",
      "label": "憤怒",
      "response_time": "00:00:02.500",
      "timestamp_unix": 1751284238,
      "timestamp_unix_ms": 1751284238717,
      "timestamp_readable": "2025-06-30 11:50:38.717",
      "normalized_name": "Spongebob-Yelling/Spongebob-Yelling",
      "meme_name": "Spongebob-Yelling",
      "post_id": 17,
      "english_label": "anger",
      "response_time_ms": 2500
    },
    {
      "image_path": "Arthur-Fist/Arthur-Fist_10.png",
      "label": "其他",
      "response_time": "00:00:01.401",
      "timestamp_unix": 1751284240,
      "timestamp_unix_ms": 1751284240200,
      "timestamp_readable": "2025-06-30 11:50:40.200",
      "normalized_name": "Arthur-Fist/Arthur-Fist",
      "meme_name": "Arthur-Fist",
      "post_id": 10,
      "english_label": "others",
      "response_time_ms": 1401
    },
    {
      "image_path": "Confused-Gandalf/Confused-Gandalf_34.png",
      "label": "其他",
      "response_time": "00:00:01.400",
      "timestamp_unix": 1751284241,
      "timestamp_unix_ms": 1751284241666,
      "timestamp_readable": "2025-06-30 11:50:41.666",
      "normalized_name": "Confused-Gandalf/Confused-Gandalf",
      "meme_name": "Confused-Gandalf",
      "post_id": 34,
      "english_label": "others",
      "response_time_ms": 1400
    },
    {
      "image_path": "Spiderman-Hospital/Spiderman-Hospital_20.png",
      "label": "其他",
      "response_time": "00:00:01.700",
      "timestamp_unix": 1751284243,
      "timestamp_unix_ms": 1751284243485,
      "timestamp_readable": "2025-06-30 11:50:43.485",
      "normalized_name": "Spiderman-Hospital/Spiderman-Hospital",
      "meme_name": "Spiderman-Hospital",
      "post_id": 20,
      "english_label": "others",
      "response_time_ms": 1700
    },
    {
      "image_path": "Drake-NoYes/Drake-NoYes_27.png",
      "label": "輕蔑",
      "response_time": "00:00:02.800",
      "timestamp_unix": 1751284246,
      "timestamp_unix_ms": 1751284246350,
      "timestamp_readable": "2025-06-30 11:50:46.350",
      "normalized_name": "Drake-NoYes/Drake-NoYes",
      "meme_name": "Drake-NoYes",
      "post_id": 27,
      "english_label": "contempt",
      "response_time_ms": 2800
    },
    {
      "image_path": "Gru-Gun/Gru-Gun_6.png",
      "label": "其他",
      "response_time": "00:00:01.400",
      "timestamp_unix": 1751284247,
      "timestamp_unix_ms": 1751284247833,
      "timestamp_readable": "2025-06-30 11:50:47.833",
      "normalized_name": "Gru-Gun/Gru-Gun",
      "meme_name": "Gru-Gun",
      "post_id": 6,
      "english_label": "others",
      "response_time_ms": 1400
    },
    {
      "image_path": "Dave-chappelle/Dave-chappelle_2.png",
      "label": "其他",
      "response_time": "00:00:01.200",
      "timestamp_unix": 1751284249,
      "timestamp_unix_ms": 1751284249116,
      "timestamp_readable": "2025-06-30 11:50:49.116",
      "normalized_name": "Dave-chappelle/Dave-chappelle",
      "meme_name": "Dave-chappelle",
      "post_id": 2,
      "english_label": "others",
      "response_time_ms": 1200
    },
    {
      "image_path": "Put-It-Somewhere-Else-Patrick/Put-It-Somewhere-Else-Patrick_43.png",
      "label": "其他",
      "response_time": "00:00:01.100",
      "timestamp_unix": 1751284250,
      "timestamp_unix_ms": 1751284250267,
      "timestamp_readable": "2025-06-30 11:50:50.267",
      "normalized_name": "Put-It-Somewhere-Else-Patrick/Put-It-Somewhere-Else-Patrick",
      "meme_name": "Put-It-Somewhere-Else-Patrick",
      "post_id": 43,
      "english_label": "others",
      "response_time_ms": 1100
    },
    {
      "image_path": "attention_check/attention_check_Contempt.png",
      "label": "其他",
      "response_time": "00:00:01.200",
      "timestamp_unix": 1751284251,
      "timestamp_unix_ms": 1751284251534,
      "timestamp_readable": "2025-06-30 11:50:51.534",
      "normalized_name": "attention_check/attention_check_Contempt.png",
      "meme_name": "attention_check",
      "post_id": null,
      "english_label": "others",
      "response_time_ms": 1200
    },
    {
      "image_path": "Always-Has-Been/Always-Has-Been_16.png",
      "label": "其他",
      "response_time": "00:00:02.600",
      "timestamp_unix": 1751284254,
      "timestamp_unix_ms": 1751284254249,
      "timestamp_readable": "2025-06-30 11:50:54.249",
      "normalized_name": "Always-Has-Been/Always-Has-Been",
      "meme_name": "Always-Has-Been",
      "post_id": 16,
      "english_label": "others",
      "response_time_ms": 2600
    },
    {
      "image_path": "Laughing-wolf/Laughing-wolf_44.png",
      "label": "其他",
      "response_time": "00:00:01.200",
      "timestamp_unix": 1751284255,
      "timestamp_unix_ms": 1751284255499,
      "timestamp_readable": "2025-06-30 11:50:55.499",
      "normalized_name": "Laughing-wolf/Laughing-wolf",
      "meme_name": "Laughing-wolf",
      "post_id": 44,
      "english_label": "others",
      "response_time_ms": 1200
    }
  ],
  "session_start_unix": 1751283861,
  "session_status": "completed",
  "last_updated_unix": 1751284282,
  "image_order": [
    "Spiderman-Hospital/Spiderman-Hospital_20.png",
    "Happy--Shock/Happy--Shock_26.png",
    "Chill-guy/Chill-guy_50.png",
    "I-am-once-again-asking/I-am-once-again-asking_41.png",
    "Math-ladyConfused-lady/Math-ladyConfused-lady_8.png",
    "Archer/Archer_13.png",
    "Leonardo-Dicaprio-Wolf-Of-Wall-Street/Leonardo-Dicaprio-Wolf-Of-Wall-Street_15.png",
    "Mocking-Spongebob/Mocking-Spongebob_21.png",
    "Afraid-To-Ask-Andy/Afraid-To-Ask-Andy_45.png",
    "Charlie-Day/Charlie-Day_48.png",
    "Always-Has-Been/Always-Has-Been_16.png",
    "Picard-Wtf/Picard-Wtf_28.png",
    "Batman-Slapping-Robin/Batman-Slapping-Robin_22.png",
    "For-the-better-right-blank/For-the-better-right-blank_47.png",
    "Drake-NoYes/Drake-NoYes_27.png",
    "Laughing-wolf/Laughing-wolf_44.png",
    "DJ-Pauly-D/DJ-Pauly-D_35.png",
    "Always-you-three/Always-you-three_12.png",
    "Disappointed-Man/Disappointed-Man_31.png",
    "Smudge-the-cat/Smudge-the-cat_38.png",
    "Thats-a-paddlin/Thats-a-paddlin_7.png",
    "Hide-the-Pain-Harold/Hide-the-Pain-Harold_39.png",
    "attention_check/attention_check_Disgust.png",
    "Hold-fart/Hold-fart_32.png",
    "Im-The-Captain-Now/Im-The-Captain-Now_49.png",
    "Obi-Wan-Kenobi/Obi-Wan-Kenobi_40.png",
    "Spongebob-Yelling/Spongebob-Yelling_17.png",
    "Nuclear-Explosion/Nuclear-Explosion_9.png",
    "Dinkleberg/Dinkleberg_4.png",
    "Scooby-doo-mask-reveal/Scooby-doo-mask-reveal_3.png",
    "Disaster-Girl/Disaster-Girl_37.png",
    "Black-guy-hiding-behind-tree/Black-guy-hiding-behind-tree_1.png",
    "You-The-Real-MVP/You-The-Real-MVP_23.png",
    "Moe-throws-Barney/Moe-throws-Barney_5.png",
    "Ill-Have-You-Know-Spongebob/Ill-Have-You-Know-Spongebob_18.png",
    "Futurama-Fry/Futurama-Fry_19.png",
    "Monkey-Puppet/Monkey-Puppet_42.png",
    "Confused-Gandalf/Confused-Gandalf_34.png",
    "Mr-incredible-mad/Mr-incredible-mad_14.png",
    "Dave-chappelle/Dave-chappelle_2.png",
    "Surprised-Pikachu/Surprised-Pikachu_33.png",
    "Table-Flip-Guy/Table-Flip-Guy_11.png",
    "Kevin-Hart/Kevin-Hart_29.png",
    "Well-Yes-But-Actually-No/Well-Yes-But-Actually-No_36.png",
    "Mr-McMahon-reaction/Mr-McMahon-reaction_25.png",
    "Gru-Gun/Gru-Gun_6.png",
    "Persian-Cat-Room-Guardian/Persian-Cat-Room-Guardian_30.png",
    "Put-It-Somewhere-Else-Patrick/Put-It-Somewhere-Else-Patrick_43.png",
    "Angry-Baby/Angry-Baby_46.png",
    "attention_check/attention_check_Contempt.png",
    "Arthur-Fist/Arthur-Fist_10.png",
    "Khan/Khan_24.png"
  ],
  "completion_status": {
    "practice_completed": true,
    "game_started": true,
    "game_completed": true,
    "summary_viewed": true,
    "email_submitted": true
  },
  "timestamps_unix": {
    "registration_completed": 1751283861,
    "practice_started": 1751283862,
    "practice_completed": 1751283919,
    "game_started": 1751283919,
    "first_label": 1751283934,
    "last_label": 1751284255,
    "game_completed": 1751284257,
    "summary_viewed": 1751284257,
    "email_submitted": 1751284282,
    "session_end": 1751284282,
    "last_updated": 1751284282
  },
  "timestamps_unix_ms": {
    "registration_completed_ms": 1751283861997,
    "practice_started_ms": 1751283862021,
    "practice_completed_ms": 1751283919526,
    "game_started_ms": 1751283919533,
    "first_label_ms": 1751283934495,
    "last_label_ms": 1751284255499,
    "game_completed_ms": 1751284257334,
    "summary_viewed_ms": 1751284257342,
    "email_submitted_ms": 1751284282296,
    "session_end_ms": 1751284282296,
    "last_updated_ms": 1751284282296
  },
  "duration_stats_ms": {
    "total_session_duration_ms": 420299,
    "practice_duration_ms": 57505,
    "game_duration_ms": 337801,
    "labeling_duration_ms": 321004,
    "email_submission_duration_ms": 24954
  },
  "filename_updated_unix": 1751284257,
  "original_filename": "user_83e346",
  "completion_status_in_filename": "email_submitted"
}