{
  "user_id": "user_d25d6f",
  "file_name": "user_d25d6f_1751011391_1751011742_fullycomplete",
  "unix_start_time": 1751011391,
  "unix_start_time_ms": 1751011391870,
  "unix_end_time": 1751011742,
  "unix_end_time_ms": 1751011742906,
  "age": "25-29",
  "gender": "male",
  "user_agent": "Mozilla/5.0 (Windows NT 10.0; Win64; x64) AppleWebKit/537.36 (KHTML, like Gecko) Chrome/137.0.0.0 Safari/537.36",
  "user_ip": "114.32.100.68",
  "status": "complete",
  "email_provided": "complete",
  "attention_passed": true,
  "start_time_readable": "2025-06-27 08:03:11.870",
  "end_time_readable": "2025-06-27 08:09:02.906",
  "total_labels": 52,
  "emotion_summary": {
    "anger": 14,
    "contempt": 18,
    "disgust": 9,
    "others": 11
  },
  "email": "c3830754001@mail.ntue.edu.tw",
  "participation": "yes",
  "total_responses": 52,
  "responses": [
    {
      "image_path": "Well-Yes-But-Actually-No/Well-Yes-But-Actually-No_28.png",
      "label": "輕蔑",
      "response_time": "00:01:08.608",
      "timestamp_unix": 1751011482,
      "timestamp_unix_ms": 1751011482179,
      "timestamp_readable": "2025-06-27 08:04:42.179",
      "normalized_name": "Well-Yes-But-Actually-No/Well-Yes-But-Actually-No",
      "meme_name": "Well-Yes-But-Actually-No",
      "post_id": 28,
      "english_label": "contempt",
      "response_time_ms": 68608
    },
    {
      "image_path": "Laughing-wolf/Laughing-wolf_35.png",
      "label": "其他",
      "response_time": "00:00:04.001",
      "timestamp_unix": 1751011486,
      "timestamp_unix_ms": 1751011486338,
      "timestamp_readable": "2025-06-27 08:04:46.338",
      "normalized_name": "Laughing-wolf/Laughing-wolf",
      "meme_name": "Laughing-wolf",
      "post_id": 35,
      "english_label": "others",
      "response_time_ms": 4001
    },
    {
      "image_path": "Spongebob-Yelling/Spongebob-Yelling_5.png",
      "label": "憤怒",
      "response_time": "00:00:13.602",
      "timestamp_unix": 1751011500,
      "timestamp_unix_ms": 1751011500059,
      "timestamp_readable": "2025-06-27 08:05:00.059",
      "normalized_name": "Spongebob-Yelling/Spongebob-Yelling",
      "meme_name": "Spongebob-Yelling",
      "post_id": 5,
      "english_label": "anger",
      "response_time_ms": 13602
    },
    {
      "image_path": "Math-ladyConfused-lady/Math-ladyConfused-lady_10.png",
      "label": "輕蔑",
      "response_time": "00:00:04.101",
      "timestamp_unix": 1751011504,
      "timestamp_unix_ms": 1751011504321,
      "timestamp_readable": "2025-06-27 08:05:04.321",
      "normalized_name": "Math-ladyConfused-lady/Math-ladyConfused-lady",
      "meme_name": "Math-ladyConfused-lady",
      "post_id": 10,
      "english_label": "contempt",
      "response_time_ms": 4101
    },
    {
      "image_path": "Nuclear-Explosion/Nuclear-Explosion_36.png",
      "label": "憤怒",
      "response_time": "00:00:01.703",
      "timestamp_unix": 1751011506,
      "timestamp_unix_ms": 1751011506076,
      "timestamp_readable": "2025-06-27 08:05:06.076",
      "normalized_name": "Nuclear-Explosion/Nuclear-Explosion",
      "meme_name": "Nuclear-Explosion",
      "post_id": 36,
      "english_label": "anger",
      "response_time_ms": 1703
    },
    {
      "image_path": "Scooby-doo-mask-reveal/Scooby-doo-mask-reveal_3.png",
      "label": "輕蔑",
      "response_time": "00:00:04.616",
      "timestamp_unix": 1751011510,
      "timestamp_unix_ms": 1751011510790,
      "timestamp_readable": "2025-06-27 08:05:10.790",
      "normalized_name": "Scooby-doo-mask-reveal/Scooby-doo-mask-reveal",
      "meme_name": "Scooby-doo-mask-reveal",
      "post_id": 3,
      "english_label": "contempt",
      "response_time_ms": 4616
    },
    {
      "image_path": "Black-guy-hiding-behind-tree/Black-guy-hiding-behind-tree_6.png",
      "label": "輕蔑",
      "response_time": "00:00:03.803",
      "timestamp_unix": 1751011514,
      "timestamp_unix_ms": 1751011514688,
      "timestamp_readable": "2025-06-27 08:05:14.688",
      "normalized_name": "Black-guy-hiding-behind-tree/Black-guy-hiding-behind-tree",
      "meme_name": "Black-guy-hiding-behind-tree",
      "post_id": 6,
      "english_label": "contempt",
      "response_time_ms": 3803
    },
    {
      "image_path": "Kevin-Hart/Kevin-Hart_16.png",
      "label": "其他",
      "response_time": "00:00:06.808",
      "timestamp_unix": 1751011521,
      "timestamp_unix_ms": 1751011521581,
      "timestamp_readable": "2025-06-27 08:05:21.581",
      "normalized_name": "Kevin-Hart/Kevin-Hart",
      "meme_name": "Kevin-Hart",
      "post_id": 16,
      "english_label": "others",
      "response_time_ms": 6808
    },
    {
      "image_path": "Hide-the-Pain-Harold/Hide-the-Pain-Harold_19.png",
      "label": "輕蔑",
      "response_time": "00:00:03.309",
      "timestamp_unix": 1751011525,
      "timestamp_unix_ms": 1751011525052,
      "timestamp_readable": "2025-06-27 08:05:25.052",
      "normalized_name": "Hide-the-Pain-Harold/Hide-the-Pain-Harold",
      "meme_name": "Hide-the-Pain-Harold",
      "post_id": 19,
      "english_label": "contempt",
      "response_time_ms": 3309
    },
    {
      "image_path": "Archer/Archer_1.png",
      "label": "厭惡",
      "response_time": "00:00:05.505",
      "timestamp_unix": 1751011530,
      "timestamp_unix_ms": 1751011530689,
      "timestamp_readable": "2025-06-27 08:05:30.689",
      "normalized_name": "Archer/Archer",
      "meme_name": "Archer",
      "post_id": 1,
      "english_label": "disgust",
      "response_time_ms": 5505
    },
    {
      "image_path": "Afraid-To-Ask-Andy/Afraid-To-Ask-Andy_23.png",
      "label": "其他",
      "response_time": "00:00:02.600",
      "timestamp_unix": 1751011533,
      "timestamp_unix_ms": 1751011533359,
      "timestamp_readable": "2025-06-27 08:05:33.359",
      "normalized_name": "Afraid-To-Ask-Andy/Afraid-To-Ask-Andy",
      "meme_name": "Afraid-To-Ask-Andy",
      "post_id": 23,
      "english_label": "others",
      "response_time_ms": 2600
    },
    {
      "image_path": "I-am-once-again-asking/I-am-once-again-asking_38.png",
      "label": "厭惡",
      "response_time": "00:00:05.604",
      "timestamp_unix": 1751011539,
      "timestamp_unix_ms": 1751011539031,
      "timestamp_readable": "2025-06-27 08:05:39.031",
      "normalized_name": "I-am-once-again-asking/I-am-once-again-asking",
      "meme_name": "I-am-once-again-asking",
      "post_id": 38,
      "english_label": "disgust",
      "response_time_ms": 5604
    },
    {
      "image_path": "Hold-fart/Hold-fart_8.png",
      "label": "其他",
      "response_time": "00:00:02.601",
      "timestamp_unix": 1751011541,
      "timestamp_unix_ms": 1751011541730,
      "timestamp_readable": "2025-06-27 08:05:41.730",
      "normalized_name": "Hold-fart/Hold-fart",
      "meme_name": "Hold-fart",
      "post_id": 8,
      "english_label": "others",
      "response_time_ms": 2601
    },
    {
      "image_path": "Im-The-Captain-Now/Im-The-Captain-Now_4.png",
      "label": "憤怒",
      "response_time": "00:00:03.506",
      "timestamp_unix": 1751011545,
      "timestamp_unix_ms": 1751011545334,
      "timestamp_readable": "2025-06-27 08:05:45.334",
      "normalized_name": "Im-The-Captain-Now/Im-The-Captain-Now",
      "meme_name": "Im-The-Captain-Now",
      "post_id": 4,
      "english_label": "anger",
      "response_time_ms": 3506
    },
    {
      "image_path": "For-the-better-right-blank/For-the-better-right-blank_47.png",
      "label": "輕蔑",
      "response_time": "00:00:03.624",
      "timestamp_unix": 1751011548,
      "timestamp_unix_ms": 1751011548991,
      "timestamp_readable": "2025-06-27 08:05:48.991",
      "normalized_name": "For-the-better-right-blank/For-the-better-right-blank",
      "meme_name": "For-the-better-right-blank",
      "post_id": 47,
      "english_label": "contempt",
      "response_time_ms": 3624
    },
    {
      "image_path": "Always-Has-Been/Always-Has-Been_11.png",
      "label": "輕蔑",
      "response_time": "00:00:52.503",
      "timestamp_unix": 1751011601,
      "timestamp_unix_ms": 1751011601645,
      "timestamp_readable": "2025-06-27 08:06:41.645",
      "normalized_name": "Always-Has-Been/Always-Has-Been",
      "meme_name": "Always-Has-Been",
      "post_id": 11,
      "english_label": "contempt",
      "response_time_ms": 52503
    },
    {
      "image_path": "Thats-a-paddlin/Thats-a-paddlin_26.png",
      "label": "憤怒",
      "response_time": "00:00:03.316",
      "timestamp_unix": 1751011605,
      "timestamp_unix_ms": 1751011605022,
      "timestamp_readable": "2025-06-27 08:06:45.022",
      "normalized_name": "Thats-a-paddlin/Thats-a-paddlin",
      "meme_name": "Thats-a-paddlin",
      "post_id": 26,
      "english_label": "anger",
      "response_time_ms": 3316
    },
    {
      "image_path": "Monkey-Puppet/Monkey-Puppet_49.png",
      "label": "輕蔑",
      "response_time": "00:00:03.805",
      "timestamp_unix": 1751011608,
      "timestamp_unix_ms": 1751011608902,
      "timestamp_readable": "2025-06-27 08:06:48.902",
      "normalized_name": "Monkey-Puppet/Monkey-Puppet",
      "meme_name": "Monkey-Puppet",
      "post_id": 49,
      "english_label": "contempt",
      "response_time_ms": 3805
    },
    {
      "image_path": "Dinkleberg/Dinkleberg_21.png",
      "label": "厭惡",
      "response_time": "00:00:09.006",
      "timestamp_unix": 1751011618,
      "timestamp_unix_ms": 1751011618050,
      "timestamp_readable": "2025-06-27 08:06:58.050",
      "normalized_name": "Dinkleberg/Dinkleberg",
      "meme_name": "Dinkleberg",
      "post_id": 21,
      "english_label": "disgust",
      "response_time_ms": 9006
    },
    {
      "image_path": "Khan/Khan_42.png",
      "label": "憤怒",
      "response_time": "00:00:02.508",
      "timestamp_unix": 1751011620,
      "timestamp_unix_ms": 1751011620659,
      "timestamp_readable": "2025-06-27 08:07:00.659",
      "normalized_name": "Khan/Khan",
      "meme_name": "Khan",
      "post_id": 42,
      "english_label": "anger",
      "response_time_ms": 2508
    },
    {
      "image_path": "Mr-incredible-mad/Mr-incredible-mad_30.png",
      "label": "憤怒",
      "response_time": "00:00:02.102",
      "timestamp_unix": 1751011622,
      "timestamp_unix_ms": 1751011622897,
      "timestamp_readable": "2025-06-27 08:07:02.897",
      "normalized_name": "Mr-incredible-mad/Mr-incredible-mad",
      "meme_name": "Mr-incredible-mad",
      "post_id": 30,
      "english_label": "anger",
      "response_time_ms": 2102
    },
    {
      "image_path": "Surprised-Pikachu/Surprised-Pikachu_40.png",
      "label": "其他",
      "response_time": "00:00:03.810",
      "timestamp_unix": 1751011626,
      "timestamp_unix_ms": 1751011626822,
      "timestamp_readable": "2025-06-27 08:07:06.822",
      "normalized_name": "Surprised-Pikachu/Surprised-Pikachu",
      "meme_name": "Surprised-Pikachu",
      "post_id": 40,
      "english_label": "others",
      "response_time_ms": 3810
    },
    {
      "image_path": "Arthur-Fist/Arthur-Fist_29.png",
      "label": "憤怒",
      "response_time": "00:00:04.805",
      "timestamp_unix": 1751011631,
      "timestamp_unix_ms": 1751011631728,
      "timestamp_readable": "2025-06-27 08:07:11.728",
      "normalized_name": "Arthur-Fist/Arthur-Fist",
      "meme_name": "Arthur-Fist",
      "post_id": 29,
      "english_label": "anger",
      "response_time_ms": 4805
    },
    {
      "image_path": "Charlie-Day/Charlie-Day_13.png",
      "label": "厭惡",
      "response_time": "00:00:04.408",
      "timestamp_unix": 1751011636,
      "timestamp_unix_ms": 1751011636241,
      "timestamp_readable": "2025-06-27 08:07:16.241",
      "normalized_name": "Charlie-Day/Charlie-Day",
      "meme_name": "Charlie-Day",
      "post_id": 13,
      "english_label": "disgust",
      "response_time_ms": 4408
    },
    {
      "image_path": "Batman-Slapping-Robin/Batman-Slapping-Robin_2.png",
      "label": "厭惡",
      "response_time": "00:00:03.108",
      "timestamp_unix": 1751011639,
      "timestamp_unix_ms": 1751011639444,
      "timestamp_readable": "2025-06-27 08:07:19.444",
      "normalized_name": "Batman-Slapping-Robin/Batman-Slapping-Robin",
      "meme_name": "Batman-Slapping-Robin",
      "post_id": 2,
      "english_label": "disgust",
      "response_time_ms": 3108
    },
    {
      "image_path": "attention_check/attention_check_Anger.png",
      "label": "憤怒",
      "response_time": "00:00:03.003",
      "timestamp_unix": 1751011642,
      "timestamp_unix_ms": 1751011642564,
      "timestamp_readable": "2025-06-27 08:07:22.564",
      "normalized_name": "attention_check/attention_check_Anger.png",
      "meme_name": "attention_check",
      "post_id": null,
      "english_label": "anger",
      "response_time_ms": 3003
    },
    {
      "image_path": "Chill-guy/Chill-guy_34.png",
      "label": "其他",
      "response_time": "00:00:02.403",
      "timestamp_unix": 1751011645,
      "timestamp_unix_ms": 1751011645089,
      "timestamp_readable": "2025-06-27 08:07:25.089",
      "normalized_name": "Chill-guy/Chill-guy",
      "meme_name": "Chill-guy",
      "post_id": 34,
      "english_label": "others",
      "response_time_ms": 2403
    },
    {
      "image_path": "Leonardo-Dicaprio-Wolf-Of-Wall-Street/Leonardo-Dicaprio-Wolf-Of-Wall-Street_44.png",
      "label": "輕蔑",
      "response_time": "00:00:02.703",
      "timestamp_unix": 1751011647,
      "timestamp_unix_ms": 1751011647894,
      "timestamp_readable": "2025-06-27 08:07:27.894",
      "normalized_name": "Leonardo-Dicaprio-Wolf-Of-Wall-Street/Leonardo-Dicaprio-Wolf-Of-Wall-Street",
      "meme_name": "Leonardo-Dicaprio-Wolf-Of-Wall-Street",
      "post_id": 44,
      "english_label": "contempt",
      "response_time_ms": 2703
    },
    {
      "image_path": "Put-It-Somewhere-Else-Patrick/Put-It-Somewhere-Else-Patrick_43.png",
      "label": "其他",
      "response_time": "00:00:03.412",
      "timestamp_unix": 1751011651,
      "timestamp_unix_ms": 1751011651407,
      "timestamp_readable": "2025-06-27 08:07:31.407",
      "normalized_name": "Put-It-Somewhere-Else-Patrick/Put-It-Somewhere-Else-Patrick",
      "meme_name": "Put-It-Somewhere-Else-Patrick",
      "post_id": 43,
      "english_label": "others",
      "response_time_ms": 3412
    },
    {
      "image_path": "Table-Flip-Guy/Table-Flip-Guy_17.png",
      "label": "憤怒",
      "response_time": "00:00:02.113",
      "timestamp_unix": 1751011653,
      "timestamp_unix_ms": 1751011653650,
      "timestamp_readable": "2025-06-27 08:07:33.650",
      "normalized_name": "Table-Flip-Guy/Table-Flip-Guy",
      "meme_name": "Table-Flip-Guy",
      "post_id": 17,
      "english_label": "anger",
      "response_time_ms": 2113
    },
    {
      "image_path": "Confused-Gandalf/Confused-Gandalf_32.png",
      "label": "輕蔑",
      "response_time": "00:00:03.802",
      "timestamp_unix": 1751011657,
      "timestamp_unix_ms": 1751011657585,
      "timestamp_readable": "2025-06-27 08:07:37.585",
      "normalized_name": "Confused-Gandalf/Confused-Gandalf",
      "meme_name": "Confused-Gandalf",
      "post_id": 32,
      "english_label": "contempt",
      "response_time_ms": 3802
    },
    {
      "image_path": "Disaster-Girl/Disaster-Girl_41.png",
      "label": "輕蔑",
      "response_time": "00:00:03.108",
      "timestamp_unix": 1751011660,
      "timestamp_unix_ms": 1751011660828,
      "timestamp_readable": "2025-06-27 08:07:40.828",
      "normalized_name": "Disaster-Girl/Disaster-Girl",
      "meme_name": "Disaster-Girl",
      "post_id": 41,
      "english_label": "contempt",
      "response_time_ms": 3108
    },
    {
      "image_path": "You-The-Real-MVP/You-The-Real-MVP_39.png",
      "label": "其他",
      "response_time": "00:00:02.512",
      "timestamp_unix": 1751011663,
      "timestamp_unix_ms": 1751011663401,
      "timestamp_readable": "2025-06-27 08:07:43.401",
      "normalized_name": "You-The-Real-MVP/You-The-Real-MVP",
      "meme_name": "You-The-Real-MVP",
      "post_id": 39,
      "english_label": "others",
      "response_time_ms": 2512
    },
    {
      "image_path": "DJ-Pauly-D/DJ-Pauly-D_27.png",
      "label": "憤怒",
      "response_time": "00:00:02.110",
      "timestamp_unix": 1751011665,
      "timestamp_unix_ms": 1751011665649,
      "timestamp_readable": "2025-06-27 08:07:45.649",
      "normalized_name": "DJ-Pauly-D/DJ-Pauly-D",
      "meme_name": "DJ-Pauly-D",
      "post_id": 27,
      "english_label": "anger",
      "response_time_ms": 2110
    },
    {
      "image_path": "Spiderman-Hospital/Spiderman-Hospital_46.png",
      "label": "輕蔑",
      "response_time": "00:00:04.108",
      "timestamp_unix": 1751011669,
      "timestamp_unix_ms": 1751011669864,
      "timestamp_readable": "2025-06-27 08:07:49.864",
      "normalized_name": "Spiderman-Hospital/Spiderman-Hospital",
      "meme_name": "Spiderman-Hospital",
      "post_id": 46,
      "english_label": "contempt",
      "response_time_ms": 4108
    },
    {
      "image_path": "Obi-Wan-Kenobi/Obi-Wan-Kenobi_25.png",
      "label": "其他",
      "response_time": "00:00:01.802",
      "timestamp_unix": 1751011671,
      "timestamp_unix_ms": 1751011671725,
      "timestamp_readable": "2025-06-27 08:07:51.725",
      "normalized_name": "Obi-Wan-Kenobi/Obi-Wan-Kenobi",
      "meme_name": "Obi-Wan-Kenobi",
      "post_id": 25,
      "english_label": "others",
      "response_time_ms": 1802
    },
    {
      "image_path": "Always-you-three/Always-you-three_14.png",
      "label": "厭惡",
      "response_time": "00:00:03.508",
      "timestamp_unix": 1751011675,
      "timestamp_unix_ms": 1751011675372,
      "timestamp_readable": "2025-06-27 08:07:55.372",
      "normalized_name": "Always-you-three/Always-you-three",
      "meme_name": "Always-you-three",
      "post_id": 14,
      "english_label": "disgust",
      "response_time_ms": 3508
    },
    {
      "image_path": "Dave-chappelle/Dave-chappelle_37.png",
      "label": "厭惡",
      "response_time": "00:00:02.012",
      "timestamp_unix": 1751011677,
      "timestamp_unix_ms": 1751011677437,
      "timestamp_readable": "2025-06-27 08:07:57.437",
      "normalized_name": "Dave-chappelle/Dave-chappelle",
      "meme_name": "Dave-chappelle",
      "post_id": 37,
      "english_label": "disgust",
      "response_time_ms": 2012
    },
    {
      "image_path": "Happy--Shock/Happy--Shock_24.png",
      "label": "輕蔑",
      "response_time": "00:00:02.412",
      "timestamp_unix": 1751011679,
      "timestamp_unix_ms": 1751011679915,
      "timestamp_readable": "2025-06-27 08:07:59.915",
      "normalized_name": "Happy--Shock/Happy--Shock",
      "meme_name": "Happy--Shock",
      "post_id": 24,
      "english_label": "contempt",
      "response_time_ms": 2412
    },
    {
      "image_path": "Smudge-the-cat/Smudge-the-cat_18.png",
      "label": "輕蔑",
      "response_time": "00:00:02.702",
      "timestamp_unix": 1751011682,
      "timestamp_unix_ms": 1751011682681,
      "timestamp_readable": "2025-06-27 08:08:02.681",
      "normalized_name": "Smudge-the-cat/Smudge-the-cat",
      "meme_name": "Smudge-the-cat",
      "post_id": 18,
      "english_label": "contempt",
      "response_time_ms": 2702
    },
    {
      "image_path": "Ill-Have-You-Know-Spongebob/Ill-Have-You-Know-Spongebob_33.png",
      "label": "其他",
      "response_time": "00:00:02.605",
      "timestamp_unix": 1751011685,
      "timestamp_unix_ms": 1751011685438,
      "timestamp_readable": "2025-06-27 08:08:05.438",
      "normalized_name": "Ill-Have-You-Know-Spongebob/Ill-Have-You-Know-Spongebob",
      "meme_name": "Ill-Have-You-Know-Spongebob",
      "post_id": 33,
      "english_label": "others",
      "response_time_ms": 2605
    },
    {
      "image_path": "Drake-NoYes/Drake-NoYes_31.png",
      "label": "輕蔑",
      "response_time": "00:00:02.603",
      "timestamp_unix": 1751011688,
      "timestamp_unix_ms": 1751011688170,
      "timestamp_readable": "2025-06-27 08:08:08.170",
      "normalized_name": "Drake-NoYes/Drake-NoYes",
      "meme_name": "Drake-NoYes",
      "post_id": 31,
      "english_label": "contempt",
      "response_time_ms": 2603
    },
    {
      "image_path": "Gru-Gun/Gru-Gun_15.png",
      "label": "憤怒",
      "response_time": "00:00:03.900",
      "timestamp_unix": 1751011692,
      "timestamp_unix_ms": 1751011692187,
      "timestamp_readable": "2025-06-27 08:08:12.187",
      "normalized_name": "Gru-Gun/Gru-Gun",
      "meme_name": "Gru-Gun",
      "post_id": 15,
      "english_label": "anger",
      "response_time_ms": 3900
    },
    {
      "image_path": "Moe-throws-Barney/Moe-throws-Barney_50.png",
      "label": "憤怒",
      "response_time": "00:00:03.802",
      "timestamp_unix": 1751011696,
      "timestamp_unix_ms": 1751011696098,
      "timestamp_readable": "2025-06-27 08:08:16.098",
      "normalized_name": "Moe-throws-Barney/Moe-throws-Barney",
      "meme_name": "Moe-throws-Barney",
      "post_id": 50,
      "english_label": "anger",
      "response_time_ms": 3802
    },
    {
      "image_path": "Mocking-Spongebob/Mocking-Spongebob_7.png",
      "label": "輕蔑",
      "response_time": "00:00:02.501",
      "timestamp_unix": 1751011698,
      "timestamp_unix_ms": 1751011698749,
      "timestamp_readable": "2025-06-27 08:08:18.749",
      "normalized_name": "Mocking-Spongebob/Mocking-Spongebob",
      "meme_name": "Mocking-Spongebob",
      "post_id": 7,
      "english_label": "contempt",
      "response_time_ms": 2501
    },
    {
      "image_path": "Futurama-Fry/Futurama-Fry_22.png",
      "label": "輕蔑",
      "response_time": "00:00:03.703",
      "timestamp_unix": 1751011702,
      "timestamp_unix_ms": 1751011702553,
      "timestamp_readable": "2025-06-27 08:08:22.553",
      "normalized_name": "Futurama-Fry/Futurama-Fry",
      "meme_name": "Futurama-Fry",
      "post_id": 22,
      "english_label": "contempt",
      "response_time_ms": 3703
    },
    {
      "image_path": "Mr-McMahon-reaction/Mr-McMahon-reaction_45.png",
      "label": "憤怒",
      "response_time": "00:00:01.903",
      "timestamp_unix": 1751011704,
      "timestamp_unix_ms": 1751011704622,
      "timestamp_readable": "2025-06-27 08:08:24.622",
      "normalized_name": "Mr-McMahon-reaction/Mr-McMahon-reaction",
      "meme_name": "Mr-McMahon-reaction",
      "post_id": 45,
      "english_label": "anger",
      "response_time_ms": 1903
    },
    {
      "image_path": "Picard-Wtf/Picard-Wtf_12.png",
      "label": "厭惡",
      "response_time": "00:00:01.701",
      "timestamp_unix": 1751011706,
      "timestamp_unix_ms": 1751011706444,
      "timestamp_readable": "2025-06-27 08:08:26.444",
      "normalized_name": "Picard-Wtf/Picard-Wtf",
      "meme_name": "Picard-Wtf",
      "post_id": 12,
      "english_label": "disgust",
      "response_time_ms": 1701
    },
    {
      "image_path": "Disappointed-Man/Disappointed-Man_9.png",
      "label": "厭惡",
      "response_time": "00:00:02.906",
      "timestamp_unix": 1751011709,
      "timestamp_unix_ms": 1751011709447,
      "timestamp_readable": "2025-06-27 08:08:29.447",
      "normalized_name": "Disappointed-Man/Disappointed-Man",
      "meme_name": "Disappointed-Man",
      "post_id": 9,
      "english_label": "disgust",
      "response_time_ms": 2906
    },
    {
      "image_path": "Persian-Cat-Room-Guardian/Persian-Cat-Room-Guardian_20.png",
      "label": "輕蔑",
      "response_time": "00:00:03.505",
      "timestamp_unix": 1751011713,
      "timestamp_unix_ms": 1751011713024,
      "timestamp_readable": "2025-06-27 08:08:33.024",
      "normalized_name": "Persian-Cat-Room-Guardian/Persian-Cat-Room-Guardian",
      "meme_name": "Persian-Cat-Room-Guardian",
      "post_id": 20,
      "english_label": "contempt",
      "response_time_ms": 3505
    },
    {
      "image_path": "attention_check/attention_check_Others.png",
      "label": "其他",
      "response_time": "00:00:01.611",
      "timestamp_unix": 1751011714,
      "timestamp_unix_ms": 1751011714694,
      "timestamp_readable": "2025-06-27 08:08:34.694",
      "normalized_name": "attention_check/attention_check_Others.png",
      "meme_name": "attention_check",
      "post_id": null,
      "english_label": "others",
      "response_time_ms": 1611
    },
    {
      "image_path": "Angry-Baby/Angry-Baby_48.png",
      "label": "憤怒",
      "response_time": "00:00:01.802",
      "timestamp_unix": 1751011716,
      "timestamp_unix_ms": 1751011716570,
      "timestamp_readable": "2025-06-27 08:08:36.570",
      "normalized_name": "Angry-Baby/Angry-Baby",
      "meme_name": "Angry-Baby",
      "post_id": 48,
      "english_label": "anger",
      "response_time_ms": 1802
    }
  ],
  "session_start_unix": 1751011391,
  "session_status": "completed",
  "last_updated_unix": 1751011742,
  "image_order": [
    "Spiderman-Hospital/Spiderman-Hospital_46.png",
    "Happy--Shock/Happy--Shock_24.png",
    "Chill-guy/Chill-guy_34.png",
    "I-am-once-again-asking/I-am-once-again-asking_38.png",
    "Math-ladyConfused-lady/Math-ladyConfused-lady_10.png",
    "Archer/Archer_1.png",
    "Leonardo-Dicaprio-Wolf-Of-Wall-Street/Leonardo-Dicaprio-Wolf-Of-Wall-Street_44.png",
    "Mocking-Spongebob/Mocking-Spongebob_7.png",
    "Afraid-To-Ask-Andy/Afraid-To-Ask-Andy_23.png",
    "Charlie-Day/Charlie-Day_13.png",
    "Always-Has-Been/Always-Has-Been_11.png",
    "Picard-Wtf/Picard-Wtf_12.png",
    "Batman-Slapping-Robin/Batman-Slapping-Robin_2.png",
    "For-the-better-right-blank/For-the-better-right-blank_47.png",
    "Drake-NoYes/Drake-NoYes_31.png",
    "Laughing-wolf/Laughing-wolf_35.png",
    "DJ-Pauly-D/DJ-Pauly-D_27.png",
    "Always-you-three/Always-you-three_14.png",
    "Disappointed-Man/Disappointed-Man_9.png",
    "Smudge-the-cat/Smudge-the-cat_18.png",
    "Thats-a-paddlin/Thats-a-paddlin_26.png",
    "Hide-the-Pain-Harold/Hide-the-Pain-Harold_19.png",
    "Hold-fart/Hold-fart_8.png",
    "Im-The-Captain-Now/Im-The-Captain-Now_4.png",
    "Obi-Wan-Kenobi/Obi-Wan-Kenobi_25.png",
    "attention_check/attention_check_Anger.png",
    "Spongebob-Yelling/Spongebob-Yelling_5.png",
    "Nuclear-Explosion/Nuclear-Explosion_36.png",
    "Dinkleberg/Dinkleberg_21.png",
    "Scooby-doo-mask-reveal/Scooby-doo-mask-reveal_3.png",
    "Disaster-Girl/Disaster-Girl_41.png",
    "Black-guy-hiding-behind-tree/Black-guy-hiding-behind-tree_6.png",
    "You-The-Real-MVP/You-The-Real-MVP_39.png",
    "Moe-throws-Barney/Moe-throws-Barney_50.png",
    "Ill-Have-You-Know-Spongebob/Ill-Have-You-Know-Spongebob_33.png",
    "Futurama-Fry/Futurama-Fry_22.png",
    "Monkey-Puppet/Monkey-Puppet_49.png",
    "Confused-Gandalf/Confused-Gandalf_32.png",
    "Mr-incredible-mad/Mr-incredible-mad_30.png",
    "Dave-chappelle/Dave-chappelle_37.png",
    "Surprised-Pikachu/Surprised-Pikachu_40.png",
    "Table-Flip-Guy/Table-Flip-Guy_17.png",
    "Kevin-Hart/Kevin-Hart_16.png",
    "Well-Yes-But-Actually-No/Well-Yes-But-Actually-No_28.png",
    "Mr-McMahon-reaction/Mr-McMahon-reaction_45.png",
    "Gru-Gun/Gru-Gun_15.png",
    "Persian-Cat-Room-Guardian/Persian-Cat-Room-Guardian_20.png",
    "Put-It-Somewhere-Else-Patrick/Put-It-Somewhere-Else-Patrick_43.png",
    "Angry-Baby/Angry-Baby_48.png",
    "Arthur-Fist/Arthur-Fist_29.png",
    "attention_check/attention_check_Others.png",
    "Khan/Khan_42.png"
  ],
  "completion_status": {
    "practice_completed": true,
    "game_started": true,
    "game_completed": true,
    "summary_viewed": true,
    "email_submitted": true
  },
  "timestamps_unix": {
    "registration_completed": 1751011391,
    "practice_started": 1751011391,
    "practice_completed": 1751011413,
    "game_started": 1751011413,
    "first_label": 1751011482,
    "last_label": 1751011716,
    "game_completed": 1751011718,
    "summary_viewed": 1751011718,
    "email_submitted": 1751011742,
    "session_end": 1751011742,
    "last_updated": 1751011742
  },
  "timestamps_unix_ms": {
    "registration_completed_ms": 1751011391870,
    "practice_started_ms": 1751011391927,
    "practice_completed_ms": 1751011413394,
    "game_started_ms": 1751011413399,
    "first_label_ms": 1751011482179,
    "last_label_ms": 1751011716570,
    "game_completed_ms": 1751011718538,
    "summary_viewed_ms": 1751011718545,
    "email_submitted_ms": 1751011742899,
    "session_end_ms": 1751011742899,
    "last_updated_ms": 1751011742899
  },
  "duration_stats_ms": {
    "total_session_duration_ms": 351029,
    "practice_duration_ms": 21467,
    "game_duration_ms": 305139,
    "labeling_duration_ms": 234391,
    "email_submission_duration_ms": 24354
  },
  "filename_updated_unix": 1751011718,
  "original_filename": "user_d25d6f",
  "completion_status_in_filename": "email_submitted"
}