{
  "user_id": "user_6c96da",
  "file_name": "user_6c96da_1751281506_1751282106_fullycomplete",
  "unix_start_time": 1751281506,
  "unix_start_time_ms": 1751281506166,
  "unix_end_time": 1751282106,
  "unix_end_time_ms": 1751282106899,
  "age": "25-29",
  "gender": "female",
  "user_agent": "Mozilla/5.0 (Windows NT 10.0; Win64; x64) AppleWebKit/537.36 (KHTML, like Gecko) Chrome/137.0.0.0 Safari/537.36",
  "user_ip": "140.136.21.181",
  "status": "complete",
  "email_provided": "complete",
  "attention_passed": true,
  "start_time_readable": "2025-06-30 11:05:06.166",
  "end_time_readable": "2025-06-30 11:15:06.899",
  "total_labels": 52,
  "emotion_summary": {
    "anger": 13,
    "contempt": 23,
    "disgust": 5,
    "others": 11
  },
  "email": "1090604@ntsu.edu.tw",
  "participation": "yes",
  "total_responses": 52,
  "responses": [
    {
      "image_path": "Obi-Wan-Kenobi/Obi-Wan-Kenobi_40.png",
      "label": "其他",
      "response_time": "00:00:11.904",
      "timestamp_unix": 1751281579,
      "timestamp_unix_ms": 1751281579369,
      "timestamp_readable": "2025-06-30 11:06:19.369",
      "normalized_name": "Obi-Wan-Kenobi/Obi-Wan-Kenobi",
      "meme_name": "Obi-Wan-Kenobi",
      "post_id": 40,
      "english_label": "others",
      "response_time_ms": 11904
    },
    {
      "image_path": "Afraid-To-Ask-Andy/Afraid-To-Ask-Andy_46.png",
      "label": "輕蔑",
      "response_time": "00:00:11.503",
      "timestamp_unix": 1751281591,
      "timestamp_unix_ms": 1751281591013,
      "timestamp_readable": "2025-06-30 11:06:31.013",
      "normalized_name": "Afraid-To-Ask-Andy/Afraid-To-Ask-Andy",
      "meme_name": "Afraid-To-Ask-Andy",
      "post_id": 46,
      "english_label": "contempt",
      "response_time_ms": 11503
    },
    {
      "image_path": "Batman-Slapping-Robin/Batman-Slapping-Robin_7.png",
      "label": "憤怒",
      "response_time": "00:00:05.406",
      "timestamp_unix": 1751281596,
      "timestamp_unix_ms": 1751281596541,
      "timestamp_readable": "2025-06-30 11:06:36.541",
      "normalized_name": "Batman-Slapping-Robin/Batman-Slapping-Robin",
      "meme_name": "Batman-Slapping-Robin",
      "post_id": 7,
      "english_label": "anger",
      "response_time_ms": 5406
    },
    {
      "image_path": "Surprised-Pikachu/Surprised-Pikachu_25.png",
      "label": "輕蔑",
      "response_time": "00:00:13.803",
      "timestamp_unix": 1751281610,
      "timestamp_unix_ms": 1751281610420,
      "timestamp_readable": "2025-06-30 11:06:50.420",
      "normalized_name": "Surprised-Pikachu/Surprised-Pikachu",
      "meme_name": "Surprised-Pikachu",
      "post_id": 25,
      "english_label": "contempt",
      "response_time_ms": 13803
    },
    {
      "image_path": "Always-Has-Been/Always-Has-Been_6.png",
      "label": "憤怒",
      "response_time": "00:00:08.410",
      "timestamp_unix": 1751281618,
      "timestamp_unix_ms": 1751281618931,
      "timestamp_readable": "2025-06-30 11:06:58.931",
      "normalized_name": "Always-Has-Been/Always-Has-Been",
      "meme_name": "Always-Has-Been",
      "post_id": 6,
      "english_label": "anger",
      "response_time_ms": 8410
    },
    {
      "image_path": "Charlie-Day/Charlie-Day_15.png",
      "label": "輕蔑",
      "response_time": "00:00:07.409",
      "timestamp_unix": 1751281626,
      "timestamp_unix_ms": 1751281626481,
      "timestamp_readable": "2025-06-30 11:07:06.481",
      "normalized_name": "Charlie-Day/Charlie-Day",
      "meme_name": "Charlie-Day",
      "post_id": 15,
      "english_label": "contempt",
      "response_time_ms": 7409
    },
    {
      "image_path": "Hold-fart/Hold-fart_4.png",
      "label": "輕蔑",
      "response_time": "00:00:10.707",
      "timestamp_unix": 1751281637,
      "timestamp_unix_ms": 1751281637312,
      "timestamp_readable": "2025-06-30 11:07:17.312",
      "normalized_name": "Hold-fart/Hold-fart",
      "meme_name": "Hold-fart",
      "post_id": 4,
      "english_label": "contempt",
      "response_time_ms": 10707
    },
    {
      "image_path": "Happy--Shock/Happy--Shock_27.png",
      "label": "厭惡",
      "response_time": "00:00:09.208",
      "timestamp_unix": 1751281646,
      "timestamp_unix_ms": 1751281646658,
      "timestamp_readable": "2025-06-30 11:07:26.658",
      "normalized_name": "Happy--Shock/Happy--Shock",
      "meme_name": "Happy--Shock",
      "post_id": 27,
      "english_label": "disgust",
      "response_time_ms": 9208
    },
    {
      "image_path": "Monkey-Puppet/Monkey-Puppet_45.png",
      "label": "輕蔑",
      "response_time": "00:00:09.210",
      "timestamp_unix": 1751281655,
      "timestamp_unix_ms": 1751281655972,
      "timestamp_readable": "2025-06-30 11:07:35.972",
      "normalized_name": "Monkey-Puppet/Monkey-Puppet",
      "meme_name": "Monkey-Puppet",
      "post_id": 45,
      "english_label": "contempt",
      "response_time_ms": 9210
    },
    {
      "image_path": "You-The-Real-MVP/You-The-Real-MVP_30.png",
      "label": "其他",
      "response_time": "00:00:05.805",
      "timestamp_unix": 1751281661,
      "timestamp_unix_ms": 1751281661853,
      "timestamp_readable": "2025-06-30 11:07:41.853",
      "normalized_name": "You-The-Real-MVP/You-The-Real-MVP",
      "meme_name": "You-The-Real-MVP",
      "post_id": 30,
      "english_label": "others",
      "response_time_ms": 5805
    },
    {
      "image_path": "Leonardo-Dicaprio-Wolf-Of-Wall-Street/Leonardo-Dicaprio-Wolf-Of-Wall-Street_37.png",
      "label": "輕蔑",
      "response_time": "00:00:06.103",
      "timestamp_unix": 1751281668,
      "timestamp_unix_ms": 1751281668065,
      "timestamp_readable": "2025-06-30 11:07:48.065",
      "normalized_name": "Leonardo-Dicaprio-Wolf-Of-Wall-Street/Leonardo-Dicaprio-Wolf-Of-Wall-Street",
      "meme_name": "Leonardo-Dicaprio-Wolf-Of-Wall-Street",
      "post_id": 37,
      "english_label": "contempt",
      "response_time_ms": 6103
    },
    {
      "image_path": "Spongebob-Yelling/Spongebob-Yelling_8.png",
      "label": "憤怒",
      "response_time": "00:00:22.604",
      "timestamp_unix": 1751281690,
      "timestamp_unix_ms": 1751281690777,
      "timestamp_readable": "2025-06-30 11:08:10.777",
      "normalized_name": "Spongebob-Yelling/Spongebob-Yelling",
      "meme_name": "Spongebob-Yelling",
      "post_id": 8,
      "english_label": "anger",
      "response_time_ms": 22604
    },
    {
      "image_path": "Drake-NoYes/Drake-NoYes_24.png",
      "label": "輕蔑",
      "response_time": "00:00:08.912",
      "timestamp_unix": 1751281699,
      "timestamp_unix_ms": 1751281699723,
      "timestamp_readable": "2025-06-30 11:08:19.723",
      "normalized_name": "Drake-NoYes/Drake-NoYes",
      "meme_name": "Drake-NoYes",
      "post_id": 24,
      "english_label": "contempt",
      "response_time_ms": 8912
    },
    {
      "image_path": "For-the-better-right-blank/For-the-better-right-blank_49.png",
      "label": "其他",
      "response_time": "00:00:14.805",
      "timestamp_unix": 1751281714,
      "timestamp_unix_ms": 1751281714620,
      "timestamp_readable": "2025-06-30 11:08:34.620",
      "normalized_name": "For-the-better-right-blank/For-the-better-right-blank",
      "meme_name": "For-the-better-right-blank",
      "post_id": 49,
      "english_label": "others",
      "response_time_ms": 14805
    },
    {
      "image_path": "Mr-McMahon-reaction/Mr-McMahon-reaction_20.png",
      "label": "其他",
      "response_time": "00:00:05.004",
      "timestamp_unix": 1751281719,
      "timestamp_unix_ms": 1751281719733,
      "timestamp_readable": "2025-06-30 11:08:39.733",
      "normalized_name": "Mr-McMahon-reaction/Mr-McMahon-reaction",
      "meme_name": "Mr-McMahon-reaction",
      "post_id": 20,
      "english_label": "others",
      "response_time_ms": 5004
    },
    {
      "image_path": "Thats-a-paddlin/Thats-a-paddlin_28.png",
      "label": "厭惡",
      "response_time": "00:00:09.802",
      "timestamp_unix": 1751281729,
      "timestamp_unix_ms": 1751281729664,
      "timestamp_readable": "2025-06-30 11:08:49.664",
      "normalized_name": "Thats-a-paddlin/Thats-a-paddlin",
      "meme_name": "Thats-a-paddlin",
      "post_id": 28,
      "english_label": "disgust",
      "response_time_ms": 9802
    },
    {
      "image_path": "Khan/Khan_9.png",
      "label": "憤怒",
      "response_time": "00:00:04.307",
      "timestamp_unix": 1751281734,
      "timestamp_unix_ms": 1751281734030,
      "timestamp_readable": "2025-06-30 11:08:54.030",
      "normalized_name": "Khan/Khan",
      "meme_name": "Khan",
      "post_id": 9,
      "english_label": "anger",
      "response_time_ms": 4307
    },
    {
      "image_path": "Chill-guy/Chill-guy_5.png",
      "label": "其他",
      "response_time": "00:00:15.405",
      "timestamp_unix": 1751281749,
      "timestamp_unix_ms": 1751281749526,
      "timestamp_readable": "2025-06-30 11:09:09.526",
      "normalized_name": "Chill-guy/Chill-guy",
      "meme_name": "Chill-guy",
      "post_id": 5,
      "english_label": "others",
      "response_time_ms": 15405
    },
    {
      "image_path": "Arthur-Fist/Arthur-Fist_10.png",
      "label": "憤怒",
      "response_time": "00:00:06.010",
      "timestamp_unix": 1751281755,
      "timestamp_unix_ms": 1751281755589,
      "timestamp_readable": "2025-06-30 11:09:15.589",
      "normalized_name": "Arthur-Fist/Arthur-Fist",
      "meme_name": "Arthur-Fist",
      "post_id": 10,
      "english_label": "anger",
      "response_time_ms": 6010
    },
    {
      "image_path": "DJ-Pauly-D/DJ-Pauly-D_13.png",
      "label": "厭惡",
      "response_time": "00:00:05.407",
      "timestamp_unix": 1751281761,
      "timestamp_unix_ms": 1751281761054,
      "timestamp_readable": "2025-06-30 11:09:21.054",
      "normalized_name": "DJ-Pauly-D/DJ-Pauly-D",
      "meme_name": "DJ-Pauly-D",
      "post_id": 13,
      "english_label": "disgust",
      "response_time_ms": 5407
    },
    {
      "image_path": "Dinkleberg/Dinkleberg_12.png",
      "label": "憤怒",
      "response_time": "00:00:04.013",
      "timestamp_unix": 1751281765,
      "timestamp_unix_ms": 1751281765102,
      "timestamp_readable": "2025-06-30 11:09:25.102",
      "normalized_name": "Dinkleberg/Dinkleberg",
      "meme_name": "Dinkleberg",
      "post_id": 12,
      "english_label": "anger",
      "response_time_ms": 4013
    },
    {
      "image_path": "Black-guy-hiding-behind-tree/Black-guy-hiding-behind-tree_23.png",
      "label": "憤怒",
      "response_time": "00:00:21.706",
      "timestamp_unix": 1751281786,
      "timestamp_unix_ms": 1751281786880,
      "timestamp_readable": "2025-06-30 11:09:46.880",
      "normalized_name": "Black-guy-hiding-behind-tree/Black-guy-hiding-behind-tree",
      "meme_name": "Black-guy-hiding-behind-tree",
      "post_id": 23,
      "english_label": "anger",
      "response_time_ms": 21706
    },
    {
      "image_path": "attention_check/attention_check_Anger.png",
      "label": "憤怒",
      "response_time": "00:00:05.108",
      "timestamp_unix": 1751281792,
      "timestamp_unix_ms": 1751281792096,
      "timestamp_readable": "2025-06-30 11:09:52.096",
      "normalized_name": "attention_check/attention_check_Anger.png",
      "meme_name": "attention_check",
      "post_id": null,
      "english_label": "anger",
      "response_time_ms": 5108
    },
    {
      "image_path": "Futurama-Fry/Futurama-Fry_3.png",
      "label": "厭惡",
      "response_time": "00:00:12.303",
      "timestamp_unix": 1751281804,
      "timestamp_unix_ms": 1751281804473,
      "timestamp_readable": "2025-06-30 11:10:04.473",
      "normalized_name": "Futurama-Fry/Futurama-Fry",
      "meme_name": "Futurama-Fry",
      "post_id": 3,
      "english_label": "disgust",
      "response_time_ms": 12303
    },
    {
      "image_path": "Dave-chappelle/Dave-chappelle_18.png",
      "label": "輕蔑",
      "response_time": "00:00:09.209",
      "timestamp_unix": 1751281813,
      "timestamp_unix_ms": 1751281813801,
      "timestamp_readable": "2025-06-30 11:10:13.801",
      "normalized_name": "Dave-chappelle/Dave-chappelle",
      "meme_name": "Dave-chappelle",
      "post_id": 18,
      "english_label": "contempt",
      "response_time_ms": 9209
    },
    {
      "image_path": "Math-ladyConfused-lady/Math-ladyConfused-lady_35.png",
      "label": "輕蔑",
      "response_time": "00:00:05.709",
      "timestamp_unix": 1751281819,
      "timestamp_unix_ms": 1751281819602,
      "timestamp_readable": "2025-06-30 11:10:19.602",
      "normalized_name": "Math-ladyConfused-lady/Math-ladyConfused-lady",
      "meme_name": "Math-ladyConfused-lady",
      "post_id": 35,
      "english_label": "contempt",
      "response_time_ms": 5709
    },
    {
      "image_path": "Kevin-Hart/Kevin-Hart_50.png",
      "label": "其他",
      "response_time": "00:00:07.804",
      "timestamp_unix": 1751281827,
      "timestamp_unix_ms": 1751281827450,
      "timestamp_readable": "2025-06-30 11:10:27.450",
      "normalized_name": "Kevin-Hart/Kevin-Hart",
      "meme_name": "Kevin-Hart",
      "post_id": 50,
      "english_label": "others",
      "response_time_ms": 7804
    },
    {
      "image_path": "Ill-Have-You-Know-Spongebob/Ill-Have-You-Know-Spongebob_19.png",
      "label": "輕蔑",
      "response_time": "00:00:08.101",
      "timestamp_unix": 1751281835,
      "timestamp_unix_ms": 1751281835595,
      "timestamp_readable": "2025-06-30 11:10:35.595",
      "normalized_name": "Ill-Have-You-Know-Spongebob/Ill-Have-You-Know-Spongebob",
      "meme_name": "Ill-Have-You-Know-Spongebob",
      "post_id": 19,
      "english_label": "contempt",
      "response_time_ms": 8101
    },
    {
      "image_path": "Confused-Gandalf/Confused-Gandalf_2.png",
      "label": "其他",
      "response_time": "00:00:15.104",
      "timestamp_unix": 1751281850,
      "timestamp_unix_ms": 1751281850792,
      "timestamp_readable": "2025-06-30 11:10:50.792",
      "normalized_name": "Confused-Gandalf/Confused-Gandalf",
      "meme_name": "Confused-Gandalf",
      "post_id": 2,
      "english_label": "others",
      "response_time_ms": 15104
    },
    {
      "image_path": "I-am-once-again-asking/I-am-once-again-asking_31.png",
      "label": "輕蔑",
      "response_time": "00:00:06.809",
      "timestamp_unix": 1751281857,
      "timestamp_unix_ms": 1751281857689,
      "timestamp_readable": "2025-06-30 11:10:57.689",
      "normalized_name": "I-am-once-again-asking/I-am-once-again-asking",
      "meme_name": "I-am-once-again-asking",
      "post_id": 31,
      "english_label": "contempt",
      "response_time_ms": 6809
    },
    {
      "image_path": "Mr-incredible-mad/Mr-incredible-mad_47.png",
      "label": "憤怒",
      "response_time": "00:00:05.208",
      "timestamp_unix": 1751281862,
      "timestamp_unix_ms": 1751281862972,
      "timestamp_readable": "2025-06-30 11:11:02.972",
      "normalized_name": "Mr-incredible-mad/Mr-incredible-mad",
      "meme_name": "Mr-incredible-mad",
      "post_id": 47,
      "english_label": "anger",
      "response_time_ms": 5208
    },
    {
      "image_path": "Table-Flip-Guy/Table-Flip-Guy_33.png",
      "label": "憤怒",
      "response_time": "00:00:05.805",
      "timestamp_unix": 1751281868,
      "timestamp_unix_ms": 1751281868837,
      "timestamp_readable": "2025-06-30 11:11:08.837",
      "normalized_name": "Table-Flip-Guy/Table-Flip-Guy",
      "meme_name": "Table-Flip-Guy",
      "post_id": 33,
      "english_label": "anger",
      "response_time_ms": 5805
    },
    {
      "image_path": "Mocking-Spongebob/Mocking-Spongebob_32.png",
      "label": "其他",
      "response_time": "00:00:14.003",
      "timestamp_unix": 1751281882,
      "timestamp_unix_ms": 1751281882918,
      "timestamp_readable": "2025-06-30 11:11:22.918",
      "normalized_name": "Mocking-Spongebob/Mocking-Spongebob",
      "meme_name": "Mocking-Spongebob",
      "post_id": 32,
      "english_label": "others",
      "response_time_ms": 14003
    },
    {
      "image_path": "Nuclear-Explosion/Nuclear-Explosion_38.png",
      "label": "憤怒",
      "response_time": "00:00:06.707",
      "timestamp_unix": 1751281889,
      "timestamp_unix_ms": 1751281889662,
      "timestamp_readable": "2025-06-30 11:11:29.662",
      "normalized_name": "Nuclear-Explosion/Nuclear-Explosion",
      "meme_name": "Nuclear-Explosion",
      "post_id": 38,
      "english_label": "anger",
      "response_time_ms": 6707
    },
    {
      "image_path": "Put-It-Somewhere-Else-Patrick/Put-It-Somewhere-Else-Patrick_36.png",
      "label": "輕蔑",
      "response_time": "00:00:10.911",
      "timestamp_unix": 1751281900,
      "timestamp_unix_ms": 1751281900610,
      "timestamp_readable": "2025-06-30 11:11:40.610",
      "normalized_name": "Put-It-Somewhere-Else-Patrick/Put-It-Somewhere-Else-Patrick",
      "meme_name": "Put-It-Somewhere-Else-Patrick",
      "post_id": 36,
      "english_label": "contempt",
      "response_time_ms": 10911
    },
    {
      "image_path": "Archer/Archer_41.png",
      "label": "輕蔑",
      "response_time": "00:00:08.005",
      "timestamp_unix": 1751281908,
      "timestamp_unix_ms": 1751281908705,
      "timestamp_readable": "2025-06-30 11:11:48.705",
      "normalized_name": "Archer/Archer",
      "meme_name": "Archer",
      "post_id": 41,
      "english_label": "contempt",
      "response_time_ms": 8005
    },
    {
      "image_path": "Always-you-three/Always-you-three_29.png",
      "label": "輕蔑",
      "response_time": "00:00:07.608",
      "timestamp_unix": 1751281916,
      "timestamp_unix_ms": 1751281916387,
      "timestamp_readable": "2025-06-30 11:11:56.387",
      "normalized_name": "Always-you-three/Always-you-three",
      "meme_name": "Always-you-three",
      "post_id": 29,
      "english_label": "contempt",
      "response_time_ms": 7608
    },
    {
      "image_path": "Smudge-the-cat/Smudge-the-cat_26.png",
      "label": "輕蔑",
      "response_time": "00:00:06.806",
      "timestamp_unix": 1751281923,
      "timestamp_unix_ms": 1751281923284,
      "timestamp_readable": "2025-06-30 11:12:03.284",
      "normalized_name": "Smudge-the-cat/Smudge-the-cat",
      "meme_name": "Smudge-the-cat",
      "post_id": 26,
      "english_label": "contempt",
      "response_time_ms": 6806
    },
    {
      "image_path": "Picard-Wtf/Picard-Wtf_42.png",
      "label": "其他",
      "response_time": "00:00:20.901",
      "timestamp_unix": 1751281944,
      "timestamp_unix_ms": 1751281944312,
      "timestamp_readable": "2025-06-30 11:12:24.312",
      "normalized_name": "Picard-Wtf/Picard-Wtf",
      "meme_name": "Picard-Wtf",
      "post_id": 42,
      "english_label": "others",
      "response_time_ms": 20901
    },
    {
      "image_path": "Disappointed-Man/Disappointed-Man_48.png",
      "label": "輕蔑",
      "response_time": "00:00:05.204",
      "timestamp_unix": 1751281949,
      "timestamp_unix_ms": 1751281949640,
      "timestamp_readable": "2025-06-30 11:12:29.640",
      "normalized_name": "Disappointed-Man/Disappointed-Man",
      "meme_name": "Disappointed-Man",
      "post_id": 48,
      "english_label": "contempt",
      "response_time_ms": 5204
    },
    {
      "image_path": "Spiderman-Hospital/Spiderman-Hospital_43.png",
      "label": "輕蔑",
      "response_time": "00:00:06.313",
      "timestamp_unix": 1751281955,
      "timestamp_unix_ms": 1751281955991,
      "timestamp_readable": "2025-06-30 11:12:35.991",
      "normalized_name": "Spiderman-Hospital/Spiderman-Hospital",
      "meme_name": "Spiderman-Hospital",
      "post_id": 43,
      "english_label": "contempt",
      "response_time_ms": 6313
    },
    {
      "image_path": "Hide-the-Pain-Harold/Hide-the-Pain-Harold_39.png",
      "label": "輕蔑",
      "response_time": "00:00:10.902",
      "timestamp_unix": 1751281966,
      "timestamp_unix_ms": 1751281966963,
      "timestamp_readable": "2025-06-30 11:12:46.963",
      "normalized_name": "Hide-the-Pain-Harold/Hide-the-Pain-Harold",
      "meme_name": "Hide-the-Pain-Harold",
      "post_id": 39,
      "english_label": "contempt",
      "response_time_ms": 10902
    },
    {
      "image_path": "Scooby-doo-mask-reveal/Scooby-doo-mask-reveal_22.png",
      "label": "輕蔑",
      "response_time": "00:00:08.208",
      "timestamp_unix": 1751281975,
      "timestamp_unix_ms": 1751281975267,
      "timestamp_readable": "2025-06-30 11:12:55.267",
      "normalized_name": "Scooby-doo-mask-reveal/Scooby-doo-mask-reveal",
      "meme_name": "Scooby-doo-mask-reveal",
      "post_id": 22,
      "english_label": "contempt",
      "response_time_ms": 8208
    },
    {
      "image_path": "Im-The-Captain-Now/Im-The-Captain-Now_1.png",
      "label": "厭惡",
      "response_time": "00:00:06.007",
      "timestamp_unix": 1751281981,
      "timestamp_unix_ms": 1751281981346,
      "timestamp_readable": "2025-06-30 11:13:01.346",
      "normalized_name": "Im-The-Captain-Now/Im-The-Captain-Now",
      "meme_name": "Im-The-Captain-Now",
      "post_id": 1,
      "english_label": "disgust",
      "response_time_ms": 6007
    },
    {
      "image_path": "Gru-Gun/Gru-Gun_17.png",
      "label": "憤怒",
      "response_time": "00:00:07.307",
      "timestamp_unix": 1751281988,
      "timestamp_unix_ms": 1751281988767,
      "timestamp_readable": "2025-06-30 11:13:08.767",
      "normalized_name": "Gru-Gun/Gru-Gun",
      "meme_name": "Gru-Gun",
      "post_id": 17,
      "english_label": "anger",
      "response_time_ms": 7307
    },
    {
      "image_path": "Angry-Baby/Angry-Baby_14.png",
      "label": "憤怒",
      "response_time": "00:00:07.802",
      "timestamp_unix": 1751281996,
      "timestamp_unix_ms": 1751281996677,
      "timestamp_readable": "2025-06-30 11:13:16.677",
      "normalized_name": "Angry-Baby/Angry-Baby",
      "meme_name": "Angry-Baby",
      "post_id": 14,
      "english_label": "anger",
      "response_time_ms": 7802
    },
    {
      "image_path": "Disaster-Girl/Disaster-Girl_34.png",
      "label": "輕蔑",
      "response_time": "00:00:09.805",
      "timestamp_unix": 1751282006,
      "timestamp_unix_ms": 1751282006619,
      "timestamp_readable": "2025-06-30 11:13:26.619",
      "normalized_name": "Disaster-Girl/Disaster-Girl",
      "meme_name": "Disaster-Girl",
      "post_id": 34,
      "english_label": "contempt",
      "response_time_ms": 9805
    },
    {
      "image_path": "attention_check/attention_check_Others.png",
      "label": "其他",
      "response_time": "00:00:02.601",
      "timestamp_unix": 1751282009,
      "timestamp_unix_ms": 1751282009286,
      "timestamp_readable": "2025-06-30 11:13:29.286",
      "normalized_name": "attention_check/attention_check_Others.png",
      "meme_name": "attention_check",
      "post_id": null,
      "english_label": "others",
      "response_time_ms": 2601
    },
    {
      "image_path": "Persian-Cat-Room-Guardian/Persian-Cat-Room-Guardian_44.png",
      "label": "輕蔑",
      "response_time": "00:00:13.816",
      "timestamp_unix": 1751282023,
      "timestamp_unix_ms": 1751282023136,
      "timestamp_readable": "2025-06-30 11:13:43.136",
      "normalized_name": "Persian-Cat-Room-Guardian/Persian-Cat-Room-Guardian",
      "meme_name": "Persian-Cat-Room-Guardian",
      "post_id": 44,
      "english_label": "contempt",
      "response_time_ms": 13816
    },
    {
      "image_path": "Laughing-wolf/Laughing-wolf_21.png",
      "label": "輕蔑",
      "response_time": "00:00:06.604",
      "timestamp_unix": 1751282029,
      "timestamp_unix_ms": 1751282029803,
      "timestamp_readable": "2025-06-30 11:13:49.803",
      "normalized_name": "Laughing-wolf/Laughing-wolf",
      "meme_name": "Laughing-wolf",
      "post_id": 21,
      "english_label": "contempt",
      "response_time_ms": 6604
    },
    {
      "image_path": "Well-Yes-But-Actually-No/Well-Yes-But-Actually-No_11.png",
      "label": "輕蔑",
      "response_time": "00:00:17.801",
      "timestamp_unix": 1751282047,
      "timestamp_unix_ms": 1751282047728,
      "timestamp_readable": "2025-06-30 11:14:07.728",
      "normalized_name": "Well-Yes-But-Actually-No/Well-Yes-But-Actually-No",
      "meme_name": "Well-Yes-But-Actually-No",
      "post_id": 11,
      "english_label": "contempt",
      "response_time_ms": 17801
    },
    {
      "image_path": "Moe-throws-Barney/Moe-throws-Barney_16.png",
      "label": "其他",
      "response_time": "00:00:17.503",
      "timestamp_unix": 1751282065,
      "timestamp_unix_ms": 1751282065358,
      "timestamp_readable": "2025-06-30 11:14:25.358",
      "normalized_name": "Moe-throws-Barney/Moe-throws-Barney",
      "meme_name": "Moe-throws-Barney",
      "post_id": 16,
      "english_label": "others",
      "response_time_ms": 17503
    }
  ],
  "session_start_unix": 1751281506,
  "session_status": "completed",
  "last_updated_unix": 1751282106,
  "image_order": [
    "Spiderman-Hospital/Spiderman-Hospital_43.png",
    "Happy--Shock/Happy--Shock_27.png",
    "Chill-guy/Chill-guy_5.png",
    "I-am-once-again-asking/I-am-once-again-asking_31.png",
    "Math-ladyConfused-lady/Math-ladyConfused-lady_35.png",
    "Archer/Archer_41.png",
    "Leonardo-Dicaprio-Wolf-Of-Wall-Street/Leonardo-Dicaprio-Wolf-Of-Wall-Street_37.png",
    "Mocking-Spongebob/Mocking-Spongebob_32.png",
    "Afraid-To-Ask-Andy/Afraid-To-Ask-Andy_46.png",
    "Charlie-Day/Charlie-Day_15.png",
    "Always-Has-Been/Always-Has-Been_6.png",
    "Picard-Wtf/Picard-Wtf_42.png",
    "Batman-Slapping-Robin/Batman-Slapping-Robin_7.png",
    "For-the-better-right-blank/For-the-better-right-blank_49.png",
    "Drake-NoYes/Drake-NoYes_24.png",
    "Laughing-wolf/Laughing-wolf_21.png",
    "DJ-Pauly-D/DJ-Pauly-D_13.png",
    "Always-you-three/Always-you-three_29.png",
    "Disappointed-Man/Disappointed-Man_48.png",
    "Smudge-the-cat/Smudge-the-cat_26.png",
    "Thats-a-paddlin/Thats-a-paddlin_28.png",
    "Hide-the-Pain-Harold/Hide-the-Pain-Harold_39.png",
    "attention_check/attention_check_Anger.png",
    "Hold-fart/Hold-fart_4.png",
    "Im-The-Captain-Now/Im-The-Captain-Now_1.png",
    "Obi-Wan-Kenobi/Obi-Wan-Kenobi_40.png",
    "Spongebob-Yelling/Spongebob-Yelling_8.png",
    "Nuclear-Explosion/Nuclear-Explosion_38.png",
    "Dinkleberg/Dinkleberg_12.png",
    "Scooby-doo-mask-reveal/Scooby-doo-mask-reveal_22.png",
    "Disaster-Girl/Disaster-Girl_34.png",
    "Black-guy-hiding-behind-tree/Black-guy-hiding-behind-tree_23.png",
    "You-The-Real-MVP/You-The-Real-MVP_30.png",
    "Moe-throws-Barney/Moe-throws-Barney_16.png",
    "Ill-Have-You-Know-Spongebob/Ill-Have-You-Know-Spongebob_19.png",
    "Futurama-Fry/Futurama-Fry_3.png",
    "Monkey-Puppet/Monkey-Puppet_45.png",
    "Confused-Gandalf/Confused-Gandalf_2.png",
    "Mr-incredible-mad/Mr-incredible-mad_47.png",
    "Dave-chappelle/Dave-chappelle_18.png",
    "Surprised-Pikachu/Surprised-Pikachu_25.png",
    "Table-Flip-Guy/Table-Flip-Guy_33.png",
    "Kevin-Hart/Kevin-Hart_50.png",
    "Well-Yes-But-Actually-No/Well-Yes-But-Actually-No_11.png",
    "Mr-McMahon-reaction/Mr-McMahon-reaction_20.png",
    "Gru-Gun/Gru-Gun_17.png",
    "Persian-Cat-Room-Guardian/Persian-Cat-Room-Guardian_44.png",
    "attention_check/attention_check_Others.png",
    "Put-It-Somewhere-Else-Patrick/Put-It-Somewhere-Else-Patrick_36.png",
    "Angry-Baby/Angry-Baby_14.png",
    "Arthur-Fist/Arthur-Fist_10.png",
    "Khan/Khan_9.png"
  ],
  "completion_status": {
    "practice_completed": true,
    "game_started": true,
    "game_completed": true,
    "summary_viewed": true,
    "email_submitted": true
  },
  "timestamps_unix": {
    "registration_completed": 1751281506,
    "practice_started": 1751281506,
    "practice_completed": 1751281567,
    "game_started": 1751281567,
    "first_label": 1751281579,
    "last_label": 1751282065,
    "game_completed": 1751282073,
    "summary_viewed": 1751282073,
    "email_submitted": 1751282106,
    "session_end": 1751282106,
    "last_updated": 1751282106
  },
  "timestamps_unix_ms": {
    "registration_completed_ms": 1751281506166,
    "practice_started_ms": 1751281506208,
    "practice_completed_ms": 1751281567203,
    "game_started_ms": 1751281567210,
    "first_label_ms": 1751281579369,
    "last_label_ms": 1751282065358,
    "game_completed_ms": 1751282073052,
    "summary_viewed_ms": 1751282073060,
    "email_submitted_ms": 1751282106891,
    "session_end_ms": 1751282106891,
    "last_updated_ms": 1751282106891
  },
  "duration_stats_ms": {
    "total_session_duration_ms": 600725,
    "practice_duration_ms": 60995,
    "game_duration_ms": 505842,
    "labeling_duration_ms": 485989,
    "email_submission_duration_ms": 33831
  },
  "filename_updated_unix": 1751282073,
  "original_filename": "user_6c96da",
  "completion_status_in_filename": "email_submitted"
}