{
  "user_id": "user_f8d52c",
  "file_name": "user_f8d52c_1750680530_1750680829_fullycomplete",
  "unix_start_time": 1750680530,
  "unix_start_time_ms": 1750680530137,
  "unix_end_time": 1750680829,
  "unix_end_time_ms": 1750680829377,
  "age": "25-29",
  "gender": "male",
  "user_agent": "Mozilla/5.0 (Windows NT 10.0; Win64; x64) AppleWebKit/537.36 (KHTML, like Gecko) Chrome/137.0.0.0 Safari/537.36",
  "user_ip": "140.114.97.185",
  "status": "complete",
  "email_provided": "complete",
  "attention_passed": true,
  "start_time_readable": "2025-06-23 12:08:50.137",
  "end_time_readable": "2025-06-23 12:13:49.377",
  "total_labels": 52,
  "emotion_summary": {
    "anger": 12,
    "contempt": 8,
    "disgust": 7,
    "others": 25
  },
  "email": "s7896345631@gmail.com",
  "participation": "yes",
  "total_responses": 52,
  "responses": [
    {
      "image_path": "Dinkleberg/Dinkleberg_41.png",
      "label": "輕蔑",
      "response_time": "00:00:16.604",
      "timestamp_unix": 1750680588,
      "timestamp_unix_ms": 1750680588064,
      "timestamp_readable": "2025-06-23 12:09:48.064",
      "normalized_name": "Dinkleberg/Dinkleberg",
      "meme_name": "Dinkleberg",
      "post_id": 41,
      "english_label": "contempt",
      "response_time_ms": 16604
    },
    {
      "image_path": "Disaster-Girl/Disaster-Girl_49.png",
      "label": "其他",
      "response_time": "00:00:06.800",
      "timestamp_unix": 1750680594,
      "timestamp_unix_ms": 1750680594932,
      "timestamp_readable": "2025-06-23 12:09:54.932",
      "normalized_name": "Disaster-Girl/Disaster-Girl",
      "meme_name": "Disaster-Girl",
      "post_id": 49,
      "english_label": "others",
      "response_time_ms": 6800
    },
    {
      "image_path": "Angry-Baby/Angry-Baby_27.png",
      "label": "憤怒",
      "response_time": "00:00:04.401",
      "timestamp_unix": 1750680599,
      "timestamp_unix_ms": 1750680599404,
      "timestamp_readable": "2025-06-23 12:09:59.404",
      "normalized_name": "Angry-Baby/Angry-Baby",
      "meme_name": "Angry-Baby",
      "post_id": 27,
      "english_label": "anger",
      "response_time_ms": 4401
    },
    {
      "image_path": "Drake-NoYes/Drake-NoYes_36.png",
      "label": "其他",
      "response_time": "00:00:03.304",
      "timestamp_unix": 1750680602,
      "timestamp_unix_ms": 1750680602792,
      "timestamp_readable": "2025-06-23 12:10:02.792",
      "normalized_name": "Drake-NoYes/Drake-NoYes",
      "meme_name": "Drake-NoYes",
      "post_id": 36,
      "english_label": "others",
      "response_time_ms": 3304
    },
    {
      "image_path": "Leonardo-Dicaprio-Wolf-Of-Wall-Street/Leonardo-Dicaprio-Wolf-Of-Wall-Street_16.png",
      "label": "其他",
      "response_time": "00:00:04.401",
      "timestamp_unix": 1750680607,
      "timestamp_unix_ms": 1750680607285,
      "timestamp_readable": "2025-06-23 12:10:07.285",
      "normalized_name": "Leonardo-Dicaprio-Wolf-Of-Wall-Street/Leonardo-Dicaprio-Wolf-Of-Wall-Street",
      "meme_name": "Leonardo-Dicaprio-Wolf-Of-Wall-Street",
      "post_id": 16,
      "english_label": "others",
      "response_time_ms": 4401
    },
    {
      "image_path": "Mr-incredible-mad/Mr-incredible-mad_5.png",
      "label": "憤怒",
      "response_time": "00:00:06.302",
      "timestamp_unix": 1750680613,
      "timestamp_unix_ms": 1750680613654,
      "timestamp_readable": "2025-06-23 12:10:13.654",
      "normalized_name": "Mr-incredible-mad/Mr-incredible-mad",
      "meme_name": "Mr-incredible-mad",
      "post_id": 5,
      "english_label": "anger",
      "response_time_ms": 6302
    },
    {
      "image_path": "Charlie-Day/Charlie-Day_38.png",
      "label": "輕蔑",
      "response_time": "00:00:06.405",
      "timestamp_unix": 1750680620,
      "timestamp_unix_ms": 1750680620119,
      "timestamp_readable": "2025-06-23 12:10:20.119",
      "normalized_name": "Charlie-Day/Charlie-Day",
      "meme_name": "Charlie-Day",
      "post_id": 38,
      "english_label": "contempt",
      "response_time_ms": 6405
    },
    {
      "image_path": "Futurama-Fry/Futurama-Fry_28.png",
      "label": "輕蔑",
      "response_time": "00:00:04.405",
      "timestamp_unix": 1750680624,
      "timestamp_unix_ms": 1750680624591,
      "timestamp_readable": "2025-06-23 12:10:24.591",
      "normalized_name": "Futurama-Fry/Futurama-Fry",
      "meme_name": "Futurama-Fry",
      "post_id": 28,
      "english_label": "contempt",
      "response_time_ms": 4405
    },
    {
      "image_path": "Arthur-Fist/Arthur-Fist_42.png",
      "label": "厭惡",
      "response_time": "00:00:05.805",
      "timestamp_unix": 1750680630,
      "timestamp_unix_ms": 1750680630502,
      "timestamp_readable": "2025-06-23 12:10:30.502",
      "normalized_name": "Arthur-Fist/Arthur-Fist",
      "meme_name": "Arthur-Fist",
      "post_id": 42,
      "english_label": "disgust",
      "response_time_ms": 5805
    },
    {
      "image_path": "Confused-Gandalf/Confused-Gandalf_11.png",
      "label": "其他",
      "response_time": "00:00:07.402",
      "timestamp_unix": 1750680638,
      "timestamp_unix_ms": 1750680638002,
      "timestamp_readable": "2025-06-23 12:10:38.002",
      "normalized_name": "Confused-Gandalf/Confused-Gandalf",
      "meme_name": "Confused-Gandalf",
      "post_id": 11,
      "english_label": "others",
      "response_time_ms": 7402
    },
    {
      "image_path": "Always-Has-Been/Always-Has-Been_34.png",
      "label": "其他",
      "response_time": "00:00:06.104",
      "timestamp_unix": 1750680644,
      "timestamp_unix_ms": 1750680644195,
      "timestamp_readable": "2025-06-23 12:10:44.195",
      "normalized_name": "Always-Has-Been/Always-Has-Been",
      "meme_name": "Always-Has-Been",
      "post_id": 34,
      "english_label": "others",
      "response_time_ms": 6104
    },
    {
      "image_path": "DJ-Pauly-D/DJ-Pauly-D_3.png",
      "label": "憤怒",
      "response_time": "00:00:08.501",
      "timestamp_unix": 1750680652,
      "timestamp_unix_ms": 1750680652753,
      "timestamp_readable": "2025-06-23 12:10:52.753",
      "normalized_name": "DJ-Pauly-D/DJ-Pauly-D",
      "meme_name": "DJ-Pauly-D",
      "post_id": 3,
      "english_label": "anger",
      "response_time_ms": 8501
    },
    {
      "image_path": "Ill-Have-You-Know-Spongebob/Ill-Have-You-Know-Spongebob_26.png",
      "label": "其他",
      "response_time": "00:00:03.006",
      "timestamp_unix": 1750680655,
      "timestamp_unix_ms": 1750680655823,
      "timestamp_readable": "2025-06-23 12:10:55.823",
      "normalized_name": "Ill-Have-You-Know-Spongebob/Ill-Have-You-Know-Spongebob",
      "meme_name": "Ill-Have-You-Know-Spongebob",
      "post_id": 26,
      "english_label": "others",
      "response_time_ms": 3006
    },
    {
      "image_path": "Surprised-Pikachu/Surprised-Pikachu_44.png",
      "label": "其他",
      "response_time": "00:00:02.804",
      "timestamp_unix": 1750680658,
      "timestamp_unix_ms": 1750680658723,
      "timestamp_readable": "2025-06-23 12:10:58.723",
      "normalized_name": "Surprised-Pikachu/Surprised-Pikachu",
      "meme_name": "Surprised-Pikachu",
      "post_id": 44,
      "english_label": "others",
      "response_time_ms": 2804
    },
    {
      "image_path": "Put-It-Somewhere-Else-Patrick/Put-It-Somewhere-Else-Patrick_47.png",
      "label": "輕蔑",
      "response_time": "00:00:04.603",
      "timestamp_unix": 1750680663,
      "timestamp_unix_ms": 1750680663418,
      "timestamp_readable": "2025-06-23 12:11:03.418",
      "normalized_name": "Put-It-Somewhere-Else-Patrick/Put-It-Somewhere-Else-Patrick",
      "meme_name": "Put-It-Somewhere-Else-Patrick",
      "post_id": 47,
      "english_label": "contempt",
      "response_time_ms": 4603
    },
    {
      "image_path": "Batman-Slapping-Robin/Batman-Slapping-Robin_46.png",
      "label": "憤怒",
      "response_time": "00:00:03.003",
      "timestamp_unix": 1750680666,
      "timestamp_unix_ms": 1750680666536,
      "timestamp_readable": "2025-06-23 12:11:06.536",
      "normalized_name": "Batman-Slapping-Robin/Batman-Slapping-Robin",
      "meme_name": "Batman-Slapping-Robin",
      "post_id": 46,
      "english_label": "anger",
      "response_time_ms": 3003
    },
    {
      "image_path": "Well-Yes-But-Actually-No/Well-Yes-But-Actually-No_50.png",
      "label": "厭惡",
      "response_time": "00:00:05.605",
      "timestamp_unix": 1750680672,
      "timestamp_unix_ms": 1750680672266,
      "timestamp_readable": "2025-06-23 12:11:12.266",
      "normalized_name": "Well-Yes-But-Actually-No/Well-Yes-But-Actually-No",
      "meme_name": "Well-Yes-But-Actually-No",
      "post_id": 50,
      "english_label": "disgust",
      "response_time_ms": 5605
    },
    {
      "image_path": "Mr-McMahon-reaction/Mr-McMahon-reaction_22.png",
      "label": "其他",
      "response_time": "00:00:03.706",
      "timestamp_unix": 1750680676,
      "timestamp_unix_ms": 1750680676035,
      "timestamp_readable": "2025-06-23 12:11:16.035",
      "normalized_name": "Mr-McMahon-reaction/Mr-McMahon-reaction",
      "meme_name": "Mr-McMahon-reaction",
      "post_id": 22,
      "english_label": "others",
      "response_time_ms": 3706
    },
    {
      "image_path": "Monkey-Puppet/Monkey-Puppet_17.png",
      "label": "其他",
      "response_time": "00:00:02.204",
      "timestamp_unix": 1750680678,
      "timestamp_unix_ms": 1750680678271,
      "timestamp_readable": "2025-06-23 12:11:18.271",
      "normalized_name": "Monkey-Puppet/Monkey-Puppet",
      "meme_name": "Monkey-Puppet",
      "post_id": 17,
      "english_label": "others",
      "response_time_ms": 2204
    },
    {
      "image_path": "Happy--Shock/Happy--Shock_1.png",
      "label": "其他",
      "response_time": "00:00:04.001",
      "timestamp_unix": 1750680682,
      "timestamp_unix_ms": 1750680682376,
      "timestamp_readable": "2025-06-23 12:11:22.376",
      "normalized_name": "Happy--Shock/Happy--Shock",
      "meme_name": "Happy--Shock",
      "post_id": 1,
      "english_label": "others",
      "response_time_ms": 4001
    },
    {
      "image_path": "attention_check/attention_check_Anger.png",
      "label": "憤怒",
      "response_time": "00:00:02.903",
      "timestamp_unix": 1750680685,
      "timestamp_unix_ms": 1750680685386,
      "timestamp_readable": "2025-06-23 12:11:25.386",
      "normalized_name": "attention_check/attention_check_Anger.png",
      "meme_name": "attention_check",
      "post_id": null,
      "english_label": "anger",
      "response_time_ms": 2903
    },
    {
      "image_path": "Gru-Gun/Gru-Gun_43.png",
      "label": "厭惡",
      "response_time": "00:00:05.804",
      "timestamp_unix": 1750680691,
      "timestamp_unix_ms": 1750680691293,
      "timestamp_readable": "2025-06-23 12:11:31.293",
      "normalized_name": "Gru-Gun/Gru-Gun",
      "meme_name": "Gru-Gun",
      "post_id": 43,
      "english_label": "disgust",
      "response_time_ms": 5804
    },
    {
      "image_path": "Table-Flip-Guy/Table-Flip-Guy_35.png",
      "label": "憤怒",
      "response_time": "00:00:01.902",
      "timestamp_unix": 1750680693,
      "timestamp_unix_ms": 1750680693327,
      "timestamp_readable": "2025-06-23 12:11:33.327",
      "normalized_name": "Table-Flip-Guy/Table-Flip-Guy",
      "meme_name": "Table-Flip-Guy",
      "post_id": 35,
      "english_label": "anger",
      "response_time_ms": 1902
    },
    {
      "image_path": "Hide-the-Pain-Harold/Hide-the-Pain-Harold_20.png",
      "label": "其他",
      "response_time": "00:00:02.203",
      "timestamp_unix": 1750680695,
      "timestamp_unix_ms": 1750680695591,
      "timestamp_readable": "2025-06-23 12:11:35.591",
      "normalized_name": "Hide-the-Pain-Harold/Hide-the-Pain-Harold",
      "meme_name": "Hide-the-Pain-Harold",
      "post_id": 20,
      "english_label": "others",
      "response_time_ms": 2203
    },
    {
      "image_path": "Smudge-the-cat/Smudge-the-cat_39.png",
      "label": "憤怒",
      "response_time": "00:00:04.100",
      "timestamp_unix": 1750680699,
      "timestamp_unix_ms": 1750680699750,
      "timestamp_readable": "2025-06-23 12:11:39.750",
      "normalized_name": "Smudge-the-cat/Smudge-the-cat",
      "meme_name": "Smudge-the-cat",
      "post_id": 39,
      "english_label": "anger",
      "response_time_ms": 4100
    },
    {
      "image_path": "Mocking-Spongebob/Mocking-Spongebob_9.png",
      "label": "憤怒",
      "response_time": "00:00:05.302",
      "timestamp_unix": 1750680705,
      "timestamp_unix_ms": 1750680705155,
      "timestamp_readable": "2025-06-23 12:11:45.155",
      "normalized_name": "Mocking-Spongebob/Mocking-Spongebob",
      "meme_name": "Mocking-Spongebob",
      "post_id": 9,
      "english_label": "anger",
      "response_time_ms": 5302
    },
    {
      "image_path": "Moe-throws-Barney/Moe-throws-Barney_7.png",
      "label": "輕蔑",
      "response_time": "00:00:05.505",
      "timestamp_unix": 1750680710,
      "timestamp_unix_ms": 1750680710737,
      "timestamp_readable": "2025-06-23 12:11:50.737",
      "normalized_name": "Moe-throws-Barney/Moe-throws-Barney",
      "meme_name": "Moe-throws-Barney",
      "post_id": 7,
      "english_label": "contempt",
      "response_time_ms": 5505
    },
    {
      "image_path": "Disappointed-Man/Disappointed-Man_25.png",
      "label": "厭惡",
      "response_time": "00:00:03.702",
      "timestamp_unix": 1750680714,
      "timestamp_unix_ms": 1750680714564,
      "timestamp_readable": "2025-06-23 12:11:54.564",
      "normalized_name": "Disappointed-Man/Disappointed-Man",
      "meme_name": "Disappointed-Man",
      "post_id": 25,
      "english_label": "disgust",
      "response_time_ms": 3702
    },
    {
      "image_path": "Always-you-three/Always-you-three_37.png",
      "label": "輕蔑",
      "response_time": "00:00:05.402",
      "timestamp_unix": 1750680720,
      "timestamp_unix_ms": 1750680720015,
      "timestamp_readable": "2025-06-23 12:12:00.015",
      "normalized_name": "Always-you-three/Always-you-three",
      "meme_name": "Always-you-three",
      "post_id": 37,
      "english_label": "contempt",
      "response_time_ms": 5402
    },
    {
      "image_path": "Spiderman-Hospital/Spiderman-Hospital_33.png",
      "label": "輕蔑",
      "response_time": "00:00:05.902",
      "timestamp_unix": 1750680725,
      "timestamp_unix_ms": 1750680725954,
      "timestamp_readable": "2025-06-23 12:12:05.954",
      "normalized_name": "Spiderman-Hospital/Spiderman-Hospital",
      "meme_name": "Spiderman-Hospital",
      "post_id": 33,
      "english_label": "contempt",
      "response_time_ms": 5902
    },
    {
      "image_path": "Math-ladyConfused-lady/Math-ladyConfused-lady_29.png",
      "label": "其他",
      "response_time": "00:00:03.105",
      "timestamp_unix": 1750680729,
      "timestamp_unix_ms": 1750680729085,
      "timestamp_readable": "2025-06-23 12:12:09.085",
      "normalized_name": "Math-ladyConfused-lady/Math-ladyConfused-lady",
      "meme_name": "Math-ladyConfused-lady",
      "post_id": 29,
      "english_label": "others",
      "response_time_ms": 3105
    },
    {
      "image_path": "Archer/Archer_21.png",
      "label": "其他",
      "response_time": "00:00:06.202",
      "timestamp_unix": 1750680735,
      "timestamp_unix_ms": 1750680735327,
      "timestamp_readable": "2025-06-23 12:12:15.327",
      "normalized_name": "Archer/Archer",
      "meme_name": "Archer",
      "post_id": 21,
      "english_label": "others",
      "response_time_ms": 6202
    },
    {
      "image_path": "Khan/Khan_40.png",
      "label": "憤怒",
      "response_time": "00:00:02.105",
      "timestamp_unix": 1750680737,
      "timestamp_unix_ms": 1750680737529,
      "timestamp_readable": "2025-06-23 12:12:17.529",
      "normalized_name": "Khan/Khan",
      "meme_name": "Khan",
      "post_id": 40,
      "english_label": "anger",
      "response_time_ms": 2105
    },
    {
      "image_path": "Persian-Cat-Room-Guardian/Persian-Cat-Room-Guardian_18.png",
      "label": "其他",
      "response_time": "00:00:04.000",
      "timestamp_unix": 1750680741,
      "timestamp_unix_ms": 1750680741648,
      "timestamp_readable": "2025-06-23 12:12:21.648",
      "normalized_name": "Persian-Cat-Room-Guardian/Persian-Cat-Room-Guardian",
      "meme_name": "Persian-Cat-Room-Guardian",
      "post_id": 18,
      "english_label": "others",
      "response_time_ms": 4000
    },
    {
      "image_path": "You-The-Real-MVP/You-The-Real-MVP_48.png",
      "label": "輕蔑",
      "response_time": "00:00:02.701",
      "timestamp_unix": 1750680744,
      "timestamp_unix_ms": 1750680744473,
      "timestamp_readable": "2025-06-23 12:12:24.473",
      "normalized_name": "You-The-Real-MVP/You-The-Real-MVP",
      "meme_name": "You-The-Real-MVP",
      "post_id": 48,
      "english_label": "contempt",
      "response_time_ms": 2701
    },
    {
      "image_path": "I-am-once-again-asking/I-am-once-again-asking_31.png",
      "label": "其他",
      "response_time": "00:00:03.902",
      "timestamp_unix": 1750680748,
      "timestamp_unix_ms": 1750680748494,
      "timestamp_readable": "2025-06-23 12:12:28.494",
      "normalized_name": "I-am-once-again-asking/I-am-once-again-asking",
      "meme_name": "I-am-once-again-asking",
      "post_id": 31,
      "english_label": "others",
      "response_time_ms": 3902
    },
    {
      "image_path": "For-the-better-right-blank/For-the-better-right-blank_19.png",
      "label": "其他",
      "response_time": "00:00:04.404",
      "timestamp_unix": 1750680752,
      "timestamp_unix_ms": 1750680752946,
      "timestamp_readable": "2025-06-23 12:12:32.946",
      "normalized_name": "For-the-better-right-blank/For-the-better-right-blank",
      "meme_name": "For-the-better-right-blank",
      "post_id": 19,
      "english_label": "others",
      "response_time_ms": 4404
    },
    {
      "image_path": "Spongebob-Yelling/Spongebob-Yelling_6.png",
      "label": "憤怒",
      "response_time": "00:00:02.305",
      "timestamp_unix": 1750680755,
      "timestamp_unix_ms": 1750680755370,
      "timestamp_readable": "2025-06-23 12:12:35.370",
      "normalized_name": "Spongebob-Yelling/Spongebob-Yelling",
      "meme_name": "Spongebob-Yelling",
      "post_id": 6,
      "english_label": "anger",
      "response_time_ms": 2305
    },
    {
      "image_path": "Kevin-Hart/Kevin-Hart_23.png",
      "label": "其他",
      "response_time": "00:00:06.705",
      "timestamp_unix": 1750680762,
      "timestamp_unix_ms": 1750680762169,
      "timestamp_readable": "2025-06-23 12:12:42.169",
      "normalized_name": "Kevin-Hart/Kevin-Hart",
      "meme_name": "Kevin-Hart",
      "post_id": 23,
      "english_label": "others",
      "response_time_ms": 6705
    },
    {
      "image_path": "Chill-guy/Chill-guy_8.png",
      "label": "其他",
      "response_time": "00:00:06.200",
      "timestamp_unix": 1750680768,
      "timestamp_unix_ms": 1750680768459,
      "timestamp_readable": "2025-06-23 12:12:48.459",
      "normalized_name": "Chill-guy/Chill-guy",
      "meme_name": "Chill-guy",
      "post_id": 8,
      "english_label": "others",
      "response_time_ms": 6200
    },
    {
      "image_path": "Thats-a-paddlin/Thats-a-paddlin_30.png",
      "label": "其他",
      "response_time": "00:00:04.202",
      "timestamp_unix": 1750680772,
      "timestamp_unix_ms": 1750680772745,
      "timestamp_readable": "2025-06-23 12:12:52.745",
      "normalized_name": "Thats-a-paddlin/Thats-a-paddlin",
      "meme_name": "Thats-a-paddlin",
      "post_id": 30,
      "english_label": "others",
      "response_time_ms": 4202
    },
    {
      "image_path": "Laughing-wolf/Laughing-wolf_32.png",
      "label": "其他",
      "response_time": "00:00:01.900",
      "timestamp_unix": 1750680774,
      "timestamp_unix_ms": 1750680774730,
      "timestamp_readable": "2025-06-23 12:12:54.730",
      "normalized_name": "Laughing-wolf/Laughing-wolf",
      "meme_name": "Laughing-wolf",
      "post_id": 32,
      "english_label": "others",
      "response_time_ms": 1900
    },
    {
      "image_path": "Picard-Wtf/Picard-Wtf_45.png",
      "label": "其他",
      "response_time": "00:00:04.005",
      "timestamp_unix": 1750680778,
      "timestamp_unix_ms": 1750680778814,
      "timestamp_readable": "2025-06-23 12:12:58.814",
      "normalized_name": "Picard-Wtf/Picard-Wtf",
      "meme_name": "Picard-Wtf",
      "post_id": 45,
      "english_label": "others",
      "response_time_ms": 4005
    },
    {
      "image_path": "Im-The-Captain-Now/Im-The-Captain-Now_13.png",
      "label": "厭惡",
      "response_time": "00:00:03.700",
      "timestamp_unix": 1750680782,
      "timestamp_unix_ms": 1750680782599,
      "timestamp_readable": "2025-06-23 12:13:02.599",
      "normalized_name": "Im-The-Captain-Now/Im-The-Captain-Now",
      "meme_name": "Im-The-Captain-Now",
      "post_id": 13,
      "english_label": "disgust",
      "response_time_ms": 3700
    },
    {
      "image_path": "Scooby-doo-mask-reveal/Scooby-doo-mask-reveal_14.png",
      "label": "厭惡",
      "response_time": "00:00:05.206",
      "timestamp_unix": 1750680787,
      "timestamp_unix_ms": 1750680787943,
      "timestamp_readable": "2025-06-23 12:13:07.943",
      "normalized_name": "Scooby-doo-mask-reveal/Scooby-doo-mask-reveal",
      "meme_name": "Scooby-doo-mask-reveal",
      "post_id": 14,
      "english_label": "disgust",
      "response_time_ms": 5206
    },
    {
      "image_path": "Nuclear-Explosion/Nuclear-Explosion_2.png",
      "label": "其他",
      "response_time": "00:00:03.406",
      "timestamp_unix": 1750680791,
      "timestamp_unix_ms": 1750680791417,
      "timestamp_readable": "2025-06-23 12:13:11.417",
      "normalized_name": "Nuclear-Explosion/Nuclear-Explosion",
      "meme_name": "Nuclear-Explosion",
      "post_id": 2,
      "english_label": "others",
      "response_time_ms": 3406
    },
    {
      "image_path": "attention_check/attention_check_Others.png",
      "label": "其他",
      "response_time": "00:00:01.904",
      "timestamp_unix": 1750680793,
      "timestamp_unix_ms": 1750680793439,
      "timestamp_readable": "2025-06-23 12:13:13.439",
      "normalized_name": "attention_check/attention_check_Others.png",
      "meme_name": "attention_check",
      "post_id": null,
      "english_label": "others",
      "response_time_ms": 1904
    },
    {
      "image_path": "Hold-fart/Hold-fart_10.png",
      "label": "憤怒",
      "response_time": "00:00:05.104",
      "timestamp_unix": 1750680798,
      "timestamp_unix_ms": 1750680798578,
      "timestamp_readable": "2025-06-23 12:13:18.578",
      "normalized_name": "Hold-fart/Hold-fart",
      "meme_name": "Hold-fart",
      "post_id": 10,
      "english_label": "anger",
      "response_time_ms": 5104
    },
    {
      "image_path": "Afraid-To-Ask-Andy/Afraid-To-Ask-Andy_12.png",
      "label": "厭惡",
      "response_time": "00:00:04.906",
      "timestamp_unix": 1750680803,
      "timestamp_unix_ms": 1750680803608,
      "timestamp_readable": "2025-06-23 12:13:23.608",
      "normalized_name": "Afraid-To-Ask-Andy/Afraid-To-Ask-Andy",
      "meme_name": "Afraid-To-Ask-Andy",
      "post_id": 12,
      "english_label": "disgust",
      "response_time_ms": 4906
    },
    {
      "image_path": "Dave-chappelle/Dave-chappelle_24.png",
      "label": "其他",
      "response_time": "00:00:02.205",
      "timestamp_unix": 1750680805,
      "timestamp_unix_ms": 1750680805897,
      "timestamp_readable": "2025-06-23 12:13:25.897",
      "normalized_name": "Dave-chappelle/Dave-chappelle",
      "meme_name": "Dave-chappelle",
      "post_id": 24,
      "english_label": "others",
      "response_time_ms": 2205
    },
    {
      "image_path": "Obi-Wan-Kenobi/Obi-Wan-Kenobi_4.png",
      "label": "憤怒",
      "response_time": "00:00:04.003",
      "timestamp_unix": 1750680809,
      "timestamp_unix_ms": 1750680809974,
      "timestamp_readable": "2025-06-23 12:13:29.974",
      "normalized_name": "Obi-Wan-Kenobi/Obi-Wan-Kenobi",
      "meme_name": "Obi-Wan-Kenobi",
      "post_id": 4,
      "english_label": "anger",
      "response_time_ms": 4003
    },
    {
      "image_path": "Black-guy-hiding-behind-tree/Black-guy-hiding-behind-tree_15.png",
      "label": "其他",
      "response_time": "00:00:02.402",
      "timestamp_unix": 1750680812,
      "timestamp_unix_ms": 1750680812480,
      "timestamp_readable": "2025-06-23 12:13:32.480",
      "normalized_name": "Black-guy-hiding-behind-tree/Black-guy-hiding-behind-tree",
      "meme_name": "Black-guy-hiding-behind-tree",
      "post_id": 15,
      "english_label": "others",
      "response_time_ms": 2402
    }
  ],
  "session_start_unix": 1750680530,
  "session_status": "completed",
  "last_updated_unix": 1750680829,
  "image_order": [
    "Spiderman-Hospital/Spiderman-Hospital_33.png",
    "Happy--Shock/Happy--Shock_1.png",
    "Chill-guy/Chill-guy_8.png",
    "I-am-once-again-asking/I-am-once-again-asking_31.png",
    "Math-ladyConfused-lady/Math-ladyConfused-lady_29.png",
    "Archer/Archer_21.png",
    "Leonardo-Dicaprio-Wolf-Of-Wall-Street/Leonardo-Dicaprio-Wolf-Of-Wall-Street_16.png",
    "Mocking-Spongebob/Mocking-Spongebob_9.png",
    "Afraid-To-Ask-Andy/Afraid-To-Ask-Andy_12.png",
    "Charlie-Day/Charlie-Day_38.png",
    "Always-Has-Been/Always-Has-Been_34.png",
    "Picard-Wtf/Picard-Wtf_45.png",
    "Batman-Slapping-Robin/Batman-Slapping-Robin_46.png",
    "For-the-better-right-blank/For-the-better-right-blank_19.png",
    "Drake-NoYes/Drake-NoYes_36.png",
    "Laughing-wolf/Laughing-wolf_32.png",
    "DJ-Pauly-D/DJ-Pauly-D_3.png",
    "Always-you-three/Always-you-three_37.png",
    "Disappointed-Man/Disappointed-Man_25.png",
    "Smudge-the-cat/Smudge-the-cat_39.png",
    "attention_check/attention_check_Anger.png",
    "Thats-a-paddlin/Thats-a-paddlin_30.png",
    "Hide-the-Pain-Harold/Hide-the-Pain-Harold_20.png",
    "Hold-fart/Hold-fart_10.png",
    "Im-The-Captain-Now/Im-The-Captain-Now_13.png",
    "Obi-Wan-Kenobi/Obi-Wan-Kenobi_4.png",
    "Spongebob-Yelling/Spongebob-Yelling_6.png",
    "Nuclear-Explosion/Nuclear-Explosion_2.png",
    "Dinkleberg/Dinkleberg_41.png",
    "Scooby-doo-mask-reveal/Scooby-doo-mask-reveal_14.png",
    "Disaster-Girl/Disaster-Girl_49.png",
    "Black-guy-hiding-behind-tree/Black-guy-hiding-behind-tree_15.png",
    "You-The-Real-MVP/You-The-Real-MVP_48.png",
    "Moe-throws-Barney/Moe-throws-Barney_7.png",
    "Ill-Have-You-Know-Spongebob/Ill-Have-You-Know-Spongebob_26.png",
    "Futurama-Fry/Futurama-Fry_28.png",
    "Monkey-Puppet/Monkey-Puppet_17.png",
    "Confused-Gandalf/Confused-Gandalf_11.png",
    "Mr-incredible-mad/Mr-incredible-mad_5.png",
    "Dave-chappelle/Dave-chappelle_24.png",
    "Surprised-Pikachu/Surprised-Pikachu_44.png",
    "Table-Flip-Guy/Table-Flip-Guy_35.png",
    "Kevin-Hart/Kevin-Hart_23.png",
    "Well-Yes-But-Actually-No/Well-Yes-But-Actually-No_50.png",
    "Mr-McMahon-reaction/Mr-McMahon-reaction_22.png",
    "Gru-Gun/Gru-Gun_43.png",
    "attention_check/attention_check_Others.png",
    "Persian-Cat-Room-Guardian/Persian-Cat-Room-Guardian_18.png",
    "Put-It-Somewhere-Else-Patrick/Put-It-Somewhere-Else-Patrick_47.png",
    "Angry-Baby/Angry-Baby_27.png",
    "Arthur-Fist/Arthur-Fist_42.png",
    "Khan/Khan_40.png"
  ],
  "completion_status": {
    "practice_completed": true,
    "game_started": true,
    "game_completed": true,
    "summary_viewed": true,
    "email_submitted": true
  },
  "timestamps_unix": {
    "registration_completed": 1750680530,
    "practice_started": 1750680530,
    "practice_completed": 1750680571,
    "game_started": 1750680571,
    "first_label": 1750680588,
    "last_label": 1750680812,
    "game_completed": 1750680814,
    "summary_viewed": 1750680814,
    "email_submitted": 1750680829,
    "session_end": 1750680829,
    "last_updated": 1750680829
  },
  "timestamps_unix_ms": {
    "registration_completed_ms": 1750680530137,
    "practice_started_ms": 1750680530171,
    "practice_completed_ms": 1750680571278,
    "game_started_ms": 1750680571286,
    "first_label_ms": 1750680588064,
    "last_label_ms": 1750680812480,
    "game_completed_ms": 1750680814790,
    "summary_viewed_ms": 1750680814800,
    "email_submitted_ms": 1750680829368,
    "session_end_ms": 1750680829368,
    "last_updated_ms": 1750680829368
  },
  "duration_stats_ms": {
    "total_session_duration_ms": 299231,
    "practice_duration_ms": 41107,
    "game_duration_ms": 243504,
    "labeling_duration_ms": 224416,
    "email_submission_duration_ms": 14568
  },
  "filename_updated_unix": 1750680814,
  "original_filename": "user_f8d52c",
  "completion_status_in_filename": "email_submitted"
}