{
  "user_id": "user_f03118",
  "file_name": "user_f03118_1751292846_1751293380_fullycomplete",
  "unix_start_time": 1751292846,
  "unix_start_time_ms": 1751292846845,
  "unix_end_time": 1751293380,
  "unix_end_time_ms": 1751293380974,
  "age": "25-29",
  "gender": "male",
  "user_agent": "Mozilla/5.0 (Windows NT 10.0; Win64; x64) AppleWebKit/537.36 (KHTML, like Gecko) Chrome/137.0.0.0 Safari/537.36",
  "user_ip": "140.136.21.181",
  "status": "complete",
  "email_provided": "complete",
  "attention_passed": true,
  "start_time_readable": "2025-06-30 14:14:06.845",
  "end_time_readable": "2025-06-30 14:23:00.974",
  "total_labels": 52,
  "emotion_summary": {
    "anger": 9,
    "contempt": 15,
    "disgust": 9,
    "others": 19
  },
  "email": "andyshen2901@gmail.com",
  "participation": "yes",
  "total_responses": 52,
  "responses": [
    {
      "image_path": "Dave-chappelle/Dave-chappelle_25.png",
      "label": "輕蔑",
      "response_time": "00:00:08.903",
      "timestamp_unix": 1751292912,
      "timestamp_unix_ms": 1751292912202,
      "timestamp_readable": "2025-06-30 14:15:12.202",
      "normalized_name": "Dave-chappelle/Dave-chappelle",
      "meme_name": "Dave-chappelle",
      "post_id": 25,
      "english_label": "contempt",
      "response_time_ms": 8903
    },
    {
      "image_path": "DJ-Pauly-D/DJ-Pauly-D_27.png",
      "label": "厭惡",
      "response_time": "00:00:05.103",
      "timestamp_unix": 1751292917,
      "timestamp_unix_ms": 1751292917368,
      "timestamp_readable": "2025-06-30 14:15:17.368",
      "normalized_name": "DJ-Pauly-D/DJ-Pauly-D",
      "meme_name": "DJ-Pauly-D",
      "post_id": 27,
      "english_label": "disgust",
      "response_time_ms": 5103
    },
    {
      "image_path": "Hold-fart/Hold-fart_41.png",
      "label": "憤怒",
      "response_time": "00:00:04.600",
      "timestamp_unix": 1751292922,
      "timestamp_unix_ms": 1751292922066,
      "timestamp_readable": "2025-06-30 14:15:22.066",
      "normalized_name": "Hold-fart/Hold-fart",
      "meme_name": "Hold-fart",
      "post_id": 41,
      "english_label": "anger",
      "response_time_ms": 4600
    },
    {
      "image_path": "Spongebob-Yelling/Spongebob-Yelling_10.png",
      "label": "其他",
      "response_time": "00:00:07.801",
      "timestamp_unix": 1751292929,
      "timestamp_unix_ms": 1751292929930,
      "timestamp_readable": "2025-06-30 14:15:29.930",
      "normalized_name": "Spongebob-Yelling/Spongebob-Yelling",
      "meme_name": "Spongebob-Yelling",
      "post_id": 10,
      "english_label": "others",
      "response_time_ms": 7801
    },
    {
      "image_path": "Moe-throws-Barney/Moe-throws-Barney_14.png",
      "label": "輕蔑",
      "response_time": "00:00:08.501",
      "timestamp_unix": 1751292938,
      "timestamp_unix_ms": 1751292938512,
      "timestamp_readable": "2025-06-30 14:15:38.512",
      "normalized_name": "Moe-throws-Barney/Moe-throws-Barney",
      "meme_name": "Moe-throws-Barney",
      "post_id": 14,
      "english_label": "contempt",
      "response_time_ms": 8501
    },
    {
      "image_path": "Math-ladyConfused-lady/Math-ladyConfused-lady_17.png",
      "label": "其他",
      "response_time": "00:00:07.100",
      "timestamp_unix": 1751292945,
      "timestamp_unix_ms": 1751292945741,
      "timestamp_readable": "2025-06-30 14:15:45.741",
      "normalized_name": "Math-ladyConfused-lady/Math-ladyConfused-lady",
      "meme_name": "Math-ladyConfused-lady",
      "post_id": 17,
      "english_label": "others",
      "response_time_ms": 7100
    },
    {
      "image_path": "Drake-NoYes/Drake-NoYes_42.png",
      "label": "其他",
      "response_time": "00:00:06.200",
      "timestamp_unix": 1751292952,
      "timestamp_unix_ms": 1751292952006,
      "timestamp_readable": "2025-06-30 14:15:52.006",
      "normalized_name": "Drake-NoYes/Drake-NoYes",
      "meme_name": "Drake-NoYes",
      "post_id": 42,
      "english_label": "others",
      "response_time_ms": 6200
    },
    {
      "image_path": "Well-Yes-But-Actually-No/Well-Yes-But-Actually-No_29.png",
      "label": "其他",
      "response_time": "00:00:07.701",
      "timestamp_unix": 1751292959,
      "timestamp_unix_ms": 1751292959834,
      "timestamp_readable": "2025-06-30 14:15:59.834",
      "normalized_name": "Well-Yes-But-Actually-No/Well-Yes-But-Actually-No",
      "meme_name": "Well-Yes-But-Actually-No",
      "post_id": 29,
      "english_label": "others",
      "response_time_ms": 7701
    },
    {
      "image_path": "Obi-Wan-Kenobi/Obi-Wan-Kenobi_31.png",
      "label": "輕蔑",
      "response_time": "00:00:12.002",
      "timestamp_unix": 1751292971,
      "timestamp_unix_ms": 1751292971936,
      "timestamp_readable": "2025-06-30 14:16:11.936",
      "normalized_name": "Obi-Wan-Kenobi/Obi-Wan-Kenobi",
      "meme_name": "Obi-Wan-Kenobi",
      "post_id": 31,
      "english_label": "contempt",
      "response_time_ms": 12002
    },
    {
      "image_path": "Always-Has-Been/Always-Has-Been_35.png",
      "label": "其他",
      "response_time": "00:00:12.510",
      "timestamp_unix": 1751292984,
      "timestamp_unix_ms": 1751292984541,
      "timestamp_readable": "2025-06-30 14:16:24.541",
      "normalized_name": "Always-Has-Been/Always-Has-Been",
      "meme_name": "Always-Has-Been",
      "post_id": 35,
      "english_label": "others",
      "response_time_ms": 12510
    },
    {
      "image_path": "Khan/Khan_40.png",
      "label": "憤怒",
      "response_time": "00:00:05.405",
      "timestamp_unix": 1751292990,
      "timestamp_unix_ms": 1751292990041,
      "timestamp_readable": "2025-06-30 14:16:30.041",
      "normalized_name": "Khan/Khan",
      "meme_name": "Khan",
      "post_id": 40,
      "english_label": "anger",
      "response_time_ms": 5405
    },
    {
      "image_path": "Happy--Shock/Happy--Shock_49.png",
      "label": "輕蔑",
      "response_time": "00:00:20.414",
      "timestamp_unix": 1751293010,
      "timestamp_unix_ms": 1751293010521,
      "timestamp_readable": "2025-06-30 14:16:50.521",
      "normalized_name": "Happy--Shock/Happy--Shock",
      "meme_name": "Happy--Shock",
      "post_id": 49,
      "english_label": "contempt",
      "response_time_ms": 20414
    },
    {
      "image_path": "Ill-Have-You-Know-Spongebob/Ill-Have-You-Know-Spongebob_4.png",
      "label": "其他",
      "response_time": "00:00:15.711",
      "timestamp_unix": 1751293026,
      "timestamp_unix_ms": 1751293026262,
      "timestamp_readable": "2025-06-30 14:17:06.262",
      "normalized_name": "Ill-Have-You-Know-Spongebob/Ill-Have-You-Know-Spongebob",
      "meme_name": "Ill-Have-You-Know-Spongebob",
      "post_id": 4,
      "english_label": "others",
      "response_time_ms": 15711
    },
    {
      "image_path": "Picard-Wtf/Picard-Wtf_13.png",
      "label": "厭惡",
      "response_time": "00:00:05.902",
      "timestamp_unix": 1751293032,
      "timestamp_unix_ms": 1751293032294,
      "timestamp_readable": "2025-06-30 14:17:12.294",
      "normalized_name": "Picard-Wtf/Picard-Wtf",
      "meme_name": "Picard-Wtf",
      "post_id": 13,
      "english_label": "disgust",
      "response_time_ms": 5902
    },
    {
      "image_path": "Kevin-Hart/Kevin-Hart_8.png",
      "label": "其他",
      "response_time": "00:00:12.300",
      "timestamp_unix": 1751293044,
      "timestamp_unix_ms": 1751293044657,
      "timestamp_readable": "2025-06-30 14:17:24.657",
      "normalized_name": "Kevin-Hart/Kevin-Hart",
      "meme_name": "Kevin-Hart",
      "post_id": 8,
      "english_label": "others",
      "response_time_ms": 12300
    },
    {
      "image_path": "Archer/Archer_48.png",
      "label": "其他",
      "response_time": "00:00:09.200",
      "timestamp_unix": 1751293053,
      "timestamp_unix_ms": 1751293053900,
      "timestamp_readable": "2025-06-30 14:17:33.900",
      "normalized_name": "Archer/Archer",
      "meme_name": "Archer",
      "post_id": 48,
      "english_label": "others",
      "response_time_ms": 9200
    },
    {
      "image_path": "Smudge-the-cat/Smudge-the-cat_26.png",
      "label": "輕蔑",
      "response_time": "00:00:06.504",
      "timestamp_unix": 1751293060,
      "timestamp_unix_ms": 1751293060539,
      "timestamp_readable": "2025-06-30 14:17:40.539",
      "normalized_name": "Smudge-the-cat/Smudge-the-cat",
      "meme_name": "Smudge-the-cat",
      "post_id": 26,
      "english_label": "contempt",
      "response_time_ms": 6504
    },
    {
      "image_path": "Spiderman-Hospital/Spiderman-Hospital_30.png",
      "label": "其他",
      "response_time": "00:00:06.016",
      "timestamp_unix": 1751293066,
      "timestamp_unix_ms": 1751293066586,
      "timestamp_readable": "2025-06-30 14:17:46.586",
      "normalized_name": "Spiderman-Hospital/Spiderman-Hospital",
      "meme_name": "Spiderman-Hospital",
      "post_id": 30,
      "english_label": "others",
      "response_time_ms": 6016
    },
    {
      "image_path": "Surprised-Pikachu/Surprised-Pikachu_15.png",
      "label": "其他",
      "response_time": "00:00:06.316",
      "timestamp_unix": 1751293072,
      "timestamp_unix_ms": 1751293072933,
      "timestamp_readable": "2025-06-30 14:17:52.933",
      "normalized_name": "Surprised-Pikachu/Surprised-Pikachu",
      "meme_name": "Surprised-Pikachu",
      "post_id": 15,
      "english_label": "others",
      "response_time_ms": 6316
    },
    {
      "image_path": "Black-guy-hiding-behind-tree/Black-guy-hiding-behind-tree_9.png",
      "label": "其他",
      "response_time": "00:00:09.001",
      "timestamp_unix": 1751293082,
      "timestamp_unix_ms": 1751293082045,
      "timestamp_readable": "2025-06-30 14:18:02.045",
      "normalized_name": "Black-guy-hiding-behind-tree/Black-guy-hiding-behind-tree",
      "meme_name": "Black-guy-hiding-behind-tree",
      "post_id": 9,
      "english_label": "others",
      "response_time_ms": 9001
    },
    {
      "image_path": "Mocking-Spongebob/Mocking-Spongebob_19.png",
      "label": "輕蔑",
      "response_time": "00:00:08.001",
      "timestamp_unix": 1751293090,
      "timestamp_unix_ms": 1751293090177,
      "timestamp_readable": "2025-06-30 14:18:10.177",
      "normalized_name": "Mocking-Spongebob/Mocking-Spongebob",
      "meme_name": "Mocking-Spongebob",
      "post_id": 19,
      "english_label": "contempt",
      "response_time_ms": 8001
    },
    {
      "image_path": "attention_check/attention_check_Disgust.png",
      "label": "厭惡",
      "response_time": "00:00:13.100",
      "timestamp_unix": 1751293103,
      "timestamp_unix_ms": 1751293103392,
      "timestamp_readable": "2025-06-30 14:18:23.392",
      "normalized_name": "attention_check/attention_check_Disgust.png",
      "meme_name": "attention_check",
      "post_id": null,
      "english_label": "disgust",
      "response_time_ms": 13100
    },
    {
      "image_path": "Chill-guy/Chill-guy_45.png",
      "label": "輕蔑",
      "response_time": "00:00:16.304",
      "timestamp_unix": 1751293119,
      "timestamp_unix_ms": 1751293119753,
      "timestamp_readable": "2025-06-30 14:18:39.753",
      "normalized_name": "Chill-guy/Chill-guy",
      "meme_name": "Chill-guy",
      "post_id": 45,
      "english_label": "contempt",
      "response_time_ms": 16304
    },
    {
      "image_path": "Persian-Cat-Room-Guardian/Persian-Cat-Room-Guardian_47.png",
      "label": "厭惡",
      "response_time": "00:00:08.714",
      "timestamp_unix": 1751293128,
      "timestamp_unix_ms": 1751293128500,
      "timestamp_readable": "2025-06-30 14:18:48.500",
      "normalized_name": "Persian-Cat-Room-Guardian/Persian-Cat-Room-Guardian",
      "meme_name": "Persian-Cat-Room-Guardian",
      "post_id": 47,
      "english_label": "disgust",
      "response_time_ms": 8714
    },
    {
      "image_path": "Laughing-wolf/Laughing-wolf_18.png",
      "label": "輕蔑",
      "response_time": "00:00:03.701",
      "timestamp_unix": 1751293132,
      "timestamp_unix_ms": 1751293132332,
      "timestamp_readable": "2025-06-30 14:18:52.332",
      "normalized_name": "Laughing-wolf/Laughing-wolf",
      "meme_name": "Laughing-wolf",
      "post_id": 18,
      "english_label": "contempt",
      "response_time_ms": 3701
    },
    {
      "image_path": "Monkey-Puppet/Monkey-Puppet_12.png",
      "label": "其他",
      "response_time": "00:00:18.010",
      "timestamp_unix": 1751293150,
      "timestamp_unix_ms": 1751293150472,
      "timestamp_readable": "2025-06-30 14:19:10.472",
      "normalized_name": "Monkey-Puppet/Monkey-Puppet",
      "meme_name": "Monkey-Puppet",
      "post_id": 12,
      "english_label": "others",
      "response_time_ms": 18010
    },
    {
      "image_path": "Arthur-Fist/Arthur-Fist_34.png",
      "label": "憤怒",
      "response_time": "00:00:12.301",
      "timestamp_unix": 1751293162,
      "timestamp_unix_ms": 1751293162873,
      "timestamp_readable": "2025-06-30 14:19:22.873",
      "normalized_name": "Arthur-Fist/Arthur-Fist",
      "meme_name": "Arthur-Fist",
      "post_id": 34,
      "english_label": "anger",
      "response_time_ms": 12301
    },
    {
      "image_path": "Futurama-Fry/Futurama-Fry_36.png",
      "label": "輕蔑",
      "response_time": "00:00:05.109",
      "timestamp_unix": 1751293168,
      "timestamp_unix_ms": 1751293168101,
      "timestamp_readable": "2025-06-30 14:19:28.101",
      "normalized_name": "Futurama-Fry/Futurama-Fry",
      "meme_name": "Futurama-Fry",
      "post_id": 36,
      "english_label": "contempt",
      "response_time_ms": 5109
    },
    {
      "image_path": "Put-It-Somewhere-Else-Patrick/Put-It-Somewhere-Else-Patrick_44.png",
      "label": "厭惡",
      "response_time": "00:00:06.714",
      "timestamp_unix": 1751293174,
      "timestamp_unix_ms": 1751293174919,
      "timestamp_readable": "2025-06-30 14:19:34.919",
      "normalized_name": "Put-It-Somewhere-Else-Patrick/Put-It-Somewhere-Else-Patrick",
      "meme_name": "Put-It-Somewhere-Else-Patrick",
      "post_id": 44,
      "english_label": "disgust",
      "response_time_ms": 6714
    },
    {
      "image_path": "Afraid-To-Ask-Andy/Afraid-To-Ask-Andy_28.png",
      "label": "其他",
      "response_time": "00:00:08.301",
      "timestamp_unix": 1751293183,
      "timestamp_unix_ms": 1751293183295,
      "timestamp_readable": "2025-06-30 14:19:43.295",
      "normalized_name": "Afraid-To-Ask-Andy/Afraid-To-Ask-Andy",
      "meme_name": "Afraid-To-Ask-Andy",
      "post_id": 28,
      "english_label": "others",
      "response_time_ms": 8301
    },
    {
      "image_path": "Disaster-Girl/Disaster-Girl_38.png",
      "label": "輕蔑",
      "response_time": "00:00:07.201",
      "timestamp_unix": 1751293190,
      "timestamp_unix_ms": 1751293190579,
      "timestamp_readable": "2025-06-30 14:19:50.579",
      "normalized_name": "Disaster-Girl/Disaster-Girl",
      "meme_name": "Disaster-Girl",
      "post_id": 38,
      "english_label": "contempt",
      "response_time_ms": 7201
    },
    {
      "image_path": "Table-Flip-Guy/Table-Flip-Guy_33.png",
      "label": "憤怒",
      "response_time": "00:00:04.112",
      "timestamp_unix": 1751293194,
      "timestamp_unix_ms": 1751293194810,
      "timestamp_readable": "2025-06-30 14:19:54.810",
      "normalized_name": "Table-Flip-Guy/Table-Flip-Guy",
      "meme_name": "Table-Flip-Guy",
      "post_id": 33,
      "english_label": "anger",
      "response_time_ms": 4112
    },
    {
      "image_path": "Nuclear-Explosion/Nuclear-Explosion_1.png",
      "label": "憤怒",
      "response_time": "00:00:03.414",
      "timestamp_unix": 1751293198,
      "timestamp_unix_ms": 1751293198342,
      "timestamp_readable": "2025-06-30 14:19:58.342",
      "normalized_name": "Nuclear-Explosion/Nuclear-Explosion",
      "meme_name": "Nuclear-Explosion",
      "post_id": 1,
      "english_label": "anger",
      "response_time_ms": 3414
    },
    {
      "image_path": "I-am-once-again-asking/I-am-once-again-asking_23.png",
      "label": "憤怒",
      "response_time": "00:00:07.314",
      "timestamp_unix": 1751293205,
      "timestamp_unix_ms": 1751293205743,
      "timestamp_readable": "2025-06-30 14:20:05.743",
      "normalized_name": "I-am-once-again-asking/I-am-once-again-asking",
      "meme_name": "I-am-once-again-asking",
      "post_id": 23,
      "english_label": "anger",
      "response_time_ms": 7314
    },
    {
      "image_path": "Thats-a-paddlin/Thats-a-paddlin_24.png",
      "label": "厭惡",
      "response_time": "00:00:06.913",
      "timestamp_unix": 1751293212,
      "timestamp_unix_ms": 1751293212720,
      "timestamp_readable": "2025-06-30 14:20:12.720",
      "normalized_name": "Thats-a-paddlin/Thats-a-paddlin",
      "meme_name": "Thats-a-paddlin",
      "post_id": 24,
      "english_label": "disgust",
      "response_time_ms": 6913
    },
    {
      "image_path": "Scooby-doo-mask-reveal/Scooby-doo-mask-reveal_50.png",
      "label": "輕蔑",
      "response_time": "00:00:16.711",
      "timestamp_unix": 1751293229,
      "timestamp_unix_ms": 1751293229482,
      "timestamp_readable": "2025-06-30 14:20:29.482",
      "normalized_name": "Scooby-doo-mask-reveal/Scooby-doo-mask-reveal",
      "meme_name": "Scooby-doo-mask-reveal",
      "post_id": 50,
      "english_label": "contempt",
      "response_time_ms": 16711
    },
    {
      "image_path": "Leonardo-Dicaprio-Wolf-Of-Wall-Street/Leonardo-Dicaprio-Wolf-Of-Wall-Street_11.png",
      "label": "其他",
      "response_time": "00:00:05.612",
      "timestamp_unix": 1751293235,
      "timestamp_unix_ms": 1751293235213,
      "timestamp_readable": "2025-06-30 14:20:35.213",
      "normalized_name": "Leonardo-Dicaprio-Wolf-Of-Wall-Street/Leonardo-Dicaprio-Wolf-Of-Wall-Street",
      "meme_name": "Leonardo-Dicaprio-Wolf-Of-Wall-Street",
      "post_id": 11,
      "english_label": "others",
      "response_time_ms": 5612
    },
    {
      "image_path": "Charlie-Day/Charlie-Day_7.png",
      "label": "厭惡",
      "response_time": "00:00:08.615",
      "timestamp_unix": 1751293243,
      "timestamp_unix_ms": 1751293243927,
      "timestamp_readable": "2025-06-30 14:20:43.927",
      "normalized_name": "Charlie-Day/Charlie-Day",
      "meme_name": "Charlie-Day",
      "post_id": 7,
      "english_label": "disgust",
      "response_time_ms": 8615
    },
    {
      "image_path": "Gru-Gun/Gru-Gun_3.png",
      "label": "其他",
      "response_time": "00:00:09.112",
      "timestamp_unix": 1751293253,
      "timestamp_unix_ms": 1751293253143,
      "timestamp_readable": "2025-06-30 14:20:53.143",
      "normalized_name": "Gru-Gun/Gru-Gun",
      "meme_name": "Gru-Gun",
      "post_id": 3,
      "english_label": "others",
      "response_time_ms": 9112
    },
    {
      "image_path": "Disappointed-Man/Disappointed-Man_2.png",
      "label": "厭惡",
      "response_time": "00:00:11.908",
      "timestamp_unix": 1751293265,
      "timestamp_unix_ms": 1751293265171,
      "timestamp_readable": "2025-06-30 14:21:05.171",
      "normalized_name": "Disappointed-Man/Disappointed-Man",
      "meme_name": "Disappointed-Man",
      "post_id": 2,
      "english_label": "disgust",
      "response_time_ms": 11908
    },
    {
      "image_path": "Batman-Slapping-Robin/Batman-Slapping-Robin_43.png",
      "label": "厭惡",
      "response_time": "00:00:06.714",
      "timestamp_unix": 1751293271,
      "timestamp_unix_ms": 1751293271950,
      "timestamp_readable": "2025-06-30 14:21:11.950",
      "normalized_name": "Batman-Slapping-Robin/Batman-Slapping-Robin",
      "meme_name": "Batman-Slapping-Robin",
      "post_id": 43,
      "english_label": "disgust",
      "response_time_ms": 6714
    },
    {
      "image_path": "Confused-Gandalf/Confused-Gandalf_37.png",
      "label": "其他",
      "response_time": "00:00:07.716",
      "timestamp_unix": 1751293279,
      "timestamp_unix_ms": 1751293279716,
      "timestamp_readable": "2025-06-30 14:21:19.716",
      "normalized_name": "Confused-Gandalf/Confused-Gandalf",
      "meme_name": "Confused-Gandalf",
      "post_id": 37,
      "english_label": "others",
      "response_time_ms": 7716
    },
    {
      "image_path": "You-The-Real-MVP/You-The-Real-MVP_5.png",
      "label": "其他",
      "response_time": "00:00:06.012",
      "timestamp_unix": 1751293285,
      "timestamp_unix_ms": 1751293285866,
      "timestamp_readable": "2025-06-30 14:21:25.866",
      "normalized_name": "You-The-Real-MVP/You-The-Real-MVP",
      "meme_name": "You-The-Real-MVP",
      "post_id": 5,
      "english_label": "others",
      "response_time_ms": 6012
    },
    {
      "image_path": "Mr-incredible-mad/Mr-incredible-mad_16.png",
      "label": "憤怒",
      "response_time": "00:00:04.011",
      "timestamp_unix": 1751293289,
      "timestamp_unix_ms": 1751293289944,
      "timestamp_readable": "2025-06-30 14:21:29.944",
      "normalized_name": "Mr-incredible-mad/Mr-incredible-mad",
      "meme_name": "Mr-incredible-mad",
      "post_id": 16,
      "english_label": "anger",
      "response_time_ms": 4011
    },
    {
      "image_path": "Mr-McMahon-reaction/Mr-McMahon-reaction_6.png",
      "label": "憤怒",
      "response_time": "00:00:07.318",
      "timestamp_unix": 1751293297,
      "timestamp_unix_ms": 1751293297296,
      "timestamp_readable": "2025-06-30 14:21:37.296",
      "normalized_name": "Mr-McMahon-reaction/Mr-McMahon-reaction",
      "meme_name": "Mr-McMahon-reaction",
      "post_id": 6,
      "english_label": "anger",
      "response_time_ms": 7318
    },
    {
      "image_path": "Dinkleberg/Dinkleberg_46.png",
      "label": "輕蔑",
      "response_time": "00:00:05.910",
      "timestamp_unix": 1751293303,
      "timestamp_unix_ms": 1751293303293,
      "timestamp_readable": "2025-06-30 14:21:43.293",
      "normalized_name": "Dinkleberg/Dinkleberg",
      "meme_name": "Dinkleberg",
      "post_id": 46,
      "english_label": "contempt",
      "response_time_ms": 5910
    },
    {
      "image_path": "Always-you-three/Always-you-three_39.png",
      "label": "輕蔑",
      "response_time": "00:00:06.910",
      "timestamp_unix": 1751293310,
      "timestamp_unix_ms": 1751293310268,
      "timestamp_readable": "2025-06-30 14:21:50.268",
      "normalized_name": "Always-you-three/Always-you-three",
      "meme_name": "Always-you-three",
      "post_id": 39,
      "english_label": "contempt",
      "response_time_ms": 6910
    },
    {
      "image_path": "Angry-Baby/Angry-Baby_20.png",
      "label": "憤怒",
      "response_time": "00:00:04.804",
      "timestamp_unix": 1751293315,
      "timestamp_unix_ms": 1751293315203,
      "timestamp_readable": "2025-06-30 14:21:55.203",
      "normalized_name": "Angry-Baby/Angry-Baby",
      "meme_name": "Angry-Baby",
      "post_id": 20,
      "english_label": "anger",
      "response_time_ms": 4804
    },
    {
      "image_path": "attention_check/attention_check_Contempt.png",
      "label": "輕蔑",
      "response_time": "00:00:02.900",
      "timestamp_unix": 1751293318,
      "timestamp_unix_ms": 1751293318205,
      "timestamp_readable": "2025-06-30 14:21:58.205",
      "normalized_name": "attention_check/attention_check_Contempt.png",
      "meme_name": "attention_check",
      "post_id": null,
      "english_label": "contempt",
      "response_time_ms": 2900
    },
    {
      "image_path": "Im-The-Captain-Now/Im-The-Captain-Now_32.png",
      "label": "其他",
      "response_time": "00:00:16.106",
      "timestamp_unix": 1751293334,
      "timestamp_unix_ms": 1751293334393,
      "timestamp_readable": "2025-06-30 14:22:14.393",
      "normalized_name": "Im-The-Captain-Now/Im-The-Captain-Now",
      "meme_name": "Im-The-Captain-Now",
      "post_id": 32,
      "english_label": "others",
      "response_time_ms": 16106
    },
    {
      "image_path": "For-the-better-right-blank/For-the-better-right-blank_21.png",
      "label": "其他",
      "response_time": "00:00:07.803",
      "timestamp_unix": 1751293342,
      "timestamp_unix_ms": 1751293342292,
      "timestamp_readable": "2025-06-30 14:22:22.292",
      "normalized_name": "For-the-better-right-blank/For-the-better-right-blank",
      "meme_name": "For-the-better-right-blank",
      "post_id": 21,
      "english_label": "others",
      "response_time_ms": 7803
    },
    {
      "image_path": "Hide-the-Pain-Harold/Hide-the-Pain-Harold_22.png",
      "label": "輕蔑",
      "response_time": "00:00:04.802",
      "timestamp_unix": 1751293347,
      "timestamp_unix_ms": 1751293347157,
      "timestamp_readable": "2025-06-30 14:22:27.157",
      "normalized_name": "Hide-the-Pain-Harold/Hide-the-Pain-Harold",
      "meme_name": "Hide-the-Pain-Harold",
      "post_id": 22,
      "english_label": "contempt",
      "response_time_ms": 4802
    }
  ],
  "session_start_unix": 1751292846,
  "session_status": "completed",
  "last_updated_unix": 1751293380,
  "image_order": [
    "Spiderman-Hospital/Spiderman-Hospital_30.png",
    "Happy--Shock/Happy--Shock_49.png",
    "Chill-guy/Chill-guy_45.png",
    "I-am-once-again-asking/I-am-once-again-asking_23.png",
    "Math-ladyConfused-lady/Math-ladyConfused-lady_17.png",
    "Archer/Archer_48.png",
    "Leonardo-Dicaprio-Wolf-Of-Wall-Street/Leonardo-Dicaprio-Wolf-Of-Wall-Street_11.png",
    "Mocking-Spongebob/Mocking-Spongebob_19.png",
    "Afraid-To-Ask-Andy/Afraid-To-Ask-Andy_28.png",
    "Charlie-Day/Charlie-Day_7.png",
    "Always-Has-Been/Always-Has-Been_35.png",
    "Picard-Wtf/Picard-Wtf_13.png",
    "Batman-Slapping-Robin/Batman-Slapping-Robin_43.png",
    "For-the-better-right-blank/For-the-better-right-blank_21.png",
    "Drake-NoYes/Drake-NoYes_42.png",
    "Laughing-wolf/Laughing-wolf_18.png",
    "DJ-Pauly-D/DJ-Pauly-D_27.png",
    "Always-you-three/Always-you-three_39.png",
    "Disappointed-Man/Disappointed-Man_2.png",
    "Smudge-the-cat/Smudge-the-cat_26.png",
    "Thats-a-paddlin/Thats-a-paddlin_24.png",
    "attention_check/attention_check_Disgust.png",
    "Hide-the-Pain-Harold/Hide-the-Pain-Harold_22.png",
    "Hold-fart/Hold-fart_41.png",
    "Im-The-Captain-Now/Im-The-Captain-Now_32.png",
    "Obi-Wan-Kenobi/Obi-Wan-Kenobi_31.png",
    "Spongebob-Yelling/Spongebob-Yelling_10.png",
    "Nuclear-Explosion/Nuclear-Explosion_1.png",
    "Dinkleberg/Dinkleberg_46.png",
    "Scooby-doo-mask-reveal/Scooby-doo-mask-reveal_50.png",
    "Disaster-Girl/Disaster-Girl_38.png",
    "Black-guy-hiding-behind-tree/Black-guy-hiding-behind-tree_9.png",
    "You-The-Real-MVP/You-The-Real-MVP_5.png",
    "Moe-throws-Barney/Moe-throws-Barney_14.png",
    "Ill-Have-You-Know-Spongebob/Ill-Have-You-Know-Spongebob_4.png",
    "Futurama-Fry/Futurama-Fry_36.png",
    "Monkey-Puppet/Monkey-Puppet_12.png",
    "Confused-Gandalf/Confused-Gandalf_37.png",
    "Mr-incredible-mad/Mr-incredible-mad_16.png",
    "Dave-chappelle/Dave-chappelle_25.png",
    "Surprised-Pikachu/Surprised-Pikachu_15.png",
    "Table-Flip-Guy/Table-Flip-Guy_33.png",
    "Kevin-Hart/Kevin-Hart_8.png",
    "Well-Yes-But-Actually-No/Well-Yes-But-Actually-No_29.png",
    "Mr-McMahon-reaction/Mr-McMahon-reaction_6.png",
    "Gru-Gun/Gru-Gun_3.png",
    "Persian-Cat-Room-Guardian/Persian-Cat-Room-Guardian_47.png",
    "Put-It-Somewhere-Else-Patrick/Put-It-Somewhere-Else-Patrick_44.png",
    "attention_check/attention_check_Contempt.png",
    "Angry-Baby/Angry-Baby_20.png",
    "Arthur-Fist/Arthur-Fist_34.png",
    "Khan/Khan_40.png"
  ],
  "completion_status": {
    "practice_completed": true,
    "game_started": true,
    "game_completed": true,
    "summary_viewed": true,
    "email_submitted": true
  },
  "timestamps_unix": {
    "registration_completed": 1751292846,
    "practice_started": 1751292846,
    "practice_completed": 1751292903,
    "game_started": 1751292903,
    "first_label": 1751292912,
    "last_label": 1751293347,
    "game_completed": 1751293349,
    "summary_viewed": 1751293349,
    "email_submitted": 1751293380,
    "session_end": 1751293380,
    "last_updated": 1751293380
  },
  "timestamps_unix_ms": {
    "registration_completed_ms": 1751292846845,
    "practice_started_ms": 1751292846877,
    "practice_completed_ms": 1751292903099,
    "game_started_ms": 1751292903108,
    "first_label_ms": 1751292912202,
    "last_label_ms": 1751293347157,
    "game_completed_ms": 1751293349232,
    "summary_viewed_ms": 1751293349241,
    "email_submitted_ms": 1751293380964,
    "session_end_ms": 1751293380964,
    "last_updated_ms": 1751293380964
  },
  "duration_stats_ms": {
    "total_session_duration_ms": 534119,
    "practice_duration_ms": 56222,
    "game_duration_ms": 446124,
    "labeling_duration_ms": 434955,
    "email_submission_duration_ms": 31723
  },
  "filename_updated_unix": 1751293349,
  "original_filename": "user_f03118",
  "completion_status_in_filename": "email_submitted"
}