{
  "user_id": "user_27aa87",
  "file_name": "user_27aa87_1751443628_1751444017_fullycomplete",
  "unix_start_time": 1751443628,
  "unix_start_time_ms": 1751443628611,
  "unix_end_time": 1751444017,
  "unix_end_time_ms": 1751444017519,
  "age": "25-29",
  "gender": "female",
  "user_agent": "Mozilla/5.0 (Macintosh; Intel Mac OS X 10_15_7) AppleWebKit/537.36 (KHTML, like Gecko) Chrome/105.0.0.0 Safari/537.36",
  "user_ip": "140.112.59.100",
  "status": "complete",
  "email_provided": "complete",
  "attention_passed": true,
  "start_time_readable": "2025-07-02 08:07:08.611",
  "end_time_readable": "2025-07-02 08:13:37.519",
  "total_labels": 52,
  "emotion_summary": {
    "anger": 14,
    "contempt": 18,
    "disgust": 2,
    "others": 18
  },
  "email": "ingjenhuang@gmail.com",
  "participation": "yes",
  "total_responses": 52,
  "responses": [
    {
      "image_path": "Leonardo-Dicaprio-Wolf-Of-Wall-Street/Leonardo-Dicaprio-Wolf-Of-Wall-Street_50.png",
      "label": "輕蔑",
      "response_time": "00:00:13.501",
      "timestamp_unix": 1751443693,
      "timestamp_unix_ms": 1751443693934,
      "timestamp_readable": "2025-07-02 08:08:13.934",
      "normalized_name": "Leonardo-Dicaprio-Wolf-Of-Wall-Street/Leonardo-Dicaprio-Wolf-Of-Wall-Street",
      "meme_name": "Leonardo-Dicaprio-Wolf-Of-Wall-Street",
      "post_id": 50,
      "english_label": "contempt",
      "response_time_ms": 13501
    },
    {
      "image_path": "Math-ladyConfused-lady/Math-ladyConfused-lady_20.png",
      "label": "其他",
      "response_time": "00:00:07.001",
      "timestamp_unix": 1751443701,
      "timestamp_unix_ms": 1751443701042,
      "timestamp_readable": "2025-07-02 08:08:21.042",
      "normalized_name": "Math-ladyConfused-lady/Math-ladyConfused-lady",
      "meme_name": "Math-ladyConfused-lady",
      "post_id": 20,
      "english_label": "others",
      "response_time_ms": 7001
    },
    {
      "image_path": "Arthur-Fist/Arthur-Fist_29.png",
      "label": "憤怒",
      "response_time": "00:00:02.301",
      "timestamp_unix": 1751443703,
      "timestamp_unix_ms": 1751443703471,
      "timestamp_readable": "2025-07-02 08:08:23.471",
      "normalized_name": "Arthur-Fist/Arthur-Fist",
      "meme_name": "Arthur-Fist",
      "post_id": 29,
      "english_label": "anger",
      "response_time_ms": 2301
    },
    {
      "image_path": "Surprised-Pikachu/Surprised-Pikachu_10.png",
      "label": "其他",
      "response_time": "00:00:06.602",
      "timestamp_unix": 1751443710,
      "timestamp_unix_ms": 1751443710194,
      "timestamp_readable": "2025-07-02 08:08:30.194",
      "normalized_name": "Surprised-Pikachu/Surprised-Pikachu",
      "meme_name": "Surprised-Pikachu",
      "post_id": 10,
      "english_label": "others",
      "response_time_ms": 6602
    },
    {
      "image_path": "Charlie-Day/Charlie-Day_19.png",
      "label": "憤怒",
      "response_time": "00:00:05.100",
      "timestamp_unix": 1751443715,
      "timestamp_unix_ms": 1751443715378,
      "timestamp_readable": "2025-07-02 08:08:35.378",
      "normalized_name": "Charlie-Day/Charlie-Day",
      "meme_name": "Charlie-Day",
      "post_id": 19,
      "english_label": "anger",
      "response_time_ms": 5100
    },
    {
      "image_path": "Table-Flip-Guy/Table-Flip-Guy_39.png",
      "label": "憤怒",
      "response_time": "00:00:03.801",
      "timestamp_unix": 1751443719,
      "timestamp_unix_ms": 1751443719229,
      "timestamp_readable": "2025-07-02 08:08:39.229",
      "normalized_name": "Table-Flip-Guy/Table-Flip-Guy",
      "meme_name": "Table-Flip-Guy",
      "post_id": 39,
      "english_label": "anger",
      "response_time_ms": 3801
    },
    {
      "image_path": "For-the-better-right-blank/For-the-better-right-blank_28.png",
      "label": "輕蔑",
      "response_time": "00:00:05.500",
      "timestamp_unix": 1751443724,
      "timestamp_unix_ms": 1751443724834,
      "timestamp_readable": "2025-07-02 08:08:44.834",
      "normalized_name": "For-the-better-right-blank/For-the-better-right-blank",
      "meme_name": "For-the-better-right-blank",
      "post_id": 28,
      "english_label": "contempt",
      "response_time_ms": 5500
    },
    {
      "image_path": "Mocking-Spongebob/Mocking-Spongebob_33.png",
      "label": "輕蔑",
      "response_time": "00:00:04.500",
      "timestamp_unix": 1751443729,
      "timestamp_unix_ms": 1751443729369,
      "timestamp_readable": "2025-07-02 08:08:49.369",
      "normalized_name": "Mocking-Spongebob/Mocking-Spongebob",
      "meme_name": "Mocking-Spongebob",
      "post_id": 33,
      "english_label": "contempt",
      "response_time_ms": 4500
    },
    {
      "image_path": "Scooby-doo-mask-reveal/Scooby-doo-mask-reveal_17.png",
      "label": "輕蔑",
      "response_time": "00:00:03.700",
      "timestamp_unix": 1751443733,
      "timestamp_unix_ms": 1751443733142,
      "timestamp_readable": "2025-07-02 08:08:53.142",
      "normalized_name": "Scooby-doo-mask-reveal/Scooby-doo-mask-reveal",
      "meme_name": "Scooby-doo-mask-reveal",
      "post_id": 17,
      "english_label": "contempt",
      "response_time_ms": 3700
    },
    {
      "image_path": "I-am-once-again-asking/I-am-once-again-asking_44.png",
      "label": "憤怒",
      "response_time": "00:00:03.300",
      "timestamp_unix": 1751443736,
      "timestamp_unix_ms": 1751443736575,
      "timestamp_readable": "2025-07-02 08:08:56.575",
      "normalized_name": "I-am-once-again-asking/I-am-once-again-asking",
      "meme_name": "I-am-once-again-asking",
      "post_id": 44,
      "english_label": "anger",
      "response_time_ms": 3300
    },
    {
      "image_path": "Nuclear-Explosion/Nuclear-Explosion_37.png",
      "label": "憤怒",
      "response_time": "00:00:01.601",
      "timestamp_unix": 1751443738,
      "timestamp_unix_ms": 1751443738268,
      "timestamp_readable": "2025-07-02 08:08:58.268",
      "normalized_name": "Nuclear-Explosion/Nuclear-Explosion",
      "meme_name": "Nuclear-Explosion",
      "post_id": 37,
      "english_label": "anger",
      "response_time_ms": 1601
    },
    {
      "image_path": "Gru-Gun/Gru-Gun_48.png",
      "label": "憤怒",
      "response_time": "00:00:02.603",
      "timestamp_unix": 1751443740,
      "timestamp_unix_ms": 1751443740974,
      "timestamp_readable": "2025-07-02 08:09:00.974",
      "normalized_name": "Gru-Gun/Gru-Gun",
      "meme_name": "Gru-Gun",
      "post_id": 48,
      "english_label": "anger",
      "response_time_ms": 2603
    },
    {
      "image_path": "Persian-Cat-Room-Guardian/Persian-Cat-Room-Guardian_24.png",
      "label": "輕蔑",
      "response_time": "00:00:02.102",
      "timestamp_unix": 1751443743,
      "timestamp_unix_ms": 1751443743193,
      "timestamp_readable": "2025-07-02 08:09:03.193",
      "normalized_name": "Persian-Cat-Room-Guardian/Persian-Cat-Room-Guardian",
      "meme_name": "Persian-Cat-Room-Guardian",
      "post_id": 24,
      "english_label": "contempt",
      "response_time_ms": 2102
    },
    {
      "image_path": "Futurama-Fry/Futurama-Fry_43.png",
      "label": "輕蔑",
      "response_time": "00:00:02.401",
      "timestamp_unix": 1751443745,
      "timestamp_unix_ms": 1751443745663,
      "timestamp_readable": "2025-07-02 08:09:05.663",
      "normalized_name": "Futurama-Fry/Futurama-Fry",
      "meme_name": "Futurama-Fry",
      "post_id": 43,
      "english_label": "contempt",
      "response_time_ms": 2401
    },
    {
      "image_path": "Hold-fart/Hold-fart_25.png",
      "label": "輕蔑",
      "response_time": "00:00:05.800",
      "timestamp_unix": 1751443751,
      "timestamp_unix_ms": 1751443751560,
      "timestamp_readable": "2025-07-02 08:09:11.560",
      "normalized_name": "Hold-fart/Hold-fart",
      "meme_name": "Hold-fart",
      "post_id": 25,
      "english_label": "contempt",
      "response_time_ms": 5800
    },
    {
      "image_path": "Happy--Shock/Happy--Shock_36.png",
      "label": "其他",
      "response_time": "00:00:04.600",
      "timestamp_unix": 1751443756,
      "timestamp_unix_ms": 1751443756199,
      "timestamp_readable": "2025-07-02 08:09:16.199",
      "normalized_name": "Happy--Shock/Happy--Shock",
      "meme_name": "Happy--Shock",
      "post_id": 36,
      "english_label": "others",
      "response_time_ms": 4600
    },
    {
      "image_path": "Dave-chappelle/Dave-chappelle_9.png",
      "label": "其他",
      "response_time": "00:00:02.401",
      "timestamp_unix": 1751443758,
      "timestamp_unix_ms": 1751443758720,
      "timestamp_readable": "2025-07-02 08:09:18.720",
      "normalized_name": "Dave-chappelle/Dave-chappelle",
      "meme_name": "Dave-chappelle",
      "post_id": 9,
      "english_label": "others",
      "response_time_ms": 2401
    },
    {
      "image_path": "Khan/Khan_42.png",
      "label": "其他",
      "response_time": "00:00:12.702",
      "timestamp_unix": 1751443771,
      "timestamp_unix_ms": 1751443771484,
      "timestamp_readable": "2025-07-02 08:09:31.484",
      "normalized_name": "Khan/Khan",
      "meme_name": "Khan",
      "post_id": 42,
      "english_label": "others",
      "response_time_ms": 12702
    },
    {
      "image_path": "Black-guy-hiding-behind-tree/Black-guy-hiding-behind-tree_41.png",
      "label": "其他",
      "response_time": "00:00:07.002",
      "timestamp_unix": 1751443778,
      "timestamp_unix_ms": 1751443778610,
      "timestamp_readable": "2025-07-02 08:09:38.610",
      "normalized_name": "Black-guy-hiding-behind-tree/Black-guy-hiding-behind-tree",
      "meme_name": "Black-guy-hiding-behind-tree",
      "post_id": 41,
      "english_label": "others",
      "response_time_ms": 7002
    },
    {
      "image_path": "Confused-Gandalf/Confused-Gandalf_7.png",
      "label": "其他",
      "response_time": "00:00:03.800",
      "timestamp_unix": 1751443782,
      "timestamp_unix_ms": 1751443782451,
      "timestamp_readable": "2025-07-02 08:09:42.451",
      "normalized_name": "Confused-Gandalf/Confused-Gandalf",
      "meme_name": "Confused-Gandalf",
      "post_id": 7,
      "english_label": "others",
      "response_time_ms": 3800
    },
    {
      "image_path": "attention_check/attention_check_Others.png",
      "label": "其他",
      "response_time": "00:00:03.102",
      "timestamp_unix": 1751443785,
      "timestamp_unix_ms": 1751443785663,
      "timestamp_readable": "2025-07-02 08:09:45.663",
      "normalized_name": "attention_check/attention_check_Others.png",
      "meme_name": "attention_check",
      "post_id": null,
      "english_label": "others",
      "response_time_ms": 3102
    },
    {
      "image_path": "Obi-Wan-Kenobi/Obi-Wan-Kenobi_21.png",
      "label": "輕蔑",
      "response_time": "00:00:11.200",
      "timestamp_unix": 1751443796,
      "timestamp_unix_ms": 1751443796959,
      "timestamp_readable": "2025-07-02 08:09:56.959",
      "normalized_name": "Obi-Wan-Kenobi/Obi-Wan-Kenobi",
      "meme_name": "Obi-Wan-Kenobi",
      "post_id": 21,
      "english_label": "contempt",
      "response_time_ms": 11200
    },
    {
      "image_path": "Laughing-wolf/Laughing-wolf_16.png",
      "label": "輕蔑",
      "response_time": "00:00:03.700",
      "timestamp_unix": 1751443800,
      "timestamp_unix_ms": 1751443800738,
      "timestamp_readable": "2025-07-02 08:10:00.738",
      "normalized_name": "Laughing-wolf/Laughing-wolf",
      "meme_name": "Laughing-wolf",
      "post_id": 16,
      "english_label": "contempt",
      "response_time_ms": 3700
    },
    {
      "image_path": "Always-Has-Been/Always-Has-Been_22.png",
      "label": "其他",
      "response_time": "00:00:05.402",
      "timestamp_unix": 1751443806,
      "timestamp_unix_ms": 1751443806221,
      "timestamp_readable": "2025-07-02 08:10:06.221",
      "normalized_name": "Always-Has-Been/Always-Has-Been",
      "meme_name": "Always-Has-Been",
      "post_id": 22,
      "english_label": "others",
      "response_time_ms": 5402
    },
    {
      "image_path": "Picard-Wtf/Picard-Wtf_12.png",
      "label": "輕蔑",
      "response_time": "00:00:08.702",
      "timestamp_unix": 1751443815,
      "timestamp_unix_ms": 1751443815010,
      "timestamp_readable": "2025-07-02 08:10:15.010",
      "normalized_name": "Picard-Wtf/Picard-Wtf",
      "meme_name": "Picard-Wtf",
      "post_id": 12,
      "english_label": "contempt",
      "response_time_ms": 8702
    },
    {
      "image_path": "Monkey-Puppet/Monkey-Puppet_18.png",
      "label": "其他",
      "response_time": "00:00:03.401",
      "timestamp_unix": 1751443818,
      "timestamp_unix_ms": 1751443818474,
      "timestamp_readable": "2025-07-02 08:10:18.474",
      "normalized_name": "Monkey-Puppet/Monkey-Puppet",
      "meme_name": "Monkey-Puppet",
      "post_id": 18,
      "english_label": "others",
      "response_time_ms": 3401
    },
    {
      "image_path": "Afraid-To-Ask-Andy/Afraid-To-Ask-Andy_1.png",
      "label": "其他",
      "response_time": "00:00:04.700",
      "timestamp_unix": 1751443823,
      "timestamp_unix_ms": 1751443823289,
      "timestamp_readable": "2025-07-02 08:10:23.289",
      "normalized_name": "Afraid-To-Ask-Andy/Afraid-To-Ask-Andy",
      "meme_name": "Afraid-To-Ask-Andy",
      "post_id": 1,
      "english_label": "others",
      "response_time_ms": 4700
    },
    {
      "image_path": "You-The-Real-MVP/You-The-Real-MVP_2.png",
      "label": "輕蔑",
      "response_time": "00:00:11.100",
      "timestamp_unix": 1751443834,
      "timestamp_unix_ms": 1751443834449,
      "timestamp_readable": "2025-07-02 08:10:34.449",
      "normalized_name": "You-The-Real-MVP/You-The-Real-MVP",
      "meme_name": "You-The-Real-MVP",
      "post_id": 2,
      "english_label": "contempt",
      "response_time_ms": 11100
    },
    {
      "image_path": "Batman-Slapping-Robin/Batman-Slapping-Robin_46.png",
      "label": "憤怒",
      "response_time": "00:00:05.300",
      "timestamp_unix": 1751443839,
      "timestamp_unix_ms": 1751443839865,
      "timestamp_readable": "2025-07-02 08:10:39.865",
      "normalized_name": "Batman-Slapping-Robin/Batman-Slapping-Robin",
      "meme_name": "Batman-Slapping-Robin",
      "post_id": 46,
      "english_label": "anger",
      "response_time_ms": 5300
    },
    {
      "image_path": "Disappointed-Man/Disappointed-Man_40.png",
      "label": "厭惡",
      "response_time": "00:00:05.400",
      "timestamp_unix": 1751443845,
      "timestamp_unix_ms": 1751443845308,
      "timestamp_readable": "2025-07-02 08:10:45.308",
      "normalized_name": "Disappointed-Man/Disappointed-Man",
      "meme_name": "Disappointed-Man",
      "post_id": 40,
      "english_label": "disgust",
      "response_time_ms": 5400
    },
    {
      "image_path": "Kevin-Hart/Kevin-Hart_15.png",
      "label": "其他",
      "response_time": "00:00:05.001",
      "timestamp_unix": 1751443850,
      "timestamp_unix_ms": 1751443850344,
      "timestamp_readable": "2025-07-02 08:10:50.344",
      "normalized_name": "Kevin-Hart/Kevin-Hart",
      "meme_name": "Kevin-Hart",
      "post_id": 15,
      "english_label": "others",
      "response_time_ms": 5001
    },
    {
      "image_path": "Spongebob-Yelling/Spongebob-Yelling_11.png",
      "label": "憤怒",
      "response_time": "00:00:07.800",
      "timestamp_unix": 1751443858,
      "timestamp_unix_ms": 1751443858231,
      "timestamp_readable": "2025-07-02 08:10:58.231",
      "normalized_name": "Spongebob-Yelling/Spongebob-Yelling",
      "meme_name": "Spongebob-Yelling",
      "post_id": 11,
      "english_label": "anger",
      "response_time_ms": 7800
    },
    {
      "image_path": "Ill-Have-You-Know-Spongebob/Ill-Have-You-Know-Spongebob_49.png",
      "label": "輕蔑",
      "response_time": "00:00:09.201",
      "timestamp_unix": 1751443867,
      "timestamp_unix_ms": 1751443867473,
      "timestamp_readable": "2025-07-02 08:11:07.473",
      "normalized_name": "Ill-Have-You-Know-Spongebob/Ill-Have-You-Know-Spongebob",
      "meme_name": "Ill-Have-You-Know-Spongebob",
      "post_id": 49,
      "english_label": "contempt",
      "response_time_ms": 9201
    },
    {
      "image_path": "Always-you-three/Always-you-three_6.png",
      "label": "輕蔑",
      "response_time": "00:00:05.001",
      "timestamp_unix": 1751443872,
      "timestamp_unix_ms": 1751443872563,
      "timestamp_readable": "2025-07-02 08:11:12.563",
      "normalized_name": "Always-you-three/Always-you-three",
      "meme_name": "Always-you-three",
      "post_id": 6,
      "english_label": "contempt",
      "response_time_ms": 5001
    },
    {
      "image_path": "Angry-Baby/Angry-Baby_13.png",
      "label": "憤怒",
      "response_time": "00:00:08.100",
      "timestamp_unix": 1751443880,
      "timestamp_unix_ms": 1751443880720,
      "timestamp_readable": "2025-07-02 08:11:20.720",
      "normalized_name": "Angry-Baby/Angry-Baby",
      "meme_name": "Angry-Baby",
      "post_id": 13,
      "english_label": "anger",
      "response_time_ms": 8100
    },
    {
      "image_path": "Mr-McMahon-reaction/Mr-McMahon-reaction_8.png",
      "label": "憤怒",
      "response_time": "00:00:02.901",
      "timestamp_unix": 1751443883,
      "timestamp_unix_ms": 1751443883665,
      "timestamp_readable": "2025-07-02 08:11:23.665",
      "normalized_name": "Mr-McMahon-reaction/Mr-McMahon-reaction",
      "meme_name": "Mr-McMahon-reaction",
      "post_id": 8,
      "english_label": "anger",
      "response_time_ms": 2901
    },
    {
      "image_path": "Mr-incredible-mad/Mr-incredible-mad_47.png",
      "label": "憤怒",
      "response_time": "00:00:02.300",
      "timestamp_unix": 1751443886,
      "timestamp_unix_ms": 1751443886005,
      "timestamp_readable": "2025-07-02 08:11:26.005",
      "normalized_name": "Mr-incredible-mad/Mr-incredible-mad",
      "meme_name": "Mr-incredible-mad",
      "post_id": 47,
      "english_label": "anger",
      "response_time_ms": 2300
    },
    {
      "image_path": "Well-Yes-But-Actually-No/Well-Yes-But-Actually-No_5.png",
      "label": "其他",
      "response_time": "00:00:11.501",
      "timestamp_unix": 1751443897,
      "timestamp_unix_ms": 1751443897597,
      "timestamp_readable": "2025-07-02 08:11:37.597",
      "normalized_name": "Well-Yes-But-Actually-No/Well-Yes-But-Actually-No",
      "meme_name": "Well-Yes-But-Actually-No",
      "post_id": 5,
      "english_label": "others",
      "response_time_ms": 11501
    },
    {
      "image_path": "Put-It-Somewhere-Else-Patrick/Put-It-Somewhere-Else-Patrick_14.png",
      "label": "其他",
      "response_time": "00:00:08.001",
      "timestamp_unix": 1751443905,
      "timestamp_unix_ms": 1751443905634,
      "timestamp_readable": "2025-07-02 08:11:45.634",
      "normalized_name": "Put-It-Somewhere-Else-Patrick/Put-It-Somewhere-Else-Patrick",
      "meme_name": "Put-It-Somewhere-Else-Patrick",
      "post_id": 14,
      "english_label": "others",
      "response_time_ms": 8001
    },
    {
      "image_path": "Spiderman-Hospital/Spiderman-Hospital_26.png",
      "label": "輕蔑",
      "response_time": "00:00:08.502",
      "timestamp_unix": 1751443914,
      "timestamp_unix_ms": 1751443914245,
      "timestamp_readable": "2025-07-02 08:11:54.245",
      "normalized_name": "Spiderman-Hospital/Spiderman-Hospital",
      "meme_name": "Spiderman-Hospital",
      "post_id": 26,
      "english_label": "contempt",
      "response_time_ms": 8502
    },
    {
      "image_path": "Drake-NoYes/Drake-NoYes_34.png",
      "label": "輕蔑",
      "response_time": "00:00:04.201",
      "timestamp_unix": 1751443918,
      "timestamp_unix_ms": 1751443918548,
      "timestamp_readable": "2025-07-02 08:11:58.548",
      "normalized_name": "Drake-NoYes/Drake-NoYes",
      "meme_name": "Drake-NoYes",
      "post_id": 34,
      "english_label": "contempt",
      "response_time_ms": 4201
    },
    {
      "image_path": "Thats-a-paddlin/Thats-a-paddlin_23.png",
      "label": "憤怒",
      "response_time": "00:00:06.100",
      "timestamp_unix": 1751443924,
      "timestamp_unix_ms": 1751443924717,
      "timestamp_readable": "2025-07-02 08:12:04.717",
      "normalized_name": "Thats-a-paddlin/Thats-a-paddlin",
      "meme_name": "Thats-a-paddlin",
      "post_id": 23,
      "english_label": "anger",
      "response_time_ms": 6100
    },
    {
      "image_path": "Dinkleberg/Dinkleberg_30.png",
      "label": "輕蔑",
      "response_time": "00:00:03.101",
      "timestamp_unix": 1751443927,
      "timestamp_unix_ms": 1751443927932,
      "timestamp_readable": "2025-07-02 08:12:07.932",
      "normalized_name": "Dinkleberg/Dinkleberg",
      "meme_name": "Dinkleberg",
      "post_id": 30,
      "english_label": "contempt",
      "response_time_ms": 3101
    },
    {
      "image_path": "Moe-throws-Barney/Moe-throws-Barney_3.png",
      "label": "輕蔑",
      "response_time": "00:00:08.002",
      "timestamp_unix": 1751443936,
      "timestamp_unix_ms": 1751443936086,
      "timestamp_readable": "2025-07-02 08:12:16.086",
      "normalized_name": "Moe-throws-Barney/Moe-throws-Barney",
      "meme_name": "Moe-throws-Barney",
      "post_id": 3,
      "english_label": "contempt",
      "response_time_ms": 8002
    },
    {
      "image_path": "Disaster-Girl/Disaster-Girl_4.png",
      "label": "憤怒",
      "response_time": "00:00:07.100",
      "timestamp_unix": 1751443943,
      "timestamp_unix_ms": 1751443943274,
      "timestamp_readable": "2025-07-02 08:12:23.274",
      "normalized_name": "Disaster-Girl/Disaster-Girl",
      "meme_name": "Disaster-Girl",
      "post_id": 4,
      "english_label": "anger",
      "response_time_ms": 7100
    },
    {
      "image_path": "Archer/Archer_38.png",
      "label": "其他",
      "response_time": "00:00:07.700",
      "timestamp_unix": 1751443951,
      "timestamp_unix_ms": 1751443951043,
      "timestamp_readable": "2025-07-02 08:12:31.043",
      "normalized_name": "Archer/Archer",
      "meme_name": "Archer",
      "post_id": 38,
      "english_label": "others",
      "response_time_ms": 7700
    },
    {
      "image_path": "Hide-the-Pain-Harold/Hide-the-Pain-Harold_45.png",
      "label": "其他",
      "response_time": "00:00:08.100",
      "timestamp_unix": 1751443959,
      "timestamp_unix_ms": 1751443959213,
      "timestamp_readable": "2025-07-02 08:12:39.213",
      "normalized_name": "Hide-the-Pain-Harold/Hide-the-Pain-Harold",
      "meme_name": "Hide-the-Pain-Harold",
      "post_id": 45,
      "english_label": "others",
      "response_time_ms": 8100
    },
    {
      "image_path": "attention_check/attention_check_Disgust.png",
      "label": "厭惡",
      "response_time": "00:00:03.401",
      "timestamp_unix": 1751443962,
      "timestamp_unix_ms": 1751443962734,
      "timestamp_readable": "2025-07-02 08:12:42.734",
      "normalized_name": "attention_check/attention_check_Disgust.png",
      "meme_name": "attention_check",
      "post_id": null,
      "english_label": "disgust",
      "response_time_ms": 3401
    },
    {
      "image_path": "DJ-Pauly-D/DJ-Pauly-D_27.png",
      "label": "憤怒",
      "response_time": "00:00:05.702",
      "timestamp_unix": 1751443968,
      "timestamp_unix_ms": 1751443968483,
      "timestamp_readable": "2025-07-02 08:12:48.483",
      "normalized_name": "DJ-Pauly-D/DJ-Pauly-D",
      "meme_name": "DJ-Pauly-D",
      "post_id": 27,
      "english_label": "anger",
      "response_time_ms": 5702
    },
    {
      "image_path": "Smudge-the-cat/Smudge-the-cat_31.png",
      "label": "其他",
      "response_time": "00:00:04.901",
      "timestamp_unix": 1751443973,
      "timestamp_unix_ms": 1751443973428,
      "timestamp_readable": "2025-07-02 08:12:53.428",
      "normalized_name": "Smudge-the-cat/Smudge-the-cat",
      "meme_name": "Smudge-the-cat",
      "post_id": 31,
      "english_label": "others",
      "response_time_ms": 4901
    },
    {
      "image_path": "Chill-guy/Chill-guy_35.png",
      "label": "其他",
      "response_time": "00:00:03.200",
      "timestamp_unix": 1751443976,
      "timestamp_unix_ms": 1751443976682,
      "timestamp_readable": "2025-07-02 08:12:56.682",
      "normalized_name": "Chill-guy/Chill-guy",
      "meme_name": "Chill-guy",
      "post_id": 35,
      "english_label": "others",
      "response_time_ms": 3200
    },
    {
      "image_path": "Im-The-Captain-Now/Im-The-Captain-Now_32.png",
      "label": "輕蔑",
      "response_time": "00:00:04.001",
      "timestamp_unix": 1751443980,
      "timestamp_unix_ms": 1751443980810,
      "timestamp_readable": "2025-07-02 08:13:00.810",
      "normalized_name": "Im-The-Captain-Now/Im-The-Captain-Now",
      "meme_name": "Im-The-Captain-Now",
      "post_id": 32,
      "english_label": "contempt",
      "response_time_ms": 4001
    }
  ],
  "session_start_unix": 1751443628,
  "session_status": "completed",
  "last_updated_unix": 1751444017,
  "image_order": [
    "Spiderman-Hospital/Spiderman-Hospital_26.png",
    "Happy--Shock/Happy--Shock_36.png",
    "Chill-guy/Chill-guy_35.png",
    "I-am-once-again-asking/I-am-once-again-asking_44.png",
    "Math-ladyConfused-lady/Math-ladyConfused-lady_20.png",
    "Archer/Archer_38.png",
    "Leonardo-Dicaprio-Wolf-Of-Wall-Street/Leonardo-Dicaprio-Wolf-Of-Wall-Street_50.png",
    "Mocking-Spongebob/Mocking-Spongebob_33.png",
    "Afraid-To-Ask-Andy/Afraid-To-Ask-Andy_1.png",
    "Charlie-Day/Charlie-Day_19.png",
    "Always-Has-Been/Always-Has-Been_22.png",
    "Picard-Wtf/Picard-Wtf_12.png",
    "Batman-Slapping-Robin/Batman-Slapping-Robin_46.png",
    "For-the-better-right-blank/For-the-better-right-blank_28.png",
    "Drake-NoYes/Drake-NoYes_34.png",
    "Laughing-wolf/Laughing-wolf_16.png",
    "DJ-Pauly-D/DJ-Pauly-D_27.png",
    "Always-you-three/Always-you-three_6.png",
    "Disappointed-Man/Disappointed-Man_40.png",
    "Smudge-the-cat/Smudge-the-cat_31.png",
    "attention_check/attention_check_Others.png",
    "Thats-a-paddlin/Thats-a-paddlin_23.png",
    "Hide-the-Pain-Harold/Hide-the-Pain-Harold_45.png",
    "Hold-fart/Hold-fart_25.png",
    "Im-The-Captain-Now/Im-The-Captain-Now_32.png",
    "Obi-Wan-Kenobi/Obi-Wan-Kenobi_21.png",
    "Spongebob-Yelling/Spongebob-Yelling_11.png",
    "Nuclear-Explosion/Nuclear-Explosion_37.png",
    "Dinkleberg/Dinkleberg_30.png",
    "Scooby-doo-mask-reveal/Scooby-doo-mask-reveal_17.png",
    "Disaster-Girl/Disaster-Girl_4.png",
    "Black-guy-hiding-behind-tree/Black-guy-hiding-behind-tree_41.png",
    "You-The-Real-MVP/You-The-Real-MVP_2.png",
    "Moe-throws-Barney/Moe-throws-Barney_3.png",
    "Ill-Have-You-Know-Spongebob/Ill-Have-You-Know-Spongebob_49.png",
    "Futurama-Fry/Futurama-Fry_43.png",
    "Monkey-Puppet/Monkey-Puppet_18.png",
    "Confused-Gandalf/Confused-Gandalf_7.png",
    "Mr-incredible-mad/Mr-incredible-mad_47.png",
    "Dave-chappelle/Dave-chappelle_9.png",
    "Surprised-Pikachu/Surprised-Pikachu_10.png",
    "Table-Flip-Guy/Table-Flip-Guy_39.png",
    "Kevin-Hart/Kevin-Hart_15.png",
    "Well-Yes-But-Actually-No/Well-Yes-But-Actually-No_5.png",
    "Mr-McMahon-reaction/Mr-McMahon-reaction_8.png",
    "Gru-Gun/Gru-Gun_48.png",
    "Persian-Cat-Room-Guardian/Persian-Cat-Room-Guardian_24.png",
    "attention_check/attention_check_Disgust.png",
    "Put-It-Somewhere-Else-Patrick/Put-It-Somewhere-Else-Patrick_14.png",
    "Angry-Baby/Angry-Baby_13.png",
    "Arthur-Fist/Arthur-Fist_29.png",
    "Khan/Khan_42.png"
  ],
  "completion_status": {
    "practice_completed": true,
    "game_started": true,
    "game_completed": true,
    "summary_viewed": true,
    "email_submitted": true
  },
  "timestamps_unix": {
    "registration_completed": 1751443628,
    "practice_started": 1751443628,
    "practice_completed": 1751443680,
    "game_started": 1751443680,
    "first_label": 1751443693,
    "last_label": 1751443980,
    "game_completed": 1751443982,
    "summary_viewed": 1751443982,
    "email_submitted": 1751444017,
    "session_end": 1751444017,
    "last_updated": 1751444017
  },
  "timestamps_unix_ms": {
    "registration_completed_ms": 1751443628611,
    "practice_started_ms": 1751443628639,
    "practice_completed_ms": 1751443680301,
    "game_started_ms": 1751443680309,
    "first_label_ms": 1751443693934,
    "last_label_ms": 1751443980810,
    "game_completed_ms": 1751443982140,
    "summary_viewed_ms": 1751443982149,
    "email_submitted_ms": 1751444017510,
    "session_end_ms": 1751444017510,
    "last_updated_ms": 1751444017510
  },
  "duration_stats_ms": {
    "total_session_duration_ms": 388899,
    "practice_duration_ms": 51662,
    "game_duration_ms": 301831,
    "labeling_duration_ms": 286876,
    "email_submission_duration_ms": 35361
  },
  "filename_updated_unix": 1751443982,
  "original_filename": "user_27aa87",
  "completion_status_in_filename": "email_submitted"
}