{
  "user_id": "user_9c17c0",
  "file_name": "user_9c17c0_1751504788_1751505307_fullycomplete",
  "unix_start_time": 1751504788,
  "unix_start_time_ms": 1751504788576,
  "unix_end_time": 1751505307,
  "unix_end_time_ms": 1751505307807,
  "age": "30-34",
  "gender": "female",
  "user_agent": "Mozilla/5.0 (Windows NT 10.0; Win64; x64) AppleWebKit/537.36 (KHTML, like Gecko) Chrome/137.0.0.0 Safari/537.36",
  "user_ip": "59.115.203.247",
  "status": "complete",
  "email_provided": "complete",
  "attention_passed": false,
  "start_time_readable": "2025-07-03 01:06:28.576",
  "end_time_readable": "2025-07-03 01:15:07.807",
  "total_labels": 52,
  "emotion_summary": {
    "anger": 14,
    "contempt": 6,
    "disgust": 3,
    "others": 29
  },
  "email": "ycc1515757@gmail.com",
  "participation": "yes",
  "total_responses": 52,
  "responses": [
    {
      "image_path": "I-am-once-again-asking/I-am-once-again-asking_34.png",
      "label": "厭惡",
      "response_time": "00:00:15.601",
      "timestamp_unix": 1751504860,
      "timestamp_unix_ms": 1751504860862,
      "timestamp_readable": "2025-07-03 01:07:40.862",
      "normalized_name": "I-am-once-again-asking/I-am-once-again-asking",
      "meme_name": "I-am-once-again-asking",
      "post_id": 34,
      "english_label": "disgust",
      "response_time_ms": 15601
    },
    {
      "image_path": "Hold-fart/Hold-fart_3.png",
      "label": "憤怒",
      "response_time": "00:00:10.710",
      "timestamp_unix": 1751504871,
      "timestamp_unix_ms": 1751504871695,
      "timestamp_readable": "2025-07-03 01:07:51.695",
      "normalized_name": "Hold-fart/Hold-fart",
      "meme_name": "Hold-fart",
      "post_id": 3,
      "english_label": "anger",
      "response_time_ms": 10710
    },
    {
      "image_path": "Chill-guy/Chill-guy_10.png",
      "label": "其他",
      "response_time": "00:00:07.908",
      "timestamp_unix": 1751504879,
      "timestamp_unix_ms": 1751504879817,
      "timestamp_readable": "2025-07-03 01:07:59.817",
      "normalized_name": "Chill-guy/Chill-guy",
      "meme_name": "Chill-guy",
      "post_id": 10,
      "english_label": "others",
      "response_time_ms": 7908
    },
    {
      "image_path": "Spongebob-Yelling/Spongebob-Yelling_42.png",
      "label": "其他",
      "response_time": "00:00:12.801",
      "timestamp_unix": 1751504892,
      "timestamp_unix_ms": 1751504892743,
      "timestamp_readable": "2025-07-03 01:08:12.743",
      "normalized_name": "Spongebob-Yelling/Spongebob-Yelling",
      "meme_name": "Spongebob-Yelling",
      "post_id": 42,
      "english_label": "others",
      "response_time_ms": 12801
    },
    {
      "image_path": "Arthur-Fist/Arthur-Fist_40.png",
      "label": "憤怒",
      "response_time": "00:00:05.310",
      "timestamp_unix": 1751504898,
      "timestamp_unix_ms": 1751504898384,
      "timestamp_readable": "2025-07-03 01:08:18.384",
      "normalized_name": "Arthur-Fist/Arthur-Fist",
      "meme_name": "Arthur-Fist",
      "post_id": 40,
      "english_label": "anger",
      "response_time_ms": 5310
    },
    {
      "image_path": "Archer/Archer_5.png",
      "label": "其他",
      "response_time": "00:00:15.203",
      "timestamp_unix": 1751504913,
      "timestamp_unix_ms": 1751504913692,
      "timestamp_readable": "2025-07-03 01:08:33.692",
      "normalized_name": "Archer/Archer",
      "meme_name": "Archer",
      "post_id": 5,
      "english_label": "others",
      "response_time_ms": 15203
    },
    {
      "image_path": "Ill-Have-You-Know-Spongebob/Ill-Have-You-Know-Spongebob_6.png",
      "label": "輕蔑",
      "response_time": "00:00:12.410",
      "timestamp_unix": 1751504926,
      "timestamp_unix_ms": 1751504926189,
      "timestamp_readable": "2025-07-03 01:08:46.189",
      "normalized_name": "Ill-Have-You-Know-Spongebob/Ill-Have-You-Know-Spongebob",
      "meme_name": "Ill-Have-You-Know-Spongebob",
      "post_id": 6,
      "english_label": "contempt",
      "response_time_ms": 12410
    },
    {
      "image_path": "Table-Flip-Guy/Table-Flip-Guy_38.png",
      "label": "憤怒",
      "response_time": "00:00:07.614",
      "timestamp_unix": 1751504934,
      "timestamp_unix_ms": 1751504934197,
      "timestamp_readable": "2025-07-03 01:08:54.197",
      "normalized_name": "Table-Flip-Guy/Table-Flip-Guy",
      "meme_name": "Table-Flip-Guy",
      "post_id": 38,
      "english_label": "anger",
      "response_time_ms": 7614
    },
    {
      "image_path": "Nuclear-Explosion/Nuclear-Explosion_43.png",
      "label": "憤怒",
      "response_time": "00:00:09.304",
      "timestamp_unix": 1751504943,
      "timestamp_unix_ms": 1751504943625,
      "timestamp_readable": "2025-07-03 01:09:03.625",
      "normalized_name": "Nuclear-Explosion/Nuclear-Explosion",
      "meme_name": "Nuclear-Explosion",
      "post_id": 43,
      "english_label": "anger",
      "response_time_ms": 9304
    },
    {
      "image_path": "Charlie-Day/Charlie-Day_44.png",
      "label": "憤怒",
      "response_time": "00:00:09.804",
      "timestamp_unix": 1751504953,
      "timestamp_unix_ms": 1751504953556,
      "timestamp_readable": "2025-07-03 01:09:13.556",
      "normalized_name": "Charlie-Day/Charlie-Day",
      "meme_name": "Charlie-Day",
      "post_id": 44,
      "english_label": "anger",
      "response_time_ms": 9804
    },
    {
      "image_path": "Mr-McMahon-reaction/Mr-McMahon-reaction_20.png",
      "label": "憤怒",
      "response_time": "00:00:13.812",
      "timestamp_unix": 1751504967,
      "timestamp_unix_ms": 1751504967405,
      "timestamp_readable": "2025-07-03 01:09:27.405",
      "normalized_name": "Mr-McMahon-reaction/Mr-McMahon-reaction",
      "meme_name": "Mr-McMahon-reaction",
      "post_id": 20,
      "english_label": "anger",
      "response_time_ms": 13812
    },
    {
      "image_path": "Disappointed-Man/Disappointed-Man_7.png",
      "label": "輕蔑",
      "response_time": "00:00:07.809",
      "timestamp_unix": 1751504975,
      "timestamp_unix_ms": 1751504975273,
      "timestamp_readable": "2025-07-03 01:09:35.273",
      "normalized_name": "Disappointed-Man/Disappointed-Man",
      "meme_name": "Disappointed-Man",
      "post_id": 7,
      "english_label": "contempt",
      "response_time_ms": 7809
    },
    {
      "image_path": "Moe-throws-Barney/Moe-throws-Barney_17.png",
      "label": "其他",
      "response_time": "00:00:11.205",
      "timestamp_unix": 1751504986,
      "timestamp_unix_ms": 1751504986833,
      "timestamp_readable": "2025-07-03 01:09:46.833",
      "normalized_name": "Moe-throws-Barney/Moe-throws-Barney",
      "meme_name": "Moe-throws-Barney",
      "post_id": 17,
      "english_label": "others",
      "response_time_ms": 11205
    },
    {
      "image_path": "Khan/Khan_49.png",
      "label": "憤怒",
      "response_time": "00:00:08.811",
      "timestamp_unix": 1751504995,
      "timestamp_unix_ms": 1751504995688,
      "timestamp_readable": "2025-07-03 01:09:55.688",
      "normalized_name": "Khan/Khan",
      "meme_name": "Khan",
      "post_id": 49,
      "english_label": "anger",
      "response_time_ms": 8811
    },
    {
      "image_path": "Kevin-Hart/Kevin-Hart_29.png",
      "label": "其他",
      "response_time": "00:00:08.105",
      "timestamp_unix": 1751505003,
      "timestamp_unix_ms": 1751505003888,
      "timestamp_readable": "2025-07-03 01:10:03.888",
      "normalized_name": "Kevin-Hart/Kevin-Hart",
      "meme_name": "Kevin-Hart",
      "post_id": 29,
      "english_label": "others",
      "response_time_ms": 8105
    },
    {
      "image_path": "Gru-Gun/Gru-Gun_14.png",
      "label": "其他",
      "response_time": "00:00:11.506",
      "timestamp_unix": 1751505015,
      "timestamp_unix_ms": 1751505015488,
      "timestamp_readable": "2025-07-03 01:10:15.488",
      "normalized_name": "Gru-Gun/Gru-Gun",
      "meme_name": "Gru-Gun",
      "post_id": 14,
      "english_label": "others",
      "response_time_ms": 11506
    },
    {
      "image_path": "Persian-Cat-Room-Guardian/Persian-Cat-Room-Guardian_4.png",
      "label": "其他",
      "response_time": "00:00:07.104",
      "timestamp_unix": 1751505022,
      "timestamp_unix_ms": 1751505022721,
      "timestamp_readable": "2025-07-03 01:10:22.721",
      "normalized_name": "Persian-Cat-Room-Guardian/Persian-Cat-Room-Guardian",
      "meme_name": "Persian-Cat-Room-Guardian",
      "post_id": 4,
      "english_label": "others",
      "response_time_ms": 7104
    },
    {
      "image_path": "Mr-incredible-mad/Mr-incredible-mad_27.png",
      "label": "憤怒",
      "response_time": "00:00:05.008",
      "timestamp_unix": 1751505027,
      "timestamp_unix_ms": 1751505027854,
      "timestamp_readable": "2025-07-03 01:10:27.854",
      "normalized_name": "Mr-incredible-mad/Mr-incredible-mad",
      "meme_name": "Mr-incredible-mad",
      "post_id": 27,
      "english_label": "anger",
      "response_time_ms": 5008
    },
    {
      "image_path": "Confused-Gandalf/Confused-Gandalf_26.png",
      "label": "其他",
      "response_time": "00:00:11.605",
      "timestamp_unix": 1751505039,
      "timestamp_unix_ms": 1751505039586,
      "timestamp_readable": "2025-07-03 01:10:39.586",
      "normalized_name": "Confused-Gandalf/Confused-Gandalf",
      "meme_name": "Confused-Gandalf",
      "post_id": 26,
      "english_label": "others",
      "response_time_ms": 11605
    },
    {
      "image_path": "Angry-Baby/Angry-Baby_46.png",
      "label": "憤怒",
      "response_time": "00:00:05.510",
      "timestamp_unix": 1751505045,
      "timestamp_unix_ms": 1751505045202,
      "timestamp_readable": "2025-07-03 01:10:45.202",
      "normalized_name": "Angry-Baby/Angry-Baby",
      "meme_name": "Angry-Baby",
      "post_id": 46,
      "english_label": "anger",
      "response_time_ms": 5510
    },
    {
      "image_path": "Futurama-Fry/Futurama-Fry_48.png",
      "label": "輕蔑",
      "response_time": "00:00:08.204",
      "timestamp_unix": 1751505053,
      "timestamp_unix_ms": 1751505053467,
      "timestamp_readable": "2025-07-03 01:10:53.467",
      "normalized_name": "Futurama-Fry/Futurama-Fry",
      "meme_name": "Futurama-Fry",
      "post_id": 48,
      "english_label": "contempt",
      "response_time_ms": 8204
    },
    {
      "image_path": "Obi-Wan-Kenobi/Obi-Wan-Kenobi_1.png",
      "label": "其他",
      "response_time": "00:00:05.605",
      "timestamp_unix": 1751505059,
      "timestamp_unix_ms": 1751505059151,
      "timestamp_readable": "2025-07-03 01:10:59.151",
      "normalized_name": "Obi-Wan-Kenobi/Obi-Wan-Kenobi",
      "meme_name": "Obi-Wan-Kenobi",
      "post_id": 1,
      "english_label": "others",
      "response_time_ms": 5605
    },
    {
      "image_path": "Laughing-wolf/Laughing-wolf_36.png",
      "label": "其他",
      "response_time": "00:00:15.208",
      "timestamp_unix": 1751505074,
      "timestamp_unix_ms": 1751505074450,
      "timestamp_readable": "2025-07-03 01:11:14.450",
      "normalized_name": "Laughing-wolf/Laughing-wolf",
      "meme_name": "Laughing-wolf",
      "post_id": 36,
      "english_label": "others",
      "response_time_ms": 15208
    },
    {
      "image_path": "Dinkleberg/Dinkleberg_39.png",
      "label": "厭惡",
      "response_time": "00:00:06.008",
      "timestamp_unix": 1751505080,
      "timestamp_unix_ms": 1751505080550,
      "timestamp_readable": "2025-07-03 01:11:20.550",
      "normalized_name": "Dinkleberg/Dinkleberg",
      "meme_name": "Dinkleberg",
      "post_id": 39,
      "english_label": "disgust",
      "response_time_ms": 6008
    },
    {
      "image_path": "attention_check/attention_check_Others.png",
      "label": "其他",
      "response_time": "00:00:03.504",
      "timestamp_unix": 1751505084,
      "timestamp_unix_ms": 1751505084116,
      "timestamp_readable": "2025-07-03 01:11:24.116",
      "normalized_name": "attention_check/attention_check_Others.png",
      "meme_name": "attention_check",
      "post_id": null,
      "english_label": "others",
      "response_time_ms": 3504
    },
    {
      "image_path": "Mocking-Spongebob/Mocking-Spongebob_24.png",
      "label": "其他",
      "response_time": "00:00:07.903",
      "timestamp_unix": 1751505092,
      "timestamp_unix_ms": 1751505092133,
      "timestamp_readable": "2025-07-03 01:11:32.133",
      "normalized_name": "Mocking-Spongebob/Mocking-Spongebob",
      "meme_name": "Mocking-Spongebob",
      "post_id": 24,
      "english_label": "others",
      "response_time_ms": 7903
    },
    {
      "image_path": "Smudge-the-cat/Smudge-the-cat_31.png",
      "label": "憤怒",
      "response_time": "00:00:08.604",
      "timestamp_unix": 1751505100,
      "timestamp_unix_ms": 1751505100851,
      "timestamp_readable": "2025-07-03 01:11:40.851",
      "normalized_name": "Smudge-the-cat/Smudge-the-cat",
      "meme_name": "Smudge-the-cat",
      "post_id": 31,
      "english_label": "anger",
      "response_time_ms": 8604
    },
    {
      "image_path": "Hide-the-Pain-Harold/Hide-the-Pain-Harold_22.png",
      "label": "輕蔑",
      "response_time": "00:00:06.104",
      "timestamp_unix": 1751505107,
      "timestamp_unix_ms": 1751505107046,
      "timestamp_readable": "2025-07-03 01:11:47.046",
      "normalized_name": "Hide-the-Pain-Harold/Hide-the-Pain-Harold",
      "meme_name": "Hide-the-Pain-Harold",
      "post_id": 22,
      "english_label": "contempt",
      "response_time_ms": 6104
    },
    {
      "image_path": "Dave-chappelle/Dave-chappelle_35.png",
      "label": "其他",
      "response_time": "00:00:04.515",
      "timestamp_unix": 1751505111,
      "timestamp_unix_ms": 1751505111599,
      "timestamp_readable": "2025-07-03 01:11:51.599",
      "normalized_name": "Dave-chappelle/Dave-chappelle",
      "meme_name": "Dave-chappelle",
      "post_id": 35,
      "english_label": "others",
      "response_time_ms": 4515
    },
    {
      "image_path": "Drake-NoYes/Drake-NoYes_33.png",
      "label": "其他",
      "response_time": "00:00:07.005",
      "timestamp_unix": 1751505118,
      "timestamp_unix_ms": 1751505118681,
      "timestamp_readable": "2025-07-03 01:11:58.681",
      "normalized_name": "Drake-NoYes/Drake-NoYes",
      "meme_name": "Drake-NoYes",
      "post_id": 33,
      "english_label": "others",
      "response_time_ms": 7005
    },
    {
      "image_path": "DJ-Pauly-D/DJ-Pauly-D_11.png",
      "label": "其他",
      "response_time": "00:00:05.208",
      "timestamp_unix": 1751505123,
      "timestamp_unix_ms": 1751505123964,
      "timestamp_readable": "2025-07-03 01:12:03.964",
      "normalized_name": "DJ-Pauly-D/DJ-Pauly-D",
      "meme_name": "DJ-Pauly-D",
      "post_id": 11,
      "english_label": "others",
      "response_time_ms": 5208
    },
    {
      "image_path": "Surprised-Pikachu/Surprised-Pikachu_15.png",
      "label": "其他",
      "response_time": "00:00:05.009",
      "timestamp_unix": 1751505129,
      "timestamp_unix_ms": 1751505129065,
      "timestamp_readable": "2025-07-03 01:12:09.065",
      "normalized_name": "Surprised-Pikachu/Surprised-Pikachu",
      "meme_name": "Surprised-Pikachu",
      "post_id": 15,
      "english_label": "others",
      "response_time_ms": 5009
    },
    {
      "image_path": "Picard-Wtf/Picard-Wtf_13.png",
      "label": "其他",
      "response_time": "00:00:07.209",
      "timestamp_unix": 1751505136,
      "timestamp_unix_ms": 1751505136313,
      "timestamp_readable": "2025-07-03 01:12:16.313",
      "normalized_name": "Picard-Wtf/Picard-Wtf",
      "meme_name": "Picard-Wtf",
      "post_id": 13,
      "english_label": "others",
      "response_time_ms": 7209
    },
    {
      "image_path": "Im-The-Captain-Now/Im-The-Captain-Now_30.png",
      "label": "其他",
      "response_time": "00:00:04.904",
      "timestamp_unix": 1751505141,
      "timestamp_unix_ms": 1751505141329,
      "timestamp_readable": "2025-07-03 01:12:21.329",
      "normalized_name": "Im-The-Captain-Now/Im-The-Captain-Now",
      "meme_name": "Im-The-Captain-Now",
      "post_id": 30,
      "english_label": "others",
      "response_time_ms": 4904
    },
    {
      "image_path": "You-The-Real-MVP/You-The-Real-MVP_28.png",
      "label": "輕蔑",
      "response_time": "00:00:04.507",
      "timestamp_unix": 1751505145,
      "timestamp_unix_ms": 1751505145895,
      "timestamp_readable": "2025-07-03 01:12:25.895",
      "normalized_name": "You-The-Real-MVP/You-The-Real-MVP",
      "meme_name": "You-The-Real-MVP",
      "post_id": 28,
      "english_label": "contempt",
      "response_time_ms": 4507
    },
    {
      "image_path": "Leonardo-Dicaprio-Wolf-Of-Wall-Street/Leonardo-Dicaprio-Wolf-Of-Wall-Street_45.png",
      "label": "其他",
      "response_time": "00:00:09.211",
      "timestamp_unix": 1751505155,
      "timestamp_unix_ms": 1751505155145,
      "timestamp_readable": "2025-07-03 01:12:35.145",
      "normalized_name": "Leonardo-Dicaprio-Wolf-Of-Wall-Street/Leonardo-Dicaprio-Wolf-Of-Wall-Street",
      "meme_name": "Leonardo-Dicaprio-Wolf-Of-Wall-Street",
      "post_id": 45,
      "english_label": "others",
      "response_time_ms": 9211
    },
    {
      "image_path": "Always-you-three/Always-you-three_23.png",
      "label": "其他",
      "response_time": "00:00:08.408",
      "timestamp_unix": 1751505163,
      "timestamp_unix_ms": 1751505163661,
      "timestamp_readable": "2025-07-03 01:12:43.661",
      "normalized_name": "Always-you-three/Always-you-three",
      "meme_name": "Always-you-three",
      "post_id": 23,
      "english_label": "others",
      "response_time_ms": 8408
    },
    {
      "image_path": "Math-ladyConfused-lady/Math-ladyConfused-lady_25.png",
      "label": "其他",
      "response_time": "00:00:06.404",
      "timestamp_unix": 1751505170,
      "timestamp_unix_ms": 1751505170195,
      "timestamp_readable": "2025-07-03 01:12:50.195",
      "normalized_name": "Math-ladyConfused-lady/Math-ladyConfused-lady",
      "meme_name": "Math-ladyConfused-lady",
      "post_id": 25,
      "english_label": "others",
      "response_time_ms": 6404
    },
    {
      "image_path": "Spiderman-Hospital/Spiderman-Hospital_18.png",
      "label": "其他",
      "response_time": "00:00:04.805",
      "timestamp_unix": 1751505175,
      "timestamp_unix_ms": 1751505175062,
      "timestamp_readable": "2025-07-03 01:12:55.062",
      "normalized_name": "Spiderman-Hospital/Spiderman-Hospital",
      "meme_name": "Spiderman-Hospital",
      "post_id": 18,
      "english_label": "others",
      "response_time_ms": 4805
    },
    {
      "image_path": "Batman-Slapping-Robin/Batman-Slapping-Robin_21.png",
      "label": "憤怒",
      "response_time": "00:00:07.807",
      "timestamp_unix": 1751505182,
      "timestamp_unix_ms": 1751505182962,
      "timestamp_readable": "2025-07-03 01:13:02.962",
      "normalized_name": "Batman-Slapping-Robin/Batman-Slapping-Robin",
      "meme_name": "Batman-Slapping-Robin",
      "post_id": 21,
      "english_label": "anger",
      "response_time_ms": 7807
    },
    {
      "image_path": "Well-Yes-But-Actually-No/Well-Yes-But-Actually-No_41.png",
      "label": "其他",
      "response_time": "00:00:08.305",
      "timestamp_unix": 1751505191,
      "timestamp_unix_ms": 1751505191395,
      "timestamp_readable": "2025-07-03 01:13:11.395",
      "normalized_name": "Well-Yes-But-Actually-No/Well-Yes-But-Actually-No",
      "meme_name": "Well-Yes-But-Actually-No",
      "post_id": 41,
      "english_label": "others",
      "response_time_ms": 8305
    },
    {
      "image_path": "Put-It-Somewhere-Else-Patrick/Put-It-Somewhere-Else-Patrick_32.png",
      "label": "其他",
      "response_time": "00:00:08.602",
      "timestamp_unix": 1751505200,
      "timestamp_unix_ms": 1751505200060,
      "timestamp_readable": "2025-07-03 01:13:20.060",
      "normalized_name": "Put-It-Somewhere-Else-Patrick/Put-It-Somewhere-Else-Patrick",
      "meme_name": "Put-It-Somewhere-Else-Patrick",
      "post_id": 32,
      "english_label": "others",
      "response_time_ms": 8602
    },
    {
      "image_path": "Happy--Shock/Happy--Shock_16.png",
      "label": "其他",
      "response_time": "00:00:04.508",
      "timestamp_unix": 1751505204,
      "timestamp_unix_ms": 1751505204675,
      "timestamp_readable": "2025-07-03 01:13:24.675",
      "normalized_name": "Happy--Shock/Happy--Shock",
      "meme_name": "Happy--Shock",
      "post_id": 16,
      "english_label": "others",
      "response_time_ms": 4508
    },
    {
      "image_path": "Always-Has-Been/Always-Has-Been_37.png",
      "label": "憤怒",
      "response_time": "00:00:11.112",
      "timestamp_unix": 1751505215,
      "timestamp_unix_ms": 1751505215874,
      "timestamp_readable": "2025-07-03 01:13:35.874",
      "normalized_name": "Always-Has-Been/Always-Has-Been",
      "meme_name": "Always-Has-Been",
      "post_id": 37,
      "english_label": "anger",
      "response_time_ms": 11112
    },
    {
      "image_path": "Disaster-Girl/Disaster-Girl_9.png",
      "label": "憤怒",
      "response_time": "00:00:05.605",
      "timestamp_unix": 1751505221,
      "timestamp_unix_ms": 1751505221625,
      "timestamp_readable": "2025-07-03 01:13:41.625",
      "normalized_name": "Disaster-Girl/Disaster-Girl",
      "meme_name": "Disaster-Girl",
      "post_id": 9,
      "english_label": "anger",
      "response_time_ms": 5605
    },
    {
      "image_path": "Thats-a-paddlin/Thats-a-paddlin_47.png",
      "label": "憤怒",
      "response_time": "00:00:03.807",
      "timestamp_unix": 1751505225,
      "timestamp_unix_ms": 1751505225558,
      "timestamp_readable": "2025-07-03 01:13:45.558",
      "normalized_name": "Thats-a-paddlin/Thats-a-paddlin",
      "meme_name": "Thats-a-paddlin",
      "post_id": 47,
      "english_label": "anger",
      "response_time_ms": 3807
    },
    {
      "image_path": "Black-guy-hiding-behind-tree/Black-guy-hiding-behind-tree_50.png",
      "label": "其他",
      "response_time": "00:00:09.102",
      "timestamp_unix": 1751505234,
      "timestamp_unix_ms": 1751505234765,
      "timestamp_readable": "2025-07-03 01:13:54.765",
      "normalized_name": "Black-guy-hiding-behind-tree/Black-guy-hiding-behind-tree",
      "meme_name": "Black-guy-hiding-behind-tree",
      "post_id": 50,
      "english_label": "others",
      "response_time_ms": 9102
    },
    {
      "image_path": "For-the-better-right-blank/For-the-better-right-blank_19.png",
      "label": "其他",
      "response_time": "00:00:09.601",
      "timestamp_unix": 1751505244,
      "timestamp_unix_ms": 1751505244488,
      "timestamp_readable": "2025-07-03 01:14:04.488",
      "normalized_name": "For-the-better-right-blank/For-the-better-right-blank",
      "meme_name": "For-the-better-right-blank",
      "post_id": 19,
      "english_label": "others",
      "response_time_ms": 9601
    },
    {
      "image_path": "Monkey-Puppet/Monkey-Puppet_12.png",
      "label": "其他",
      "response_time": "00:00:05.708",
      "timestamp_unix": 1751505250,
      "timestamp_unix_ms": 1751505250274,
      "timestamp_readable": "2025-07-03 01:14:10.274",
      "normalized_name": "Monkey-Puppet/Monkey-Puppet",
      "meme_name": "Monkey-Puppet",
      "post_id": 12,
      "english_label": "others",
      "response_time_ms": 5708
    },
    {
      "image_path": "attention_check/attention_check_Contempt.png",
      "label": "厭惡",
      "response_time": "00:00:02.009",
      "timestamp_unix": 1751505252,
      "timestamp_unix_ms": 1751505252406,
      "timestamp_readable": "2025-07-03 01:14:12.406",
      "normalized_name": "attention_check/attention_check_Contempt.png",
      "meme_name": "attention_check",
      "post_id": null,
      "english_label": "disgust",
      "response_time_ms": 2009
    },
    {
      "image_path": "Scooby-doo-mask-reveal/Scooby-doo-mask-reveal_2.png",
      "label": "其他",
      "response_time": "00:00:07.905",
      "timestamp_unix": 1751505260,
      "timestamp_unix_ms": 1751505260406,
      "timestamp_readable": "2025-07-03 01:14:20.406",
      "normalized_name": "Scooby-doo-mask-reveal/Scooby-doo-mask-reveal",
      "meme_name": "Scooby-doo-mask-reveal",
      "post_id": 2,
      "english_label": "others",
      "response_time_ms": 7905
    },
    {
      "image_path": "Afraid-To-Ask-Andy/Afraid-To-Ask-Andy_8.png",
      "label": "輕蔑",
      "response_time": "00:00:13.003",
      "timestamp_unix": 1751505273,
      "timestamp_unix_ms": 1751505273491,
      "timestamp_readable": "2025-07-03 01:14:33.491",
      "normalized_name": "Afraid-To-Ask-Andy/Afraid-To-Ask-Andy",
      "meme_name": "Afraid-To-Ask-Andy",
      "post_id": 8,
      "english_label": "contempt",
      "response_time_ms": 13003
    }
  ],
  "session_start_unix": 1751504788,
  "session_status": "completed",
  "last_updated_unix": 1751505307,
  "image_order": [
    "Spiderman-Hospital/Spiderman-Hospital_18.png",
    "Happy--Shock/Happy--Shock_16.png",
    "Chill-guy/Chill-guy_10.png",
    "I-am-once-again-asking/I-am-once-again-asking_34.png",
    "Math-ladyConfused-lady/Math-ladyConfused-lady_25.png",
    "Archer/Archer_5.png",
    "Leonardo-Dicaprio-Wolf-Of-Wall-Street/Leonardo-Dicaprio-Wolf-Of-Wall-Street_45.png",
    "Mocking-Spongebob/Mocking-Spongebob_24.png",
    "Afraid-To-Ask-Andy/Afraid-To-Ask-Andy_8.png",
    "Charlie-Day/Charlie-Day_44.png",
    "Always-Has-Been/Always-Has-Been_37.png",
    "Picard-Wtf/Picard-Wtf_13.png",
    "Batman-Slapping-Robin/Batman-Slapping-Robin_21.png",
    "For-the-better-right-blank/For-the-better-right-blank_19.png",
    "Drake-NoYes/Drake-NoYes_33.png",
    "Laughing-wolf/Laughing-wolf_36.png",
    "DJ-Pauly-D/DJ-Pauly-D_11.png",
    "Always-you-three/Always-you-three_23.png",
    "Disappointed-Man/Disappointed-Man_7.png",
    "Smudge-the-cat/Smudge-the-cat_31.png",
    "Thats-a-paddlin/Thats-a-paddlin_47.png",
    "Hide-the-Pain-Harold/Hide-the-Pain-Harold_22.png",
    "Hold-fart/Hold-fart_3.png",
    "Im-The-Captain-Now/Im-The-Captain-Now_30.png",
    "attention_check/attention_check_Others.png",
    "Obi-Wan-Kenobi/Obi-Wan-Kenobi_1.png",
    "Spongebob-Yelling/Spongebob-Yelling_42.png",
    "Nuclear-Explosion/Nuclear-Explosion_43.png",
    "Dinkleberg/Dinkleberg_39.png",
    "Scooby-doo-mask-reveal/Scooby-doo-mask-reveal_2.png",
    "Disaster-Girl/Disaster-Girl_9.png",
    "Black-guy-hiding-behind-tree/Black-guy-hiding-behind-tree_50.png",
    "You-The-Real-MVP/You-The-Real-MVP_28.png",
    "Moe-throws-Barney/Moe-throws-Barney_17.png",
    "Ill-Have-You-Know-Spongebob/Ill-Have-You-Know-Spongebob_6.png",
    "Futurama-Fry/Futurama-Fry_48.png",
    "Monkey-Puppet/Monkey-Puppet_12.png",
    "Confused-Gandalf/Confused-Gandalf_26.png",
    "Mr-incredible-mad/Mr-incredible-mad_27.png",
    "Dave-chappelle/Dave-chappelle_35.png",
    "Surprised-Pikachu/Surprised-Pikachu_15.png",
    "Table-Flip-Guy/Table-Flip-Guy_38.png",
    "Kevin-Hart/Kevin-Hart_29.png",
    "Well-Yes-But-Actually-No/Well-Yes-But-Actually-No_41.png",
    "Mr-McMahon-reaction/Mr-McMahon-reaction_20.png",
    "Gru-Gun/Gru-Gun_14.png",
    "Persian-Cat-Room-Guardian/Persian-Cat-Room-Guardian_4.png",
    "Put-It-Somewhere-Else-Patrick/Put-It-Somewhere-Else-Patrick_32.png",
    "Angry-Baby/Angry-Baby_46.png",
    "attention_check/attention_check_Contempt.png",
    "Arthur-Fist/Arthur-Fist_40.png",
    "Khan/Khan_49.png"
  ],
  "completion_status": {
    "practice_completed": true,
    "game_started": true,
    "game_completed": true,
    "summary_viewed": true,
    "email_submitted": true
  },
  "timestamps_unix": {
    "registration_completed": 1751504788,
    "practice_started": 1751504788,
    "practice_completed": 1751504845,
    "game_started": 1751504845,
    "first_label": 1751504860,
    "last_label": 1751505273,
    "game_completed": 1751505276,
    "summary_viewed": 1751505276,
    "email_submitted": 1751505307,
    "session_end": 1751505307,
    "last_updated": 1751505307
  },
  "timestamps_unix_ms": {
    "registration_completed_ms": 1751504788576,
    "practice_started_ms": 1751504788617,
    "practice_completed_ms": 1751504845042,
    "game_started_ms": 1751504845051,
    "first_label_ms": 1751504860862,
    "last_label_ms": 1751505273491,
    "game_completed_ms": 1751505276499,
    "summary_viewed_ms": 1751505276510,
    "email_submitted_ms": 1751505307796,
    "session_end_ms": 1751505307796,
    "last_updated_ms": 1751505307796
  },
  "duration_stats_ms": {
    "total_session_duration_ms": 519220,
    "practice_duration_ms": 56425,
    "game_duration_ms": 431448,
    "labeling_duration_ms": 412629,
    "email_submission_duration_ms": 31286
  },
  "filename_updated_unix": 1751505276,
  "original_filename": "user_9c17c0",
  "completion_status_in_filename": "email_submitted"
}