{
  "user_id": "user_42792c",
  "file_name": "user_42792c_1750052543_1750053062_fullycomplete",
  "unix_start_time": 1750052543,
  "unix_start_time_ms": 1750052543314,
  "unix_end_time": 1750053062,
  "unix_end_time_ms": 1750053062280,
  "age": "35-39",
  "gender": "male",
  "user_agent": "Mozilla/5.0 (Windows NT 10.0; Win64; x64) AppleWebKit/537.36 (KHTML, like Gecko) Chrome/109.0.0.0 Safari/537.36",
  "user_ip": "115.43.6.60",
  "status": "complete",
  "email_provided": "complete",
  "attention_passed": true,
  "start_time_readable": "2025-06-16 05:42:23.314",
  "end_time_readable": "2025-06-16 05:51:02.280",
  "total_labels": 52,
  "emotion_summary": {
    "anger": 14,
    "contempt": 7,
    "disgust": 27,
    "others": 4
  },
  "email": "0953813867@yahoo.com.tw",
  "participation": "no",
  "total_responses": 52,
  "responses": [
    {
      "image_path": "You-The-Real-MVP/You-The-Real-MVP_34.png",
      "label": "憤怒",
      "response_time": "00:00:05.304",
      "timestamp_unix": 1750052605,
      "timestamp_unix_ms": 1750052605272,
      "timestamp_readable": "2025-06-16 05:43:25.272",
      "normalized_name": "You-The-Real-MVP/You-The-Real-MVP",
      "meme_name": "You-The-Real-MVP",
      "post_id": 34,
      "english_label": "anger",
      "response_time_ms": 5304
    },
    {
      "image_path": "Afraid-To-Ask-Andy/Afraid-To-Ask-Andy_25.png",
      "label": "厭惡",
      "response_time": "00:00:14.405",
      "timestamp_unix": 1750052619,
      "timestamp_unix_ms": 1750052619763,
      "timestamp_readable": "2025-06-16 05:43:39.763",
      "normalized_name": "Afraid-To-Ask-Andy/Afraid-To-Ask-Andy",
      "meme_name": "Afraid-To-Ask-Andy",
      "post_id": 25,
      "english_label": "disgust",
      "response_time_ms": 14405
    },
    {
      "image_path": "DJ-Pauly-D/DJ-Pauly-D_27.png",
      "label": "憤怒",
      "response_time": "00:00:02.105",
      "timestamp_unix": 1750052621,
      "timestamp_unix_ms": 1750052621960,
      "timestamp_readable": "2025-06-16 05:43:41.960",
      "normalized_name": "DJ-Pauly-D/DJ-Pauly-D",
      "meme_name": "DJ-Pauly-D",
      "post_id": 27,
      "english_label": "anger",
      "response_time_ms": 2105
    },
    {
      "image_path": "Black-guy-hiding-behind-tree/Black-guy-hiding-behind-tree_43.png",
      "label": "輕蔑",
      "response_time": "00:00:07.301",
      "timestamp_unix": 1750052629,
      "timestamp_unix_ms": 1750052629368,
      "timestamp_readable": "2025-06-16 05:43:49.368",
      "normalized_name": "Black-guy-hiding-behind-tree/Black-guy-hiding-behind-tree",
      "meme_name": "Black-guy-hiding-behind-tree",
      "post_id": 43,
      "english_label": "contempt",
      "response_time_ms": 7301
    },
    {
      "image_path": "Always-Has-Been/Always-Has-Been_18.png",
      "label": "厭惡",
      "response_time": "00:00:06.104",
      "timestamp_unix": 1750052635,
      "timestamp_unix_ms": 1750052635540,
      "timestamp_readable": "2025-06-16 05:43:55.540",
      "normalized_name": "Always-Has-Been/Always-Has-Been",
      "meme_name": "Always-Has-Been",
      "post_id": 18,
      "english_label": "disgust",
      "response_time_ms": 6104
    },
    {
      "image_path": "Persian-Cat-Room-Guardian/Persian-Cat-Room-Guardian_36.png",
      "label": "其他",
      "response_time": "00:00:05.306",
      "timestamp_unix": 1750052640,
      "timestamp_unix_ms": 1750052640942,
      "timestamp_readable": "2025-06-16 05:44:00.942",
      "normalized_name": "Persian-Cat-Room-Guardian/Persian-Cat-Room-Guardian",
      "meme_name": "Persian-Cat-Room-Guardian",
      "post_id": 36,
      "english_label": "others",
      "response_time_ms": 5306
    },
    {
      "image_path": "Dave-chappelle/Dave-chappelle_15.png",
      "label": "憤怒",
      "response_time": "00:00:02.801",
      "timestamp_unix": 1750052643,
      "timestamp_unix_ms": 1750052643883,
      "timestamp_readable": "2025-06-16 05:44:03.883",
      "normalized_name": "Dave-chappelle/Dave-chappelle",
      "meme_name": "Dave-chappelle",
      "post_id": 15,
      "english_label": "anger",
      "response_time_ms": 2801
    },
    {
      "image_path": "Gru-Gun/Gru-Gun_35.png",
      "label": "其他",
      "response_time": "00:00:03.004",
      "timestamp_unix": 1750052646,
      "timestamp_unix_ms": 1750052646947,
      "timestamp_readable": "2025-06-16 05:44:06.947",
      "normalized_name": "Gru-Gun/Gru-Gun",
      "meme_name": "Gru-Gun",
      "post_id": 35,
      "english_label": "others",
      "response_time_ms": 3004
    },
    {
      "image_path": "Im-The-Captain-Now/Im-The-Captain-Now_37.png",
      "label": "厭惡",
      "response_time": "00:00:10.902",
      "timestamp_unix": 1750052657,
      "timestamp_unix_ms": 1750052657980,
      "timestamp_readable": "2025-06-16 05:44:17.980",
      "normalized_name": "Im-The-Captain-Now/Im-The-Captain-Now",
      "meme_name": "Im-The-Captain-Now",
      "post_id": 37,
      "english_label": "disgust",
      "response_time_ms": 10902
    },
    {
      "image_path": "Smudge-the-cat/Smudge-the-cat_30.png",
      "label": "輕蔑",
      "response_time": "00:00:08.204",
      "timestamp_unix": 1750052666,
      "timestamp_unix_ms": 1750052666303,
      "timestamp_readable": "2025-06-16 05:44:26.303",
      "normalized_name": "Smudge-the-cat/Smudge-the-cat",
      "meme_name": "Smudge-the-cat",
      "post_id": 30,
      "english_label": "contempt",
      "response_time_ms": 8204
    },
    {
      "image_path": "Leonardo-Dicaprio-Wolf-Of-Wall-Street/Leonardo-Dicaprio-Wolf-Of-Wall-Street_10.png",
      "label": "輕蔑",
      "response_time": "00:00:05.400",
      "timestamp_unix": 1750052671,
      "timestamp_unix_ms": 1750052671765,
      "timestamp_readable": "2025-06-16 05:44:31.765",
      "normalized_name": "Leonardo-Dicaprio-Wolf-Of-Wall-Street/Leonardo-Dicaprio-Wolf-Of-Wall-Street",
      "meme_name": "Leonardo-Dicaprio-Wolf-Of-Wall-Street",
      "post_id": 10,
      "english_label": "contempt",
      "response_time_ms": 5400
    },
    {
      "image_path": "Hide-the-Pain-Harold/Hide-the-Pain-Harold_41.png",
      "label": "厭惡",
      "response_time": "00:00:04.603",
      "timestamp_unix": 1750052676,
      "timestamp_unix_ms": 1750052676473,
      "timestamp_readable": "2025-06-16 05:44:36.473",
      "normalized_name": "Hide-the-Pain-Harold/Hide-the-Pain-Harold",
      "meme_name": "Hide-the-Pain-Harold",
      "post_id": 41,
      "english_label": "disgust",
      "response_time_ms": 4603
    },
    {
      "image_path": "Math-ladyConfused-lady/Math-ladyConfused-lady_14.png",
      "label": "憤怒",
      "response_time": "00:00:05.204",
      "timestamp_unix": 1750052681,
      "timestamp_unix_ms": 1750052681783,
      "timestamp_readable": "2025-06-16 05:44:41.783",
      "normalized_name": "Math-ladyConfused-lady/Math-ladyConfused-lady",
      "meme_name": "Math-ladyConfused-lady",
      "post_id": 14,
      "english_label": "anger",
      "response_time_ms": 5204
    },
    {
      "image_path": "Spiderman-Hospital/Spiderman-Hospital_24.png",
      "label": "厭惡",
      "response_time": "00:00:06.808",
      "timestamp_unix": 1750052688,
      "timestamp_unix_ms": 1750052688668,
      "timestamp_readable": "2025-06-16 05:44:48.668",
      "normalized_name": "Spiderman-Hospital/Spiderman-Hospital",
      "meme_name": "Spiderman-Hospital",
      "post_id": 24,
      "english_label": "disgust",
      "response_time_ms": 6808
    },
    {
      "image_path": "Batman-Slapping-Robin/Batman-Slapping-Robin_2.png",
      "label": "厭惡",
      "response_time": "00:00:06.507",
      "timestamp_unix": 1750052695,
      "timestamp_unix_ms": 1750052695277,
      "timestamp_readable": "2025-06-16 05:44:55.277",
      "normalized_name": "Batman-Slapping-Robin/Batman-Slapping-Robin",
      "meme_name": "Batman-Slapping-Robin",
      "post_id": 2,
      "english_label": "disgust",
      "response_time_ms": 6507
    },
    {
      "image_path": "Thats-a-paddlin/Thats-a-paddlin_23.png",
      "label": "憤怒",
      "response_time": "00:00:06.308",
      "timestamp_unix": 1750052701,
      "timestamp_unix_ms": 1750052701647,
      "timestamp_readable": "2025-06-16 05:45:01.647",
      "normalized_name": "Thats-a-paddlin/Thats-a-paddlin",
      "meme_name": "Thats-a-paddlin",
      "post_id": 23,
      "english_label": "anger",
      "response_time_ms": 6308
    },
    {
      "image_path": "Futurama-Fry/Futurama-Fry_6.png",
      "label": "憤怒",
      "response_time": "00:00:06.802",
      "timestamp_unix": 1750052708,
      "timestamp_unix_ms": 1750052708510,
      "timestamp_readable": "2025-06-16 05:45:08.510",
      "normalized_name": "Futurama-Fry/Futurama-Fry",
      "meme_name": "Futurama-Fry",
      "post_id": 6,
      "english_label": "anger",
      "response_time_ms": 6802
    },
    {
      "image_path": "Picard-Wtf/Picard-Wtf_16.png",
      "label": "輕蔑",
      "response_time": "00:00:06.306",
      "timestamp_unix": 1750052714,
      "timestamp_unix_ms": 1750052714911,
      "timestamp_readable": "2025-06-16 05:45:14.911",
      "normalized_name": "Picard-Wtf/Picard-Wtf",
      "meme_name": "Picard-Wtf",
      "post_id": 16,
      "english_label": "contempt",
      "response_time_ms": 6306
    },
    {
      "image_path": "Arthur-Fist/Arthur-Fist_20.png",
      "label": "厭惡",
      "response_time": "00:00:07.705",
      "timestamp_unix": 1750052722,
      "timestamp_unix_ms": 1750052722750,
      "timestamp_readable": "2025-06-16 05:45:22.750",
      "normalized_name": "Arthur-Fist/Arthur-Fist",
      "meme_name": "Arthur-Fist",
      "post_id": 20,
      "english_label": "disgust",
      "response_time_ms": 7705
    },
    {
      "image_path": "Ill-Have-You-Know-Spongebob/Ill-Have-You-Know-Spongebob_11.png",
      "label": "厭惡",
      "response_time": "00:00:02.801",
      "timestamp_unix": 1750052725,
      "timestamp_unix_ms": 1750052725619,
      "timestamp_readable": "2025-06-16 05:45:25.619",
      "normalized_name": "Ill-Have-You-Know-Spongebob/Ill-Have-You-Know-Spongebob",
      "meme_name": "Ill-Have-You-Know-Spongebob",
      "post_id": 11,
      "english_label": "disgust",
      "response_time_ms": 2801
    },
    {
      "image_path": "I-am-once-again-asking/I-am-once-again-asking_17.png",
      "label": "憤怒",
      "response_time": "00:00:01.903",
      "timestamp_unix": 1750052727,
      "timestamp_unix_ms": 1750052727573,
      "timestamp_readable": "2025-06-16 05:45:27.573",
      "normalized_name": "I-am-once-again-asking/I-am-once-again-asking",
      "meme_name": "I-am-once-again-asking",
      "post_id": 17,
      "english_label": "anger",
      "response_time_ms": 1903
    },
    {
      "image_path": "Mocking-Spongebob/Mocking-Spongebob_32.png",
      "label": "憤怒",
      "response_time": "00:00:03.003",
      "timestamp_unix": 1750052730,
      "timestamp_unix_ms": 1750052730671,
      "timestamp_readable": "2025-06-16 05:45:30.671",
      "normalized_name": "Mocking-Spongebob/Mocking-Spongebob",
      "meme_name": "Mocking-Spongebob",
      "post_id": 32,
      "english_label": "anger",
      "response_time_ms": 3003
    },
    {
      "image_path": "Charlie-Day/Charlie-Day_12.png",
      "label": "憤怒",
      "response_time": "00:00:08.501",
      "timestamp_unix": 1750052739,
      "timestamp_unix_ms": 1750052739287,
      "timestamp_readable": "2025-06-16 05:45:39.287",
      "normalized_name": "Charlie-Day/Charlie-Day",
      "meme_name": "Charlie-Day",
      "post_id": 12,
      "english_label": "anger",
      "response_time_ms": 8501
    },
    {
      "image_path": "Put-It-Somewhere-Else-Patrick/Put-It-Somewhere-Else-Patrick_5.png",
      "label": "憤怒",
      "response_time": "00:00:04.904",
      "timestamp_unix": 1750052744,
      "timestamp_unix_ms": 1750052744319,
      "timestamp_readable": "2025-06-16 05:45:44.319",
      "normalized_name": "Put-It-Somewhere-Else-Patrick/Put-It-Somewhere-Else-Patrick",
      "meme_name": "Put-It-Somewhere-Else-Patrick",
      "post_id": 5,
      "english_label": "anger",
      "response_time_ms": 4904
    },
    {
      "image_path": "attention_check/attention_check_Disgust.png",
      "label": "厭惡",
      "response_time": "00:00:04.401",
      "timestamp_unix": 1750052748,
      "timestamp_unix_ms": 1750052748791,
      "timestamp_readable": "2025-06-16 05:45:48.791",
      "normalized_name": "attention_check/attention_check_Disgust.png",
      "meme_name": "attention_check",
      "post_id": null,
      "english_label": "disgust",
      "response_time_ms": 4401
    },
    {
      "image_path": "Spongebob-Yelling/Spongebob-Yelling_31.png",
      "label": "厭惡",
      "response_time": "00:00:04.607",
      "timestamp_unix": 1750052753,
      "timestamp_unix_ms": 1750052753486,
      "timestamp_readable": "2025-06-16 05:45:53.486",
      "normalized_name": "Spongebob-Yelling/Spongebob-Yelling",
      "meme_name": "Spongebob-Yelling",
      "post_id": 31,
      "english_label": "disgust",
      "response_time_ms": 4607
    },
    {
      "image_path": "Well-Yes-But-Actually-No/Well-Yes-But-Actually-No_3.png",
      "label": "輕蔑",
      "response_time": "00:00:10.504",
      "timestamp_unix": 1750052764,
      "timestamp_unix_ms": 1750052764067,
      "timestamp_readable": "2025-06-16 05:46:04.067",
      "normalized_name": "Well-Yes-But-Actually-No/Well-Yes-But-Actually-No",
      "meme_name": "Well-Yes-But-Actually-No",
      "post_id": 3,
      "english_label": "contempt",
      "response_time_ms": 10504
    },
    {
      "image_path": "Always-you-three/Always-you-three_26.png",
      "label": "厭惡",
      "response_time": "00:00:05.302",
      "timestamp_unix": 1750052769,
      "timestamp_unix_ms": 1750052769475,
      "timestamp_readable": "2025-06-16 05:46:09.475",
      "normalized_name": "Always-you-three/Always-you-three",
      "meme_name": "Always-you-three",
      "post_id": 26,
      "english_label": "disgust",
      "response_time_ms": 5302
    },
    {
      "image_path": "Laughing-wolf/Laughing-wolf_19.png",
      "label": "厭惡",
      "response_time": "00:00:04.405",
      "timestamp_unix": 1750052774,
      "timestamp_unix_ms": 1750052774019,
      "timestamp_readable": "2025-06-16 05:46:14.019",
      "normalized_name": "Laughing-wolf/Laughing-wolf",
      "meme_name": "Laughing-wolf",
      "post_id": 19,
      "english_label": "disgust",
      "response_time_ms": 4405
    },
    {
      "image_path": "Angry-Baby/Angry-Baby_50.png",
      "label": "其他",
      "response_time": "00:01:53.902",
      "timestamp_unix": 1750052888,
      "timestamp_unix_ms": 1750052888180,
      "timestamp_readable": "2025-06-16 05:48:08.180",
      "normalized_name": "Angry-Baby/Angry-Baby",
      "meme_name": "Angry-Baby",
      "post_id": 50,
      "english_label": "others",
      "response_time_ms": 113902
    },
    {
      "image_path": "Nuclear-Explosion/Nuclear-Explosion_40.png",
      "label": "厭惡",
      "response_time": "00:00:03.808",
      "timestamp_unix": 1750052892,
      "timestamp_unix_ms": 1750052892110,
      "timestamp_readable": "2025-06-16 05:48:12.110",
      "normalized_name": "Nuclear-Explosion/Nuclear-Explosion",
      "meme_name": "Nuclear-Explosion",
      "post_id": 40,
      "english_label": "disgust",
      "response_time_ms": 3808
    },
    {
      "image_path": "For-the-better-right-blank/For-the-better-right-blank_8.png",
      "label": "輕蔑",
      "response_time": "00:00:08.404",
      "timestamp_unix": 1750052900,
      "timestamp_unix_ms": 1750052900654,
      "timestamp_readable": "2025-06-16 05:48:20.654",
      "normalized_name": "For-the-better-right-blank/For-the-better-right-blank",
      "meme_name": "For-the-better-right-blank",
      "post_id": 8,
      "english_label": "contempt",
      "response_time_ms": 8404
    },
    {
      "image_path": "Surprised-Pikachu/Surprised-Pikachu_21.png",
      "label": "憤怒",
      "response_time": "00:00:05.000",
      "timestamp_unix": 1750052905,
      "timestamp_unix_ms": 1750052905734,
      "timestamp_readable": "2025-06-16 05:48:25.734",
      "normalized_name": "Surprised-Pikachu/Surprised-Pikachu",
      "meme_name": "Surprised-Pikachu",
      "post_id": 21,
      "english_label": "anger",
      "response_time_ms": 5000
    },
    {
      "image_path": "Disaster-Girl/Disaster-Girl_49.png",
      "label": "其他",
      "response_time": "00:00:09.202",
      "timestamp_unix": 1750052915,
      "timestamp_unix_ms": 1750052915082,
      "timestamp_readable": "2025-06-16 05:48:35.082",
      "normalized_name": "Disaster-Girl/Disaster-Girl",
      "meme_name": "Disaster-Girl",
      "post_id": 49,
      "english_label": "others",
      "response_time_ms": 9202
    },
    {
      "image_path": "Table-Flip-Guy/Table-Flip-Guy_42.png",
      "label": "厭惡",
      "response_time": "00:00:07.905",
      "timestamp_unix": 1750052923,
      "timestamp_unix_ms": 1750052923122,
      "timestamp_readable": "2025-06-16 05:48:43.122",
      "normalized_name": "Table-Flip-Guy/Table-Flip-Guy",
      "meme_name": "Table-Flip-Guy",
      "post_id": 42,
      "english_label": "disgust",
      "response_time_ms": 7905
    },
    {
      "image_path": "Chill-guy/Chill-guy_48.png",
      "label": "厭惡",
      "response_time": "00:00:05.105",
      "timestamp_unix": 1750052928,
      "timestamp_unix_ms": 1750052928294,
      "timestamp_readable": "2025-06-16 05:48:48.294",
      "normalized_name": "Chill-guy/Chill-guy",
      "meme_name": "Chill-guy",
      "post_id": 48,
      "english_label": "disgust",
      "response_time_ms": 5105
    },
    {
      "image_path": "Disappointed-Man/Disappointed-Man_7.png",
      "label": "厭惡",
      "response_time": "00:00:03.603",
      "timestamp_unix": 1750052932,
      "timestamp_unix_ms": 1750052932023,
      "timestamp_readable": "2025-06-16 05:48:52.023",
      "normalized_name": "Disappointed-Man/Disappointed-Man",
      "meme_name": "Disappointed-Man",
      "post_id": 7,
      "english_label": "disgust",
      "response_time_ms": 3603
    },
    {
      "image_path": "Hold-fart/Hold-fart_4.png",
      "label": "憤怒",
      "response_time": "00:00:31.509",
      "timestamp_unix": 1750052963,
      "timestamp_unix_ms": 1750052963672,
      "timestamp_readable": "2025-06-16 05:49:23.672",
      "normalized_name": "Hold-fart/Hold-fart",
      "meme_name": "Hold-fart",
      "post_id": 4,
      "english_label": "anger",
      "response_time_ms": 31509
    },
    {
      "image_path": "Scooby-doo-mask-reveal/Scooby-doo-mask-reveal_29.png",
      "label": "厭惡",
      "response_time": "00:00:04.508",
      "timestamp_unix": 1750052968,
      "timestamp_unix_ms": 1750052968289,
      "timestamp_readable": "2025-06-16 05:49:28.289",
      "normalized_name": "Scooby-doo-mask-reveal/Scooby-doo-mask-reveal",
      "meme_name": "Scooby-doo-mask-reveal",
      "post_id": 29,
      "english_label": "disgust",
      "response_time_ms": 4508
    },
    {
      "image_path": "Mr-incredible-mad/Mr-incredible-mad_1.png",
      "label": "厭惡",
      "response_time": "00:00:05.404",
      "timestamp_unix": 1750052973,
      "timestamp_unix_ms": 1750052973776,
      "timestamp_readable": "2025-06-16 05:49:33.776",
      "normalized_name": "Mr-incredible-mad/Mr-incredible-mad",
      "meme_name": "Mr-incredible-mad",
      "post_id": 1,
      "english_label": "disgust",
      "response_time_ms": 5404
    },
    {
      "image_path": "Happy--Shock/Happy--Shock_28.png",
      "label": "厭惡",
      "response_time": "00:00:04.102",
      "timestamp_unix": 1750052978,
      "timestamp_unix_ms": 1750052978033,
      "timestamp_readable": "2025-06-16 05:49:38.033",
      "normalized_name": "Happy--Shock/Happy--Shock",
      "meme_name": "Happy--Shock",
      "post_id": 28,
      "english_label": "disgust",
      "response_time_ms": 4102
    },
    {
      "image_path": "Mr-McMahon-reaction/Mr-McMahon-reaction_22.png",
      "label": "厭惡",
      "response_time": "00:00:02.404",
      "timestamp_unix": 1750052980,
      "timestamp_unix_ms": 1750052980561,
      "timestamp_readable": "2025-06-16 05:49:40.561",
      "normalized_name": "Mr-McMahon-reaction/Mr-McMahon-reaction",
      "meme_name": "Mr-McMahon-reaction",
      "post_id": 22,
      "english_label": "disgust",
      "response_time_ms": 2404
    },
    {
      "image_path": "Kevin-Hart/Kevin-Hart_44.png",
      "label": "厭惡",
      "response_time": "00:00:03.603",
      "timestamp_unix": 1750052984,
      "timestamp_unix_ms": 1750052984297,
      "timestamp_readable": "2025-06-16 05:49:44.297",
      "normalized_name": "Kevin-Hart/Kevin-Hart",
      "meme_name": "Kevin-Hart",
      "post_id": 44,
      "english_label": "disgust",
      "response_time_ms": 3603
    },
    {
      "image_path": "Khan/Khan_39.png",
      "label": "厭惡",
      "response_time": "00:00:04.204",
      "timestamp_unix": 1750052988,
      "timestamp_unix_ms": 1750052988614,
      "timestamp_readable": "2025-06-16 05:49:48.614",
      "normalized_name": "Khan/Khan",
      "meme_name": "Khan",
      "post_id": 39,
      "english_label": "disgust",
      "response_time_ms": 4204
    },
    {
      "image_path": "Drake-NoYes/Drake-NoYes_13.png",
      "label": "厭惡",
      "response_time": "00:00:01.702",
      "timestamp_unix": 1750052990,
      "timestamp_unix_ms": 1750052990449,
      "timestamp_readable": "2025-06-16 05:49:50.449",
      "normalized_name": "Drake-NoYes/Drake-NoYes",
      "meme_name": "Drake-NoYes",
      "post_id": 13,
      "english_label": "disgust",
      "response_time_ms": 1702
    },
    {
      "image_path": "Monkey-Puppet/Monkey-Puppet_38.png",
      "label": "厭惡",
      "response_time": "00:00:02.203",
      "timestamp_unix": 1750052992,
      "timestamp_unix_ms": 1750052992729,
      "timestamp_readable": "2025-06-16 05:49:52.729",
      "normalized_name": "Monkey-Puppet/Monkey-Puppet",
      "meme_name": "Monkey-Puppet",
      "post_id": 38,
      "english_label": "disgust",
      "response_time_ms": 2203
    },
    {
      "image_path": "Archer/Archer_33.png",
      "label": "厭惡",
      "response_time": "00:00:07.601",
      "timestamp_unix": 1750053000,
      "timestamp_unix_ms": 1750053000450,
      "timestamp_readable": "2025-06-16 05:50:00.450",
      "normalized_name": "Archer/Archer",
      "meme_name": "Archer",
      "post_id": 33,
      "english_label": "disgust",
      "response_time_ms": 7601
    },
    {
      "image_path": "Dinkleberg/Dinkleberg_46.png",
      "label": "厭惡",
      "response_time": "00:00:02.101",
      "timestamp_unix": 1750053002,
      "timestamp_unix_ms": 1750053002687,
      "timestamp_readable": "2025-06-16 05:50:02.687",
      "normalized_name": "Dinkleberg/Dinkleberg",
      "meme_name": "Dinkleberg",
      "post_id": 46,
      "english_label": "disgust",
      "response_time_ms": 2101
    },
    {
      "image_path": "attention_check/attention_check_Contempt.png",
      "label": "輕蔑",
      "response_time": "00:00:03.802",
      "timestamp_unix": 1750053006,
      "timestamp_unix_ms": 1750053006551,
      "timestamp_readable": "2025-06-16 05:50:06.551",
      "normalized_name": "attention_check/attention_check_Contempt.png",
      "meme_name": "attention_check",
      "post_id": null,
      "english_label": "contempt",
      "response_time_ms": 3802
    },
    {
      "image_path": "Confused-Gandalf/Confused-Gandalf_9.png",
      "label": "憤怒",
      "response_time": "00:00:07.204",
      "timestamp_unix": 1750053013,
      "timestamp_unix_ms": 1750053013865,
      "timestamp_readable": "2025-06-16 05:50:13.865",
      "normalized_name": "Confused-Gandalf/Confused-Gandalf",
      "meme_name": "Confused-Gandalf",
      "post_id": 9,
      "english_label": "anger",
      "response_time_ms": 7204
    },
    {
      "image_path": "Obi-Wan-Kenobi/Obi-Wan-Kenobi_47.png",
      "label": "憤怒",
      "response_time": "00:00:02.800",
      "timestamp_unix": 1750053016,
      "timestamp_unix_ms": 1750053016785,
      "timestamp_readable": "2025-06-16 05:50:16.785",
      "normalized_name": "Obi-Wan-Kenobi/Obi-Wan-Kenobi",
      "meme_name": "Obi-Wan-Kenobi",
      "post_id": 47,
      "english_label": "anger",
      "response_time_ms": 2800
    },
    {
      "image_path": "Moe-throws-Barney/Moe-throws-Barney_45.png",
      "label": "厭惡",
      "response_time": "00:00:04.101",
      "timestamp_unix": 1750053020,
      "timestamp_unix_ms": 1750053020976,
      "timestamp_readable": "2025-06-16 05:50:20.976",
      "normalized_name": "Moe-throws-Barney/Moe-throws-Barney",
      "meme_name": "Moe-throws-Barney",
      "post_id": 45,
      "english_label": "disgust",
      "response_time_ms": 4101
    }
  ],
  "session_start_unix": 1750052543,
  "session_status": "completed",
  "last_updated_unix": 1750053062,
  "image_order": [
    "Spiderman-Hospital/Spiderman-Hospital_24.png",
    "Happy--Shock/Happy--Shock_28.png",
    "Chill-guy/Chill-guy_48.png",
    "I-am-once-again-asking/I-am-once-again-asking_17.png",
    "Math-ladyConfused-lady/Math-ladyConfused-lady_14.png",
    "Archer/Archer_33.png",
    "Leonardo-Dicaprio-Wolf-Of-Wall-Street/Leonardo-Dicaprio-Wolf-Of-Wall-Street_10.png",
    "Mocking-Spongebob/Mocking-Spongebob_32.png",
    "Afraid-To-Ask-Andy/Afraid-To-Ask-Andy_25.png",
    "Charlie-Day/Charlie-Day_12.png",
    "Always-Has-Been/Always-Has-Been_18.png",
    "Picard-Wtf/Picard-Wtf_16.png",
    "Batman-Slapping-Robin/Batman-Slapping-Robin_2.png",
    "For-the-better-right-blank/For-the-better-right-blank_8.png",
    "Drake-NoYes/Drake-NoYes_13.png",
    "Laughing-wolf/Laughing-wolf_19.png",
    "DJ-Pauly-D/DJ-Pauly-D_27.png",
    "Always-you-three/Always-you-three_26.png",
    "Disappointed-Man/Disappointed-Man_7.png",
    "Smudge-the-cat/Smudge-the-cat_30.png",
    "Thats-a-paddlin/Thats-a-paddlin_23.png",
    "Hide-the-Pain-Harold/Hide-the-Pain-Harold_41.png",
    "Hold-fart/Hold-fart_4.png",
    "Im-The-Captain-Now/Im-The-Captain-Now_37.png",
    "attention_check/attention_check_Disgust.png",
    "Obi-Wan-Kenobi/Obi-Wan-Kenobi_47.png",
    "Spongebob-Yelling/Spongebob-Yelling_31.png",
    "Nuclear-Explosion/Nuclear-Explosion_40.png",
    "Dinkleberg/Dinkleberg_46.png",
    "Scooby-doo-mask-reveal/Scooby-doo-mask-reveal_29.png",
    "Disaster-Girl/Disaster-Girl_49.png",
    "Black-guy-hiding-behind-tree/Black-guy-hiding-behind-tree_43.png",
    "You-The-Real-MVP/You-The-Real-MVP_34.png",
    "Moe-throws-Barney/Moe-throws-Barney_45.png",
    "Ill-Have-You-Know-Spongebob/Ill-Have-You-Know-Spongebob_11.png",
    "Futurama-Fry/Futurama-Fry_6.png",
    "Monkey-Puppet/Monkey-Puppet_38.png",
    "Confused-Gandalf/Confused-Gandalf_9.png",
    "Mr-incredible-mad/Mr-incredible-mad_1.png",
    "Dave-chappelle/Dave-chappelle_15.png",
    "Surprised-Pikachu/Surprised-Pikachu_21.png",
    "Table-Flip-Guy/Table-Flip-Guy_42.png",
    "Kevin-Hart/Kevin-Hart_44.png",
    "Well-Yes-But-Actually-No/Well-Yes-But-Actually-No_3.png",
    "Mr-McMahon-reaction/Mr-McMahon-reaction_22.png",
    "Gru-Gun/Gru-Gun_35.png",
    "Persian-Cat-Room-Guardian/Persian-Cat-Room-Guardian_36.png",
    "Put-It-Somewhere-Else-Patrick/Put-It-Somewhere-Else-Patrick_5.png",
    "attention_check/attention_check_Contempt.png",
    "Angry-Baby/Angry-Baby_50.png",
    "Arthur-Fist/Arthur-Fist_20.png",
    "Khan/Khan_39.png"
  ],
  "completion_status": {
    "practice_completed": true,
    "game_started": true,
    "game_completed": true,
    "summary_viewed": true,
    "email_submitted": true
  },
  "timestamps_unix": {
    "registration_completed": 1750052543,
    "practice_started": 1750052543,
    "practice_completed": 1750052599,
    "game_started": 1750052599,
    "first_label": 1750052605,
    "last_label": 1750053020,
    "game_completed": 1750053024,
    "summary_viewed": 1750053024,
    "email_submitted": 1750053062,
    "session_end": 1750053062,
    "last_updated": 1750053062
  },
  "timestamps_unix_ms": {
    "registration_completed_ms": 1750052543314,
    "practice_started_ms": 1750052543366,
    "practice_completed_ms": 1750052599780,
    "game_started_ms": 1750052599797,
    "first_label_ms": 1750052605272,
    "last_label_ms": 1750053020976,
    "game_completed_ms": 1750053024340,
    "summary_viewed_ms": 1750053024359,
    "email_submitted_ms": 1750053062255,
    "session_end_ms": 1750053062255,
    "last_updated_ms": 1750053062255
  },
  "duration_stats_ms": {
    "total_session_duration_ms": 518941,
    "practice_duration_ms": 56414,
    "game_duration_ms": 424543,
    "labeling_duration_ms": 415704,
    "email_submission_duration_ms": 37896
  },
  "filename_updated_unix": 1750053024,
  "original_filename": "user_42792c",
  "completion_status_in_filename": "email_submitted"
}