{
  "user_id": "user_ac7fe0",
  "file_name": "user_ac7fe0_1750055452_1750056139_fullycomplete",
  "unix_start_time": 1750055452,
  "unix_start_time_ms": 1750055452961,
  "unix_end_time": 1750056139,
  "unix_end_time_ms": 1750056139778,
  "age": "45-49",
  "gender": "male",
  "user_agent": "Mozilla/5.0 (Windows NT 10.0; Win64; x64) AppleWebKit/537.36 (KHTML, like Gecko) Chrome/137.0.0.0 Safari/537.36",
  "user_ip": "211.75.94.9",
  "status": "complete",
  "email_provided": "complete",
  "attention_passed": true,
  "start_time_readable": "2025-06-16 06:30:52.961",
  "end_time_readable": "2025-06-16 06:42:19.778",
  "total_labels": 52,
  "emotion_summary": {
    "anger": 37,
    "contempt": 1,
    "disgust": 3,
    "others": 11
  },
  "email": "tindersticks73@gmail.com",
  "participation": "yes",
  "total_responses": 52,
  "responses": [
    {
      "image_path": "Math-ladyConfused-lady/Math-ladyConfused-lady_29.png",
      "label": "其他",
      "response_time": "00:00:08.100",
      "timestamp_unix": 1750055537,
      "timestamp_unix_ms": 1750055537121,
      "timestamp_readable": "2025-06-16 06:32:17.121",
      "normalized_name": "Math-ladyConfused-lady/Math-ladyConfused-lady",
      "meme_name": "Math-ladyConfused-lady",
      "post_id": 29,
      "english_label": "others",
      "response_time_ms": 8100
    },
    {
      "image_path": "Archer/Archer_37.png",
      "label": "厭惡",
      "response_time": "00:00:07.302",
      "timestamp_unix": 1750055544,
      "timestamp_unix_ms": 1750055544544,
      "timestamp_readable": "2025-06-16 06:32:24.544",
      "normalized_name": "Archer/Archer",
      "meme_name": "Archer",
      "post_id": 37,
      "english_label": "disgust",
      "response_time_ms": 7302
    },
    {
      "image_path": "I-am-once-again-asking/I-am-once-again-asking_23.png",
      "label": "憤怒",
      "response_time": "00:00:07.607",
      "timestamp_unix": 1750055552,
      "timestamp_unix_ms": 1750055552261,
      "timestamp_readable": "2025-06-16 06:32:32.261",
      "normalized_name": "I-am-once-again-asking/I-am-once-again-asking",
      "meme_name": "I-am-once-again-asking",
      "post_id": 23,
      "english_label": "anger",
      "response_time_ms": 7607
    },
    {
      "image_path": "Surprised-Pikachu/Surprised-Pikachu_35.png",
      "label": "其他",
      "response_time": "00:00:04.102",
      "timestamp_unix": 1750055556,
      "timestamp_unix_ms": 1750055556459,
      "timestamp_readable": "2025-06-16 06:32:36.459",
      "normalized_name": "Surprised-Pikachu/Surprised-Pikachu",
      "meme_name": "Surprised-Pikachu",
      "post_id": 35,
      "english_label": "others",
      "response_time_ms": 4102
    },
    {
      "image_path": "Smudge-the-cat/Smudge-the-cat_10.png",
      "label": "輕蔑",
      "response_time": "00:00:53.801",
      "timestamp_unix": 1750055610,
      "timestamp_unix_ms": 1750055610422,
      "timestamp_readable": "2025-06-16 06:33:30.422",
      "normalized_name": "Smudge-the-cat/Smudge-the-cat",
      "meme_name": "Smudge-the-cat",
      "post_id": 10,
      "english_label": "contempt",
      "response_time_ms": 53801
    },
    {
      "image_path": "Happy--Shock/Happy--Shock_33.png",
      "label": "其他",
      "response_time": "00:00:04.301",
      "timestamp_unix": 1750055614,
      "timestamp_unix_ms": 1750055614874,
      "timestamp_readable": "2025-06-16 06:33:34.874",
      "normalized_name": "Happy--Shock/Happy--Shock",
      "meme_name": "Happy--Shock",
      "post_id": 33,
      "english_label": "others",
      "response_time_ms": 4301
    },
    {
      "image_path": "Batman-Slapping-Robin/Batman-Slapping-Robin_25.png",
      "label": "憤怒",
      "response_time": "00:00:05.104",
      "timestamp_unix": 1750055620,
      "timestamp_unix_ms": 1750055620095,
      "timestamp_readable": "2025-06-16 06:33:40.095",
      "normalized_name": "Batman-Slapping-Robin/Batman-Slapping-Robin",
      "meme_name": "Batman-Slapping-Robin",
      "post_id": 25,
      "english_label": "anger",
      "response_time_ms": 5104
    },
    {
      "image_path": "Black-guy-hiding-behind-tree/Black-guy-hiding-behind-tree_14.png",
      "label": "憤怒",
      "response_time": "00:00:04.705",
      "timestamp_unix": 1750055624,
      "timestamp_unix_ms": 1750055624843,
      "timestamp_readable": "2025-06-16 06:33:44.843",
      "normalized_name": "Black-guy-hiding-behind-tree/Black-guy-hiding-behind-tree",
      "meme_name": "Black-guy-hiding-behind-tree",
      "post_id": 14,
      "english_label": "anger",
      "response_time_ms": 4705
    },
    {
      "image_path": "Kevin-Hart/Kevin-Hart_36.png",
      "label": "其他",
      "response_time": "00:00:04.602",
      "timestamp_unix": 1750055629,
      "timestamp_unix_ms": 1750055629584,
      "timestamp_readable": "2025-06-16 06:33:49.584",
      "normalized_name": "Kevin-Hart/Kevin-Hart",
      "meme_name": "Kevin-Hart",
      "post_id": 36,
      "english_label": "others",
      "response_time_ms": 4602
    },
    {
      "image_path": "Nuclear-Explosion/Nuclear-Explosion_4.png",
      "label": "憤怒",
      "response_time": "00:00:07.503",
      "timestamp_unix": 1750055637,
      "timestamp_unix_ms": 1750055637276,
      "timestamp_readable": "2025-06-16 06:33:57.276",
      "normalized_name": "Nuclear-Explosion/Nuclear-Explosion",
      "meme_name": "Nuclear-Explosion",
      "post_id": 4,
      "english_label": "anger",
      "response_time_ms": 7503
    },
    {
      "image_path": "Confused-Gandalf/Confused-Gandalf_18.png",
      "label": "憤怒",
      "response_time": "00:00:06.100",
      "timestamp_unix": 1750055643,
      "timestamp_unix_ms": 1750055643510,
      "timestamp_readable": "2025-06-16 06:34:03.510",
      "normalized_name": "Confused-Gandalf/Confused-Gandalf",
      "meme_name": "Confused-Gandalf",
      "post_id": 18,
      "english_label": "anger",
      "response_time_ms": 6100
    },
    {
      "image_path": "Leonardo-Dicaprio-Wolf-Of-Wall-Street/Leonardo-Dicaprio-Wolf-Of-Wall-Street_9.png",
      "label": "憤怒",
      "response_time": "00:00:02.700",
      "timestamp_unix": 1750055646,
      "timestamp_unix_ms": 1750055646363,
      "timestamp_readable": "2025-06-16 06:34:06.363",
      "normalized_name": "Leonardo-Dicaprio-Wolf-Of-Wall-Street/Leonardo-Dicaprio-Wolf-Of-Wall-Street",
      "meme_name": "Leonardo-Dicaprio-Wolf-Of-Wall-Street",
      "post_id": 9,
      "english_label": "anger",
      "response_time_ms": 2700
    },
    {
      "image_path": "Charlie-Day/Charlie-Day_1.png",
      "label": "厭惡",
      "response_time": "00:00:09.805",
      "timestamp_unix": 1750055656,
      "timestamp_unix_ms": 1750055656309,
      "timestamp_readable": "2025-06-16 06:34:16.309",
      "normalized_name": "Charlie-Day/Charlie-Day",
      "meme_name": "Charlie-Day",
      "post_id": 1,
      "english_label": "disgust",
      "response_time_ms": 9805
    },
    {
      "image_path": "Mr-incredible-mad/Mr-incredible-mad_30.png",
      "label": "憤怒",
      "response_time": "00:00:05.802",
      "timestamp_unix": 1750055662,
      "timestamp_unix_ms": 1750055662189,
      "timestamp_readable": "2025-06-16 06:34:22.189",
      "normalized_name": "Mr-incredible-mad/Mr-incredible-mad",
      "meme_name": "Mr-incredible-mad",
      "post_id": 30,
      "english_label": "anger",
      "response_time_ms": 5802
    },
    {
      "image_path": "Spiderman-Hospital/Spiderman-Hospital_48.png",
      "label": "厭惡",
      "response_time": "00:05:32.701",
      "timestamp_unix": 1750055995,
      "timestamp_unix_ms": 1750055995172,
      "timestamp_readable": "2025-06-16 06:39:55.172",
      "normalized_name": "Spiderman-Hospital/Spiderman-Hospital",
      "meme_name": "Spiderman-Hospital",
      "post_id": 48,
      "english_label": "disgust",
      "response_time_ms": 332701
    },
    {
      "image_path": "Angry-Baby/Angry-Baby_39.png",
      "label": "其他",
      "response_time": "00:00:05.505",
      "timestamp_unix": 1750056000,
      "timestamp_unix_ms": 1750056000766,
      "timestamp_readable": "2025-06-16 06:40:00.766",
      "normalized_name": "Angry-Baby/Angry-Baby",
      "meme_name": "Angry-Baby",
      "post_id": 39,
      "english_label": "others",
      "response_time_ms": 5505
    },
    {
      "image_path": "Futurama-Fry/Futurama-Fry_32.png",
      "label": "憤怒",
      "response_time": "00:00:04.506",
      "timestamp_unix": 1750056005,
      "timestamp_unix_ms": 1750056005356,
      "timestamp_readable": "2025-06-16 06:40:05.356",
      "normalized_name": "Futurama-Fry/Futurama-Fry",
      "meme_name": "Futurama-Fry",
      "post_id": 32,
      "english_label": "anger",
      "response_time_ms": 4506
    },
    {
      "image_path": "Thats-a-paddlin/Thats-a-paddlin_11.png",
      "label": "其他",
      "response_time": "00:00:03.304",
      "timestamp_unix": 1750056008,
      "timestamp_unix_ms": 1750056008800,
      "timestamp_readable": "2025-06-16 06:40:08.800",
      "normalized_name": "Thats-a-paddlin/Thats-a-paddlin",
      "meme_name": "Thats-a-paddlin",
      "post_id": 11,
      "english_label": "others",
      "response_time_ms": 3304
    },
    {
      "image_path": "Khan/Khan_16.png",
      "label": "憤怒",
      "response_time": "00:00:07.105",
      "timestamp_unix": 1750056015,
      "timestamp_unix_ms": 1750056015987,
      "timestamp_readable": "2025-06-16 06:40:15.987",
      "normalized_name": "Khan/Khan",
      "meme_name": "Khan",
      "post_id": 16,
      "english_label": "anger",
      "response_time_ms": 7105
    },
    {
      "image_path": "Mr-McMahon-reaction/Mr-McMahon-reaction_8.png",
      "label": "憤怒",
      "response_time": "00:00:04.200",
      "timestamp_unix": 1750056020,
      "timestamp_unix_ms": 1750056020282,
      "timestamp_readable": "2025-06-16 06:40:20.282",
      "normalized_name": "Mr-McMahon-reaction/Mr-McMahon-reaction",
      "meme_name": "Mr-McMahon-reaction",
      "post_id": 8,
      "english_label": "anger",
      "response_time_ms": 4200
    },
    {
      "image_path": "attention_check/attention_check_Anger.png",
      "label": "憤怒",
      "response_time": "00:00:02.204",
      "timestamp_unix": 1750056022,
      "timestamp_unix_ms": 1750056022576,
      "timestamp_readable": "2025-06-16 06:40:22.576",
      "normalized_name": "attention_check/attention_check_Anger.png",
      "meme_name": "attention_check",
      "post_id": null,
      "english_label": "anger",
      "response_time_ms": 2204
    },
    {
      "image_path": "Table-Flip-Guy/Table-Flip-Guy_44.png",
      "label": "憤怒",
      "response_time": "00:00:03.001",
      "timestamp_unix": 1750056025,
      "timestamp_unix_ms": 1750056025682,
      "timestamp_readable": "2025-06-16 06:40:25.682",
      "normalized_name": "Table-Flip-Guy/Table-Flip-Guy",
      "meme_name": "Table-Flip-Guy",
      "post_id": 44,
      "english_label": "anger",
      "response_time_ms": 3001
    },
    {
      "image_path": "Put-It-Somewhere-Else-Patrick/Put-It-Somewhere-Else-Patrick_42.png",
      "label": "憤怒",
      "response_time": "00:00:07.900",
      "timestamp_unix": 1750056033,
      "timestamp_unix_ms": 1750056033666,
      "timestamp_readable": "2025-06-16 06:40:33.666",
      "normalized_name": "Put-It-Somewhere-Else-Patrick/Put-It-Somewhere-Else-Patrick",
      "meme_name": "Put-It-Somewhere-Else-Patrick",
      "post_id": 42,
      "english_label": "anger",
      "response_time_ms": 7900
    },
    {
      "image_path": "Dave-chappelle/Dave-chappelle_26.png",
      "label": "憤怒",
      "response_time": "00:00:04.002",
      "timestamp_unix": 1750056037,
      "timestamp_unix_ms": 1750056037778,
      "timestamp_readable": "2025-06-16 06:40:37.778",
      "normalized_name": "Dave-chappelle/Dave-chappelle",
      "meme_name": "Dave-chappelle",
      "post_id": 26,
      "english_label": "anger",
      "response_time_ms": 4002
    },
    {
      "image_path": "Persian-Cat-Room-Guardian/Persian-Cat-Room-Guardian_21.png",
      "label": "憤怒",
      "response_time": "00:00:04.301",
      "timestamp_unix": 1750056042,
      "timestamp_unix_ms": 1750056042206,
      "timestamp_readable": "2025-06-16 06:40:42.206",
      "normalized_name": "Persian-Cat-Room-Guardian/Persian-Cat-Room-Guardian",
      "meme_name": "Persian-Cat-Room-Guardian",
      "post_id": 21,
      "english_label": "anger",
      "response_time_ms": 4301
    },
    {
      "image_path": "Monkey-Puppet/Monkey-Puppet_13.png",
      "label": "憤怒",
      "response_time": "00:00:01.902",
      "timestamp_unix": 1750056044,
      "timestamp_unix_ms": 1750056044222,
      "timestamp_readable": "2025-06-16 06:40:44.222",
      "normalized_name": "Monkey-Puppet/Monkey-Puppet",
      "meme_name": "Monkey-Puppet",
      "post_id": 13,
      "english_label": "anger",
      "response_time_ms": 1902
    },
    {
      "image_path": "DJ-Pauly-D/DJ-Pauly-D_31.png",
      "label": "憤怒",
      "response_time": "00:00:09.401",
      "timestamp_unix": 1750056053,
      "timestamp_unix_ms": 1750056053717,
      "timestamp_readable": "2025-06-16 06:40:53.717",
      "normalized_name": "DJ-Pauly-D/DJ-Pauly-D",
      "meme_name": "DJ-Pauly-D",
      "post_id": 31,
      "english_label": "anger",
      "response_time_ms": 9401
    },
    {
      "image_path": "You-The-Real-MVP/You-The-Real-MVP_34.png",
      "label": "憤怒",
      "response_time": "00:00:04.205",
      "timestamp_unix": 1750056058,
      "timestamp_unix_ms": 1750056058079,
      "timestamp_readable": "2025-06-16 06:40:58.079",
      "normalized_name": "You-The-Real-MVP/You-The-Real-MVP",
      "meme_name": "You-The-Real-MVP",
      "post_id": 34,
      "english_label": "anger",
      "response_time_ms": 4205
    },
    {
      "image_path": "Dinkleberg/Dinkleberg_15.png",
      "label": "憤怒",
      "response_time": "00:00:02.301",
      "timestamp_unix": 1750056060,
      "timestamp_unix_ms": 1750056060507,
      "timestamp_readable": "2025-06-16 06:41:00.507",
      "normalized_name": "Dinkleberg/Dinkleberg",
      "meme_name": "Dinkleberg",
      "post_id": 15,
      "english_label": "anger",
      "response_time_ms": 2301
    },
    {
      "image_path": "Always-Has-Been/Always-Has-Been_20.png",
      "label": "憤怒",
      "response_time": "00:00:03.900",
      "timestamp_unix": 1750056064,
      "timestamp_unix_ms": 1750056064536,
      "timestamp_readable": "2025-06-16 06:41:04.536",
      "normalized_name": "Always-Has-Been/Always-Has-Been",
      "meme_name": "Always-Has-Been",
      "post_id": 20,
      "english_label": "anger",
      "response_time_ms": 3900
    },
    {
      "image_path": "Obi-Wan-Kenobi/Obi-Wan-Kenobi_46.png",
      "label": "憤怒",
      "response_time": "00:00:02.200",
      "timestamp_unix": 1750056066,
      "timestamp_unix_ms": 1750056066818,
      "timestamp_readable": "2025-06-16 06:41:06.818",
      "normalized_name": "Obi-Wan-Kenobi/Obi-Wan-Kenobi",
      "meme_name": "Obi-Wan-Kenobi",
      "post_id": 46,
      "english_label": "anger",
      "response_time_ms": 2200
    },
    {
      "image_path": "Always-you-three/Always-you-three_40.png",
      "label": "憤怒",
      "response_time": "00:00:01.904",
      "timestamp_unix": 1750056068,
      "timestamp_unix_ms": 1750056068772,
      "timestamp_readable": "2025-06-16 06:41:08.772",
      "normalized_name": "Always-you-three/Always-you-three",
      "meme_name": "Always-you-three",
      "post_id": 40,
      "english_label": "anger",
      "response_time_ms": 1904
    },
    {
      "image_path": "Hide-the-Pain-Harold/Hide-the-Pain-Harold_12.png",
      "label": "憤怒",
      "response_time": "00:00:01.203",
      "timestamp_unix": 1750056070,
      "timestamp_unix_ms": 1750056070061,
      "timestamp_readable": "2025-06-16 06:41:10.061",
      "normalized_name": "Hide-the-Pain-Harold/Hide-the-Pain-Harold",
      "meme_name": "Hide-the-Pain-Harold",
      "post_id": 12,
      "english_label": "anger",
      "response_time_ms": 1203
    },
    {
      "image_path": "Mocking-Spongebob/Mocking-Spongebob_27.png",
      "label": "憤怒",
      "response_time": "00:00:02.004",
      "timestamp_unix": 1750056072,
      "timestamp_unix_ms": 1750056072171,
      "timestamp_readable": "2025-06-16 06:41:12.171",
      "normalized_name": "Mocking-Spongebob/Mocking-Spongebob",
      "meme_name": "Mocking-Spongebob",
      "post_id": 27,
      "english_label": "anger",
      "response_time_ms": 2004
    },
    {
      "image_path": "For-the-better-right-blank/For-the-better-right-blank_2.png",
      "label": "其他",
      "response_time": "00:00:04.700",
      "timestamp_unix": 1750056076,
      "timestamp_unix_ms": 1750056076945,
      "timestamp_readable": "2025-06-16 06:41:16.945",
      "normalized_name": "For-the-better-right-blank/For-the-better-right-blank",
      "meme_name": "For-the-better-right-blank",
      "post_id": 2,
      "english_label": "others",
      "response_time_ms": 4700
    },
    {
      "image_path": "Arthur-Fist/Arthur-Fist_3.png",
      "label": "憤怒",
      "response_time": "00:00:05.403",
      "timestamp_unix": 1750056082,
      "timestamp_unix_ms": 1750056082413,
      "timestamp_readable": "2025-06-16 06:41:22.413",
      "normalized_name": "Arthur-Fist/Arthur-Fist",
      "meme_name": "Arthur-Fist",
      "post_id": 3,
      "english_label": "anger",
      "response_time_ms": 5403
    },
    {
      "image_path": "Disaster-Girl/Disaster-Girl_38.png",
      "label": "其他",
      "response_time": "00:00:06.102",
      "timestamp_unix": 1750056088,
      "timestamp_unix_ms": 1750056088612,
      "timestamp_readable": "2025-06-16 06:41:28.612",
      "normalized_name": "Disaster-Girl/Disaster-Girl",
      "meme_name": "Disaster-Girl",
      "post_id": 38,
      "english_label": "others",
      "response_time_ms": 6102
    },
    {
      "image_path": "Hold-fart/Hold-fart_41.png",
      "label": "其他",
      "response_time": "00:00:04.902",
      "timestamp_unix": 1750056093,
      "timestamp_unix_ms": 1750056093648,
      "timestamp_readable": "2025-06-16 06:41:33.648",
      "normalized_name": "Hold-fart/Hold-fart",
      "meme_name": "Hold-fart",
      "post_id": 41,
      "english_label": "others",
      "response_time_ms": 4902
    },
    {
      "image_path": "Ill-Have-You-Know-Spongebob/Ill-Have-You-Know-Spongebob_7.png",
      "label": "其他",
      "response_time": "00:00:04.001",
      "timestamp_unix": 1750056097,
      "timestamp_unix_ms": 1750056097727,
      "timestamp_readable": "2025-06-16 06:41:37.727",
      "normalized_name": "Ill-Have-You-Know-Spongebob/Ill-Have-You-Know-Spongebob",
      "meme_name": "Ill-Have-You-Know-Spongebob",
      "post_id": 7,
      "english_label": "others",
      "response_time_ms": 4001
    },
    {
      "image_path": "Im-The-Captain-Now/Im-The-Captain-Now_19.png",
      "label": "憤怒",
      "response_time": "00:00:03.904",
      "timestamp_unix": 1750056101,
      "timestamp_unix_ms": 1750056101797,
      "timestamp_readable": "2025-06-16 06:41:41.797",
      "normalized_name": "Im-The-Captain-Now/Im-The-Captain-Now",
      "meme_name": "Im-The-Captain-Now",
      "post_id": 19,
      "english_label": "anger",
      "response_time_ms": 3904
    },
    {
      "image_path": "Gru-Gun/Gru-Gun_50.png",
      "label": "憤怒",
      "response_time": "00:00:02.403",
      "timestamp_unix": 1750056104,
      "timestamp_unix_ms": 1750056104338,
      "timestamp_readable": "2025-06-16 06:41:44.338",
      "normalized_name": "Gru-Gun/Gru-Gun",
      "meme_name": "Gru-Gun",
      "post_id": 50,
      "english_label": "anger",
      "response_time_ms": 2403
    },
    {
      "image_path": "Moe-throws-Barney/Moe-throws-Barney_45.png",
      "label": "憤怒",
      "response_time": "00:00:01.102",
      "timestamp_unix": 1750056105,
      "timestamp_unix_ms": 1750056105539,
      "timestamp_readable": "2025-06-16 06:41:45.539",
      "normalized_name": "Moe-throws-Barney/Moe-throws-Barney",
      "meme_name": "Moe-throws-Barney",
      "post_id": 45,
      "english_label": "anger",
      "response_time_ms": 1102
    },
    {
      "image_path": "Well-Yes-But-Actually-No/Well-Yes-But-Actually-No_6.png",
      "label": "憤怒",
      "response_time": "00:00:02.500",
      "timestamp_unix": 1750056108,
      "timestamp_unix_ms": 1750056108119,
      "timestamp_readable": "2025-06-16 06:41:48.119",
      "normalized_name": "Well-Yes-But-Actually-No/Well-Yes-But-Actually-No",
      "meme_name": "Well-Yes-But-Actually-No",
      "post_id": 6,
      "english_label": "anger",
      "response_time_ms": 2500
    },
    {
      "image_path": "Afraid-To-Ask-Andy/Afraid-To-Ask-Andy_28.png",
      "label": "憤怒",
      "response_time": "00:00:01.903",
      "timestamp_unix": 1750056110,
      "timestamp_unix_ms": 1750056110131,
      "timestamp_readable": "2025-06-16 06:41:50.131",
      "normalized_name": "Afraid-To-Ask-Andy/Afraid-To-Ask-Andy",
      "meme_name": "Afraid-To-Ask-Andy",
      "post_id": 28,
      "english_label": "anger",
      "response_time_ms": 1903
    },
    {
      "image_path": "Picard-Wtf/Picard-Wtf_47.png",
      "label": "憤怒",
      "response_time": "00:00:02.303",
      "timestamp_unix": 1750056112,
      "timestamp_unix_ms": 1750056112508,
      "timestamp_readable": "2025-06-16 06:41:52.508",
      "normalized_name": "Picard-Wtf/Picard-Wtf",
      "meme_name": "Picard-Wtf",
      "post_id": 47,
      "english_label": "anger",
      "response_time_ms": 2303
    },
    {
      "image_path": "Chill-guy/Chill-guy_49.png",
      "label": "憤怒",
      "response_time": "00:00:02.002",
      "timestamp_unix": 1750056114,
      "timestamp_unix_ms": 1750056114657,
      "timestamp_readable": "2025-06-16 06:41:54.657",
      "normalized_name": "Chill-guy/Chill-guy",
      "meme_name": "Chill-guy",
      "post_id": 49,
      "english_label": "anger",
      "response_time_ms": 2002
    },
    {
      "image_path": "Drake-NoYes/Drake-NoYes_24.png",
      "label": "憤怒",
      "response_time": "00:00:01.905",
      "timestamp_unix": 1750056116,
      "timestamp_unix_ms": 1750056116670,
      "timestamp_readable": "2025-06-16 06:41:56.670",
      "normalized_name": "Drake-NoYes/Drake-NoYes",
      "meme_name": "Drake-NoYes",
      "post_id": 24,
      "english_label": "anger",
      "response_time_ms": 1905
    },
    {
      "image_path": "attention_check/attention_check_Others.png",
      "label": "其他",
      "response_time": "00:00:02.106",
      "timestamp_unix": 1750056118,
      "timestamp_unix_ms": 1750056118921,
      "timestamp_readable": "2025-06-16 06:41:58.921",
      "normalized_name": "attention_check/attention_check_Others.png",
      "meme_name": "attention_check",
      "post_id": null,
      "english_label": "others",
      "response_time_ms": 2106
    },
    {
      "image_path": "Laughing-wolf/Laughing-wolf_5.png",
      "label": "憤怒",
      "response_time": "00:00:01.801",
      "timestamp_unix": 1750056120,
      "timestamp_unix_ms": 1750056120790,
      "timestamp_readable": "2025-06-16 06:42:00.790",
      "normalized_name": "Laughing-wolf/Laughing-wolf",
      "meme_name": "Laughing-wolf",
      "post_id": 5,
      "english_label": "anger",
      "response_time_ms": 1801
    },
    {
      "image_path": "Spongebob-Yelling/Spongebob-Yelling_43.png",
      "label": "憤怒",
      "response_time": "00:00:02.602",
      "timestamp_unix": 1750056123,
      "timestamp_unix_ms": 1750056123512,
      "timestamp_readable": "2025-06-16 06:42:03.512",
      "normalized_name": "Spongebob-Yelling/Spongebob-Yelling",
      "meme_name": "Spongebob-Yelling",
      "post_id": 43,
      "english_label": "anger",
      "response_time_ms": 2602
    },
    {
      "image_path": "Scooby-doo-mask-reveal/Scooby-doo-mask-reveal_22.png",
      "label": "憤怒",
      "response_time": "00:00:01.104",
      "timestamp_unix": 1750056124,
      "timestamp_unix_ms": 1750056124713,
      "timestamp_readable": "2025-06-16 06:42:04.713",
      "normalized_name": "Scooby-doo-mask-reveal/Scooby-doo-mask-reveal",
      "meme_name": "Scooby-doo-mask-reveal",
      "post_id": 22,
      "english_label": "anger",
      "response_time_ms": 1104
    },
    {
      "image_path": "Disappointed-Man/Disappointed-Man_17.png",
      "label": "憤怒",
      "response_time": "00:00:01.100",
      "timestamp_unix": 1750056125,
      "timestamp_unix_ms": 1750056125949,
      "timestamp_readable": "2025-06-16 06:42:05.949",
      "normalized_name": "Disappointed-Man/Disappointed-Man",
      "meme_name": "Disappointed-Man",
      "post_id": 17,
      "english_label": "anger",
      "response_time_ms": 1100
    }
  ],
  "session_start_unix": 1750055452,
  "session_status": "completed",
  "last_updated_unix": 1750056139,
  "image_order": [
    "Spiderman-Hospital/Spiderman-Hospital_48.png",
    "Happy--Shock/Happy--Shock_33.png",
    "Chill-guy/Chill-guy_49.png",
    "I-am-once-again-asking/I-am-once-again-asking_23.png",
    "Math-ladyConfused-lady/Math-ladyConfused-lady_29.png",
    "Archer/Archer_37.png",
    "Leonardo-Dicaprio-Wolf-Of-Wall-Street/Leonardo-Dicaprio-Wolf-Of-Wall-Street_9.png",
    "Mocking-Spongebob/Mocking-Spongebob_27.png",
    "Afraid-To-Ask-Andy/Afraid-To-Ask-Andy_28.png",
    "Charlie-Day/Charlie-Day_1.png",
    "Always-Has-Been/Always-Has-Been_20.png",
    "Picard-Wtf/Picard-Wtf_47.png",
    "Batman-Slapping-Robin/Batman-Slapping-Robin_25.png",
    "For-the-better-right-blank/For-the-better-right-blank_2.png",
    "Drake-NoYes/Drake-NoYes_24.png",
    "Laughing-wolf/Laughing-wolf_5.png",
    "DJ-Pauly-D/DJ-Pauly-D_31.png",
    "Always-you-three/Always-you-three_40.png",
    "Disappointed-Man/Disappointed-Man_17.png",
    "Smudge-the-cat/Smudge-the-cat_10.png",
    "attention_check/attention_check_Anger.png",
    "Thats-a-paddlin/Thats-a-paddlin_11.png",
    "Hide-the-Pain-Harold/Hide-the-Pain-Harold_12.png",
    "Hold-fart/Hold-fart_41.png",
    "Im-The-Captain-Now/Im-The-Captain-Now_19.png",
    "Obi-Wan-Kenobi/Obi-Wan-Kenobi_46.png",
    "Spongebob-Yelling/Spongebob-Yelling_43.png",
    "Nuclear-Explosion/Nuclear-Explosion_4.png",
    "Dinkleberg/Dinkleberg_15.png",
    "Scooby-doo-mask-reveal/Scooby-doo-mask-reveal_22.png",
    "Disaster-Girl/Disaster-Girl_38.png",
    "Black-guy-hiding-behind-tree/Black-guy-hiding-behind-tree_14.png",
    "You-The-Real-MVP/You-The-Real-MVP_34.png",
    "Moe-throws-Barney/Moe-throws-Barney_45.png",
    "Ill-Have-You-Know-Spongebob/Ill-Have-You-Know-Spongebob_7.png",
    "Futurama-Fry/Futurama-Fry_32.png",
    "Monkey-Puppet/Monkey-Puppet_13.png",
    "Confused-Gandalf/Confused-Gandalf_18.png",
    "Mr-incredible-mad/Mr-incredible-mad_30.png",
    "Dave-chappelle/Dave-chappelle_26.png",
    "Surprised-Pikachu/Surprised-Pikachu_35.png",
    "Table-Flip-Guy/Table-Flip-Guy_44.png",
    "Kevin-Hart/Kevin-Hart_36.png",
    "Well-Yes-But-Actually-No/Well-Yes-But-Actually-No_6.png",
    "Mr-McMahon-reaction/Mr-McMahon-reaction_8.png",
    "Gru-Gun/Gru-Gun_50.png",
    "Persian-Cat-Room-Guardian/Persian-Cat-Room-Guardian_21.png",
    "attention_check/attention_check_Others.png",
    "Put-It-Somewhere-Else-Patrick/Put-It-Somewhere-Else-Patrick_42.png",
    "Angry-Baby/Angry-Baby_39.png",
    "Arthur-Fist/Arthur-Fist_3.png",
    "Khan/Khan_16.png"
  ],
  "completion_status": {
    "practice_completed": true,
    "game_started": true,
    "game_completed": true,
    "summary_viewed": true,
    "email_submitted": true
  },
  "timestamps_unix": {
    "registration_completed": 1750055452,
    "practice_started": 1750055453,
    "practice_completed": 1750055528,
    "game_started": 1750055528,
    "first_label": 1750055537,
    "last_label": 1750056125,
    "game_completed": 1750056129,
    "summary_viewed": 1750056129,
    "email_submitted": 1750056139,
    "session_end": 1750056139,
    "last_updated": 1750056139
  },
  "timestamps_unix_ms": {
    "registration_completed_ms": 1750055452961,
    "practice_started_ms": 1750055453009,
    "practice_completed_ms": 1750055528696,
    "game_started_ms": 1750055528715,
    "first_label_ms": 1750055537121,
    "last_label_ms": 1750056125949,
    "game_completed_ms": 1750056129128,
    "summary_viewed_ms": 1750056129147,
    "email_submitted_ms": 1750056139758,
    "session_end_ms": 1750056139758,
    "last_updated_ms": 1750056139758
  },
  "duration_stats_ms": {
    "total_session_duration_ms": 686797,
    "practice_duration_ms": 75687,
    "game_duration_ms": 600413,
    "labeling_duration_ms": 588828,
    "email_submission_duration_ms": 10611
  },
  "filename_updated_unix": 1750056129,
  "original_filename": "user_ac7fe0",
  "completion_status_in_filename": "email_submitted"
}