{
  "user_id": "user_b902a4",
  "file_name": "user_b902a4_1749787190_1749787610_fullycomplete",
  "unix_start_time": 1749787190,
  "unix_start_time_ms": 1749787190267,
  "unix_end_time": 1749787610,
  "unix_end_time_ms": 1749787610801,
  "age": "25-29",
  "gender": "female",
  "user_agent": "Mozilla/5.0 (Windows NT 10.0; Win64; x64) AppleWebKit/537.36 (KHTML, like Gecko) Chrome/137.0.0.0 Safari/537.36",
  "user_ip": "60.250.54.101",
  "status": "complete",
  "email_provided": "complete",
  "attention_passed": true,
  "start_time_readable": "2025-06-13 03:59:50.267",
  "end_time_readable": "2025-06-13 04:06:50.801",
  "total_labels": 52,
  "emotion_summary": {
    "anger": 7,
    "contempt": 18,
    "disgust": 10,
    "others": 17
  },
  "email": "oaf0462@gmail.com",
  "participation": "no",
  "total_responses": 52,
  "responses": [
    {
      "image_path": "Hold-fart/Hold-fart_46.png",
      "label": "輕蔑",
      "response_time": "00:00:07.109",
      "timestamp_unix": 1749787273,
      "timestamp_unix_ms": 1749787273061,
      "timestamp_readable": "2025-06-13 04:01:13.061",
      "normalized_name": "Hold-fart/Hold-fart",
      "meme_name": "Hold-fart",
      "post_id": 46,
      "english_label": "contempt",
      "response_time_ms": 7109
    },
    {
      "image_path": "Persian-Cat-Room-Guardian/Persian-Cat-Room-Guardian_23.png",
      "label": "憤怒",
      "response_time": "00:00:22.905",
      "timestamp_unix": 1749787296,
      "timestamp_unix_ms": 1749787296024,
      "timestamp_readable": "2025-06-13 04:01:36.024",
      "normalized_name": "Persian-Cat-Room-Guardian/Persian-Cat-Room-Guardian",
      "meme_name": "Persian-Cat-Room-Guardian",
      "post_id": 23,
      "english_label": "anger",
      "response_time_ms": 22905
    },
    {
      "image_path": "Always-Has-Been/Always-Has-Been_8.png",
      "label": "厭惡",
      "response_time": "00:00:11.203",
      "timestamp_unix": 1749787307,
      "timestamp_unix_ms": 1749787307272,
      "timestamp_readable": "2025-06-13 04:01:47.272",
      "normalized_name": "Always-Has-Been/Always-Has-Been",
      "meme_name": "Always-Has-Been",
      "post_id": 8,
      "english_label": "disgust",
      "response_time_ms": 11203
    },
    {
      "image_path": "Disappointed-Man/Disappointed-Man_39.png",
      "label": "厭惡",
      "response_time": "00:00:08.907",
      "timestamp_unix": 1749787316,
      "timestamp_unix_ms": 1749787316287,
      "timestamp_readable": "2025-06-13 04:01:56.287",
      "normalized_name": "Disappointed-Man/Disappointed-Man",
      "meme_name": "Disappointed-Man",
      "post_id": 39,
      "english_label": "disgust",
      "response_time_ms": 8907
    },
    {
      "image_path": "Drake-NoYes/Drake-NoYes_38.png",
      "label": "其他",
      "response_time": "00:00:09.602",
      "timestamp_unix": 1749787325,
      "timestamp_unix_ms": 1749787325985,
      "timestamp_readable": "2025-06-13 04:02:05.985",
      "normalized_name": "Drake-NoYes/Drake-NoYes",
      "meme_name": "Drake-NoYes",
      "post_id": 38,
      "english_label": "others",
      "response_time_ms": 9602
    },
    {
      "image_path": "Mr-incredible-mad/Mr-incredible-mad_9.png",
      "label": "憤怒",
      "response_time": "00:00:03.808",
      "timestamp_unix": 1749787329,
      "timestamp_unix_ms": 1749787329853,
      "timestamp_readable": "2025-06-13 04:02:09.853",
      "normalized_name": "Mr-incredible-mad/Mr-incredible-mad",
      "meme_name": "Mr-incredible-mad",
      "post_id": 9,
      "english_label": "anger",
      "response_time_ms": 3808
    },
    {
      "image_path": "Arthur-Fist/Arthur-Fist_14.png",
      "label": "憤怒",
      "response_time": "00:00:05.802",
      "timestamp_unix": 1749787335,
      "timestamp_unix_ms": 1749787335768,
      "timestamp_readable": "2025-06-13 04:02:15.768",
      "normalized_name": "Arthur-Fist/Arthur-Fist",
      "meme_name": "Arthur-Fist",
      "post_id": 14,
      "english_label": "anger",
      "response_time_ms": 5802
    },
    {
      "image_path": "Ill-Have-You-Know-Spongebob/Ill-Have-You-Know-Spongebob_25.png",
      "label": "輕蔑",
      "response_time": "00:00:05.503",
      "timestamp_unix": 1749787341,
      "timestamp_unix_ms": 1749787341336,
      "timestamp_readable": "2025-06-13 04:02:21.336",
      "normalized_name": "Ill-Have-You-Know-Spongebob/Ill-Have-You-Know-Spongebob",
      "meme_name": "Ill-Have-You-Know-Spongebob",
      "post_id": 25,
      "english_label": "contempt",
      "response_time_ms": 5503
    },
    {
      "image_path": "Put-It-Somewhere-Else-Patrick/Put-It-Somewhere-Else-Patrick_28.png",
      "label": "輕蔑",
      "response_time": "00:00:08.403",
      "timestamp_unix": 1749787349,
      "timestamp_unix_ms": 1749787349783,
      "timestamp_readable": "2025-06-13 04:02:29.783",
      "normalized_name": "Put-It-Somewhere-Else-Patrick/Put-It-Somewhere-Else-Patrick",
      "meme_name": "Put-It-Somewhere-Else-Patrick",
      "post_id": 28,
      "english_label": "contempt",
      "response_time_ms": 8403
    },
    {
      "image_path": "Batman-Slapping-Robin/Batman-Slapping-Robin_19.png",
      "label": "憤怒",
      "response_time": "00:00:04.301",
      "timestamp_unix": 1749787354,
      "timestamp_unix_ms": 1749787354216,
      "timestamp_readable": "2025-06-13 04:02:34.216",
      "normalized_name": "Batman-Slapping-Robin/Batman-Slapping-Robin",
      "meme_name": "Batman-Slapping-Robin",
      "post_id": 19,
      "english_label": "anger",
      "response_time_ms": 4301
    },
    {
      "image_path": "Smudge-the-cat/Smudge-the-cat_44.png",
      "label": "輕蔑",
      "response_time": "00:00:07.607",
      "timestamp_unix": 1749787361,
      "timestamp_unix_ms": 1749787361914,
      "timestamp_readable": "2025-06-13 04:02:41.914",
      "normalized_name": "Smudge-the-cat/Smudge-the-cat",
      "meme_name": "Smudge-the-cat",
      "post_id": 44,
      "english_label": "contempt",
      "response_time_ms": 7607
    },
    {
      "image_path": "Confused-Gandalf/Confused-Gandalf_6.png",
      "label": "輕蔑",
      "response_time": "00:00:02.303",
      "timestamp_unix": 1749787364,
      "timestamp_unix_ms": 1749787364282,
      "timestamp_readable": "2025-06-13 04:02:44.282",
      "normalized_name": "Confused-Gandalf/Confused-Gandalf",
      "meme_name": "Confused-Gandalf",
      "post_id": 6,
      "english_label": "contempt",
      "response_time_ms": 2303
    },
    {
      "image_path": "Thats-a-paddlin/Thats-a-paddlin_11.png",
      "label": "輕蔑",
      "response_time": "00:00:02.109",
      "timestamp_unix": 1749787366,
      "timestamp_unix_ms": 1749787366464,
      "timestamp_readable": "2025-06-13 04:02:46.464",
      "normalized_name": "Thats-a-paddlin/Thats-a-paddlin",
      "meme_name": "Thats-a-paddlin",
      "post_id": 11,
      "english_label": "contempt",
      "response_time_ms": 2109
    },
    {
      "image_path": "Scooby-doo-mask-reveal/Scooby-doo-mask-reveal_34.png",
      "label": "輕蔑",
      "response_time": "00:00:02.406",
      "timestamp_unix": 1749787368,
      "timestamp_unix_ms": 1749787368947,
      "timestamp_readable": "2025-06-13 04:02:48.947",
      "normalized_name": "Scooby-doo-mask-reveal/Scooby-doo-mask-reveal",
      "meme_name": "Scooby-doo-mask-reveal",
      "post_id": 34,
      "english_label": "contempt",
      "response_time_ms": 2406
    },
    {
      "image_path": "Monkey-Puppet/Monkey-Puppet_5.png",
      "label": "輕蔑",
      "response_time": "00:00:04.407",
      "timestamp_unix": 1749787373,
      "timestamp_unix_ms": 1749787373396,
      "timestamp_readable": "2025-06-13 04:02:53.396",
      "normalized_name": "Monkey-Puppet/Monkey-Puppet",
      "meme_name": "Monkey-Puppet",
      "post_id": 5,
      "english_label": "contempt",
      "response_time_ms": 4407
    },
    {
      "image_path": "Mr-McMahon-reaction/Mr-McMahon-reaction_18.png",
      "label": "其他",
      "response_time": "00:00:06.601",
      "timestamp_unix": 1749787380,
      "timestamp_unix_ms": 1749787380113,
      "timestamp_readable": "2025-06-13 04:03:00.113",
      "normalized_name": "Mr-McMahon-reaction/Mr-McMahon-reaction",
      "meme_name": "Mr-McMahon-reaction",
      "post_id": 18,
      "english_label": "others",
      "response_time_ms": 6601
    },
    {
      "image_path": "For-the-better-right-blank/For-the-better-right-blank_48.png",
      "label": "其他",
      "response_time": "00:00:05.715",
      "timestamp_unix": 1749787385,
      "timestamp_unix_ms": 1749787385962,
      "timestamp_readable": "2025-06-13 04:03:05.962",
      "normalized_name": "For-the-better-right-blank/For-the-better-right-blank",
      "meme_name": "For-the-better-right-blank",
      "post_id": 48,
      "english_label": "others",
      "response_time_ms": 5715
    },
    {
      "image_path": "Nuclear-Explosion/Nuclear-Explosion_7.png",
      "label": "厭惡",
      "response_time": "00:00:08.109",
      "timestamp_unix": 1749787394,
      "timestamp_unix_ms": 1749787394145,
      "timestamp_readable": "2025-06-13 04:03:14.145",
      "normalized_name": "Nuclear-Explosion/Nuclear-Explosion",
      "meme_name": "Nuclear-Explosion",
      "post_id": 7,
      "english_label": "disgust",
      "response_time_ms": 8109
    },
    {
      "image_path": "Gru-Gun/Gru-Gun_29.png",
      "label": "厭惡",
      "response_time": "00:00:05.200",
      "timestamp_unix": 1749787399,
      "timestamp_unix_ms": 1749787399477,
      "timestamp_readable": "2025-06-13 04:03:19.477",
      "normalized_name": "Gru-Gun/Gru-Gun",
      "meme_name": "Gru-Gun",
      "post_id": 29,
      "english_label": "disgust",
      "response_time_ms": 5200
    },
    {
      "image_path": "You-The-Real-MVP/You-The-Real-MVP_36.png",
      "label": "其他",
      "response_time": "00:00:03.502",
      "timestamp_unix": 1749787403,
      "timestamp_unix_ms": 1749787403026,
      "timestamp_readable": "2025-06-13 04:03:23.026",
      "normalized_name": "You-The-Real-MVP/You-The-Real-MVP",
      "meme_name": "You-The-Real-MVP",
      "post_id": 36,
      "english_label": "others",
      "response_time_ms": 3502
    },
    {
      "image_path": "Angry-Baby/Angry-Baby_47.png",
      "label": "憤怒",
      "response_time": "00:00:04.601",
      "timestamp_unix": 1749787407,
      "timestamp_unix_ms": 1749787407744,
      "timestamp_readable": "2025-06-13 04:03:27.744",
      "normalized_name": "Angry-Baby/Angry-Baby",
      "meme_name": "Angry-Baby",
      "post_id": 47,
      "english_label": "anger",
      "response_time_ms": 4601
    },
    {
      "image_path": "attention_check/attention_check_Disgust.png",
      "label": "厭惡",
      "response_time": "00:00:03.114",
      "timestamp_unix": 1749787410,
      "timestamp_unix_ms": 1749787410908,
      "timestamp_readable": "2025-06-13 04:03:30.908",
      "normalized_name": "attention_check/attention_check_Disgust.png",
      "meme_name": "attention_check",
      "post_id": null,
      "english_label": "disgust",
      "response_time_ms": 3114
    },
    {
      "image_path": "Picard-Wtf/Picard-Wtf_2.png",
      "label": "輕蔑",
      "response_time": "00:00:03.501",
      "timestamp_unix": 1749787414,
      "timestamp_unix_ms": 1749787414492,
      "timestamp_readable": "2025-06-13 04:03:34.492",
      "normalized_name": "Picard-Wtf/Picard-Wtf",
      "meme_name": "Picard-Wtf",
      "post_id": 2,
      "english_label": "contempt",
      "response_time_ms": 3501
    },
    {
      "image_path": "Mocking-Spongebob/Mocking-Spongebob_21.png",
      "label": "輕蔑",
      "response_time": "00:00:04.301",
      "timestamp_unix": 1749787418,
      "timestamp_unix_ms": 1749787418859,
      "timestamp_readable": "2025-06-13 04:03:38.859",
      "normalized_name": "Mocking-Spongebob/Mocking-Spongebob",
      "meme_name": "Mocking-Spongebob",
      "post_id": 21,
      "english_label": "contempt",
      "response_time_ms": 4301
    },
    {
      "image_path": "Disaster-Girl/Disaster-Girl_1.png",
      "label": "輕蔑",
      "response_time": "00:00:06.512",
      "timestamp_unix": 1749787425,
      "timestamp_unix_ms": 1749787425473,
      "timestamp_readable": "2025-06-13 04:03:45.473",
      "normalized_name": "Disaster-Girl/Disaster-Girl",
      "meme_name": "Disaster-Girl",
      "post_id": 1,
      "english_label": "contempt",
      "response_time_ms": 6512
    },
    {
      "image_path": "Charlie-Day/Charlie-Day_3.png",
      "label": "其他",
      "response_time": "00:00:04.001",
      "timestamp_unix": 1749787429,
      "timestamp_unix_ms": 1749787429541,
      "timestamp_readable": "2025-06-13 04:03:49.541",
      "normalized_name": "Charlie-Day/Charlie-Day",
      "meme_name": "Charlie-Day",
      "post_id": 3,
      "english_label": "others",
      "response_time_ms": 4001
    },
    {
      "image_path": "Spongebob-Yelling/Spongebob-Yelling_26.png",
      "label": "其他",
      "response_time": "00:00:06.710",
      "timestamp_unix": 1749787436,
      "timestamp_unix_ms": 1749787436290,
      "timestamp_readable": "2025-06-13 04:03:56.290",
      "normalized_name": "Spongebob-Yelling/Spongebob-Yelling",
      "meme_name": "Spongebob-Yelling",
      "post_id": 26,
      "english_label": "others",
      "response_time_ms": 6710
    },
    {
      "image_path": "Hide-the-Pain-Harold/Hide-the-Pain-Harold_32.png",
      "label": "其他",
      "response_time": "00:00:04.108",
      "timestamp_unix": 1749787440,
      "timestamp_unix_ms": 1749787440472,
      "timestamp_readable": "2025-06-13 04:04:00.472",
      "normalized_name": "Hide-the-Pain-Harold/Hide-the-Pain-Harold",
      "meme_name": "Hide-the-Pain-Harold",
      "post_id": 32,
      "english_label": "others",
      "response_time_ms": 4108
    },
    {
      "image_path": "Futurama-Fry/Futurama-Fry_13.png",
      "label": "厭惡",
      "response_time": "00:00:04.800",
      "timestamp_unix": 1749787445,
      "timestamp_unix_ms": 1749787445422,
      "timestamp_readable": "2025-06-13 04:04:05.422",
      "normalized_name": "Futurama-Fry/Futurama-Fry",
      "meme_name": "Futurama-Fry",
      "post_id": 13,
      "english_label": "disgust",
      "response_time_ms": 4800
    },
    {
      "image_path": "Black-guy-hiding-behind-tree/Black-guy-hiding-behind-tree_43.png",
      "label": "其他",
      "response_time": "00:00:04.015",
      "timestamp_unix": 1749787449,
      "timestamp_unix_ms": 1749787449471,
      "timestamp_readable": "2025-06-13 04:04:09.471",
      "normalized_name": "Black-guy-hiding-behind-tree/Black-guy-hiding-behind-tree",
      "meme_name": "Black-guy-hiding-behind-tree",
      "post_id": 43,
      "english_label": "others",
      "response_time_ms": 4015
    },
    {
      "image_path": "Laughing-wolf/Laughing-wolf_50.png",
      "label": "其他",
      "response_time": "00:00:08.002",
      "timestamp_unix": 1749787457,
      "timestamp_unix_ms": 1749787457554,
      "timestamp_readable": "2025-06-13 04:04:17.554",
      "normalized_name": "Laughing-wolf/Laughing-wolf",
      "meme_name": "Laughing-wolf",
      "post_id": 50,
      "english_label": "others",
      "response_time_ms": 8002
    },
    {
      "image_path": "Happy--Shock/Happy--Shock_22.png",
      "label": "厭惡",
      "response_time": "00:00:07.310",
      "timestamp_unix": 1749787464,
      "timestamp_unix_ms": 1749787464968,
      "timestamp_readable": "2025-06-13 04:04:24.968",
      "normalized_name": "Happy--Shock/Happy--Shock",
      "meme_name": "Happy--Shock",
      "post_id": 22,
      "english_label": "disgust",
      "response_time_ms": 7310
    },
    {
      "image_path": "Surprised-Pikachu/Surprised-Pikachu_42.png",
      "label": "其他",
      "response_time": "00:00:04.303",
      "timestamp_unix": 1749787469,
      "timestamp_unix_ms": 1749787469369,
      "timestamp_readable": "2025-06-13 04:04:29.369",
      "normalized_name": "Surprised-Pikachu/Surprised-Pikachu",
      "meme_name": "Surprised-Pikachu",
      "post_id": 42,
      "english_label": "others",
      "response_time_ms": 4303
    },
    {
      "image_path": "Dinkleberg/Dinkleberg_49.png",
      "label": "輕蔑",
      "response_time": "00:00:03.409",
      "timestamp_unix": 1749787472,
      "timestamp_unix_ms": 1749787472868,
      "timestamp_readable": "2025-06-13 04:04:32.868",
      "normalized_name": "Dinkleberg/Dinkleberg",
      "meme_name": "Dinkleberg",
      "post_id": 49,
      "english_label": "contempt",
      "response_time_ms": 3409
    },
    {
      "image_path": "Dave-chappelle/Dave-chappelle_4.png",
      "label": "輕蔑",
      "response_time": "00:00:05.000",
      "timestamp_unix": 1749787478,
      "timestamp_unix_ms": 1749787478000,
      "timestamp_readable": "2025-06-13 04:04:38.000",
      "normalized_name": "Dave-chappelle/Dave-chappelle",
      "meme_name": "Dave-chappelle",
      "post_id": 4,
      "english_label": "contempt",
      "response_time_ms": 5000
    },
    {
      "image_path": "Archer/Archer_37.png",
      "label": "輕蔑",
      "response_time": "00:00:06.608",
      "timestamp_unix": 1749787484,
      "timestamp_unix_ms": 1749787484733,
      "timestamp_readable": "2025-06-13 04:04:44.733",
      "normalized_name": "Archer/Archer",
      "meme_name": "Archer",
      "post_id": 37,
      "english_label": "contempt",
      "response_time_ms": 6608
    },
    {
      "image_path": "Im-The-Captain-Now/Im-The-Captain-Now_33.png",
      "label": "其他",
      "response_time": "00:00:05.600",
      "timestamp_unix": 1749787490,
      "timestamp_unix_ms": 1749787490416,
      "timestamp_readable": "2025-06-13 04:04:50.416",
      "normalized_name": "Im-The-Captain-Now/Im-The-Captain-Now",
      "meme_name": "Im-The-Captain-Now",
      "post_id": 33,
      "english_label": "others",
      "response_time_ms": 5600
    },
    {
      "image_path": "I-am-once-again-asking/I-am-once-again-asking_16.png",
      "label": "輕蔑",
      "response_time": "00:00:04.011",
      "timestamp_unix": 1749787494,
      "timestamp_unix_ms": 1749787494547,
      "timestamp_readable": "2025-06-13 04:04:54.547",
      "normalized_name": "I-am-once-again-asking/I-am-once-again-asking",
      "meme_name": "I-am-once-again-asking",
      "post_id": 16,
      "english_label": "contempt",
      "response_time_ms": 4011
    },
    {
      "image_path": "Kevin-Hart/Kevin-Hart_41.png",
      "label": "其他",
      "response_time": "00:00:04.402",
      "timestamp_unix": 1749787499,
      "timestamp_unix_ms": 1749787499064,
      "timestamp_readable": "2025-06-13 04:04:59.064",
      "normalized_name": "Kevin-Hart/Kevin-Hart",
      "meme_name": "Kevin-Hart",
      "post_id": 41,
      "english_label": "others",
      "response_time_ms": 4402
    },
    {
      "image_path": "Khan/Khan_40.png",
      "label": "其他",
      "response_time": "00:00:06.402",
      "timestamp_unix": 1749787505,
      "timestamp_unix_ms": 1749787505564,
      "timestamp_readable": "2025-06-13 04:05:05.564",
      "normalized_name": "Khan/Khan",
      "meme_name": "Khan",
      "post_id": 40,
      "english_label": "others",
      "response_time_ms": 6402
    },
    {
      "image_path": "Well-Yes-But-Actually-No/Well-Yes-But-Actually-No_30.png",
      "label": "其他",
      "response_time": "00:00:03.214",
      "timestamp_unix": 1749787508,
      "timestamp_unix_ms": 1749787508828,
      "timestamp_readable": "2025-06-13 04:05:08.828",
      "normalized_name": "Well-Yes-But-Actually-No/Well-Yes-But-Actually-No",
      "meme_name": "Well-Yes-But-Actually-No",
      "post_id": 30,
      "english_label": "others",
      "response_time_ms": 3214
    },
    {
      "image_path": "Leonardo-Dicaprio-Wolf-Of-Wall-Street/Leonardo-Dicaprio-Wolf-Of-Wall-Street_45.png",
      "label": "輕蔑",
      "response_time": "00:00:05.603",
      "timestamp_unix": 1749787514,
      "timestamp_unix_ms": 1749787514512,
      "timestamp_readable": "2025-06-13 04:05:14.512",
      "normalized_name": "Leonardo-Dicaprio-Wolf-Of-Wall-Street/Leonardo-Dicaprio-Wolf-Of-Wall-Street",
      "meme_name": "Leonardo-Dicaprio-Wolf-Of-Wall-Street",
      "post_id": 45,
      "english_label": "contempt",
      "response_time_ms": 5603
    },
    {
      "image_path": "Obi-Wan-Kenobi/Obi-Wan-Kenobi_35.png",
      "label": "其他",
      "response_time": "00:00:07.414",
      "timestamp_unix": 1749787521,
      "timestamp_unix_ms": 1749787521994,
      "timestamp_readable": "2025-06-13 04:05:21.994",
      "normalized_name": "Obi-Wan-Kenobi/Obi-Wan-Kenobi",
      "meme_name": "Obi-Wan-Kenobi",
      "post_id": 35,
      "english_label": "others",
      "response_time_ms": 7414
    },
    {
      "image_path": "Math-ladyConfused-lady/Math-ladyConfused-lady_15.png",
      "label": "輕蔑",
      "response_time": "00:00:04.403",
      "timestamp_unix": 1749787526,
      "timestamp_unix_ms": 1749787526510,
      "timestamp_readable": "2025-06-13 04:05:26.510",
      "normalized_name": "Math-ladyConfused-lady/Math-ladyConfused-lady",
      "meme_name": "Math-ladyConfused-lady",
      "post_id": 15,
      "english_label": "contempt",
      "response_time_ms": 4403
    },
    {
      "image_path": "attention_check/attention_check_Others.png",
      "label": "其他",
      "response_time": "00:00:01.905",
      "timestamp_unix": 1749787528,
      "timestamp_unix_ms": 1749787528527,
      "timestamp_readable": "2025-06-13 04:05:28.527",
      "normalized_name": "attention_check/attention_check_Others.png",
      "meme_name": "attention_check",
      "post_id": null,
      "english_label": "others",
      "response_time_ms": 1905
    },
    {
      "image_path": "Always-you-three/Always-you-three_10.png",
      "label": "厭惡",
      "response_time": "00:00:10.616",
      "timestamp_unix": 1749787539,
      "timestamp_unix_ms": 1749787539176,
      "timestamp_readable": "2025-06-13 04:05:39.176",
      "normalized_name": "Always-you-three/Always-you-three",
      "meme_name": "Always-you-three",
      "post_id": 10,
      "english_label": "disgust",
      "response_time_ms": 10616
    },
    {
      "image_path": "Afraid-To-Ask-Andy/Afraid-To-Ask-Andy_20.png",
      "label": "其他",
      "response_time": "00:00:08.205",
      "timestamp_unix": 1749787547,
      "timestamp_unix_ms": 1749787547457,
      "timestamp_readable": "2025-06-13 04:05:47.457",
      "normalized_name": "Afraid-To-Ask-Andy/Afraid-To-Ask-Andy",
      "meme_name": "Afraid-To-Ask-Andy",
      "post_id": 20,
      "english_label": "others",
      "response_time_ms": 8205
    },
    {
      "image_path": "Table-Flip-Guy/Table-Flip-Guy_31.png",
      "label": "憤怒",
      "response_time": "00:00:03.202",
      "timestamp_unix": 1749787550,
      "timestamp_unix_ms": 1749787550758,
      "timestamp_readable": "2025-06-13 04:05:50.758",
      "normalized_name": "Table-Flip-Guy/Table-Flip-Guy",
      "meme_name": "Table-Flip-Guy",
      "post_id": 31,
      "english_label": "anger",
      "response_time_ms": 3202
    },
    {
      "image_path": "Moe-throws-Barney/Moe-throws-Barney_12.png",
      "label": "厭惡",
      "response_time": "00:00:06.912",
      "timestamp_unix": 1749787557,
      "timestamp_unix_ms": 1749787557756,
      "timestamp_readable": "2025-06-13 04:05:57.756",
      "normalized_name": "Moe-throws-Barney/Moe-throws-Barney",
      "meme_name": "Moe-throws-Barney",
      "post_id": 12,
      "english_label": "disgust",
      "response_time_ms": 6912
    },
    {
      "image_path": "DJ-Pauly-D/DJ-Pauly-D_17.png",
      "label": "憤怒",
      "response_time": "00:00:05.701",
      "timestamp_unix": 1749787563,
      "timestamp_unix_ms": 1749787563598,
      "timestamp_readable": "2025-06-13 04:06:03.598",
      "normalized_name": "DJ-Pauly-D/DJ-Pauly-D",
      "meme_name": "DJ-Pauly-D",
      "post_id": 17,
      "english_label": "anger",
      "response_time_ms": 5701
    },
    {
      "image_path": "Spiderman-Hospital/Spiderman-Hospital_27.png",
      "label": "輕蔑",
      "response_time": "00:00:03.906",
      "timestamp_unix": 1749787567,
      "timestamp_unix_ms": 1749787567621,
      "timestamp_readable": "2025-06-13 04:06:07.621",
      "normalized_name": "Spiderman-Hospital/Spiderman-Hospital",
      "meme_name": "Spiderman-Hospital",
      "post_id": 27,
      "english_label": "contempt",
      "response_time_ms": 3906
    },
    {
      "image_path": "Chill-guy/Chill-guy_24.png",
      "label": "厭惡",
      "response_time": "00:00:07.901",
      "timestamp_unix": 1749787575,
      "timestamp_unix_ms": 1749787575605,
      "timestamp_readable": "2025-06-13 04:06:15.605",
      "normalized_name": "Chill-guy/Chill-guy",
      "meme_name": "Chill-guy",
      "post_id": 24,
      "english_label": "disgust",
      "response_time_ms": 7901
    }
  ],
  "session_start_unix": 1749787190,
  "session_status": "completed",
  "last_updated_unix": 1749787610,
  "image_order": [
    "Spiderman-Hospital/Spiderman-Hospital_27.png",
    "Happy--Shock/Happy--Shock_22.png",
    "Chill-guy/Chill-guy_24.png",
    "I-am-once-again-asking/I-am-once-again-asking_16.png",
    "Math-ladyConfused-lady/Math-ladyConfused-lady_15.png",
    "Archer/Archer_37.png",
    "Leonardo-Dicaprio-Wolf-Of-Wall-Street/Leonardo-Dicaprio-Wolf-Of-Wall-Street_45.png",
    "Mocking-Spongebob/Mocking-Spongebob_21.png",
    "Afraid-To-Ask-Andy/Afraid-To-Ask-Andy_20.png",
    "Charlie-Day/Charlie-Day_3.png",
    "Always-Has-Been/Always-Has-Been_8.png",
    "Picard-Wtf/Picard-Wtf_2.png",
    "Batman-Slapping-Robin/Batman-Slapping-Robin_19.png",
    "For-the-better-right-blank/For-the-better-right-blank_48.png",
    "Drake-NoYes/Drake-NoYes_38.png",
    "Laughing-wolf/Laughing-wolf_50.png",
    "DJ-Pauly-D/DJ-Pauly-D_17.png",
    "Always-you-three/Always-you-three_10.png",
    "Disappointed-Man/Disappointed-Man_39.png",
    "Smudge-the-cat/Smudge-the-cat_44.png",
    "Thats-a-paddlin/Thats-a-paddlin_11.png",
    "attention_check/attention_check_Disgust.png",
    "Hide-the-Pain-Harold/Hide-the-Pain-Harold_32.png",
    "Hold-fart/Hold-fart_46.png",
    "Im-The-Captain-Now/Im-The-Captain-Now_33.png",
    "Obi-Wan-Kenobi/Obi-Wan-Kenobi_35.png",
    "Spongebob-Yelling/Spongebob-Yelling_26.png",
    "Nuclear-Explosion/Nuclear-Explosion_7.png",
    "Dinkleberg/Dinkleberg_49.png",
    "Scooby-doo-mask-reveal/Scooby-doo-mask-reveal_34.png",
    "Disaster-Girl/Disaster-Girl_1.png",
    "Black-guy-hiding-behind-tree/Black-guy-hiding-behind-tree_43.png",
    "You-The-Real-MVP/You-The-Real-MVP_36.png",
    "Moe-throws-Barney/Moe-throws-Barney_12.png",
    "Ill-Have-You-Know-Spongebob/Ill-Have-You-Know-Spongebob_25.png",
    "Futurama-Fry/Futurama-Fry_13.png",
    "Monkey-Puppet/Monkey-Puppet_5.png",
    "Confused-Gandalf/Confused-Gandalf_6.png",
    "Mr-incredible-mad/Mr-incredible-mad_9.png",
    "Dave-chappelle/Dave-chappelle_4.png",
    "Surprised-Pikachu/Surprised-Pikachu_42.png",
    "Table-Flip-Guy/Table-Flip-Guy_31.png",
    "Kevin-Hart/Kevin-Hart_41.png",
    "Well-Yes-But-Actually-No/Well-Yes-But-Actually-No_30.png",
    "attention_check/attention_check_Others.png",
    "Mr-McMahon-reaction/Mr-McMahon-reaction_18.png",
    "Gru-Gun/Gru-Gun_29.png",
    "Persian-Cat-Room-Guardian/Persian-Cat-Room-Guardian_23.png",
    "Put-It-Somewhere-Else-Patrick/Put-It-Somewhere-Else-Patrick_28.png",
    "Angry-Baby/Angry-Baby_47.png",
    "Arthur-Fist/Arthur-Fist_14.png",
    "Khan/Khan_40.png"
  ],
  "completion_status": {
    "practice_completed": true,
    "game_started": true,
    "game_completed": true,
    "summary_viewed": true,
    "email_submitted": true
  },
  "timestamps_unix": {
    "registration_completed": 1749787190,
    "practice_started": 1749787190,
    "practice_completed": 1749787265,
    "game_started": 1749787265,
    "first_label": 1749787273,
    "last_label": 1749787575,
    "game_completed": 1749787578,
    "summary_viewed": 1749787578,
    "email_submitted": 1749787610,
    "session_end": 1749787610,
    "last_updated": 1749787610
  },
  "timestamps_unix_ms": {
    "registration_completed_ms": 1749787190267,
    "practice_started_ms": 1749787190309,
    "practice_completed_ms": 1749787265762,
    "game_started_ms": 1749787265786,
    "first_label_ms": 1749787273061,
    "last_label_ms": 1749787575605,
    "game_completed_ms": 1749787578430,
    "summary_viewed_ms": 1749787578451,
    "email_submitted_ms": 1749787610781,
    "session_end_ms": 1749787610781,
    "last_updated_ms": 1749787610781
  },
  "duration_stats_ms": {
    "total_session_duration_ms": 420514,
    "practice_duration_ms": 75453,
    "game_duration_ms": 312644,
    "labeling_duration_ms": 302544,
    "email_submission_duration_ms": 32330
  },
  "filename_updated_unix": 1749787578,
  "original_filename": "user_b902a4",
  "completion_status_in_filename": "email_submitted"
}