{
  "user_id": "user_f13604",
  "file_name": "user_f13604_1751284772_1751284922_fullycomplete",
  "unix_start_time": 1751284772,
  "unix_start_time_ms": 1751284772186,
  "unix_end_time": 1751284922,
  "unix_end_time_ms": 1751284922158,
  "age": "18-24",
  "gender": "female",
  "user_agent": "Mozilla/5.0 (Windows NT 10.0; Win64; x64) AppleWebKit/537.36 (KHTML, like Gecko) Chrome/137.0.0.0 Safari/537.36",
  "user_ip": "59.124.207.252",
  "status": "complete",
  "email_provided": "complete",
  "attention_passed": false,
  "start_time_readable": "2025-06-30 11:59:32.186",
  "end_time_readable": "2025-06-30 12:02:02.158",
  "total_labels": 52,
  "emotion_summary": {
    "anger": 15,
    "contempt": 11,
    "disgust": 3,
    "others": 23
  },
  "email": "w0523vicky@gmail.com",
  "participation": "yes",
  "total_responses": 52,
  "responses": [
    {
      "image_path": "Gru-Gun/Gru-Gun_28.png",
      "label": "輕蔑",
      "response_time": "00:00:03.905",
      "timestamp_unix": 1751284799,
      "timestamp_unix_ms": 1751284799273,
      "timestamp_readable": "2025-06-30 11:59:59.273",
      "normalized_name": "Gru-Gun/Gru-Gun",
      "meme_name": "Gru-Gun",
      "post_id": 28,
      "english_label": "contempt",
      "response_time_ms": 3905
    },
    {
      "image_path": "For-the-better-right-blank/For-the-better-right-blank_8.png",
      "label": "輕蔑",
      "response_time": "00:00:04.402",
      "timestamp_unix": 1751284803,
      "timestamp_unix_ms": 1751284803817,
      "timestamp_readable": "2025-06-30 12:00:03.817",
      "normalized_name": "For-the-better-right-blank/For-the-better-right-blank",
      "meme_name": "For-the-better-right-blank",
      "post_id": 8,
      "english_label": "contempt",
      "response_time_ms": 4402
    },
    {
      "image_path": "Always-Has-Been/Always-Has-Been_7.png",
      "label": "憤怒",
      "response_time": "00:00:02.904",
      "timestamp_unix": 1751284806,
      "timestamp_unix_ms": 1751284806762,
      "timestamp_readable": "2025-06-30 12:00:06.762",
      "normalized_name": "Always-Has-Been/Always-Has-Been",
      "meme_name": "Always-Has-Been",
      "post_id": 7,
      "english_label": "anger",
      "response_time_ms": 2904
    },
    {
      "image_path": "Arthur-Fist/Arthur-Fist_33.png",
      "label": "憤怒",
      "response_time": "00:00:01.800",
      "timestamp_unix": 1751284808,
      "timestamp_unix_ms": 1751284808652,
      "timestamp_readable": "2025-06-30 12:00:08.652",
      "normalized_name": "Arthur-Fist/Arthur-Fist",
      "meme_name": "Arthur-Fist",
      "post_id": 33,
      "english_label": "anger",
      "response_time_ms": 1800
    },
    {
      "image_path": "Futurama-Fry/Futurama-Fry_3.png",
      "label": "輕蔑",
      "response_time": "00:00:02.404",
      "timestamp_unix": 1751284811,
      "timestamp_unix_ms": 1751284811177,
      "timestamp_readable": "2025-06-30 12:00:11.177",
      "normalized_name": "Futurama-Fry/Futurama-Fry",
      "meme_name": "Futurama-Fry",
      "post_id": 3,
      "english_label": "contempt",
      "response_time_ms": 2404
    },
    {
      "image_path": "Happy--Shock/Happy--Shock_35.png",
      "label": "其他",
      "response_time": "00:00:01.802",
      "timestamp_unix": 1751284813,
      "timestamp_unix_ms": 1751284813035,
      "timestamp_readable": "2025-06-30 12:00:13.035",
      "normalized_name": "Happy--Shock/Happy--Shock",
      "meme_name": "Happy--Shock",
      "post_id": 35,
      "english_label": "others",
      "response_time_ms": 1802
    },
    {
      "image_path": "Chill-guy/Chill-guy_41.png",
      "label": "其他",
      "response_time": "00:00:01.602",
      "timestamp_unix": 1751284814,
      "timestamp_unix_ms": 1751284814690,
      "timestamp_readable": "2025-06-30 12:00:14.690",
      "normalized_name": "Chill-guy/Chill-guy",
      "meme_name": "Chill-guy",
      "post_id": 41,
      "english_label": "others",
      "response_time_ms": 1602
    },
    {
      "image_path": "Black-guy-hiding-behind-tree/Black-guy-hiding-behind-tree_26.png",
      "label": "其他",
      "response_time": "00:00:01.007",
      "timestamp_unix": 1751284815,
      "timestamp_unix_ms": 1751284815811,
      "timestamp_readable": "2025-06-30 12:00:15.811",
      "normalized_name": "Black-guy-hiding-behind-tree/Black-guy-hiding-behind-tree",
      "meme_name": "Black-guy-hiding-behind-tree",
      "post_id": 26,
      "english_label": "others",
      "response_time_ms": 1007
    },
    {
      "image_path": "You-The-Real-MVP/You-The-Real-MVP_23.png",
      "label": "其他",
      "response_time": "00:00:01.301",
      "timestamp_unix": 1751284817,
      "timestamp_unix_ms": 1751284817165,
      "timestamp_readable": "2025-06-30 12:00:17.165",
      "normalized_name": "You-The-Real-MVP/You-The-Real-MVP",
      "meme_name": "You-The-Real-MVP",
      "post_id": 23,
      "english_label": "others",
      "response_time_ms": 1301
    },
    {
      "image_path": "Nuclear-Explosion/Nuclear-Explosion_27.png",
      "label": "憤怒",
      "response_time": "00:00:00.911",
      "timestamp_unix": 1751284818,
      "timestamp_unix_ms": 1751284818169,
      "timestamp_readable": "2025-06-30 12:00:18.169",
      "normalized_name": "Nuclear-Explosion/Nuclear-Explosion",
      "meme_name": "Nuclear-Explosion",
      "post_id": 27,
      "english_label": "anger",
      "response_time_ms": 911
    },
    {
      "image_path": "Well-Yes-But-Actually-No/Well-Yes-But-Actually-No_32.png",
      "label": "其他",
      "response_time": "00:00:01.015",
      "timestamp_unix": 1751284819,
      "timestamp_unix_ms": 1751284819273,
      "timestamp_readable": "2025-06-30 12:00:19.273",
      "normalized_name": "Well-Yes-But-Actually-No/Well-Yes-But-Actually-No",
      "meme_name": "Well-Yes-But-Actually-No",
      "post_id": 32,
      "english_label": "others",
      "response_time_ms": 1015
    },
    {
      "image_path": "Spiderman-Hospital/Spiderman-Hospital_4.png",
      "label": "其他",
      "response_time": "00:00:01.306",
      "timestamp_unix": 1751284820,
      "timestamp_unix_ms": 1751284820612,
      "timestamp_readable": "2025-06-30 12:00:20.612",
      "normalized_name": "Spiderman-Hospital/Spiderman-Hospital",
      "meme_name": "Spiderman-Hospital",
      "post_id": 4,
      "english_label": "others",
      "response_time_ms": 1306
    },
    {
      "image_path": "Scooby-doo-mask-reveal/Scooby-doo-mask-reveal_15.png",
      "label": "憤怒",
      "response_time": "00:00:02.301",
      "timestamp_unix": 1751284823,
      "timestamp_unix_ms": 1751284823051,
      "timestamp_readable": "2025-06-30 12:00:23.051",
      "normalized_name": "Scooby-doo-mask-reveal/Scooby-doo-mask-reveal",
      "meme_name": "Scooby-doo-mask-reveal",
      "post_id": 15,
      "english_label": "anger",
      "response_time_ms": 2301
    },
    {
      "image_path": "Thats-a-paddlin/Thats-a-paddlin_20.png",
      "label": "憤怒",
      "response_time": "00:00:01.402",
      "timestamp_unix": 1751284824,
      "timestamp_unix_ms": 1751284824574,
      "timestamp_readable": "2025-06-30 12:00:24.574",
      "normalized_name": "Thats-a-paddlin/Thats-a-paddlin",
      "meme_name": "Thats-a-paddlin",
      "post_id": 20,
      "english_label": "anger",
      "response_time_ms": 1402
    },
    {
      "image_path": "Put-It-Somewhere-Else-Patrick/Put-It-Somewhere-Else-Patrick_37.png",
      "label": "其他",
      "response_time": "00:00:01.701",
      "timestamp_unix": 1751284826,
      "timestamp_unix_ms": 1751284826347,
      "timestamp_readable": "2025-06-30 12:00:26.347",
      "normalized_name": "Put-It-Somewhere-Else-Patrick/Put-It-Somewhere-Else-Patrick",
      "meme_name": "Put-It-Somewhere-Else-Patrick",
      "post_id": 37,
      "english_label": "others",
      "response_time_ms": 1701
    },
    {
      "image_path": "Confused-Gandalf/Confused-Gandalf_39.png",
      "label": "其他",
      "response_time": "00:00:01.407",
      "timestamp_unix": 1751284827,
      "timestamp_unix_ms": 1751284827870,
      "timestamp_readable": "2025-06-30 12:00:27.870",
      "normalized_name": "Confused-Gandalf/Confused-Gandalf",
      "meme_name": "Confused-Gandalf",
      "post_id": 39,
      "english_label": "others",
      "response_time_ms": 1407
    },
    {
      "image_path": "Mr-McMahon-reaction/Mr-McMahon-reaction_16.png",
      "label": "憤怒",
      "response_time": "00:00:02.303",
      "timestamp_unix": 1751284830,
      "timestamp_unix_ms": 1751284830261,
      "timestamp_readable": "2025-06-30 12:00:30.261",
      "normalized_name": "Mr-McMahon-reaction/Mr-McMahon-reaction",
      "meme_name": "Mr-McMahon-reaction",
      "post_id": 16,
      "english_label": "anger",
      "response_time_ms": 2303
    },
    {
      "image_path": "Kevin-Hart/Kevin-Hart_12.png",
      "label": "其他",
      "response_time": "00:00:00.905",
      "timestamp_unix": 1751284831,
      "timestamp_unix_ms": 1751284831215,
      "timestamp_readable": "2025-06-30 12:00:31.215",
      "normalized_name": "Kevin-Hart/Kevin-Hart",
      "meme_name": "Kevin-Hart",
      "post_id": 12,
      "english_label": "others",
      "response_time_ms": 905
    },
    {
      "image_path": "Persian-Cat-Room-Guardian/Persian-Cat-Room-Guardian_42.png",
      "label": "憤怒",
      "response_time": "00:00:01.213",
      "timestamp_unix": 1751284832,
      "timestamp_unix_ms": 1751284832535,
      "timestamp_readable": "2025-06-30 12:00:32.535",
      "normalized_name": "Persian-Cat-Room-Guardian/Persian-Cat-Room-Guardian",
      "meme_name": "Persian-Cat-Room-Guardian",
      "post_id": 42,
      "english_label": "anger",
      "response_time_ms": 1213
    },
    {
      "image_path": "Mocking-Spongebob/Mocking-Spongebob_18.png",
      "label": "其他",
      "response_time": "00:00:01.103",
      "timestamp_unix": 1751284833,
      "timestamp_unix_ms": 1751284833690,
      "timestamp_readable": "2025-06-30 12:00:33.690",
      "normalized_name": "Mocking-Spongebob/Mocking-Spongebob",
      "meme_name": "Mocking-Spongebob",
      "post_id": 18,
      "english_label": "others",
      "response_time_ms": 1103
    },
    {
      "image_path": "Mr-incredible-mad/Mr-incredible-mad_14.png",
      "label": "憤怒",
      "response_time": "00:00:01.203",
      "timestamp_unix": 1751284835,
      "timestamp_unix_ms": 1751284835012,
      "timestamp_readable": "2025-06-30 12:00:35.012",
      "normalized_name": "Mr-incredible-mad/Mr-incredible-mad",
      "meme_name": "Mr-incredible-mad",
      "post_id": 14,
      "english_label": "anger",
      "response_time_ms": 1203
    },
    {
      "image_path": "Picard-Wtf/Picard-Wtf_38.png",
      "label": "其他",
      "response_time": "00:00:00.908",
      "timestamp_unix": 1751284835,
      "timestamp_unix_ms": 1751284835982,
      "timestamp_readable": "2025-06-30 12:00:35.982",
      "normalized_name": "Picard-Wtf/Picard-Wtf",
      "meme_name": "Picard-Wtf",
      "post_id": 38,
      "english_label": "others",
      "response_time_ms": 908
    },
    {
      "image_path": "Dave-chappelle/Dave-chappelle_45.png",
      "label": "其他",
      "response_time": "00:00:01.807",
      "timestamp_unix": 1751284837,
      "timestamp_unix_ms": 1751284837888,
      "timestamp_readable": "2025-06-30 12:00:37.888",
      "normalized_name": "Dave-chappelle/Dave-chappelle",
      "meme_name": "Dave-chappelle",
      "post_id": 45,
      "english_label": "others",
      "response_time_ms": 1807
    },
    {
      "image_path": "attention_check/attention_check_Disgust.png",
      "label": "輕蔑",
      "response_time": "00:00:04.801",
      "timestamp_unix": 1751284842,
      "timestamp_unix_ms": 1751284842788,
      "timestamp_readable": "2025-06-30 12:00:42.788",
      "normalized_name": "attention_check/attention_check_Disgust.png",
      "meme_name": "attention_check",
      "post_id": null,
      "english_label": "contempt",
      "response_time_ms": 4801
    },
    {
      "image_path": "Khan/Khan_50.png",
      "label": "憤怒",
      "response_time": "00:00:03.902",
      "timestamp_unix": 1751284846,
      "timestamp_unix_ms": 1751284846736,
      "timestamp_readable": "2025-06-30 12:00:46.736",
      "normalized_name": "Khan/Khan",
      "meme_name": "Khan",
      "post_id": 50,
      "english_label": "anger",
      "response_time_ms": 3902
    },
    {
      "image_path": "Table-Flip-Guy/Table-Flip-Guy_46.png",
      "label": "憤怒",
      "response_time": "00:00:01.501",
      "timestamp_unix": 1751284848,
      "timestamp_unix_ms": 1751284848324,
      "timestamp_readable": "2025-06-30 12:00:48.324",
      "normalized_name": "Table-Flip-Guy/Table-Flip-Guy",
      "meme_name": "Table-Flip-Guy",
      "post_id": 46,
      "english_label": "anger",
      "response_time_ms": 1501
    },
    {
      "image_path": "Dinkleberg/Dinkleberg_44.png",
      "label": "憤怒",
      "response_time": "00:00:01.401",
      "timestamp_unix": 1751284849,
      "timestamp_unix_ms": 1751284849829,
      "timestamp_readable": "2025-06-30 12:00:49.829",
      "normalized_name": "Dinkleberg/Dinkleberg",
      "meme_name": "Dinkleberg",
      "post_id": 44,
      "english_label": "anger",
      "response_time_ms": 1401
    },
    {
      "image_path": "Math-ladyConfused-lady/Math-ladyConfused-lady_24.png",
      "label": "其他",
      "response_time": "00:00:02.103",
      "timestamp_unix": 1751284852,
      "timestamp_unix_ms": 1751284852054,
      "timestamp_readable": "2025-06-30 12:00:52.054",
      "normalized_name": "Math-ladyConfused-lady/Math-ladyConfused-lady",
      "meme_name": "Math-ladyConfused-lady",
      "post_id": 24,
      "english_label": "others",
      "response_time_ms": 2103
    },
    {
      "image_path": "Ill-Have-You-Know-Spongebob/Ill-Have-You-Know-Spongebob_2.png",
      "label": "輕蔑",
      "response_time": "00:00:01.800",
      "timestamp_unix": 1751284853,
      "timestamp_unix_ms": 1751284853979,
      "timestamp_readable": "2025-06-30 12:00:53.979",
      "normalized_name": "Ill-Have-You-Know-Spongebob/Ill-Have-You-Know-Spongebob",
      "meme_name": "Ill-Have-You-Know-Spongebob",
      "post_id": 2,
      "english_label": "contempt",
      "response_time_ms": 1800
    },
    {
      "image_path": "Disappointed-Man/Disappointed-Man_47.png",
      "label": "厭惡",
      "response_time": "00:00:02.402",
      "timestamp_unix": 1751284856,
      "timestamp_unix_ms": 1751284856437,
      "timestamp_readable": "2025-06-30 12:00:56.437",
      "normalized_name": "Disappointed-Man/Disappointed-Man",
      "meme_name": "Disappointed-Man",
      "post_id": 47,
      "english_label": "disgust",
      "response_time_ms": 2402
    },
    {
      "image_path": "Angry-Baby/Angry-Baby_29.png",
      "label": "憤怒",
      "response_time": "00:00:01.212",
      "timestamp_unix": 1751284857,
      "timestamp_unix_ms": 1751284857724,
      "timestamp_readable": "2025-06-30 12:00:57.724",
      "normalized_name": "Angry-Baby/Angry-Baby",
      "meme_name": "Angry-Baby",
      "post_id": 29,
      "english_label": "anger",
      "response_time_ms": 1212
    },
    {
      "image_path": "Im-The-Captain-Now/Im-The-Captain-Now_43.png",
      "label": "其他",
      "response_time": "00:00:03.403",
      "timestamp_unix": 1751284861,
      "timestamp_unix_ms": 1751284861186,
      "timestamp_readable": "2025-06-30 12:01:01.186",
      "normalized_name": "Im-The-Captain-Now/Im-The-Captain-Now",
      "meme_name": "Im-The-Captain-Now",
      "post_id": 43,
      "english_label": "others",
      "response_time_ms": 3403
    },
    {
      "image_path": "Charlie-Day/Charlie-Day_49.png",
      "label": "其他",
      "response_time": "00:00:02.401",
      "timestamp_unix": 1751284863,
      "timestamp_unix_ms": 1751284863661,
      "timestamp_readable": "2025-06-30 12:01:03.661",
      "normalized_name": "Charlie-Day/Charlie-Day",
      "meme_name": "Charlie-Day",
      "post_id": 49,
      "english_label": "others",
      "response_time_ms": 2401
    },
    {
      "image_path": "Smudge-the-cat/Smudge-the-cat_10.png",
      "label": "厭惡",
      "response_time": "00:00:02.603",
      "timestamp_unix": 1751284866,
      "timestamp_unix_ms": 1751284866338,
      "timestamp_readable": "2025-06-30 12:01:06.338",
      "normalized_name": "Smudge-the-cat/Smudge-the-cat",
      "meme_name": "Smudge-the-cat",
      "post_id": 10,
      "english_label": "disgust",
      "response_time_ms": 2603
    },
    {
      "image_path": "Drake-NoYes/Drake-NoYes_31.png",
      "label": "其他",
      "response_time": "00:00:01.515",
      "timestamp_unix": 1751284867,
      "timestamp_unix_ms": 1751284867894,
      "timestamp_readable": "2025-06-30 12:01:07.894",
      "normalized_name": "Drake-NoYes/Drake-NoYes",
      "meme_name": "Drake-NoYes",
      "post_id": 31,
      "english_label": "others",
      "response_time_ms": 1515
    },
    {
      "image_path": "Laughing-wolf/Laughing-wolf_25.png",
      "label": "其他",
      "response_time": "00:00:01.004",
      "timestamp_unix": 1751284868,
      "timestamp_unix_ms": 1751284868965,
      "timestamp_readable": "2025-06-30 12:01:08.965",
      "normalized_name": "Laughing-wolf/Laughing-wolf",
      "meme_name": "Laughing-wolf",
      "post_id": 25,
      "english_label": "others",
      "response_time_ms": 1004
    },
    {
      "image_path": "Hide-the-Pain-Harold/Hide-the-Pain-Harold_40.png",
      "label": "其他",
      "response_time": "00:00:01.101",
      "timestamp_unix": 1751284870,
      "timestamp_unix_ms": 1751284870152,
      "timestamp_readable": "2025-06-30 12:01:10.152",
      "normalized_name": "Hide-the-Pain-Harold/Hide-the-Pain-Harold",
      "meme_name": "Hide-the-Pain-Harold",
      "post_id": 40,
      "english_label": "others",
      "response_time_ms": 1101
    },
    {
      "image_path": "Leonardo-Dicaprio-Wolf-Of-Wall-Street/Leonardo-Dicaprio-Wolf-Of-Wall-Street_36.png",
      "label": "其他",
      "response_time": "00:00:01.114",
      "timestamp_unix": 1751284871,
      "timestamp_unix_ms": 1751284871355,
      "timestamp_readable": "2025-06-30 12:01:11.355",
      "normalized_name": "Leonardo-Dicaprio-Wolf-Of-Wall-Street/Leonardo-Dicaprio-Wolf-Of-Wall-Street",
      "meme_name": "Leonardo-Dicaprio-Wolf-Of-Wall-Street",
      "post_id": 36,
      "english_label": "others",
      "response_time_ms": 1114
    },
    {
      "image_path": "Moe-throws-Barney/Moe-throws-Barney_9.png",
      "label": "厭惡",
      "response_time": "00:00:01.900",
      "timestamp_unix": 1751284873,
      "timestamp_unix_ms": 1751284873346,
      "timestamp_readable": "2025-06-30 12:01:13.346",
      "normalized_name": "Moe-throws-Barney/Moe-throws-Barney",
      "meme_name": "Moe-throws-Barney",
      "post_id": 9,
      "english_label": "disgust",
      "response_time_ms": 1900
    },
    {
      "image_path": "I-am-once-again-asking/I-am-once-again-asking_34.png",
      "label": "其他",
      "response_time": "00:00:00.801",
      "timestamp_unix": 1751284874,
      "timestamp_unix_ms": 1751284874266,
      "timestamp_readable": "2025-06-30 12:01:14.266",
      "normalized_name": "I-am-once-again-asking/I-am-once-again-asking",
      "meme_name": "I-am-once-again-asking",
      "post_id": 34,
      "english_label": "others",
      "response_time_ms": 801
    },
    {
      "image_path": "Monkey-Puppet/Monkey-Puppet_13.png",
      "label": "其他",
      "response_time": "00:00:01.610",
      "timestamp_unix": 1751284875,
      "timestamp_unix_ms": 1751284875921,
      "timestamp_readable": "2025-06-30 12:01:15.921",
      "normalized_name": "Monkey-Puppet/Monkey-Puppet",
      "meme_name": "Monkey-Puppet",
      "post_id": 13,
      "english_label": "others",
      "response_time_ms": 1610
    },
    {
      "image_path": "Obi-Wan-Kenobi/Obi-Wan-Kenobi_21.png",
      "label": "其他",
      "response_time": "00:00:00.911",
      "timestamp_unix": 1751284876,
      "timestamp_unix_ms": 1751284876876,
      "timestamp_readable": "2025-06-30 12:01:16.876",
      "normalized_name": "Obi-Wan-Kenobi/Obi-Wan-Kenobi",
      "meme_name": "Obi-Wan-Kenobi",
      "post_id": 21,
      "english_label": "others",
      "response_time_ms": 911
    },
    {
      "image_path": "Disaster-Girl/Disaster-Girl_30.png",
      "label": "輕蔑",
      "response_time": "00:00:01.806",
      "timestamp_unix": 1751284878,
      "timestamp_unix_ms": 1751284878764,
      "timestamp_readable": "2025-06-30 12:01:18.764",
      "normalized_name": "Disaster-Girl/Disaster-Girl",
      "meme_name": "Disaster-Girl",
      "post_id": 30,
      "english_label": "contempt",
      "response_time_ms": 1806
    },
    {
      "image_path": "Batman-Slapping-Robin/Batman-Slapping-Robin_5.png",
      "label": "憤怒",
      "response_time": "00:00:01.304",
      "timestamp_unix": 1751284880,
      "timestamp_unix_ms": 1751284880119,
      "timestamp_readable": "2025-06-30 12:01:20.119",
      "normalized_name": "Batman-Slapping-Robin/Batman-Slapping-Robin",
      "meme_name": "Batman-Slapping-Robin",
      "post_id": 5,
      "english_label": "anger",
      "response_time_ms": 1304
    },
    {
      "image_path": "Surprised-Pikachu/Surprised-Pikachu_19.png",
      "label": "輕蔑",
      "response_time": "00:00:01.304",
      "timestamp_unix": 1751284881,
      "timestamp_unix_ms": 1751284881508,
      "timestamp_readable": "2025-06-30 12:01:21.508",
      "normalized_name": "Surprised-Pikachu/Surprised-Pikachu",
      "meme_name": "Surprised-Pikachu",
      "post_id": 19,
      "english_label": "contempt",
      "response_time_ms": 1304
    },
    {
      "image_path": "Archer/Archer_22.png",
      "label": "輕蔑",
      "response_time": "00:00:01.007",
      "timestamp_unix": 1751284882,
      "timestamp_unix_ms": 1751284882579,
      "timestamp_readable": "2025-06-30 12:01:22.579",
      "normalized_name": "Archer/Archer",
      "meme_name": "Archer",
      "post_id": 22,
      "english_label": "contempt",
      "response_time_ms": 1007
    },
    {
      "image_path": "Always-you-three/Always-you-three_11.png",
      "label": "輕蔑",
      "response_time": "00:00:02.101",
      "timestamp_unix": 1751284884,
      "timestamp_unix_ms": 1751284884802,
      "timestamp_readable": "2025-06-30 12:01:24.802",
      "normalized_name": "Always-you-three/Always-you-three",
      "meme_name": "Always-you-three",
      "post_id": 11,
      "english_label": "contempt",
      "response_time_ms": 2101
    },
    {
      "image_path": "Hold-fart/Hold-fart_48.png",
      "label": "輕蔑",
      "response_time": "00:00:01.115",
      "timestamp_unix": 1751284885,
      "timestamp_unix_ms": 1751284885990,
      "timestamp_readable": "2025-06-30 12:01:25.990",
      "normalized_name": "Hold-fart/Hold-fart",
      "meme_name": "Hold-fart",
      "post_id": 48,
      "english_label": "contempt",
      "response_time_ms": 1115
    },
    {
      "image_path": "Afraid-To-Ask-Andy/Afraid-To-Ask-Andy_1.png",
      "label": "輕蔑",
      "response_time": "00:00:01.005",
      "timestamp_unix": 1751284887,
      "timestamp_unix_ms": 1751284887044,
      "timestamp_readable": "2025-06-30 12:01:27.044",
      "normalized_name": "Afraid-To-Ask-Andy/Afraid-To-Ask-Andy",
      "meme_name": "Afraid-To-Ask-Andy",
      "post_id": 1,
      "english_label": "contempt",
      "response_time_ms": 1005
    },
    {
      "image_path": "attention_check/attention_check_Others.png",
      "label": "其他",
      "response_time": "00:00:01.509",
      "timestamp_unix": 1751284888,
      "timestamp_unix_ms": 1751284888600,
      "timestamp_readable": "2025-06-30 12:01:28.600",
      "normalized_name": "attention_check/attention_check_Others.png",
      "meme_name": "attention_check",
      "post_id": null,
      "english_label": "others",
      "response_time_ms": 1509
    },
    {
      "image_path": "Spongebob-Yelling/Spongebob-Yelling_17.png",
      "label": "憤怒",
      "response_time": "00:00:01.310",
      "timestamp_unix": 1751284889,
      "timestamp_unix_ms": 1751284889938,
      "timestamp_readable": "2025-06-30 12:01:29.938",
      "normalized_name": "Spongebob-Yelling/Spongebob-Yelling",
      "meme_name": "Spongebob-Yelling",
      "post_id": 17,
      "english_label": "anger",
      "response_time_ms": 1310
    },
    {
      "image_path": "DJ-Pauly-D/DJ-Pauly-D_6.png",
      "label": "憤怒",
      "response_time": "00:00:00.911",
      "timestamp_unix": 1751284890,
      "timestamp_unix_ms": 1751284890941,
      "timestamp_readable": "2025-06-30 12:01:30.941",
      "normalized_name": "DJ-Pauly-D/DJ-Pauly-D",
      "meme_name": "DJ-Pauly-D",
      "post_id": 6,
      "english_label": "anger",
      "response_time_ms": 911
    }
  ],
  "session_start_unix": 1751284772,
  "session_status": "completed",
  "last_updated_unix": 1751284922,
  "image_order": [
    "Spiderman-Hospital/Spiderman-Hospital_4.png",
    "Happy--Shock/Happy--Shock_35.png",
    "Chill-guy/Chill-guy_41.png",
    "I-am-once-again-asking/I-am-once-again-asking_34.png",
    "Math-ladyConfused-lady/Math-ladyConfused-lady_24.png",
    "Archer/Archer_22.png",
    "Leonardo-Dicaprio-Wolf-Of-Wall-Street/Leonardo-Dicaprio-Wolf-Of-Wall-Street_36.png",
    "Mocking-Spongebob/Mocking-Spongebob_18.png",
    "Afraid-To-Ask-Andy/Afraid-To-Ask-Andy_1.png",
    "Charlie-Day/Charlie-Day_49.png",
    "Always-Has-Been/Always-Has-Been_7.png",
    "Picard-Wtf/Picard-Wtf_38.png",
    "Batman-Slapping-Robin/Batman-Slapping-Robin_5.png",
    "For-the-better-right-blank/For-the-better-right-blank_8.png",
    "Drake-NoYes/Drake-NoYes_31.png",
    "Laughing-wolf/Laughing-wolf_25.png",
    "DJ-Pauly-D/DJ-Pauly-D_6.png",
    "Always-you-three/Always-you-three_11.png",
    "Disappointed-Man/Disappointed-Man_47.png",
    "Smudge-the-cat/Smudge-the-cat_10.png",
    "Thats-a-paddlin/Thats-a-paddlin_20.png",
    "Hide-the-Pain-Harold/Hide-the-Pain-Harold_40.png",
    "Hold-fart/Hold-fart_48.png",
    "attention_check/attention_check_Disgust.png",
    "Im-The-Captain-Now/Im-The-Captain-Now_43.png",
    "Obi-Wan-Kenobi/Obi-Wan-Kenobi_21.png",
    "Spongebob-Yelling/Spongebob-Yelling_17.png",
    "Nuclear-Explosion/Nuclear-Explosion_27.png",
    "Dinkleberg/Dinkleberg_44.png",
    "Scooby-doo-mask-reveal/Scooby-doo-mask-reveal_15.png",
    "Disaster-Girl/Disaster-Girl_30.png",
    "Black-guy-hiding-behind-tree/Black-guy-hiding-behind-tree_26.png",
    "You-The-Real-MVP/You-The-Real-MVP_23.png",
    "Moe-throws-Barney/Moe-throws-Barney_9.png",
    "Ill-Have-You-Know-Spongebob/Ill-Have-You-Know-Spongebob_2.png",
    "Futurama-Fry/Futurama-Fry_3.png",
    "Monkey-Puppet/Monkey-Puppet_13.png",
    "Confused-Gandalf/Confused-Gandalf_39.png",
    "Mr-incredible-mad/Mr-incredible-mad_14.png",
    "Dave-chappelle/Dave-chappelle_45.png",
    "Surprised-Pikachu/Surprised-Pikachu_19.png",
    "Table-Flip-Guy/Table-Flip-Guy_46.png",
    "Kevin-Hart/Kevin-Hart_12.png",
    "Well-Yes-But-Actually-No/Well-Yes-But-Actually-No_32.png",
    "Mr-McMahon-reaction/Mr-McMahon-reaction_16.png",
    "Gru-Gun/Gru-Gun_28.png",
    "Persian-Cat-Room-Guardian/Persian-Cat-Room-Guardian_42.png",
    "Put-It-Somewhere-Else-Patrick/Put-It-Somewhere-Else-Patrick_37.png",
    "Angry-Baby/Angry-Baby_29.png",
    "attention_check/attention_check_Others.png",
    "Arthur-Fist/Arthur-Fist_33.png",
    "Khan/Khan_50.png"
  ],
  "completion_status": {
    "practice_completed": true,
    "game_started": true,
    "game_completed": true,
    "summary_viewed": true,
    "email_submitted": true
  },
  "timestamps_unix": {
    "registration_completed": 1751284772,
    "practice_started": 1751284772,
    "practice_completed": 1751284795,
    "game_started": 1751284795,
    "first_label": 1751284799,
    "last_label": 1751284890,
    "game_completed": 1751284893,
    "summary_viewed": 1751284893,
    "email_submitted": 1751284922,
    "session_end": 1751284922,
    "last_updated": 1751284922
  },
  "timestamps_unix_ms": {
    "registration_completed_ms": 1751284772186,
    "practice_started_ms": 1751284772212,
    "practice_completed_ms": 1751284795264,
    "game_started_ms": 1751284795272,
    "first_label_ms": 1751284799273,
    "last_label_ms": 1751284890941,
    "game_completed_ms": 1751284893060,
    "summary_viewed_ms": 1751284893068,
    "email_submitted_ms": 1751284922148,
    "session_end_ms": 1751284922148,
    "last_updated_ms": 1751284922148
  },
  "duration_stats_ms": {
    "total_session_duration_ms": 149962,
    "practice_duration_ms": 23052,
    "game_duration_ms": 97788,
    "labeling_duration_ms": 91668,
    "email_submission_duration_ms": 29080
  },
  "filename_updated_unix": 1751284893,
  "original_filename": "user_f13604",
  "completion_status_in_filename": "email_submitted"
}