{
  "user_id": "user_da6b1d",
  "file_name": "user_da6b1d",
  "unix_start_time": 1751567438,
  "unix_start_time_ms": 1751567438692,
  "unix_end_time": null,
  "unix_end_time_ms": null,
  "age": "25-29",
  "gender": "female",
  "user_agent": "Mozilla/5.0 (iPhone; CPU iPhone OS 18_4_1 like Mac OS X) AppleWebKit/605.1.15 (KHTML, like Gecko) Mobile/22E252 [FBAN/FBIOS;FBAV/508.1.0.72.95;FBBV/720370353;FBDV/iPhone15,4;FBMD/iPhone;FBSN/iOS;FBSV/18.4.1;FBSS/3;FBID/phone;FBLC/zh_Qaau_TW;FBOP/5;FBRV/723454763;IABMV/1]",
  "user_ip": "101.12.206.26",
  "status": "incomplete",
  "email_provided": "incomplete",
  "attention_passed": null,
  "start_time_readable": "2025-07-03 18:30:38.692",
  "end_time_readable": null,
  "total_labels": 0,
  "emotion_summary": {
    "anger": 0,
    "contempt": 0,
    "disgust": 0,
    "others": 0
  },
  "email": null,
  "participation": null,
  "total_responses": 0,
  "responses": [],
  "session_start_unix": 1751567438,
  "session_status": "active",
  "last_updated_unix": 1751567473,
  "image_order": [],
  "completion_status": {
    "practice_completed": false,
    "game_started": false,
    "game_completed": false,
    "summary_viewed": false,
    "email_submitted": false
  },
  "timestamps_unix": {
    "registration_completed": 1751567438,
    "practice_started": 1751567473,
    "practice_completed": null,
    "game_started": null,
    "first_label": null,
    "last_label": null,
    "game_completed": null,
    "summary_viewed": null,
    "email_submitted": null,
    "session_end": null,
    "last_updated": 1751567473
  },
  "timestamps_unix_ms": {
    "registration_completed_ms": 1751567438692,
    "practice_started_ms": 1751567473819,
    "practice_completed_ms": null,
    "game_started_ms": null,
    "first_label_ms": null,
    "last_label_ms": null,
    "game_completed_ms": null,
    "summary_viewed_ms": null,
    "email_submitted_ms": null,
    "session_end_ms": null,
    "last_updated_ms": 1751567473819
  },
  "duration_stats_ms": {
    "total_session_duration_ms": null,
    "practice_duration_ms": null,
    "game_duration_ms": null,
    "labeling_duration_ms": null,
    "email_submission_duration_ms": null
  }
}