{
  "user_id": "user_9c3ce9",
  "file_name": "user_9c3ce9_1749707260_1749707329_fullycomplete",
  "unix_start_time": 1749707260,
  "unix_start_time_ms": 1749707260909,
  "unix_end_time": 1749707329,
  "unix_end_time_ms": 1749707329710,
  "age": "18-24",
  "gender": "female",
  "user_agent": "Mozilla/5.0 (Windows NT 10.0; Win64; x64) AppleWebKit/537.36 (KHTML, like Gecko) Chrome/137.0.0.0 Safari/537.36",
  "user_ip": "1.34.91.151",
  "status": "complete",
  "email_provided": "complete",
  "attention_passed": true,
  "start_time_readable": "2025-06-12 05:47:40.909",
  "end_time_readable": "2025-06-12 05:48:49.710",
  "total_labels": 52,
  "emotion_summary": {
    "anger": 13,
    "contempt": 16,
    "disgust": 10,
    "others": 13
  },
  "email": "hu20040603@gmail.com",
  "participation": "yes",
  "total_responses": 52,
  "responses": [
    {
      "image_path": "Khan/Khan_42.png",
      "label": "輕蔑",
      "response_time": "00:00:01.414",
      "timestamp_unix": 1749707268,
      "timestamp_unix_ms": 1749707268650,
      "timestamp_readable": "2025-06-12 05:47:48.650",
      "normalized_name": "Khan/Khan",
      "meme_name": "Khan",
      "post_id": 42,
      "english_label": "contempt",
      "response_time_ms": 1414
    },
    {
      "image_path": "Chill-guy/Chill-guy_17.png",
      "label": "其他",
      "response_time": "00:00:00.505",
      "timestamp_unix": 1749707269,
      "timestamp_unix_ms": 1749707269216,
      "timestamp_readable": "2025-06-12 05:47:49.216",
      "normalized_name": "Chill-guy/Chill-guy",
      "meme_name": "Chill-guy",
      "post_id": 17,
      "english_label": "others",
      "response_time_ms": 505
    },
    {
      "image_path": "Monkey-Puppet/Monkey-Puppet_21.png",
      "label": "厭惡",
      "response_time": "00:00:00.505",
      "timestamp_unix": 1749707269,
      "timestamp_unix_ms": 1749707269849,
      "timestamp_readable": "2025-06-12 05:47:49.849",
      "normalized_name": "Monkey-Puppet/Monkey-Puppet",
      "meme_name": "Monkey-Puppet",
      "post_id": 21,
      "english_label": "disgust",
      "response_time_ms": 505
    },
    {
      "image_path": "Spongebob-Yelling/Spongebob-Yelling_43.png",
      "label": "憤怒",
      "response_time": "00:00:00.508",
      "timestamp_unix": 1749707270,
      "timestamp_unix_ms": 1749707270416,
      "timestamp_readable": "2025-06-12 05:47:50.416",
      "normalized_name": "Spongebob-Yelling/Spongebob-Yelling",
      "meme_name": "Spongebob-Yelling",
      "post_id": 43,
      "english_label": "anger",
      "response_time_ms": 508
    },
    {
      "image_path": "Persian-Cat-Room-Guardian/Persian-Cat-Room-Guardian_30.png",
      "label": "輕蔑",
      "response_time": "00:00:00.507",
      "timestamp_unix": 1749707271,
      "timestamp_unix_ms": 1749707271050,
      "timestamp_readable": "2025-06-12 05:47:51.050",
      "normalized_name": "Persian-Cat-Room-Guardian/Persian-Cat-Room-Guardian",
      "meme_name": "Persian-Cat-Room-Guardian",
      "post_id": 30,
      "english_label": "contempt",
      "response_time_ms": 507
    },
    {
      "image_path": "Leonardo-Dicaprio-Wolf-Of-Wall-Street/Leonardo-Dicaprio-Wolf-Of-Wall-Street_13.png",
      "label": "輕蔑",
      "response_time": "00:00:00.701",
      "timestamp_unix": 1749707271,
      "timestamp_unix_ms": 1749707271799,
      "timestamp_readable": "2025-06-12 05:47:51.799",
      "normalized_name": "Leonardo-Dicaprio-Wolf-Of-Wall-Street/Leonardo-Dicaprio-Wolf-Of-Wall-Street",
      "meme_name": "Leonardo-Dicaprio-Wolf-Of-Wall-Street",
      "post_id": 13,
      "english_label": "contempt",
      "response_time_ms": 701
    },
    {
      "image_path": "Im-The-Captain-Now/Im-The-Captain-Now_18.png",
      "label": "厭惡",
      "response_time": "00:00:00.603",
      "timestamp_unix": 1749707272,
      "timestamp_unix_ms": 1749707272450,
      "timestamp_readable": "2025-06-12 05:47:52.450",
      "normalized_name": "Im-The-Captain-Now/Im-The-Captain-Now",
      "meme_name": "Im-The-Captain-Now",
      "post_id": 18,
      "english_label": "disgust",
      "response_time_ms": 603
    },
    {
      "image_path": "Happy--Shock/Happy--Shock_5.png",
      "label": "其他",
      "response_time": "00:00:00.503",
      "timestamp_unix": 1749707273,
      "timestamp_unix_ms": 1749707273050,
      "timestamp_readable": "2025-06-12 05:47:53.050",
      "normalized_name": "Happy--Shock/Happy--Shock",
      "meme_name": "Happy--Shock",
      "post_id": 5,
      "english_label": "others",
      "response_time_ms": 503
    },
    {
      "image_path": "Dinkleberg/Dinkleberg_16.png",
      "label": "憤怒",
      "response_time": "00:00:00.507",
      "timestamp_unix": 1749707273,
      "timestamp_unix_ms": 1749707273599,
      "timestamp_readable": "2025-06-12 05:47:53.599",
      "normalized_name": "Dinkleberg/Dinkleberg",
      "meme_name": "Dinkleberg",
      "post_id": 16,
      "english_label": "anger",
      "response_time_ms": 507
    },
    {
      "image_path": "Drake-NoYes/Drake-NoYes_20.png",
      "label": "輕蔑",
      "response_time": "00:00:00.507",
      "timestamp_unix": 1749707274,
      "timestamp_unix_ms": 1749707274233,
      "timestamp_readable": "2025-06-12 05:47:54.233",
      "normalized_name": "Drake-NoYes/Drake-NoYes",
      "meme_name": "Drake-NoYes",
      "post_id": 20,
      "english_label": "contempt",
      "response_time_ms": 507
    },
    {
      "image_path": "Hold-fart/Hold-fart_22.png",
      "label": "其他",
      "response_time": "00:00:00.607",
      "timestamp_unix": 1749707274,
      "timestamp_unix_ms": 1749707274901,
      "timestamp_readable": "2025-06-12 05:47:54.901",
      "normalized_name": "Hold-fart/Hold-fart",
      "meme_name": "Hold-fart",
      "post_id": 22,
      "english_label": "others",
      "response_time_ms": 607
    },
    {
      "image_path": "Always-you-three/Always-you-three_1.png",
      "label": "厭惡",
      "response_time": "00:00:00.704",
      "timestamp_unix": 1749707275,
      "timestamp_unix_ms": 1749707275650,
      "timestamp_readable": "2025-06-12 05:47:55.650",
      "normalized_name": "Always-you-three/Always-you-three",
      "meme_name": "Always-you-three",
      "post_id": 1,
      "english_label": "disgust",
      "response_time_ms": 704
    },
    {
      "image_path": "Afraid-To-Ask-Andy/Afraid-To-Ask-Andy_15.png",
      "label": "憤怒",
      "response_time": "00:00:00.707",
      "timestamp_unix": 1749707276,
      "timestamp_unix_ms": 1749707276400,
      "timestamp_readable": "2025-06-12 05:47:56.400",
      "normalized_name": "Afraid-To-Ask-Andy/Afraid-To-Ask-Andy",
      "meme_name": "Afraid-To-Ask-Andy",
      "post_id": 15,
      "english_label": "anger",
      "response_time_ms": 707
    },
    {
      "image_path": "For-the-better-right-blank/For-the-better-right-blank_28.png",
      "label": "輕蔑",
      "response_time": "00:00:00.602",
      "timestamp_unix": 1749707277,
      "timestamp_unix_ms": 1749707277116,
      "timestamp_readable": "2025-06-12 05:47:57.116",
      "normalized_name": "For-the-better-right-blank/For-the-better-right-blank",
      "meme_name": "For-the-better-right-blank",
      "post_id": 28,
      "english_label": "contempt",
      "response_time_ms": 602
    },
    {
      "image_path": "Nuclear-Explosion/Nuclear-Explosion_32.png",
      "label": "其他",
      "response_time": "00:00:00.703",
      "timestamp_unix": 1749707277,
      "timestamp_unix_ms": 1749707277884,
      "timestamp_readable": "2025-06-12 05:47:57.884",
      "normalized_name": "Nuclear-Explosion/Nuclear-Explosion",
      "meme_name": "Nuclear-Explosion",
      "post_id": 32,
      "english_label": "others",
      "response_time_ms": 703
    },
    {
      "image_path": "DJ-Pauly-D/DJ-Pauly-D_10.png",
      "label": "憤怒",
      "response_time": "00:00:00.704",
      "timestamp_unix": 1749707278,
      "timestamp_unix_ms": 1749707278683,
      "timestamp_readable": "2025-06-12 05:47:58.683",
      "normalized_name": "DJ-Pauly-D/DJ-Pauly-D",
      "meme_name": "DJ-Pauly-D",
      "post_id": 10,
      "english_label": "anger",
      "response_time_ms": 704
    },
    {
      "image_path": "Well-Yes-But-Actually-No/Well-Yes-But-Actually-No_25.png",
      "label": "輕蔑",
      "response_time": "00:00:00.705",
      "timestamp_unix": 1749707279,
      "timestamp_unix_ms": 1749707279484,
      "timestamp_readable": "2025-06-12 05:47:59.484",
      "normalized_name": "Well-Yes-But-Actually-No/Well-Yes-But-Actually-No",
      "meme_name": "Well-Yes-But-Actually-No",
      "post_id": 25,
      "english_label": "contempt",
      "response_time_ms": 705
    },
    {
      "image_path": "Dave-chappelle/Dave-chappelle_35.png",
      "label": "厭惡",
      "response_time": "00:00:00.803",
      "timestamp_unix": 1749707280,
      "timestamp_unix_ms": 1749707280417,
      "timestamp_readable": "2025-06-12 05:48:00.417",
      "normalized_name": "Dave-chappelle/Dave-chappelle",
      "meme_name": "Dave-chappelle",
      "post_id": 35,
      "english_label": "disgust",
      "response_time_ms": 803
    },
    {
      "image_path": "Moe-throws-Barney/Moe-throws-Barney_4.png",
      "label": "其他",
      "response_time": "00:00:01.002",
      "timestamp_unix": 1749707281,
      "timestamp_unix_ms": 1749707281550,
      "timestamp_readable": "2025-06-12 05:48:01.550",
      "normalized_name": "Moe-throws-Barney/Moe-throws-Barney",
      "meme_name": "Moe-throws-Barney",
      "post_id": 4,
      "english_label": "others",
      "response_time_ms": 1002
    },
    {
      "image_path": "Confused-Gandalf/Confused-Gandalf_12.png",
      "label": "憤怒",
      "response_time": "00:00:00.704",
      "timestamp_unix": 1749707282,
      "timestamp_unix_ms": 1749707282333,
      "timestamp_readable": "2025-06-12 05:48:02.333",
      "normalized_name": "Confused-Gandalf/Confused-Gandalf",
      "meme_name": "Confused-Gandalf",
      "post_id": 12,
      "english_label": "anger",
      "response_time_ms": 704
    },
    {
      "image_path": "attention_check/attention_check_Disgust.png",
      "label": "厭惡",
      "response_time": "00:00:02.604",
      "timestamp_unix": 1749707284,
      "timestamp_unix_ms": 1749707284984,
      "timestamp_readable": "2025-06-12 05:48:04.984",
      "normalized_name": "attention_check/attention_check_Disgust.png",
      "meme_name": "attention_check",
      "post_id": null,
      "english_label": "disgust",
      "response_time_ms": 2604
    },
    {
      "image_path": "Mr-incredible-mad/Mr-incredible-mad_19.png",
      "label": "其他",
      "response_time": "00:00:00.604",
      "timestamp_unix": 1749707285,
      "timestamp_unix_ms": 1749707285667,
      "timestamp_readable": "2025-06-12 05:48:05.667",
      "normalized_name": "Mr-incredible-mad/Mr-incredible-mad",
      "meme_name": "Mr-incredible-mad",
      "post_id": 19,
      "english_label": "others",
      "response_time_ms": 604
    },
    {
      "image_path": "I-am-once-again-asking/I-am-once-again-asking_2.png",
      "label": "憤怒",
      "response_time": "00:00:00.605",
      "timestamp_unix": 1749707286,
      "timestamp_unix_ms": 1749707286367,
      "timestamp_readable": "2025-06-12 05:48:06.367",
      "normalized_name": "I-am-once-again-asking/I-am-once-again-asking",
      "meme_name": "I-am-once-again-asking",
      "post_id": 2,
      "english_label": "anger",
      "response_time_ms": 605
    },
    {
      "image_path": "Hide-the-Pain-Harold/Hide-the-Pain-Harold_37.png",
      "label": "輕蔑",
      "response_time": "00:00:00.604",
      "timestamp_unix": 1749707287,
      "timestamp_unix_ms": 1749707287034,
      "timestamp_readable": "2025-06-12 05:48:07.034",
      "normalized_name": "Hide-the-Pain-Harold/Hide-the-Pain-Harold",
      "meme_name": "Hide-the-Pain-Harold",
      "post_id": 37,
      "english_label": "contempt",
      "response_time_ms": 604
    },
    {
      "image_path": "Obi-Wan-Kenobi/Obi-Wan-Kenobi_36.png",
      "label": "厭惡",
      "response_time": "00:00:00.605",
      "timestamp_unix": 1749707287,
      "timestamp_unix_ms": 1749707287750,
      "timestamp_readable": "2025-06-12 05:48:07.750",
      "normalized_name": "Obi-Wan-Kenobi/Obi-Wan-Kenobi",
      "meme_name": "Obi-Wan-Kenobi",
      "post_id": 36,
      "english_label": "disgust",
      "response_time_ms": 605
    },
    {
      "image_path": "Mr-McMahon-reaction/Mr-McMahon-reaction_47.png",
      "label": "其他",
      "response_time": "00:00:00.605",
      "timestamp_unix": 1749707288,
      "timestamp_unix_ms": 1749707288450,
      "timestamp_readable": "2025-06-12 05:48:08.450",
      "normalized_name": "Mr-McMahon-reaction/Mr-McMahon-reaction",
      "meme_name": "Mr-McMahon-reaction",
      "post_id": 47,
      "english_label": "others",
      "response_time_ms": 605
    },
    {
      "image_path": "Always-Has-Been/Always-Has-Been_23.png",
      "label": "憤怒",
      "response_time": "00:00:00.605",
      "timestamp_unix": 1749707289,
      "timestamp_unix_ms": 1749707289183,
      "timestamp_readable": "2025-06-12 05:48:09.183",
      "normalized_name": "Always-Has-Been/Always-Has-Been",
      "meme_name": "Always-Has-Been",
      "post_id": 23,
      "english_label": "anger",
      "response_time_ms": 605
    },
    {
      "image_path": "Arthur-Fist/Arthur-Fist_24.png",
      "label": "輕蔑",
      "response_time": "00:00:00.605",
      "timestamp_unix": 1749707289,
      "timestamp_unix_ms": 1749707289850,
      "timestamp_readable": "2025-06-12 05:48:09.850",
      "normalized_name": "Arthur-Fist/Arthur-Fist",
      "meme_name": "Arthur-Fist",
      "post_id": 24,
      "english_label": "contempt",
      "response_time_ms": 605
    },
    {
      "image_path": "Gru-Gun/Gru-Gun_40.png",
      "label": "厭惡",
      "response_time": "00:00:00.705",
      "timestamp_unix": 1749707290,
      "timestamp_unix_ms": 1749707290600,
      "timestamp_readable": "2025-06-12 05:48:10.600",
      "normalized_name": "Gru-Gun/Gru-Gun",
      "meme_name": "Gru-Gun",
      "post_id": 40,
      "english_label": "disgust",
      "response_time_ms": 705
    },
    {
      "image_path": "You-The-Real-MVP/You-The-Real-MVP_11.png",
      "label": "其他",
      "response_time": "00:00:00.704",
      "timestamp_unix": 1749707291,
      "timestamp_unix_ms": 1749707291350,
      "timestamp_readable": "2025-06-12 05:48:11.350",
      "normalized_name": "You-The-Real-MVP/You-The-Real-MVP",
      "meme_name": "You-The-Real-MVP",
      "post_id": 11,
      "english_label": "others",
      "response_time_ms": 704
    },
    {
      "image_path": "Disaster-Girl/Disaster-Girl_6.png",
      "label": "憤怒",
      "response_time": "00:00:00.605",
      "timestamp_unix": 1749707292,
      "timestamp_unix_ms": 1749707292050,
      "timestamp_readable": "2025-06-12 05:48:12.050",
      "normalized_name": "Disaster-Girl/Disaster-Girl",
      "meme_name": "Disaster-Girl",
      "post_id": 6,
      "english_label": "anger",
      "response_time_ms": 605
    },
    {
      "image_path": "Futurama-Fry/Futurama-Fry_27.png",
      "label": "輕蔑",
      "response_time": "00:00:00.905",
      "timestamp_unix": 1749707293,
      "timestamp_unix_ms": 1749707293033,
      "timestamp_readable": "2025-06-12 05:48:13.033",
      "normalized_name": "Futurama-Fry/Futurama-Fry",
      "meme_name": "Futurama-Fry",
      "post_id": 27,
      "english_label": "contempt",
      "response_time_ms": 905
    },
    {
      "image_path": "Black-guy-hiding-behind-tree/Black-guy-hiding-behind-tree_31.png",
      "label": "輕蔑",
      "response_time": "00:00:02.202",
      "timestamp_unix": 1749707295,
      "timestamp_unix_ms": 1749707295368,
      "timestamp_readable": "2025-06-12 05:48:15.368",
      "normalized_name": "Black-guy-hiding-behind-tree/Black-guy-hiding-behind-tree",
      "meme_name": "Black-guy-hiding-behind-tree",
      "post_id": 31,
      "english_label": "contempt",
      "response_time_ms": 2202
    },
    {
      "image_path": "Ill-Have-You-Know-Spongebob/Ill-Have-You-Know-Spongebob_44.png",
      "label": "輕蔑",
      "response_time": "00:00:00.903",
      "timestamp_unix": 1749707296,
      "timestamp_unix_ms": 1749707296351,
      "timestamp_readable": "2025-06-12 05:48:16.351",
      "normalized_name": "Ill-Have-You-Know-Spongebob/Ill-Have-You-Know-Spongebob",
      "meme_name": "Ill-Have-You-Know-Spongebob",
      "post_id": 44,
      "english_label": "contempt",
      "response_time_ms": 903
    },
    {
      "image_path": "Charlie-Day/Charlie-Day_9.png",
      "label": "憤怒",
      "response_time": "00:00:00.803",
      "timestamp_unix": 1749707297,
      "timestamp_unix_ms": 1749707297251,
      "timestamp_readable": "2025-06-12 05:48:17.251",
      "normalized_name": "Charlie-Day/Charlie-Day",
      "meme_name": "Charlie-Day",
      "post_id": 9,
      "english_label": "anger",
      "response_time_ms": 803
    },
    {
      "image_path": "Thats-a-paddlin/Thats-a-paddlin_29.png",
      "label": "憤怒",
      "response_time": "00:00:00.903",
      "timestamp_unix": 1749707298,
      "timestamp_unix_ms": 1749707298201,
      "timestamp_readable": "2025-06-12 05:48:18.201",
      "normalized_name": "Thats-a-paddlin/Thats-a-paddlin",
      "meme_name": "Thats-a-paddlin",
      "post_id": 29,
      "english_label": "anger",
      "response_time_ms": 903
    },
    {
      "image_path": "Spiderman-Hospital/Spiderman-Hospital_48.png",
      "label": "其他",
      "response_time": "00:00:00.902",
      "timestamp_unix": 1749707299,
      "timestamp_unix_ms": 1749707299167,
      "timestamp_readable": "2025-06-12 05:48:19.167",
      "normalized_name": "Spiderman-Hospital/Spiderman-Hospital",
      "meme_name": "Spiderman-Hospital",
      "post_id": 48,
      "english_label": "others",
      "response_time_ms": 902
    },
    {
      "image_path": "Surprised-Pikachu/Surprised-Pikachu_39.png",
      "label": "厭惡",
      "response_time": "00:00:00.905",
      "timestamp_unix": 1749707300,
      "timestamp_unix_ms": 1749707300100,
      "timestamp_readable": "2025-06-12 05:48:20.100",
      "normalized_name": "Surprised-Pikachu/Surprised-Pikachu",
      "meme_name": "Surprised-Pikachu",
      "post_id": 39,
      "english_label": "disgust",
      "response_time_ms": 905
    },
    {
      "image_path": "Kevin-Hart/Kevin-Hart_7.png",
      "label": "其他",
      "response_time": "00:00:00.804",
      "timestamp_unix": 1749707301,
      "timestamp_unix_ms": 1749707301000,
      "timestamp_readable": "2025-06-12 05:48:21.000",
      "normalized_name": "Kevin-Hart/Kevin-Hart",
      "meme_name": "Kevin-Hart",
      "post_id": 7,
      "english_label": "others",
      "response_time_ms": 804
    },
    {
      "image_path": "Archer/Archer_8.png",
      "label": "憤怒",
      "response_time": "00:00:00.805",
      "timestamp_unix": 1749707301,
      "timestamp_unix_ms": 1749707301866,
      "timestamp_readable": "2025-06-12 05:48:21.866",
      "normalized_name": "Archer/Archer",
      "meme_name": "Archer",
      "post_id": 8,
      "english_label": "anger",
      "response_time_ms": 805
    },
    {
      "image_path": "Math-ladyConfused-lady/Math-ladyConfused-lady_49.png",
      "label": "輕蔑",
      "response_time": "00:00:00.805",
      "timestamp_unix": 1749707302,
      "timestamp_unix_ms": 1749707302750,
      "timestamp_readable": "2025-06-12 05:48:22.750",
      "normalized_name": "Math-ladyConfused-lady/Math-ladyConfused-lady",
      "meme_name": "Math-ladyConfused-lady",
      "post_id": 49,
      "english_label": "contempt",
      "response_time_ms": 805
    },
    {
      "image_path": "Picard-Wtf/Picard-Wtf_46.png",
      "label": "厭惡",
      "response_time": "00:00:00.806",
      "timestamp_unix": 1749707303,
      "timestamp_unix_ms": 1749707303683,
      "timestamp_readable": "2025-06-12 05:48:23.683",
      "normalized_name": "Picard-Wtf/Picard-Wtf",
      "meme_name": "Picard-Wtf",
      "post_id": 46,
      "english_label": "disgust",
      "response_time_ms": 806
    },
    {
      "image_path": "Scooby-doo-mask-reveal/Scooby-doo-mask-reveal_33.png",
      "label": "其他",
      "response_time": "00:00:00.805",
      "timestamp_unix": 1749707304,
      "timestamp_unix_ms": 1749707304584,
      "timestamp_readable": "2025-06-12 05:48:24.584",
      "normalized_name": "Scooby-doo-mask-reveal/Scooby-doo-mask-reveal",
      "meme_name": "Scooby-doo-mask-reveal",
      "post_id": 33,
      "english_label": "others",
      "response_time_ms": 805
    },
    {
      "image_path": "Angry-Baby/Angry-Baby_41.png",
      "label": "憤怒",
      "response_time": "00:00:00.904",
      "timestamp_unix": 1749707305,
      "timestamp_unix_ms": 1749707305533,
      "timestamp_readable": "2025-06-12 05:48:25.533",
      "normalized_name": "Angry-Baby/Angry-Baby",
      "meme_name": "Angry-Baby",
      "post_id": 41,
      "english_label": "anger",
      "response_time_ms": 904
    },
    {
      "image_path": "Disappointed-Man/Disappointed-Man_50.png",
      "label": "輕蔑",
      "response_time": "00:00:00.703",
      "timestamp_unix": 1749707306,
      "timestamp_unix_ms": 1749707306333,
      "timestamp_readable": "2025-06-12 05:48:26.333",
      "normalized_name": "Disappointed-Man/Disappointed-Man",
      "meme_name": "Disappointed-Man",
      "post_id": 50,
      "english_label": "contempt",
      "response_time_ms": 703
    },
    {
      "image_path": "Mocking-Spongebob/Mocking-Spongebob_3.png",
      "label": "輕蔑",
      "response_time": "00:00:00.804",
      "timestamp_unix": 1749707307,
      "timestamp_unix_ms": 1749707307200,
      "timestamp_readable": "2025-06-12 05:48:27.200",
      "normalized_name": "Mocking-Spongebob/Mocking-Spongebob",
      "meme_name": "Mocking-Spongebob",
      "post_id": 3,
      "english_label": "contempt",
      "response_time_ms": 804
    },
    {
      "image_path": "attention_check/attention_check_Contempt.png",
      "label": "輕蔑",
      "response_time": "00:00:02.105",
      "timestamp_unix": 1749707309,
      "timestamp_unix_ms": 1749707309367,
      "timestamp_readable": "2025-06-12 05:48:29.367",
      "normalized_name": "attention_check/attention_check_Contempt.png",
      "meme_name": "attention_check",
      "post_id": null,
      "english_label": "contempt",
      "response_time_ms": 2105
    },
    {
      "image_path": "Put-It-Somewhere-Else-Patrick/Put-It-Somewhere-Else-Patrick_34.png",
      "label": "輕蔑",
      "response_time": "00:00:00.803",
      "timestamp_unix": 1749707310,
      "timestamp_unix_ms": 1749707310267,
      "timestamp_readable": "2025-06-12 05:48:30.267",
      "normalized_name": "Put-It-Somewhere-Else-Patrick/Put-It-Somewhere-Else-Patrick",
      "meme_name": "Put-It-Somewhere-Else-Patrick",
      "post_id": 34,
      "english_label": "contempt",
      "response_time_ms": 803
    },
    {
      "image_path": "Laughing-wolf/Laughing-wolf_38.png",
      "label": "其他",
      "response_time": "00:00:00.704",
      "timestamp_unix": 1749707311,
      "timestamp_unix_ms": 1749707311050,
      "timestamp_readable": "2025-06-12 05:48:31.050",
      "normalized_name": "Laughing-wolf/Laughing-wolf",
      "meme_name": "Laughing-wolf",
      "post_id": 38,
      "english_label": "others",
      "response_time_ms": 704
    },
    {
      "image_path": "Smudge-the-cat/Smudge-the-cat_14.png",
      "label": "憤怒",
      "response_time": "00:00:00.605",
      "timestamp_unix": 1749707311,
      "timestamp_unix_ms": 1749707311700,
      "timestamp_readable": "2025-06-12 05:48:31.700",
      "normalized_name": "Smudge-the-cat/Smudge-the-cat",
      "meme_name": "Smudge-the-cat",
      "post_id": 14,
      "english_label": "anger",
      "response_time_ms": 605
    },
    {
      "image_path": "Table-Flip-Guy/Table-Flip-Guy_26.png",
      "label": "厭惡",
      "response_time": "00:00:00.502",
      "timestamp_unix": 1749707312,
      "timestamp_unix_ms": 1749707312333,
      "timestamp_readable": "2025-06-12 05:48:32.333",
      "normalized_name": "Table-Flip-Guy/Table-Flip-Guy",
      "meme_name": "Table-Flip-Guy",
      "post_id": 26,
      "english_label": "disgust",
      "response_time_ms": 502
    },
    {
      "image_path": "Batman-Slapping-Robin/Batman-Slapping-Robin_45.png",
      "label": "其他",
      "response_time": "00:00:00.604",
      "timestamp_unix": 1749707313,
      "timestamp_unix_ms": 1749707313051,
      "timestamp_readable": "2025-06-12 05:48:33.051",
      "normalized_name": "Batman-Slapping-Robin/Batman-Slapping-Robin",
      "meme_name": "Batman-Slapping-Robin",
      "post_id": 45,
      "english_label": "others",
      "response_time_ms": 604
    }
  ],
  "session_start_unix": 1749707260,
  "session_status": "completed",
  "last_updated_unix": 1749707329,
  "image_order": [
    "Spiderman-Hospital/Spiderman-Hospital_48.png",
    "Happy--Shock/Happy--Shock_5.png",
    "Chill-guy/Chill-guy_17.png",
    "I-am-once-again-asking/I-am-once-again-asking_2.png",
    "Math-ladyConfused-lady/Math-ladyConfused-lady_49.png",
    "Archer/Archer_8.png",
    "Leonardo-Dicaprio-Wolf-Of-Wall-Street/Leonardo-Dicaprio-Wolf-Of-Wall-Street_13.png",
    "Mocking-Spongebob/Mocking-Spongebob_3.png",
    "Afraid-To-Ask-Andy/Afraid-To-Ask-Andy_15.png",
    "Charlie-Day/Charlie-Day_9.png",
    "Always-Has-Been/Always-Has-Been_23.png",
    "Picard-Wtf/Picard-Wtf_46.png",
    "Batman-Slapping-Robin/Batman-Slapping-Robin_45.png",
    "For-the-better-right-blank/For-the-better-right-blank_28.png",
    "Drake-NoYes/Drake-NoYes_20.png",
    "Laughing-wolf/Laughing-wolf_38.png",
    "DJ-Pauly-D/DJ-Pauly-D_10.png",
    "Always-you-three/Always-you-three_1.png",
    "Disappointed-Man/Disappointed-Man_50.png",
    "Smudge-the-cat/Smudge-the-cat_14.png",
    "attention_check/attention_check_Disgust.png",
    "Thats-a-paddlin/Thats-a-paddlin_29.png",
    "Hide-the-Pain-Harold/Hide-the-Pain-Harold_37.png",
    "Hold-fart/Hold-fart_22.png",
    "Im-The-Captain-Now/Im-The-Captain-Now_18.png",
    "Obi-Wan-Kenobi/Obi-Wan-Kenobi_36.png",
    "Spongebob-Yelling/Spongebob-Yelling_43.png",
    "Nuclear-Explosion/Nuclear-Explosion_32.png",
    "Dinkleberg/Dinkleberg_16.png",
    "Scooby-doo-mask-reveal/Scooby-doo-mask-reveal_33.png",
    "Disaster-Girl/Disaster-Girl_6.png",
    "Black-guy-hiding-behind-tree/Black-guy-hiding-behind-tree_31.png",
    "You-The-Real-MVP/You-The-Real-MVP_11.png",
    "Moe-throws-Barney/Moe-throws-Barney_4.png",
    "Ill-Have-You-Know-Spongebob/Ill-Have-You-Know-Spongebob_44.png",
    "Futurama-Fry/Futurama-Fry_27.png",
    "Monkey-Puppet/Monkey-Puppet_21.png",
    "Confused-Gandalf/Confused-Gandalf_12.png",
    "Mr-incredible-mad/Mr-incredible-mad_19.png",
    "Dave-chappelle/Dave-chappelle_35.png",
    "Surprised-Pikachu/Surprised-Pikachu_39.png",
    "Table-Flip-Guy/Table-Flip-Guy_26.png",
    "Kevin-Hart/Kevin-Hart_7.png",
    "Well-Yes-But-Actually-No/Well-Yes-But-Actually-No_25.png",
    "Mr-McMahon-reaction/Mr-McMahon-reaction_47.png",
    "Gru-Gun/Gru-Gun_40.png",
    "attention_check/attention_check_Contempt.png",
    "Persian-Cat-Room-Guardian/Persian-Cat-Room-Guardian_30.png",
    "Put-It-Somewhere-Else-Patrick/Put-It-Somewhere-Else-Patrick_34.png",
    "Angry-Baby/Angry-Baby_41.png",
    "Arthur-Fist/Arthur-Fist_24.png",
    "Khan/Khan_42.png"
  ],
  "completion_status": {
    "practice_completed": true,
    "game_started": true,
    "game_completed": true,
    "summary_viewed": true,
    "email_submitted": true
  },
  "timestamps_unix": {
    "registration_completed": 1749707260,
    "practice_started": 1749707260,
    "practice_completed": 1749707267,
    "game_started": 1749707267,
    "first_label": 1749707268,
    "last_label": 1749707313,
    "game_completed": 1749707315,
    "summary_viewed": 1749707315,
    "email_submitted": 1749707329,
    "session_end": 1749707329,
    "last_updated": 1749707329
  },
  "timestamps_unix_ms": {
    "registration_completed_ms": 1749707260909,
    "practice_started_ms": 1749707260944,
    "practice_completed_ms": 1749707267101,
    "game_started_ms": 1749707267107,
    "first_label_ms": 1749707268650,
    "last_label_ms": 1749707313051,
    "game_completed_ms": 1749707315619,
    "summary_viewed_ms": 1749707315629,
    "email_submitted_ms": 1749707329702,
    "session_end_ms": 1749707329702,
    "last_updated_ms": 1749707329702
  },
  "duration_stats_ms": {
    "total_session_duration_ms": 68793,
    "practice_duration_ms": 6157,
    "game_duration_ms": 48512,
    "labeling_duration_ms": 44401,
    "email_submission_duration_ms": 14073
  },
  "filename_updated_unix": 1749707315,
  "original_filename": "user_9c3ce9",
  "completion_status_in_filename": "email_submitted"
}