{
  "user_id": "user_2f3e59",
  "file_name": "user_2f3e59_1749739952_1749740380_fullycomplete",
  "unix_start_time": 1749739952,
  "unix_start_time_ms": 1749739952394,
  "unix_end_time": 1749740380,
  "unix_end_time_ms": 1749740380753,
  "age": "18-24",
  "gender": "male",
  "user_agent": "Mozilla/5.0 (Windows NT 10.0; Win64; x64) AppleWebKit/537.36 (KHTML, like Gecko) Chrome/137.0.0.0 Safari/537.36",
  "user_ip": "61.223.63.203",
  "status": "complete",
  "email_provided": "complete",
  "attention_passed": true,
  "start_time_readable": "2025-06-12 14:52:32.394",
  "end_time_readable": "2025-06-12 14:59:40.753",
  "total_labels": 52,
  "emotion_summary": {
    "anger": 11,
    "contempt": 21,
    "disgust": 15,
    "others": 5
  },
  "email": "zxcx1210@gmail.com",
  "participation": "yes",
  "total_responses": 52,
  "responses": [
    {
      "image_path": "Spongebob-Yelling/Spongebob-Yelling_14.png",
      "label": "憤怒",
      "response_time": "00:00:04.102",
      "timestamp_unix": 1749740001,
      "timestamp_unix_ms": 1749740001566,
      "timestamp_readable": "2025-06-12 14:53:21.566",
      "normalized_name": "Spongebob-Yelling/Spongebob-Yelling",
      "meme_name": "Spongebob-Yelling",
      "post_id": 14,
      "english_label": "anger",
      "response_time_ms": 4102
    },
    {
      "image_path": "For-the-better-right-blank/For-the-better-right-blank_22.png",
      "label": "厭惡",
      "response_time": "00:00:12.406",
      "timestamp_unix": 1749740014,
      "timestamp_unix_ms": 1749740014054,
      "timestamp_readable": "2025-06-12 14:53:34.054",
      "normalized_name": "For-the-better-right-blank/For-the-better-right-blank",
      "meme_name": "For-the-better-right-blank",
      "post_id": 22,
      "english_label": "disgust",
      "response_time_ms": 12406
    },
    {
      "image_path": "Disappointed-Man/Disappointed-Man_30.png",
      "label": "輕蔑",
      "response_time": "00:00:10.205",
      "timestamp_unix": 1749740024,
      "timestamp_unix_ms": 1749740024361,
      "timestamp_readable": "2025-06-12 14:53:44.361",
      "normalized_name": "Disappointed-Man/Disappointed-Man",
      "meme_name": "Disappointed-Man",
      "post_id": 30,
      "english_label": "contempt",
      "response_time_ms": 10205
    },
    {
      "image_path": "Obi-Wan-Kenobi/Obi-Wan-Kenobi_48.png",
      "label": "其他",
      "response_time": "00:00:06.802",
      "timestamp_unix": 1749740031,
      "timestamp_unix_ms": 1749740031209,
      "timestamp_readable": "2025-06-12 14:53:51.209",
      "normalized_name": "Obi-Wan-Kenobi/Obi-Wan-Kenobi",
      "meme_name": "Obi-Wan-Kenobi",
      "post_id": 48,
      "english_label": "others",
      "response_time_ms": 6802
    },
    {
      "image_path": "Archer/Archer_23.png",
      "label": "厭惡",
      "response_time": "00:00:09.003",
      "timestamp_unix": 1749740040,
      "timestamp_unix_ms": 1749740040343,
      "timestamp_readable": "2025-06-12 14:54:00.343",
      "normalized_name": "Archer/Archer",
      "meme_name": "Archer",
      "post_id": 23,
      "english_label": "disgust",
      "response_time_ms": 9003
    },
    {
      "image_path": "Charlie-Day/Charlie-Day_27.png",
      "label": "輕蔑",
      "response_time": "00:00:05.001",
      "timestamp_unix": 1749740045,
      "timestamp_unix_ms": 1749740045441,
      "timestamp_readable": "2025-06-12 14:54:05.441",
      "normalized_name": "Charlie-Day/Charlie-Day",
      "meme_name": "Charlie-Day",
      "post_id": 27,
      "english_label": "contempt",
      "response_time_ms": 5001
    },
    {
      "image_path": "I-am-once-again-asking/I-am-once-again-asking_7.png",
      "label": "厭惡",
      "response_time": "00:00:06.606",
      "timestamp_unix": 1749740052,
      "timestamp_unix_ms": 1749740052088,
      "timestamp_readable": "2025-06-12 14:54:12.088",
      "normalized_name": "I-am-once-again-asking/I-am-once-again-asking",
      "meme_name": "I-am-once-again-asking",
      "post_id": 7,
      "english_label": "disgust",
      "response_time_ms": 6606
    },
    {
      "image_path": "Well-Yes-But-Actually-No/Well-Yes-But-Actually-No_39.png",
      "label": "輕蔑",
      "response_time": "00:00:08.100",
      "timestamp_unix": 1749740060,
      "timestamp_unix_ms": 1749740060303,
      "timestamp_readable": "2025-06-12 14:54:20.303",
      "normalized_name": "Well-Yes-But-Actually-No/Well-Yes-But-Actually-No",
      "meme_name": "Well-Yes-But-Actually-No",
      "post_id": 39,
      "english_label": "contempt",
      "response_time_ms": 8100
    },
    {
      "image_path": "Chill-guy/Chill-guy_25.png",
      "label": "輕蔑",
      "response_time": "00:00:03.605",
      "timestamp_unix": 1749740064,
      "timestamp_unix_ms": 1749740064040,
      "timestamp_readable": "2025-06-12 14:54:24.040",
      "normalized_name": "Chill-guy/Chill-guy",
      "meme_name": "Chill-guy",
      "post_id": 25,
      "english_label": "contempt",
      "response_time_ms": 3605
    },
    {
      "image_path": "Kevin-Hart/Kevin-Hart_37.png",
      "label": "其他",
      "response_time": "00:00:10.002",
      "timestamp_unix": 1749740074,
      "timestamp_unix_ms": 1749740074153,
      "timestamp_readable": "2025-06-12 14:54:34.153",
      "normalized_name": "Kevin-Hart/Kevin-Hart",
      "meme_name": "Kevin-Hart",
      "post_id": 37,
      "english_label": "others",
      "response_time_ms": 10002
    },
    {
      "image_path": "Futurama-Fry/Futurama-Fry_42.png",
      "label": "輕蔑",
      "response_time": "00:00:02.402",
      "timestamp_unix": 1749740076,
      "timestamp_unix_ms": 1749740076659,
      "timestamp_readable": "2025-06-12 14:54:36.659",
      "normalized_name": "Futurama-Fry/Futurama-Fry",
      "meme_name": "Futurama-Fry",
      "post_id": 42,
      "english_label": "contempt",
      "response_time_ms": 2402
    },
    {
      "image_path": "Ill-Have-You-Know-Spongebob/Ill-Have-You-Know-Spongebob_1.png",
      "label": "輕蔑",
      "response_time": "00:00:06.004",
      "timestamp_unix": 1749740082,
      "timestamp_unix_ms": 1749740082766,
      "timestamp_readable": "2025-06-12 14:54:42.766",
      "normalized_name": "Ill-Have-You-Know-Spongebob/Ill-Have-You-Know-Spongebob",
      "meme_name": "Ill-Have-You-Know-Spongebob",
      "post_id": 1,
      "english_label": "contempt",
      "response_time_ms": 6004
    },
    {
      "image_path": "Table-Flip-Guy/Table-Flip-Guy_4.png",
      "label": "憤怒",
      "response_time": "00:00:03.300",
      "timestamp_unix": 1749740086,
      "timestamp_unix_ms": 1749740086197,
      "timestamp_readable": "2025-06-12 14:54:46.197",
      "normalized_name": "Table-Flip-Guy/Table-Flip-Guy",
      "meme_name": "Table-Flip-Guy",
      "post_id": 4,
      "english_label": "anger",
      "response_time_ms": 3300
    },
    {
      "image_path": "Always-Has-Been/Always-Has-Been_36.png",
      "label": "其他",
      "response_time": "00:00:07.703",
      "timestamp_unix": 1749740094,
      "timestamp_unix_ms": 1749740094024,
      "timestamp_readable": "2025-06-12 14:54:54.024",
      "normalized_name": "Always-Has-Been/Always-Has-Been",
      "meme_name": "Always-Has-Been",
      "post_id": 36,
      "english_label": "others",
      "response_time_ms": 7703
    },
    {
      "image_path": "Always-you-three/Always-you-three_35.png",
      "label": "輕蔑",
      "response_time": "00:00:05.906",
      "timestamp_unix": 1749740100,
      "timestamp_unix_ms": 1749740100017,
      "timestamp_readable": "2025-06-12 14:55:00.017",
      "normalized_name": "Always-you-three/Always-you-three",
      "meme_name": "Always-you-three",
      "post_id": 35,
      "english_label": "contempt",
      "response_time_ms": 5906
    },
    {
      "image_path": "Batman-Slapping-Robin/Batman-Slapping-Robin_17.png",
      "label": "輕蔑",
      "response_time": "00:00:12.900",
      "timestamp_unix": 1749740112,
      "timestamp_unix_ms": 1749740112994,
      "timestamp_readable": "2025-06-12 14:55:12.994",
      "normalized_name": "Batman-Slapping-Robin/Batman-Slapping-Robin",
      "meme_name": "Batman-Slapping-Robin",
      "post_id": 17,
      "english_label": "contempt",
      "response_time_ms": 12900
    },
    {
      "image_path": "Put-It-Somewhere-Else-Patrick/Put-It-Somewhere-Else-Patrick_31.png",
      "label": "輕蔑",
      "response_time": "00:00:06.205",
      "timestamp_unix": 1749740119,
      "timestamp_unix_ms": 1749740119276,
      "timestamp_readable": "2025-06-12 14:55:19.276",
      "normalized_name": "Put-It-Somewhere-Else-Patrick/Put-It-Somewhere-Else-Patrick",
      "meme_name": "Put-It-Somewhere-Else-Patrick",
      "post_id": 31,
      "english_label": "contempt",
      "response_time_ms": 6205
    },
    {
      "image_path": "Thats-a-paddlin/Thats-a-paddlin_26.png",
      "label": "厭惡",
      "response_time": "00:00:03.905",
      "timestamp_unix": 1749740123,
      "timestamp_unix_ms": 1749740123243,
      "timestamp_readable": "2025-06-12 14:55:23.243",
      "normalized_name": "Thats-a-paddlin/Thats-a-paddlin",
      "meme_name": "Thats-a-paddlin",
      "post_id": 26,
      "english_label": "disgust",
      "response_time_ms": 3905
    },
    {
      "image_path": "Mr-incredible-mad/Mr-incredible-mad_50.png",
      "label": "憤怒",
      "response_time": "00:00:17.004",
      "timestamp_unix": 1749740140,
      "timestamp_unix_ms": 1749740140343,
      "timestamp_readable": "2025-06-12 14:55:40.343",
      "normalized_name": "Mr-incredible-mad/Mr-incredible-mad",
      "meme_name": "Mr-incredible-mad",
      "post_id": 50,
      "english_label": "anger",
      "response_time_ms": 17004
    },
    {
      "image_path": "Angry-Baby/Angry-Baby_16.png",
      "label": "憤怒",
      "response_time": "00:00:07.202",
      "timestamp_unix": 1749740147,
      "timestamp_unix_ms": 1749740147670,
      "timestamp_readable": "2025-06-12 14:55:47.670",
      "normalized_name": "Angry-Baby/Angry-Baby",
      "meme_name": "Angry-Baby",
      "post_id": 16,
      "english_label": "anger",
      "response_time_ms": 7202
    },
    {
      "image_path": "Moe-throws-Barney/Moe-throws-Barney_9.png",
      "label": "厭惡",
      "response_time": "00:00:03.502",
      "timestamp_unix": 1749740151,
      "timestamp_unix_ms": 1749740151310,
      "timestamp_readable": "2025-06-12 14:55:51.310",
      "normalized_name": "Moe-throws-Barney/Moe-throws-Barney",
      "meme_name": "Moe-throws-Barney",
      "post_id": 9,
      "english_label": "disgust",
      "response_time_ms": 3502
    },
    {
      "image_path": "attention_check/attention_check_Anger.png",
      "label": "憤怒",
      "response_time": "00:01:00.000",
      "timestamp_unix": 1749740211,
      "timestamp_unix_ms": 1749740211443,
      "timestamp_readable": "2025-06-12 14:56:51.443",
      "normalized_name": "attention_check/attention_check_Anger.png",
      "meme_name": "attention_check",
      "post_id": null,
      "english_label": "anger",
      "response_time_ms": 60000
    },
    {
      "image_path": "Hold-fart/Hold-fart_38.png",
      "label": "憤怒",
      "response_time": "00:00:04.202",
      "timestamp_unix": 1749740215,
      "timestamp_unix_ms": 1749740215762,
      "timestamp_readable": "2025-06-12 14:56:55.762",
      "normalized_name": "Hold-fart/Hold-fart",
      "meme_name": "Hold-fart",
      "post_id": 38,
      "english_label": "anger",
      "response_time_ms": 4202
    },
    {
      "image_path": "Surprised-Pikachu/Surprised-Pikachu_33.png",
      "label": "輕蔑",
      "response_time": "00:00:02.502",
      "timestamp_unix": 1749740218,
      "timestamp_unix_ms": 1749740218380,
      "timestamp_readable": "2025-06-12 14:56:58.380",
      "normalized_name": "Surprised-Pikachu/Surprised-Pikachu",
      "meme_name": "Surprised-Pikachu",
      "post_id": 33,
      "english_label": "contempt",
      "response_time_ms": 2502
    },
    {
      "image_path": "Disaster-Girl/Disaster-Girl_45.png",
      "label": "輕蔑",
      "response_time": "00:00:06.100",
      "timestamp_unix": 1749740224,
      "timestamp_unix_ms": 1749740224561,
      "timestamp_readable": "2025-06-12 14:57:04.561",
      "normalized_name": "Disaster-Girl/Disaster-Girl",
      "meme_name": "Disaster-Girl",
      "post_id": 45,
      "english_label": "contempt",
      "response_time_ms": 6100
    },
    {
      "image_path": "Arthur-Fist/Arthur-Fist_34.png",
      "label": "憤怒",
      "response_time": "00:00:01.901",
      "timestamp_unix": 1749740226,
      "timestamp_unix_ms": 1749740226590,
      "timestamp_readable": "2025-06-12 14:57:06.590",
      "normalized_name": "Arthur-Fist/Arthur-Fist",
      "meme_name": "Arthur-Fist",
      "post_id": 34,
      "english_label": "anger",
      "response_time_ms": 1901
    },
    {
      "image_path": "Monkey-Puppet/Monkey-Puppet_19.png",
      "label": "輕蔑",
      "response_time": "00:00:02.001",
      "timestamp_unix": 1749740228,
      "timestamp_unix_ms": 1749740228681,
      "timestamp_readable": "2025-06-12 14:57:08.681",
      "normalized_name": "Monkey-Puppet/Monkey-Puppet",
      "meme_name": "Monkey-Puppet",
      "post_id": 19,
      "english_label": "contempt",
      "response_time_ms": 2001
    },
    {
      "image_path": "Mocking-Spongebob/Mocking-Spongebob_41.png",
      "label": "厭惡",
      "response_time": "00:00:07.002",
      "timestamp_unix": 1749740235,
      "timestamp_unix_ms": 1749740235730,
      "timestamp_readable": "2025-06-12 14:57:15.730",
      "normalized_name": "Mocking-Spongebob/Mocking-Spongebob",
      "meme_name": "Mocking-Spongebob",
      "post_id": 41,
      "english_label": "disgust",
      "response_time_ms": 7002
    },
    {
      "image_path": "Leonardo-Dicaprio-Wolf-Of-Wall-Street/Leonardo-Dicaprio-Wolf-Of-Wall-Street_10.png",
      "label": "輕蔑",
      "response_time": "00:00:04.305",
      "timestamp_unix": 1749740240,
      "timestamp_unix_ms": 1749740240098,
      "timestamp_readable": "2025-06-12 14:57:20.098",
      "normalized_name": "Leonardo-Dicaprio-Wolf-Of-Wall-Street/Leonardo-Dicaprio-Wolf-Of-Wall-Street",
      "meme_name": "Leonardo-Dicaprio-Wolf-Of-Wall-Street",
      "post_id": 10,
      "english_label": "contempt",
      "response_time_ms": 4305
    },
    {
      "image_path": "Black-guy-hiding-behind-tree/Black-guy-hiding-behind-tree_49.png",
      "label": "厭惡",
      "response_time": "00:00:02.202",
      "timestamp_unix": 1749740242,
      "timestamp_unix_ms": 1749740242411,
      "timestamp_readable": "2025-06-12 14:57:22.411",
      "normalized_name": "Black-guy-hiding-behind-tree/Black-guy-hiding-behind-tree",
      "meme_name": "Black-guy-hiding-behind-tree",
      "post_id": 49,
      "english_label": "disgust",
      "response_time_ms": 2202
    },
    {
      "image_path": "Scooby-doo-mask-reveal/Scooby-doo-mask-reveal_5.png",
      "label": "憤怒",
      "response_time": "00:00:05.605",
      "timestamp_unix": 1749740248,
      "timestamp_unix_ms": 1749740248135,
      "timestamp_readable": "2025-06-12 14:57:28.135",
      "normalized_name": "Scooby-doo-mask-reveal/Scooby-doo-mask-reveal",
      "meme_name": "Scooby-doo-mask-reveal",
      "post_id": 5,
      "english_label": "anger",
      "response_time_ms": 5605
    },
    {
      "image_path": "Hide-the-Pain-Harold/Hide-the-Pain-Harold_24.png",
      "label": "輕蔑",
      "response_time": "00:00:06.104",
      "timestamp_unix": 1749740254,
      "timestamp_unix_ms": 1749740254378,
      "timestamp_readable": "2025-06-12 14:57:34.378",
      "normalized_name": "Hide-the-Pain-Harold/Hide-the-Pain-Harold",
      "meme_name": "Hide-the-Pain-Harold",
      "post_id": 24,
      "english_label": "contempt",
      "response_time_ms": 6104
    },
    {
      "image_path": "You-The-Real-MVP/You-The-Real-MVP_18.png",
      "label": "厭惡",
      "response_time": "00:00:03.501",
      "timestamp_unix": 1749740258,
      "timestamp_unix_ms": 1749740258010,
      "timestamp_readable": "2025-06-12 14:57:38.010",
      "normalized_name": "You-The-Real-MVP/You-The-Real-MVP",
      "meme_name": "You-The-Real-MVP",
      "post_id": 18,
      "english_label": "disgust",
      "response_time_ms": 3501
    },
    {
      "image_path": "Dave-chappelle/Dave-chappelle_12.png",
      "label": "其他",
      "response_time": "00:00:05.100",
      "timestamp_unix": 1749740263,
      "timestamp_unix_ms": 1749740263259,
      "timestamp_readable": "2025-06-12 14:57:43.259",
      "normalized_name": "Dave-chappelle/Dave-chappelle",
      "meme_name": "Dave-chappelle",
      "post_id": 12,
      "english_label": "others",
      "response_time_ms": 5100
    },
    {
      "image_path": "Khan/Khan_21.png",
      "label": "輕蔑",
      "response_time": "00:00:05.301",
      "timestamp_unix": 1749740268,
      "timestamp_unix_ms": 1749740268679,
      "timestamp_readable": "2025-06-12 14:57:48.679",
      "normalized_name": "Khan/Khan",
      "meme_name": "Khan",
      "post_id": 21,
      "english_label": "contempt",
      "response_time_ms": 5301
    },
    {
      "image_path": "Picard-Wtf/Picard-Wtf_44.png",
      "label": "厭惡",
      "response_time": "00:00:03.803",
      "timestamp_unix": 1749740272,
      "timestamp_unix_ms": 1749740272584,
      "timestamp_readable": "2025-06-12 14:57:52.584",
      "normalized_name": "Picard-Wtf/Picard-Wtf",
      "meme_name": "Picard-Wtf",
      "post_id": 44,
      "english_label": "disgust",
      "response_time_ms": 3803
    },
    {
      "image_path": "Happy--Shock/Happy--Shock_40.png",
      "label": "厭惡",
      "response_time": "00:00:08.805",
      "timestamp_unix": 1749740281,
      "timestamp_unix_ms": 1749740281494,
      "timestamp_readable": "2025-06-12 14:58:01.494",
      "normalized_name": "Happy--Shock/Happy--Shock",
      "meme_name": "Happy--Shock",
      "post_id": 40,
      "english_label": "disgust",
      "response_time_ms": 8805
    },
    {
      "image_path": "Confused-Gandalf/Confused-Gandalf_32.png",
      "label": "憤怒",
      "response_time": "00:00:03.304",
      "timestamp_unix": 1749740284,
      "timestamp_unix_ms": 1749740284903,
      "timestamp_readable": "2025-06-12 14:58:04.903",
      "normalized_name": "Confused-Gandalf/Confused-Gandalf",
      "meme_name": "Confused-Gandalf",
      "post_id": 32,
      "english_label": "anger",
      "response_time_ms": 3304
    },
    {
      "image_path": "Drake-NoYes/Drake-NoYes_11.png",
      "label": "輕蔑",
      "response_time": "00:00:02.501",
      "timestamp_unix": 1749740287,
      "timestamp_unix_ms": 1749740287501,
      "timestamp_readable": "2025-06-12 14:58:07.501",
      "normalized_name": "Drake-NoYes/Drake-NoYes",
      "meme_name": "Drake-NoYes",
      "post_id": 11,
      "english_label": "contempt",
      "response_time_ms": 2501
    },
    {
      "image_path": "Gru-Gun/Gru-Gun_2.png",
      "label": "厭惡",
      "response_time": "00:00:08.501",
      "timestamp_unix": 1749740296,
      "timestamp_unix_ms": 1749740296121,
      "timestamp_readable": "2025-06-12 14:58:16.121",
      "normalized_name": "Gru-Gun/Gru-Gun",
      "meme_name": "Gru-Gun",
      "post_id": 2,
      "english_label": "disgust",
      "response_time_ms": 8501
    },
    {
      "image_path": "Math-ladyConfused-lady/Math-ladyConfused-lady_15.png",
      "label": "憤怒",
      "response_time": "00:00:06.601",
      "timestamp_unix": 1749740302,
      "timestamp_unix_ms": 1749740302858,
      "timestamp_readable": "2025-06-12 14:58:22.858",
      "normalized_name": "Math-ladyConfused-lady/Math-ladyConfused-lady",
      "meme_name": "Math-ladyConfused-lady",
      "post_id": 15,
      "english_label": "anger",
      "response_time_ms": 6601
    },
    {
      "image_path": "Smudge-the-cat/Smudge-the-cat_20.png",
      "label": "厭惡",
      "response_time": "00:00:03.403",
      "timestamp_unix": 1749740306,
      "timestamp_unix_ms": 1749740306345,
      "timestamp_readable": "2025-06-12 14:58:26.345",
      "normalized_name": "Smudge-the-cat/Smudge-the-cat",
      "meme_name": "Smudge-the-cat",
      "post_id": 20,
      "english_label": "disgust",
      "response_time_ms": 3403
    },
    {
      "image_path": "Laughing-wolf/Laughing-wolf_28.png",
      "label": "輕蔑",
      "response_time": "00:00:02.901",
      "timestamp_unix": 1749740309,
      "timestamp_unix_ms": 1749740309387,
      "timestamp_readable": "2025-06-12 14:58:29.387",
      "normalized_name": "Laughing-wolf/Laughing-wolf",
      "meme_name": "Laughing-wolf",
      "post_id": 28,
      "english_label": "contempt",
      "response_time_ms": 2901
    },
    {
      "image_path": "Persian-Cat-Room-Guardian/Persian-Cat-Room-Guardian_46.png",
      "label": "輕蔑",
      "response_time": "00:00:05.302",
      "timestamp_unix": 1749740314,
      "timestamp_unix_ms": 1749740314761,
      "timestamp_readable": "2025-06-12 14:58:34.761",
      "normalized_name": "Persian-Cat-Room-Guardian/Persian-Cat-Room-Guardian",
      "meme_name": "Persian-Cat-Room-Guardian",
      "post_id": 46,
      "english_label": "contempt",
      "response_time_ms": 5302
    },
    {
      "image_path": "Dinkleberg/Dinkleberg_29.png",
      "label": "厭惡",
      "response_time": "00:00:05.204",
      "timestamp_unix": 1749740320,
      "timestamp_unix_ms": 1749740320048,
      "timestamp_readable": "2025-06-12 14:58:40.048",
      "normalized_name": "Dinkleberg/Dinkleberg",
      "meme_name": "Dinkleberg",
      "post_id": 29,
      "english_label": "disgust",
      "response_time_ms": 5204
    },
    {
      "image_path": "attention_check/attention_check_Disgust.png",
      "label": "厭惡",
      "response_time": "00:00:02.304",
      "timestamp_unix": 1749740322,
      "timestamp_unix_ms": 1749740322444,
      "timestamp_readable": "2025-06-12 14:58:42.444",
      "normalized_name": "attention_check/attention_check_Disgust.png",
      "meme_name": "attention_check",
      "post_id": null,
      "english_label": "disgust",
      "response_time_ms": 2304
    },
    {
      "image_path": "Afraid-To-Ask-Andy/Afraid-To-Ask-Andy_8.png",
      "label": "輕蔑",
      "response_time": "00:00:12.000",
      "timestamp_unix": 1749740334,
      "timestamp_unix_ms": 1749740334604,
      "timestamp_readable": "2025-06-12 14:58:54.604",
      "normalized_name": "Afraid-To-Ask-Andy/Afraid-To-Ask-Andy",
      "meme_name": "Afraid-To-Ask-Andy",
      "post_id": 8,
      "english_label": "contempt",
      "response_time_ms": 12000
    },
    {
      "image_path": "Mr-McMahon-reaction/Mr-McMahon-reaction_13.png",
      "label": "厭惡",
      "response_time": "00:00:08.904",
      "timestamp_unix": 1749740343,
      "timestamp_unix_ms": 1749740343579,
      "timestamp_readable": "2025-06-12 14:59:03.579",
      "normalized_name": "Mr-McMahon-reaction/Mr-McMahon-reaction",
      "meme_name": "Mr-McMahon-reaction",
      "post_id": 13,
      "english_label": "disgust",
      "response_time_ms": 8904
    },
    {
      "image_path": "Im-The-Captain-Now/Im-The-Captain-Now_47.png",
      "label": "輕蔑",
      "response_time": "00:00:06.103",
      "timestamp_unix": 1749740349,
      "timestamp_unix_ms": 1749740349760,
      "timestamp_readable": "2025-06-12 14:59:09.760",
      "normalized_name": "Im-The-Captain-Now/Im-The-Captain-Now",
      "meme_name": "Im-The-Captain-Now",
      "post_id": 47,
      "english_label": "contempt",
      "response_time_ms": 6103
    },
    {
      "image_path": "DJ-Pauly-D/DJ-Pauly-D_3.png",
      "label": "憤怒",
      "response_time": "00:00:04.202",
      "timestamp_unix": 1749740354,
      "timestamp_unix_ms": 1749740354031,
      "timestamp_readable": "2025-06-12 14:59:14.031",
      "normalized_name": "DJ-Pauly-D/DJ-Pauly-D",
      "meme_name": "DJ-Pauly-D",
      "post_id": 3,
      "english_label": "anger",
      "response_time_ms": 4202
    },
    {
      "image_path": "Nuclear-Explosion/Nuclear-Explosion_6.png",
      "label": "輕蔑",
      "response_time": "00:00:06.801",
      "timestamp_unix": 1749740360,
      "timestamp_unix_ms": 1749740360879,
      "timestamp_readable": "2025-06-12 14:59:20.879",
      "normalized_name": "Nuclear-Explosion/Nuclear-Explosion",
      "meme_name": "Nuclear-Explosion",
      "post_id": 6,
      "english_label": "contempt",
      "response_time_ms": 6801
    },
    {
      "image_path": "Spiderman-Hospital/Spiderman-Hospital_43.png",
      "label": "其他",
      "response_time": "00:00:07.703",
      "timestamp_unix": 1749740368,
      "timestamp_unix_ms": 1749740368686,
      "timestamp_readable": "2025-06-12 14:59:28.686",
      "normalized_name": "Spiderman-Hospital/Spiderman-Hospital",
      "meme_name": "Spiderman-Hospital",
      "post_id": 43,
      "english_label": "others",
      "response_time_ms": 7703
    }
  ],
  "session_start_unix": 1749739952,
  "session_status": "completed",
  "last_updated_unix": 1749740380,
  "image_order": [
    "Spiderman-Hospital/Spiderman-Hospital_43.png",
    "Happy--Shock/Happy--Shock_40.png",
    "Chill-guy/Chill-guy_25.png",
    "I-am-once-again-asking/I-am-once-again-asking_7.png",
    "Math-ladyConfused-lady/Math-ladyConfused-lady_15.png",
    "Archer/Archer_23.png",
    "Leonardo-Dicaprio-Wolf-Of-Wall-Street/Leonardo-Dicaprio-Wolf-Of-Wall-Street_10.png",
    "Mocking-Spongebob/Mocking-Spongebob_41.png",
    "Afraid-To-Ask-Andy/Afraid-To-Ask-Andy_8.png",
    "Charlie-Day/Charlie-Day_27.png",
    "Always-Has-Been/Always-Has-Been_36.png",
    "Picard-Wtf/Picard-Wtf_44.png",
    "Batman-Slapping-Robin/Batman-Slapping-Robin_17.png",
    "For-the-better-right-blank/For-the-better-right-blank_22.png",
    "Drake-NoYes/Drake-NoYes_11.png",
    "Laughing-wolf/Laughing-wolf_28.png",
    "DJ-Pauly-D/DJ-Pauly-D_3.png",
    "Always-you-three/Always-you-three_35.png",
    "Disappointed-Man/Disappointed-Man_30.png",
    "Smudge-the-cat/Smudge-the-cat_20.png",
    "Thats-a-paddlin/Thats-a-paddlin_26.png",
    "attention_check/attention_check_Anger.png",
    "Hide-the-Pain-Harold/Hide-the-Pain-Harold_24.png",
    "Hold-fart/Hold-fart_38.png",
    "Im-The-Captain-Now/Im-The-Captain-Now_47.png",
    "Obi-Wan-Kenobi/Obi-Wan-Kenobi_48.png",
    "Spongebob-Yelling/Spongebob-Yelling_14.png",
    "Nuclear-Explosion/Nuclear-Explosion_6.png",
    "Dinkleberg/Dinkleberg_29.png",
    "Scooby-doo-mask-reveal/Scooby-doo-mask-reveal_5.png",
    "Disaster-Girl/Disaster-Girl_45.png",
    "Black-guy-hiding-behind-tree/Black-guy-hiding-behind-tree_49.png",
    "You-The-Real-MVP/You-The-Real-MVP_18.png",
    "Moe-throws-Barney/Moe-throws-Barney_9.png",
    "Ill-Have-You-Know-Spongebob/Ill-Have-You-Know-Spongebob_1.png",
    "Futurama-Fry/Futurama-Fry_42.png",
    "Monkey-Puppet/Monkey-Puppet_19.png",
    "Confused-Gandalf/Confused-Gandalf_32.png",
    "Mr-incredible-mad/Mr-incredible-mad_50.png",
    "Dave-chappelle/Dave-chappelle_12.png",
    "Surprised-Pikachu/Surprised-Pikachu_33.png",
    "Table-Flip-Guy/Table-Flip-Guy_4.png",
    "Kevin-Hart/Kevin-Hart_37.png",
    "Well-Yes-But-Actually-No/Well-Yes-But-Actually-No_39.png",
    "Mr-McMahon-reaction/Mr-McMahon-reaction_13.png",
    "attention_check/attention_check_Disgust.png",
    "Gru-Gun/Gru-Gun_2.png",
    "Persian-Cat-Room-Guardian/Persian-Cat-Room-Guardian_46.png",
    "Put-It-Somewhere-Else-Patrick/Put-It-Somewhere-Else-Patrick_31.png",
    "Angry-Baby/Angry-Baby_16.png",
    "Arthur-Fist/Arthur-Fist_34.png",
    "Khan/Khan_21.png"
  ],
  "completion_status": {
    "practice_completed": true,
    "game_started": true,
    "game_completed": true,
    "summary_viewed": true,
    "email_submitted": true
  },
  "timestamps_unix": {
    "registration_completed": 1749739952,
    "practice_started": 1749739952,
    "practice_completed": 1749739997,
    "game_started": 1749739997,
    "first_label": 1749740001,
    "last_label": 1749740368,
    "game_completed": 1749740370,
    "summary_viewed": 1749740370,
    "email_submitted": 1749740380,
    "session_end": 1749740380,
    "last_updated": 1749740380
  },
  "timestamps_unix_ms": {
    "registration_completed_ms": 1749739952394,
    "practice_started_ms": 1749739952438,
    "practice_completed_ms": 1749739997280,
    "game_started_ms": 1749739997295,
    "first_label_ms": 1749740001566,
    "last_label_ms": 1749740368686,
    "game_completed_ms": 1749740370766,
    "summary_viewed_ms": 1749740370782,
    "email_submitted_ms": 1749740380737,
    "session_end_ms": 1749740380737,
    "last_updated_ms": 1749740380737
  },
  "duration_stats_ms": {
    "total_session_duration_ms": 428343,
    "practice_duration_ms": 44842,
    "game_duration_ms": 373471,
    "labeling_duration_ms": 367120,
    "email_submission_duration_ms": 9955
  },
  "filename_updated_unix": 1749740370,
  "original_filename": "user_2f3e59",
  "completion_status_in_filename": "email_submitted"
}