{
  "user_id": "user_a84d41",
  "file_name": "user_a84d41_1750087830_1750087932_fullycomplete",
  "unix_start_time": 1750087830,
  "unix_start_time_ms": 1750087830188,
  "unix_end_time": 1750087932,
  "unix_end_time_ms": 1750087932916,
  "age": "30-34",
  "gender": "male",
  "user_agent": "Mozilla/5.0 (Windows NT 10.0; Win64; x64) AppleWebKit/537.36 (KHTML, like Gecko) Chrome/137.0.0.0 Safari/537.36",
  "user_ip": "61.227.212.152",
  "status": "complete",
  "email_provided": "complete",
  "attention_passed": true,
  "start_time_readable": "2025-06-16 15:30:30.188",
  "end_time_readable": "2025-06-16 15:32:12.916",
  "total_labels": 52,
  "emotion_summary": {
    "anger": 24,
    "contempt": 1,
    "disgust": 15,
    "others": 12
  },
  "email": "shine0101555@gmail.com",
  "participation": "yes",
  "total_responses": 52,
  "responses": [
    {
      "image_path": "Put-It-Somewhere-Else-Patrick/Put-It-Somewhere-Else-Patrick_47.png",
      "label": "厭惡",
      "response_time": "00:00:01.601",
      "timestamp_unix": 1750087841,
      "timestamp_unix_ms": 1750087841443,
      "timestamp_readable": "2025-06-16 15:30:41.443",
      "normalized_name": "Put-It-Somewhere-Else-Patrick/Put-It-Somewhere-Else-Patrick",
      "meme_name": "Put-It-Somewhere-Else-Patrick",
      "post_id": 47,
      "english_label": "disgust",
      "response_time_ms": 1601
    },
    {
      "image_path": "Chill-guy/Chill-guy_36.png",
      "label": "厭惡",
      "response_time": "00:00:00.909",
      "timestamp_unix": 1750087842,
      "timestamp_unix_ms": 1750087842444,
      "timestamp_readable": "2025-06-16 15:30:42.444",
      "normalized_name": "Chill-guy/Chill-guy",
      "meme_name": "Chill-guy",
      "post_id": 36,
      "english_label": "disgust",
      "response_time_ms": 909
    },
    {
      "image_path": "Laughing-wolf/Laughing-wolf_34.png",
      "label": "憤怒",
      "response_time": "00:00:01.109",
      "timestamp_unix": 1750087843,
      "timestamp_unix_ms": 1750087843611,
      "timestamp_readable": "2025-06-16 15:30:43.611",
      "normalized_name": "Laughing-wolf/Laughing-wolf",
      "meme_name": "Laughing-wolf",
      "post_id": 34,
      "english_label": "anger",
      "response_time_ms": 1109
    },
    {
      "image_path": "Monkey-Puppet/Monkey-Puppet_41.png",
      "label": "憤怒",
      "response_time": "00:00:00.906",
      "timestamp_unix": 1750087844,
      "timestamp_unix_ms": 1750087844661,
      "timestamp_readable": "2025-06-16 15:30:44.661",
      "normalized_name": "Monkey-Puppet/Monkey-Puppet",
      "meme_name": "Monkey-Puppet",
      "post_id": 41,
      "english_label": "anger",
      "response_time_ms": 906
    },
    {
      "image_path": "Smudge-the-cat/Smudge-the-cat_30.png",
      "label": "憤怒",
      "response_time": "00:00:00.902",
      "timestamp_unix": 1750087845,
      "timestamp_unix_ms": 1750087845622,
      "timestamp_readable": "2025-06-16 15:30:45.622",
      "normalized_name": "Smudge-the-cat/Smudge-the-cat",
      "meme_name": "Smudge-the-cat",
      "post_id": 30,
      "english_label": "anger",
      "response_time_ms": 902
    },
    {
      "image_path": "Black-guy-hiding-behind-tree/Black-guy-hiding-behind-tree_13.png",
      "label": "憤怒",
      "response_time": "00:00:01.604",
      "timestamp_unix": 1750087847,
      "timestamp_unix_ms": 1750087847291,
      "timestamp_readable": "2025-06-16 15:30:47.291",
      "normalized_name": "Black-guy-hiding-behind-tree/Black-guy-hiding-behind-tree",
      "meme_name": "Black-guy-hiding-behind-tree",
      "post_id": 13,
      "english_label": "anger",
      "response_time_ms": 1604
    },
    {
      "image_path": "Dinkleberg/Dinkleberg_19.png",
      "label": "憤怒",
      "response_time": "00:00:01.314",
      "timestamp_unix": 1750087848,
      "timestamp_unix_ms": 1750087848724,
      "timestamp_readable": "2025-06-16 15:30:48.724",
      "normalized_name": "Dinkleberg/Dinkleberg",
      "meme_name": "Dinkleberg",
      "post_id": 19,
      "english_label": "anger",
      "response_time_ms": 1314
    },
    {
      "image_path": "Batman-Slapping-Robin/Batman-Slapping-Robin_37.png",
      "label": "憤怒",
      "response_time": "00:00:00.905",
      "timestamp_unix": 1750087849,
      "timestamp_unix_ms": 1750087849706,
      "timestamp_readable": "2025-06-16 15:30:49.706",
      "normalized_name": "Batman-Slapping-Robin/Batman-Slapping-Robin",
      "meme_name": "Batman-Slapping-Robin",
      "post_id": 37,
      "english_label": "anger",
      "response_time_ms": 905
    },
    {
      "image_path": "I-am-once-again-asking/I-am-once-again-asking_24.png",
      "label": "厭惡",
      "response_time": "00:00:01.305",
      "timestamp_unix": 1750087851,
      "timestamp_unix_ms": 1750087851061,
      "timestamp_readable": "2025-06-16 15:30:51.061",
      "normalized_name": "I-am-once-again-asking/I-am-once-again-asking",
      "meme_name": "I-am-once-again-asking",
      "post_id": 24,
      "english_label": "disgust",
      "response_time_ms": 1305
    },
    {
      "image_path": "Disappointed-Man/Disappointed-Man_45.png",
      "label": "厭惡",
      "response_time": "00:00:00.401",
      "timestamp_unix": 1750087851,
      "timestamp_unix_ms": 1750087851574,
      "timestamp_readable": "2025-06-16 15:30:51.574",
      "normalized_name": "Disappointed-Man/Disappointed-Man",
      "meme_name": "Disappointed-Man",
      "post_id": 45,
      "english_label": "disgust",
      "response_time_ms": 401
    },
    {
      "image_path": "Drake-NoYes/Drake-NoYes_1.png",
      "label": "厭惡",
      "response_time": "00:00:01.011",
      "timestamp_unix": 1750087852,
      "timestamp_unix_ms": 1750087852695,
      "timestamp_readable": "2025-06-16 15:30:52.695",
      "normalized_name": "Drake-NoYes/Drake-NoYes",
      "meme_name": "Drake-NoYes",
      "post_id": 1,
      "english_label": "disgust",
      "response_time_ms": 1011
    },
    {
      "image_path": "Angry-Baby/Angry-Baby_29.png",
      "label": "厭惡",
      "response_time": "00:00:00.706",
      "timestamp_unix": 1750087853,
      "timestamp_unix_ms": 1750087853546,
      "timestamp_readable": "2025-06-16 15:30:53.546",
      "normalized_name": "Angry-Baby/Angry-Baby",
      "meme_name": "Angry-Baby",
      "post_id": 29,
      "english_label": "disgust",
      "response_time_ms": 706
    },
    {
      "image_path": "Gru-Gun/Gru-Gun_38.png",
      "label": "厭惡",
      "response_time": "00:00:00.704",
      "timestamp_unix": 1750087854,
      "timestamp_unix_ms": 1750087854373,
      "timestamp_readable": "2025-06-16 15:30:54.373",
      "normalized_name": "Gru-Gun/Gru-Gun",
      "meme_name": "Gru-Gun",
      "post_id": 38,
      "english_label": "disgust",
      "response_time_ms": 704
    },
    {
      "image_path": "Spiderman-Hospital/Spiderman-Hospital_16.png",
      "label": "厭惡",
      "response_time": "00:00:01.404",
      "timestamp_unix": 1750087855,
      "timestamp_unix_ms": 1750087855925,
      "timestamp_readable": "2025-06-16 15:30:55.925",
      "normalized_name": "Spiderman-Hospital/Spiderman-Hospital",
      "meme_name": "Spiderman-Hospital",
      "post_id": 16,
      "english_label": "disgust",
      "response_time_ms": 1404
    },
    {
      "image_path": "Leonardo-Dicaprio-Wolf-Of-Wall-Street/Leonardo-Dicaprio-Wolf-Of-Wall-Street_6.png",
      "label": "其他",
      "response_time": "00:00:01.502",
      "timestamp_unix": 1750087857,
      "timestamp_unix_ms": 1750087857525,
      "timestamp_readable": "2025-06-16 15:30:57.525",
      "normalized_name": "Leonardo-Dicaprio-Wolf-Of-Wall-Street/Leonardo-Dicaprio-Wolf-Of-Wall-Street",
      "meme_name": "Leonardo-Dicaprio-Wolf-Of-Wall-Street",
      "post_id": 6,
      "english_label": "others",
      "response_time_ms": 1502
    },
    {
      "image_path": "DJ-Pauly-D/DJ-Pauly-D_4.png",
      "label": "其他",
      "response_time": "00:00:00.610",
      "timestamp_unix": 1750087858,
      "timestamp_unix_ms": 1750087858188,
      "timestamp_readable": "2025-06-16 15:30:58.188",
      "normalized_name": "DJ-Pauly-D/DJ-Pauly-D",
      "meme_name": "DJ-Pauly-D",
      "post_id": 4,
      "english_label": "others",
      "response_time_ms": 610
    },
    {
      "image_path": "Kevin-Hart/Kevin-Hart_43.png",
      "label": "厭惡",
      "response_time": "00:00:01.900",
      "timestamp_unix": 1750087860,
      "timestamp_unix_ms": 1750087860207,
      "timestamp_readable": "2025-06-16 15:31:00.207",
      "normalized_name": "Kevin-Hart/Kevin-Hart",
      "meme_name": "Kevin-Hart",
      "post_id": 43,
      "english_label": "disgust",
      "response_time_ms": 1900
    },
    {
      "image_path": "Khan/Khan_7.png",
      "label": "憤怒",
      "response_time": "00:00:01.205",
      "timestamp_unix": 1750087861,
      "timestamp_unix_ms": 1750087861520,
      "timestamp_readable": "2025-06-16 15:31:01.520",
      "normalized_name": "Khan/Khan",
      "meme_name": "Khan",
      "post_id": 7,
      "english_label": "anger",
      "response_time_ms": 1205
    },
    {
      "image_path": "Disaster-Girl/Disaster-Girl_23.png",
      "label": "憤怒",
      "response_time": "00:00:00.702",
      "timestamp_unix": 1750087862,
      "timestamp_unix_ms": 1750087862325,
      "timestamp_readable": "2025-06-16 15:31:02.325",
      "normalized_name": "Disaster-Girl/Disaster-Girl",
      "meme_name": "Disaster-Girl",
      "post_id": 23,
      "english_label": "anger",
      "response_time_ms": 702
    },
    {
      "image_path": "Scooby-doo-mask-reveal/Scooby-doo-mask-reveal_35.png",
      "label": "憤怒",
      "response_time": "00:00:01.309",
      "timestamp_unix": 1750087863,
      "timestamp_unix_ms": 1750087863724,
      "timestamp_readable": "2025-06-16 15:31:03.724",
      "normalized_name": "Scooby-doo-mask-reveal/Scooby-doo-mask-reveal",
      "meme_name": "Scooby-doo-mask-reveal",
      "post_id": 35,
      "english_label": "anger",
      "response_time_ms": 1309
    },
    {
      "image_path": "Table-Flip-Guy/Table-Flip-Guy_10.png",
      "label": "輕蔑",
      "response_time": "00:00:01.606",
      "timestamp_unix": 1750087865,
      "timestamp_unix_ms": 1750087865452,
      "timestamp_readable": "2025-06-16 15:31:05.452",
      "normalized_name": "Table-Flip-Guy/Table-Flip-Guy",
      "meme_name": "Table-Flip-Guy",
      "post_id": 10,
      "english_label": "contempt",
      "response_time_ms": 1606
    },
    {
      "image_path": "Mocking-Spongebob/Mocking-Spongebob_44.png",
      "label": "憤怒",
      "response_time": "00:00:01.002",
      "timestamp_unix": 1750087866,
      "timestamp_unix_ms": 1750087866540,
      "timestamp_readable": "2025-06-16 15:31:06.540",
      "normalized_name": "Mocking-Spongebob/Mocking-Spongebob",
      "meme_name": "Mocking-Spongebob",
      "post_id": 44,
      "english_label": "anger",
      "response_time_ms": 1002
    },
    {
      "image_path": "Always-Has-Been/Always-Has-Been_25.png",
      "label": "憤怒",
      "response_time": "00:00:00.908",
      "timestamp_unix": 1750087867,
      "timestamp_unix_ms": 1750087867902,
      "timestamp_readable": "2025-06-16 15:31:07.902",
      "normalized_name": "Always-Has-Been/Always-Has-Been",
      "meme_name": "Always-Has-Been",
      "post_id": 25,
      "english_label": "anger",
      "response_time_ms": 908
    },
    {
      "image_path": "Surprised-Pikachu/Surprised-Pikachu_12.png",
      "label": "憤怒",
      "response_time": "00:00:00.705",
      "timestamp_unix": 1750087868,
      "timestamp_unix_ms": 1750087868692,
      "timestamp_readable": "2025-06-16 15:31:08.692",
      "normalized_name": "Surprised-Pikachu/Surprised-Pikachu",
      "meme_name": "Surprised-Pikachu",
      "post_id": 12,
      "english_label": "anger",
      "response_time_ms": 705
    },
    {
      "image_path": "Futurama-Fry/Futurama-Fry_42.png",
      "label": "憤怒",
      "response_time": "00:00:00.513",
      "timestamp_unix": 1750087869,
      "timestamp_unix_ms": 1750087869261,
      "timestamp_readable": "2025-06-16 15:31:09.261",
      "normalized_name": "Futurama-Fry/Futurama-Fry",
      "meme_name": "Futurama-Fry",
      "post_id": 42,
      "english_label": "anger",
      "response_time_ms": 513
    },
    {
      "image_path": "attention_check/attention_check_Anger.png",
      "label": "憤怒",
      "response_time": "00:00:02.106",
      "timestamp_unix": 1750087871,
      "timestamp_unix_ms": 1750087871494,
      "timestamp_readable": "2025-06-16 15:31:11.494",
      "normalized_name": "attention_check/attention_check_Anger.png",
      "meme_name": "attention_check",
      "post_id": null,
      "english_label": "anger",
      "response_time_ms": 2106
    },
    {
      "image_path": "Ill-Have-You-Know-Spongebob/Ill-Have-You-Know-Spongebob_39.png",
      "label": "其他",
      "response_time": "00:00:01.910",
      "timestamp_unix": 1750087873,
      "timestamp_unix_ms": 1750087873492,
      "timestamp_readable": "2025-06-16 15:31:13.492",
      "normalized_name": "Ill-Have-You-Know-Spongebob/Ill-Have-You-Know-Spongebob",
      "meme_name": "Ill-Have-You-Know-Spongebob",
      "post_id": 39,
      "english_label": "others",
      "response_time_ms": 1910
    },
    {
      "image_path": "Persian-Cat-Room-Guardian/Persian-Cat-Room-Guardian_40.png",
      "label": "憤怒",
      "response_time": "00:00:01.307",
      "timestamp_unix": 1750087874,
      "timestamp_unix_ms": 1750087874926,
      "timestamp_readable": "2025-06-16 15:31:14.926",
      "normalized_name": "Persian-Cat-Room-Guardian/Persian-Cat-Room-Guardian",
      "meme_name": "Persian-Cat-Room-Guardian",
      "post_id": 40,
      "english_label": "anger",
      "response_time_ms": 1307
    },
    {
      "image_path": "Happy--Shock/Happy--Shock_2.png",
      "label": "憤怒",
      "response_time": "00:00:01.607",
      "timestamp_unix": 1750087876,
      "timestamp_unix_ms": 1750087876661,
      "timestamp_readable": "2025-06-16 15:31:16.661",
      "normalized_name": "Happy--Shock/Happy--Shock",
      "meme_name": "Happy--Shock",
      "post_id": 2,
      "english_label": "anger",
      "response_time_ms": 1607
    },
    {
      "image_path": "Archer/Archer_32.png",
      "label": "憤怒",
      "response_time": "00:00:01.103",
      "timestamp_unix": 1750087877,
      "timestamp_unix_ms": 1750087877858,
      "timestamp_readable": "2025-06-16 15:31:17.858",
      "normalized_name": "Archer/Archer",
      "meme_name": "Archer",
      "post_id": 32,
      "english_label": "anger",
      "response_time_ms": 1103
    },
    {
      "image_path": "Nuclear-Explosion/Nuclear-Explosion_50.png",
      "label": "憤怒",
      "response_time": "00:00:01.009",
      "timestamp_unix": 1750087879,
      "timestamp_unix_ms": 1750087879011,
      "timestamp_readable": "2025-06-16 15:31:19.011",
      "normalized_name": "Nuclear-Explosion/Nuclear-Explosion",
      "meme_name": "Nuclear-Explosion",
      "post_id": 50,
      "english_label": "anger",
      "response_time_ms": 1009
    },
    {
      "image_path": "Moe-throws-Barney/Moe-throws-Barney_17.png",
      "label": "厭惡",
      "response_time": "00:00:01.607",
      "timestamp_unix": 1750087880,
      "timestamp_unix_ms": 1750087880760,
      "timestamp_readable": "2025-06-16 15:31:20.760",
      "normalized_name": "Moe-throws-Barney/Moe-throws-Barney",
      "meme_name": "Moe-throws-Barney",
      "post_id": 17,
      "english_label": "disgust",
      "response_time_ms": 1607
    },
    {
      "image_path": "Well-Yes-But-Actually-No/Well-Yes-But-Actually-No_22.png",
      "label": "厭惡",
      "response_time": "00:00:01.611",
      "timestamp_unix": 1750087882,
      "timestamp_unix_ms": 1750087882447,
      "timestamp_readable": "2025-06-16 15:31:22.447",
      "normalized_name": "Well-Yes-But-Actually-No/Well-Yes-But-Actually-No",
      "meme_name": "Well-Yes-But-Actually-No",
      "post_id": 22,
      "english_label": "disgust",
      "response_time_ms": 1611
    },
    {
      "image_path": "Dave-chappelle/Dave-chappelle_28.png",
      "label": "厭惡",
      "response_time": "00:00:00.807",
      "timestamp_unix": 1750087883,
      "timestamp_unix_ms": 1750087883392,
      "timestamp_readable": "2025-06-16 15:31:23.392",
      "normalized_name": "Dave-chappelle/Dave-chappelle",
      "meme_name": "Dave-chappelle",
      "post_id": 28,
      "english_label": "disgust",
      "response_time_ms": 807
    },
    {
      "image_path": "You-The-Real-MVP/You-The-Real-MVP_31.png",
      "label": "厭惡",
      "response_time": "00:00:01.309",
      "timestamp_unix": 1750087884,
      "timestamp_unix_ms": 1750087884812,
      "timestamp_readable": "2025-06-16 15:31:24.812",
      "normalized_name": "You-The-Real-MVP/You-The-Real-MVP",
      "meme_name": "You-The-Real-MVP",
      "post_id": 31,
      "english_label": "disgust",
      "response_time_ms": 1309
    },
    {
      "image_path": "Obi-Wan-Kenobi/Obi-Wan-Kenobi_9.png",
      "label": "其他",
      "response_time": "00:00:01.209",
      "timestamp_unix": 1750087886,
      "timestamp_unix_ms": 1750087886093,
      "timestamp_readable": "2025-06-16 15:31:26.093",
      "normalized_name": "Obi-Wan-Kenobi/Obi-Wan-Kenobi",
      "meme_name": "Obi-Wan-Kenobi",
      "post_id": 9,
      "english_label": "others",
      "response_time_ms": 1209
    },
    {
      "image_path": "Mr-incredible-mad/Mr-incredible-mad_14.png",
      "label": "其他",
      "response_time": "00:00:01.108",
      "timestamp_unix": 1750087887,
      "timestamp_unix_ms": 1750087887326,
      "timestamp_readable": "2025-06-16 15:31:27.326",
      "normalized_name": "Mr-incredible-mad/Mr-incredible-mad",
      "meme_name": "Mr-incredible-mad",
      "post_id": 14,
      "english_label": "others",
      "response_time_ms": 1108
    },
    {
      "image_path": "Hide-the-Pain-Harold/Hide-the-Pain-Harold_26.png",
      "label": "其他",
      "response_time": "00:00:01.209",
      "timestamp_unix": 1750087888,
      "timestamp_unix_ms": 1750087888669,
      "timestamp_readable": "2025-06-16 15:31:28.669",
      "normalized_name": "Hide-the-Pain-Harold/Hide-the-Pain-Harold",
      "meme_name": "Hide-the-Pain-Harold",
      "post_id": 26,
      "english_label": "others",
      "response_time_ms": 1209
    },
    {
      "image_path": "Spongebob-Yelling/Spongebob-Yelling_11.png",
      "label": "其他",
      "response_time": "00:00:02.005",
      "timestamp_unix": 1750087890,
      "timestamp_unix_ms": 1750087890757,
      "timestamp_readable": "2025-06-16 15:31:30.757",
      "normalized_name": "Spongebob-Yelling/Spongebob-Yelling",
      "meme_name": "Spongebob-Yelling",
      "post_id": 11,
      "english_label": "others",
      "response_time_ms": 2005
    },
    {
      "image_path": "Math-ladyConfused-lady/Math-ladyConfused-lady_5.png",
      "label": "其他",
      "response_time": "00:00:02.501",
      "timestamp_unix": 1750087893,
      "timestamp_unix_ms": 1750087893343,
      "timestamp_readable": "2025-06-16 15:31:33.343",
      "normalized_name": "Math-ladyConfused-lady/Math-ladyConfused-lady",
      "meme_name": "Math-ladyConfused-lady",
      "post_id": 5,
      "english_label": "others",
      "response_time_ms": 2501
    },
    {
      "image_path": "Hold-fart/Hold-fart_20.png",
      "label": "其他",
      "response_time": "00:00:00.903",
      "timestamp_unix": 1750087894,
      "timestamp_unix_ms": 1750087894412,
      "timestamp_readable": "2025-06-16 15:31:34.412",
      "normalized_name": "Hold-fart/Hold-fart",
      "meme_name": "Hold-fart",
      "post_id": 20,
      "english_label": "others",
      "response_time_ms": 903
    },
    {
      "image_path": "Mr-McMahon-reaction/Mr-McMahon-reaction_15.png",
      "label": "憤怒",
      "response_time": "00:00:01.308",
      "timestamp_unix": 1750087895,
      "timestamp_unix_ms": 1750087895796,
      "timestamp_readable": "2025-06-16 15:31:35.796",
      "normalized_name": "Mr-McMahon-reaction/Mr-McMahon-reaction",
      "meme_name": "Mr-McMahon-reaction",
      "post_id": 15,
      "english_label": "anger",
      "response_time_ms": 1308
    },
    {
      "image_path": "Im-The-Captain-Now/Im-The-Captain-Now_18.png",
      "label": "其他",
      "response_time": "00:00:01.807",
      "timestamp_unix": 1750087897,
      "timestamp_unix_ms": 1750087897687,
      "timestamp_readable": "2025-06-16 15:31:37.687",
      "normalized_name": "Im-The-Captain-Now/Im-The-Captain-Now",
      "meme_name": "Im-The-Captain-Now",
      "post_id": 18,
      "english_label": "others",
      "response_time_ms": 1807
    },
    {
      "image_path": "Arthur-Fist/Arthur-Fist_49.png",
      "label": "憤怒",
      "response_time": "00:00:01.204",
      "timestamp_unix": 1750087899,
      "timestamp_unix_ms": 1750087899043,
      "timestamp_readable": "2025-06-16 15:31:39.043",
      "normalized_name": "Arthur-Fist/Arthur-Fist",
      "meme_name": "Arthur-Fist",
      "post_id": 49,
      "english_label": "anger",
      "response_time_ms": 1204
    },
    {
      "image_path": "Picard-Wtf/Picard-Wtf_46.png",
      "label": "憤怒",
      "response_time": "00:00:01.007",
      "timestamp_unix": 1750087900,
      "timestamp_unix_ms": 1750087900178,
      "timestamp_readable": "2025-06-16 15:31:40.178",
      "normalized_name": "Picard-Wtf/Picard-Wtf",
      "meme_name": "Picard-Wtf",
      "post_id": 46,
      "english_label": "anger",
      "response_time_ms": 1007
    },
    {
      "image_path": "Afraid-To-Ask-Andy/Afraid-To-Ask-Andy_48.png",
      "label": "憤怒",
      "response_time": "00:00:01.008",
      "timestamp_unix": 1750087901,
      "timestamp_unix_ms": 1750087901244,
      "timestamp_readable": "2025-06-16 15:31:41.244",
      "normalized_name": "Afraid-To-Ask-Andy/Afraid-To-Ask-Andy",
      "meme_name": "Afraid-To-Ask-Andy",
      "post_id": 48,
      "english_label": "anger",
      "response_time_ms": 1008
    },
    {
      "image_path": "Charlie-Day/Charlie-Day_3.png",
      "label": "憤怒",
      "response_time": "00:00:00.810",
      "timestamp_unix": 1750087902,
      "timestamp_unix_ms": 1750087902126,
      "timestamp_readable": "2025-06-16 15:31:42.126",
      "normalized_name": "Charlie-Day/Charlie-Day",
      "meme_name": "Charlie-Day",
      "post_id": 3,
      "english_label": "anger",
      "response_time_ms": 810
    },
    {
      "image_path": "For-the-better-right-blank/For-the-better-right-blank_27.png",
      "label": "厭惡",
      "response_time": "00:00:01.206",
      "timestamp_unix": 1750087903,
      "timestamp_unix_ms": 1750087903460,
      "timestamp_readable": "2025-06-16 15:31:43.460",
      "normalized_name": "For-the-better-right-blank/For-the-better-right-blank",
      "meme_name": "For-the-better-right-blank",
      "post_id": 27,
      "english_label": "disgust",
      "response_time_ms": 1206
    },
    {
      "image_path": "Always-you-three/Always-you-three_8.png",
      "label": "厭惡",
      "response_time": "00:00:02.809",
      "timestamp_unix": 1750087906,
      "timestamp_unix_ms": 1750087906429,
      "timestamp_readable": "2025-06-16 15:31:46.429",
      "normalized_name": "Always-you-three/Always-you-three",
      "meme_name": "Always-you-three",
      "post_id": 8,
      "english_label": "disgust",
      "response_time_ms": 2809
    },
    {
      "image_path": "Thats-a-paddlin/Thats-a-paddlin_21.png",
      "label": "憤怒",
      "response_time": "00:00:01.900",
      "timestamp_unix": 1750087908,
      "timestamp_unix_ms": 1750087908401,
      "timestamp_readable": "2025-06-16 15:31:48.401",
      "normalized_name": "Thats-a-paddlin/Thats-a-paddlin",
      "meme_name": "Thats-a-paddlin",
      "post_id": 21,
      "english_label": "anger",
      "response_time_ms": 1900
    },
    {
      "image_path": "attention_check/attention_check_Others.png",
      "label": "其他",
      "response_time": "00:00:01.504",
      "timestamp_unix": 1750087910,
      "timestamp_unix_ms": 1750087910047,
      "timestamp_readable": "2025-06-16 15:31:50.047",
      "normalized_name": "attention_check/attention_check_Others.png",
      "meme_name": "attention_check",
      "post_id": null,
      "english_label": "others",
      "response_time_ms": 1504
    },
    {
      "image_path": "Confused-Gandalf/Confused-Gandalf_33.png",
      "label": "其他",
      "response_time": "00:00:01.007",
      "timestamp_unix": 1750087911,
      "timestamp_unix_ms": 1750087911213,
      "timestamp_readable": "2025-06-16 15:31:51.213",
      "normalized_name": "Confused-Gandalf/Confused-Gandalf",
      "meme_name": "Confused-Gandalf",
      "post_id": 33,
      "english_label": "others",
      "response_time_ms": 1007
    }
  ],
  "session_start_unix": 1750087830,
  "session_status": "completed",
  "last_updated_unix": 1750087932,
  "image_order": [
    "Spiderman-Hospital/Spiderman-Hospital_16.png",
    "Happy--Shock/Happy--Shock_2.png",
    "Chill-guy/Chill-guy_36.png",
    "I-am-once-again-asking/I-am-once-again-asking_24.png",
    "Math-ladyConfused-lady/Math-ladyConfused-lady_5.png",
    "Archer/Archer_32.png",
    "Leonardo-Dicaprio-Wolf-Of-Wall-Street/Leonardo-Dicaprio-Wolf-Of-Wall-Street_6.png",
    "Mocking-Spongebob/Mocking-Spongebob_44.png",
    "Afraid-To-Ask-Andy/Afraid-To-Ask-Andy_48.png",
    "Charlie-Day/Charlie-Day_3.png",
    "Always-Has-Been/Always-Has-Been_25.png",
    "Picard-Wtf/Picard-Wtf_46.png",
    "Batman-Slapping-Robin/Batman-Slapping-Robin_37.png",
    "For-the-better-right-blank/For-the-better-right-blank_27.png",
    "Drake-NoYes/Drake-NoYes_1.png",
    "Laughing-wolf/Laughing-wolf_34.png",
    "DJ-Pauly-D/DJ-Pauly-D_4.png",
    "Always-you-three/Always-you-three_8.png",
    "Disappointed-Man/Disappointed-Man_45.png",
    "Smudge-the-cat/Smudge-the-cat_30.png",
    "Thats-a-paddlin/Thats-a-paddlin_21.png",
    "Hide-the-Pain-Harold/Hide-the-Pain-Harold_26.png",
    "Hold-fart/Hold-fart_20.png",
    "Im-The-Captain-Now/Im-The-Captain-Now_18.png",
    "Obi-Wan-Kenobi/Obi-Wan-Kenobi_9.png",
    "attention_check/attention_check_Anger.png",
    "Spongebob-Yelling/Spongebob-Yelling_11.png",
    "Nuclear-Explosion/Nuclear-Explosion_50.png",
    "Dinkleberg/Dinkleberg_19.png",
    "Scooby-doo-mask-reveal/Scooby-doo-mask-reveal_35.png",
    "Disaster-Girl/Disaster-Girl_23.png",
    "Black-guy-hiding-behind-tree/Black-guy-hiding-behind-tree_13.png",
    "You-The-Real-MVP/You-The-Real-MVP_31.png",
    "Moe-throws-Barney/Moe-throws-Barney_17.png",
    "Ill-Have-You-Know-Spongebob/Ill-Have-You-Know-Spongebob_39.png",
    "Futurama-Fry/Futurama-Fry_42.png",
    "Monkey-Puppet/Monkey-Puppet_41.png",
    "Confused-Gandalf/Confused-Gandalf_33.png",
    "Mr-incredible-mad/Mr-incredible-mad_14.png",
    "Dave-chappelle/Dave-chappelle_28.png",
    "Surprised-Pikachu/Surprised-Pikachu_12.png",
    "Table-Flip-Guy/Table-Flip-Guy_10.png",
    "Kevin-Hart/Kevin-Hart_43.png",
    "Well-Yes-But-Actually-No/Well-Yes-But-Actually-No_22.png",
    "Mr-McMahon-reaction/Mr-McMahon-reaction_15.png",
    "Gru-Gun/Gru-Gun_38.png",
    "Persian-Cat-Room-Guardian/Persian-Cat-Room-Guardian_40.png",
    "Put-It-Somewhere-Else-Patrick/Put-It-Somewhere-Else-Patrick_47.png",
    "Angry-Baby/Angry-Baby_29.png",
    "Arthur-Fist/Arthur-Fist_49.png",
    "attention_check/attention_check_Others.png",
    "Khan/Khan_7.png"
  ],
  "completion_status": {
    "practice_completed": true,
    "game_started": true,
    "game_completed": true,
    "summary_viewed": true,
    "email_submitted": true
  },
  "timestamps_unix": {
    "registration_completed": 1750087830,
    "practice_started": 1750087830,
    "practice_completed": 1750087839,
    "game_started": 1750087839,
    "first_label": 1750087841,
    "last_label": 1750087911,
    "game_completed": 1750087912,
    "summary_viewed": 1750087912,
    "email_submitted": 1750087932,
    "session_end": 1750087932,
    "last_updated": 1750087932
  },
  "timestamps_unix_ms": {
    "registration_completed_ms": 1750087830188,
    "practice_started_ms": 1750087830237,
    "practice_completed_ms": 1750087839569,
    "game_started_ms": 1750087839595,
    "first_label_ms": 1750087841443,
    "last_label_ms": 1750087911213,
    "game_completed_ms": 1750087912969,
    "summary_viewed_ms": 1750087912995,
    "email_submitted_ms": 1750087932888,
    "session_end_ms": 1750087932888,
    "last_updated_ms": 1750087932888
  },
  "duration_stats_ms": {
    "total_session_duration_ms": 102700,
    "practice_duration_ms": 9332,
    "game_duration_ms": 73374,
    "labeling_duration_ms": 69770,
    "email_submission_duration_ms": 19893
  },
  "filename_updated_unix": 1750087913,
  "original_filename": "user_a84d41",
  "completion_status_in_filename": "email_submitted"
}