{
  "user_id": "user_66d552",
  "file_name": "user_66d552",
  "unix_start_time": 1750145805,
  "unix_start_time_ms": 1750145805624,
  "unix_end_time": null,
  "unix_end_time_ms": null,
  "age": "18-24",
  "gender": "female",
  "user_agent": "Mozilla/5.0 (iPhone; CPU iPhone OS 16_1_2 like Mac OS X) AppleWebKit/605.1.15 (KHTML, like Gecko) Mobile/20B110 [FBAN/FBIOS;FBAV/517.0.0.42.97;FBBV/746450682;FBDV/iPhone15,2;FBMD/iPhone;FBSN/iOS;FBSV/16.1.2;FBSS/3;FBID/phone;FBLC/zh_TW;FBOP/5;FBRV/749707097;IABMV/1]",
  "user_ip": "49.216.165.250",
  "status": "incomplete",
  "email_provided": "incomplete",
  "attention_passed": null,
  "start_time_readable": "2025-06-17 07:36:45.624",
  "end_time_readable": null,
  "total_labels": 0,
  "emotion_summary": {
    "anger": 0,
    "contempt": 0,
    "disgust": 0,
    "others": 0
  },
  "email": null,
  "participation": null,
  "total_responses": 0,
  "responses": [],
  "session_start_unix": 1750145805,
  "session_status": "active",
  "last_updated_unix": 1750145805,
  "image_order": [],
  "completion_status": {
    "practice_completed": false,
    "game_started": false,
    "game_completed": false,
    "summary_viewed": false,
    "email_submitted": false
  },
  "timestamps_unix": {
    "registration_completed": 1750145805,
    "practice_started": 1750145805,
    "practice_completed": null,
    "game_started": null,
    "first_label": null,
    "last_label": null,
    "game_completed": null,
    "summary_viewed": null,
    "email_submitted": null,
    "session_end": null,
    "last_updated": 1750145805
  },
  "timestamps_unix_ms": {
    "registration_completed_ms": 1750145805624,
    "practice_started_ms": 1750145805700,
    "practice_completed_ms": null,
    "game_started_ms": null,
    "first_label_ms": null,
    "last_label_ms": null,
    "game_completed_ms": null,
    "summary_viewed_ms": null,
    "email_submitted_ms": null,
    "session_end_ms": null,
    "last_updated_ms": 1750145805700
  },
  "duration_stats_ms": {
    "total_session_duration_ms": null,
    "practice_duration_ms": null,
    "game_duration_ms": null,
    "labeling_duration_ms": null,
    "email_submission_duration_ms": null
  }
}