{
  "user_id": "user_7d8722",
  "file_name": "user_7d8722",
  "unix_start_time": 1750752895,
  "unix_start_time_ms": 1750752895205,
  "unix_end_time": null,
  "unix_end_time_ms": null,
  "age": "25-29",
  "gender": "male",
  "user_agent": "Mozilla/5.0 (Windows NT 10.0; Win64; x64) AppleWebKit/537.36 (KHTML, like Gecko) Chrome/137.0.0.0 Safari/537.36",
  "user_ip": "123.194.185.104",
  "status": "incomplete",
  "email_provided": "incomplete",
  "attention_passed": null,
  "start_time_readable": "2025-06-24 08:14:55.205",
  "end_time_readable": null,
  "total_labels": 17,
  "emotion_summary": {
    "anger": 6,
    "contempt": 7,
    "disgust": 1,
    "others": 3
  },
  "email": null,
  "participation": null,
  "total_responses": 17,
  "responses": [
    {
      "image_path": "Hide-the-Pain-Harold/Hide-the-Pain-Harold_28.png",
      "label": "憤怒",
      "response_time": "00:00:04.402",
      "timestamp_unix": 1750752941,
      "timestamp_unix_ms": 1750752941112,
      "timestamp_readable": "2025-06-24 08:15:41.112",
      "normalized_name": "Hide-the-Pain-Harold/Hide-the-Pain-Harold",
      "meme_name": "Hide-the-Pain-Harold",
      "post_id": 28,
      "english_label": "anger",
      "response_time_ms": 4402
    },
    {
      "image_path": "Monkey-Puppet/Monkey-Puppet_26.png",
      "label": "輕蔑",
      "response_time": "00:00:11.201",
      "timestamp_unix": 1750752952,
      "timestamp_unix_ms": 1750752952428,
      "timestamp_readable": "2025-06-24 08:15:52.428",
      "normalized_name": "Monkey-Puppet/Monkey-Puppet",
      "meme_name": "Monkey-Puppet",
      "post_id": 26,
      "english_label": "contempt",
      "response_time_ms": 11201
    },
    {
      "image_path": "Laughing-wolf/Laughing-wolf_30.png",
      "label": "輕蔑",
      "response_time": "00:00:07.209",
      "timestamp_unix": 1750752959,
      "timestamp_unix_ms": 1750752959708,
      "timestamp_readable": "2025-06-24 08:15:59.708",
      "normalized_name": "Laughing-wolf/Laughing-wolf",
      "meme_name": "Laughing-wolf",
      "post_id": 30,
      "english_label": "contempt",
      "response_time_ms": 7209
    },
    {
      "image_path": "Moe-throws-Barney/Moe-throws-Barney_21.png",
      "label": "憤怒",
      "response_time": "00:00:03.009",
      "timestamp_unix": 1750752962,
      "timestamp_unix_ms": 1750752962845,
      "timestamp_readable": "2025-06-24 08:16:02.845",
      "normalized_name": "Moe-throws-Barney/Moe-throws-Barney",
      "meme_name": "Moe-throws-Barney",
      "post_id": 21,
      "english_label": "anger",
      "response_time_ms": 3009
    },
    {
      "image_path": "Afraid-To-Ask-Andy/Afraid-To-Ask-Andy_18.png",
      "label": "其他",
      "response_time": "00:00:03.209",
      "timestamp_unix": 1750752966,
      "timestamp_unix_ms": 1750752966161,
      "timestamp_readable": "2025-06-24 08:16:06.161",
      "normalized_name": "Afraid-To-Ask-Andy/Afraid-To-Ask-Andy",
      "meme_name": "Afraid-To-Ask-Andy",
      "post_id": 18,
      "english_label": "others",
      "response_time_ms": 3209
    },
    {
      "image_path": "DJ-Pauly-D/DJ-Pauly-D_10.png",
      "label": "輕蔑",
      "response_time": "00:00:06.511",
      "timestamp_unix": 1750752972,
      "timestamp_unix_ms": 1750752972761,
      "timestamp_readable": "2025-06-24 08:16:12.761",
      "normalized_name": "DJ-Pauly-D/DJ-Pauly-D",
      "meme_name": "DJ-Pauly-D",
      "post_id": 10,
      "english_label": "contempt",
      "response_time_ms": 6511
    },
    {
      "image_path": "Charlie-Day/Charlie-Day_23.png",
      "label": "其他",
      "response_time": "00:00:05.910",
      "timestamp_unix": 1750752978,
      "timestamp_unix_ms": 1750752978776,
      "timestamp_readable": "2025-06-24 08:16:18.776",
      "normalized_name": "Charlie-Day/Charlie-Day",
      "meme_name": "Charlie-Day",
      "post_id": 23,
      "english_label": "others",
      "response_time_ms": 5910
    },
    {
      "image_path": "Smudge-the-cat/Smudge-the-cat_14.png",
      "label": "憤怒",
      "response_time": "00:00:03.503",
      "timestamp_unix": 1750752982,
      "timestamp_unix_ms": 1750752982410,
      "timestamp_readable": "2025-06-24 08:16:22.410",
      "normalized_name": "Smudge-the-cat/Smudge-the-cat",
      "meme_name": "Smudge-the-cat",
      "post_id": 14,
      "english_label": "anger",
      "response_time_ms": 3503
    },
    {
      "image_path": "Confused-Gandalf/Confused-Gandalf_32.png",
      "label": "輕蔑",
      "response_time": "00:00:03.109",
      "timestamp_unix": 1750752985,
      "timestamp_unix_ms": 1750752985639,
      "timestamp_readable": "2025-06-24 08:16:25.639",
      "normalized_name": "Confused-Gandalf/Confused-Gandalf",
      "meme_name": "Confused-Gandalf",
      "post_id": 32,
      "english_label": "contempt",
      "response_time_ms": 3109
    },
    {
      "image_path": "Well-Yes-But-Actually-No/Well-Yes-But-Actually-No_50.png",
      "label": "輕蔑",
      "response_time": "00:00:04.700",
      "timestamp_unix": 1750752990,
      "timestamp_unix_ms": 1750752990473,
      "timestamp_readable": "2025-06-24 08:16:30.473",
      "normalized_name": "Well-Yes-But-Actually-No/Well-Yes-But-Actually-No",
      "meme_name": "Well-Yes-But-Actually-No",
      "post_id": 50,
      "english_label": "contempt",
      "response_time_ms": 4700
    },
    {
      "image_path": "Surprised-Pikachu/Surprised-Pikachu_7.png",
      "label": "輕蔑",
      "response_time": "00:00:07.011",
      "timestamp_unix": 1750752997,
      "timestamp_unix_ms": 1750752997625,
      "timestamp_readable": "2025-06-24 08:16:37.625",
      "normalized_name": "Surprised-Pikachu/Surprised-Pikachu",
      "meme_name": "Surprised-Pikachu",
      "post_id": 7,
      "english_label": "contempt",
      "response_time_ms": 7011
    },
    {
      "image_path": "Picard-Wtf/Picard-Wtf_25.png",
      "label": "憤怒",
      "response_time": "00:00:03.510",
      "timestamp_unix": 1750753001,
      "timestamp_unix_ms": 1750753001278,
      "timestamp_readable": "2025-06-24 08:16:41.278",
      "normalized_name": "Picard-Wtf/Picard-Wtf",
      "meme_name": "Picard-Wtf",
      "post_id": 25,
      "english_label": "anger",
      "response_time_ms": 3510
    },
    {
      "image_path": "Mr-McMahon-reaction/Mr-McMahon-reaction_12.png",
      "label": "其他",
      "response_time": "00:00:08.206",
      "timestamp_unix": 1750753009,
      "timestamp_unix_ms": 1750753009559,
      "timestamp_readable": "2025-06-24 08:16:49.559",
      "normalized_name": "Mr-McMahon-reaction/Mr-McMahon-reaction",
      "meme_name": "Mr-McMahon-reaction",
      "post_id": 12,
      "english_label": "others",
      "response_time_ms": 8206
    },
    {
      "image_path": "Thats-a-paddlin/Thats-a-paddlin_20.png",
      "label": "憤怒",
      "response_time": "00:00:03.107",
      "timestamp_unix": 1750753012,
      "timestamp_unix_ms": 1750753012743,
      "timestamp_readable": "2025-06-24 08:16:52.743",
      "normalized_name": "Thats-a-paddlin/Thats-a-paddlin",
      "meme_name": "Thats-a-paddlin",
      "post_id": 20,
      "english_label": "anger",
      "response_time_ms": 3107
    },
    {
      "image_path": "Angry-Baby/Angry-Baby_17.png",
      "label": "厭惡",
      "response_time": "00:00:03.002",
      "timestamp_unix": 1750753015,
      "timestamp_unix_ms": 1750753015841,
      "timestamp_readable": "2025-06-24 08:16:55.841",
      "normalized_name": "Angry-Baby/Angry-Baby",
      "meme_name": "Angry-Baby",
      "post_id": 17,
      "english_label": "disgust",
      "response_time_ms": 3002
    },
    {
      "image_path": "You-The-Real-MVP/You-The-Real-MVP_34.png",
      "label": "輕蔑",
      "response_time": "00:00:04.406",
      "timestamp_unix": 1750753020,
      "timestamp_unix_ms": 1750753020342,
      "timestamp_readable": "2025-06-24 08:17:00.342",
      "normalized_name": "You-The-Real-MVP/You-The-Real-MVP",
      "meme_name": "You-The-Real-MVP",
      "post_id": 34,
      "english_label": "contempt",
      "response_time_ms": 4406
    },
    {
      "image_path": "Hold-fart/Hold-fart_37.png",
      "label": "憤怒",
      "response_time": "00:00:08.302",
      "timestamp_unix": 1750753028,
      "timestamp_unix_ms": 1750753028810,
      "timestamp_readable": "2025-06-24 08:17:08.810",
      "normalized_name": "Hold-fart/Hold-fart",
      "meme_name": "Hold-fart",
      "post_id": 37,
      "english_label": "anger",
      "response_time_ms": 8302
    }
  ],
  "session_start_unix": 1750752895,
  "session_status": "active",
  "last_updated_unix": 1750753028,
  "image_order": [
    "Spiderman-Hospital/Spiderman-Hospital_35.png",
    "Happy--Shock/Happy--Shock_3.png",
    "Chill-guy/Chill-guy_48.png",
    "I-am-once-again-asking/I-am-once-again-asking_36.png",
    "Math-ladyConfused-lady/Math-ladyConfused-lady_33.png",
    "Archer/Archer_16.png",
    "Leonardo-Dicaprio-Wolf-Of-Wall-Street/Leonardo-Dicaprio-Wolf-Of-Wall-Street_40.png",
    "Mocking-Spongebob/Mocking-Spongebob_45.png",
    "Afraid-To-Ask-Andy/Afraid-To-Ask-Andy_18.png",
    "Charlie-Day/Charlie-Day_23.png",
    "Always-Has-Been/Always-Has-Been_24.png",
    "Picard-Wtf/Picard-Wtf_25.png",
    "Batman-Slapping-Robin/Batman-Slapping-Robin_8.png",
    "For-the-better-right-blank/For-the-better-right-blank_47.png",
    "Drake-NoYes/Drake-NoYes_31.png",
    "Laughing-wolf/Laughing-wolf_30.png",
    "DJ-Pauly-D/DJ-Pauly-D_10.png",
    "Always-you-three/Always-you-three_1.png",
    "Disappointed-Man/Disappointed-Man_44.png",
    "Smudge-the-cat/Smudge-the-cat_14.png",
    "Thats-a-paddlin/Thats-a-paddlin_20.png",
    "Hide-the-Pain-Harold/Hide-the-Pain-Harold_28.png",
    "Hold-fart/Hold-fart_37.png",
    "Im-The-Captain-Now/Im-The-Captain-Now_2.png",
    "attention_check/attention_check_Others.png",
    "Obi-Wan-Kenobi/Obi-Wan-Kenobi_46.png",
    "Spongebob-Yelling/Spongebob-Yelling_27.png",
    "Nuclear-Explosion/Nuclear-Explosion_6.png",
    "Dinkleberg/Dinkleberg_19.png",
    "Scooby-doo-mask-reveal/Scooby-doo-mask-reveal_42.png",
    "Disaster-Girl/Disaster-Girl_41.png",
    "Black-guy-hiding-behind-tree/Black-guy-hiding-behind-tree_15.png",
    "You-The-Real-MVP/You-The-Real-MVP_34.png",
    "Moe-throws-Barney/Moe-throws-Barney_21.png",
    "Ill-Have-You-Know-Spongebob/Ill-Have-You-Know-Spongebob_39.png",
    "Futurama-Fry/Futurama-Fry_13.png",
    "Monkey-Puppet/Monkey-Puppet_26.png",
    "Confused-Gandalf/Confused-Gandalf_32.png",
    "Mr-incredible-mad/Mr-incredible-mad_5.png",
    "Dave-chappelle/Dave-chappelle_22.png",
    "Surprised-Pikachu/Surprised-Pikachu_7.png",
    "Table-Flip-Guy/Table-Flip-Guy_38.png",
    "Kevin-Hart/Kevin-Hart_43.png",
    "Well-Yes-But-Actually-No/Well-Yes-But-Actually-No_50.png",
    "Mr-McMahon-reaction/Mr-McMahon-reaction_12.png",
    "Gru-Gun/Gru-Gun_29.png",
    "Persian-Cat-Room-Guardian/Persian-Cat-Room-Guardian_4.png",
    "Put-It-Somewhere-Else-Patrick/Put-It-Somewhere-Else-Patrick_49.png",
    "Angry-Baby/Angry-Baby_17.png",
    "attention_check/attention_check_Disgust.png",
    "Arthur-Fist/Arthur-Fist_11.png",
    "Khan/Khan_9.png"
  ],
  "completion_status": {
    "practice_completed": true,
    "game_started": true,
    "game_completed": false,
    "summary_viewed": false,
    "email_submitted": false
  },
  "timestamps_unix": {
    "registration_completed": 1750752895,
    "practice_started": 1750752895,
    "practice_completed": 1750752936,
    "game_started": 1750752936,
    "first_label": 1750752941,
    "last_label": 1750753028,
    "game_completed": null,
    "summary_viewed": null,
    "email_submitted": null,
    "session_end": null,
    "last_updated": 1750753028
  },
  "timestamps_unix_ms": {
    "registration_completed_ms": 1750752895205,
    "practice_started_ms": 1750752895266,
    "practice_completed_ms": 1750752936511,
    "game_started_ms": 1750752936532,
    "first_label_ms": 1750752941112,
    "last_label_ms": 1750753028810,
    "game_completed_ms": null,
    "summary_viewed_ms": null,
    "email_submitted_ms": null,
    "session_end_ms": null,
    "last_updated_ms": 1750753028810
  },
  "duration_stats_ms": {
    "total_session_duration_ms": null,
    "practice_duration_ms": 41245,
    "game_duration_ms": null,
    "labeling_duration_ms": null,
    "email_submission_duration_ms": null
  }
}