{
  "user_id": "user_ab30db",
  "file_name": "user_ab30db_1750164150_1750164686_fullycomplete",
  "unix_start_time": 1750164150,
  "unix_start_time_ms": 1750164150650,
  "unix_end_time": 1750164686,
  "unix_end_time_ms": 1750164686772,
  "age": "18-24",
  "gender": "male",
  "user_agent": "Mozilla/5.0 (Windows NT 10.0; Win64; x64) AppleWebKit/537.36 (KHTML, like Gecko) Chrome/137.0.0.0 Safari/537.36 Edg/137.0.0.0",
  "user_ip": "123.110.115.52",
  "status": "complete",
  "email_provided": "complete",
  "attention_passed": true,
  "start_time_readable": "2025-06-17 12:42:30.650",
  "end_time_readable": "2025-06-17 12:51:26.772",
  "total_labels": 52,
  "emotion_summary": {
    "anger": 8,
    "contempt": 22,
    "disgust": 13,
    "others": 9
  },
  "email": "ben999261@gmail.com",
  "participation": "yes",
  "total_responses": 52,
  "responses": [
    {
      "image_path": "Spongebob-Yelling/Spongebob-Yelling_46.png",
      "label": "憤怒",
      "response_time": "00:00:09.302",
      "timestamp_unix": 1750164217,
      "timestamp_unix_ms": 1750164217887,
      "timestamp_readable": "2025-06-17 12:43:37.887",
      "normalized_name": "Spongebob-Yelling/Spongebob-Yelling",
      "meme_name": "Spongebob-Yelling",
      "post_id": 46,
      "english_label": "anger",
      "response_time_ms": 9302
    },
    {
      "image_path": "Mr-McMahon-reaction/Mr-McMahon-reaction_16.png",
      "label": "輕蔑",
      "response_time": "00:00:11.702",
      "timestamp_unix": 1750164229,
      "timestamp_unix_ms": 1750164229743,
      "timestamp_readable": "2025-06-17 12:43:49.743",
      "normalized_name": "Mr-McMahon-reaction/Mr-McMahon-reaction",
      "meme_name": "Mr-McMahon-reaction",
      "post_id": 16,
      "english_label": "contempt",
      "response_time_ms": 11702
    },
    {
      "image_path": "Scooby-doo-mask-reveal/Scooby-doo-mask-reveal_3.png",
      "label": "輕蔑",
      "response_time": "00:00:05.300",
      "timestamp_unix": 1750164235,
      "timestamp_unix_ms": 1750164235146,
      "timestamp_readable": "2025-06-17 12:43:55.146",
      "normalized_name": "Scooby-doo-mask-reveal/Scooby-doo-mask-reveal",
      "meme_name": "Scooby-doo-mask-reveal",
      "post_id": 3,
      "english_label": "contempt",
      "response_time_ms": 5300
    },
    {
      "image_path": "Put-It-Somewhere-Else-Patrick/Put-It-Somewhere-Else-Patrick_39.png",
      "label": "其他",
      "response_time": "00:00:11.802",
      "timestamp_unix": 1750164247,
      "timestamp_unix_ms": 1750164247067,
      "timestamp_readable": "2025-06-17 12:44:07.067",
      "normalized_name": "Put-It-Somewhere-Else-Patrick/Put-It-Somewhere-Else-Patrick",
      "meme_name": "Put-It-Somewhere-Else-Patrick",
      "post_id": 39,
      "english_label": "others",
      "response_time_ms": 11802
    },
    {
      "image_path": "Im-The-Captain-Now/Im-The-Captain-Now_30.png",
      "label": "其他",
      "response_time": "00:00:06.004",
      "timestamp_unix": 1750164253,
      "timestamp_unix_ms": 1750164253141,
      "timestamp_readable": "2025-06-17 12:44:13.141",
      "normalized_name": "Im-The-Captain-Now/Im-The-Captain-Now",
      "meme_name": "Im-The-Captain-Now",
      "post_id": 30,
      "english_label": "others",
      "response_time_ms": 6004
    },
    {
      "image_path": "Dinkleberg/Dinkleberg_4.png",
      "label": "憤怒",
      "response_time": "00:00:04.603",
      "timestamp_unix": 1750164257,
      "timestamp_unix_ms": 1750164257884,
      "timestamp_readable": "2025-06-17 12:44:17.884",
      "normalized_name": "Dinkleberg/Dinkleberg",
      "meme_name": "Dinkleberg",
      "post_id": 4,
      "english_label": "anger",
      "response_time_ms": 4603
    },
    {
      "image_path": "Arthur-Fist/Arthur-Fist_8.png",
      "label": "憤怒",
      "response_time": "00:00:03.601",
      "timestamp_unix": 1750164261,
      "timestamp_unix_ms": 1750164261558,
      "timestamp_readable": "2025-06-17 12:44:21.558",
      "normalized_name": "Arthur-Fist/Arthur-Fist",
      "meme_name": "Arthur-Fist",
      "post_id": 8,
      "english_label": "anger",
      "response_time_ms": 3601
    },
    {
      "image_path": "Thats-a-paddlin/Thats-a-paddlin_6.png",
      "label": "憤怒",
      "response_time": "00:00:05.502",
      "timestamp_unix": 1750164267,
      "timestamp_unix_ms": 1750164267168,
      "timestamp_readable": "2025-06-17 12:44:27.168",
      "normalized_name": "Thats-a-paddlin/Thats-a-paddlin",
      "meme_name": "Thats-a-paddlin",
      "post_id": 6,
      "english_label": "anger",
      "response_time_ms": 5502
    },
    {
      "image_path": "Kevin-Hart/Kevin-Hart_44.png",
      "label": "輕蔑",
      "response_time": "00:00:04.307",
      "timestamp_unix": 1750164271,
      "timestamp_unix_ms": 1750164271549,
      "timestamp_readable": "2025-06-17 12:44:31.549",
      "normalized_name": "Kevin-Hart/Kevin-Hart",
      "meme_name": "Kevin-Hart",
      "post_id": 44,
      "english_label": "contempt",
      "response_time_ms": 4307
    },
    {
      "image_path": "Khan/Khan_21.png",
      "label": "憤怒",
      "response_time": "00:00:07.505",
      "timestamp_unix": 1750164279,
      "timestamp_unix_ms": 1750164279208,
      "timestamp_readable": "2025-06-17 12:44:39.208",
      "normalized_name": "Khan/Khan",
      "meme_name": "Khan",
      "post_id": 21,
      "english_label": "anger",
      "response_time_ms": 7505
    },
    {
      "image_path": "Mocking-Spongebob/Mocking-Spongebob_43.png",
      "label": "輕蔑",
      "response_time": "00:00:06.202",
      "timestamp_unix": 1750164285,
      "timestamp_unix_ms": 1750164285570,
      "timestamp_readable": "2025-06-17 12:44:45.570",
      "normalized_name": "Mocking-Spongebob/Mocking-Spongebob",
      "meme_name": "Mocking-Spongebob",
      "post_id": 43,
      "english_label": "contempt",
      "response_time_ms": 6202
    },
    {
      "image_path": "Spiderman-Hospital/Spiderman-Hospital_1.png",
      "label": "輕蔑",
      "response_time": "00:00:11.505",
      "timestamp_unix": 1750164297,
      "timestamp_unix_ms": 1750164297162,
      "timestamp_readable": "2025-06-17 12:44:57.162",
      "normalized_name": "Spiderman-Hospital/Spiderman-Hospital",
      "meme_name": "Spiderman-Hospital",
      "post_id": 1,
      "english_label": "contempt",
      "response_time_ms": 11505
    },
    {
      "image_path": "Ill-Have-You-Know-Spongebob/Ill-Have-You-Know-Spongebob_49.png",
      "label": "輕蔑",
      "response_time": "00:00:02.802",
      "timestamp_unix": 1750164300,
      "timestamp_unix_ms": 1750164300033,
      "timestamp_readable": "2025-06-17 12:45:00.033",
      "normalized_name": "Ill-Have-You-Know-Spongebob/Ill-Have-You-Know-Spongebob",
      "meme_name": "Ill-Have-You-Know-Spongebob",
      "post_id": 49,
      "english_label": "contempt",
      "response_time_ms": 2802
    },
    {
      "image_path": "Obi-Wan-Kenobi/Obi-Wan-Kenobi_45.png",
      "label": "其他",
      "response_time": "00:00:10.701",
      "timestamp_unix": 1750164310,
      "timestamp_unix_ms": 1750164310850,
      "timestamp_readable": "2025-06-17 12:45:10.850",
      "normalized_name": "Obi-Wan-Kenobi/Obi-Wan-Kenobi",
      "meme_name": "Obi-Wan-Kenobi",
      "post_id": 45,
      "english_label": "others",
      "response_time_ms": 10701
    },
    {
      "image_path": "Moe-throws-Barney/Moe-throws-Barney_42.png",
      "label": "厭惡",
      "response_time": "00:00:06.201",
      "timestamp_unix": 1750164317,
      "timestamp_unix_ms": 1750164317206,
      "timestamp_readable": "2025-06-17 12:45:17.206",
      "normalized_name": "Moe-throws-Barney/Moe-throws-Barney",
      "meme_name": "Moe-throws-Barney",
      "post_id": 42,
      "english_label": "disgust",
      "response_time_ms": 6201
    },
    {
      "image_path": "Gru-Gun/Gru-Gun_24.png",
      "label": "厭惡",
      "response_time": "00:00:06.305",
      "timestamp_unix": 1750164323,
      "timestamp_unix_ms": 1750164323577,
      "timestamp_readable": "2025-06-17 12:45:23.577",
      "normalized_name": "Gru-Gun/Gru-Gun",
      "meme_name": "Gru-Gun",
      "post_id": 24,
      "english_label": "disgust",
      "response_time_ms": 6305
    },
    {
      "image_path": "Confused-Gandalf/Confused-Gandalf_10.png",
      "label": "輕蔑",
      "response_time": "00:00:10.600",
      "timestamp_unix": 1750164334,
      "timestamp_unix_ms": 1750164334299,
      "timestamp_readable": "2025-06-17 12:45:34.299",
      "normalized_name": "Confused-Gandalf/Confused-Gandalf",
      "meme_name": "Confused-Gandalf",
      "post_id": 10,
      "english_label": "contempt",
      "response_time_ms": 10600
    },
    {
      "image_path": "Nuclear-Explosion/Nuclear-Explosion_2.png",
      "label": "厭惡",
      "response_time": "00:00:05.911",
      "timestamp_unix": 1750164340,
      "timestamp_unix_ms": 1750164340332,
      "timestamp_readable": "2025-06-17 12:45:40.332",
      "normalized_name": "Nuclear-Explosion/Nuclear-Explosion",
      "meme_name": "Nuclear-Explosion",
      "post_id": 2,
      "english_label": "disgust",
      "response_time_ms": 5911
    },
    {
      "image_path": "Drake-NoYes/Drake-NoYes_33.png",
      "label": "其他",
      "response_time": "00:00:08.208",
      "timestamp_unix": 1750164348,
      "timestamp_unix_ms": 1750164348629,
      "timestamp_readable": "2025-06-17 12:45:48.629",
      "normalized_name": "Drake-NoYes/Drake-NoYes",
      "meme_name": "Drake-NoYes",
      "post_id": 33,
      "english_label": "others",
      "response_time_ms": 8208
    },
    {
      "image_path": "Disappointed-Man/Disappointed-Man_25.png",
      "label": "輕蔑",
      "response_time": "00:00:06.113",
      "timestamp_unix": 1750164354,
      "timestamp_unix_ms": 1750164354895,
      "timestamp_readable": "2025-06-17 12:45:54.895",
      "normalized_name": "Disappointed-Man/Disappointed-Man",
      "meme_name": "Disappointed-Man",
      "post_id": 25,
      "english_label": "contempt",
      "response_time_ms": 6113
    },
    {
      "image_path": "Batman-Slapping-Robin/Batman-Slapping-Robin_22.png",
      "label": "厭惡",
      "response_time": "00:00:05.806",
      "timestamp_unix": 1750164360,
      "timestamp_unix_ms": 1750164360829,
      "timestamp_readable": "2025-06-17 12:46:00.829",
      "normalized_name": "Batman-Slapping-Robin/Batman-Slapping-Robin",
      "meme_name": "Batman-Slapping-Robin",
      "post_id": 22,
      "english_label": "disgust",
      "response_time_ms": 5806
    },
    {
      "image_path": "Charlie-Day/Charlie-Day_40.png",
      "label": "厭惡",
      "response_time": "00:00:08.602",
      "timestamp_unix": 1750164369,
      "timestamp_unix_ms": 1750164369519,
      "timestamp_readable": "2025-06-17 12:46:09.519",
      "normalized_name": "Charlie-Day/Charlie-Day",
      "meme_name": "Charlie-Day",
      "post_id": 40,
      "english_label": "disgust",
      "response_time_ms": 8602
    },
    {
      "image_path": "Hide-the-Pain-Harold/Hide-the-Pain-Harold_26.png",
      "label": "輕蔑",
      "response_time": "00:00:06.800",
      "timestamp_unix": 1750164376,
      "timestamp_unix_ms": 1750164376428,
      "timestamp_readable": "2025-06-17 12:46:16.428",
      "normalized_name": "Hide-the-Pain-Harold/Hide-the-Pain-Harold",
      "meme_name": "Hide-the-Pain-Harold",
      "post_id": 26,
      "english_label": "contempt",
      "response_time_ms": 6800
    },
    {
      "image_path": "You-The-Real-MVP/You-The-Real-MVP_37.png",
      "label": "厭惡",
      "response_time": "00:00:05.203",
      "timestamp_unix": 1750164381,
      "timestamp_unix_ms": 1750164381785,
      "timestamp_readable": "2025-06-17 12:46:21.785",
      "normalized_name": "You-The-Real-MVP/You-The-Real-MVP",
      "meme_name": "You-The-Real-MVP",
      "post_id": 37,
      "english_label": "disgust",
      "response_time_ms": 5203
    },
    {
      "image_path": "attention_check/attention_check_Contempt.png",
      "label": "輕蔑",
      "response_time": "00:00:05.301",
      "timestamp_unix": 1750164387,
      "timestamp_unix_ms": 1750164387208,
      "timestamp_readable": "2025-06-17 12:46:27.208",
      "normalized_name": "attention_check/attention_check_Contempt.png",
      "meme_name": "attention_check",
      "post_id": null,
      "english_label": "contempt",
      "response_time_ms": 5301
    },
    {
      "image_path": "Hold-fart/Hold-fart_5.png",
      "label": "厭惡",
      "response_time": "00:01:53.101",
      "timestamp_unix": 1750164500,
      "timestamp_unix_ms": 1750164500588,
      "timestamp_readable": "2025-06-17 12:48:20.588",
      "normalized_name": "Hold-fart/Hold-fart",
      "meme_name": "Hold-fart",
      "post_id": 5,
      "english_label": "disgust",
      "response_time_ms": 113101
    },
    {
      "image_path": "Always-you-three/Always-you-three_35.png",
      "label": "輕蔑",
      "response_time": "00:00:04.703",
      "timestamp_unix": 1750164505,
      "timestamp_unix_ms": 1750164505468,
      "timestamp_readable": "2025-06-17 12:48:25.468",
      "normalized_name": "Always-you-three/Always-you-three",
      "meme_name": "Always-you-three",
      "post_id": 35,
      "english_label": "contempt",
      "response_time_ms": 4703
    },
    {
      "image_path": "Always-Has-Been/Always-Has-Been_31.png",
      "label": "輕蔑",
      "response_time": "00:00:06.901",
      "timestamp_unix": 1750164512,
      "timestamp_unix_ms": 1750164512491,
      "timestamp_readable": "2025-06-17 12:48:32.491",
      "normalized_name": "Always-Has-Been/Always-Has-Been",
      "meme_name": "Always-Has-Been",
      "post_id": 31,
      "english_label": "contempt",
      "response_time_ms": 6901
    },
    {
      "image_path": "Picard-Wtf/Picard-Wtf_7.png",
      "label": "厭惡",
      "response_time": "00:00:07.502",
      "timestamp_unix": 1750164520,
      "timestamp_unix_ms": 1750164520145,
      "timestamp_readable": "2025-06-17 12:48:40.145",
      "normalized_name": "Picard-Wtf/Picard-Wtf",
      "meme_name": "Picard-Wtf",
      "post_id": 7,
      "english_label": "disgust",
      "response_time_ms": 7502
    },
    {
      "image_path": "DJ-Pauly-D/DJ-Pauly-D_15.png",
      "label": "憤怒",
      "response_time": "00:00:02.507",
      "timestamp_unix": 1750164522,
      "timestamp_unix_ms": 1750164522740,
      "timestamp_readable": "2025-06-17 12:48:42.740",
      "normalized_name": "DJ-Pauly-D/DJ-Pauly-D",
      "meme_name": "DJ-Pauly-D",
      "post_id": 15,
      "english_label": "anger",
      "response_time_ms": 2507
    },
    {
      "image_path": "Persian-Cat-Room-Guardian/Persian-Cat-Room-Guardian_18.png",
      "label": "其他",
      "response_time": "00:00:06.501",
      "timestamp_unix": 1750164529,
      "timestamp_unix_ms": 1750164529334,
      "timestamp_readable": "2025-06-17 12:48:49.334",
      "normalized_name": "Persian-Cat-Room-Guardian/Persian-Cat-Room-Guardian",
      "meme_name": "Persian-Cat-Room-Guardian",
      "post_id": 18,
      "english_label": "others",
      "response_time_ms": 6501
    },
    {
      "image_path": "Smudge-the-cat/Smudge-the-cat_32.png",
      "label": "其他",
      "response_time": "00:00:06.909",
      "timestamp_unix": 1750164536,
      "timestamp_unix_ms": 1750164536392,
      "timestamp_readable": "2025-06-17 12:48:56.392",
      "normalized_name": "Smudge-the-cat/Smudge-the-cat",
      "meme_name": "Smudge-the-cat",
      "post_id": 32,
      "english_label": "others",
      "response_time_ms": 6909
    },
    {
      "image_path": "Surprised-Pikachu/Surprised-Pikachu_27.png",
      "label": "輕蔑",
      "response_time": "00:00:05.713",
      "timestamp_unix": 1750164542,
      "timestamp_unix_ms": 1750164542191,
      "timestamp_readable": "2025-06-17 12:49:02.191",
      "normalized_name": "Surprised-Pikachu/Surprised-Pikachu",
      "meme_name": "Surprised-Pikachu",
      "post_id": 27,
      "english_label": "contempt",
      "response_time_ms": 5713
    },
    {
      "image_path": "Dave-chappelle/Dave-chappelle_11.png",
      "label": "厭惡",
      "response_time": "00:00:07.504",
      "timestamp_unix": 1750164549,
      "timestamp_unix_ms": 1750164549777,
      "timestamp_readable": "2025-06-17 12:49:09.777",
      "normalized_name": "Dave-chappelle/Dave-chappelle",
      "meme_name": "Dave-chappelle",
      "post_id": 11,
      "english_label": "disgust",
      "response_time_ms": 7504
    },
    {
      "image_path": "Angry-Baby/Angry-Baby_17.png",
      "label": "憤怒",
      "response_time": "00:00:02.510",
      "timestamp_unix": 1750164552,
      "timestamp_unix_ms": 1750164552365,
      "timestamp_readable": "2025-06-17 12:49:12.365",
      "normalized_name": "Angry-Baby/Angry-Baby",
      "meme_name": "Angry-Baby",
      "post_id": 17,
      "english_label": "anger",
      "response_time_ms": 2510
    },
    {
      "image_path": "Disaster-Girl/Disaster-Girl_20.png",
      "label": "厭惡",
      "response_time": "00:00:03.801",
      "timestamp_unix": 1750164556,
      "timestamp_unix_ms": 1750164556270,
      "timestamp_readable": "2025-06-17 12:49:16.270",
      "normalized_name": "Disaster-Girl/Disaster-Girl",
      "meme_name": "Disaster-Girl",
      "post_id": 20,
      "english_label": "disgust",
      "response_time_ms": 3801
    },
    {
      "image_path": "Leonardo-Dicaprio-Wolf-Of-Wall-Street/Leonardo-Dicaprio-Wolf-Of-Wall-Street_38.png",
      "label": "輕蔑",
      "response_time": "00:00:03.501",
      "timestamp_unix": 1750164559,
      "timestamp_unix_ms": 1750164559909,
      "timestamp_readable": "2025-06-17 12:49:19.909",
      "normalized_name": "Leonardo-Dicaprio-Wolf-Of-Wall-Street/Leonardo-Dicaprio-Wolf-Of-Wall-Street",
      "meme_name": "Leonardo-Dicaprio-Wolf-Of-Wall-Street",
      "post_id": 38,
      "english_label": "contempt",
      "response_time_ms": 3501
    },
    {
      "image_path": "Well-Yes-But-Actually-No/Well-Yes-But-Actually-No_41.png",
      "label": "輕蔑",
      "response_time": "00:00:08.801",
      "timestamp_unix": 1750164568,
      "timestamp_unix_ms": 1750164568850,
      "timestamp_readable": "2025-06-17 12:49:28.850",
      "normalized_name": "Well-Yes-But-Actually-No/Well-Yes-But-Actually-No",
      "meme_name": "Well-Yes-But-Actually-No",
      "post_id": 41,
      "english_label": "contempt",
      "response_time_ms": 8801
    },
    {
      "image_path": "Afraid-To-Ask-Andy/Afraid-To-Ask-Andy_28.png",
      "label": "輕蔑",
      "response_time": "00:00:02.903",
      "timestamp_unix": 1750164571,
      "timestamp_unix_ms": 1750164571914,
      "timestamp_readable": "2025-06-17 12:49:31.914",
      "normalized_name": "Afraid-To-Ask-Andy/Afraid-To-Ask-Andy",
      "meme_name": "Afraid-To-Ask-Andy",
      "post_id": 28,
      "english_label": "contempt",
      "response_time_ms": 2903
    },
    {
      "image_path": "Chill-guy/Chill-guy_9.png",
      "label": "其他",
      "response_time": "00:00:03.400",
      "timestamp_unix": 1750164575,
      "timestamp_unix_ms": 1750164575401,
      "timestamp_readable": "2025-06-17 12:49:35.401",
      "normalized_name": "Chill-guy/Chill-guy",
      "meme_name": "Chill-guy",
      "post_id": 9,
      "english_label": "others",
      "response_time_ms": 3400
    },
    {
      "image_path": "Happy--Shock/Happy--Shock_13.png",
      "label": "輕蔑",
      "response_time": "00:00:05.800",
      "timestamp_unix": 1750164581,
      "timestamp_unix_ms": 1750164581360,
      "timestamp_readable": "2025-06-17 12:49:41.360",
      "normalized_name": "Happy--Shock/Happy--Shock",
      "meme_name": "Happy--Shock",
      "post_id": 13,
      "english_label": "contempt",
      "response_time_ms": 5800
    },
    {
      "image_path": "For-the-better-right-blank/For-the-better-right-blank_48.png",
      "label": "輕蔑",
      "response_time": "00:00:08.101",
      "timestamp_unix": 1750164589,
      "timestamp_unix_ms": 1750164589621,
      "timestamp_readable": "2025-06-17 12:49:49.621",
      "normalized_name": "For-the-better-right-blank/For-the-better-right-blank",
      "meme_name": "For-the-better-right-blank",
      "post_id": 48,
      "english_label": "contempt",
      "response_time_ms": 8101
    },
    {
      "image_path": "I-am-once-again-asking/I-am-once-again-asking_23.png",
      "label": "厭惡",
      "response_time": "00:00:06.506",
      "timestamp_unix": 1750164596,
      "timestamp_unix_ms": 1750164596267,
      "timestamp_readable": "2025-06-17 12:49:56.267",
      "normalized_name": "I-am-once-again-asking/I-am-once-again-asking",
      "meme_name": "I-am-once-again-asking",
      "post_id": 23,
      "english_label": "disgust",
      "response_time_ms": 6506
    },
    {
      "image_path": "Monkey-Puppet/Monkey-Puppet_14.png",
      "label": "輕蔑",
      "response_time": "00:00:03.902",
      "timestamp_unix": 1750164600,
      "timestamp_unix_ms": 1750164600265,
      "timestamp_readable": "2025-06-17 12:50:00.265",
      "normalized_name": "Monkey-Puppet/Monkey-Puppet",
      "meme_name": "Monkey-Puppet",
      "post_id": 14,
      "english_label": "contempt",
      "response_time_ms": 3902
    },
    {
      "image_path": "Mr-incredible-mad/Mr-incredible-mad_12.png",
      "label": "憤怒",
      "response_time": "00:00:04.201",
      "timestamp_unix": 1750164604,
      "timestamp_unix_ms": 1750164604585,
      "timestamp_readable": "2025-06-17 12:50:04.585",
      "normalized_name": "Mr-incredible-mad/Mr-incredible-mad",
      "meme_name": "Mr-incredible-mad",
      "post_id": 12,
      "english_label": "anger",
      "response_time_ms": 4201
    },
    {
      "image_path": "Laughing-wolf/Laughing-wolf_50.png",
      "label": "輕蔑",
      "response_time": "00:00:04.802",
      "timestamp_unix": 1750164609,
      "timestamp_unix_ms": 1750164609528,
      "timestamp_readable": "2025-06-17 12:50:09.528",
      "normalized_name": "Laughing-wolf/Laughing-wolf",
      "meme_name": "Laughing-wolf",
      "post_id": 50,
      "english_label": "contempt",
      "response_time_ms": 4802
    },
    {
      "image_path": "Archer/Archer_36.png",
      "label": "其他",
      "response_time": "00:00:04.602",
      "timestamp_unix": 1750164614,
      "timestamp_unix_ms": 1750164614202,
      "timestamp_readable": "2025-06-17 12:50:14.202",
      "normalized_name": "Archer/Archer",
      "meme_name": "Archer",
      "post_id": 36,
      "english_label": "others",
      "response_time_ms": 4602
    },
    {
      "image_path": "Black-guy-hiding-behind-tree/Black-guy-hiding-behind-tree_47.png",
      "label": "輕蔑",
      "response_time": "00:00:04.801",
      "timestamp_unix": 1750164619,
      "timestamp_unix_ms": 1750164619147,
      "timestamp_readable": "2025-06-17 12:50:19.147",
      "normalized_name": "Black-guy-hiding-behind-tree/Black-guy-hiding-behind-tree",
      "meme_name": "Black-guy-hiding-behind-tree",
      "post_id": 47,
      "english_label": "contempt",
      "response_time_ms": 4801
    },
    {
      "image_path": "attention_check/attention_check_Others.png",
      "label": "其他",
      "response_time": "00:00:02.701",
      "timestamp_unix": 1750164621,
      "timestamp_unix_ms": 1750164621936,
      "timestamp_readable": "2025-06-17 12:50:21.936",
      "normalized_name": "attention_check/attention_check_Others.png",
      "meme_name": "attention_check",
      "post_id": null,
      "english_label": "others",
      "response_time_ms": 2701
    },
    {
      "image_path": "Math-ladyConfused-lady/Math-ladyConfused-lady_34.png",
      "label": "厭惡",
      "response_time": "00:00:27.702",
      "timestamp_unix": 1750164649,
      "timestamp_unix_ms": 1750164649777,
      "timestamp_readable": "2025-06-17 12:50:49.777",
      "normalized_name": "Math-ladyConfused-lady/Math-ladyConfused-lady",
      "meme_name": "Math-ladyConfused-lady",
      "post_id": 34,
      "english_label": "disgust",
      "response_time_ms": 27702
    },
    {
      "image_path": "Table-Flip-Guy/Table-Flip-Guy_29.png",
      "label": "厭惡",
      "response_time": "00:00:04.801",
      "timestamp_unix": 1750164654,
      "timestamp_unix_ms": 1750164654736,
      "timestamp_readable": "2025-06-17 12:50:54.736",
      "normalized_name": "Table-Flip-Guy/Table-Flip-Guy",
      "meme_name": "Table-Flip-Guy",
      "post_id": 29,
      "english_label": "disgust",
      "response_time_ms": 4801
    },
    {
      "image_path": "Futurama-Fry/Futurama-Fry_19.png",
      "label": "輕蔑",
      "response_time": "00:00:04.503",
      "timestamp_unix": 1750164659,
      "timestamp_unix_ms": 1750164659356,
      "timestamp_readable": "2025-06-17 12:50:59.356",
      "normalized_name": "Futurama-Fry/Futurama-Fry",
      "meme_name": "Futurama-Fry",
      "post_id": 19,
      "english_label": "contempt",
      "response_time_ms": 4503
    }
  ],
  "session_start_unix": 1750164150,
  "session_status": "completed",
  "last_updated_unix": 1750164686,
  "image_order": [
    "Spiderman-Hospital/Spiderman-Hospital_1.png",
    "Happy--Shock/Happy--Shock_13.png",
    "Chill-guy/Chill-guy_9.png",
    "I-am-once-again-asking/I-am-once-again-asking_23.png",
    "Math-ladyConfused-lady/Math-ladyConfused-lady_34.png",
    "Archer/Archer_36.png",
    "Leonardo-Dicaprio-Wolf-Of-Wall-Street/Leonardo-Dicaprio-Wolf-Of-Wall-Street_38.png",
    "Mocking-Spongebob/Mocking-Spongebob_43.png",
    "Afraid-To-Ask-Andy/Afraid-To-Ask-Andy_28.png",
    "Charlie-Day/Charlie-Day_40.png",
    "Always-Has-Been/Always-Has-Been_31.png",
    "Picard-Wtf/Picard-Wtf_7.png",
    "Batman-Slapping-Robin/Batman-Slapping-Robin_22.png",
    "For-the-better-right-blank/For-the-better-right-blank_48.png",
    "Drake-NoYes/Drake-NoYes_33.png",
    "Laughing-wolf/Laughing-wolf_50.png",
    "DJ-Pauly-D/DJ-Pauly-D_15.png",
    "Always-you-three/Always-you-three_35.png",
    "Disappointed-Man/Disappointed-Man_25.png",
    "Smudge-the-cat/Smudge-the-cat_32.png",
    "Thats-a-paddlin/Thats-a-paddlin_6.png",
    "Hide-the-Pain-Harold/Hide-the-Pain-Harold_26.png",
    "Hold-fart/Hold-fart_5.png",
    "Im-The-Captain-Now/Im-The-Captain-Now_30.png",
    "attention_check/attention_check_Contempt.png",
    "Obi-Wan-Kenobi/Obi-Wan-Kenobi_45.png",
    "Spongebob-Yelling/Spongebob-Yelling_46.png",
    "Nuclear-Explosion/Nuclear-Explosion_2.png",
    "Dinkleberg/Dinkleberg_4.png",
    "Scooby-doo-mask-reveal/Scooby-doo-mask-reveal_3.png",
    "Disaster-Girl/Disaster-Girl_20.png",
    "Black-guy-hiding-behind-tree/Black-guy-hiding-behind-tree_47.png",
    "You-The-Real-MVP/You-The-Real-MVP_37.png",
    "Moe-throws-Barney/Moe-throws-Barney_42.png",
    "Ill-Have-You-Know-Spongebob/Ill-Have-You-Know-Spongebob_49.png",
    "Futurama-Fry/Futurama-Fry_19.png",
    "Monkey-Puppet/Monkey-Puppet_14.png",
    "Confused-Gandalf/Confused-Gandalf_10.png",
    "Mr-incredible-mad/Mr-incredible-mad_12.png",
    "Dave-chappelle/Dave-chappelle_11.png",
    "Surprised-Pikachu/Surprised-Pikachu_27.png",
    "Table-Flip-Guy/Table-Flip-Guy_29.png",
    "Kevin-Hart/Kevin-Hart_44.png",
    "Well-Yes-But-Actually-No/Well-Yes-But-Actually-No_41.png",
    "Mr-McMahon-reaction/Mr-McMahon-reaction_16.png",
    "Gru-Gun/Gru-Gun_24.png",
    "Persian-Cat-Room-Guardian/Persian-Cat-Room-Guardian_18.png",
    "Put-It-Somewhere-Else-Patrick/Put-It-Somewhere-Else-Patrick_39.png",
    "attention_check/attention_check_Others.png",
    "Angry-Baby/Angry-Baby_17.png",
    "Arthur-Fist/Arthur-Fist_8.png",
    "Khan/Khan_21.png"
  ],
  "completion_status": {
    "practice_completed": true,
    "game_started": true,
    "game_completed": true,
    "summary_viewed": true,
    "email_submitted": true
  },
  "timestamps_unix": {
    "registration_completed": 1750164150,
    "practice_started": 1750164150,
    "practice_completed": 1750164208,
    "game_started": 1750164208,
    "first_label": 1750164217,
    "last_label": 1750164659,
    "game_completed": 1750164661,
    "summary_viewed": 1750164661,
    "email_submitted": 1750164686,
    "session_end": 1750164686,
    "last_updated": 1750164686
  },
  "timestamps_unix_ms": {
    "registration_completed_ms": 1750164150650,
    "practice_started_ms": 1750164150711,
    "practice_completed_ms": 1750164208226,
    "game_started_ms": 1750164208240,
    "first_label_ms": 1750164217887,
    "last_label_ms": 1750164659356,
    "game_completed_ms": 1750164661672,
    "summary_viewed_ms": 1750164661687,
    "email_submitted_ms": 1750164686758,
    "session_end_ms": 1750164686758,
    "last_updated_ms": 1750164686758
  },
  "duration_stats_ms": {
    "total_session_duration_ms": 536108,
    "practice_duration_ms": 57515,
    "game_duration_ms": 453432,
    "labeling_duration_ms": 441469,
    "email_submission_duration_ms": 25071
  },
  "filename_updated_unix": 1750164661,
  "original_filename": "user_ab30db",
  "completion_status_in_filename": "email_submitted"
}