{
  "user_id": "user_c9c075",
  "file_name": "user_c9c075_1749907800_1749908861_fullycomplete",
  "unix_start_time": 1749907800,
  "unix_start_time_ms": 1749907800409,
  "unix_end_time": 1749908861,
  "unix_end_time_ms": 1749908861515,
  "age": "30-34",
  "gender": "male",
  "user_agent": "Mozilla/5.0 (Windows NT 10.0; Win64; x64) AppleWebKit/537.36 (KHTML, like Gecko) Chrome/137.0.0.0 Safari/537.36",
  "user_ip": "223.26.105.27",
  "status": "complete",
  "email_provided": "complete",
  "attention_passed": true,
  "start_time_readable": "2025-06-14 13:30:00.409",
  "end_time_readable": "2025-06-14 13:47:41.515",
  "total_labels": 52,
  "emotion_summary": {
    "anger": 13,
    "contempt": 12,
    "disgust": 9,
    "others": 18
  },
  "email": "dreamwayer@gmail.com",
  "participation": "yes",
  "total_responses": 52,
  "responses": [
    {
      "image_path": "I-am-once-again-asking/I-am-once-again-asking_35.png",
      "label": "其他",
      "response_time": "00:00:47.504",
      "timestamp_unix": 1749907978,
      "timestamp_unix_ms": 1749907978710,
      "timestamp_readable": "2025-06-14 13:32:58.710",
      "normalized_name": "I-am-once-again-asking/I-am-once-again-asking",
      "meme_name": "I-am-once-again-asking",
      "post_id": 35,
      "english_label": "others",
      "response_time_ms": 47504
    },
    {
      "image_path": "You-The-Real-MVP/You-The-Real-MVP_23.png",
      "label": "輕蔑",
      "response_time": "00:00:18.905",
      "timestamp_unix": 1749907997,
      "timestamp_unix_ms": 1749907997707,
      "timestamp_readable": "2025-06-14 13:33:17.707",
      "normalized_name": "You-The-Real-MVP/You-The-Real-MVP",
      "meme_name": "You-The-Real-MVP",
      "post_id": 23,
      "english_label": "contempt",
      "response_time_ms": 18905
    },
    {
      "image_path": "Hide-the-Pain-Harold/Hide-the-Pain-Harold_29.png",
      "label": "輕蔑",
      "response_time": "00:00:24.407",
      "timestamp_unix": 1749908022,
      "timestamp_unix_ms": 1749908022175,
      "timestamp_readable": "2025-06-14 13:33:42.175",
      "normalized_name": "Hide-the-Pain-Harold/Hide-the-Pain-Harold",
      "meme_name": "Hide-the-Pain-Harold",
      "post_id": 29,
      "english_label": "contempt",
      "response_time_ms": 24407
    },
    {
      "image_path": "Gru-Gun/Gru-Gun_21.png",
      "label": "厭惡",
      "response_time": "00:00:09.505",
      "timestamp_unix": 1749908031,
      "timestamp_unix_ms": 1749908031726,
      "timestamp_readable": "2025-06-14 13:33:51.726",
      "normalized_name": "Gru-Gun/Gru-Gun",
      "meme_name": "Gru-Gun",
      "post_id": 21,
      "english_label": "disgust",
      "response_time_ms": 9505
    },
    {
      "image_path": "Happy--Shock/Happy--Shock_8.png",
      "label": "其他",
      "response_time": "00:00:27.506",
      "timestamp_unix": 1749908059,
      "timestamp_unix_ms": 1749908059360,
      "timestamp_readable": "2025-06-14 13:34:19.360",
      "normalized_name": "Happy--Shock/Happy--Shock",
      "meme_name": "Happy--Shock",
      "post_id": 8,
      "english_label": "others",
      "response_time_ms": 27506
    },
    {
      "image_path": "Mr-incredible-mad/Mr-incredible-mad_36.png",
      "label": "憤怒",
      "response_time": "00:00:06.304",
      "timestamp_unix": 1749908065,
      "timestamp_unix_ms": 1749908065725,
      "timestamp_readable": "2025-06-14 13:34:25.725",
      "normalized_name": "Mr-incredible-mad/Mr-incredible-mad",
      "meme_name": "Mr-incredible-mad",
      "post_id": 36,
      "english_label": "anger",
      "response_time_ms": 6304
    },
    {
      "image_path": "Thats-a-paddlin/Thats-a-paddlin_9.png",
      "label": "憤怒",
      "response_time": "00:00:05.805",
      "timestamp_unix": 1749908071,
      "timestamp_unix_ms": 1749908071576,
      "timestamp_readable": "2025-06-14 13:34:31.576",
      "normalized_name": "Thats-a-paddlin/Thats-a-paddlin",
      "meme_name": "Thats-a-paddlin",
      "post_id": 9,
      "english_label": "anger",
      "response_time_ms": 5805
    },
    {
      "image_path": "Futurama-Fry/Futurama-Fry_40.png",
      "label": "憤怒",
      "response_time": "00:00:16.004",
      "timestamp_unix": 1749908087,
      "timestamp_unix_ms": 1749908087625,
      "timestamp_readable": "2025-06-14 13:34:47.625",
      "normalized_name": "Futurama-Fry/Futurama-Fry",
      "meme_name": "Futurama-Fry",
      "post_id": 40,
      "english_label": "anger",
      "response_time_ms": 16004
    },
    {
      "image_path": "Monkey-Puppet/Monkey-Puppet_42.png",
      "label": "其他",
      "response_time": "00:00:25.006",
      "timestamp_unix": 1749908112,
      "timestamp_unix_ms": 1749908112760,
      "timestamp_readable": "2025-06-14 13:35:12.760",
      "normalized_name": "Monkey-Puppet/Monkey-Puppet",
      "meme_name": "Monkey-Puppet",
      "post_id": 42,
      "english_label": "others",
      "response_time_ms": 25006
    },
    {
      "image_path": "Well-Yes-But-Actually-No/Well-Yes-But-Actually-No_10.png",
      "label": "其他",
      "response_time": "00:00:22.906",
      "timestamp_unix": 1749908135,
      "timestamp_unix_ms": 1749908135746,
      "timestamp_readable": "2025-06-14 13:35:35.746",
      "normalized_name": "Well-Yes-But-Actually-No/Well-Yes-But-Actually-No",
      "meme_name": "Well-Yes-But-Actually-No",
      "post_id": 10,
      "english_label": "others",
      "response_time_ms": 22906
    },
    {
      "image_path": "Angry-Baby/Angry-Baby_27.png",
      "label": "憤怒",
      "response_time": "00:00:08.402",
      "timestamp_unix": 1749908144,
      "timestamp_unix_ms": 1749908144210,
      "timestamp_readable": "2025-06-14 13:35:44.210",
      "normalized_name": "Angry-Baby/Angry-Baby",
      "meme_name": "Angry-Baby",
      "post_id": 27,
      "english_label": "anger",
      "response_time_ms": 8402
    },
    {
      "image_path": "Mr-McMahon-reaction/Mr-McMahon-reaction_31.png",
      "label": "其他",
      "response_time": "00:00:37.504",
      "timestamp_unix": 1749908181,
      "timestamp_unix_ms": 1749908181776,
      "timestamp_readable": "2025-06-14 13:36:21.776",
      "normalized_name": "Mr-McMahon-reaction/Mr-McMahon-reaction",
      "meme_name": "Mr-McMahon-reaction",
      "post_id": 31,
      "english_label": "others",
      "response_time_ms": 37504
    },
    {
      "image_path": "Dinkleberg/Dinkleberg_48.png",
      "label": "厭惡",
      "response_time": "00:00:17.903",
      "timestamp_unix": 1749908199,
      "timestamp_unix_ms": 1749908199777,
      "timestamp_readable": "2025-06-14 13:36:39.777",
      "normalized_name": "Dinkleberg/Dinkleberg",
      "meme_name": "Dinkleberg",
      "post_id": 48,
      "english_label": "disgust",
      "response_time_ms": 17903
    },
    {
      "image_path": "Ill-Have-You-Know-Spongebob/Ill-Have-You-Know-Spongebob_41.png",
      "label": "厭惡",
      "response_time": "00:00:18.405",
      "timestamp_unix": 1749908218,
      "timestamp_unix_ms": 1749908218300,
      "timestamp_readable": "2025-06-14 13:36:58.300",
      "normalized_name": "Ill-Have-You-Know-Spongebob/Ill-Have-You-Know-Spongebob",
      "meme_name": "Ill-Have-You-Know-Spongebob",
      "post_id": 41,
      "english_label": "disgust",
      "response_time_ms": 18405
    },
    {
      "image_path": "Math-ladyConfused-lady/Math-ladyConfused-lady_28.png",
      "label": "輕蔑",
      "response_time": "00:00:35.014",
      "timestamp_unix": 1749908253,
      "timestamp_unix_ms": 1749908253344,
      "timestamp_readable": "2025-06-14 13:37:33.344",
      "normalized_name": "Math-ladyConfused-lady/Math-ladyConfused-lady",
      "meme_name": "Math-ladyConfused-lady",
      "post_id": 28,
      "english_label": "contempt",
      "response_time_ms": 35014
    },
    {
      "image_path": "Picard-Wtf/Picard-Wtf_17.png",
      "label": "憤怒",
      "response_time": "00:00:31.203",
      "timestamp_unix": 1749908284,
      "timestamp_unix_ms": 1749908284660,
      "timestamp_readable": "2025-06-14 13:38:04.660",
      "normalized_name": "Picard-Wtf/Picard-Wtf",
      "meme_name": "Picard-Wtf",
      "post_id": 17,
      "english_label": "anger",
      "response_time_ms": 31203
    },
    {
      "image_path": "Laughing-wolf/Laughing-wolf_39.png",
      "label": "輕蔑",
      "response_time": "00:00:08.503",
      "timestamp_unix": 1749908293,
      "timestamp_unix_ms": 1749908293265,
      "timestamp_readable": "2025-06-14 13:38:13.265",
      "normalized_name": "Laughing-wolf/Laughing-wolf",
      "meme_name": "Laughing-wolf",
      "post_id": 39,
      "english_label": "contempt",
      "response_time_ms": 8503
    },
    {
      "image_path": "Im-The-Captain-Now/Im-The-Captain-Now_46.png",
      "label": "輕蔑",
      "response_time": "00:00:15.119",
      "timestamp_unix": 1749908308,
      "timestamp_unix_ms": 1749908308409,
      "timestamp_readable": "2025-06-14 13:38:28.409",
      "normalized_name": "Im-The-Captain-Now/Im-The-Captain-Now",
      "meme_name": "Im-The-Captain-Now",
      "post_id": 46,
      "english_label": "contempt",
      "response_time_ms": 15119
    },
    {
      "image_path": "Moe-throws-Barney/Moe-throws-Barney_11.png",
      "label": "憤怒",
      "response_time": "00:00:26.507",
      "timestamp_unix": 1749908334,
      "timestamp_unix_ms": 1749908334960,
      "timestamp_readable": "2025-06-14 13:38:54.960",
      "normalized_name": "Moe-throws-Barney/Moe-throws-Barney",
      "meme_name": "Moe-throws-Barney",
      "post_id": 11,
      "english_label": "anger",
      "response_time_ms": 26507
    },
    {
      "image_path": "Always-Has-Been/Always-Has-Been_45.png",
      "label": "其他",
      "response_time": "00:00:20.906",
      "timestamp_unix": 1749908355,
      "timestamp_unix_ms": 1749908355893,
      "timestamp_readable": "2025-06-14 13:39:15.893",
      "normalized_name": "Always-Has-Been/Always-Has-Been",
      "meme_name": "Always-Has-Been",
      "post_id": 45,
      "english_label": "others",
      "response_time_ms": 20906
    },
    {
      "image_path": "Batman-Slapping-Robin/Batman-Slapping-Robin_13.png",
      "label": "輕蔑",
      "response_time": "00:00:18.705",
      "timestamp_unix": 1749908374,
      "timestamp_unix_ms": 1749908374694,
      "timestamp_readable": "2025-06-14 13:39:34.694",
      "normalized_name": "Batman-Slapping-Robin/Batman-Slapping-Robin",
      "meme_name": "Batman-Slapping-Robin",
      "post_id": 13,
      "english_label": "contempt",
      "response_time_ms": 18705
    },
    {
      "image_path": "Charlie-Day/Charlie-Day_38.png",
      "label": "其他",
      "response_time": "00:00:22.805",
      "timestamp_unix": 1749908397,
      "timestamp_unix_ms": 1749908397595,
      "timestamp_readable": "2025-06-14 13:39:57.595",
      "normalized_name": "Charlie-Day/Charlie-Day",
      "meme_name": "Charlie-Day",
      "post_id": 38,
      "english_label": "others",
      "response_time_ms": 22805
    },
    {
      "image_path": "Drake-NoYes/Drake-NoYes_30.png",
      "label": "輕蔑",
      "response_time": "00:00:21.004",
      "timestamp_unix": 1749908418,
      "timestamp_unix_ms": 1749908418644,
      "timestamp_readable": "2025-06-14 13:40:18.644",
      "normalized_name": "Drake-NoYes/Drake-NoYes",
      "meme_name": "Drake-NoYes",
      "post_id": 30,
      "english_label": "contempt",
      "response_time_ms": 21004
    },
    {
      "image_path": "attention_check/attention_check_Others.png",
      "label": "其他",
      "response_time": "00:00:05.906",
      "timestamp_unix": 1749908424,
      "timestamp_unix_ms": 1749908424611,
      "timestamp_readable": "2025-06-14 13:40:24.611",
      "normalized_name": "attention_check/attention_check_Others.png",
      "meme_name": "attention_check",
      "post_id": null,
      "english_label": "others",
      "response_time_ms": 5906
    },
    {
      "image_path": "Smudge-the-cat/Smudge-the-cat_6.png",
      "label": "憤怒",
      "response_time": "00:00:22.201",
      "timestamp_unix": 1749908446,
      "timestamp_unix_ms": 1749908446928,
      "timestamp_readable": "2025-06-14 13:40:46.928",
      "normalized_name": "Smudge-the-cat/Smudge-the-cat",
      "meme_name": "Smudge-the-cat",
      "post_id": 6,
      "english_label": "anger",
      "response_time_ms": 22201
    },
    {
      "image_path": "Disappointed-Man/Disappointed-Man_15.png",
      "label": "厭惡",
      "response_time": "00:00:28.505",
      "timestamp_unix": 1749908475,
      "timestamp_unix_ms": 1749908475544,
      "timestamp_readable": "2025-06-14 13:41:15.544",
      "normalized_name": "Disappointed-Man/Disappointed-Man",
      "meme_name": "Disappointed-Man",
      "post_id": 15,
      "english_label": "disgust",
      "response_time_ms": 28505
    },
    {
      "image_path": "Dave-chappelle/Dave-chappelle_34.png",
      "label": "輕蔑",
      "response_time": "00:00:09.605",
      "timestamp_unix": 1749908485,
      "timestamp_unix_ms": 1749908485232,
      "timestamp_readable": "2025-06-14 13:41:25.232",
      "normalized_name": "Dave-chappelle/Dave-chappelle",
      "meme_name": "Dave-chappelle",
      "post_id": 34,
      "english_label": "contempt",
      "response_time_ms": 9605
    },
    {
      "image_path": "Nuclear-Explosion/Nuclear-Explosion_2.png",
      "label": "憤怒",
      "response_time": "00:00:04.701",
      "timestamp_unix": 1749908489,
      "timestamp_unix_ms": 1749908489994,
      "timestamp_readable": "2025-06-14 13:41:29.994",
      "normalized_name": "Nuclear-Explosion/Nuclear-Explosion",
      "meme_name": "Nuclear-Explosion",
      "post_id": 2,
      "english_label": "anger",
      "response_time_ms": 4701
    },
    {
      "image_path": "Put-It-Somewhere-Else-Patrick/Put-It-Somewhere-Else-Patrick_32.png",
      "label": "其他",
      "response_time": "00:00:14.301",
      "timestamp_unix": 1749908504,
      "timestamp_unix_ms": 1749908504394,
      "timestamp_readable": "2025-06-14 13:41:44.394",
      "normalized_name": "Put-It-Somewhere-Else-Patrick/Put-It-Somewhere-Else-Patrick",
      "meme_name": "Put-It-Somewhere-Else-Patrick",
      "post_id": 32,
      "english_label": "others",
      "response_time_ms": 14301
    },
    {
      "image_path": "Khan/Khan_16.png",
      "label": "憤怒",
      "response_time": "00:00:03.205",
      "timestamp_unix": 1749908507,
      "timestamp_unix_ms": 1749908507644,
      "timestamp_readable": "2025-06-14 13:41:47.644",
      "normalized_name": "Khan/Khan",
      "meme_name": "Khan",
      "post_id": 16,
      "english_label": "anger",
      "response_time_ms": 3205
    },
    {
      "image_path": "Black-guy-hiding-behind-tree/Black-guy-hiding-behind-tree_7.png",
      "label": "其他",
      "response_time": "00:00:32.405",
      "timestamp_unix": 1749908540,
      "timestamp_unix_ms": 1749908540095,
      "timestamp_readable": "2025-06-14 13:42:20.095",
      "normalized_name": "Black-guy-hiding-behind-tree/Black-guy-hiding-behind-tree",
      "meme_name": "Black-guy-hiding-behind-tree",
      "post_id": 7,
      "english_label": "others",
      "response_time_ms": 32405
    },
    {
      "image_path": "Leonardo-Dicaprio-Wolf-Of-Wall-Street/Leonardo-Dicaprio-Wolf-Of-Wall-Street_49.png",
      "label": "輕蔑",
      "response_time": "00:00:07.103",
      "timestamp_unix": 1749908547,
      "timestamp_unix_ms": 1749908547262,
      "timestamp_readable": "2025-06-14 13:42:27.262",
      "normalized_name": "Leonardo-Dicaprio-Wolf-Of-Wall-Street/Leonardo-Dicaprio-Wolf-Of-Wall-Street",
      "meme_name": "Leonardo-Dicaprio-Wolf-Of-Wall-Street",
      "post_id": 49,
      "english_label": "contempt",
      "response_time_ms": 7103
    },
    {
      "image_path": "Archer/Archer_50.png",
      "label": "厭惡",
      "response_time": "00:00:05.404",
      "timestamp_unix": 1749908552,
      "timestamp_unix_ms": 1749908552796,
      "timestamp_readable": "2025-06-14 13:42:32.796",
      "normalized_name": "Archer/Archer",
      "meme_name": "Archer",
      "post_id": 50,
      "english_label": "disgust",
      "response_time_ms": 5404
    },
    {
      "image_path": "For-the-better-right-blank/For-the-better-right-blank_5.png",
      "label": "其他",
      "response_time": "00:00:12.200",
      "timestamp_unix": 1749908565,
      "timestamp_unix_ms": 1749908565111,
      "timestamp_readable": "2025-06-14 13:42:45.111",
      "normalized_name": "For-the-better-right-blank/For-the-better-right-blank",
      "meme_name": "For-the-better-right-blank",
      "post_id": 5,
      "english_label": "others",
      "response_time_ms": 12200
    },
    {
      "image_path": "Always-you-three/Always-you-three_19.png",
      "label": "其他",
      "response_time": "00:00:31.502",
      "timestamp_unix": 1749908596,
      "timestamp_unix_ms": 1749908596711,
      "timestamp_readable": "2025-06-14 13:43:16.711",
      "normalized_name": "Always-you-three/Always-you-three",
      "meme_name": "Always-you-three",
      "post_id": 19,
      "english_label": "others",
      "response_time_ms": 31502
    },
    {
      "image_path": "Afraid-To-Ask-Andy/Afraid-To-Ask-Andy_24.png",
      "label": "其他",
      "response_time": "00:00:05.105",
      "timestamp_unix": 1749908601,
      "timestamp_unix_ms": 1749908601927,
      "timestamp_readable": "2025-06-14 13:43:21.927",
      "normalized_name": "Afraid-To-Ask-Andy/Afraid-To-Ask-Andy",
      "meme_name": "Afraid-To-Ask-Andy",
      "post_id": 24,
      "english_label": "others",
      "response_time_ms": 5105
    },
    {
      "image_path": "Mocking-Spongebob/Mocking-Spongebob_26.png",
      "label": "輕蔑",
      "response_time": "00:00:03.404",
      "timestamp_unix": 1749908605,
      "timestamp_unix_ms": 1749908605428,
      "timestamp_readable": "2025-06-14 13:43:25.428",
      "normalized_name": "Mocking-Spongebob/Mocking-Spongebob",
      "meme_name": "Mocking-Spongebob",
      "post_id": 26,
      "english_label": "contempt",
      "response_time_ms": 3404
    },
    {
      "image_path": "Obi-Wan-Kenobi/Obi-Wan-Kenobi_47.png",
      "label": "厭惡",
      "response_time": "00:00:13.005",
      "timestamp_unix": 1749908618,
      "timestamp_unix_ms": 1749908618479,
      "timestamp_readable": "2025-06-14 13:43:38.479",
      "normalized_name": "Obi-Wan-Kenobi/Obi-Wan-Kenobi",
      "meme_name": "Obi-Wan-Kenobi",
      "post_id": 47,
      "english_label": "disgust",
      "response_time_ms": 13005
    },
    {
      "image_path": "Disaster-Girl/Disaster-Girl_37.png",
      "label": "其他",
      "response_time": "00:00:21.404",
      "timestamp_unix": 1749908640,
      "timestamp_unix_ms": 1749908640013,
      "timestamp_readable": "2025-06-14 13:44:00.013",
      "normalized_name": "Disaster-Girl/Disaster-Girl",
      "meme_name": "Disaster-Girl",
      "post_id": 37,
      "english_label": "others",
      "response_time_ms": 21404
    },
    {
      "image_path": "Persian-Cat-Room-Guardian/Persian-Cat-Room-Guardian_1.png",
      "label": "其他",
      "response_time": "00:00:26.503",
      "timestamp_unix": 1749908666,
      "timestamp_unix_ms": 1749908666612,
      "timestamp_readable": "2025-06-14 13:44:26.612",
      "normalized_name": "Persian-Cat-Room-Guardian/Persian-Cat-Room-Guardian",
      "meme_name": "Persian-Cat-Room-Guardian",
      "post_id": 1,
      "english_label": "others",
      "response_time_ms": 26503
    },
    {
      "image_path": "Surprised-Pikachu/Surprised-Pikachu_18.png",
      "label": "其他",
      "response_time": "00:00:06.905",
      "timestamp_unix": 1749908673,
      "timestamp_unix_ms": 1749908673562,
      "timestamp_readable": "2025-06-14 13:44:33.562",
      "normalized_name": "Surprised-Pikachu/Surprised-Pikachu",
      "meme_name": "Surprised-Pikachu",
      "post_id": 18,
      "english_label": "others",
      "response_time_ms": 6905
    },
    {
      "image_path": "Confused-Gandalf/Confused-Gandalf_22.png",
      "label": "厭惡",
      "response_time": "00:00:24.906",
      "timestamp_unix": 1749908698,
      "timestamp_unix_ms": 1749908698497,
      "timestamp_readable": "2025-06-14 13:44:58.497",
      "normalized_name": "Confused-Gandalf/Confused-Gandalf",
      "meme_name": "Confused-Gandalf",
      "post_id": 22,
      "english_label": "disgust",
      "response_time_ms": 24906
    },
    {
      "image_path": "Scooby-doo-mask-reveal/Scooby-doo-mask-reveal_25.png",
      "label": "輕蔑",
      "response_time": "00:00:03.804",
      "timestamp_unix": 1749908702,
      "timestamp_unix_ms": 1749908702346,
      "timestamp_readable": "2025-06-14 13:45:02.346",
      "normalized_name": "Scooby-doo-mask-reveal/Scooby-doo-mask-reveal",
      "meme_name": "Scooby-doo-mask-reveal",
      "post_id": 25,
      "english_label": "contempt",
      "response_time_ms": 3804
    },
    {
      "image_path": "Spiderman-Hospital/Spiderman-Hospital_33.png",
      "label": "其他",
      "response_time": "00:00:20.904",
      "timestamp_unix": 1749908723,
      "timestamp_unix_ms": 1749908723381,
      "timestamp_readable": "2025-06-14 13:45:23.381",
      "normalized_name": "Spiderman-Hospital/Spiderman-Hospital",
      "meme_name": "Spiderman-Hospital",
      "post_id": 33,
      "english_label": "others",
      "response_time_ms": 20904
    },
    {
      "image_path": "Arthur-Fist/Arthur-Fist_43.png",
      "label": "憤怒",
      "response_time": "00:00:09.902",
      "timestamp_unix": 1749908733,
      "timestamp_unix_ms": 1749908733387,
      "timestamp_readable": "2025-06-14 13:45:33.387",
      "normalized_name": "Arthur-Fist/Arthur-Fist",
      "meme_name": "Arthur-Fist",
      "post_id": 43,
      "english_label": "anger",
      "response_time_ms": 9902
    },
    {
      "image_path": "Kevin-Hart/Kevin-Hart_3.png",
      "label": "其他",
      "response_time": "00:00:08.314",
      "timestamp_unix": 1749908741,
      "timestamp_unix_ms": 1749908741730,
      "timestamp_readable": "2025-06-14 13:45:41.730",
      "normalized_name": "Kevin-Hart/Kevin-Hart",
      "meme_name": "Kevin-Hart",
      "post_id": 3,
      "english_label": "others",
      "response_time_ms": 8314
    },
    {
      "image_path": "DJ-Pauly-D/DJ-Pauly-D_4.png",
      "label": "憤怒",
      "response_time": "00:00:02.904",
      "timestamp_unix": 1749908744,
      "timestamp_unix_ms": 1749908744762,
      "timestamp_readable": "2025-06-14 13:45:44.762",
      "normalized_name": "DJ-Pauly-D/DJ-Pauly-D",
      "meme_name": "DJ-Pauly-D",
      "post_id": 4,
      "english_label": "anger",
      "response_time_ms": 2904
    },
    {
      "image_path": "Table-Flip-Guy/Table-Flip-Guy_20.png",
      "label": "憤怒",
      "response_time": "00:00:03.005",
      "timestamp_unix": 1749908747,
      "timestamp_unix_ms": 1749908747832,
      "timestamp_readable": "2025-06-14 13:45:47.832",
      "normalized_name": "Table-Flip-Guy/Table-Flip-Guy",
      "meme_name": "Table-Flip-Guy",
      "post_id": 20,
      "english_label": "anger",
      "response_time_ms": 3005
    },
    {
      "image_path": "Hold-fart/Hold-fart_12.png",
      "label": "厭惡",
      "response_time": "00:00:19.901",
      "timestamp_unix": 1749908767,
      "timestamp_unix_ms": 1749908767813,
      "timestamp_readable": "2025-06-14 13:46:07.813",
      "normalized_name": "Hold-fart/Hold-fart",
      "meme_name": "Hold-fart",
      "post_id": 12,
      "english_label": "disgust",
      "response_time_ms": 19901
    },
    {
      "image_path": "attention_check/attention_check_Disgust.png",
      "label": "厭惡",
      "response_time": "00:00:05.503",
      "timestamp_unix": 1749908773,
      "timestamp_unix_ms": 1749908773405,
      "timestamp_readable": "2025-06-14 13:46:13.405",
      "normalized_name": "attention_check/attention_check_Disgust.png",
      "meme_name": "attention_check",
      "post_id": null,
      "english_label": "disgust",
      "response_time_ms": 5503
    },
    {
      "image_path": "Spongebob-Yelling/Spongebob-Yelling_14.png",
      "label": "憤怒",
      "response_time": "00:00:03.511",
      "timestamp_unix": 1749908776,
      "timestamp_unix_ms": 1749908776952,
      "timestamp_readable": "2025-06-14 13:46:16.952",
      "normalized_name": "Spongebob-Yelling/Spongebob-Yelling",
      "meme_name": "Spongebob-Yelling",
      "post_id": 14,
      "english_label": "anger",
      "response_time_ms": 3511
    },
    {
      "image_path": "Chill-guy/Chill-guy_44.png",
      "label": "輕蔑",
      "response_time": "00:00:08.205",
      "timestamp_unix": 1749908785,
      "timestamp_unix_ms": 1749908785247,
      "timestamp_readable": "2025-06-14 13:46:25.247",
      "normalized_name": "Chill-guy/Chill-guy",
      "meme_name": "Chill-guy",
      "post_id": 44,
      "english_label": "contempt",
      "response_time_ms": 8205
    }
  ],
  "session_start_unix": 1749907800,
  "session_status": "completed",
  "last_updated_unix": 1749908861,
  "image_order": [
    "Spiderman-Hospital/Spiderman-Hospital_33.png",
    "Happy--Shock/Happy--Shock_8.png",
    "Chill-guy/Chill-guy_44.png",
    "I-am-once-again-asking/I-am-once-again-asking_35.png",
    "Math-ladyConfused-lady/Math-ladyConfused-lady_28.png",
    "Archer/Archer_50.png",
    "Leonardo-Dicaprio-Wolf-Of-Wall-Street/Leonardo-Dicaprio-Wolf-Of-Wall-Street_49.png",
    "Mocking-Spongebob/Mocking-Spongebob_26.png",
    "Afraid-To-Ask-Andy/Afraid-To-Ask-Andy_24.png",
    "Charlie-Day/Charlie-Day_38.png",
    "Always-Has-Been/Always-Has-Been_45.png",
    "Picard-Wtf/Picard-Wtf_17.png",
    "Batman-Slapping-Robin/Batman-Slapping-Robin_13.png",
    "For-the-better-right-blank/For-the-better-right-blank_5.png",
    "Drake-NoYes/Drake-NoYes_30.png",
    "Laughing-wolf/Laughing-wolf_39.png",
    "DJ-Pauly-D/DJ-Pauly-D_4.png",
    "Always-you-three/Always-you-three_19.png",
    "Disappointed-Man/Disappointed-Man_15.png",
    "Smudge-the-cat/Smudge-the-cat_6.png",
    "Thats-a-paddlin/Thats-a-paddlin_9.png",
    "Hide-the-Pain-Harold/Hide-the-Pain-Harold_29.png",
    "Hold-fart/Hold-fart_12.png",
    "attention_check/attention_check_Others.png",
    "Im-The-Captain-Now/Im-The-Captain-Now_46.png",
    "Obi-Wan-Kenobi/Obi-Wan-Kenobi_47.png",
    "Spongebob-Yelling/Spongebob-Yelling_14.png",
    "Nuclear-Explosion/Nuclear-Explosion_2.png",
    "Dinkleberg/Dinkleberg_48.png",
    "Scooby-doo-mask-reveal/Scooby-doo-mask-reveal_25.png",
    "Disaster-Girl/Disaster-Girl_37.png",
    "Black-guy-hiding-behind-tree/Black-guy-hiding-behind-tree_7.png",
    "You-The-Real-MVP/You-The-Real-MVP_23.png",
    "Moe-throws-Barney/Moe-throws-Barney_11.png",
    "Ill-Have-You-Know-Spongebob/Ill-Have-You-Know-Spongebob_41.png",
    "Futurama-Fry/Futurama-Fry_40.png",
    "Monkey-Puppet/Monkey-Puppet_42.png",
    "Confused-Gandalf/Confused-Gandalf_22.png",
    "Mr-incredible-mad/Mr-incredible-mad_36.png",
    "Dave-chappelle/Dave-chappelle_34.png",
    "Surprised-Pikachu/Surprised-Pikachu_18.png",
    "Table-Flip-Guy/Table-Flip-Guy_20.png",
    "Kevin-Hart/Kevin-Hart_3.png",
    "Well-Yes-But-Actually-No/Well-Yes-But-Actually-No_10.png",
    "Mr-McMahon-reaction/Mr-McMahon-reaction_31.png",
    "Gru-Gun/Gru-Gun_21.png",
    "Persian-Cat-Room-Guardian/Persian-Cat-Room-Guardian_1.png",
    "Put-It-Somewhere-Else-Patrick/Put-It-Somewhere-Else-Patrick_32.png",
    "Angry-Baby/Angry-Baby_27.png",
    "attention_check/attention_check_Disgust.png",
    "Arthur-Fist/Arthur-Fist_43.png",
    "Khan/Khan_16.png"
  ],
  "completion_status": {
    "practice_completed": true,
    "game_started": true,
    "game_completed": true,
    "summary_viewed": true,
    "email_submitted": true
  },
  "timestamps_unix": {
    "registration_completed": 1749907800,
    "practice_started": 1749907800,
    "practice_completed": 1749907931,
    "game_started": 1749907931,
    "first_label": 1749907978,
    "last_label": 1749908785,
    "game_completed": 1749908787,
    "summary_viewed": 1749908787,
    "email_submitted": 1749908861,
    "session_end": 1749908861,
    "last_updated": 1749908861
  },
  "timestamps_unix_ms": {
    "registration_completed_ms": 1749907800409,
    "practice_started_ms": 1749907800444,
    "practice_completed_ms": 1749907931023,
    "game_started_ms": 1749907931033,
    "first_label_ms": 1749907978710,
    "last_label_ms": 1749908785247,
    "game_completed_ms": 1749908787232,
    "summary_viewed_ms": 1749908787242,
    "email_submitted_ms": 1749908861505,
    "session_end_ms": 1749908861505,
    "last_updated_ms": 1749908861505
  },
  "duration_stats_ms": {
    "total_session_duration_ms": 1061096,
    "practice_duration_ms": 130579,
    "game_duration_ms": 856199,
    "labeling_duration_ms": 806537,
    "email_submission_duration_ms": 74263
  },
  "filename_updated_unix": 1749908787,
  "original_filename": "user_c9c075",
  "completion_status_in_filename": "email_submitted"
}