{
  "user_id": "user_abcf3e",
  "file_name": "user_abcf3e_1751820274_1751820647_fullycomplete",
  "unix_start_time": 1751820274,
  "unix_start_time_ms": 1751820274909,
  "unix_end_time": 1751820647,
  "unix_end_time_ms": 1751820647370,
  "age": "25-29",
  "gender": "male",
  "user_agent": "Mozilla/5.0 (Linux; Android 10; K) AppleWebKit/537.36 (KHTML, like Gecko) Chrome/129.0.0.0 Safari/537.36",
  "user_ip": "111.243.177.137",
  "status": "complete",
  "email_provided": "complete",
  "attention_passed": true,
  "start_time_readable": "2025-07-06 16:44:34.909",
  "end_time_readable": "2025-07-06 16:50:47.370",
  "total_labels": 52,
  "emotion_summary": {
    "anger": 17,
    "contempt": 24,
    "disgust": 7,
    "others": 4
  },
  "email": "aa86480226@gmail.com",
  "participation": "yes",
  "total_responses": 52,
  "responses": [
    {
      "image_path": "Leonardo-Dicaprio-Wolf-Of-Wall-Street/Leonardo-Dicaprio-Wolf-Of-Wall-Street_27.png",
      "label": "輕蔑",
      "response_time": "00:00:16.201",
      "timestamp_unix": 1751820352,
      "timestamp_unix_ms": 1751820352574,
      "timestamp_readable": "2025-07-06 16:45:52.574",
      "normalized_name": "Leonardo-Dicaprio-Wolf-Of-Wall-Street/Leonardo-Dicaprio-Wolf-Of-Wall-Street",
      "meme_name": "Leonardo-Dicaprio-Wolf-Of-Wall-Street",
      "post_id": 27,
      "english_label": "contempt",
      "response_time_ms": 16201
    },
    {
      "image_path": "Gru-Gun/Gru-Gun_31.png",
      "label": "憤怒",
      "response_time": "00:00:04.600",
      "timestamp_unix": 1751820357,
      "timestamp_unix_ms": 1751820357403,
      "timestamp_readable": "2025-07-06 16:45:57.403",
      "normalized_name": "Gru-Gun/Gru-Gun",
      "meme_name": "Gru-Gun",
      "post_id": 31,
      "english_label": "anger",
      "response_time_ms": 4600
    },
    {
      "image_path": "Happy--Shock/Happy--Shock_19.png",
      "label": "憤怒",
      "response_time": "00:00:03.000",
      "timestamp_unix": 1751820360,
      "timestamp_unix_ms": 1751820360505,
      "timestamp_readable": "2025-07-06 16:46:00.505",
      "normalized_name": "Happy--Shock/Happy--Shock",
      "meme_name": "Happy--Shock",
      "post_id": 19,
      "english_label": "anger",
      "response_time_ms": 3000
    },
    {
      "image_path": "Monkey-Puppet/Monkey-Puppet_48.png",
      "label": "厭惡",
      "response_time": "00:00:04.700",
      "timestamp_unix": 1751820365,
      "timestamp_unix_ms": 1751820365354,
      "timestamp_readable": "2025-07-06 16:46:05.354",
      "normalized_name": "Monkey-Puppet/Monkey-Puppet",
      "meme_name": "Monkey-Puppet",
      "post_id": 48,
      "english_label": "disgust",
      "response_time_ms": 4700
    },
    {
      "image_path": "Black-guy-hiding-behind-tree/Black-guy-hiding-behind-tree_34.png",
      "label": "輕蔑",
      "response_time": "00:00:06.100",
      "timestamp_unix": 1751820371,
      "timestamp_unix_ms": 1751820371521,
      "timestamp_readable": "2025-07-06 16:46:11.521",
      "normalized_name": "Black-guy-hiding-behind-tree/Black-guy-hiding-behind-tree",
      "meme_name": "Black-guy-hiding-behind-tree",
      "post_id": 34,
      "english_label": "contempt",
      "response_time_ms": 6100
    },
    {
      "image_path": "Kevin-Hart/Kevin-Hart_39.png",
      "label": "輕蔑",
      "response_time": "00:00:03.500",
      "timestamp_unix": 1751820375,
      "timestamp_unix_ms": 1751820375113,
      "timestamp_readable": "2025-07-06 16:46:15.113",
      "normalized_name": "Kevin-Hart/Kevin-Hart",
      "meme_name": "Kevin-Hart",
      "post_id": 39,
      "english_label": "contempt",
      "response_time_ms": 3500
    },
    {
      "image_path": "Dave-chappelle/Dave-chappelle_42.png",
      "label": "輕蔑",
      "response_time": "00:00:03.700",
      "timestamp_unix": 1751820378,
      "timestamp_unix_ms": 1751820378967,
      "timestamp_readable": "2025-07-06 16:46:18.967",
      "normalized_name": "Dave-chappelle/Dave-chappelle",
      "meme_name": "Dave-chappelle",
      "post_id": 42,
      "english_label": "contempt",
      "response_time_ms": 3700
    },
    {
      "image_path": "Hide-the-Pain-Harold/Hide-the-Pain-Harold_7.png",
      "label": "輕蔑",
      "response_time": "00:00:04.900",
      "timestamp_unix": 1751820383,
      "timestamp_unix_ms": 1751820383983,
      "timestamp_readable": "2025-07-06 16:46:23.983",
      "normalized_name": "Hide-the-Pain-Harold/Hide-the-Pain-Harold",
      "meme_name": "Hide-the-Pain-Harold",
      "post_id": 7,
      "english_label": "contempt",
      "response_time_ms": 4900
    },
    {
      "image_path": "Khan/Khan_33.png",
      "label": "厭惡",
      "response_time": "00:00:03.400",
      "timestamp_unix": 1751820387,
      "timestamp_unix_ms": 1751820387471,
      "timestamp_readable": "2025-07-06 16:46:27.471",
      "normalized_name": "Khan/Khan",
      "meme_name": "Khan",
      "post_id": 33,
      "english_label": "disgust",
      "response_time_ms": 3400
    },
    {
      "image_path": "Put-It-Somewhere-Else-Patrick/Put-It-Somewhere-Else-Patrick_8.png",
      "label": "憤怒",
      "response_time": "00:00:01.900",
      "timestamp_unix": 1751820389,
      "timestamp_unix_ms": 1751820389494,
      "timestamp_readable": "2025-07-06 16:46:29.494",
      "normalized_name": "Put-It-Somewhere-Else-Patrick/Put-It-Somewhere-Else-Patrick",
      "meme_name": "Put-It-Somewhere-Else-Patrick",
      "post_id": 8,
      "english_label": "anger",
      "response_time_ms": 1900
    },
    {
      "image_path": "Table-Flip-Guy/Table-Flip-Guy_11.png",
      "label": "其他",
      "response_time": "00:00:02.800",
      "timestamp_unix": 1751820392,
      "timestamp_unix_ms": 1751820392395,
      "timestamp_readable": "2025-07-06 16:46:32.395",
      "normalized_name": "Table-Flip-Guy/Table-Flip-Guy",
      "meme_name": "Table-Flip-Guy",
      "post_id": 11,
      "english_label": "others",
      "response_time_ms": 2800
    },
    {
      "image_path": "Always-Has-Been/Always-Has-Been_28.png",
      "label": "輕蔑",
      "response_time": "00:00:07.903",
      "timestamp_unix": 1751820400,
      "timestamp_unix_ms": 1751820400467,
      "timestamp_readable": "2025-07-06 16:46:40.467",
      "normalized_name": "Always-Has-Been/Always-Has-Been",
      "meme_name": "Always-Has-Been",
      "post_id": 28,
      "english_label": "contempt",
      "response_time_ms": 7903
    },
    {
      "image_path": "DJ-Pauly-D/DJ-Pauly-D_50.png",
      "label": "憤怒",
      "response_time": "00:00:08.200",
      "timestamp_unix": 1751820408,
      "timestamp_unix_ms": 1751820408790,
      "timestamp_readable": "2025-07-06 16:46:48.790",
      "normalized_name": "DJ-Pauly-D/DJ-Pauly-D",
      "meme_name": "DJ-Pauly-D",
      "post_id": 50,
      "english_label": "anger",
      "response_time_ms": 8200
    },
    {
      "image_path": "Smudge-the-cat/Smudge-the-cat_29.png",
      "label": "輕蔑",
      "response_time": "00:00:02.500",
      "timestamp_unix": 1751820411,
      "timestamp_unix_ms": 1751820411421,
      "timestamp_readable": "2025-07-06 16:46:51.421",
      "normalized_name": "Smudge-the-cat/Smudge-the-cat",
      "meme_name": "Smudge-the-cat",
      "post_id": 29,
      "english_label": "contempt",
      "response_time_ms": 2500
    },
    {
      "image_path": "Laughing-wolf/Laughing-wolf_22.png",
      "label": "輕蔑",
      "response_time": "00:00:02.100",
      "timestamp_unix": 1751820413,
      "timestamp_unix_ms": 1751820413612,
      "timestamp_readable": "2025-07-06 16:46:53.612",
      "normalized_name": "Laughing-wolf/Laughing-wolf",
      "meme_name": "Laughing-wolf",
      "post_id": 22,
      "english_label": "contempt",
      "response_time_ms": 2100
    },
    {
      "image_path": "Always-you-three/Always-you-three_9.png",
      "label": "憤怒",
      "response_time": "00:00:02.301",
      "timestamp_unix": 1751820416,
      "timestamp_unix_ms": 1751820416018,
      "timestamp_readable": "2025-07-06 16:46:56.018",
      "normalized_name": "Always-you-three/Always-you-three",
      "meme_name": "Always-you-three",
      "post_id": 9,
      "english_label": "anger",
      "response_time_ms": 2301
    },
    {
      "image_path": "Picard-Wtf/Picard-Wtf_5.png",
      "label": "憤怒",
      "response_time": "00:00:02.300",
      "timestamp_unix": 1751820418,
      "timestamp_unix_ms": 1751820418512,
      "timestamp_readable": "2025-07-06 16:46:58.512",
      "normalized_name": "Picard-Wtf/Picard-Wtf",
      "meme_name": "Picard-Wtf",
      "post_id": 5,
      "english_label": "anger",
      "response_time_ms": 2300
    },
    {
      "image_path": "Futurama-Fry/Futurama-Fry_24.png",
      "label": "輕蔑",
      "response_time": "00:00:02.001",
      "timestamp_unix": 1751820420,
      "timestamp_unix_ms": 1751820420634,
      "timestamp_readable": "2025-07-06 16:47:00.634",
      "normalized_name": "Futurama-Fry/Futurama-Fry",
      "meme_name": "Futurama-Fry",
      "post_id": 24,
      "english_label": "contempt",
      "response_time_ms": 2001
    },
    {
      "image_path": "You-The-Real-MVP/You-The-Real-MVP_35.png",
      "label": "厭惡",
      "response_time": "00:00:01.700",
      "timestamp_unix": 1751820422,
      "timestamp_unix_ms": 1751820422454,
      "timestamp_readable": "2025-07-06 16:47:02.454",
      "normalized_name": "You-The-Real-MVP/You-The-Real-MVP",
      "meme_name": "You-The-Real-MVP",
      "post_id": 35,
      "english_label": "disgust",
      "response_time_ms": 1700
    },
    {
      "image_path": "I-am-once-again-asking/I-am-once-again-asking_49.png",
      "label": "厭惡",
      "response_time": "00:00:02.900",
      "timestamp_unix": 1751820425,
      "timestamp_unix_ms": 1751820425523,
      "timestamp_readable": "2025-07-06 16:47:05.523",
      "normalized_name": "I-am-once-again-asking/I-am-once-again-asking",
      "meme_name": "I-am-once-again-asking",
      "post_id": 49,
      "english_label": "disgust",
      "response_time_ms": 2900
    },
    {
      "image_path": "Disaster-Girl/Disaster-Girl_4.png",
      "label": "輕蔑",
      "response_time": "00:00:01.800",
      "timestamp_unix": 1751820427,
      "timestamp_unix_ms": 1751820427435,
      "timestamp_readable": "2025-07-06 16:47:07.435",
      "normalized_name": "Disaster-Girl/Disaster-Girl",
      "meme_name": "Disaster-Girl",
      "post_id": 4,
      "english_label": "contempt",
      "response_time_ms": 1800
    },
    {
      "image_path": "attention_check/attention_check_Contempt.png",
      "label": "輕蔑",
      "response_time": "00:00:00.900",
      "timestamp_unix": 1751820428,
      "timestamp_unix_ms": 1751820428489,
      "timestamp_readable": "2025-07-06 16:47:08.489",
      "normalized_name": "attention_check/attention_check_Contempt.png",
      "meme_name": "attention_check",
      "post_id": null,
      "english_label": "contempt",
      "response_time_ms": 900
    },
    {
      "image_path": "Charlie-Day/Charlie-Day_21.png",
      "label": "憤怒",
      "response_time": "00:00:02.700",
      "timestamp_unix": 1751820431,
      "timestamp_unix_ms": 1751820431328,
      "timestamp_readable": "2025-07-06 16:47:11.328",
      "normalized_name": "Charlie-Day/Charlie-Day",
      "meme_name": "Charlie-Day",
      "post_id": 21,
      "english_label": "anger",
      "response_time_ms": 2700
    },
    {
      "image_path": "Hold-fart/Hold-fart_14.png",
      "label": "輕蔑",
      "response_time": "00:00:01.900",
      "timestamp_unix": 1751820433,
      "timestamp_unix_ms": 1751820433292,
      "timestamp_readable": "2025-07-06 16:47:13.292",
      "normalized_name": "Hold-fart/Hold-fart",
      "meme_name": "Hold-fart",
      "post_id": 14,
      "english_label": "contempt",
      "response_time_ms": 1900
    },
    {
      "image_path": "Mr-McMahon-reaction/Mr-McMahon-reaction_17.png",
      "label": "厭惡",
      "response_time": "00:00:04.300",
      "timestamp_unix": 1751820437,
      "timestamp_unix_ms": 1751820437725,
      "timestamp_readable": "2025-07-06 16:47:17.725",
      "normalized_name": "Mr-McMahon-reaction/Mr-McMahon-reaction",
      "meme_name": "Mr-McMahon-reaction",
      "post_id": 17,
      "english_label": "disgust",
      "response_time_ms": 4300
    },
    {
      "image_path": "Arthur-Fist/Arthur-Fist_46.png",
      "label": "輕蔑",
      "response_time": "00:00:06.200",
      "timestamp_unix": 1751820444,
      "timestamp_unix_ms": 1751820444038,
      "timestamp_readable": "2025-07-06 16:47:24.038",
      "normalized_name": "Arthur-Fist/Arthur-Fist",
      "meme_name": "Arthur-Fist",
      "post_id": 46,
      "english_label": "contempt",
      "response_time_ms": 6200
    },
    {
      "image_path": "Disappointed-Man/Disappointed-Man_38.png",
      "label": "憤怒",
      "response_time": "00:00:05.100",
      "timestamp_unix": 1751820449,
      "timestamp_unix_ms": 1751820449262,
      "timestamp_readable": "2025-07-06 16:47:29.262",
      "normalized_name": "Disappointed-Man/Disappointed-Man",
      "meme_name": "Disappointed-Man",
      "post_id": 38,
      "english_label": "anger",
      "response_time_ms": 5100
    },
    {
      "image_path": "Math-ladyConfused-lady/Math-ladyConfused-lady_2.png",
      "label": "輕蔑",
      "response_time": "00:00:03.200",
      "timestamp_unix": 1751820452,
      "timestamp_unix_ms": 1751820452596,
      "timestamp_readable": "2025-07-06 16:47:32.596",
      "normalized_name": "Math-ladyConfused-lady/Math-ladyConfused-lady",
      "meme_name": "Math-ladyConfused-lady",
      "post_id": 2,
      "english_label": "contempt",
      "response_time_ms": 3200
    },
    {
      "image_path": "Mocking-Spongebob/Mocking-Spongebob_23.png",
      "label": "憤怒",
      "response_time": "00:00:03.601",
      "timestamp_unix": 1751820456,
      "timestamp_unix_ms": 1751820456312,
      "timestamp_readable": "2025-07-06 16:47:36.312",
      "normalized_name": "Mocking-Spongebob/Mocking-Spongebob",
      "meme_name": "Mocking-Spongebob",
      "post_id": 23,
      "english_label": "anger",
      "response_time_ms": 3601
    },
    {
      "image_path": "Moe-throws-Barney/Moe-throws-Barney_37.png",
      "label": "憤怒",
      "response_time": "00:00:17.800",
      "timestamp_unix": 1751820474,
      "timestamp_unix_ms": 1751820474194,
      "timestamp_readable": "2025-07-06 16:47:54.194",
      "normalized_name": "Moe-throws-Barney/Moe-throws-Barney",
      "meme_name": "Moe-throws-Barney",
      "post_id": 37,
      "english_label": "anger",
      "response_time_ms": 17800
    },
    {
      "image_path": "Im-The-Captain-Now/Im-The-Captain-Now_45.png",
      "label": "厭惡",
      "response_time": "00:00:03.900",
      "timestamp_unix": 1751820478,
      "timestamp_unix_ms": 1751820478184,
      "timestamp_readable": "2025-07-06 16:47:58.184",
      "normalized_name": "Im-The-Captain-Now/Im-The-Captain-Now",
      "meme_name": "Im-The-Captain-Now",
      "post_id": 45,
      "english_label": "disgust",
      "response_time_ms": 3900
    },
    {
      "image_path": "Thats-a-paddlin/Thats-a-paddlin_12.png",
      "label": "輕蔑",
      "response_time": "00:00:02.601",
      "timestamp_unix": 1751820480,
      "timestamp_unix_ms": 1751820480916,
      "timestamp_readable": "2025-07-06 16:48:00.916",
      "normalized_name": "Thats-a-paddlin/Thats-a-paddlin",
      "meme_name": "Thats-a-paddlin",
      "post_id": 12,
      "english_label": "contempt",
      "response_time_ms": 2601
    },
    {
      "image_path": "Obi-Wan-Kenobi/Obi-Wan-Kenobi_47.png",
      "label": "輕蔑",
      "response_time": "00:00:03.100",
      "timestamp_unix": 1751820484,
      "timestamp_unix_ms": 1751820484124,
      "timestamp_readable": "2025-07-06 16:48:04.124",
      "normalized_name": "Obi-Wan-Kenobi/Obi-Wan-Kenobi",
      "meme_name": "Obi-Wan-Kenobi",
      "post_id": 47,
      "english_label": "contempt",
      "response_time_ms": 3100
    },
    {
      "image_path": "For-the-better-right-blank/For-the-better-right-blank_30.png",
      "label": "輕蔑",
      "response_time": "00:00:03.500",
      "timestamp_unix": 1751820487,
      "timestamp_unix_ms": 1751820487696,
      "timestamp_readable": "2025-07-06 16:48:07.696",
      "normalized_name": "For-the-better-right-blank/For-the-better-right-blank",
      "meme_name": "For-the-better-right-blank",
      "post_id": 30,
      "english_label": "contempt",
      "response_time_ms": 3500
    },
    {
      "image_path": "Ill-Have-You-Know-Spongebob/Ill-Have-You-Know-Spongebob_26.png",
      "label": "憤怒",
      "response_time": "00:00:02.000",
      "timestamp_unix": 1751820489,
      "timestamp_unix_ms": 1751820489828,
      "timestamp_readable": "2025-07-06 16:48:09.828",
      "normalized_name": "Ill-Have-You-Know-Spongebob/Ill-Have-You-Know-Spongebob",
      "meme_name": "Ill-Have-You-Know-Spongebob",
      "post_id": 26,
      "english_label": "anger",
      "response_time_ms": 2000
    },
    {
      "image_path": "Scooby-doo-mask-reveal/Scooby-doo-mask-reveal_3.png",
      "label": "輕蔑",
      "response_time": "00:00:01.900",
      "timestamp_unix": 1751820491,
      "timestamp_unix_ms": 1751820491776,
      "timestamp_readable": "2025-07-06 16:48:11.776",
      "normalized_name": "Scooby-doo-mask-reveal/Scooby-doo-mask-reveal",
      "meme_name": "Scooby-doo-mask-reveal",
      "post_id": 3,
      "english_label": "contempt",
      "response_time_ms": 1900
    },
    {
      "image_path": "Batman-Slapping-Robin/Batman-Slapping-Robin_1.png",
      "label": "厭惡",
      "response_time": "00:00:01.900",
      "timestamp_unix": 1751820493,
      "timestamp_unix_ms": 1751820493822,
      "timestamp_readable": "2025-07-06 16:48:13.822",
      "normalized_name": "Batman-Slapping-Robin/Batman-Slapping-Robin",
      "meme_name": "Batman-Slapping-Robin",
      "post_id": 1,
      "english_label": "disgust",
      "response_time_ms": 1900
    },
    {
      "image_path": "Dinkleberg/Dinkleberg_36.png",
      "label": "憤怒",
      "response_time": "00:00:01.500",
      "timestamp_unix": 1751820495,
      "timestamp_unix_ms": 1751820495457,
      "timestamp_readable": "2025-07-06 16:48:15.457",
      "normalized_name": "Dinkleberg/Dinkleberg",
      "meme_name": "Dinkleberg",
      "post_id": 36,
      "english_label": "anger",
      "response_time_ms": 1500
    },
    {
      "image_path": "Confused-Gandalf/Confused-Gandalf_41.png",
      "label": "輕蔑",
      "response_time": "00:00:03.200",
      "timestamp_unix": 1751820498,
      "timestamp_unix_ms": 1751820498808,
      "timestamp_readable": "2025-07-06 16:48:18.808",
      "normalized_name": "Confused-Gandalf/Confused-Gandalf",
      "meme_name": "Confused-Gandalf",
      "post_id": 41,
      "english_label": "contempt",
      "response_time_ms": 3200
    },
    {
      "image_path": "Nuclear-Explosion/Nuclear-Explosion_40.png",
      "label": "憤怒",
      "response_time": "00:00:01.801",
      "timestamp_unix": 1751820500,
      "timestamp_unix_ms": 1751820500773,
      "timestamp_readable": "2025-07-06 16:48:20.773",
      "normalized_name": "Nuclear-Explosion/Nuclear-Explosion",
      "meme_name": "Nuclear-Explosion",
      "post_id": 40,
      "english_label": "anger",
      "response_time_ms": 1801
    },
    {
      "image_path": "Well-Yes-But-Actually-No/Well-Yes-But-Actually-No_15.png",
      "label": "輕蔑",
      "response_time": "00:00:02.401",
      "timestamp_unix": 1751820503,
      "timestamp_unix_ms": 1751820503246,
      "timestamp_readable": "2025-07-06 16:48:23.246",
      "normalized_name": "Well-Yes-But-Actually-No/Well-Yes-But-Actually-No",
      "meme_name": "Well-Yes-But-Actually-No",
      "post_id": 15,
      "english_label": "contempt",
      "response_time_ms": 2401
    },
    {
      "image_path": "Mr-incredible-mad/Mr-incredible-mad_20.png",
      "label": "憤怒",
      "response_time": "00:00:01.801",
      "timestamp_unix": 1751820505,
      "timestamp_unix_ms": 1751820505190,
      "timestamp_readable": "2025-07-06 16:48:25.190",
      "normalized_name": "Mr-incredible-mad/Mr-incredible-mad",
      "meme_name": "Mr-incredible-mad",
      "post_id": 20,
      "english_label": "anger",
      "response_time_ms": 1801
    },
    {
      "image_path": "Spongebob-Yelling/Spongebob-Yelling_16.png",
      "label": "輕蔑",
      "response_time": "00:00:02.001",
      "timestamp_unix": 1751820507,
      "timestamp_unix_ms": 1751820507327,
      "timestamp_readable": "2025-07-06 16:48:27.327",
      "normalized_name": "Spongebob-Yelling/Spongebob-Yelling",
      "meme_name": "Spongebob-Yelling",
      "post_id": 16,
      "english_label": "contempt",
      "response_time_ms": 2001
    },
    {
      "image_path": "attention_check/attention_check_Others.png",
      "label": "其他",
      "response_time": "00:00:02.600",
      "timestamp_unix": 1751820510,
      "timestamp_unix_ms": 1751820510026,
      "timestamp_readable": "2025-07-06 16:48:30.026",
      "normalized_name": "attention_check/attention_check_Others.png",
      "meme_name": "attention_check",
      "post_id": null,
      "english_label": "others",
      "response_time_ms": 2600
    },
    {
      "image_path": "Spiderman-Hospital/Spiderman-Hospital_25.png",
      "label": "輕蔑",
      "response_time": "00:00:06.700",
      "timestamp_unix": 1751820516,
      "timestamp_unix_ms": 1751820516847,
      "timestamp_readable": "2025-07-06 16:48:36.847",
      "normalized_name": "Spiderman-Hospital/Spiderman-Hospital",
      "meme_name": "Spiderman-Hospital",
      "post_id": 25,
      "english_label": "contempt",
      "response_time_ms": 6700
    },
    {
      "image_path": "Afraid-To-Ask-Andy/Afraid-To-Ask-Andy_10.png",
      "label": "憤怒",
      "response_time": "00:00:03.100",
      "timestamp_unix": 1751820520,
      "timestamp_unix_ms": 1751820520043,
      "timestamp_readable": "2025-07-06 16:48:40.043",
      "normalized_name": "Afraid-To-Ask-Andy/Afraid-To-Ask-Andy",
      "meme_name": "Afraid-To-Ask-Andy",
      "post_id": 10,
      "english_label": "anger",
      "response_time_ms": 3100
    },
    {
      "image_path": "Persian-Cat-Room-Guardian/Persian-Cat-Room-Guardian_44.png",
      "label": "輕蔑",
      "response_time": "00:00:02.400",
      "timestamp_unix": 1751820522,
      "timestamp_unix_ms": 1751820522499,
      "timestamp_readable": "2025-07-06 16:48:42.499",
      "normalized_name": "Persian-Cat-Room-Guardian/Persian-Cat-Room-Guardian",
      "meme_name": "Persian-Cat-Room-Guardian",
      "post_id": 44,
      "english_label": "contempt",
      "response_time_ms": 2400
    },
    {
      "image_path": "Archer/Archer_6.png",
      "label": "憤怒",
      "response_time": "00:00:03.000",
      "timestamp_unix": 1751820525,
      "timestamp_unix_ms": 1751820525665,
      "timestamp_readable": "2025-07-06 16:48:45.665",
      "normalized_name": "Archer/Archer",
      "meme_name": "Archer",
      "post_id": 6,
      "english_label": "anger",
      "response_time_ms": 3000
    },
    {
      "image_path": "Chill-guy/Chill-guy_43.png",
      "label": "其他",
      "response_time": "00:00:16.400",
      "timestamp_unix": 1751820542,
      "timestamp_unix_ms": 1751820542256,
      "timestamp_readable": "2025-07-06 16:49:02.256",
      "normalized_name": "Chill-guy/Chill-guy",
      "meme_name": "Chill-guy",
      "post_id": 43,
      "english_label": "others",
      "response_time_ms": 16400
    },
    {
      "image_path": "Surprised-Pikachu/Surprised-Pikachu_13.png",
      "label": "輕蔑",
      "response_time": "00:00:08.300",
      "timestamp_unix": 1751820550,
      "timestamp_unix_ms": 1751820550708,
      "timestamp_readable": "2025-07-06 16:49:10.708",
      "normalized_name": "Surprised-Pikachu/Surprised-Pikachu",
      "meme_name": "Surprised-Pikachu",
      "post_id": 13,
      "english_label": "contempt",
      "response_time_ms": 8300
    },
    {
      "image_path": "Drake-NoYes/Drake-NoYes_32.png",
      "label": "其他",
      "response_time": "00:00:03.300",
      "timestamp_unix": 1751820554,
      "timestamp_unix_ms": 1751820554105,
      "timestamp_readable": "2025-07-06 16:49:14.105",
      "normalized_name": "Drake-NoYes/Drake-NoYes",
      "meme_name": "Drake-NoYes",
      "post_id": 32,
      "english_label": "others",
      "response_time_ms": 3300
    },
    {
      "image_path": "Angry-Baby/Angry-Baby_18.png",
      "label": "憤怒",
      "response_time": "00:00:03.200",
      "timestamp_unix": 1751820557,
      "timestamp_unix_ms": 1751820557445,
      "timestamp_readable": "2025-07-06 16:49:17.445",
      "normalized_name": "Angry-Baby/Angry-Baby",
      "meme_name": "Angry-Baby",
      "post_id": 18,
      "english_label": "anger",
      "response_time_ms": 3200
    }
  ],
  "session_start_unix": 1751820274,
  "session_status": "completed",
  "last_updated_unix": 1751820647,
  "image_order": [
    "Spiderman-Hospital/Spiderman-Hospital_25.png",
    "Happy--Shock/Happy--Shock_19.png",
    "Chill-guy/Chill-guy_43.png",
    "I-am-once-again-asking/I-am-once-again-asking_49.png",
    "Math-ladyConfused-lady/Math-ladyConfused-lady_2.png",
    "Archer/Archer_6.png",
    "Leonardo-Dicaprio-Wolf-Of-Wall-Street/Leonardo-Dicaprio-Wolf-Of-Wall-Street_27.png",
    "Mocking-Spongebob/Mocking-Spongebob_23.png",
    "Afraid-To-Ask-Andy/Afraid-To-Ask-Andy_10.png",
    "Charlie-Day/Charlie-Day_21.png",
    "Always-Has-Been/Always-Has-Been_28.png",
    "Picard-Wtf/Picard-Wtf_5.png",
    "Batman-Slapping-Robin/Batman-Slapping-Robin_1.png",
    "For-the-better-right-blank/For-the-better-right-blank_30.png",
    "Drake-NoYes/Drake-NoYes_32.png",
    "Laughing-wolf/Laughing-wolf_22.png",
    "DJ-Pauly-D/DJ-Pauly-D_50.png",
    "Always-you-three/Always-you-three_9.png",
    "Disappointed-Man/Disappointed-Man_38.png",
    "Smudge-the-cat/Smudge-the-cat_29.png",
    "Thats-a-paddlin/Thats-a-paddlin_12.png",
    "attention_check/attention_check_Contempt.png",
    "Hide-the-Pain-Harold/Hide-the-Pain-Harold_7.png",
    "Hold-fart/Hold-fart_14.png",
    "Im-The-Captain-Now/Im-The-Captain-Now_45.png",
    "Obi-Wan-Kenobi/Obi-Wan-Kenobi_47.png",
    "Spongebob-Yelling/Spongebob-Yelling_16.png",
    "Nuclear-Explosion/Nuclear-Explosion_40.png",
    "Dinkleberg/Dinkleberg_36.png",
    "Scooby-doo-mask-reveal/Scooby-doo-mask-reveal_3.png",
    "Disaster-Girl/Disaster-Girl_4.png",
    "Black-guy-hiding-behind-tree/Black-guy-hiding-behind-tree_34.png",
    "You-The-Real-MVP/You-The-Real-MVP_35.png",
    "Moe-throws-Barney/Moe-throws-Barney_37.png",
    "Ill-Have-You-Know-Spongebob/Ill-Have-You-Know-Spongebob_26.png",
    "Futurama-Fry/Futurama-Fry_24.png",
    "Monkey-Puppet/Monkey-Puppet_48.png",
    "Confused-Gandalf/Confused-Gandalf_41.png",
    "Mr-incredible-mad/Mr-incredible-mad_20.png",
    "Dave-chappelle/Dave-chappelle_42.png",
    "Surprised-Pikachu/Surprised-Pikachu_13.png",
    "Table-Flip-Guy/Table-Flip-Guy_11.png",
    "Kevin-Hart/Kevin-Hart_39.png",
    "attention_check/attention_check_Others.png",
    "Well-Yes-But-Actually-No/Well-Yes-But-Actually-No_15.png",
    "Mr-McMahon-reaction/Mr-McMahon-reaction_17.png",
    "Gru-Gun/Gru-Gun_31.png",
    "Persian-Cat-Room-Guardian/Persian-Cat-Room-Guardian_44.png",
    "Put-It-Somewhere-Else-Patrick/Put-It-Somewhere-Else-Patrick_8.png",
    "Angry-Baby/Angry-Baby_18.png",
    "Arthur-Fist/Arthur-Fist_46.png",
    "Khan/Khan_33.png"
  ],
  "completion_status": {
    "practice_completed": true,
    "game_started": true,
    "game_completed": true,
    "summary_viewed": true,
    "email_submitted": true
  },
  "timestamps_unix": {
    "registration_completed": 1751820274,
    "practice_started": 1751820275,
    "practice_completed": 1751820333,
    "game_started": 1751820333,
    "first_label": 1751820352,
    "last_label": 1751820557,
    "game_completed": 1751820561,
    "summary_viewed": 1751820561,
    "email_submitted": 1751820647,
    "session_end": 1751820647,
    "last_updated": 1751820647
  },
  "timestamps_unix_ms": {
    "registration_completed_ms": 1751820274909,
    "practice_started_ms": 1751820275055,
    "practice_completed_ms": 1751820333489,
    "game_started_ms": 1751820333496,
    "first_label_ms": 1751820352574,
    "last_label_ms": 1751820557445,
    "game_completed_ms": 1751820561279,
    "summary_viewed_ms": 1751820561325,
    "email_submitted_ms": 1751820647362,
    "session_end_ms": 1751820647362,
    "last_updated_ms": 1751820647362
  },
  "duration_stats_ms": {
    "total_session_duration_ms": 372453,
    "practice_duration_ms": 58434,
    "game_duration_ms": 227783,
    "labeling_duration_ms": 204871,
    "email_submission_duration_ms": 86037
  },
  "filename_updated_unix": 1751820561,
  "original_filename": "user_abcf3e",
  "completion_status_in_filename": "email_submitted"
}