{
  "user_id": "user_bbd4f6",
  "file_name": "user_bbd4f6",
  "unix_start_time": 1750051386,
  "unix_start_time_ms": 1750051386824,
  "unix_end_time": null,
  "unix_end_time_ms": null,
  "age": "40-44",
  "gender": "male",
  "user_agent": "Mozilla/5.0 (Macintosh; Intel Mac OS X 10_15_7) AppleWebKit/537.36 (KHTML, like Gecko) Chrome/137.0.0.0 Safari/537.36",
  "user_ip": "111.71.60.194",
  "status": "incomplete",
  "email_provided": "incomplete",
  "attention_passed": null,
  "start_time_readable": "2025-06-16 05:23:06.824",
  "end_time_readable": null,
  "total_labels": 50,
  "emotion_summary": {
    "anger": 11,
    "contempt": 5,
    "disgust": 14,
    "others": 20
  },
  "email": null,
  "participation": null,
  "total_responses": 50,
  "responses": [
    {
      "image_path": "Nuclear-Explosion/Nuclear-Explosion_11.png",
      "label": "其他",
      "response_time": "00:00:04.700",
      "timestamp_unix": 1750051456,
      "timestamp_unix_ms": 1750051456416,
      "timestamp_readable": "2025-06-16 05:24:16.416",
      "normalized_name": "Nuclear-Explosion/Nuclear-Explosion",
      "meme_name": "Nuclear-Explosion",
      "post_id": 11,
      "english_label": "others",
      "response_time_ms": 4700
    },
    {
      "image_path": "I-am-once-again-asking/I-am-once-again-asking_49.png",
      "label": "輕蔑",
      "response_time": "00:00:04.401",
      "timestamp_unix": 1750051460,
      "timestamp_unix_ms": 1750051460936,
      "timestamp_readable": "2025-06-16 05:24:20.936",
      "normalized_name": "I-am-once-again-asking/I-am-once-again-asking",
      "meme_name": "I-am-once-again-asking",
      "post_id": 49,
      "english_label": "contempt",
      "response_time_ms": 4401
    },
    {
      "image_path": "You-The-Real-MVP/You-The-Real-MVP_28.png",
      "label": "厭惡",
      "response_time": "00:00:08.601",
      "timestamp_unix": 1750051469,
      "timestamp_unix_ms": 1750051469695,
      "timestamp_readable": "2025-06-16 05:24:29.695",
      "normalized_name": "You-The-Real-MVP/You-The-Real-MVP",
      "meme_name": "You-The-Real-MVP",
      "post_id": 28,
      "english_label": "disgust",
      "response_time_ms": 8601
    },
    {
      "image_path": "Mr-McMahon-reaction/Mr-McMahon-reaction_40.png",
      "label": "輕蔑",
      "response_time": "00:00:06.500",
      "timestamp_unix": 1750051476,
      "timestamp_unix_ms": 1750051476297,
      "timestamp_readable": "2025-06-16 05:24:36.297",
      "normalized_name": "Mr-McMahon-reaction/Mr-McMahon-reaction",
      "meme_name": "Mr-McMahon-reaction",
      "post_id": 40,
      "english_label": "contempt",
      "response_time_ms": 6500
    },
    {
      "image_path": "Dinkleberg/Dinkleberg_37.png",
      "label": "其他",
      "response_time": "00:00:12.701",
      "timestamp_unix": 1750051489,
      "timestamp_unix_ms": 1750051489089,
      "timestamp_readable": "2025-06-16 05:24:49.089",
      "normalized_name": "Dinkleberg/Dinkleberg",
      "meme_name": "Dinkleberg",
      "post_id": 37,
      "english_label": "others",
      "response_time_ms": 12701
    },
    {
      "image_path": "Well-Yes-But-Actually-No/Well-Yes-But-Actually-No_16.png",
      "label": "其他",
      "response_time": "00:00:12.301",
      "timestamp_unix": 1750051501,
      "timestamp_unix_ms": 1750051501568,
      "timestamp_readable": "2025-06-16 05:25:01.568",
      "normalized_name": "Well-Yes-But-Actually-No/Well-Yes-But-Actually-No",
      "meme_name": "Well-Yes-But-Actually-No",
      "post_id": 16,
      "english_label": "others",
      "response_time_ms": 12301
    },
    {
      "image_path": "Batman-Slapping-Robin/Batman-Slapping-Robin_47.png",
      "label": "輕蔑",
      "response_time": "00:00:05.801",
      "timestamp_unix": 1750051507,
      "timestamp_unix_ms": 1750051507554,
      "timestamp_readable": "2025-06-16 05:25:07.554",
      "normalized_name": "Batman-Slapping-Robin/Batman-Slapping-Robin",
      "meme_name": "Batman-Slapping-Robin",
      "post_id": 47,
      "english_label": "contempt",
      "response_time_ms": 5801
    },
    {
      "image_path": "Surprised-Pikachu/Surprised-Pikachu_36.png",
      "label": "其他",
      "response_time": "00:00:05.001",
      "timestamp_unix": 1750051512,
      "timestamp_unix_ms": 1750051512702,
      "timestamp_readable": "2025-06-16 05:25:12.702",
      "normalized_name": "Surprised-Pikachu/Surprised-Pikachu",
      "meme_name": "Surprised-Pikachu",
      "post_id": 36,
      "english_label": "others",
      "response_time_ms": 5001
    },
    {
      "image_path": "Confused-Gandalf/Confused-Gandalf_15.png",
      "label": "憤怒",
      "response_time": "00:00:04.001",
      "timestamp_unix": 1750051516,
      "timestamp_unix_ms": 1750051516818,
      "timestamp_readable": "2025-06-16 05:25:16.818",
      "normalized_name": "Confused-Gandalf/Confused-Gandalf",
      "meme_name": "Confused-Gandalf",
      "post_id": 15,
      "english_label": "anger",
      "response_time_ms": 4001
    },
    {
      "image_path": "Always-Has-Been/Always-Has-Been_25.png",
      "label": "其他",
      "response_time": "00:00:09.500",
      "timestamp_unix": 1750051526,
      "timestamp_unix_ms": 1750051526459,
      "timestamp_readable": "2025-06-16 05:25:26.459",
      "normalized_name": "Always-Has-Been/Always-Has-Been",
      "meme_name": "Always-Has-Been",
      "post_id": 25,
      "english_label": "others",
      "response_time_ms": 9500
    },
    {
      "image_path": "Angry-Baby/Angry-Baby_30.png",
      "label": "其他",
      "response_time": "00:00:06.501",
      "timestamp_unix": 1750051533,
      "timestamp_unix_ms": 1750051533130,
      "timestamp_readable": "2025-06-16 05:25:33.130",
      "normalized_name": "Angry-Baby/Angry-Baby",
      "meme_name": "Angry-Baby",
      "post_id": 30,
      "english_label": "others",
      "response_time_ms": 6501
    },
    {
      "image_path": "Always-you-three/Always-you-three_18.png",
      "label": "其他",
      "response_time": "00:00:05.301",
      "timestamp_unix": 1750051538,
      "timestamp_unix_ms": 1750051538581,
      "timestamp_readable": "2025-06-16 05:25:38.581",
      "normalized_name": "Always-you-three/Always-you-three",
      "meme_name": "Always-you-three",
      "post_id": 18,
      "english_label": "others",
      "response_time_ms": 5301
    },
    {
      "image_path": "Disaster-Girl/Disaster-Girl_8.png",
      "label": "憤怒",
      "response_time": "00:00:29.101",
      "timestamp_unix": 1750051567,
      "timestamp_unix_ms": 1750051567815,
      "timestamp_readable": "2025-06-16 05:26:07.815",
      "normalized_name": "Disaster-Girl/Disaster-Girl",
      "meme_name": "Disaster-Girl",
      "post_id": 8,
      "english_label": "anger",
      "response_time_ms": 29101
    },
    {
      "image_path": "Im-The-Captain-Now/Im-The-Captain-Now_13.png",
      "label": "厭惡",
      "response_time": "00:00:12.000",
      "timestamp_unix": 1750051580,
      "timestamp_unix_ms": 1750051580009,
      "timestamp_readable": "2025-06-16 05:26:20.009",
      "normalized_name": "Im-The-Captain-Now/Im-The-Captain-Now",
      "meme_name": "Im-The-Captain-Now",
      "post_id": 13,
      "english_label": "disgust",
      "response_time_ms": 12000
    },
    {
      "image_path": "Happy--Shock/Happy--Shock_14.png",
      "label": "憤怒",
      "response_time": "00:00:03.901",
      "timestamp_unix": 1750051584,
      "timestamp_unix_ms": 1750051584094,
      "timestamp_readable": "2025-06-16 05:26:24.094",
      "normalized_name": "Happy--Shock/Happy--Shock",
      "meme_name": "Happy--Shock",
      "post_id": 14,
      "english_label": "anger",
      "response_time_ms": 3901
    },
    {
      "image_path": "Charlie-Day/Charlie-Day_34.png",
      "label": "其他",
      "response_time": "00:00:08.601",
      "timestamp_unix": 1750051592,
      "timestamp_unix_ms": 1750051592816,
      "timestamp_readable": "2025-06-16 05:26:32.816",
      "normalized_name": "Charlie-Day/Charlie-Day",
      "meme_name": "Charlie-Day",
      "post_id": 34,
      "english_label": "others",
      "response_time_ms": 8601
    },
    {
      "image_path": "Futurama-Fry/Futurama-Fry_33.png",
      "label": "其他",
      "response_time": "00:00:05.701",
      "timestamp_unix": 1750051598,
      "timestamp_unix_ms": 1750051598651,
      "timestamp_readable": "2025-06-16 05:26:38.651",
      "normalized_name": "Futurama-Fry/Futurama-Fry",
      "meme_name": "Futurama-Fry",
      "post_id": 33,
      "english_label": "others",
      "response_time_ms": 5701
    },
    {
      "image_path": "Disappointed-Man/Disappointed-Man_22.png",
      "label": "厭惡",
      "response_time": "00:00:05.201",
      "timestamp_unix": 1750051604,
      "timestamp_unix_ms": 1750051604030,
      "timestamp_readable": "2025-06-16 05:26:44.030",
      "normalized_name": "Disappointed-Man/Disappointed-Man",
      "meme_name": "Disappointed-Man",
      "post_id": 22,
      "english_label": "disgust",
      "response_time_ms": 5201
    },
    {
      "image_path": "Picard-Wtf/Picard-Wtf_38.png",
      "label": "其他",
      "response_time": "00:00:03.601",
      "timestamp_unix": 1750051607,
      "timestamp_unix_ms": 1750051607774,
      "timestamp_readable": "2025-06-16 05:26:47.774",
      "normalized_name": "Picard-Wtf/Picard-Wtf",
      "meme_name": "Picard-Wtf",
      "post_id": 38,
      "english_label": "others",
      "response_time_ms": 3601
    },
    {
      "image_path": "Leonardo-Dicaprio-Wolf-Of-Wall-Street/Leonardo-Dicaprio-Wolf-Of-Wall-Street_26.png",
      "label": "其他",
      "response_time": "00:00:14.100",
      "timestamp_unix": 1750051621,
      "timestamp_unix_ms": 1750051621979,
      "timestamp_readable": "2025-06-16 05:27:01.979",
      "normalized_name": "Leonardo-Dicaprio-Wolf-Of-Wall-Street/Leonardo-Dicaprio-Wolf-Of-Wall-Street",
      "meme_name": "Leonardo-Dicaprio-Wolf-Of-Wall-Street",
      "post_id": 26,
      "english_label": "others",
      "response_time_ms": 14100
    },
    {
      "image_path": "Persian-Cat-Room-Guardian/Persian-Cat-Room-Guardian_21.png",
      "label": "其他",
      "response_time": "00:00:06.002",
      "timestamp_unix": 1750051628,
      "timestamp_unix_ms": 1750051628100,
      "timestamp_readable": "2025-06-16 05:27:08.100",
      "normalized_name": "Persian-Cat-Room-Guardian/Persian-Cat-Room-Guardian",
      "meme_name": "Persian-Cat-Room-Guardian",
      "post_id": 21,
      "english_label": "others",
      "response_time_ms": 6002
    },
    {
      "image_path": "attention_check/attention_check_Anger.png",
      "label": "憤怒",
      "response_time": "00:00:03.402",
      "timestamp_unix": 1750051631,
      "timestamp_unix_ms": 1750051631619,
      "timestamp_readable": "2025-06-16 05:27:11.619",
      "normalized_name": "attention_check/attention_check_Anger.png",
      "meme_name": "attention_check",
      "post_id": null,
      "english_label": "anger",
      "response_time_ms": 3402
    },
    {
      "image_path": "Moe-throws-Barney/Moe-throws-Barney_39.png",
      "label": "其他",
      "response_time": "00:00:07.001",
      "timestamp_unix": 1750051638,
      "timestamp_unix_ms": 1750051638745,
      "timestamp_readable": "2025-06-16 05:27:18.745",
      "normalized_name": "Moe-throws-Barney/Moe-throws-Barney",
      "meme_name": "Moe-throws-Barney",
      "post_id": 39,
      "english_label": "others",
      "response_time_ms": 7001
    },
    {
      "image_path": "Math-ladyConfused-lady/Math-ladyConfused-lady_1.png",
      "label": "厭惡",
      "response_time": "00:00:04.500",
      "timestamp_unix": 1750051643,
      "timestamp_unix_ms": 1750051643394,
      "timestamp_readable": "2025-06-16 05:27:23.394",
      "normalized_name": "Math-ladyConfused-lady/Math-ladyConfused-lady",
      "meme_name": "Math-ladyConfused-lady",
      "post_id": 1,
      "english_label": "disgust",
      "response_time_ms": 4500
    },
    {
      "image_path": "Spiderman-Hospital/Spiderman-Hospital_2.png",
      "label": "厭惡",
      "response_time": "00:00:07.501",
      "timestamp_unix": 1750051650,
      "timestamp_unix_ms": 1750051650985,
      "timestamp_readable": "2025-06-16 05:27:30.985",
      "normalized_name": "Spiderman-Hospital/Spiderman-Hospital",
      "meme_name": "Spiderman-Hospital",
      "post_id": 2,
      "english_label": "disgust",
      "response_time_ms": 7501
    },
    {
      "image_path": "Drake-NoYes/Drake-NoYes_10.png",
      "label": "厭惡",
      "response_time": "00:00:10.801",
      "timestamp_unix": 1750051661,
      "timestamp_unix_ms": 1750051661933,
      "timestamp_readable": "2025-06-16 05:27:41.933",
      "normalized_name": "Drake-NoYes/Drake-NoYes",
      "meme_name": "Drake-NoYes",
      "post_id": 10,
      "english_label": "disgust",
      "response_time_ms": 10801
    },
    {
      "image_path": "Drake-NoYes/Drake-NoYes_10.png",
      "label": "厭惡",
      "response_time": "00:00:10.801",
      "timestamp_unix": 1750051662,
      "timestamp_unix_ms": 1750051662108,
      "timestamp_readable": "2025-06-16 05:27:42.108",
      "normalized_name": "Drake-NoYes/Drake-NoYes",
      "meme_name": "Drake-NoYes",
      "post_id": 10,
      "english_label": "disgust",
      "response_time_ms": 10801
    },
    {
      "image_path": "Scooby-doo-mask-reveal/Scooby-doo-mask-reveal_9.png",
      "label": "憤怒",
      "response_time": "00:00:08.701",
      "timestamp_unix": 1750051670,
      "timestamp_unix_ms": 1750051670903,
      "timestamp_readable": "2025-06-16 05:27:50.903",
      "normalized_name": "Scooby-doo-mask-reveal/Scooby-doo-mask-reveal",
      "meme_name": "Scooby-doo-mask-reveal",
      "post_id": 9,
      "english_label": "anger",
      "response_time_ms": 8701
    },
    {
      "image_path": "Gru-Gun/Gru-Gun_23.png",
      "label": "憤怒",
      "response_time": "00:00:15.000",
      "timestamp_unix": 1750051686,
      "timestamp_unix_ms": 1750051686046,
      "timestamp_readable": "2025-06-16 05:28:06.046",
      "normalized_name": "Gru-Gun/Gru-Gun",
      "meme_name": "Gru-Gun",
      "post_id": 23,
      "english_label": "anger",
      "response_time_ms": 15000
    },
    {
      "image_path": "Hide-the-Pain-Harold/Hide-the-Pain-Harold_50.png",
      "label": "厭惡",
      "response_time": "00:00:07.001",
      "timestamp_unix": 1750051693,
      "timestamp_unix_ms": 1750051693151,
      "timestamp_readable": "2025-06-16 05:28:13.151",
      "normalized_name": "Hide-the-Pain-Harold/Hide-the-Pain-Harold",
      "meme_name": "Hide-the-Pain-Harold",
      "post_id": 50,
      "english_label": "disgust",
      "response_time_ms": 7001
    },
    {
      "image_path": "Mr-incredible-mad/Mr-incredible-mad_4.png",
      "label": "憤怒",
      "response_time": "00:00:54.001",
      "timestamp_unix": 1750051747,
      "timestamp_unix_ms": 1750051747296,
      "timestamp_readable": "2025-06-16 05:29:07.296",
      "normalized_name": "Mr-incredible-mad/Mr-incredible-mad",
      "meme_name": "Mr-incredible-mad",
      "post_id": 4,
      "english_label": "anger",
      "response_time_ms": 54001
    },
    {
      "image_path": "Put-It-Somewhere-Else-Patrick/Put-It-Somewhere-Else-Patrick_20.png",
      "label": "其他",
      "response_time": "00:00:06.700",
      "timestamp_unix": 1750051754,
      "timestamp_unix_ms": 1750051754177,
      "timestamp_readable": "2025-06-16 05:29:14.177",
      "normalized_name": "Put-It-Somewhere-Else-Patrick/Put-It-Somewhere-Else-Patrick",
      "meme_name": "Put-It-Somewhere-Else-Patrick",
      "post_id": 20,
      "english_label": "others",
      "response_time_ms": 6700
    },
    {
      "image_path": "Laughing-wolf/Laughing-wolf_3.png",
      "label": "其他",
      "response_time": "00:00:02.602",
      "timestamp_unix": 1750051756,
      "timestamp_unix_ms": 1750051756928,
      "timestamp_readable": "2025-06-16 05:29:16.928",
      "normalized_name": "Laughing-wolf/Laughing-wolf",
      "meme_name": "Laughing-wolf",
      "post_id": 3,
      "english_label": "others",
      "response_time_ms": 2602
    },
    {
      "image_path": "DJ-Pauly-D/DJ-Pauly-D_7.png",
      "label": "厭惡",
      "response_time": "00:00:01.101",
      "timestamp_unix": 1750051758,
      "timestamp_unix_ms": 1750051758217,
      "timestamp_readable": "2025-06-16 05:29:18.217",
      "normalized_name": "DJ-Pauly-D/DJ-Pauly-D",
      "meme_name": "DJ-Pauly-D",
      "post_id": 7,
      "english_label": "disgust",
      "response_time_ms": 1101
    },
    {
      "image_path": "Khan/Khan_46.png",
      "label": "憤怒",
      "response_time": "00:00:00.300",
      "timestamp_unix": 1750051758,
      "timestamp_unix_ms": 1750051758621,
      "timestamp_readable": "2025-06-16 05:29:18.621",
      "normalized_name": "Khan/Khan",
      "meme_name": "Khan",
      "post_id": 46,
      "english_label": "anger",
      "response_time_ms": 300
    },
    {
      "image_path": "Afraid-To-Ask-Andy/Afraid-To-Ask-Andy_44.png",
      "label": "厭惡",
      "response_time": "00:00:00.301",
      "timestamp_unix": 1750051759,
      "timestamp_unix_ms": 1750051759056,
      "timestamp_readable": "2025-06-16 05:29:19.056",
      "normalized_name": "Afraid-To-Ask-Andy/Afraid-To-Ask-Andy",
      "meme_name": "Afraid-To-Ask-Andy",
      "post_id": 44,
      "english_label": "disgust",
      "response_time_ms": 301
    },
    {
      "image_path": "Chill-guy/Chill-guy_5.png",
      "label": "其他",
      "response_time": "00:00:00.302",
      "timestamp_unix": 1750051759,
      "timestamp_unix_ms": 1750051759501,
      "timestamp_readable": "2025-06-16 05:29:19.501",
      "normalized_name": "Chill-guy/Chill-guy",
      "meme_name": "Chill-guy",
      "post_id": 5,
      "english_label": "others",
      "response_time_ms": 302
    },
    {
      "image_path": "Ill-Have-You-Know-Spongebob/Ill-Have-You-Know-Spongebob_19.png",
      "label": "其他",
      "response_time": "00:00:00.300",
      "timestamp_unix": 1750051759,
      "timestamp_unix_ms": 1750051759874,
      "timestamp_readable": "2025-06-16 05:29:19.874",
      "normalized_name": "Ill-Have-You-Know-Spongebob/Ill-Have-You-Know-Spongebob",
      "meme_name": "Ill-Have-You-Know-Spongebob",
      "post_id": 19,
      "english_label": "others",
      "response_time_ms": 300
    },
    {
      "image_path": "Obi-Wan-Kenobi/Obi-Wan-Kenobi_32.png",
      "label": "厭惡",
      "response_time": "00:00:00.301",
      "timestamp_unix": 1750051760,
      "timestamp_unix_ms": 1750051760276,
      "timestamp_readable": "2025-06-16 05:29:20.276",
      "normalized_name": "Obi-Wan-Kenobi/Obi-Wan-Kenobi",
      "meme_name": "Obi-Wan-Kenobi",
      "post_id": 32,
      "english_label": "disgust",
      "response_time_ms": 301
    },
    {
      "image_path": "Arthur-Fist/Arthur-Fist_41.png",
      "label": "憤怒",
      "response_time": "00:00:00.503",
      "timestamp_unix": 1750051760,
      "timestamp_unix_ms": 1750051760878,
      "timestamp_readable": "2025-06-16 05:29:20.878",
      "normalized_name": "Arthur-Fist/Arthur-Fist",
      "meme_name": "Arthur-Fist",
      "post_id": 41,
      "english_label": "anger",
      "response_time_ms": 503
    },
    {
      "image_path": "Thats-a-paddlin/Thats-a-paddlin_24.png",
      "label": "其他",
      "response_time": "00:00:01.001",
      "timestamp_unix": 1750051762,
      "timestamp_unix_ms": 1750051762037,
      "timestamp_readable": "2025-06-16 05:29:22.037",
      "normalized_name": "Thats-a-paddlin/Thats-a-paddlin",
      "meme_name": "Thats-a-paddlin",
      "post_id": 24,
      "english_label": "others",
      "response_time_ms": 1001
    },
    {
      "image_path": "Hold-fart/Hold-fart_12.png",
      "label": "厭惡",
      "response_time": "00:00:00.301",
      "timestamp_unix": 1750051762,
      "timestamp_unix_ms": 1750051762468,
      "timestamp_readable": "2025-06-16 05:29:22.468",
      "normalized_name": "Hold-fart/Hold-fart",
      "meme_name": "Hold-fart",
      "post_id": 12,
      "english_label": "disgust",
      "response_time_ms": 301
    },
    {
      "image_path": "Archer/Archer_29.png",
      "label": "憤怒",
      "response_time": "00:00:00.500",
      "timestamp_unix": 1750051763,
      "timestamp_unix_ms": 1750051763039,
      "timestamp_readable": "2025-06-16 05:29:23.039",
      "normalized_name": "Archer/Archer",
      "meme_name": "Archer",
      "post_id": 29,
      "english_label": "anger",
      "response_time_ms": 500
    },
    {
      "image_path": "For-the-better-right-blank/For-the-better-right-blank_6.png",
      "label": "輕蔑",
      "response_time": "00:00:01.401",
      "timestamp_unix": 1750051764,
      "timestamp_unix_ms": 1750051764624,
      "timestamp_readable": "2025-06-16 05:29:24.624",
      "normalized_name": "For-the-better-right-blank/For-the-better-right-blank",
      "meme_name": "For-the-better-right-blank",
      "post_id": 6,
      "english_label": "contempt",
      "response_time_ms": 1401
    },
    {
      "image_path": "Kevin-Hart/Kevin-Hart_17.png",
      "label": "其他",
      "response_time": "00:00:00.502",
      "timestamp_unix": 1750051765,
      "timestamp_unix_ms": 1750051765288,
      "timestamp_readable": "2025-06-16 05:29:25.288",
      "normalized_name": "Kevin-Hart/Kevin-Hart",
      "meme_name": "Kevin-Hart",
      "post_id": 17,
      "english_label": "others",
      "response_time_ms": 502
    },
    {
      "image_path": "Monkey-Puppet/Monkey-Puppet_35.png",
      "label": "厭惡",
      "response_time": "00:00:00.400",
      "timestamp_unix": 1750051765,
      "timestamp_unix_ms": 1750051765791,
      "timestamp_readable": "2025-06-16 05:29:25.791",
      "normalized_name": "Monkey-Puppet/Monkey-Puppet",
      "meme_name": "Monkey-Puppet",
      "post_id": 35,
      "english_label": "disgust",
      "response_time_ms": 400
    },
    {
      "image_path": "Mocking-Spongebob/Mocking-Spongebob_31.png",
      "label": "憤怒",
      "response_time": "00:00:00.301",
      "timestamp_unix": 1750051766,
      "timestamp_unix_ms": 1750051766234,
      "timestamp_readable": "2025-06-16 05:29:26.234",
      "normalized_name": "Mocking-Spongebob/Mocking-Spongebob",
      "meme_name": "Mocking-Spongebob",
      "post_id": 31,
      "english_label": "anger",
      "response_time_ms": 301
    },
    {
      "image_path": "attention_check/attention_check_Disgust.png",
      "label": "其他",
      "response_time": "00:00:00.302",
      "timestamp_unix": 1750051766,
      "timestamp_unix_ms": 1750051766664,
      "timestamp_readable": "2025-06-16 05:29:26.664",
      "normalized_name": "attention_check/attention_check_Disgust.png",
      "meme_name": "attention_check",
      "post_id": null,
      "english_label": "others",
      "response_time_ms": 302
    },
    {
      "image_path": "Black-guy-hiding-behind-tree/Black-guy-hiding-behind-tree_42.png",
      "label": "厭惡",
      "response_time": "00:00:00.301",
      "timestamp_unix": 1750051767,
      "timestamp_unix_ms": 1750051767049,
      "timestamp_readable": "2025-06-16 05:29:27.049",
      "normalized_name": "Black-guy-hiding-behind-tree/Black-guy-hiding-behind-tree",
      "meme_name": "Black-guy-hiding-behind-tree",
      "post_id": 42,
      "english_label": "disgust",
      "response_time_ms": 301
    },
    {
      "image_path": "Table-Flip-Guy/Table-Flip-Guy_45.png",
      "label": "輕蔑",
      "response_time": "00:00:09.101",
      "timestamp_unix": 1750051776,
      "timestamp_unix_ms": 1750051776267,
      "timestamp_readable": "2025-06-16 05:29:36.267",
      "normalized_name": "Table-Flip-Guy/Table-Flip-Guy",
      "meme_name": "Table-Flip-Guy",
      "post_id": 45,
      "english_label": "contempt",
      "response_time_ms": 9101
    }
  ],
  "session_start_unix": 1750051386,
  "session_status": "active",
  "last_updated_unix": 1750051776,
  "image_order": [
    "Spiderman-Hospital/Spiderman-Hospital_2.png",
    "Happy--Shock/Happy--Shock_14.png",
    "Chill-guy/Chill-guy_5.png",
    "I-am-once-again-asking/I-am-once-again-asking_49.png",
    "Math-ladyConfused-lady/Math-ladyConfused-lady_1.png",
    "Archer/Archer_29.png",
    "Leonardo-Dicaprio-Wolf-Of-Wall-Street/Leonardo-Dicaprio-Wolf-Of-Wall-Street_26.png",
    "Mocking-Spongebob/Mocking-Spongebob_31.png",
    "Afraid-To-Ask-Andy/Afraid-To-Ask-Andy_44.png",
    "Charlie-Day/Charlie-Day_34.png",
    "Always-Has-Been/Always-Has-Been_25.png",
    "Picard-Wtf/Picard-Wtf_38.png",
    "Batman-Slapping-Robin/Batman-Slapping-Robin_47.png",
    "For-the-better-right-blank/For-the-better-right-blank_6.png",
    "Drake-NoYes/Drake-NoYes_10.png",
    "Laughing-wolf/Laughing-wolf_3.png",
    "DJ-Pauly-D/DJ-Pauly-D_7.png",
    "Always-you-three/Always-you-three_18.png",
    "Disappointed-Man/Disappointed-Man_22.png",
    "Smudge-the-cat/Smudge-the-cat_48.png",
    "Thats-a-paddlin/Thats-a-paddlin_24.png",
    "attention_check/attention_check_Anger.png",
    "Hide-the-Pain-Harold/Hide-the-Pain-Harold_50.png",
    "Hold-fart/Hold-fart_12.png",
    "Im-The-Captain-Now/Im-The-Captain-Now_13.png",
    "Obi-Wan-Kenobi/Obi-Wan-Kenobi_32.png",
    "Spongebob-Yelling/Spongebob-Yelling_43.png",
    "Nuclear-Explosion/Nuclear-Explosion_11.png",
    "Dinkleberg/Dinkleberg_37.png",
    "Scooby-doo-mask-reveal/Scooby-doo-mask-reveal_9.png",
    "Disaster-Girl/Disaster-Girl_8.png",
    "Black-guy-hiding-behind-tree/Black-guy-hiding-behind-tree_42.png",
    "You-The-Real-MVP/You-The-Real-MVP_28.png",
    "Moe-throws-Barney/Moe-throws-Barney_39.png",
    "Ill-Have-You-Know-Spongebob/Ill-Have-You-Know-Spongebob_19.png",
    "Futurama-Fry/Futurama-Fry_33.png",
    "Monkey-Puppet/Monkey-Puppet_35.png",
    "Confused-Gandalf/Confused-Gandalf_15.png",
    "Mr-incredible-mad/Mr-incredible-mad_4.png",
    "Dave-chappelle/Dave-chappelle_27.png",
    "Surprised-Pikachu/Surprised-Pikachu_36.png",
    "Table-Flip-Guy/Table-Flip-Guy_45.png",
    "Kevin-Hart/Kevin-Hart_17.png",
    "Well-Yes-But-Actually-No/Well-Yes-But-Actually-No_16.png",
    "Mr-McMahon-reaction/Mr-McMahon-reaction_40.png",
    "Gru-Gun/Gru-Gun_23.png",
    "attention_check/attention_check_Disgust.png",
    "Persian-Cat-Room-Guardian/Persian-Cat-Room-Guardian_21.png",
    "Put-It-Somewhere-Else-Patrick/Put-It-Somewhere-Else-Patrick_20.png",
    "Angry-Baby/Angry-Baby_30.png",
    "Arthur-Fist/Arthur-Fist_41.png",
    "Khan/Khan_46.png"
  ],
  "completion_status": {
    "practice_completed": true,
    "game_started": true,
    "game_completed": false,
    "summary_viewed": false,
    "email_submitted": false
  },
  "timestamps_unix": {
    "registration_completed": 1750051386,
    "practice_started": 1750051386,
    "practice_completed": 1750051451,
    "game_started": 1750051451,
    "first_label": 1750051456,
    "last_label": 1750051776,
    "game_completed": null,
    "summary_viewed": null,
    "email_submitted": null,
    "session_end": null,
    "last_updated": 1750051776
  },
  "timestamps_unix_ms": {
    "registration_completed_ms": 1750051386824,
    "practice_started_ms": 1750051386894,
    "practice_completed_ms": 1750051451459,
    "game_started_ms": 1750051451474,
    "first_label_ms": 1750051456416,
    "last_label_ms": 1750051776267,
    "game_completed_ms": null,
    "summary_viewed_ms": null,
    "email_submitted_ms": null,
    "session_end_ms": null,
    "last_updated_ms": 1750051776267
  },
  "duration_stats_ms": {
    "total_session_duration_ms": null,
    "practice_duration_ms": 64565,
    "game_duration_ms": null,
    "labeling_duration_ms": null,
    "email_submission_duration_ms": null
  }
}