{
  "user_id": "user_21112a",
  "file_name": "user_21112a_1750164457_1750164749_fullycomplete",
  "unix_start_time": 1750164457,
  "unix_start_time_ms": 1750164457736,
  "unix_end_time": 1750164749,
  "unix_end_time_ms": 1750164749533,
  "age": "55+",
  "gender": "male",
  "user_agent": "Mozilla/5.0 (Linux; Android 10; K) AppleWebKit/537.36 (KHTML, like Gecko) Chrome/124.0.0.0 Mobile Safari/537.36",
  "user_ip": "123.205.89.143",
  "status": "complete",
  "email_provided": "complete",
  "attention_passed": false,
  "start_time_readable": "2025-06-17 12:47:37.736",
  "end_time_readable": "2025-06-17 12:52:29.533",
  "total_labels": 52,
  "emotion_summary": {
    "anger": 3,
    "contempt": 2,
    "disgust": 5,
    "others": 42
  },
  "email": "genius6j843@gmail.com",
  "participation": "no",
  "total_responses": 52,
  "responses": [
    {
      "image_path": "Angry-Baby/Angry-Baby_34.png",
      "label": "其他",
      "response_time": "00:00:02.401",
      "timestamp_unix": 1750164511,
      "timestamp_unix_ms": 1750164511695,
      "timestamp_readable": "2025-06-17 12:48:31.695",
      "normalized_name": "Angry-Baby/Angry-Baby",
      "meme_name": "Angry-Baby",
      "post_id": 34,
      "english_label": "others",
      "response_time_ms": 2401
    },
    {
      "image_path": "Surprised-Pikachu/Surprised-Pikachu_35.png",
      "label": "其他",
      "response_time": "00:00:00.701",
      "timestamp_unix": 1750164512,
      "timestamp_unix_ms": 1750164512568,
      "timestamp_readable": "2025-06-17 12:48:32.568",
      "normalized_name": "Surprised-Pikachu/Surprised-Pikachu",
      "meme_name": "Surprised-Pikachu",
      "post_id": 35,
      "english_label": "others",
      "response_time_ms": 701
    },
    {
      "image_path": "Chill-guy/Chill-guy_29.png",
      "label": "其他",
      "response_time": "00:00:00.900",
      "timestamp_unix": 1750164513,
      "timestamp_unix_ms": 1750164513571,
      "timestamp_readable": "2025-06-17 12:48:33.571",
      "normalized_name": "Chill-guy/Chill-guy",
      "meme_name": "Chill-guy",
      "post_id": 29,
      "english_label": "others",
      "response_time_ms": 900
    },
    {
      "image_path": "Table-Flip-Guy/Table-Flip-Guy_37.png",
      "label": "其他",
      "response_time": "00:00:01.000",
      "timestamp_unix": 1750164514,
      "timestamp_unix_ms": 1750164514736,
      "timestamp_readable": "2025-06-17 12:48:34.736",
      "normalized_name": "Table-Flip-Guy/Table-Flip-Guy",
      "meme_name": "Table-Flip-Guy",
      "post_id": 37,
      "english_label": "others",
      "response_time_ms": 1000
    },
    {
      "image_path": "Laughing-wolf/Laughing-wolf_49.png",
      "label": "其他",
      "response_time": "00:00:01.100",
      "timestamp_unix": 1750164515,
      "timestamp_unix_ms": 1750164515985,
      "timestamp_readable": "2025-06-17 12:48:35.985",
      "normalized_name": "Laughing-wolf/Laughing-wolf",
      "meme_name": "Laughing-wolf",
      "post_id": 49,
      "english_label": "others",
      "response_time_ms": 1100
    },
    {
      "image_path": "Leonardo-Dicaprio-Wolf-Of-Wall-Street/Leonardo-Dicaprio-Wolf-Of-Wall-Street_25.png",
      "label": "其他",
      "response_time": "00:00:00.900",
      "timestamp_unix": 1750164517,
      "timestamp_unix_ms": 1750164517010,
      "timestamp_readable": "2025-06-17 12:48:37.010",
      "normalized_name": "Leonardo-Dicaprio-Wolf-Of-Wall-Street/Leonardo-Dicaprio-Wolf-Of-Wall-Street",
      "meme_name": "Leonardo-Dicaprio-Wolf-Of-Wall-Street",
      "post_id": 25,
      "english_label": "others",
      "response_time_ms": 900
    },
    {
      "image_path": "Disappointed-Man/Disappointed-Man_40.png",
      "label": "其他",
      "response_time": "00:00:00.900",
      "timestamp_unix": 1750164518,
      "timestamp_unix_ms": 1750164518059,
      "timestamp_readable": "2025-06-17 12:48:38.059",
      "normalized_name": "Disappointed-Man/Disappointed-Man",
      "meme_name": "Disappointed-Man",
      "post_id": 40,
      "english_label": "others",
      "response_time_ms": 900
    },
    {
      "image_path": "You-The-Real-MVP/You-The-Real-MVP_1.png",
      "label": "其他",
      "response_time": "00:00:01.000",
      "timestamp_unix": 1750164519,
      "timestamp_unix_ms": 1750164519210,
      "timestamp_readable": "2025-06-17 12:48:39.210",
      "normalized_name": "You-The-Real-MVP/You-The-Real-MVP",
      "meme_name": "You-The-Real-MVP",
      "post_id": 1,
      "english_label": "others",
      "response_time_ms": 1000
    },
    {
      "image_path": "Archer/Archer_38.png",
      "label": "其他",
      "response_time": "00:00:00.900",
      "timestamp_unix": 1750164520,
      "timestamp_unix_ms": 1750164520183,
      "timestamp_readable": "2025-06-17 12:48:40.183",
      "normalized_name": "Archer/Archer",
      "meme_name": "Archer",
      "post_id": 38,
      "english_label": "others",
      "response_time_ms": 900
    },
    {
      "image_path": "Persian-Cat-Room-Guardian/Persian-Cat-Room-Guardian_30.png",
      "label": "其他",
      "response_time": "00:00:01.001",
      "timestamp_unix": 1750164521,
      "timestamp_unix_ms": 1750164521302,
      "timestamp_readable": "2025-06-17 12:48:41.302",
      "normalized_name": "Persian-Cat-Room-Guardian/Persian-Cat-Room-Guardian",
      "meme_name": "Persian-Cat-Room-Guardian",
      "post_id": 30,
      "english_label": "others",
      "response_time_ms": 1001
    },
    {
      "image_path": "Kevin-Hart/Kevin-Hart_23.png",
      "label": "其他",
      "response_time": "00:00:00.901",
      "timestamp_unix": 1750164522,
      "timestamp_unix_ms": 1750164522299,
      "timestamp_readable": "2025-06-17 12:48:42.299",
      "normalized_name": "Kevin-Hart/Kevin-Hart",
      "meme_name": "Kevin-Hart",
      "post_id": 23,
      "english_label": "others",
      "response_time_ms": 901
    },
    {
      "image_path": "Always-Has-Been/Always-Has-Been_43.png",
      "label": "其他",
      "response_time": "00:00:01.100",
      "timestamp_unix": 1750164523,
      "timestamp_unix_ms": 1750164523492,
      "timestamp_readable": "2025-06-17 12:48:43.492",
      "normalized_name": "Always-Has-Been/Always-Has-Been",
      "meme_name": "Always-Has-Been",
      "post_id": 43,
      "english_label": "others",
      "response_time_ms": 1100
    },
    {
      "image_path": "Moe-throws-Barney/Moe-throws-Barney_8.png",
      "label": "厭惡",
      "response_time": "00:00:01.102",
      "timestamp_unix": 1750164524,
      "timestamp_unix_ms": 1750164524712,
      "timestamp_readable": "2025-06-17 12:48:44.712",
      "normalized_name": "Moe-throws-Barney/Moe-throws-Barney",
      "meme_name": "Moe-throws-Barney",
      "post_id": 8,
      "english_label": "disgust",
      "response_time_ms": 1102
    },
    {
      "image_path": "For-the-better-right-blank/For-the-better-right-blank_9.png",
      "label": "憤怒",
      "response_time": "00:00:01.000",
      "timestamp_unix": 1750164525,
      "timestamp_unix_ms": 1750164525808,
      "timestamp_readable": "2025-06-17 12:48:45.808",
      "normalized_name": "For-the-better-right-blank/For-the-better-right-blank",
      "meme_name": "For-the-better-right-blank",
      "post_id": 9,
      "english_label": "anger",
      "response_time_ms": 1000
    },
    {
      "image_path": "Khan/Khan_13.png",
      "label": "其他",
      "response_time": "00:00:00.900",
      "timestamp_unix": 1750164526,
      "timestamp_unix_ms": 1750164526850,
      "timestamp_readable": "2025-06-17 12:48:46.850",
      "normalized_name": "Khan/Khan",
      "meme_name": "Khan",
      "post_id": 13,
      "english_label": "others",
      "response_time_ms": 900
    },
    {
      "image_path": "Batman-Slapping-Robin/Batman-Slapping-Robin_5.png",
      "label": "輕蔑",
      "response_time": "00:00:00.800",
      "timestamp_unix": 1750164527,
      "timestamp_unix_ms": 1750164527809,
      "timestamp_readable": "2025-06-17 12:48:47.809",
      "normalized_name": "Batman-Slapping-Robin/Batman-Slapping-Robin",
      "meme_name": "Batman-Slapping-Robin",
      "post_id": 5,
      "english_label": "contempt",
      "response_time_ms": 800
    },
    {
      "image_path": "Happy--Shock/Happy--Shock_42.png",
      "label": "其他",
      "response_time": "00:00:00.901",
      "timestamp_unix": 1750164528,
      "timestamp_unix_ms": 1750164528813,
      "timestamp_readable": "2025-06-17 12:48:48.813",
      "normalized_name": "Happy--Shock/Happy--Shock",
      "meme_name": "Happy--Shock",
      "post_id": 42,
      "english_label": "others",
      "response_time_ms": 901
    },
    {
      "image_path": "Ill-Have-You-Know-Spongebob/Ill-Have-You-Know-Spongebob_36.png",
      "label": "其他",
      "response_time": "00:00:00.801",
      "timestamp_unix": 1750164529,
      "timestamp_unix_ms": 1750164529738,
      "timestamp_readable": "2025-06-17 12:48:49.738",
      "normalized_name": "Ill-Have-You-Know-Spongebob/Ill-Have-You-Know-Spongebob",
      "meme_name": "Ill-Have-You-Know-Spongebob",
      "post_id": 36,
      "english_label": "others",
      "response_time_ms": 801
    },
    {
      "image_path": "DJ-Pauly-D/DJ-Pauly-D_39.png",
      "label": "其他",
      "response_time": "00:00:00.800",
      "timestamp_unix": 1750164530,
      "timestamp_unix_ms": 1750164530678,
      "timestamp_readable": "2025-06-17 12:48:50.678",
      "normalized_name": "DJ-Pauly-D/DJ-Pauly-D",
      "meme_name": "DJ-Pauly-D",
      "post_id": 39,
      "english_label": "others",
      "response_time_ms": 800
    },
    {
      "image_path": "Always-you-three/Always-you-three_11.png",
      "label": "其他",
      "response_time": "00:00:00.701",
      "timestamp_unix": 1750164531,
      "timestamp_unix_ms": 1750164531555,
      "timestamp_readable": "2025-06-17 12:48:51.555",
      "normalized_name": "Always-you-three/Always-you-three",
      "meme_name": "Always-you-three",
      "post_id": 11,
      "english_label": "others",
      "response_time_ms": 701
    },
    {
      "image_path": "Monkey-Puppet/Monkey-Puppet_7.png",
      "label": "憤怒",
      "response_time": "00:00:01.001",
      "timestamp_unix": 1750164532,
      "timestamp_unix_ms": 1750164532696,
      "timestamp_readable": "2025-06-17 12:48:52.696",
      "normalized_name": "Monkey-Puppet/Monkey-Puppet",
      "meme_name": "Monkey-Puppet",
      "post_id": 7,
      "english_label": "anger",
      "response_time_ms": 1001
    },
    {
      "image_path": "Drake-NoYes/Drake-NoYes_19.png",
      "label": "其他",
      "response_time": "00:00:00.801",
      "timestamp_unix": 1750164533,
      "timestamp_unix_ms": 1750164533611,
      "timestamp_readable": "2025-06-17 12:48:53.611",
      "normalized_name": "Drake-NoYes/Drake-NoYes",
      "meme_name": "Drake-NoYes",
      "post_id": 19,
      "english_label": "others",
      "response_time_ms": 801
    },
    {
      "image_path": "Dinkleberg/Dinkleberg_15.png",
      "label": "其他",
      "response_time": "00:00:00.801",
      "timestamp_unix": 1750164534,
      "timestamp_unix_ms": 1750164534520,
      "timestamp_readable": "2025-06-17 12:48:54.520",
      "normalized_name": "Dinkleberg/Dinkleberg",
      "meme_name": "Dinkleberg",
      "post_id": 15,
      "english_label": "others",
      "response_time_ms": 801
    },
    {
      "image_path": "Math-ladyConfused-lady/Math-ladyConfused-lady_50.png",
      "label": "厭惡",
      "response_time": "00:00:00.901",
      "timestamp_unix": 1750164535,
      "timestamp_unix_ms": 1750164535531,
      "timestamp_readable": "2025-06-17 12:48:55.531",
      "normalized_name": "Math-ladyConfused-lady/Math-ladyConfused-lady",
      "meme_name": "Math-ladyConfused-lady",
      "post_id": 50,
      "english_label": "disgust",
      "response_time_ms": 901
    },
    {
      "image_path": "attention_check/attention_check_Disgust.png",
      "label": "其他",
      "response_time": "00:00:00.901",
      "timestamp_unix": 1750164536,
      "timestamp_unix_ms": 1750164536539,
      "timestamp_readable": "2025-06-17 12:48:56.539",
      "normalized_name": "attention_check/attention_check_Disgust.png",
      "meme_name": "attention_check",
      "post_id": null,
      "english_label": "others",
      "response_time_ms": 901
    },
    {
      "image_path": "Picard-Wtf/Picard-Wtf_27.png",
      "label": "其他",
      "response_time": "00:00:00.800",
      "timestamp_unix": 1750164537,
      "timestamp_unix_ms": 1750164537437,
      "timestamp_readable": "2025-06-17 12:48:57.437",
      "normalized_name": "Picard-Wtf/Picard-Wtf",
      "meme_name": "Picard-Wtf",
      "post_id": 27,
      "english_label": "others",
      "response_time_ms": 800
    },
    {
      "image_path": "Afraid-To-Ask-Andy/Afraid-To-Ask-Andy_17.png",
      "label": "其他",
      "response_time": "00:00:00.801",
      "timestamp_unix": 1750164538,
      "timestamp_unix_ms": 1750164538341,
      "timestamp_readable": "2025-06-17 12:48:58.341",
      "normalized_name": "Afraid-To-Ask-Andy/Afraid-To-Ask-Andy",
      "meme_name": "Afraid-To-Ask-Andy",
      "post_id": 17,
      "english_label": "others",
      "response_time_ms": 801
    },
    {
      "image_path": "Nuclear-Explosion/Nuclear-Explosion_41.png",
      "label": "其他",
      "response_time": "00:00:00.801",
      "timestamp_unix": 1750164539,
      "timestamp_unix_ms": 1750164539210,
      "timestamp_readable": "2025-06-17 12:48:59.210",
      "normalized_name": "Nuclear-Explosion/Nuclear-Explosion",
      "meme_name": "Nuclear-Explosion",
      "post_id": 41,
      "english_label": "others",
      "response_time_ms": 801
    },
    {
      "image_path": "Well-Yes-But-Actually-No/Well-Yes-But-Actually-No_18.png",
      "label": "其他",
      "response_time": "00:00:00.800",
      "timestamp_unix": 1750164540,
      "timestamp_unix_ms": 1750164540120,
      "timestamp_readable": "2025-06-17 12:49:00.120",
      "normalized_name": "Well-Yes-But-Actually-No/Well-Yes-But-Actually-No",
      "meme_name": "Well-Yes-But-Actually-No",
      "post_id": 18,
      "english_label": "others",
      "response_time_ms": 800
    },
    {
      "image_path": "Hide-the-Pain-Harold/Hide-the-Pain-Harold_2.png",
      "label": "其他",
      "response_time": "00:00:00.800",
      "timestamp_unix": 1750164541,
      "timestamp_unix_ms": 1750164541021,
      "timestamp_readable": "2025-06-17 12:49:01.021",
      "normalized_name": "Hide-the-Pain-Harold/Hide-the-Pain-Harold",
      "meme_name": "Hide-the-Pain-Harold",
      "post_id": 2,
      "english_label": "others",
      "response_time_ms": 800
    },
    {
      "image_path": "Im-The-Captain-Now/Im-The-Captain-Now_48.png",
      "label": "其他",
      "response_time": "00:00:00.807",
      "timestamp_unix": 1750164541,
      "timestamp_unix_ms": 1750164541958,
      "timestamp_readable": "2025-06-17 12:49:01.958",
      "normalized_name": "Im-The-Captain-Now/Im-The-Captain-Now",
      "meme_name": "Im-The-Captain-Now",
      "post_id": 48,
      "english_label": "others",
      "response_time_ms": 807
    },
    {
      "image_path": "Charlie-Day/Charlie-Day_47.png",
      "label": "厭惡",
      "response_time": "00:00:00.901",
      "timestamp_unix": 1750164542,
      "timestamp_unix_ms": 1750164542963,
      "timestamp_readable": "2025-06-17 12:49:02.963",
      "normalized_name": "Charlie-Day/Charlie-Day",
      "meme_name": "Charlie-Day",
      "post_id": 47,
      "english_label": "disgust",
      "response_time_ms": 901
    },
    {
      "image_path": "Thats-a-paddlin/Thats-a-paddlin_4.png",
      "label": "其他",
      "response_time": "00:00:00.700",
      "timestamp_unix": 1750164543,
      "timestamp_unix_ms": 1750164543811,
      "timestamp_readable": "2025-06-17 12:49:03.811",
      "normalized_name": "Thats-a-paddlin/Thats-a-paddlin",
      "meme_name": "Thats-a-paddlin",
      "post_id": 4,
      "english_label": "others",
      "response_time_ms": 700
    },
    {
      "image_path": "Scooby-doo-mask-reveal/Scooby-doo-mask-reveal_12.png",
      "label": "其他",
      "response_time": "00:00:00.801",
      "timestamp_unix": 1750164544,
      "timestamp_unix_ms": 1750164544714,
      "timestamp_readable": "2025-06-17 12:49:04.714",
      "normalized_name": "Scooby-doo-mask-reveal/Scooby-doo-mask-reveal",
      "meme_name": "Scooby-doo-mask-reveal",
      "post_id": 12,
      "english_label": "others",
      "response_time_ms": 801
    },
    {
      "image_path": "Dave-chappelle/Dave-chappelle_16.png",
      "label": "其他",
      "response_time": "00:00:00.700",
      "timestamp_unix": 1750164545,
      "timestamp_unix_ms": 1750164545577,
      "timestamp_readable": "2025-06-17 12:49:05.577",
      "normalized_name": "Dave-chappelle/Dave-chappelle",
      "meme_name": "Dave-chappelle",
      "post_id": 16,
      "english_label": "others",
      "response_time_ms": 700
    },
    {
      "image_path": "Put-It-Somewhere-Else-Patrick/Put-It-Somewhere-Else-Patrick_33.png",
      "label": "其他",
      "response_time": "00:00:00.701",
      "timestamp_unix": 1750164546,
      "timestamp_unix_ms": 1750164546410,
      "timestamp_readable": "2025-06-17 12:49:06.410",
      "normalized_name": "Put-It-Somewhere-Else-Patrick/Put-It-Somewhere-Else-Patrick",
      "meme_name": "Put-It-Somewhere-Else-Patrick",
      "post_id": 33,
      "english_label": "others",
      "response_time_ms": 701
    },
    {
      "image_path": "Arthur-Fist/Arthur-Fist_10.png",
      "label": "其他",
      "response_time": "00:00:00.800",
      "timestamp_unix": 1750164547,
      "timestamp_unix_ms": 1750164547350,
      "timestamp_readable": "2025-06-17 12:49:07.350",
      "normalized_name": "Arthur-Fist/Arthur-Fist",
      "meme_name": "Arthur-Fist",
      "post_id": 10,
      "english_label": "others",
      "response_time_ms": 800
    },
    {
      "image_path": "Obi-Wan-Kenobi/Obi-Wan-Kenobi_21.png",
      "label": "其他",
      "response_time": "00:00:00.700",
      "timestamp_unix": 1750164548,
      "timestamp_unix_ms": 1750164548216,
      "timestamp_readable": "2025-06-17 12:49:08.216",
      "normalized_name": "Obi-Wan-Kenobi/Obi-Wan-Kenobi",
      "meme_name": "Obi-Wan-Kenobi",
      "post_id": 21,
      "english_label": "others",
      "response_time_ms": 700
    },
    {
      "image_path": "Futurama-Fry/Futurama-Fry_14.png",
      "label": "其他",
      "response_time": "00:00:00.700",
      "timestamp_unix": 1750164549,
      "timestamp_unix_ms": 1750164549079,
      "timestamp_readable": "2025-06-17 12:49:09.079",
      "normalized_name": "Futurama-Fry/Futurama-Fry",
      "meme_name": "Futurama-Fry",
      "post_id": 14,
      "english_label": "others",
      "response_time_ms": 700
    },
    {
      "image_path": "Smudge-the-cat/Smudge-the-cat_22.png",
      "label": "其他",
      "response_time": "00:00:00.800",
      "timestamp_unix": 1750164550,
      "timestamp_unix_ms": 1750164550006,
      "timestamp_readable": "2025-06-17 12:49:10.006",
      "normalized_name": "Smudge-the-cat/Smudge-the-cat",
      "meme_name": "Smudge-the-cat",
      "post_id": 22,
      "english_label": "others",
      "response_time_ms": 800
    },
    {
      "image_path": "Spiderman-Hospital/Spiderman-Hospital_28.png",
      "label": "其他",
      "response_time": "00:00:00.701",
      "timestamp_unix": 1750164550,
      "timestamp_unix_ms": 1750164550845,
      "timestamp_readable": "2025-06-17 12:49:10.845",
      "normalized_name": "Spiderman-Hospital/Spiderman-Hospital",
      "meme_name": "Spiderman-Hospital",
      "post_id": 28,
      "english_label": "others",
      "response_time_ms": 701
    },
    {
      "image_path": "Gru-Gun/Gru-Gun_46.png",
      "label": "其他",
      "response_time": "00:00:00.801",
      "timestamp_unix": 1750164551,
      "timestamp_unix_ms": 1750164551779,
      "timestamp_readable": "2025-06-17 12:49:11.779",
      "normalized_name": "Gru-Gun/Gru-Gun",
      "meme_name": "Gru-Gun",
      "post_id": 46,
      "english_label": "others",
      "response_time_ms": 801
    },
    {
      "image_path": "Mr-McMahon-reaction/Mr-McMahon-reaction_20.png",
      "label": "其他",
      "response_time": "00:00:00.701",
      "timestamp_unix": 1750164552,
      "timestamp_unix_ms": 1750164552630,
      "timestamp_readable": "2025-06-17 12:49:12.630",
      "normalized_name": "Mr-McMahon-reaction/Mr-McMahon-reaction",
      "meme_name": "Mr-McMahon-reaction",
      "post_id": 20,
      "english_label": "others",
      "response_time_ms": 701
    },
    {
      "image_path": "Confused-Gandalf/Confused-Gandalf_32.png",
      "label": "其他",
      "response_time": "00:00:00.800",
      "timestamp_unix": 1750164553,
      "timestamp_unix_ms": 1750164553571,
      "timestamp_readable": "2025-06-17 12:49:13.571",
      "normalized_name": "Confused-Gandalf/Confused-Gandalf",
      "meme_name": "Confused-Gandalf",
      "post_id": 32,
      "english_label": "others",
      "response_time_ms": 800
    },
    {
      "image_path": "Hold-fart/Hold-fart_6.png",
      "label": "其他",
      "response_time": "00:00:01.700",
      "timestamp_unix": 1750164555,
      "timestamp_unix_ms": 1750164555381,
      "timestamp_readable": "2025-06-17 12:49:15.381",
      "normalized_name": "Hold-fart/Hold-fart",
      "meme_name": "Hold-fart",
      "post_id": 6,
      "english_label": "others",
      "response_time_ms": 1700
    },
    {
      "image_path": "Spongebob-Yelling/Spongebob-Yelling_3.png",
      "label": "憤怒",
      "response_time": "00:00:00.901",
      "timestamp_unix": 1750164556,
      "timestamp_unix_ms": 1750164556368,
      "timestamp_readable": "2025-06-17 12:49:16.368",
      "normalized_name": "Spongebob-Yelling/Spongebob-Yelling",
      "meme_name": "Spongebob-Yelling",
      "post_id": 3,
      "english_label": "anger",
      "response_time_ms": 901
    },
    {
      "image_path": "attention_check/attention_check_Contempt.png",
      "label": "輕蔑",
      "response_time": "00:00:00.800",
      "timestamp_unix": 1750164557,
      "timestamp_unix_ms": 1750164557339,
      "timestamp_readable": "2025-06-17 12:49:17.339",
      "normalized_name": "attention_check/attention_check_Contempt.png",
      "meme_name": "attention_check",
      "post_id": null,
      "english_label": "contempt",
      "response_time_ms": 800
    },
    {
      "image_path": "I-am-once-again-asking/I-am-once-again-asking_24.png",
      "label": "其他",
      "response_time": "00:00:00.801",
      "timestamp_unix": 1750164558,
      "timestamp_unix_ms": 1750164558252,
      "timestamp_readable": "2025-06-17 12:49:18.252",
      "normalized_name": "I-am-once-again-asking/I-am-once-again-asking",
      "meme_name": "I-am-once-again-asking",
      "post_id": 24,
      "english_label": "others",
      "response_time_ms": 801
    },
    {
      "image_path": "Black-guy-hiding-behind-tree/Black-guy-hiding-behind-tree_45.png",
      "label": "厭惡",
      "response_time": "00:00:00.801",
      "timestamp_unix": 1750164559,
      "timestamp_unix_ms": 1750164559189,
      "timestamp_readable": "2025-06-17 12:49:19.189",
      "normalized_name": "Black-guy-hiding-behind-tree/Black-guy-hiding-behind-tree",
      "meme_name": "Black-guy-hiding-behind-tree",
      "post_id": 45,
      "english_label": "disgust",
      "response_time_ms": 801
    },
    {
      "image_path": "Mr-incredible-mad/Mr-incredible-mad_26.png",
      "label": "其他",
      "response_time": "00:00:00.900",
      "timestamp_unix": 1750164560,
      "timestamp_unix_ms": 1750164560254,
      "timestamp_readable": "2025-06-17 12:49:20.254",
      "normalized_name": "Mr-incredible-mad/Mr-incredible-mad",
      "meme_name": "Mr-incredible-mad",
      "post_id": 26,
      "english_label": "others",
      "response_time_ms": 900
    },
    {
      "image_path": "Disaster-Girl/Disaster-Girl_44.png",
      "label": "其他",
      "response_time": "00:00:00.900",
      "timestamp_unix": 1750164561,
      "timestamp_unix_ms": 1750164561213,
      "timestamp_readable": "2025-06-17 12:49:21.213",
      "normalized_name": "Disaster-Girl/Disaster-Girl",
      "meme_name": "Disaster-Girl",
      "post_id": 44,
      "english_label": "others",
      "response_time_ms": 900
    },
    {
      "image_path": "Mocking-Spongebob/Mocking-Spongebob_31.png",
      "label": "厭惡",
      "response_time": "00:00:00.900",
      "timestamp_unix": 1750164562,
      "timestamp_unix_ms": 1750164562205,
      "timestamp_readable": "2025-06-17 12:49:22.205",
      "normalized_name": "Mocking-Spongebob/Mocking-Spongebob",
      "meme_name": "Mocking-Spongebob",
      "post_id": 31,
      "english_label": "disgust",
      "response_time_ms": 900
    }
  ],
  "session_start_unix": 1750164457,
  "session_status": "completed",
  "last_updated_unix": 1750164749,
  "image_order": [
    "Spiderman-Hospital/Spiderman-Hospital_28.png",
    "Happy--Shock/Happy--Shock_42.png",
    "Chill-guy/Chill-guy_29.png",
    "I-am-once-again-asking/I-am-once-again-asking_24.png",
    "Math-ladyConfused-lady/Math-ladyConfused-lady_50.png",
    "Archer/Archer_38.png",
    "Leonardo-Dicaprio-Wolf-Of-Wall-Street/Leonardo-Dicaprio-Wolf-Of-Wall-Street_25.png",
    "Mocking-Spongebob/Mocking-Spongebob_31.png",
    "Afraid-To-Ask-Andy/Afraid-To-Ask-Andy_17.png",
    "Charlie-Day/Charlie-Day_47.png",
    "Always-Has-Been/Always-Has-Been_43.png",
    "Picard-Wtf/Picard-Wtf_27.png",
    "Batman-Slapping-Robin/Batman-Slapping-Robin_5.png",
    "For-the-better-right-blank/For-the-better-right-blank_9.png",
    "Drake-NoYes/Drake-NoYes_19.png",
    "Laughing-wolf/Laughing-wolf_49.png",
    "DJ-Pauly-D/DJ-Pauly-D_39.png",
    "Always-you-three/Always-you-three_11.png",
    "Disappointed-Man/Disappointed-Man_40.png",
    "Smudge-the-cat/Smudge-the-cat_22.png",
    "Thats-a-paddlin/Thats-a-paddlin_4.png",
    "Hide-the-Pain-Harold/Hide-the-Pain-Harold_2.png",
    "Hold-fart/Hold-fart_6.png",
    "Im-The-Captain-Now/Im-The-Captain-Now_48.png",
    "attention_check/attention_check_Disgust.png",
    "Obi-Wan-Kenobi/Obi-Wan-Kenobi_21.png",
    "Spongebob-Yelling/Spongebob-Yelling_3.png",
    "Nuclear-Explosion/Nuclear-Explosion_41.png",
    "Dinkleberg/Dinkleberg_15.png",
    "Scooby-doo-mask-reveal/Scooby-doo-mask-reveal_12.png",
    "Disaster-Girl/Disaster-Girl_44.png",
    "Black-guy-hiding-behind-tree/Black-guy-hiding-behind-tree_45.png",
    "You-The-Real-MVP/You-The-Real-MVP_1.png",
    "Moe-throws-Barney/Moe-throws-Barney_8.png",
    "Ill-Have-You-Know-Spongebob/Ill-Have-You-Know-Spongebob_36.png",
    "Futurama-Fry/Futurama-Fry_14.png",
    "Monkey-Puppet/Monkey-Puppet_7.png",
    "Confused-Gandalf/Confused-Gandalf_32.png",
    "Mr-incredible-mad/Mr-incredible-mad_26.png",
    "Dave-chappelle/Dave-chappelle_16.png",
    "Surprised-Pikachu/Surprised-Pikachu_35.png",
    "Table-Flip-Guy/Table-Flip-Guy_37.png",
    "Kevin-Hart/Kevin-Hart_23.png",
    "Well-Yes-But-Actually-No/Well-Yes-But-Actually-No_18.png",
    "Mr-McMahon-reaction/Mr-McMahon-reaction_20.png",
    "Gru-Gun/Gru-Gun_46.png",
    "attention_check/attention_check_Contempt.png",
    "Persian-Cat-Room-Guardian/Persian-Cat-Room-Guardian_30.png",
    "Put-It-Somewhere-Else-Patrick/Put-It-Somewhere-Else-Patrick_33.png",
    "Angry-Baby/Angry-Baby_34.png",
    "Arthur-Fist/Arthur-Fist_10.png",
    "Khan/Khan_13.png"
  ],
  "completion_status": {
    "practice_completed": true,
    "game_started": true,
    "game_completed": true,
    "summary_viewed": true,
    "email_submitted": true
  },
  "timestamps_unix": {
    "registration_completed": 1750164457,
    "practice_started": 1750164457,
    "practice_completed": 1750164509,
    "game_started": 1750164509,
    "first_label": 1750164511,
    "last_label": 1750164562,
    "game_completed": 1750164565,
    "summary_viewed": 1750164565,
    "email_submitted": 1750164749,
    "session_end": 1750164749,
    "last_updated": 1750164749
  },
  "timestamps_unix_ms": {
    "registration_completed_ms": 1750164457736,
    "practice_started_ms": 1750164457794,
    "practice_completed_ms": 1750164509089,
    "game_started_ms": 1750164509115,
    "first_label_ms": 1750164511695,
    "last_label_ms": 1750164562205,
    "game_completed_ms": 1750164565649,
    "summary_viewed_ms": 1750164565683,
    "email_submitted_ms": 1750164749519,
    "session_end_ms": 1750164749519,
    "last_updated_ms": 1750164749519
  },
  "duration_stats_ms": {
    "total_session_duration_ms": 291783,
    "practice_duration_ms": 51295,
    "game_duration_ms": 56534,
    "labeling_duration_ms": 50510,
    "email_submission_duration_ms": 183836
  },
  "filename_updated_unix": 1750164565,
  "original_filename": "user_21112a",
  "completion_status_in_filename": "email_submitted"
}