{
  "user_id": "user_1c6618",
  "file_name": "user_1c6618_1750688143_1750691557_fullycomplete",
  "unix_start_time": 1750688143,
  "unix_start_time_ms": 1750688143208,
  "unix_end_time": 1750691557,
  "unix_end_time_ms": 1750691557440,
  "age": "25-29",
  "gender": "female",
  "user_agent": "Mozilla/5.0 (Windows NT 10.0; Win64; x64) AppleWebKit/537.36 (KHTML, like Gecko) Chrome/137.0.0.0 Safari/537.36",
  "user_ip": "220.141.196.62",
  "status": "complete",
  "email_provided": "complete",
  "attention_passed": true,
  "start_time_readable": "2025-06-23 14:15:43.208",
  "end_time_readable": "2025-06-23 15:12:37.440",
  "total_labels": 52,
  "emotion_summary": {
    "anger": 12,
    "contempt": 17,
    "disgust": 15,
    "others": 8
  },
  "email": "sunnyshang1024@gmail.com",
  "participation": "yes",
  "total_responses": 52,
  "responses": [
    {
      "image_path": "Disaster-Girl/Disaster-Girl_45.png",
      "label": "輕蔑",
      "response_time": "00:00:13.003",
      "timestamp_unix": 1750688224,
      "timestamp_unix_ms": 1750688224187,
      "timestamp_readable": "2025-06-23 14:17:04.187",
      "normalized_name": "Disaster-Girl/Disaster-Girl",
      "meme_name": "Disaster-Girl",
      "post_id": 45,
      "english_label": "contempt",
      "response_time_ms": 13003
    },
    {
      "image_path": "Monkey-Puppet/Monkey-Puppet_46.png",
      "label": "其他",
      "response_time": "00:00:07.406",
      "timestamp_unix": 1750688231,
      "timestamp_unix_ms": 1750688231721,
      "timestamp_readable": "2025-06-23 14:17:11.721",
      "normalized_name": "Monkey-Puppet/Monkey-Puppet",
      "meme_name": "Monkey-Puppet",
      "post_id": 46,
      "english_label": "others",
      "response_time_ms": 7406
    },
    {
      "image_path": "DJ-Pauly-D/DJ-Pauly-D_33.png",
      "label": "厭惡",
      "response_time": "00:00:14.601",
      "timestamp_unix": 1750688246,
      "timestamp_unix_ms": 1750688246402,
      "timestamp_readable": "2025-06-23 14:17:26.402",
      "normalized_name": "DJ-Pauly-D/DJ-Pauly-D",
      "meme_name": "DJ-Pauly-D",
      "post_id": 33,
      "english_label": "disgust",
      "response_time_ms": 14601
    },
    {
      "image_path": "I-am-once-again-asking/I-am-once-again-asking_15.png",
      "label": "憤怒",
      "response_time": "00:00:05.402",
      "timestamp_unix": 1750688251,
      "timestamp_unix_ms": 1750688251868,
      "timestamp_readable": "2025-06-23 14:17:31.868",
      "normalized_name": "I-am-once-again-asking/I-am-once-again-asking",
      "meme_name": "I-am-once-again-asking",
      "post_id": 15,
      "english_label": "anger",
      "response_time_ms": 5402
    },
    {
      "image_path": "Obi-Wan-Kenobi/Obi-Wan-Kenobi_1.png",
      "label": "厭惡",
      "response_time": "00:00:05.304",
      "timestamp_unix": 1750688257,
      "timestamp_unix_ms": 1750688257221,
      "timestamp_readable": "2025-06-23 14:17:37.221",
      "normalized_name": "Obi-Wan-Kenobi/Obi-Wan-Kenobi",
      "meme_name": "Obi-Wan-Kenobi",
      "post_id": 1,
      "english_label": "disgust",
      "response_time_ms": 5304
    },
    {
      "image_path": "Always-you-three/Always-you-three_29.png",
      "label": "輕蔑",
      "response_time": "00:00:07.204",
      "timestamp_unix": 1750688264,
      "timestamp_unix_ms": 1750688264471,
      "timestamp_readable": "2025-06-23 14:17:44.471",
      "normalized_name": "Always-you-three/Always-you-three",
      "meme_name": "Always-you-three",
      "post_id": 29,
      "english_label": "contempt",
      "response_time_ms": 7204
    },
    {
      "image_path": "Im-The-Captain-Now/Im-The-Captain-Now_50.png",
      "label": "輕蔑",
      "response_time": "00:00:10.201",
      "timestamp_unix": 1750688274,
      "timestamp_unix_ms": 1750688274739,
      "timestamp_readable": "2025-06-23 14:17:54.739",
      "normalized_name": "Im-The-Captain-Now/Im-The-Captain-Now",
      "meme_name": "Im-The-Captain-Now",
      "post_id": 50,
      "english_label": "contempt",
      "response_time_ms": 10201
    },
    {
      "image_path": "Persian-Cat-Room-Guardian/Persian-Cat-Room-Guardian_7.png",
      "label": "厭惡",
      "response_time": "00:00:03.809",
      "timestamp_unix": 1750688278,
      "timestamp_unix_ms": 1750688278602,
      "timestamp_readable": "2025-06-23 14:17:58.602",
      "normalized_name": "Persian-Cat-Room-Guardian/Persian-Cat-Room-Guardian",
      "meme_name": "Persian-Cat-Room-Guardian",
      "post_id": 7,
      "english_label": "disgust",
      "response_time_ms": 3809
    },
    {
      "image_path": "Smudge-the-cat/Smudge-the-cat_44.png",
      "label": "其他",
      "response_time": "00:00:55.003",
      "timestamp_unix": 1750688333,
      "timestamp_unix_ms": 1750688333755,
      "timestamp_readable": "2025-06-23 14:18:53.755",
      "normalized_name": "Smudge-the-cat/Smudge-the-cat",
      "meme_name": "Smudge-the-cat",
      "post_id": 44,
      "english_label": "others",
      "response_time_ms": 55003
    },
    {
      "image_path": "Moe-throws-Barney/Moe-throws-Barney_36.png",
      "label": "輕蔑",
      "response_time": "00:00:07.807",
      "timestamp_unix": 1750688341,
      "timestamp_unix_ms": 1750688341688,
      "timestamp_readable": "2025-06-23 14:19:01.688",
      "normalized_name": "Moe-throws-Barney/Moe-throws-Barney",
      "meme_name": "Moe-throws-Barney",
      "post_id": 36,
      "english_label": "contempt",
      "response_time_ms": 7807
    },
    {
      "image_path": "Table-Flip-Guy/Table-Flip-Guy_41.png",
      "label": "憤怒",
      "response_time": "00:00:04.200",
      "timestamp_unix": 1750688345,
      "timestamp_unix_ms": 1750688345975,
      "timestamp_readable": "2025-06-23 14:19:05.975",
      "normalized_name": "Table-Flip-Guy/Table-Flip-Guy",
      "meme_name": "Table-Flip-Guy",
      "post_id": 41,
      "english_label": "anger",
      "response_time_ms": 4200
    },
    {
      "image_path": "Mr-incredible-mad/Mr-incredible-mad_48.png",
      "label": "厭惡",
      "response_time": "00:00:05.606",
      "timestamp_unix": 1750688351,
      "timestamp_unix_ms": 1750688351657,
      "timestamp_readable": "2025-06-23 14:19:11.657",
      "normalized_name": "Mr-incredible-mad/Mr-incredible-mad",
      "meme_name": "Mr-incredible-mad",
      "post_id": 48,
      "english_label": "disgust",
      "response_time_ms": 5606
    },
    {
      "image_path": "Dinkleberg/Dinkleberg_9.png",
      "label": "輕蔑",
      "response_time": "00:00:02.006",
      "timestamp_unix": 1750688353,
      "timestamp_unix_ms": 1750688353720,
      "timestamp_readable": "2025-06-23 14:19:13.720",
      "normalized_name": "Dinkleberg/Dinkleberg",
      "meme_name": "Dinkleberg",
      "post_id": 9,
      "english_label": "contempt",
      "response_time_ms": 2006
    },
    {
      "image_path": "Put-It-Somewhere-Else-Patrick/Put-It-Somewhere-Else-Patrick_12.png",
      "label": "憤怒",
      "response_time": "00:00:02.701",
      "timestamp_unix": 1750688356,
      "timestamp_unix_ms": 1750688356489,
      "timestamp_readable": "2025-06-23 14:19:16.489",
      "normalized_name": "Put-It-Somewhere-Else-Patrick/Put-It-Somewhere-Else-Patrick",
      "meme_name": "Put-It-Somewhere-Else-Patrick",
      "post_id": 12,
      "english_label": "anger",
      "response_time_ms": 2701
    },
    {
      "image_path": "Mocking-Spongebob/Mocking-Spongebob_28.png",
      "label": "輕蔑",
      "response_time": "00:00:03.312",
      "timestamp_unix": 1750688359,
      "timestamp_unix_ms": 1750688359837,
      "timestamp_readable": "2025-06-23 14:19:19.837",
      "normalized_name": "Mocking-Spongebob/Mocking-Spongebob",
      "meme_name": "Mocking-Spongebob",
      "post_id": 28,
      "english_label": "contempt",
      "response_time_ms": 3312
    },
    {
      "image_path": "Surprised-Pikachu/Surprised-Pikachu_17.png",
      "label": "其他",
      "response_time": "00:00:02.800",
      "timestamp_unix": 1750688362,
      "timestamp_unix_ms": 1750688362755,
      "timestamp_readable": "2025-06-23 14:19:22.755",
      "normalized_name": "Surprised-Pikachu/Surprised-Pikachu",
      "meme_name": "Surprised-Pikachu",
      "post_id": 17,
      "english_label": "others",
      "response_time_ms": 2800
    },
    {
      "image_path": "Charlie-Day/Charlie-Day_6.png",
      "label": "憤怒",
      "response_time": "00:00:03.903",
      "timestamp_unix": 1750688366,
      "timestamp_unix_ms": 1750688366788,
      "timestamp_readable": "2025-06-23 14:19:26.788",
      "normalized_name": "Charlie-Day/Charlie-Day",
      "meme_name": "Charlie-Day",
      "post_id": 6,
      "english_label": "anger",
      "response_time_ms": 3903
    },
    {
      "image_path": "Futurama-Fry/Futurama-Fry_27.png",
      "label": "輕蔑",
      "response_time": "00:00:02.000",
      "timestamp_unix": 1750688368,
      "timestamp_unix_ms": 1750688368854,
      "timestamp_readable": "2025-06-23 14:19:28.854",
      "normalized_name": "Futurama-Fry/Futurama-Fry",
      "meme_name": "Futurama-Fry",
      "post_id": 27,
      "english_label": "contempt",
      "response_time_ms": 2000
    },
    {
      "image_path": "Archer/Archer_47.png",
      "label": "其他",
      "response_time": "00:00:04.000",
      "timestamp_unix": 1750688372,
      "timestamp_unix_ms": 1750688372947,
      "timestamp_readable": "2025-06-23 14:19:32.947",
      "normalized_name": "Archer/Archer",
      "meme_name": "Archer",
      "post_id": 47,
      "english_label": "others",
      "response_time_ms": 4000
    },
    {
      "image_path": "Batman-Slapping-Robin/Batman-Slapping-Robin_32.png",
      "label": "憤怒",
      "response_time": "00:00:02.004",
      "timestamp_unix": 1750688375,
      "timestamp_unix_ms": 1750688375087,
      "timestamp_readable": "2025-06-23 14:19:35.087",
      "normalized_name": "Batman-Slapping-Robin/Batman-Slapping-Robin",
      "meme_name": "Batman-Slapping-Robin",
      "post_id": 32,
      "english_label": "anger",
      "response_time_ms": 2004
    },
    {
      "image_path": "Black-guy-hiding-behind-tree/Black-guy-hiding-behind-tree_4.png",
      "label": "輕蔑",
      "response_time": "00:00:02.009",
      "timestamp_unix": 1750688377,
      "timestamp_unix_ms": 1750688377156,
      "timestamp_readable": "2025-06-23 14:19:37.156",
      "normalized_name": "Black-guy-hiding-behind-tree/Black-guy-hiding-behind-tree",
      "meme_name": "Black-guy-hiding-behind-tree",
      "post_id": 4,
      "english_label": "contempt",
      "response_time_ms": 2009
    },
    {
      "image_path": "Hold-fart/Hold-fart_22.png",
      "label": "憤怒",
      "response_time": "00:00:04.708",
      "timestamp_unix": 1750688381,
      "timestamp_unix_ms": 1750688381922,
      "timestamp_readable": "2025-06-23 14:19:41.922",
      "normalized_name": "Hold-fart/Hold-fart",
      "meme_name": "Hold-fart",
      "post_id": 22,
      "english_label": "anger",
      "response_time_ms": 4708
    },
    {
      "image_path": "Always-Has-Been/Always-Has-Been_11.png",
      "label": "其他",
      "response_time": "00:26:11.015",
      "timestamp_unix": 1750689953,
      "timestamp_unix_ms": 1750689953089,
      "timestamp_readable": "2025-06-23 14:45:53.089",
      "normalized_name": "Always-Has-Been/Always-Has-Been",
      "meme_name": "Always-Has-Been",
      "post_id": 11,
      "english_label": "others",
      "response_time_ms": 1571015
    },
    {
      "image_path": "Drake-NoYes/Drake-NoYes_24.png",
      "label": "厭惡",
      "response_time": "00:00:05.501",
      "timestamp_unix": 1750689958,
      "timestamp_unix_ms": 1750689958730,
      "timestamp_readable": "2025-06-23 14:45:58.730",
      "normalized_name": "Drake-NoYes/Drake-NoYes",
      "meme_name": "Drake-NoYes",
      "post_id": 24,
      "english_label": "disgust",
      "response_time_ms": 5501
    },
    {
      "image_path": "Mr-McMahon-reaction/Mr-McMahon-reaction_39.png",
      "label": "其他",
      "response_time": "00:00:07.700",
      "timestamp_unix": 1750689966,
      "timestamp_unix_ms": 1750689966562,
      "timestamp_readable": "2025-06-23 14:46:06.562",
      "normalized_name": "Mr-McMahon-reaction/Mr-McMahon-reaction",
      "meme_name": "Mr-McMahon-reaction",
      "post_id": 39,
      "english_label": "others",
      "response_time_ms": 7700
    },
    {
      "image_path": "attention_check/attention_check_Contempt.png",
      "label": "輕蔑",
      "response_time": "00:00:03.701",
      "timestamp_unix": 1750689970,
      "timestamp_unix_ms": 1750689970345,
      "timestamp_readable": "2025-06-23 14:46:10.345",
      "normalized_name": "attention_check/attention_check_Contempt.png",
      "meme_name": "attention_check",
      "post_id": null,
      "english_label": "contempt",
      "response_time_ms": 3701
    },
    {
      "image_path": "Dave-chappelle/Dave-chappelle_20.png",
      "label": "厭惡",
      "response_time": "00:00:05.105",
      "timestamp_unix": 1750689975,
      "timestamp_unix_ms": 1750689975564,
      "timestamp_readable": "2025-06-23 14:46:15.564",
      "normalized_name": "Dave-chappelle/Dave-chappelle",
      "meme_name": "Dave-chappelle",
      "post_id": 20,
      "english_label": "disgust",
      "response_time_ms": 5105
    },
    {
      "image_path": "Ill-Have-You-Know-Spongebob/Ill-Have-You-Know-Spongebob_18.png",
      "label": "輕蔑",
      "response_time": "00:00:01.911",
      "timestamp_unix": 1750689977,
      "timestamp_unix_ms": 1750689977531,
      "timestamp_readable": "2025-06-23 14:46:17.531",
      "normalized_name": "Ill-Have-You-Know-Spongebob/Ill-Have-You-Know-Spongebob",
      "meme_name": "Ill-Have-You-Know-Spongebob",
      "post_id": 18,
      "english_label": "contempt",
      "response_time_ms": 1911
    },
    {
      "image_path": "Scooby-doo-mask-reveal/Scooby-doo-mask-reveal_2.png",
      "label": "輕蔑",
      "response_time": "00:00:56.703",
      "timestamp_unix": 1750690034,
      "timestamp_unix_ms": 1750690034313,
      "timestamp_readable": "2025-06-23 14:47:14.313",
      "normalized_name": "Scooby-doo-mask-reveal/Scooby-doo-mask-reveal",
      "meme_name": "Scooby-doo-mask-reveal",
      "post_id": 2,
      "english_label": "contempt",
      "response_time_ms": 56703
    },
    {
      "image_path": "Afraid-To-Ask-Andy/Afraid-To-Ask-Andy_19.png",
      "label": "厭惡",
      "response_time": "00:00:02.708",
      "timestamp_unix": 1750690037,
      "timestamp_unix_ms": 1750690037084,
      "timestamp_readable": "2025-06-23 14:47:17.084",
      "normalized_name": "Afraid-To-Ask-Andy/Afraid-To-Ask-Andy",
      "meme_name": "Afraid-To-Ask-Andy",
      "post_id": 19,
      "english_label": "disgust",
      "response_time_ms": 2708
    },
    {
      "image_path": "Math-ladyConfused-lady/Math-ladyConfused-lady_42.png",
      "label": "輕蔑",
      "response_time": "00:00:02.309",
      "timestamp_unix": 1750690039,
      "timestamp_unix_ms": 1750690039495,
      "timestamp_readable": "2025-06-23 14:47:19.495",
      "normalized_name": "Math-ladyConfused-lady/Math-ladyConfused-lady",
      "meme_name": "Math-ladyConfused-lady",
      "post_id": 42,
      "english_label": "contempt",
      "response_time_ms": 2309
    },
    {
      "image_path": "Well-Yes-But-Actually-No/Well-Yes-But-Actually-No_30.png",
      "label": "其他",
      "response_time": "00:00:02.411",
      "timestamp_unix": 1750690042,
      "timestamp_unix_ms": 1750690042028,
      "timestamp_readable": "2025-06-23 14:47:22.028",
      "normalized_name": "Well-Yes-But-Actually-No/Well-Yes-But-Actually-No",
      "meme_name": "Well-Yes-But-Actually-No",
      "post_id": 30,
      "english_label": "others",
      "response_time_ms": 2411
    },
    {
      "image_path": "You-The-Real-MVP/You-The-Real-MVP_14.png",
      "label": "厭惡",
      "response_time": "00:00:02.008",
      "timestamp_unix": 1750690044,
      "timestamp_unix_ms": 1750690044094,
      "timestamp_readable": "2025-06-23 14:47:24.094",
      "normalized_name": "You-The-Real-MVP/You-The-Real-MVP",
      "meme_name": "You-The-Real-MVP",
      "post_id": 14,
      "english_label": "disgust",
      "response_time_ms": 2008
    },
    {
      "image_path": "Khan/Khan_37.png",
      "label": "憤怒",
      "response_time": "00:00:01.405",
      "timestamp_unix": 1750690045,
      "timestamp_unix_ms": 1750690045612,
      "timestamp_readable": "2025-06-23 14:47:25.612",
      "normalized_name": "Khan/Khan",
      "meme_name": "Khan",
      "post_id": 37,
      "english_label": "anger",
      "response_time_ms": 1405
    },
    {
      "image_path": "Chill-guy/Chill-guy_16.png",
      "label": "輕蔑",
      "response_time": "00:00:02.214",
      "timestamp_unix": 1750690047,
      "timestamp_unix_ms": 1750690047913,
      "timestamp_readable": "2025-06-23 14:47:27.913",
      "normalized_name": "Chill-guy/Chill-guy",
      "meme_name": "Chill-guy",
      "post_id": 16,
      "english_label": "contempt",
      "response_time_ms": 2214
    },
    {
      "image_path": "Thats-a-paddlin/Thats-a-paddlin_3.png",
      "label": "輕蔑",
      "response_time": "00:00:01.713",
      "timestamp_unix": 1750690049,
      "timestamp_unix_ms": 1750690049660,
      "timestamp_readable": "2025-06-23 14:47:29.660",
      "normalized_name": "Thats-a-paddlin/Thats-a-paddlin",
      "meme_name": "Thats-a-paddlin",
      "post_id": 3,
      "english_label": "contempt",
      "response_time_ms": 1713
    },
    {
      "image_path": "Laughing-wolf/Laughing-wolf_25.png",
      "label": "厭惡",
      "response_time": "00:00:05.103",
      "timestamp_unix": 1750690054,
      "timestamp_unix_ms": 1750690054861,
      "timestamp_readable": "2025-06-23 14:47:34.861",
      "normalized_name": "Laughing-wolf/Laughing-wolf",
      "meme_name": "Laughing-wolf",
      "post_id": 25,
      "english_label": "disgust",
      "response_time_ms": 5103
    },
    {
      "image_path": "Angry-Baby/Angry-Baby_35.png",
      "label": "憤怒",
      "response_time": "00:00:03.103",
      "timestamp_unix": 1750690058,
      "timestamp_unix_ms": 1750690058095,
      "timestamp_readable": "2025-06-23 14:47:38.095",
      "normalized_name": "Angry-Baby/Angry-Baby",
      "meme_name": "Angry-Baby",
      "post_id": 35,
      "english_label": "anger",
      "response_time_ms": 3103
    },
    {
      "image_path": "Confused-Gandalf/Confused-Gandalf_34.png",
      "label": "厭惡",
      "response_time": "00:00:01.904",
      "timestamp_unix": 1750690060,
      "timestamp_unix_ms": 1750690060061,
      "timestamp_readable": "2025-06-23 14:47:40.061",
      "normalized_name": "Confused-Gandalf/Confused-Gandalf",
      "meme_name": "Confused-Gandalf",
      "post_id": 34,
      "english_label": "disgust",
      "response_time_ms": 1904
    },
    {
      "image_path": "Kevin-Hart/Kevin-Hart_40.png",
      "label": "輕蔑",
      "response_time": "00:00:01.411",
      "timestamp_unix": 1750690061,
      "timestamp_unix_ms": 1750690061579,
      "timestamp_readable": "2025-06-23 14:47:41.579",
      "normalized_name": "Kevin-Hart/Kevin-Hart",
      "meme_name": "Kevin-Hart",
      "post_id": 40,
      "english_label": "contempt",
      "response_time_ms": 1411
    },
    {
      "image_path": "Happy--Shock/Happy--Shock_43.png",
      "label": "厭惡",
      "response_time": "00:00:03.202",
      "timestamp_unix": 1750690064,
      "timestamp_unix_ms": 1750690064866,
      "timestamp_readable": "2025-06-23 14:47:44.866",
      "normalized_name": "Happy--Shock/Happy--Shock",
      "meme_name": "Happy--Shock",
      "post_id": 43,
      "english_label": "disgust",
      "response_time_ms": 3202
    },
    {
      "image_path": "Spongebob-Yelling/Spongebob-Yelling_8.png",
      "label": "憤怒",
      "response_time": "00:00:01.602",
      "timestamp_unix": 1750690066,
      "timestamp_unix_ms": 1750690066530,
      "timestamp_readable": "2025-06-23 14:47:46.530",
      "normalized_name": "Spongebob-Yelling/Spongebob-Yelling",
      "meme_name": "Spongebob-Yelling",
      "post_id": 8,
      "english_label": "anger",
      "response_time_ms": 1602
    },
    {
      "image_path": "Arthur-Fist/Arthur-Fist_21.png",
      "label": "憤怒",
      "response_time": "00:00:01.712",
      "timestamp_unix": 1750690068,
      "timestamp_unix_ms": 1750690068310,
      "timestamp_readable": "2025-06-23 14:47:48.310",
      "normalized_name": "Arthur-Fist/Arthur-Fist",
      "meme_name": "Arthur-Fist",
      "post_id": 21,
      "english_label": "anger",
      "response_time_ms": 1712
    },
    {
      "image_path": "Spiderman-Hospital/Spiderman-Hospital_31.png",
      "label": "厭惡",
      "response_time": "00:00:04.808",
      "timestamp_unix": 1750690073,
      "timestamp_unix_ms": 1750690073261,
      "timestamp_readable": "2025-06-23 14:47:53.261",
      "normalized_name": "Spiderman-Hospital/Spiderman-Hospital",
      "meme_name": "Spiderman-Hospital",
      "post_id": 31,
      "english_label": "disgust",
      "response_time_ms": 4808
    },
    {
      "image_path": "Disappointed-Man/Disappointed-Man_10.png",
      "label": "輕蔑",
      "response_time": "00:00:01.502",
      "timestamp_unix": 1750690074,
      "timestamp_unix_ms": 1750690074811,
      "timestamp_readable": "2025-06-23 14:47:54.811",
      "normalized_name": "Disappointed-Man/Disappointed-Man",
      "meme_name": "Disappointed-Man",
      "post_id": 10,
      "english_label": "contempt",
      "response_time_ms": 1502
    },
    {
      "image_path": "For-the-better-right-blank/For-the-better-right-blank_26.png",
      "label": "厭惡",
      "response_time": "00:00:02.309",
      "timestamp_unix": 1750690077,
      "timestamp_unix_ms": 1750690077181,
      "timestamp_readable": "2025-06-23 14:47:57.181",
      "normalized_name": "For-the-better-right-blank/For-the-better-right-blank",
      "meme_name": "For-the-better-right-blank",
      "post_id": 26,
      "english_label": "disgust",
      "response_time_ms": 2309
    },
    {
      "image_path": "Leonardo-Dicaprio-Wolf-Of-Wall-Street/Leonardo-Dicaprio-Wolf-Of-Wall-Street_5.png",
      "label": "厭惡",
      "response_time": "00:00:04.105",
      "timestamp_unix": 1750690081,
      "timestamp_unix_ms": 1750690081396,
      "timestamp_readable": "2025-06-23 14:48:01.396",
      "normalized_name": "Leonardo-Dicaprio-Wolf-Of-Wall-Street/Leonardo-Dicaprio-Wolf-Of-Wall-Street",
      "meme_name": "Leonardo-Dicaprio-Wolf-Of-Wall-Street",
      "post_id": 5,
      "english_label": "disgust",
      "response_time_ms": 4105
    },
    {
      "image_path": "Hide-the-Pain-Harold/Hide-the-Pain-Harold_49.png",
      "label": "輕蔑",
      "response_time": "00:00:02.009",
      "timestamp_unix": 1750690083,
      "timestamp_unix_ms": 1750690083480,
      "timestamp_readable": "2025-06-23 14:48:03.480",
      "normalized_name": "Hide-the-Pain-Harold/Hide-the-Pain-Harold",
      "meme_name": "Hide-the-Pain-Harold",
      "post_id": 49,
      "english_label": "contempt",
      "response_time_ms": 2009
    },
    {
      "image_path": "Nuclear-Explosion/Nuclear-Explosion_23.png",
      "label": "憤怒",
      "response_time": "00:23:25.301",
      "timestamp_unix": 1750691489,
      "timestamp_unix_ms": 1750691489033,
      "timestamp_readable": "2025-06-23 15:11:29.033",
      "normalized_name": "Nuclear-Explosion/Nuclear-Explosion",
      "meme_name": "Nuclear-Explosion",
      "post_id": 23,
      "english_label": "anger",
      "response_time_ms": 1405301
    },
    {
      "image_path": "attention_check/attention_check_Others.png",
      "label": "其他",
      "response_time": "00:00:17.508",
      "timestamp_unix": 1750691506,
      "timestamp_unix_ms": 1750691506640,
      "timestamp_readable": "2025-06-23 15:11:46.640",
      "normalized_name": "attention_check/attention_check_Others.png",
      "meme_name": "attention_check",
      "post_id": null,
      "english_label": "others",
      "response_time_ms": 17508
    },
    {
      "image_path": "Picard-Wtf/Picard-Wtf_13.png",
      "label": "憤怒",
      "response_time": "00:00:05.509",
      "timestamp_unix": 1750691512,
      "timestamp_unix_ms": 1750691512237,
      "timestamp_readable": "2025-06-23 15:11:52.237",
      "normalized_name": "Picard-Wtf/Picard-Wtf",
      "meme_name": "Picard-Wtf",
      "post_id": 13,
      "english_label": "anger",
      "response_time_ms": 5509
    },
    {
      "image_path": "Gru-Gun/Gru-Gun_38.png",
      "label": "厭惡",
      "response_time": "00:00:02.908",
      "timestamp_unix": 1750691515,
      "timestamp_unix_ms": 1750691515252,
      "timestamp_readable": "2025-06-23 15:11:55.252",
      "normalized_name": "Gru-Gun/Gru-Gun",
      "meme_name": "Gru-Gun",
      "post_id": 38,
      "english_label": "disgust",
      "response_time_ms": 2908
    }
  ],
  "session_start_unix": 1750688143,
  "session_status": "completed",
  "last_updated_unix": 1750691557,
  "image_order": [
    "Spiderman-Hospital/Spiderman-Hospital_31.png",
    "Happy--Shock/Happy--Shock_43.png",
    "Chill-guy/Chill-guy_16.png",
    "I-am-once-again-asking/I-am-once-again-asking_15.png",
    "Math-ladyConfused-lady/Math-ladyConfused-lady_42.png",
    "Archer/Archer_47.png",
    "Leonardo-Dicaprio-Wolf-Of-Wall-Street/Leonardo-Dicaprio-Wolf-Of-Wall-Street_5.png",
    "Mocking-Spongebob/Mocking-Spongebob_28.png",
    "Afraid-To-Ask-Andy/Afraid-To-Ask-Andy_19.png",
    "Charlie-Day/Charlie-Day_6.png",
    "Always-Has-Been/Always-Has-Been_11.png",
    "Picard-Wtf/Picard-Wtf_13.png",
    "Batman-Slapping-Robin/Batman-Slapping-Robin_32.png",
    "For-the-better-right-blank/For-the-better-right-blank_26.png",
    "Drake-NoYes/Drake-NoYes_24.png",
    "Laughing-wolf/Laughing-wolf_25.png",
    "DJ-Pauly-D/DJ-Pauly-D_33.png",
    "Always-you-three/Always-you-three_29.png",
    "Disappointed-Man/Disappointed-Man_10.png",
    "Smudge-the-cat/Smudge-the-cat_44.png",
    "Thats-a-paddlin/Thats-a-paddlin_3.png",
    "Hide-the-Pain-Harold/Hide-the-Pain-Harold_49.png",
    "Hold-fart/Hold-fart_22.png",
    "Im-The-Captain-Now/Im-The-Captain-Now_50.png",
    "Obi-Wan-Kenobi/Obi-Wan-Kenobi_1.png",
    "attention_check/attention_check_Contempt.png",
    "Spongebob-Yelling/Spongebob-Yelling_8.png",
    "Nuclear-Explosion/Nuclear-Explosion_23.png",
    "Dinkleberg/Dinkleberg_9.png",
    "Scooby-doo-mask-reveal/Scooby-doo-mask-reveal_2.png",
    "Disaster-Girl/Disaster-Girl_45.png",
    "Black-guy-hiding-behind-tree/Black-guy-hiding-behind-tree_4.png",
    "You-The-Real-MVP/You-The-Real-MVP_14.png",
    "Moe-throws-Barney/Moe-throws-Barney_36.png",
    "Ill-Have-You-Know-Spongebob/Ill-Have-You-Know-Spongebob_18.png",
    "Futurama-Fry/Futurama-Fry_27.png",
    "Monkey-Puppet/Monkey-Puppet_46.png",
    "Confused-Gandalf/Confused-Gandalf_34.png",
    "Mr-incredible-mad/Mr-incredible-mad_48.png",
    "Dave-chappelle/Dave-chappelle_20.png",
    "Surprised-Pikachu/Surprised-Pikachu_17.png",
    "Table-Flip-Guy/Table-Flip-Guy_41.png",
    "Kevin-Hart/Kevin-Hart_40.png",
    "Well-Yes-But-Actually-No/Well-Yes-But-Actually-No_30.png",
    "Mr-McMahon-reaction/Mr-McMahon-reaction_39.png",
    "Gru-Gun/Gru-Gun_38.png",
    "Persian-Cat-Room-Guardian/Persian-Cat-Room-Guardian_7.png",
    "Put-It-Somewhere-Else-Patrick/Put-It-Somewhere-Else-Patrick_12.png",
    "Angry-Baby/Angry-Baby_35.png",
    "attention_check/attention_check_Others.png",
    "Arthur-Fist/Arthur-Fist_21.png",
    "Khan/Khan_37.png"
  ],
  "completion_status": {
    "practice_completed": true,
    "game_started": true,
    "game_completed": true,
    "summary_viewed": true,
    "email_submitted": true
  },
  "timestamps_unix": {
    "registration_completed": 1750688143,
    "practice_started": 1750688143,
    "practice_completed": 1750688210,
    "game_started": 1750688210,
    "first_label": 1750688224,
    "last_label": 1750691515,
    "game_completed": 1750691517,
    "summary_viewed": 1750691517,
    "email_submitted": 1750691557,
    "session_end": 1750691557,
    "last_updated": 1750691557
  },
  "timestamps_unix_ms": {
    "registration_completed_ms": 1750688143208,
    "practice_started_ms": 1750688143273,
    "practice_completed_ms": 1750688210956,
    "game_started_ms": 1750688210968,
    "first_label_ms": 1750688224187,
    "last_label_ms": 1750691515252,
    "game_completed_ms": 1750691517287,
    "summary_viewed_ms": 1750691517303,
    "email_submitted_ms": 1750691557425,
    "session_end_ms": 1750691557425,
    "last_updated_ms": 1750691557425
  },
  "duration_stats_ms": {
    "total_session_duration_ms": 3414217,
    "practice_duration_ms": 67683,
    "game_duration_ms": 3306319,
    "labeling_duration_ms": 3291065,
    "email_submission_duration_ms": 40122
  },
  "filename_updated_unix": 1750691517,
  "original_filename": "user_1c6618",
  "completion_status_in_filename": "email_submitted"
}