{
  "user_id": "user_09d3b7",
  "file_name": "user_09d3b7_1749912559_noemail",
  "unix_start_time": 1749912559,
  "unix_start_time_ms": 1749912559477,
  "unix_end_time": null,
  "unix_end_time_ms": null,
  "age": "18-24",
  "gender": "female",
  "user_agent": "Mozilla/5.0 (Windows NT 10.0; Win64; x64) AppleWebKit/537.36 (KHTML, like Gecko) Chrome/137.0.0.0 Safari/537.36",
  "user_ip": "101.10.245.227",
  "status": "complete",
  "email_provided": "incomplete",
  "attention_passed": true,
  "start_time_readable": "2025-06-14 14:49:19.477",
  "end_time_readable": null,
  "total_labels": 52,
  "emotion_summary": {
    "anger": 7,
    "contempt": 4,
    "disgust": 2,
    "others": 39
  },
  "email": null,
  "participation": null,
  "total_responses": 52,
  "responses": [
    {
      "image_path": "Gru-Gun/Gru-Gun_27.png",
      "label": "其他",
      "response_time": "00:00:08.401",
      "timestamp_unix": 1749912607,
      "timestamp_unix_ms": 1749912607876,
      "timestamp_readable": "2025-06-14 14:50:07.876",
      "normalized_name": "Gru-Gun/Gru-Gun",
      "meme_name": "Gru-Gun",
      "post_id": 27,
      "english_label": "others",
      "response_time_ms": 8401
    },
    {
      "image_path": "You-The-Real-MVP/You-The-Real-MVP_7.png",
      "label": "輕蔑",
      "response_time": "00:00:07.004",
      "timestamp_unix": 1749912615,
      "timestamp_unix_ms": 1749912615022,
      "timestamp_readable": "2025-06-14 14:50:15.022",
      "normalized_name": "You-The-Real-MVP/You-The-Real-MVP",
      "meme_name": "You-The-Real-MVP",
      "post_id": 7,
      "english_label": "contempt",
      "response_time_ms": 7004
    },
    {
      "image_path": "Moe-throws-Barney/Moe-throws-Barney_4.png",
      "label": "憤怒",
      "response_time": "00:00:08.603",
      "timestamp_unix": 1749912623,
      "timestamp_unix_ms": 1749912623758,
      "timestamp_readable": "2025-06-14 14:50:23.758",
      "normalized_name": "Moe-throws-Barney/Moe-throws-Barney",
      "meme_name": "Moe-throws-Barney",
      "post_id": 4,
      "english_label": "anger",
      "response_time_ms": 8603
    },
    {
      "image_path": "Angry-Baby/Angry-Baby_10.png",
      "label": "其他",
      "response_time": "00:00:09.002",
      "timestamp_unix": 1749912632,
      "timestamp_unix_ms": 1749912632877,
      "timestamp_readable": "2025-06-14 14:50:32.877",
      "normalized_name": "Angry-Baby/Angry-Baby",
      "meme_name": "Angry-Baby",
      "post_id": 10,
      "english_label": "others",
      "response_time_ms": 9002
    },
    {
      "image_path": "Archer/Archer_50.png",
      "label": "其他",
      "response_time": "00:00:08.504",
      "timestamp_unix": 1749912641,
      "timestamp_unix_ms": 1749912641548,
      "timestamp_readable": "2025-06-14 14:50:41.548",
      "normalized_name": "Archer/Archer",
      "meme_name": "Archer",
      "post_id": 50,
      "english_label": "others",
      "response_time_ms": 8504
    },
    {
      "image_path": "Always-you-three/Always-you-three_44.png",
      "label": "其他",
      "response_time": "00:00:04.406",
      "timestamp_unix": 1749912646,
      "timestamp_unix_ms": 1749912646124,
      "timestamp_readable": "2025-06-14 14:50:46.124",
      "normalized_name": "Always-you-three/Always-you-three",
      "meme_name": "Always-you-three",
      "post_id": 44,
      "english_label": "others",
      "response_time_ms": 4406
    },
    {
      "image_path": "Drake-NoYes/Drake-NoYes_48.png",
      "label": "其他",
      "response_time": "00:00:05.201",
      "timestamp_unix": 1749912651,
      "timestamp_unix_ms": 1749912651512,
      "timestamp_readable": "2025-06-14 14:50:51.512",
      "normalized_name": "Drake-NoYes/Drake-NoYes",
      "meme_name": "Drake-NoYes",
      "post_id": 48,
      "english_label": "others",
      "response_time_ms": 5201
    },
    {
      "image_path": "Disappointed-Man/Disappointed-Man_32.png",
      "label": "其他",
      "response_time": "00:00:03.807",
      "timestamp_unix": 1749912655,
      "timestamp_unix_ms": 1749912655435,
      "timestamp_readable": "2025-06-14 14:50:55.435",
      "normalized_name": "Disappointed-Man/Disappointed-Man",
      "meme_name": "Disappointed-Man",
      "post_id": 32,
      "english_label": "others",
      "response_time_ms": 3807
    },
    {
      "image_path": "Obi-Wan-Kenobi/Obi-Wan-Kenobi_20.png",
      "label": "其他",
      "response_time": "00:00:07.005",
      "timestamp_unix": 1749912662,
      "timestamp_unix_ms": 1749912662597,
      "timestamp_readable": "2025-06-14 14:51:02.597",
      "normalized_name": "Obi-Wan-Kenobi/Obi-Wan-Kenobi",
      "meme_name": "Obi-Wan-Kenobi",
      "post_id": 20,
      "english_label": "others",
      "response_time_ms": 7005
    },
    {
      "image_path": "Ill-Have-You-Know-Spongebob/Ill-Have-You-Know-Spongebob_12.png",
      "label": "厭惡",
      "response_time": "00:00:05.803",
      "timestamp_unix": 1749912668,
      "timestamp_unix_ms": 1749912668529,
      "timestamp_readable": "2025-06-14 14:51:08.529",
      "normalized_name": "Ill-Have-You-Know-Spongebob/Ill-Have-You-Know-Spongebob",
      "meme_name": "Ill-Have-You-Know-Spongebob",
      "post_id": 12,
      "english_label": "disgust",
      "response_time_ms": 5803
    },
    {
      "image_path": "Monkey-Puppet/Monkey-Puppet_25.png",
      "label": "其他",
      "response_time": "00:00:05.401",
      "timestamp_unix": 1749912674,
      "timestamp_unix_ms": 1749912674083,
      "timestamp_readable": "2025-06-14 14:51:14.083",
      "normalized_name": "Monkey-Puppet/Monkey-Puppet",
      "meme_name": "Monkey-Puppet",
      "post_id": 25,
      "english_label": "others",
      "response_time_ms": 5401
    },
    {
      "image_path": "Black-guy-hiding-behind-tree/Black-guy-hiding-behind-tree_46.png",
      "label": "其他",
      "response_time": "00:00:09.116",
      "timestamp_unix": 1749912683,
      "timestamp_unix_ms": 1749912683287,
      "timestamp_readable": "2025-06-14 14:51:23.287",
      "normalized_name": "Black-guy-hiding-behind-tree/Black-guy-hiding-behind-tree",
      "meme_name": "Black-guy-hiding-behind-tree",
      "post_id": 46,
      "english_label": "others",
      "response_time_ms": 9116
    },
    {
      "image_path": "Happy--Shock/Happy--Shock_31.png",
      "label": "其他",
      "response_time": "00:00:04.512",
      "timestamp_unix": 1749912687,
      "timestamp_unix_ms": 1749912687892,
      "timestamp_readable": "2025-06-14 14:51:27.892",
      "normalized_name": "Happy--Shock/Happy--Shock",
      "meme_name": "Happy--Shock",
      "post_id": 31,
      "english_label": "others",
      "response_time_ms": 4512
    },
    {
      "image_path": "Persian-Cat-Room-Guardian/Persian-Cat-Room-Guardian_30.png",
      "label": "其他",
      "response_time": "00:00:05.712",
      "timestamp_unix": 1749912693,
      "timestamp_unix_ms": 1749912693761,
      "timestamp_readable": "2025-06-14 14:51:33.761",
      "normalized_name": "Persian-Cat-Room-Guardian/Persian-Cat-Room-Guardian",
      "meme_name": "Persian-Cat-Room-Guardian",
      "post_id": 30,
      "english_label": "others",
      "response_time_ms": 5712
    },
    {
      "image_path": "Mr-McMahon-reaction/Mr-McMahon-reaction_42.png",
      "label": "其他",
      "response_time": "00:00:24.520",
      "timestamp_unix": 1749912718,
      "timestamp_unix_ms": 1749912718444,
      "timestamp_readable": "2025-06-14 14:51:58.444",
      "normalized_name": "Mr-McMahon-reaction/Mr-McMahon-reaction",
      "meme_name": "Mr-McMahon-reaction",
      "post_id": 42,
      "english_label": "others",
      "response_time_ms": 24520
    },
    {
      "image_path": "Chill-guy/Chill-guy_21.png",
      "label": "其他",
      "response_time": "00:00:05.411",
      "timestamp_unix": 1749912723,
      "timestamp_unix_ms": 1749912723997,
      "timestamp_readable": "2025-06-14 14:52:03.997",
      "normalized_name": "Chill-guy/Chill-guy",
      "meme_name": "Chill-guy",
      "post_id": 21,
      "english_label": "others",
      "response_time_ms": 5411
    },
    {
      "image_path": "Dinkleberg/Dinkleberg_35.png",
      "label": "其他",
      "response_time": "00:00:03.308",
      "timestamp_unix": 1749912727,
      "timestamp_unix_ms": 1749912727427,
      "timestamp_readable": "2025-06-14 14:52:07.427",
      "normalized_name": "Dinkleberg/Dinkleberg",
      "meme_name": "Dinkleberg",
      "post_id": 35,
      "english_label": "others",
      "response_time_ms": 3308
    },
    {
      "image_path": "Spongebob-Yelling/Spongebob-Yelling_9.png",
      "label": "憤怒",
      "response_time": "00:00:03.303",
      "timestamp_unix": 1749912730,
      "timestamp_unix_ms": 1749912730840,
      "timestamp_readable": "2025-06-14 14:52:10.840",
      "normalized_name": "Spongebob-Yelling/Spongebob-Yelling",
      "meme_name": "Spongebob-Yelling",
      "post_id": 9,
      "english_label": "anger",
      "response_time_ms": 3303
    },
    {
      "image_path": "Charlie-Day/Charlie-Day_3.png",
      "label": "厭惡",
      "response_time": "00:00:07.205",
      "timestamp_unix": 1749912738,
      "timestamp_unix_ms": 1749912738201,
      "timestamp_readable": "2025-06-14 14:52:18.201",
      "normalized_name": "Charlie-Day/Charlie-Day",
      "meme_name": "Charlie-Day",
      "post_id": 3,
      "english_label": "disgust",
      "response_time_ms": 7205
    },
    {
      "image_path": "Arthur-Fist/Arthur-Fist_29.png",
      "label": "憤怒",
      "response_time": "00:00:05.302",
      "timestamp_unix": 1749912743,
      "timestamp_unix_ms": 1749912743665,
      "timestamp_readable": "2025-06-14 14:52:23.665",
      "normalized_name": "Arthur-Fist/Arthur-Fist",
      "meme_name": "Arthur-Fist",
      "post_id": 29,
      "english_label": "anger",
      "response_time_ms": 5302
    },
    {
      "image_path": "Afraid-To-Ask-Andy/Afraid-To-Ask-Andy_41.png",
      "label": "其他",
      "response_time": "00:00:04.607",
      "timestamp_unix": 1749912748,
      "timestamp_unix_ms": 1749912748427,
      "timestamp_readable": "2025-06-14 14:52:28.427",
      "normalized_name": "Afraid-To-Ask-Andy/Afraid-To-Ask-Andy",
      "meme_name": "Afraid-To-Ask-Andy",
      "post_id": 41,
      "english_label": "others",
      "response_time_ms": 4607
    },
    {
      "image_path": "attention_check/attention_check_Anger.png",
      "label": "憤怒",
      "response_time": "00:00:05.706",
      "timestamp_unix": 1749912754,
      "timestamp_unix_ms": 1749912754280,
      "timestamp_readable": "2025-06-14 14:52:34.280",
      "normalized_name": "attention_check/attention_check_Anger.png",
      "meme_name": "attention_check",
      "post_id": null,
      "english_label": "anger",
      "response_time_ms": 5706
    },
    {
      "image_path": "Im-The-Captain-Now/Im-The-Captain-Now_49.png",
      "label": "其他",
      "response_time": "00:00:10.504",
      "timestamp_unix": 1749912764,
      "timestamp_unix_ms": 1749912764979,
      "timestamp_readable": "2025-06-14 14:52:44.979",
      "normalized_name": "Im-The-Captain-Now/Im-The-Captain-Now",
      "meme_name": "Im-The-Captain-Now",
      "post_id": 49,
      "english_label": "others",
      "response_time_ms": 10504
    },
    {
      "image_path": "Disaster-Girl/Disaster-Girl_43.png",
      "label": "其他",
      "response_time": "00:00:07.001",
      "timestamp_unix": 1749912772,
      "timestamp_unix_ms": 1749912772156,
      "timestamp_readable": "2025-06-14 14:52:52.156",
      "normalized_name": "Disaster-Girl/Disaster-Girl",
      "meme_name": "Disaster-Girl",
      "post_id": 43,
      "english_label": "others",
      "response_time_ms": 7001
    },
    {
      "image_path": "Leonardo-Dicaprio-Wolf-Of-Wall-Street/Leonardo-Dicaprio-Wolf-Of-Wall-Street_24.png",
      "label": "其他",
      "response_time": "00:00:06.111",
      "timestamp_unix": 1749912778,
      "timestamp_unix_ms": 1749912778438,
      "timestamp_readable": "2025-06-14 14:52:58.438",
      "normalized_name": "Leonardo-Dicaprio-Wolf-Of-Wall-Street/Leonardo-Dicaprio-Wolf-Of-Wall-Street",
      "meme_name": "Leonardo-Dicaprio-Wolf-Of-Wall-Street",
      "post_id": 24,
      "english_label": "others",
      "response_time_ms": 6111
    },
    {
      "image_path": "Surprised-Pikachu/Surprised-Pikachu_1.png",
      "label": "其他",
      "response_time": "00:00:04.001",
      "timestamp_unix": 1749912782,
      "timestamp_unix_ms": 1749912782559,
      "timestamp_readable": "2025-06-14 14:53:02.559",
      "normalized_name": "Surprised-Pikachu/Surprised-Pikachu",
      "meme_name": "Surprised-Pikachu",
      "post_id": 1,
      "english_label": "others",
      "response_time_ms": 4001
    },
    {
      "image_path": "Hide-the-Pain-Harold/Hide-the-Pain-Harold_47.png",
      "label": "其他",
      "response_time": "00:00:05.209",
      "timestamp_unix": 1749912787,
      "timestamp_unix_ms": 1749912787949,
      "timestamp_readable": "2025-06-14 14:53:07.949",
      "normalized_name": "Hide-the-Pain-Harold/Hide-the-Pain-Harold",
      "meme_name": "Hide-the-Pain-Harold",
      "post_id": 47,
      "english_label": "others",
      "response_time_ms": 5209
    },
    {
      "image_path": "Nuclear-Explosion/Nuclear-Explosion_37.png",
      "label": "其他",
      "response_time": "00:00:07.107",
      "timestamp_unix": 1749912795,
      "timestamp_unix_ms": 1749912795161,
      "timestamp_readable": "2025-06-14 14:53:15.161",
      "normalized_name": "Nuclear-Explosion/Nuclear-Explosion",
      "meme_name": "Nuclear-Explosion",
      "post_id": 37,
      "english_label": "others",
      "response_time_ms": 7107
    },
    {
      "image_path": "Picard-Wtf/Picard-Wtf_40.png",
      "label": "其他",
      "response_time": "00:00:02.606",
      "timestamp_unix": 1749912797,
      "timestamp_unix_ms": 1749912797940,
      "timestamp_readable": "2025-06-14 14:53:17.940",
      "normalized_name": "Picard-Wtf/Picard-Wtf",
      "meme_name": "Picard-Wtf",
      "post_id": 40,
      "english_label": "others",
      "response_time_ms": 2606
    },
    {
      "image_path": "Laughing-wolf/Laughing-wolf_2.png",
      "label": "其他",
      "response_time": "00:00:01.412",
      "timestamp_unix": 1749912799,
      "timestamp_unix_ms": 1749912799536,
      "timestamp_readable": "2025-06-14 14:53:19.536",
      "normalized_name": "Laughing-wolf/Laughing-wolf",
      "meme_name": "Laughing-wolf",
      "post_id": 2,
      "english_label": "others",
      "response_time_ms": 1412
    },
    {
      "image_path": "For-the-better-right-blank/For-the-better-right-blank_28.png",
      "label": "輕蔑",
      "response_time": "00:00:04.309",
      "timestamp_unix": 1749912804,
      "timestamp_unix_ms": 1749912804019,
      "timestamp_readable": "2025-06-14 14:53:24.019",
      "normalized_name": "For-the-better-right-blank/For-the-better-right-blank",
      "meme_name": "For-the-better-right-blank",
      "post_id": 28,
      "english_label": "contempt",
      "response_time_ms": 4309
    },
    {
      "image_path": "Hold-fart/Hold-fart_19.png",
      "label": "其他",
      "response_time": "00:00:04.111",
      "timestamp_unix": 1749912808,
      "timestamp_unix_ms": 1749912808256,
      "timestamp_readable": "2025-06-14 14:53:28.256",
      "normalized_name": "Hold-fart/Hold-fart",
      "meme_name": "Hold-fart",
      "post_id": 19,
      "english_label": "others",
      "response_time_ms": 4111
    },
    {
      "image_path": "Scooby-doo-mask-reveal/Scooby-doo-mask-reveal_17.png",
      "label": "憤怒",
      "response_time": "00:00:05.405",
      "timestamp_unix": 1749912813,
      "timestamp_unix_ms": 1749912813796,
      "timestamp_readable": "2025-06-14 14:53:33.796",
      "normalized_name": "Scooby-doo-mask-reveal/Scooby-doo-mask-reveal",
      "meme_name": "Scooby-doo-mask-reveal",
      "post_id": 17,
      "english_label": "anger",
      "response_time_ms": 5405
    },
    {
      "image_path": "Futurama-Fry/Futurama-Fry_16.png",
      "label": "輕蔑",
      "response_time": "00:00:02.606",
      "timestamp_unix": 1749912816,
      "timestamp_unix_ms": 1749912816661,
      "timestamp_readable": "2025-06-14 14:53:36.661",
      "normalized_name": "Futurama-Fry/Futurama-Fry",
      "meme_name": "Futurama-Fry",
      "post_id": 16,
      "english_label": "contempt",
      "response_time_ms": 2606
    },
    {
      "image_path": "Mr-incredible-mad/Mr-incredible-mad_8.png",
      "label": "憤怒",
      "response_time": "00:00:02.704",
      "timestamp_unix": 1749912819,
      "timestamp_unix_ms": 1749912819524,
      "timestamp_readable": "2025-06-14 14:53:39.524",
      "normalized_name": "Mr-incredible-mad/Mr-incredible-mad",
      "meme_name": "Mr-incredible-mad",
      "post_id": 8,
      "english_label": "anger",
      "response_time_ms": 2704
    },
    {
      "image_path": "Dave-chappelle/Dave-chappelle_15.png",
      "label": "其他",
      "response_time": "00:00:06.208",
      "timestamp_unix": 1749912825,
      "timestamp_unix_ms": 1749912825919,
      "timestamp_readable": "2025-06-14 14:53:45.919",
      "normalized_name": "Dave-chappelle/Dave-chappelle",
      "meme_name": "Dave-chappelle",
      "post_id": 15,
      "english_label": "others",
      "response_time_ms": 6208
    },
    {
      "image_path": "Spiderman-Hospital/Spiderman-Hospital_11.png",
      "label": "其他",
      "response_time": "00:00:05.409",
      "timestamp_unix": 1749912831,
      "timestamp_unix_ms": 1749912831504,
      "timestamp_readable": "2025-06-14 14:53:51.504",
      "normalized_name": "Spiderman-Hospital/Spiderman-Hospital",
      "meme_name": "Spiderman-Hospital",
      "post_id": 11,
      "english_label": "others",
      "response_time_ms": 5409
    },
    {
      "image_path": "Table-Flip-Guy/Table-Flip-Guy_13.png",
      "label": "憤怒",
      "response_time": "00:00:03.105",
      "timestamp_unix": 1749912834,
      "timestamp_unix_ms": 1749912834799,
      "timestamp_readable": "2025-06-14 14:53:54.799",
      "normalized_name": "Table-Flip-Guy/Table-Flip-Guy",
      "meme_name": "Table-Flip-Guy",
      "post_id": 13,
      "english_label": "anger",
      "response_time_ms": 3105
    },
    {
      "image_path": "Khan/Khan_22.png",
      "label": "其他",
      "response_time": "00:00:07.912",
      "timestamp_unix": 1749912842,
      "timestamp_unix_ms": 1749912842820,
      "timestamp_readable": "2025-06-14 14:54:02.820",
      "normalized_name": "Khan/Khan",
      "meme_name": "Khan",
      "post_id": 22,
      "english_label": "others",
      "response_time_ms": 7912
    },
    {
      "image_path": "Always-Has-Been/Always-Has-Been_36.png",
      "label": "其他",
      "response_time": "00:00:05.303",
      "timestamp_unix": 1749912848,
      "timestamp_unix_ms": 1749912848285,
      "timestamp_readable": "2025-06-14 14:54:08.285",
      "normalized_name": "Always-Has-Been/Always-Has-Been",
      "meme_name": "Always-Has-Been",
      "post_id": 36,
      "english_label": "others",
      "response_time_ms": 5303
    },
    {
      "image_path": "DJ-Pauly-D/DJ-Pauly-D_14.png",
      "label": "其他",
      "response_time": "00:00:02.803",
      "timestamp_unix": 1749912851,
      "timestamp_unix_ms": 1749912851290,
      "timestamp_readable": "2025-06-14 14:54:11.290",
      "normalized_name": "DJ-Pauly-D/DJ-Pauly-D",
      "meme_name": "DJ-Pauly-D",
      "post_id": 14,
      "english_label": "others",
      "response_time_ms": 2803
    },
    {
      "image_path": "I-am-once-again-asking/I-am-once-again-asking_39.png",
      "label": "其他",
      "response_time": "00:00:02.902",
      "timestamp_unix": 1749912854,
      "timestamp_unix_ms": 1749912854320,
      "timestamp_readable": "2025-06-14 14:54:14.320",
      "normalized_name": "I-am-once-again-asking/I-am-once-again-asking",
      "meme_name": "I-am-once-again-asking",
      "post_id": 39,
      "english_label": "others",
      "response_time_ms": 2902
    },
    {
      "image_path": "Confused-Gandalf/Confused-Gandalf_23.png",
      "label": "其他",
      "response_time": "00:00:03.302",
      "timestamp_unix": 1749912857,
      "timestamp_unix_ms": 1749912857875,
      "timestamp_readable": "2025-06-14 14:54:17.875",
      "normalized_name": "Confused-Gandalf/Confused-Gandalf",
      "meme_name": "Confused-Gandalf",
      "post_id": 23,
      "english_label": "others",
      "response_time_ms": 3302
    },
    {
      "image_path": "Well-Yes-But-Actually-No/Well-Yes-But-Actually-No_34.png",
      "label": "其他",
      "response_time": "00:00:02.004",
      "timestamp_unix": 1749912860,
      "timestamp_unix_ms": 1749912860030,
      "timestamp_readable": "2025-06-14 14:54:20.030",
      "normalized_name": "Well-Yes-But-Actually-No/Well-Yes-But-Actually-No",
      "meme_name": "Well-Yes-But-Actually-No",
      "post_id": 34,
      "english_label": "others",
      "response_time_ms": 2004
    },
    {
      "image_path": "Thats-a-paddlin/Thats-a-paddlin_26.png",
      "label": "其他",
      "response_time": "00:00:04.014",
      "timestamp_unix": 1749912864,
      "timestamp_unix_ms": 1749912864239,
      "timestamp_readable": "2025-06-14 14:54:24.239",
      "normalized_name": "Thats-a-paddlin/Thats-a-paddlin",
      "meme_name": "Thats-a-paddlin",
      "post_id": 26,
      "english_label": "others",
      "response_time_ms": 4014
    },
    {
      "image_path": "Math-ladyConfused-lady/Math-ladyConfused-lady_38.png",
      "label": "其他",
      "response_time": "00:00:04.703",
      "timestamp_unix": 1749912869,
      "timestamp_unix_ms": 1749912869059,
      "timestamp_readable": "2025-06-14 14:54:29.059",
      "normalized_name": "Math-ladyConfused-lady/Math-ladyConfused-lady",
      "meme_name": "Math-ladyConfused-lady",
      "post_id": 38,
      "english_label": "others",
      "response_time_ms": 4703
    },
    {
      "image_path": "Kevin-Hart/Kevin-Hart_33.png",
      "label": "其他",
      "response_time": "00:00:02.709",
      "timestamp_unix": 1749912871,
      "timestamp_unix_ms": 1749912871957,
      "timestamp_readable": "2025-06-14 14:54:31.957",
      "normalized_name": "Kevin-Hart/Kevin-Hart",
      "meme_name": "Kevin-Hart",
      "post_id": 33,
      "english_label": "others",
      "response_time_ms": 2709
    },
    {
      "image_path": "Batman-Slapping-Robin/Batman-Slapping-Robin_18.png",
      "label": "其他",
      "response_time": "00:00:04.003",
      "timestamp_unix": 1749912876,
      "timestamp_unix_ms": 1749912876153,
      "timestamp_readable": "2025-06-14 14:54:36.153",
      "normalized_name": "Batman-Slapping-Robin/Batman-Slapping-Robin",
      "meme_name": "Batman-Slapping-Robin",
      "post_id": 18,
      "english_label": "others",
      "response_time_ms": 4003
    },
    {
      "image_path": "attention_check/attention_check_Contempt.png",
      "label": "輕蔑",
      "response_time": "00:00:03.503",
      "timestamp_unix": 1749912879,
      "timestamp_unix_ms": 1749912879848,
      "timestamp_readable": "2025-06-14 14:54:39.848",
      "normalized_name": "attention_check/attention_check_Contempt.png",
      "meme_name": "attention_check",
      "post_id": null,
      "english_label": "contempt",
      "response_time_ms": 3503
    },
    {
      "image_path": "Put-It-Somewhere-Else-Patrick/Put-It-Somewhere-Else-Patrick_45.png",
      "label": "其他",
      "response_time": "00:00:03.512",
      "timestamp_unix": 1749912883,
      "timestamp_unix_ms": 1749912883509,
      "timestamp_readable": "2025-06-14 14:54:43.509",
      "normalized_name": "Put-It-Somewhere-Else-Patrick/Put-It-Somewhere-Else-Patrick",
      "meme_name": "Put-It-Somewhere-Else-Patrick",
      "post_id": 45,
      "english_label": "others",
      "response_time_ms": 3512
    },
    {
      "image_path": "Smudge-the-cat/Smudge-the-cat_5.png",
      "label": "其他",
      "response_time": "00:00:02.105",
      "timestamp_unix": 1749912885,
      "timestamp_unix_ms": 1749912885783,
      "timestamp_readable": "2025-06-14 14:54:45.783",
      "normalized_name": "Smudge-the-cat/Smudge-the-cat",
      "meme_name": "Smudge-the-cat",
      "post_id": 5,
      "english_label": "others",
      "response_time_ms": 2105
    },
    {
      "image_path": "Mocking-Spongebob/Mocking-Spongebob_6.png",
      "label": "其他",
      "response_time": "00:00:05.004",
      "timestamp_unix": 1749912890,
      "timestamp_unix_ms": 1749912890944,
      "timestamp_readable": "2025-06-14 14:54:50.944",
      "normalized_name": "Mocking-Spongebob/Mocking-Spongebob",
      "meme_name": "Mocking-Spongebob",
      "post_id": 6,
      "english_label": "others",
      "response_time_ms": 5004
    }
  ],
  "session_start_unix": 1749912559,
  "session_status": "active",
  "last_updated_unix": 1749912893,
  "image_order": [
    "Spiderman-Hospital/Spiderman-Hospital_11.png",
    "Happy--Shock/Happy--Shock_31.png",
    "Chill-guy/Chill-guy_21.png",
    "I-am-once-again-asking/I-am-once-again-asking_39.png",
    "Math-ladyConfused-lady/Math-ladyConfused-lady_38.png",
    "Archer/Archer_50.png",
    "Leonardo-Dicaprio-Wolf-Of-Wall-Street/Leonardo-Dicaprio-Wolf-Of-Wall-Street_24.png",
    "Mocking-Spongebob/Mocking-Spongebob_6.png",
    "Afraid-To-Ask-Andy/Afraid-To-Ask-Andy_41.png",
    "Charlie-Day/Charlie-Day_3.png",
    "Always-Has-Been/Always-Has-Been_36.png",
    "Picard-Wtf/Picard-Wtf_40.png",
    "Batman-Slapping-Robin/Batman-Slapping-Robin_18.png",
    "For-the-better-right-blank/For-the-better-right-blank_28.png",
    "Drake-NoYes/Drake-NoYes_48.png",
    "Laughing-wolf/Laughing-wolf_2.png",
    "DJ-Pauly-D/DJ-Pauly-D_14.png",
    "Always-you-three/Always-you-three_44.png",
    "Disappointed-Man/Disappointed-Man_32.png",
    "Smudge-the-cat/Smudge-the-cat_5.png",
    "Thats-a-paddlin/Thats-a-paddlin_26.png",
    "attention_check/attention_check_Anger.png",
    "Hide-the-Pain-Harold/Hide-the-Pain-Harold_47.png",
    "Hold-fart/Hold-fart_19.png",
    "Im-The-Captain-Now/Im-The-Captain-Now_49.png",
    "Obi-Wan-Kenobi/Obi-Wan-Kenobi_20.png",
    "Spongebob-Yelling/Spongebob-Yelling_9.png",
    "Nuclear-Explosion/Nuclear-Explosion_37.png",
    "Dinkleberg/Dinkleberg_35.png",
    "Scooby-doo-mask-reveal/Scooby-doo-mask-reveal_17.png",
    "Disaster-Girl/Disaster-Girl_43.png",
    "Black-guy-hiding-behind-tree/Black-guy-hiding-behind-tree_46.png",
    "You-The-Real-MVP/You-The-Real-MVP_7.png",
    "Moe-throws-Barney/Moe-throws-Barney_4.png",
    "Ill-Have-You-Know-Spongebob/Ill-Have-You-Know-Spongebob_12.png",
    "Futurama-Fry/Futurama-Fry_16.png",
    "Monkey-Puppet/Monkey-Puppet_25.png",
    "Confused-Gandalf/Confused-Gandalf_23.png",
    "Mr-incredible-mad/Mr-incredible-mad_8.png",
    "Dave-chappelle/Dave-chappelle_15.png",
    "Surprised-Pikachu/Surprised-Pikachu_1.png",
    "Table-Flip-Guy/Table-Flip-Guy_13.png",
    "Kevin-Hart/Kevin-Hart_33.png",
    "Well-Yes-But-Actually-No/Well-Yes-But-Actually-No_34.png",
    "Mr-McMahon-reaction/Mr-McMahon-reaction_42.png",
    "Gru-Gun/Gru-Gun_27.png",
    "Persian-Cat-Room-Guardian/Persian-Cat-Room-Guardian_30.png",
    "Put-It-Somewhere-Else-Patrick/Put-It-Somewhere-Else-Patrick_45.png",
    "attention_check/attention_check_Contempt.png",
    "Angry-Baby/Angry-Baby_10.png",
    "Arthur-Fist/Arthur-Fist_29.png",
    "Khan/Khan_22.png"
  ],
  "completion_status": {
    "practice_completed": true,
    "game_started": true,
    "game_completed": true,
    "summary_viewed": true,
    "email_submitted": false
  },
  "timestamps_unix": {
    "registration_completed": 1749912559,
    "practice_started": 1749912559,
    "practice_completed": 1749912598,
    "game_started": 1749912599,
    "first_label": 1749912607,
    "last_label": 1749912890,
    "game_completed": 1749912893,
    "summary_viewed": 1749912893,
    "email_submitted": null,
    "session_end": null,
    "last_updated": 1749912893
  },
  "timestamps_unix_ms": {
    "registration_completed_ms": 1749912559477,
    "practice_started_ms": 1749912559596,
    "practice_completed_ms": 1749912598992,
    "game_started_ms": 1749912599005,
    "first_label_ms": 1749912607876,
    "last_label_ms": 1749912890944,
    "game_completed_ms": 1749912893333,
    "summary_viewed_ms": 1749912893343,
    "email_submitted_ms": null,
    "session_end_ms": null,
    "last_updated_ms": 1749912893343
  },
  "duration_stats_ms": {
    "total_session_duration_ms": null,
    "practice_duration_ms": 39396,
    "game_duration_ms": 294328,
    "labeling_duration_ms": 283068,
    "email_submission_duration_ms": null
  },
  "filename_updated_unix": 1749912893,
  "original_filename": "user_09d3b7",
  "completion_status_in_filename": "summary_viewed"
}