{
  "user_id": "user_bccd3b",
  "file_name": "user_bccd3b_1750426583_1750426987_fullycomplete",
  "unix_start_time": 1750426583,
  "unix_start_time_ms": 1750426583545,
  "unix_end_time": 1750426987,
  "unix_end_time_ms": 1750426987953,
  "age": "30-34",
  "gender": "female",
  "user_agent": "Mozilla/5.0 (Windows NT 10.0; Win64; x64) AppleWebKit/537.36 (KHTML, like Gecko) Chrome/137.0.0.0 Safari/537.36 Edg/137.0.0.0",
  "user_ip": "106.1.230.19",
  "status": "complete",
  "email_provided": "complete",
  "attention_passed": true,
  "start_time_readable": "2025-06-20 13:36:23.545",
  "end_time_readable": "2025-06-20 13:43:07.953",
  "total_labels": 52,
  "emotion_summary": {
    "anger": 9,
    "contempt": 21,
    "disgust": 10,
    "others": 12
  },
  "email": "choose0729@gmail.com",
  "participation": "no",
  "total_responses": 52,
  "responses": [
    {
      "image_path": "Drake-NoYes/Drake-NoYes_5.png",
      "label": "輕蔑",
      "response_time": "00:00:06.600",
      "timestamp_unix": 1750426645,
      "timestamp_unix_ms": 1750426645146,
      "timestamp_readable": "2025-06-20 13:37:25.146",
      "normalized_name": "Drake-NoYes/Drake-NoYes",
      "meme_name": "Drake-NoYes",
      "post_id": 5,
      "english_label": "contempt",
      "response_time_ms": 6600
    },
    {
      "image_path": "Mr-incredible-mad/Mr-incredible-mad_21.png",
      "label": "厭惡",
      "response_time": "00:00:05.300",
      "timestamp_unix": 1750426650,
      "timestamp_unix_ms": 1750426650600,
      "timestamp_readable": "2025-06-20 13:37:30.600",
      "normalized_name": "Mr-incredible-mad/Mr-incredible-mad",
      "meme_name": "Mr-incredible-mad",
      "post_id": 21,
      "english_label": "disgust",
      "response_time_ms": 5300
    },
    {
      "image_path": "Afraid-To-Ask-Andy/Afraid-To-Ask-Andy_6.png",
      "label": "輕蔑",
      "response_time": "00:00:08.200",
      "timestamp_unix": 1750426658,
      "timestamp_unix_ms": 1750426658951,
      "timestamp_readable": "2025-06-20 13:37:38.951",
      "normalized_name": "Afraid-To-Ask-Andy/Afraid-To-Ask-Andy",
      "meme_name": "Afraid-To-Ask-Andy",
      "post_id": 6,
      "english_label": "contempt",
      "response_time_ms": 8200
    },
    {
      "image_path": "Obi-Wan-Kenobi/Obi-Wan-Kenobi_4.png",
      "label": "輕蔑",
      "response_time": "00:00:07.401",
      "timestamp_unix": 1750426666,
      "timestamp_unix_ms": 1750426666584,
      "timestamp_readable": "2025-06-20 13:37:46.584",
      "normalized_name": "Obi-Wan-Kenobi/Obi-Wan-Kenobi",
      "meme_name": "Obi-Wan-Kenobi",
      "post_id": 4,
      "english_label": "contempt",
      "response_time_ms": 7401
    },
    {
      "image_path": "Disappointed-Man/Disappointed-Man_31.png",
      "label": "輕蔑",
      "response_time": "00:00:07.002",
      "timestamp_unix": 1750426673,
      "timestamp_unix_ms": 1750426673726,
      "timestamp_readable": "2025-06-20 13:37:53.726",
      "normalized_name": "Disappointed-Man/Disappointed-Man",
      "meme_name": "Disappointed-Man",
      "post_id": 31,
      "english_label": "contempt",
      "response_time_ms": 7002
    },
    {
      "image_path": "Black-guy-hiding-behind-tree/Black-guy-hiding-behind-tree_12.png",
      "label": "輕蔑",
      "response_time": "00:00:09.801",
      "timestamp_unix": 1750426683,
      "timestamp_unix_ms": 1750426683604,
      "timestamp_readable": "2025-06-20 13:38:03.604",
      "normalized_name": "Black-guy-hiding-behind-tree/Black-guy-hiding-behind-tree",
      "meme_name": "Black-guy-hiding-behind-tree",
      "post_id": 12,
      "english_label": "contempt",
      "response_time_ms": 9801
    },
    {
      "image_path": "Well-Yes-But-Actually-No/Well-Yes-But-Actually-No_41.png",
      "label": "輕蔑",
      "response_time": "00:00:09.601",
      "timestamp_unix": 1750426693,
      "timestamp_unix_ms": 1750426693337,
      "timestamp_readable": "2025-06-20 13:38:13.337",
      "normalized_name": "Well-Yes-But-Actually-No/Well-Yes-But-Actually-No",
      "meme_name": "Well-Yes-But-Actually-No",
      "post_id": 41,
      "english_label": "contempt",
      "response_time_ms": 9601
    },
    {
      "image_path": "Chill-guy/Chill-guy_32.png",
      "label": "輕蔑",
      "response_time": "00:00:09.600",
      "timestamp_unix": 1750426703,
      "timestamp_unix_ms": 1750426703058,
      "timestamp_readable": "2025-06-20 13:38:23.058",
      "normalized_name": "Chill-guy/Chill-guy",
      "meme_name": "Chill-guy",
      "post_id": 32,
      "english_label": "contempt",
      "response_time_ms": 9600
    },
    {
      "image_path": "Always-you-three/Always-you-three_44.png",
      "label": "輕蔑",
      "response_time": "00:00:04.400",
      "timestamp_unix": 1750426707,
      "timestamp_unix_ms": 1750426707565,
      "timestamp_readable": "2025-06-20 13:38:27.565",
      "normalized_name": "Always-you-three/Always-you-three",
      "meme_name": "Always-you-three",
      "post_id": 44,
      "english_label": "contempt",
      "response_time_ms": 4400
    },
    {
      "image_path": "Always-Has-Been/Always-Has-Been_36.png",
      "label": "其他",
      "response_time": "00:00:06.601",
      "timestamp_unix": 1750426714,
      "timestamp_unix_ms": 1750426714310,
      "timestamp_readable": "2025-06-20 13:38:34.310",
      "normalized_name": "Always-Has-Been/Always-Has-Been",
      "meme_name": "Always-Has-Been",
      "post_id": 36,
      "english_label": "others",
      "response_time_ms": 6601
    },
    {
      "image_path": "Thats-a-paddlin/Thats-a-paddlin_25.png",
      "label": "憤怒",
      "response_time": "00:00:07.602",
      "timestamp_unix": 1750426721,
      "timestamp_unix_ms": 1750426721978,
      "timestamp_readable": "2025-06-20 13:38:41.978",
      "normalized_name": "Thats-a-paddlin/Thats-a-paddlin",
      "meme_name": "Thats-a-paddlin",
      "post_id": 25,
      "english_label": "anger",
      "response_time_ms": 7602
    },
    {
      "image_path": "Spongebob-Yelling/Spongebob-Yelling_27.png",
      "label": "厭惡",
      "response_time": "00:00:05.601",
      "timestamp_unix": 1750426727,
      "timestamp_unix_ms": 1750426727663,
      "timestamp_readable": "2025-06-20 13:38:47.663",
      "normalized_name": "Spongebob-Yelling/Spongebob-Yelling",
      "meme_name": "Spongebob-Yelling",
      "post_id": 27,
      "english_label": "disgust",
      "response_time_ms": 5601
    },
    {
      "image_path": "Happy--Shock/Happy--Shock_49.png",
      "label": "輕蔑",
      "response_time": "00:00:08.701",
      "timestamp_unix": 1750426736,
      "timestamp_unix_ms": 1750426736446,
      "timestamp_readable": "2025-06-20 13:38:56.446",
      "normalized_name": "Happy--Shock/Happy--Shock",
      "meme_name": "Happy--Shock",
      "post_id": 49,
      "english_label": "contempt",
      "response_time_ms": 8701
    },
    {
      "image_path": "Put-It-Somewhere-Else-Patrick/Put-It-Somewhere-Else-Patrick_13.png",
      "label": "厭惡",
      "response_time": "00:00:05.801",
      "timestamp_unix": 1750426742,
      "timestamp_unix_ms": 1750426742392,
      "timestamp_readable": "2025-06-20 13:39:02.392",
      "normalized_name": "Put-It-Somewhere-Else-Patrick/Put-It-Somewhere-Else-Patrick",
      "meme_name": "Put-It-Somewhere-Else-Patrick",
      "post_id": 13,
      "english_label": "disgust",
      "response_time_ms": 5801
    },
    {
      "image_path": "Persian-Cat-Room-Guardian/Persian-Cat-Room-Guardian_47.png",
      "label": "輕蔑",
      "response_time": "00:00:05.000",
      "timestamp_unix": 1750426747,
      "timestamp_unix_ms": 1750426747457,
      "timestamp_readable": "2025-06-20 13:39:07.457",
      "normalized_name": "Persian-Cat-Room-Guardian/Persian-Cat-Room-Guardian",
      "meme_name": "Persian-Cat-Room-Guardian",
      "post_id": 47,
      "english_label": "contempt",
      "response_time_ms": 5000
    },
    {
      "image_path": "Monkey-Puppet/Monkey-Puppet_8.png",
      "label": "厭惡",
      "response_time": "00:00:05.901",
      "timestamp_unix": 1750426753,
      "timestamp_unix_ms": 1750426753501,
      "timestamp_readable": "2025-06-20 13:39:13.501",
      "normalized_name": "Monkey-Puppet/Monkey-Puppet",
      "meme_name": "Monkey-Puppet",
      "post_id": 8,
      "english_label": "disgust",
      "response_time_ms": 5901
    },
    {
      "image_path": "Dave-chappelle/Dave-chappelle_11.png",
      "label": "輕蔑",
      "response_time": "00:00:04.601",
      "timestamp_unix": 1750426758,
      "timestamp_unix_ms": 1750426758168,
      "timestamp_readable": "2025-06-20 13:39:18.168",
      "normalized_name": "Dave-chappelle/Dave-chappelle",
      "meme_name": "Dave-chappelle",
      "post_id": 11,
      "english_label": "contempt",
      "response_time_ms": 4601
    },
    {
      "image_path": "Kevin-Hart/Kevin-Hart_48.png",
      "label": "其他",
      "response_time": "00:00:04.200",
      "timestamp_unix": 1750426762,
      "timestamp_unix_ms": 1750426762490,
      "timestamp_readable": "2025-06-20 13:39:22.490",
      "normalized_name": "Kevin-Hart/Kevin-Hart",
      "meme_name": "Kevin-Hart",
      "post_id": 48,
      "english_label": "others",
      "response_time_ms": 4200
    },
    {
      "image_path": "Charlie-Day/Charlie-Day_2.png",
      "label": "輕蔑",
      "response_time": "00:00:12.201",
      "timestamp_unix": 1750426774,
      "timestamp_unix_ms": 1750426774821,
      "timestamp_readable": "2025-06-20 13:39:34.821",
      "normalized_name": "Charlie-Day/Charlie-Day",
      "meme_name": "Charlie-Day",
      "post_id": 2,
      "english_label": "contempt",
      "response_time_ms": 12201
    },
    {
      "image_path": "Archer/Archer_15.png",
      "label": "其他",
      "response_time": "00:00:02.901",
      "timestamp_unix": 1750426777,
      "timestamp_unix_ms": 1750426777818,
      "timestamp_readable": "2025-06-20 13:39:37.818",
      "normalized_name": "Archer/Archer",
      "meme_name": "Archer",
      "post_id": 15,
      "english_label": "others",
      "response_time_ms": 2901
    },
    {
      "image_path": "Ill-Have-You-Know-Spongebob/Ill-Have-You-Know-Spongebob_22.png",
      "label": "輕蔑",
      "response_time": "00:00:03.901",
      "timestamp_unix": 1750426781,
      "timestamp_unix_ms": 1750426781815,
      "timestamp_readable": "2025-06-20 13:39:41.815",
      "normalized_name": "Ill-Have-You-Know-Spongebob/Ill-Have-You-Know-Spongebob",
      "meme_name": "Ill-Have-You-Know-Spongebob",
      "post_id": 22,
      "english_label": "contempt",
      "response_time_ms": 3901
    },
    {
      "image_path": "Dinkleberg/Dinkleberg_10.png",
      "label": "厭惡",
      "response_time": "00:00:04.501",
      "timestamp_unix": 1750426786,
      "timestamp_unix_ms": 1750426786441,
      "timestamp_readable": "2025-06-20 13:39:46.441",
      "normalized_name": "Dinkleberg/Dinkleberg",
      "meme_name": "Dinkleberg",
      "post_id": 10,
      "english_label": "disgust",
      "response_time_ms": 4501
    },
    {
      "image_path": "Nuclear-Explosion/Nuclear-Explosion_46.png",
      "label": "其他",
      "response_time": "00:00:11.700",
      "timestamp_unix": 1750426798,
      "timestamp_unix_ms": 1750426798286,
      "timestamp_readable": "2025-06-20 13:39:58.286",
      "normalized_name": "Nuclear-Explosion/Nuclear-Explosion",
      "meme_name": "Nuclear-Explosion",
      "post_id": 46,
      "english_label": "others",
      "response_time_ms": 11700
    },
    {
      "image_path": "Futurama-Fry/Futurama-Fry_34.png",
      "label": "其他",
      "response_time": "00:00:05.301",
      "timestamp_unix": 1750426803,
      "timestamp_unix_ms": 1750426803664,
      "timestamp_readable": "2025-06-20 13:40:03.664",
      "normalized_name": "Futurama-Fry/Futurama-Fry",
      "meme_name": "Futurama-Fry",
      "post_id": 34,
      "english_label": "others",
      "response_time_ms": 5301
    },
    {
      "image_path": "attention_check/attention_check_Contempt.png",
      "label": "輕蔑",
      "response_time": "00:00:01.701",
      "timestamp_unix": 1750426805,
      "timestamp_unix_ms": 1750426805419,
      "timestamp_readable": "2025-06-20 13:40:05.419",
      "normalized_name": "attention_check/attention_check_Contempt.png",
      "meme_name": "attention_check",
      "post_id": null,
      "english_label": "contempt",
      "response_time_ms": 1701
    },
    {
      "image_path": "Laughing-wolf/Laughing-wolf_19.png",
      "label": "其他",
      "response_time": "00:00:11.000",
      "timestamp_unix": 1750426816,
      "timestamp_unix_ms": 1750426816514,
      "timestamp_readable": "2025-06-20 13:40:16.514",
      "normalized_name": "Laughing-wolf/Laughing-wolf",
      "meme_name": "Laughing-wolf",
      "post_id": 19,
      "english_label": "others",
      "response_time_ms": 11000
    },
    {
      "image_path": "Disaster-Girl/Disaster-Girl_42.png",
      "label": "其他",
      "response_time": "00:00:09.800",
      "timestamp_unix": 1750426826,
      "timestamp_unix_ms": 1750426826401,
      "timestamp_readable": "2025-06-20 13:40:26.401",
      "normalized_name": "Disaster-Girl/Disaster-Girl",
      "meme_name": "Disaster-Girl",
      "post_id": 42,
      "english_label": "others",
      "response_time_ms": 9800
    },
    {
      "image_path": "Leonardo-Dicaprio-Wolf-Of-Wall-Street/Leonardo-Dicaprio-Wolf-Of-Wall-Street_50.png",
      "label": "輕蔑",
      "response_time": "00:00:06.601",
      "timestamp_unix": 1750426833,
      "timestamp_unix_ms": 1750426833072,
      "timestamp_readable": "2025-06-20 13:40:33.072",
      "normalized_name": "Leonardo-Dicaprio-Wolf-Of-Wall-Street/Leonardo-Dicaprio-Wolf-Of-Wall-Street",
      "meme_name": "Leonardo-Dicaprio-Wolf-Of-Wall-Street",
      "post_id": 50,
      "english_label": "contempt",
      "response_time_ms": 6601
    },
    {
      "image_path": "DJ-Pauly-D/DJ-Pauly-D_14.png",
      "label": "憤怒",
      "response_time": "00:00:04.301",
      "timestamp_unix": 1750426837,
      "timestamp_unix_ms": 1750426837431,
      "timestamp_readable": "2025-06-20 13:40:37.431",
      "normalized_name": "DJ-Pauly-D/DJ-Pauly-D",
      "meme_name": "DJ-Pauly-D",
      "post_id": 14,
      "english_label": "anger",
      "response_time_ms": 4301
    },
    {
      "image_path": "Spiderman-Hospital/Spiderman-Hospital_28.png",
      "label": "厭惡",
      "response_time": "00:00:03.802",
      "timestamp_unix": 1750426841,
      "timestamp_unix_ms": 1750426841328,
      "timestamp_readable": "2025-06-20 13:40:41.328",
      "normalized_name": "Spiderman-Hospital/Spiderman-Hospital",
      "meme_name": "Spiderman-Hospital",
      "post_id": 28,
      "english_label": "disgust",
      "response_time_ms": 3802
    },
    {
      "image_path": "Surprised-Pikachu/Surprised-Pikachu_43.png",
      "label": "輕蔑",
      "response_time": "00:00:04.001",
      "timestamp_unix": 1750426845,
      "timestamp_unix_ms": 1750426845378,
      "timestamp_readable": "2025-06-20 13:40:45.378",
      "normalized_name": "Surprised-Pikachu/Surprised-Pikachu",
      "meme_name": "Surprised-Pikachu",
      "post_id": 43,
      "english_label": "contempt",
      "response_time_ms": 4001
    },
    {
      "image_path": "Math-ladyConfused-lady/Math-ladyConfused-lady_33.png",
      "label": "其他",
      "response_time": "00:00:04.400",
      "timestamp_unix": 1750426849,
      "timestamp_unix_ms": 1750426849860,
      "timestamp_readable": "2025-06-20 13:40:49.860",
      "normalized_name": "Math-ladyConfused-lady/Math-ladyConfused-lady",
      "meme_name": "Math-ladyConfused-lady",
      "post_id": 33,
      "english_label": "others",
      "response_time_ms": 4400
    },
    {
      "image_path": "Batman-Slapping-Robin/Batman-Slapping-Robin_45.png",
      "label": "厭惡",
      "response_time": "00:00:07.201",
      "timestamp_unix": 1750426857,
      "timestamp_unix_ms": 1750426857134,
      "timestamp_readable": "2025-06-20 13:40:57.134",
      "normalized_name": "Batman-Slapping-Robin/Batman-Slapping-Robin",
      "meme_name": "Batman-Slapping-Robin",
      "post_id": 45,
      "english_label": "disgust",
      "response_time_ms": 7201
    },
    {
      "image_path": "Hide-the-Pain-Harold/Hide-the-Pain-Harold_3.png",
      "label": "輕蔑",
      "response_time": "00:00:04.601",
      "timestamp_unix": 1750426861,
      "timestamp_unix_ms": 1750426861812,
      "timestamp_readable": "2025-06-20 13:41:01.812",
      "normalized_name": "Hide-the-Pain-Harold/Hide-the-Pain-Harold",
      "meme_name": "Hide-the-Pain-Harold",
      "post_id": 3,
      "english_label": "contempt",
      "response_time_ms": 4601
    },
    {
      "image_path": "Khan/Khan_9.png",
      "label": "憤怒",
      "response_time": "00:00:03.200",
      "timestamp_unix": 1750426865,
      "timestamp_unix_ms": 1750426865142,
      "timestamp_readable": "2025-06-20 13:41:05.142",
      "normalized_name": "Khan/Khan",
      "meme_name": "Khan",
      "post_id": 9,
      "english_label": "anger",
      "response_time_ms": 3200
    },
    {
      "image_path": "Picard-Wtf/Picard-Wtf_18.png",
      "label": "輕蔑",
      "response_time": "00:00:07.401",
      "timestamp_unix": 1750426872,
      "timestamp_unix_ms": 1750426872643,
      "timestamp_readable": "2025-06-20 13:41:12.643",
      "normalized_name": "Picard-Wtf/Picard-Wtf",
      "meme_name": "Picard-Wtf",
      "post_id": 18,
      "english_label": "contempt",
      "response_time_ms": 7401
    },
    {
      "image_path": "Scooby-doo-mask-reveal/Scooby-doo-mask-reveal_7.png",
      "label": "厭惡",
      "response_time": "00:00:04.401",
      "timestamp_unix": 1750426877,
      "timestamp_unix_ms": 1750426877124,
      "timestamp_readable": "2025-06-20 13:41:17.124",
      "normalized_name": "Scooby-doo-mask-reveal/Scooby-doo-mask-reveal",
      "meme_name": "Scooby-doo-mask-reveal",
      "post_id": 7,
      "english_label": "disgust",
      "response_time_ms": 4401
    },
    {
      "image_path": "Angry-Baby/Angry-Baby_23.png",
      "label": "憤怒",
      "response_time": "00:00:06.201",
      "timestamp_unix": 1750426883,
      "timestamp_unix_ms": 1750426883432,
      "timestamp_readable": "2025-06-20 13:41:23.432",
      "normalized_name": "Angry-Baby/Angry-Baby",
      "meme_name": "Angry-Baby",
      "post_id": 23,
      "english_label": "anger",
      "response_time_ms": 6201
    },
    {
      "image_path": "I-am-once-again-asking/I-am-once-again-asking_35.png",
      "label": "其他",
      "response_time": "00:00:02.701",
      "timestamp_unix": 1750426886,
      "timestamp_unix_ms": 1750426886206,
      "timestamp_readable": "2025-06-20 13:41:26.206",
      "normalized_name": "I-am-once-again-asking/I-am-once-again-asking",
      "meme_name": "I-am-once-again-asking",
      "post_id": 35,
      "english_label": "others",
      "response_time_ms": 2701
    },
    {
      "image_path": "Arthur-Fist/Arthur-Fist_17.png",
      "label": "其他",
      "response_time": "00:00:03.101",
      "timestamp_unix": 1750426889,
      "timestamp_unix_ms": 1750426889446,
      "timestamp_readable": "2025-06-20 13:41:29.446",
      "normalized_name": "Arthur-Fist/Arthur-Fist",
      "meme_name": "Arthur-Fist",
      "post_id": 17,
      "english_label": "others",
      "response_time_ms": 3101
    },
    {
      "image_path": "Hold-fart/Hold-fart_38.png",
      "label": "厭惡",
      "response_time": "00:00:06.701",
      "timestamp_unix": 1750426896,
      "timestamp_unix_ms": 1750426896301,
      "timestamp_readable": "2025-06-20 13:41:36.301",
      "normalized_name": "Hold-fart/Hold-fart",
      "meme_name": "Hold-fart",
      "post_id": 38,
      "english_label": "disgust",
      "response_time_ms": 6701
    },
    {
      "image_path": "For-the-better-right-blank/For-the-better-right-blank_1.png",
      "label": "輕蔑",
      "response_time": "00:00:05.702",
      "timestamp_unix": 1750426902,
      "timestamp_unix_ms": 1750426902173,
      "timestamp_readable": "2025-06-20 13:41:42.173",
      "normalized_name": "For-the-better-right-blank/For-the-better-right-blank",
      "meme_name": "For-the-better-right-blank",
      "post_id": 1,
      "english_label": "contempt",
      "response_time_ms": 5702
    },
    {
      "image_path": "Confused-Gandalf/Confused-Gandalf_16.png",
      "label": "輕蔑",
      "response_time": "00:00:06.300",
      "timestamp_unix": 1750426908,
      "timestamp_unix_ms": 1750426908565,
      "timestamp_readable": "2025-06-20 13:41:48.565",
      "normalized_name": "Confused-Gandalf/Confused-Gandalf",
      "meme_name": "Confused-Gandalf",
      "post_id": 16,
      "english_label": "contempt",
      "response_time_ms": 6300
    },
    {
      "image_path": "Gru-Gun/Gru-Gun_24.png",
      "label": "憤怒",
      "response_time": "00:00:04.401",
      "timestamp_unix": 1750426913,
      "timestamp_unix_ms": 1750426913058,
      "timestamp_readable": "2025-06-20 13:41:53.058",
      "normalized_name": "Gru-Gun/Gru-Gun",
      "meme_name": "Gru-Gun",
      "post_id": 24,
      "english_label": "anger",
      "response_time_ms": 4401
    },
    {
      "image_path": "Smudge-the-cat/Smudge-the-cat_37.png",
      "label": "憤怒",
      "response_time": "00:00:07.901",
      "timestamp_unix": 1750426921,
      "timestamp_unix_ms": 1750426921022,
      "timestamp_readable": "2025-06-20 13:42:01.022",
      "normalized_name": "Smudge-the-cat/Smudge-the-cat",
      "meme_name": "Smudge-the-cat",
      "post_id": 37,
      "english_label": "anger",
      "response_time_ms": 7901
    },
    {
      "image_path": "Im-The-Captain-Now/Im-The-Captain-Now_30.png",
      "label": "其他",
      "response_time": "00:00:06.801",
      "timestamp_unix": 1750426927,
      "timestamp_unix_ms": 1750426927951,
      "timestamp_readable": "2025-06-20 13:42:07.951",
      "normalized_name": "Im-The-Captain-Now/Im-The-Captain-Now",
      "meme_name": "Im-The-Captain-Now",
      "post_id": 30,
      "english_label": "others",
      "response_time_ms": 6801
    },
    {
      "image_path": "Mr-McMahon-reaction/Mr-McMahon-reaction_26.png",
      "label": "憤怒",
      "response_time": "00:00:05.901",
      "timestamp_unix": 1750426934,
      "timestamp_unix_ms": 1750426934033,
      "timestamp_readable": "2025-06-20 13:42:14.033",
      "normalized_name": "Mr-McMahon-reaction/Mr-McMahon-reaction",
      "meme_name": "Mr-McMahon-reaction",
      "post_id": 26,
      "english_label": "anger",
      "response_time_ms": 5901
    },
    {
      "image_path": "Mocking-Spongebob/Mocking-Spongebob_40.png",
      "label": "厭惡",
      "response_time": "00:00:05.600",
      "timestamp_unix": 1750426939,
      "timestamp_unix_ms": 1750426939695,
      "timestamp_readable": "2025-06-20 13:42:19.695",
      "normalized_name": "Mocking-Spongebob/Mocking-Spongebob",
      "meme_name": "Mocking-Spongebob",
      "post_id": 40,
      "english_label": "disgust",
      "response_time_ms": 5600
    },
    {
      "image_path": "Moe-throws-Barney/Moe-throws-Barney_29.png",
      "label": "其他",
      "response_time": "00:00:06.702",
      "timestamp_unix": 1750426946,
      "timestamp_unix_ms": 1750426946506,
      "timestamp_readable": "2025-06-20 13:42:26.506",
      "normalized_name": "Moe-throws-Barney/Moe-throws-Barney",
      "meme_name": "Moe-throws-Barney",
      "post_id": 29,
      "english_label": "others",
      "response_time_ms": 6702
    },
    {
      "image_path": "Table-Flip-Guy/Table-Flip-Guy_39.png",
      "label": "憤怒",
      "response_time": "00:00:05.202",
      "timestamp_unix": 1750426951,
      "timestamp_unix_ms": 1750426951802,
      "timestamp_readable": "2025-06-20 13:42:31.802",
      "normalized_name": "Table-Flip-Guy/Table-Flip-Guy",
      "meme_name": "Table-Flip-Guy",
      "post_id": 39,
      "english_label": "anger",
      "response_time_ms": 5202
    },
    {
      "image_path": "attention_check/attention_check_Anger.png",
      "label": "憤怒",
      "response_time": "00:00:01.501",
      "timestamp_unix": 1750426953,
      "timestamp_unix_ms": 1750426953471,
      "timestamp_readable": "2025-06-20 13:42:33.471",
      "normalized_name": "attention_check/attention_check_Anger.png",
      "meme_name": "attention_check",
      "post_id": null,
      "english_label": "anger",
      "response_time_ms": 1501
    },
    {
      "image_path": "You-The-Real-MVP/You-The-Real-MVP_20.png",
      "label": "輕蔑",
      "response_time": "00:00:04.000",
      "timestamp_unix": 1750426957,
      "timestamp_unix_ms": 1750426957654,
      "timestamp_readable": "2025-06-20 13:42:37.654",
      "normalized_name": "You-The-Real-MVP/You-The-Real-MVP",
      "meme_name": "You-The-Real-MVP",
      "post_id": 20,
      "english_label": "contempt",
      "response_time_ms": 4000
    }
  ],
  "session_start_unix": 1750426583,
  "session_status": "completed",
  "last_updated_unix": 1750426987,
  "image_order": [
    "Spiderman-Hospital/Spiderman-Hospital_28.png",
    "Happy--Shock/Happy--Shock_49.png",
    "Chill-guy/Chill-guy_32.png",
    "I-am-once-again-asking/I-am-once-again-asking_35.png",
    "Math-ladyConfused-lady/Math-ladyConfused-lady_33.png",
    "Archer/Archer_15.png",
    "Leonardo-Dicaprio-Wolf-Of-Wall-Street/Leonardo-Dicaprio-Wolf-Of-Wall-Street_50.png",
    "Mocking-Spongebob/Mocking-Spongebob_40.png",
    "Afraid-To-Ask-Andy/Afraid-To-Ask-Andy_6.png",
    "Charlie-Day/Charlie-Day_2.png",
    "Always-Has-Been/Always-Has-Been_36.png",
    "Picard-Wtf/Picard-Wtf_18.png",
    "Batman-Slapping-Robin/Batman-Slapping-Robin_45.png",
    "For-the-better-right-blank/For-the-better-right-blank_1.png",
    "Drake-NoYes/Drake-NoYes_5.png",
    "Laughing-wolf/Laughing-wolf_19.png",
    "DJ-Pauly-D/DJ-Pauly-D_14.png",
    "Always-you-three/Always-you-three_44.png",
    "Disappointed-Man/Disappointed-Man_31.png",
    "Smudge-the-cat/Smudge-the-cat_37.png",
    "Thats-a-paddlin/Thats-a-paddlin_25.png",
    "Hide-the-Pain-Harold/Hide-the-Pain-Harold_3.png",
    "Hold-fart/Hold-fart_38.png",
    "Im-The-Captain-Now/Im-The-Captain-Now_30.png",
    "attention_check/attention_check_Contempt.png",
    "Obi-Wan-Kenobi/Obi-Wan-Kenobi_4.png",
    "Spongebob-Yelling/Spongebob-Yelling_27.png",
    "Nuclear-Explosion/Nuclear-Explosion_46.png",
    "Dinkleberg/Dinkleberg_10.png",
    "Scooby-doo-mask-reveal/Scooby-doo-mask-reveal_7.png",
    "Disaster-Girl/Disaster-Girl_42.png",
    "Black-guy-hiding-behind-tree/Black-guy-hiding-behind-tree_12.png",
    "You-The-Real-MVP/You-The-Real-MVP_20.png",
    "Moe-throws-Barney/Moe-throws-Barney_29.png",
    "Ill-Have-You-Know-Spongebob/Ill-Have-You-Know-Spongebob_22.png",
    "Futurama-Fry/Futurama-Fry_34.png",
    "Monkey-Puppet/Monkey-Puppet_8.png",
    "Confused-Gandalf/Confused-Gandalf_16.png",
    "Mr-incredible-mad/Mr-incredible-mad_21.png",
    "Dave-chappelle/Dave-chappelle_11.png",
    "Surprised-Pikachu/Surprised-Pikachu_43.png",
    "Table-Flip-Guy/Table-Flip-Guy_39.png",
    "Kevin-Hart/Kevin-Hart_48.png",
    "Well-Yes-But-Actually-No/Well-Yes-But-Actually-No_41.png",
    "Mr-McMahon-reaction/Mr-McMahon-reaction_26.png",
    "Gru-Gun/Gru-Gun_24.png",
    "Persian-Cat-Room-Guardian/Persian-Cat-Room-Guardian_47.png",
    "Put-It-Somewhere-Else-Patrick/Put-It-Somewhere-Else-Patrick_13.png",
    "Angry-Baby/Angry-Baby_23.png",
    "Arthur-Fist/Arthur-Fist_17.png",
    "attention_check/attention_check_Anger.png",
    "Khan/Khan_9.png"
  ],
  "completion_status": {
    "practice_completed": true,
    "game_started": true,
    "game_completed": true,
    "summary_viewed": true,
    "email_submitted": true
  },
  "timestamps_unix": {
    "registration_completed": 1750426583,
    "practice_started": 1750426583,
    "practice_completed": 1750426638,
    "game_started": 1750426638,
    "first_label": 1750426645,
    "last_label": 1750426957,
    "game_completed": 1750426960,
    "summary_viewed": 1750426960,
    "email_submitted": 1750426987,
    "session_end": 1750426987,
    "last_updated": 1750426987
  },
  "timestamps_unix_ms": {
    "registration_completed_ms": 1750426583545,
    "practice_started_ms": 1750426583603,
    "practice_completed_ms": 1750426638175,
    "game_started_ms": 1750426638182,
    "first_label_ms": 1750426645146,
    "last_label_ms": 1750426957654,
    "game_completed_ms": 1750426960871,
    "summary_viewed_ms": 1750426960879,
    "email_submitted_ms": 1750426987945,
    "session_end_ms": 1750426987945,
    "last_updated_ms": 1750426987945
  },
  "duration_stats_ms": {
    "total_session_duration_ms": 404400,
    "practice_duration_ms": 54572,
    "game_duration_ms": 322689,
    "labeling_duration_ms": 312508,
    "email_submission_duration_ms": 27066
  },
  "filename_updated_unix": 1750426960,
  "original_filename": "user_bccd3b",
  "completion_status_in_filename": "email_submitted"
}