{
  "user_id": "user_bb5a9c",
  "file_name": "user_bb5a9c_1751951390_1751952324_fullycomplete",
  "unix_start_time": 1751951390,
  "unix_start_time_ms": 1751951390966,
  "unix_end_time": 1751952324,
  "unix_end_time_ms": 1751952324173,
  "age": "45-49",
  "gender": "male",
  "user_agent": "Mozilla/5.0 (Windows NT 10.0; Win64; x64) AppleWebKit/537.36 (KHTML, like Gecko) Chrome/138.0.0.0 Safari/537.36 Edg/138.0.0.0",
  "user_ip": "223.200.229.60",
  "status": "complete",
  "email_provided": "complete",
  "attention_passed": true,
  "start_time_readable": "2025-07-08 05:09:50.966",
  "end_time_readable": "2025-07-08 05:25:24.173",
  "total_labels": 52,
  "emotion_summary": {
    "anger": 10,
    "contempt": 17,
    "disgust": 9,
    "others": 16
  },
  "email": "0981068@gmail.com",
  "participation": "yes",
  "total_responses": 52,
  "responses": [
    {
      "image_path": "Moe-throws-Barney/Moe-throws-Barney_34.png",
      "label": "輕蔑",
      "response_time": "00:00:09.801",
      "timestamp_unix": 1751951812,
      "timestamp_unix_ms": 1751951812514,
      "timestamp_readable": "2025-07-08 05:16:52.514",
      "normalized_name": "Moe-throws-Barney/Moe-throws-Barney",
      "meme_name": "Moe-throws-Barney",
      "post_id": 34,
      "english_label": "contempt",
      "response_time_ms": 9801
    },
    {
      "image_path": "Surprised-Pikachu/Surprised-Pikachu_36.png",
      "label": "其他",
      "response_time": "00:00:13.008",
      "timestamp_unix": 1751951825,
      "timestamp_unix_ms": 1751951825625,
      "timestamp_readable": "2025-07-08 05:17:05.625",
      "normalized_name": "Surprised-Pikachu/Surprised-Pikachu",
      "meme_name": "Surprised-Pikachu",
      "post_id": 36,
      "english_label": "others",
      "response_time_ms": 13008
    },
    {
      "image_path": "Ill-Have-You-Know-Spongebob/Ill-Have-You-Know-Spongebob_24.png",
      "label": "輕蔑",
      "response_time": "00:00:08.006",
      "timestamp_unix": 1751951833,
      "timestamp_unix_ms": 1751951833710,
      "timestamp_readable": "2025-07-08 05:17:13.710",
      "normalized_name": "Ill-Have-You-Know-Spongebob/Ill-Have-You-Know-Spongebob",
      "meme_name": "Ill-Have-You-Know-Spongebob",
      "post_id": 24,
      "english_label": "contempt",
      "response_time_ms": 8006
    },
    {
      "image_path": "Scooby-doo-mask-reveal/Scooby-doo-mask-reveal_46.png",
      "label": "其他",
      "response_time": "00:00:10.400",
      "timestamp_unix": 1751951844,
      "timestamp_unix_ms": 1751951844160,
      "timestamp_readable": "2025-07-08 05:17:24.160",
      "normalized_name": "Scooby-doo-mask-reveal/Scooby-doo-mask-reveal",
      "meme_name": "Scooby-doo-mask-reveal",
      "post_id": 46,
      "english_label": "others",
      "response_time_ms": 10400
    },
    {
      "image_path": "Monkey-Puppet/Monkey-Puppet_11.png",
      "label": "其他",
      "response_time": "00:00:15.002",
      "timestamp_unix": 1751951859,
      "timestamp_unix_ms": 1751951859259,
      "timestamp_readable": "2025-07-08 05:17:39.259",
      "normalized_name": "Monkey-Puppet/Monkey-Puppet",
      "meme_name": "Monkey-Puppet",
      "post_id": 11,
      "english_label": "others",
      "response_time_ms": 15002
    },
    {
      "image_path": "DJ-Pauly-D/DJ-Pauly-D_33.png",
      "label": "其他",
      "response_time": "00:00:09.703",
      "timestamp_unix": 1751951869,
      "timestamp_unix_ms": 1751951869007,
      "timestamp_readable": "2025-07-08 05:17:49.007",
      "normalized_name": "DJ-Pauly-D/DJ-Pauly-D",
      "meme_name": "DJ-Pauly-D",
      "post_id": 33,
      "english_label": "others",
      "response_time_ms": 9703
    },
    {
      "image_path": "Disaster-Girl/Disaster-Girl_42.png",
      "label": "輕蔑",
      "response_time": "00:00:08.101",
      "timestamp_unix": 1751951877,
      "timestamp_unix_ms": 1751951877192,
      "timestamp_readable": "2025-07-08 05:17:57.192",
      "normalized_name": "Disaster-Girl/Disaster-Girl",
      "meme_name": "Disaster-Girl",
      "post_id": 42,
      "english_label": "contempt",
      "response_time_ms": 8101
    },
    {
      "image_path": "Dinkleberg/Dinkleberg_16.png",
      "label": "厭惡",
      "response_time": "00:00:09.601",
      "timestamp_unix": 1751951886,
      "timestamp_unix_ms": 1751951886875,
      "timestamp_readable": "2025-07-08 05:18:06.875",
      "normalized_name": "Dinkleberg/Dinkleberg",
      "meme_name": "Dinkleberg",
      "post_id": 16,
      "english_label": "disgust",
      "response_time_ms": 9601
    },
    {
      "image_path": "Afraid-To-Ask-Andy/Afraid-To-Ask-Andy_17.png",
      "label": "輕蔑",
      "response_time": "00:00:09.904",
      "timestamp_unix": 1751951896,
      "timestamp_unix_ms": 1751951896875,
      "timestamp_readable": "2025-07-08 05:18:16.875",
      "normalized_name": "Afraid-To-Ask-Andy/Afraid-To-Ask-Andy",
      "meme_name": "Afraid-To-Ask-Andy",
      "post_id": 17,
      "english_label": "contempt",
      "response_time_ms": 9904
    },
    {
      "image_path": "Happy--Shock/Happy--Shock_30.png",
      "label": "其他",
      "response_time": "00:00:08.903",
      "timestamp_unix": 1751951905,
      "timestamp_unix_ms": 1751951905892,
      "timestamp_readable": "2025-07-08 05:18:25.892",
      "normalized_name": "Happy--Shock/Happy--Shock",
      "meme_name": "Happy--Shock",
      "post_id": 30,
      "english_label": "others",
      "response_time_ms": 8903
    },
    {
      "image_path": "Chill-guy/Chill-guy_10.png",
      "label": "其他",
      "response_time": "00:00:05.102",
      "timestamp_unix": 1751951911,
      "timestamp_unix_ms": 1751951911108,
      "timestamp_readable": "2025-07-08 05:18:31.108",
      "normalized_name": "Chill-guy/Chill-guy",
      "meme_name": "Chill-guy",
      "post_id": 10,
      "english_label": "others",
      "response_time_ms": 5102
    },
    {
      "image_path": "Table-Flip-Guy/Table-Flip-Guy_27.png",
      "label": "憤怒",
      "response_time": "00:00:17.301",
      "timestamp_unix": 1751951928,
      "timestamp_unix_ms": 1751951928492,
      "timestamp_readable": "2025-07-08 05:18:48.492",
      "normalized_name": "Table-Flip-Guy/Table-Flip-Guy",
      "meme_name": "Table-Flip-Guy",
      "post_id": 27,
      "english_label": "anger",
      "response_time_ms": 17301
    },
    {
      "image_path": "Spiderman-Hospital/Spiderman-Hospital_6.png",
      "label": "其他",
      "response_time": "00:00:12.305",
      "timestamp_unix": 1751951940,
      "timestamp_unix_ms": 1751951940825,
      "timestamp_readable": "2025-07-08 05:19:00.825",
      "normalized_name": "Spiderman-Hospital/Spiderman-Hospital",
      "meme_name": "Spiderman-Hospital",
      "post_id": 6,
      "english_label": "others",
      "response_time_ms": 12305
    },
    {
      "image_path": "Disappointed-Man/Disappointed-Man_26.png",
      "label": "輕蔑",
      "response_time": "00:00:08.802",
      "timestamp_unix": 1751951949,
      "timestamp_unix_ms": 1751951949741,
      "timestamp_readable": "2025-07-08 05:19:09.741",
      "normalized_name": "Disappointed-Man/Disappointed-Man",
      "meme_name": "Disappointed-Man",
      "post_id": 26,
      "english_label": "contempt",
      "response_time_ms": 8802
    },
    {
      "image_path": "Always-you-three/Always-you-three_28.png",
      "label": "厭惡",
      "response_time": "00:00:18.405",
      "timestamp_unix": 1751951968,
      "timestamp_unix_ms": 1751951968225,
      "timestamp_readable": "2025-07-08 05:19:28.225",
      "normalized_name": "Always-you-three/Always-you-three",
      "meme_name": "Always-you-three",
      "post_id": 28,
      "english_label": "disgust",
      "response_time_ms": 18405
    },
    {
      "image_path": "Hide-the-Pain-Harold/Hide-the-Pain-Harold_47.png",
      "label": "其他",
      "response_time": "00:00:08.203",
      "timestamp_unix": 1751951976,
      "timestamp_unix_ms": 1751951976474,
      "timestamp_readable": "2025-07-08 05:19:36.474",
      "normalized_name": "Hide-the-Pain-Harold/Hide-the-Pain-Harold",
      "meme_name": "Hide-the-Pain-Harold",
      "post_id": 47,
      "english_label": "others",
      "response_time_ms": 8203
    },
    {
      "image_path": "Obi-Wan-Kenobi/Obi-Wan-Kenobi_29.png",
      "label": "其他",
      "response_time": "00:00:11.203",
      "timestamp_unix": 1751951987,
      "timestamp_unix_ms": 1751951987776,
      "timestamp_readable": "2025-07-08 05:19:47.776",
      "normalized_name": "Obi-Wan-Kenobi/Obi-Wan-Kenobi",
      "meme_name": "Obi-Wan-Kenobi",
      "post_id": 29,
      "english_label": "others",
      "response_time_ms": 11203
    },
    {
      "image_path": "Always-Has-Been/Always-Has-Been_21.png",
      "label": "厭惡",
      "response_time": "00:00:06.103",
      "timestamp_unix": 1751951993,
      "timestamp_unix_ms": 1751951993990,
      "timestamp_readable": "2025-07-08 05:19:53.990",
      "normalized_name": "Always-Has-Been/Always-Has-Been",
      "meme_name": "Always-Has-Been",
      "post_id": 21,
      "english_label": "disgust",
      "response_time_ms": 6103
    },
    {
      "image_path": "Archer/Archer_18.png",
      "label": "其他",
      "response_time": "00:00:10.405",
      "timestamp_unix": 1751952004,
      "timestamp_unix_ms": 1751952004456,
      "timestamp_readable": "2025-07-08 05:20:04.456",
      "normalized_name": "Archer/Archer",
      "meme_name": "Archer",
      "post_id": 18,
      "english_label": "others",
      "response_time_ms": 10405
    },
    {
      "image_path": "Khan/Khan_35.png",
      "label": "厭惡",
      "response_time": "00:00:17.105",
      "timestamp_unix": 1751952021,
      "timestamp_unix_ms": 1751952021624,
      "timestamp_readable": "2025-07-08 05:20:21.624",
      "normalized_name": "Khan/Khan",
      "meme_name": "Khan",
      "post_id": 35,
      "english_label": "disgust",
      "response_time_ms": 17105
    },
    {
      "image_path": "Kevin-Hart/Kevin-Hart_12.png",
      "label": "其他",
      "response_time": "00:00:05.802",
      "timestamp_unix": 1751952027,
      "timestamp_unix_ms": 1751952027473,
      "timestamp_readable": "2025-07-08 05:20:27.473",
      "normalized_name": "Kevin-Hart/Kevin-Hart",
      "meme_name": "Kevin-Hart",
      "post_id": 12,
      "english_label": "others",
      "response_time_ms": 5802
    },
    {
      "image_path": "Math-ladyConfused-lady/Math-ladyConfused-lady_45.png",
      "label": "其他",
      "response_time": "00:00:14.003",
      "timestamp_unix": 1751952041,
      "timestamp_unix_ms": 1751952041590,
      "timestamp_readable": "2025-07-08 05:20:41.590",
      "normalized_name": "Math-ladyConfused-lady/Math-ladyConfused-lady",
      "meme_name": "Math-ladyConfused-lady",
      "post_id": 45,
      "english_label": "others",
      "response_time_ms": 14003
    },
    {
      "image_path": "Laughing-wolf/Laughing-wolf_3.png",
      "label": "輕蔑",
      "response_time": "00:00:15.903",
      "timestamp_unix": 1751952057,
      "timestamp_unix_ms": 1751952057565,
      "timestamp_readable": "2025-07-08 05:20:57.565",
      "normalized_name": "Laughing-wolf/Laughing-wolf",
      "meme_name": "Laughing-wolf",
      "post_id": 3,
      "english_label": "contempt",
      "response_time_ms": 15903
    },
    {
      "image_path": "Spongebob-Yelling/Spongebob-Yelling_15.png",
      "label": "憤怒",
      "response_time": "00:00:08.207",
      "timestamp_unix": 1751952066,
      "timestamp_unix_ms": 1751952066024,
      "timestamp_readable": "2025-07-08 05:21:06.024",
      "normalized_name": "Spongebob-Yelling/Spongebob-Yelling",
      "meme_name": "Spongebob-Yelling",
      "post_id": 15,
      "english_label": "anger",
      "response_time_ms": 8207
    },
    {
      "image_path": "Futurama-Fry/Futurama-Fry_38.png",
      "label": "厭惡",
      "response_time": "00:00:10.202",
      "timestamp_unix": 1751952076,
      "timestamp_unix_ms": 1751952076319,
      "timestamp_readable": "2025-07-08 05:21:16.319",
      "normalized_name": "Futurama-Fry/Futurama-Fry",
      "meme_name": "Futurama-Fry",
      "post_id": 38,
      "english_label": "disgust",
      "response_time_ms": 10202
    },
    {
      "image_path": "attention_check/attention_check_Anger.png",
      "label": "憤怒",
      "response_time": "00:00:04.607",
      "timestamp_unix": 1751952081,
      "timestamp_unix_ms": 1751952081007,
      "timestamp_readable": "2025-07-08 05:21:21.007",
      "normalized_name": "attention_check/attention_check_Anger.png",
      "meme_name": "attention_check",
      "post_id": null,
      "english_label": "anger",
      "response_time_ms": 4607
    },
    {
      "image_path": "Gru-Gun/Gru-Gun_32.png",
      "label": "其他",
      "response_time": "00:00:11.603",
      "timestamp_unix": 1751952092,
      "timestamp_unix_ms": 1751952092724,
      "timestamp_readable": "2025-07-08 05:21:32.724",
      "normalized_name": "Gru-Gun/Gru-Gun",
      "meme_name": "Gru-Gun",
      "post_id": 32,
      "english_label": "others",
      "response_time_ms": 11603
    },
    {
      "image_path": "Persian-Cat-Room-Guardian/Persian-Cat-Room-Guardian_49.png",
      "label": "輕蔑",
      "response_time": "00:00:17.903",
      "timestamp_unix": 1751952110,
      "timestamp_unix_ms": 1751952110723,
      "timestamp_readable": "2025-07-08 05:21:50.723",
      "normalized_name": "Persian-Cat-Room-Guardian/Persian-Cat-Room-Guardian",
      "meme_name": "Persian-Cat-Room-Guardian",
      "post_id": 49,
      "english_label": "contempt",
      "response_time_ms": 17903
    },
    {
      "image_path": "Leonardo-Dicaprio-Wolf-Of-Wall-Street/Leonardo-Dicaprio-Wolf-Of-Wall-Street_31.png",
      "label": "輕蔑",
      "response_time": "00:00:05.203",
      "timestamp_unix": 1751952115,
      "timestamp_unix_ms": 1751952115988,
      "timestamp_readable": "2025-07-08 05:21:55.988",
      "normalized_name": "Leonardo-Dicaprio-Wolf-Of-Wall-Street/Leonardo-Dicaprio-Wolf-Of-Wall-Street",
      "meme_name": "Leonardo-Dicaprio-Wolf-Of-Wall-Street",
      "post_id": 31,
      "english_label": "contempt",
      "response_time_ms": 5203
    },
    {
      "image_path": "Hold-fart/Hold-fart_7.png",
      "label": "輕蔑",
      "response_time": "00:00:07.901",
      "timestamp_unix": 1751952124,
      "timestamp_unix_ms": 1751952124004,
      "timestamp_readable": "2025-07-08 05:22:04.004",
      "normalized_name": "Hold-fart/Hold-fart",
      "meme_name": "Hold-fart",
      "post_id": 7,
      "english_label": "contempt",
      "response_time_ms": 7901
    },
    {
      "image_path": "Angry-Baby/Angry-Baby_2.png",
      "label": "憤怒",
      "response_time": "00:00:08.705",
      "timestamp_unix": 1751952132,
      "timestamp_unix_ms": 1751952132789,
      "timestamp_readable": "2025-07-08 05:22:12.789",
      "normalized_name": "Angry-Baby/Angry-Baby",
      "meme_name": "Angry-Baby",
      "post_id": 2,
      "english_label": "anger",
      "response_time_ms": 8705
    },
    {
      "image_path": "Dave-chappelle/Dave-chappelle_40.png",
      "label": "輕蔑",
      "response_time": "00:00:11.103",
      "timestamp_unix": 1751952143,
      "timestamp_unix_ms": 1751952143957,
      "timestamp_readable": "2025-07-08 05:22:23.957",
      "normalized_name": "Dave-chappelle/Dave-chappelle",
      "meme_name": "Dave-chappelle",
      "post_id": 40,
      "english_label": "contempt",
      "response_time_ms": 11103
    },
    {
      "image_path": "Picard-Wtf/Picard-Wtf_22.png",
      "label": "厭惡",
      "response_time": "00:00:07.703",
      "timestamp_unix": 1751952151,
      "timestamp_unix_ms": 1751952151787,
      "timestamp_readable": "2025-07-08 05:22:31.787",
      "normalized_name": "Picard-Wtf/Picard-Wtf",
      "meme_name": "Picard-Wtf",
      "post_id": 22,
      "english_label": "disgust",
      "response_time_ms": 7703
    },
    {
      "image_path": "Put-It-Somewhere-Else-Patrick/Put-It-Somewhere-Else-Patrick_1.png",
      "label": "其他",
      "response_time": "00:00:13.803",
      "timestamp_unix": 1751952165,
      "timestamp_unix_ms": 1751952165653,
      "timestamp_readable": "2025-07-08 05:22:45.653",
      "normalized_name": "Put-It-Somewhere-Else-Patrick/Put-It-Somewhere-Else-Patrick",
      "meme_name": "Put-It-Somewhere-Else-Patrick",
      "post_id": 1,
      "english_label": "others",
      "response_time_ms": 13803
    },
    {
      "image_path": "Nuclear-Explosion/Nuclear-Explosion_44.png",
      "label": "憤怒",
      "response_time": "00:00:11.206",
      "timestamp_unix": 1751952176,
      "timestamp_unix_ms": 1751952176985,
      "timestamp_readable": "2025-07-08 05:22:56.985",
      "normalized_name": "Nuclear-Explosion/Nuclear-Explosion",
      "meme_name": "Nuclear-Explosion",
      "post_id": 44,
      "english_label": "anger",
      "response_time_ms": 11206
    },
    {
      "image_path": "Mr-McMahon-reaction/Mr-McMahon-reaction_25.png",
      "label": "厭惡",
      "response_time": "00:00:06.105",
      "timestamp_unix": 1751952183,
      "timestamp_unix_ms": 1751952183221,
      "timestamp_readable": "2025-07-08 05:23:03.221",
      "normalized_name": "Mr-McMahon-reaction/Mr-McMahon-reaction",
      "meme_name": "Mr-McMahon-reaction",
      "post_id": 25,
      "english_label": "disgust",
      "response_time_ms": 6105
    },
    {
      "image_path": "Thats-a-paddlin/Thats-a-paddlin_19.png",
      "label": "憤怒",
      "response_time": "00:00:07.200",
      "timestamp_unix": 1751952190,
      "timestamp_unix_ms": 1751952190539,
      "timestamp_readable": "2025-07-08 05:23:10.539",
      "normalized_name": "Thats-a-paddlin/Thats-a-paddlin",
      "meme_name": "Thats-a-paddlin",
      "post_id": 19,
      "english_label": "anger",
      "response_time_ms": 7200
    },
    {
      "image_path": "Smudge-the-cat/Smudge-the-cat_4.png",
      "label": "憤怒",
      "response_time": "00:00:05.001",
      "timestamp_unix": 1751952195,
      "timestamp_unix_ms": 1751952195654,
      "timestamp_readable": "2025-07-08 05:23:15.654",
      "normalized_name": "Smudge-the-cat/Smudge-the-cat",
      "meme_name": "Smudge-the-cat",
      "post_id": 4,
      "english_label": "anger",
      "response_time_ms": 5001
    },
    {
      "image_path": "Mr-incredible-mad/Mr-incredible-mad_13.png",
      "label": "憤怒",
      "response_time": "00:00:04.802",
      "timestamp_unix": 1751952200,
      "timestamp_unix_ms": 1751952200520,
      "timestamp_readable": "2025-07-08 05:23:20.520",
      "normalized_name": "Mr-incredible-mad/Mr-incredible-mad",
      "meme_name": "Mr-incredible-mad",
      "post_id": 13,
      "english_label": "anger",
      "response_time_ms": 4802
    },
    {
      "image_path": "Batman-Slapping-Robin/Batman-Slapping-Robin_50.png",
      "label": "憤怒",
      "response_time": "00:00:03.703",
      "timestamp_unix": 1751952204,
      "timestamp_unix_ms": 1751952204271,
      "timestamp_readable": "2025-07-08 05:23:24.271",
      "normalized_name": "Batman-Slapping-Robin/Batman-Slapping-Robin",
      "meme_name": "Batman-Slapping-Robin",
      "post_id": 50,
      "english_label": "anger",
      "response_time_ms": 3703
    },
    {
      "image_path": "Well-Yes-But-Actually-No/Well-Yes-But-Actually-No_14.png",
      "label": "輕蔑",
      "response_time": "00:00:03.902",
      "timestamp_unix": 1751952208,
      "timestamp_unix_ms": 1751952208236,
      "timestamp_readable": "2025-07-08 05:23:28.236",
      "normalized_name": "Well-Yes-But-Actually-No/Well-Yes-But-Actually-No",
      "meme_name": "Well-Yes-But-Actually-No",
      "post_id": 14,
      "english_label": "contempt",
      "response_time_ms": 3902
    },
    {
      "image_path": "Im-The-Captain-Now/Im-The-Captain-Now_41.png",
      "label": "其他",
      "response_time": "00:00:07.204",
      "timestamp_unix": 1751952215,
      "timestamp_unix_ms": 1751952215555,
      "timestamp_readable": "2025-07-08 05:23:35.555",
      "normalized_name": "Im-The-Captain-Now/Im-The-Captain-Now",
      "meme_name": "Im-The-Captain-Now",
      "post_id": 41,
      "english_label": "others",
      "response_time_ms": 7204
    },
    {
      "image_path": "Black-guy-hiding-behind-tree/Black-guy-hiding-behind-tree_37.png",
      "label": "輕蔑",
      "response_time": "00:00:10.902",
      "timestamp_unix": 1751952226,
      "timestamp_unix_ms": 1751952226537,
      "timestamp_readable": "2025-07-08 05:23:46.537",
      "normalized_name": "Black-guy-hiding-behind-tree/Black-guy-hiding-behind-tree",
      "meme_name": "Black-guy-hiding-behind-tree",
      "post_id": 37,
      "english_label": "contempt",
      "response_time_ms": 10902
    },
    {
      "image_path": "For-the-better-right-blank/For-the-better-right-blank_8.png",
      "label": "輕蔑",
      "response_time": "00:00:07.504",
      "timestamp_unix": 1751952234,
      "timestamp_unix_ms": 1751952234104,
      "timestamp_readable": "2025-07-08 05:23:54.104",
      "normalized_name": "For-the-better-right-blank/For-the-better-right-blank",
      "meme_name": "For-the-better-right-blank",
      "post_id": 8,
      "english_label": "contempt",
      "response_time_ms": 7504
    },
    {
      "image_path": "Mocking-Spongebob/Mocking-Spongebob_20.png",
      "label": "厭惡",
      "response_time": "00:00:05.405",
      "timestamp_unix": 1751952239,
      "timestamp_unix_ms": 1751952239624,
      "timestamp_readable": "2025-07-08 05:23:59.624",
      "normalized_name": "Mocking-Spongebob/Mocking-Spongebob",
      "meme_name": "Mocking-Spongebob",
      "post_id": 20,
      "english_label": "disgust",
      "response_time_ms": 5405
    },
    {
      "image_path": "Charlie-Day/Charlie-Day_39.png",
      "label": "厭惡",
      "response_time": "00:00:09.109",
      "timestamp_unix": 1751952248,
      "timestamp_unix_ms": 1751952248837,
      "timestamp_readable": "2025-07-08 05:24:08.837",
      "normalized_name": "Charlie-Day/Charlie-Day",
      "meme_name": "Charlie-Day",
      "post_id": 39,
      "english_label": "disgust",
      "response_time_ms": 9109
    },
    {
      "image_path": "Confused-Gandalf/Confused-Gandalf_23.png",
      "label": "其他",
      "response_time": "00:00:11.302",
      "timestamp_unix": 1751952260,
      "timestamp_unix_ms": 1751952260253,
      "timestamp_readable": "2025-07-08 05:24:20.253",
      "normalized_name": "Confused-Gandalf/Confused-Gandalf",
      "meme_name": "Confused-Gandalf",
      "post_id": 23,
      "english_label": "others",
      "response_time_ms": 11302
    },
    {
      "image_path": "I-am-once-again-asking/I-am-once-again-asking_43.png",
      "label": "輕蔑",
      "response_time": "00:00:06.903",
      "timestamp_unix": 1751952267,
      "timestamp_unix_ms": 1751952267271,
      "timestamp_readable": "2025-07-08 05:24:27.271",
      "normalized_name": "I-am-once-again-asking/I-am-once-again-asking",
      "meme_name": "I-am-once-again-asking",
      "post_id": 43,
      "english_label": "contempt",
      "response_time_ms": 6903
    },
    {
      "image_path": "You-The-Real-MVP/You-The-Real-MVP_48.png",
      "label": "輕蔑",
      "response_time": "00:00:08.202",
      "timestamp_unix": 1751952275,
      "timestamp_unix_ms": 1751952275604,
      "timestamp_readable": "2025-07-08 05:24:35.604",
      "normalized_name": "You-The-Real-MVP/You-The-Real-MVP",
      "meme_name": "You-The-Real-MVP",
      "post_id": 48,
      "english_label": "contempt",
      "response_time_ms": 8202
    },
    {
      "image_path": "attention_check/attention_check_Contempt.png",
      "label": "輕蔑",
      "response_time": "00:00:04.102",
      "timestamp_unix": 1751952279,
      "timestamp_unix_ms": 1751952279771,
      "timestamp_readable": "2025-07-08 05:24:39.771",
      "normalized_name": "attention_check/attention_check_Contempt.png",
      "meme_name": "attention_check",
      "post_id": null,
      "english_label": "contempt",
      "response_time_ms": 4102
    },
    {
      "image_path": "Arthur-Fist/Arthur-Fist_5.png",
      "label": "憤怒",
      "response_time": "00:00:17.301",
      "timestamp_unix": 1751952297,
      "timestamp_unix_ms": 1751952297203,
      "timestamp_readable": "2025-07-08 05:24:57.203",
      "normalized_name": "Arthur-Fist/Arthur-Fist",
      "meme_name": "Arthur-Fist",
      "post_id": 5,
      "english_label": "anger",
      "response_time_ms": 17301
    },
    {
      "image_path": "Drake-NoYes/Drake-NoYes_9.png",
      "label": "輕蔑",
      "response_time": "00:00:07.403",
      "timestamp_unix": 1751952304,
      "timestamp_unix_ms": 1751952304720,
      "timestamp_readable": "2025-07-08 05:25:04.720",
      "normalized_name": "Drake-NoYes/Drake-NoYes",
      "meme_name": "Drake-NoYes",
      "post_id": 9,
      "english_label": "contempt",
      "response_time_ms": 7403
    }
  ],
  "session_start_unix": 1751951390,
  "session_status": "completed",
  "last_updated_unix": 1751952324,
  "image_order": [
    "Spiderman-Hospital/Spiderman-Hospital_6.png",
    "Happy--Shock/Happy--Shock_30.png",
    "Chill-guy/Chill-guy_10.png",
    "I-am-once-again-asking/I-am-once-again-asking_43.png",
    "Math-ladyConfused-lady/Math-ladyConfused-lady_45.png",
    "Archer/Archer_18.png",
    "Leonardo-Dicaprio-Wolf-Of-Wall-Street/Leonardo-Dicaprio-Wolf-Of-Wall-Street_31.png",
    "Mocking-Spongebob/Mocking-Spongebob_20.png",
    "Afraid-To-Ask-Andy/Afraid-To-Ask-Andy_17.png",
    "Charlie-Day/Charlie-Day_39.png",
    "Always-Has-Been/Always-Has-Been_21.png",
    "Picard-Wtf/Picard-Wtf_22.png",
    "Batman-Slapping-Robin/Batman-Slapping-Robin_50.png",
    "For-the-better-right-blank/For-the-better-right-blank_8.png",
    "Drake-NoYes/Drake-NoYes_9.png",
    "Laughing-wolf/Laughing-wolf_3.png",
    "DJ-Pauly-D/DJ-Pauly-D_33.png",
    "Always-you-three/Always-you-three_28.png",
    "Disappointed-Man/Disappointed-Man_26.png",
    "Smudge-the-cat/Smudge-the-cat_4.png",
    "Thats-a-paddlin/Thats-a-paddlin_19.png",
    "Hide-the-Pain-Harold/Hide-the-Pain-Harold_47.png",
    "Hold-fart/Hold-fart_7.png",
    "Im-The-Captain-Now/Im-The-Captain-Now_41.png",
    "Obi-Wan-Kenobi/Obi-Wan-Kenobi_29.png",
    "attention_check/attention_check_Anger.png",
    "Spongebob-Yelling/Spongebob-Yelling_15.png",
    "Nuclear-Explosion/Nuclear-Explosion_44.png",
    "Dinkleberg/Dinkleberg_16.png",
    "Scooby-doo-mask-reveal/Scooby-doo-mask-reveal_46.png",
    "Disaster-Girl/Disaster-Girl_42.png",
    "Black-guy-hiding-behind-tree/Black-guy-hiding-behind-tree_37.png",
    "You-The-Real-MVP/You-The-Real-MVP_48.png",
    "Moe-throws-Barney/Moe-throws-Barney_34.png",
    "Ill-Have-You-Know-Spongebob/Ill-Have-You-Know-Spongebob_24.png",
    "Futurama-Fry/Futurama-Fry_38.png",
    "Monkey-Puppet/Monkey-Puppet_11.png",
    "Confused-Gandalf/Confused-Gandalf_23.png",
    "Mr-incredible-mad/Mr-incredible-mad_13.png",
    "Dave-chappelle/Dave-chappelle_40.png",
    "Surprised-Pikachu/Surprised-Pikachu_36.png",
    "Table-Flip-Guy/Table-Flip-Guy_27.png",
    "Kevin-Hart/Kevin-Hart_12.png",
    "Well-Yes-But-Actually-No/Well-Yes-But-Actually-No_14.png",
    "Mr-McMahon-reaction/Mr-McMahon-reaction_25.png",
    "Gru-Gun/Gru-Gun_32.png",
    "Persian-Cat-Room-Guardian/Persian-Cat-Room-Guardian_49.png",
    "Put-It-Somewhere-Else-Patrick/Put-It-Somewhere-Else-Patrick_1.png",
    "Angry-Baby/Angry-Baby_2.png",
    "attention_check/attention_check_Contempt.png",
    "Arthur-Fist/Arthur-Fist_5.png",
    "Khan/Khan_35.png"
  ],
  "completion_status": {
    "practice_completed": true,
    "game_started": true,
    "game_completed": true,
    "summary_viewed": true,
    "email_submitted": true
  },
  "timestamps_unix": {
    "registration_completed": 1751951390,
    "practice_started": 1751951390,
    "practice_completed": 1751951802,
    "game_started": 1751951802,
    "first_label": 1751951812,
    "last_label": 1751952304,
    "game_completed": 1751952308,
    "summary_viewed": 1751952308,
    "email_submitted": 1751952324,
    "session_end": 1751952324,
    "last_updated": 1751952324
  },
  "timestamps_unix_ms": {
    "registration_completed_ms": 1751951390966,
    "practice_started_ms": 1751951390996,
    "practice_completed_ms": 1751951802470,
    "game_started_ms": 1751951802476,
    "first_label_ms": 1751951812514,
    "last_label_ms": 1751952304720,
    "game_completed_ms": 1751952308080,
    "summary_viewed_ms": 1751952308086,
    "email_submitted_ms": 1751952324167,
    "session_end_ms": 1751952324167,
    "last_updated_ms": 1751952324167
  },
  "duration_stats_ms": {
    "total_session_duration_ms": 933201,
    "practice_duration_ms": 411474,
    "game_duration_ms": 505604,
    "labeling_duration_ms": 492206,
    "email_submission_duration_ms": 16081
  },
  "filename_updated_unix": 1751952308,
  "original_filename": "user_bb5a9c",
  "completion_status_in_filename": "email_submitted"
}