{
  "user_id": "user_8ec8fc",
  "file_name": "user_8ec8fc",
  "unix_start_time": 1749738414,
  "unix_start_time_ms": 1749738414823,
  "unix_end_time": null,
  "unix_end_time_ms": null,
  "age": "30-34",
  "gender": "female",
  "user_agent": "Mozilla/5.0 (iPhone; CPU iPhone OS 18_4 like Mac OS X) AppleWebKit/605.1.15 (KHTML, like Gecko) Mobile/22E240 [FBAN/FBIOS;FBAV/500.0.0.52.98;FBBV/696635672;FBDV/iPhone12,1;FBMD/iPhone;FBSN/iOS;FBSV/18.4;FBSS/2;FBID/phone;FBLC/zh_TW;FBOP/5;FBRV/700448384;IABMV/1]",
  "user_ip": "49.216.50.172",
  "status": "incomplete",
  "email_provided": "incomplete",
  "attention_passed": null,
  "start_time_readable": "2025-06-12 14:26:54.823",
  "end_time_readable": null,
  "total_labels": 0,
  "emotion_summary": {
    "anger": 0,
    "contempt": 0,
    "disgust": 0,
    "others": 0
  },
  "email": null,
  "participation": null,
  "total_responses": 0,
  "responses": [],
  "session_start_unix": 1749738414,
  "session_status": "active",
  "last_updated_unix": 1749738414,
  "image_order": [],
  "completion_status": {
    "practice_completed": false,
    "game_started": false,
    "game_completed": false,
    "summary_viewed": false,
    "email_submitted": false
  },
  "timestamps_unix": {
    "registration_completed": 1749738414,
    "practice_started": 1749738414,
    "practice_completed": null,
    "game_started": null,
    "first_label": null,
    "last_label": null,
    "game_completed": null,
    "summary_viewed": null,
    "email_submitted": null,
    "session_end": null,
    "last_updated": 1749738414
  },
  "timestamps_unix_ms": {
    "registration_completed_ms": 1749738414823,
    "practice_started_ms": 1749738414910,
    "practice_completed_ms": null,
    "game_started_ms": null,
    "first_label_ms": null,
    "last_label_ms": null,
    "game_completed_ms": null,
    "summary_viewed_ms": null,
    "email_submitted_ms": null,
    "session_end_ms": null,
    "last_updated_ms": 1749738414910
  },
  "duration_stats_ms": {
    "total_session_duration_ms": null,
    "practice_duration_ms": null,
    "game_duration_ms": null,
    "labeling_duration_ms": null,
    "email_submission_duration_ms": null
  }
}