{
  "user_id": "user_abac44",
  "file_name": "user_abac44_1749878375_1749879077_fullycomplete",
  "unix_start_time": 1749878375,
  "unix_start_time_ms": 1749878375707,
  "unix_end_time": 1749879077,
  "unix_end_time_ms": 1749879077670,
  "age": "18-24",
  "gender": "female",
  "user_agent": "Mozilla/5.0 (Macintosh; Intel Mac OS X 10_15_7) AppleWebKit/537.36 (KHTML, like Gecko) Chrome/134.0.0.0 Safari/537.36",
  "user_ip": "101.14.5.199",
  "status": "complete",
  "email_provided": "complete",
  "attention_passed": true,
  "start_time_readable": "2025-06-14 05:19:35.707",
  "end_time_readable": "2025-06-14 05:31:17.670",
  "total_labels": 52,
  "emotion_summary": {
    "anger": 11,
    "contempt": 17,
    "disgust": 13,
    "others": 11
  },
  "email": "christina9.ns10@nycu.edu.tw",
  "participation": "yes",
  "total_responses": 52,
  "responses": [
    {
      "image_path": "Spiderman-Hospital/Spiderman-Hospital_31.png",
      "label": "其他",
      "response_time": "00:00:15.900",
      "timestamp_unix": 1749878459,
      "timestamp_unix_ms": 1749878459274,
      "timestamp_readable": "2025-06-14 05:20:59.274",
      "normalized_name": "Spiderman-Hospital/Spiderman-Hospital",
      "meme_name": "Spiderman-Hospital",
      "post_id": 31,
      "english_label": "others",
      "response_time_ms": 15900
    },
    {
      "image_path": "Black-guy-hiding-behind-tree/Black-guy-hiding-behind-tree_12.png",
      "label": "輕蔑",
      "response_time": "00:00:09.600",
      "timestamp_unix": 1749878469,
      "timestamp_unix_ms": 1749878469228,
      "timestamp_readable": "2025-06-14 05:21:09.228",
      "normalized_name": "Black-guy-hiding-behind-tree/Black-guy-hiding-behind-tree",
      "meme_name": "Black-guy-hiding-behind-tree",
      "post_id": 12,
      "english_label": "contempt",
      "response_time_ms": 9600
    },
    {
      "image_path": "DJ-Pauly-D/DJ-Pauly-D_6.png",
      "label": "憤怒",
      "response_time": "00:00:15.101",
      "timestamp_unix": 1749878484,
      "timestamp_unix_ms": 1749878484818,
      "timestamp_readable": "2025-06-14 05:21:24.818",
      "normalized_name": "DJ-Pauly-D/DJ-Pauly-D",
      "meme_name": "DJ-Pauly-D",
      "post_id": 6,
      "english_label": "anger",
      "response_time_ms": 15101
    },
    {
      "image_path": "Confused-Gandalf/Confused-Gandalf_40.png",
      "label": "其他",
      "response_time": "00:00:20.401",
      "timestamp_unix": 1749878505,
      "timestamp_unix_ms": 1749878505611,
      "timestamp_readable": "2025-06-14 05:21:45.611",
      "normalized_name": "Confused-Gandalf/Confused-Gandalf",
      "meme_name": "Confused-Gandalf",
      "post_id": 40,
      "english_label": "others",
      "response_time_ms": 20401
    },
    {
      "image_path": "Drake-NoYes/Drake-NoYes_49.png",
      "label": "輕蔑",
      "response_time": "00:00:13.601",
      "timestamp_unix": 1749878519,
      "timestamp_unix_ms": 1749878519550,
      "timestamp_readable": "2025-06-14 05:21:59.550",
      "normalized_name": "Drake-NoYes/Drake-NoYes",
      "meme_name": "Drake-NoYes",
      "post_id": 49,
      "english_label": "contempt",
      "response_time_ms": 13601
    },
    {
      "image_path": "Khan/Khan_14.png",
      "label": "憤怒",
      "response_time": "00:00:09.202",
      "timestamp_unix": 1749878529,
      "timestamp_unix_ms": 1749878529055,
      "timestamp_readable": "2025-06-14 05:22:09.055",
      "normalized_name": "Khan/Khan",
      "meme_name": "Khan",
      "post_id": 14,
      "english_label": "anger",
      "response_time_ms": 9202
    },
    {
      "image_path": "Batman-Slapping-Robin/Batman-Slapping-Robin_48.png",
      "label": "輕蔑",
      "response_time": "00:00:13.100",
      "timestamp_unix": 1749878542,
      "timestamp_unix_ms": 1749878542442,
      "timestamp_readable": "2025-06-14 05:22:22.442",
      "normalized_name": "Batman-Slapping-Robin/Batman-Slapping-Robin",
      "meme_name": "Batman-Slapping-Robin",
      "post_id": 48,
      "english_label": "contempt",
      "response_time_ms": 13100
    },
    {
      "image_path": "Mr-McMahon-reaction/Mr-McMahon-reaction_30.png",
      "label": "其他",
      "response_time": "00:00:11.500",
      "timestamp_unix": 1749878554,
      "timestamp_unix_ms": 1749878554230,
      "timestamp_readable": "2025-06-14 05:22:34.230",
      "normalized_name": "Mr-McMahon-reaction/Mr-McMahon-reaction",
      "meme_name": "Mr-McMahon-reaction",
      "post_id": 30,
      "english_label": "others",
      "response_time_ms": 11500
    },
    {
      "image_path": "Dave-chappelle/Dave-chappelle_27.png",
      "label": "厭惡",
      "response_time": "00:00:09.101",
      "timestamp_unix": 1749878563,
      "timestamp_unix_ms": 1749878563666,
      "timestamp_readable": "2025-06-14 05:22:43.666",
      "normalized_name": "Dave-chappelle/Dave-chappelle",
      "meme_name": "Dave-chappelle",
      "post_id": 27,
      "english_label": "disgust",
      "response_time_ms": 9101
    },
    {
      "image_path": "I-am-once-again-asking/I-am-once-again-asking_19.png",
      "label": "其他",
      "response_time": "00:00:16.401",
      "timestamp_unix": 1749878580,
      "timestamp_unix_ms": 1749878580300,
      "timestamp_readable": "2025-06-14 05:23:00.300",
      "normalized_name": "I-am-once-again-asking/I-am-once-again-asking",
      "meme_name": "I-am-once-again-asking",
      "post_id": 19,
      "english_label": "others",
      "response_time_ms": 16401
    },
    {
      "image_path": "Nuclear-Explosion/Nuclear-Explosion_47.png",
      "label": "憤怒",
      "response_time": "00:00:13.601",
      "timestamp_unix": 1749878594,
      "timestamp_unix_ms": 1749878594225,
      "timestamp_readable": "2025-06-14 05:23:14.225",
      "normalized_name": "Nuclear-Explosion/Nuclear-Explosion",
      "meme_name": "Nuclear-Explosion",
      "post_id": 47,
      "english_label": "anger",
      "response_time_ms": 13601
    },
    {
      "image_path": "Hold-fart/Hold-fart_10.png",
      "label": "輕蔑",
      "response_time": "00:00:07.901",
      "timestamp_unix": 1749878602,
      "timestamp_unix_ms": 1749878602424,
      "timestamp_readable": "2025-06-14 05:23:22.424",
      "normalized_name": "Hold-fart/Hold-fart",
      "meme_name": "Hold-fart",
      "post_id": 10,
      "english_label": "contempt",
      "response_time_ms": 7901
    },
    {
      "image_path": "Kevin-Hart/Kevin-Hart_38.png",
      "label": "其他",
      "response_time": "00:00:11.901",
      "timestamp_unix": 1749878614,
      "timestamp_unix_ms": 1749878614595,
      "timestamp_readable": "2025-06-14 05:23:34.595",
      "normalized_name": "Kevin-Hart/Kevin-Hart",
      "meme_name": "Kevin-Hart",
      "post_id": 38,
      "english_label": "others",
      "response_time_ms": 11901
    },
    {
      "image_path": "Persian-Cat-Room-Guardian/Persian-Cat-Room-Guardian_35.png",
      "label": "輕蔑",
      "response_time": "00:00:11.201",
      "timestamp_unix": 1749878626,
      "timestamp_unix_ms": 1749878626058,
      "timestamp_readable": "2025-06-14 05:23:46.058",
      "normalized_name": "Persian-Cat-Room-Guardian/Persian-Cat-Room-Guardian",
      "meme_name": "Persian-Cat-Room-Guardian",
      "post_id": 35,
      "english_label": "contempt",
      "response_time_ms": 11201
    },
    {
      "image_path": "You-The-Real-MVP/You-The-Real-MVP_41.png",
      "label": "其他",
      "response_time": "00:00:06.801",
      "timestamp_unix": 1749878633,
      "timestamp_unix_ms": 1749878633132,
      "timestamp_readable": "2025-06-14 05:23:53.132",
      "normalized_name": "You-The-Real-MVP/You-The-Real-MVP",
      "meme_name": "You-The-Real-MVP",
      "post_id": 41,
      "english_label": "others",
      "response_time_ms": 6801
    },
    {
      "image_path": "Spongebob-Yelling/Spongebob-Yelling_8.png",
      "label": "憤怒",
      "response_time": "00:00:14.700",
      "timestamp_unix": 1749878648,
      "timestamp_unix_ms": 1749878648205,
      "timestamp_readable": "2025-06-14 05:24:08.205",
      "normalized_name": "Spongebob-Yelling/Spongebob-Yelling",
      "meme_name": "Spongebob-Yelling",
      "post_id": 8,
      "english_label": "anger",
      "response_time_ms": 14700
    },
    {
      "image_path": "Moe-throws-Barney/Moe-throws-Barney_11.png",
      "label": "輕蔑",
      "response_time": "00:00:08.001",
      "timestamp_unix": 1749878656,
      "timestamp_unix_ms": 1749878656417,
      "timestamp_readable": "2025-06-14 05:24:16.417",
      "normalized_name": "Moe-throws-Barney/Moe-throws-Barney",
      "meme_name": "Moe-throws-Barney",
      "post_id": 11,
      "english_label": "contempt",
      "response_time_ms": 8001
    },
    {
      "image_path": "Surprised-Pikachu/Surprised-Pikachu_34.png",
      "label": "輕蔑",
      "response_time": "00:00:11.100",
      "timestamp_unix": 1749878668,
      "timestamp_unix_ms": 1749878668197,
      "timestamp_readable": "2025-06-14 05:24:28.197",
      "normalized_name": "Surprised-Pikachu/Surprised-Pikachu",
      "meme_name": "Surprised-Pikachu",
      "post_id": 34,
      "english_label": "contempt",
      "response_time_ms": 11100
    },
    {
      "image_path": "Put-It-Somewhere-Else-Patrick/Put-It-Somewhere-Else-Patrick_13.png",
      "label": "厭惡",
      "response_time": "00:00:04.700",
      "timestamp_unix": 1749878673,
      "timestamp_unix_ms": 1749878673116,
      "timestamp_readable": "2025-06-14 05:24:33.116",
      "normalized_name": "Put-It-Somewhere-Else-Patrick/Put-It-Somewhere-Else-Patrick",
      "meme_name": "Put-It-Somewhere-Else-Patrick",
      "post_id": 13,
      "english_label": "disgust",
      "response_time_ms": 4700
    },
    {
      "image_path": "Arthur-Fist/Arthur-Fist_37.png",
      "label": "憤怒",
      "response_time": "00:00:17.701",
      "timestamp_unix": 1749878691,
      "timestamp_unix_ms": 1749878691116,
      "timestamp_readable": "2025-06-14 05:24:51.116",
      "normalized_name": "Arthur-Fist/Arthur-Fist",
      "meme_name": "Arthur-Fist",
      "post_id": 37,
      "english_label": "anger",
      "response_time_ms": 17701
    },
    {
      "image_path": "attention_check/attention_check_Others.png",
      "label": "其他",
      "response_time": "00:00:10.202",
      "timestamp_unix": 1749878701,
      "timestamp_unix_ms": 1749878701692,
      "timestamp_readable": "2025-06-14 05:25:01.692",
      "normalized_name": "attention_check/attention_check_Others.png",
      "meme_name": "attention_check",
      "post_id": null,
      "english_label": "others",
      "response_time_ms": 10202
    },
    {
      "image_path": "Laughing-wolf/Laughing-wolf_33.png",
      "label": "輕蔑",
      "response_time": "00:00:08.601",
      "timestamp_unix": 1749878710,
      "timestamp_unix_ms": 1749878710561,
      "timestamp_readable": "2025-06-14 05:25:10.561",
      "normalized_name": "Laughing-wolf/Laughing-wolf",
      "meme_name": "Laughing-wolf",
      "post_id": 33,
      "english_label": "contempt",
      "response_time_ms": 8601
    },
    {
      "image_path": "Dinkleberg/Dinkleberg_20.png",
      "label": "厭惡",
      "response_time": "00:00:09.101",
      "timestamp_unix": 1749878719,
      "timestamp_unix_ms": 1749878719928,
      "timestamp_readable": "2025-06-14 05:25:19.928",
      "normalized_name": "Dinkleberg/Dinkleberg",
      "meme_name": "Dinkleberg",
      "post_id": 20,
      "english_label": "disgust",
      "response_time_ms": 9101
    },
    {
      "image_path": "Well-Yes-But-Actually-No/Well-Yes-But-Actually-No_43.png",
      "label": "輕蔑",
      "response_time": "00:00:07.302",
      "timestamp_unix": 1749878727,
      "timestamp_unix_ms": 1749878727461,
      "timestamp_readable": "2025-06-14 05:25:27.461",
      "normalized_name": "Well-Yes-But-Actually-No/Well-Yes-But-Actually-No",
      "meme_name": "Well-Yes-But-Actually-No",
      "post_id": 43,
      "english_label": "contempt",
      "response_time_ms": 7302
    },
    {
      "image_path": "Disappointed-Man/Disappointed-Man_22.png",
      "label": "厭惡",
      "response_time": "00:00:09.101",
      "timestamp_unix": 1749878736,
      "timestamp_unix_ms": 1749878736838,
      "timestamp_readable": "2025-06-14 05:25:36.838",
      "normalized_name": "Disappointed-Man/Disappointed-Man",
      "meme_name": "Disappointed-Man",
      "post_id": 22,
      "english_label": "disgust",
      "response_time_ms": 9101
    },
    {
      "image_path": "Archer/Archer_45.png",
      "label": "輕蔑",
      "response_time": "00:00:07.700",
      "timestamp_unix": 1749878744,
      "timestamp_unix_ms": 1749878744809,
      "timestamp_readable": "2025-06-14 05:25:44.809",
      "normalized_name": "Archer/Archer",
      "meme_name": "Archer",
      "post_id": 45,
      "english_label": "contempt",
      "response_time_ms": 7700
    },
    {
      "image_path": "Table-Flip-Guy/Table-Flip-Guy_50.png",
      "label": "憤怒",
      "response_time": "00:00:10.501",
      "timestamp_unix": 1749878755,
      "timestamp_unix_ms": 1749878755530,
      "timestamp_readable": "2025-06-14 05:25:55.530",
      "normalized_name": "Table-Flip-Guy/Table-Flip-Guy",
      "meme_name": "Table-Flip-Guy",
      "post_id": 50,
      "english_label": "anger",
      "response_time_ms": 10501
    },
    {
      "image_path": "Obi-Wan-Kenobi/Obi-Wan-Kenobi_36.png",
      "label": "其他",
      "response_time": "00:00:07.801",
      "timestamp_unix": 1749878763,
      "timestamp_unix_ms": 1749878763551,
      "timestamp_readable": "2025-06-14 05:26:03.551",
      "normalized_name": "Obi-Wan-Kenobi/Obi-Wan-Kenobi",
      "meme_name": "Obi-Wan-Kenobi",
      "post_id": 36,
      "english_label": "others",
      "response_time_ms": 7801
    },
    {
      "image_path": "Always-you-three/Always-you-three_1.png",
      "label": "輕蔑",
      "response_time": "00:00:12.501",
      "timestamp_unix": 1749878776,
      "timestamp_unix_ms": 1749878776296,
      "timestamp_readable": "2025-06-14 05:26:16.296",
      "normalized_name": "Always-you-three/Always-you-three",
      "meme_name": "Always-you-three",
      "post_id": 1,
      "english_label": "contempt",
      "response_time_ms": 12501
    },
    {
      "image_path": "Disaster-Girl/Disaster-Girl_2.png",
      "label": "輕蔑",
      "response_time": "00:00:14.301",
      "timestamp_unix": 1749878790,
      "timestamp_unix_ms": 1749878790791,
      "timestamp_readable": "2025-06-14 05:26:30.791",
      "normalized_name": "Disaster-Girl/Disaster-Girl",
      "meme_name": "Disaster-Girl",
      "post_id": 2,
      "english_label": "contempt",
      "response_time_ms": 14301
    },
    {
      "image_path": "For-the-better-right-blank/For-the-better-right-blank_15.png",
      "label": "憤怒",
      "response_time": "00:00:14.600",
      "timestamp_unix": 1749878805,
      "timestamp_unix_ms": 1749878805766,
      "timestamp_readable": "2025-06-14 05:26:45.766",
      "normalized_name": "For-the-better-right-blank/For-the-better-right-blank",
      "meme_name": "For-the-better-right-blank",
      "post_id": 15,
      "english_label": "anger",
      "response_time_ms": 14600
    },
    {
      "image_path": "Mocking-Spongebob/Mocking-Spongebob_28.png",
      "label": "輕蔑",
      "response_time": "00:00:13.701",
      "timestamp_unix": 1749878819,
      "timestamp_unix_ms": 1749878819882,
      "timestamp_readable": "2025-06-14 05:26:59.882",
      "normalized_name": "Mocking-Spongebob/Mocking-Spongebob",
      "meme_name": "Mocking-Spongebob",
      "post_id": 28,
      "english_label": "contempt",
      "response_time_ms": 13701
    },
    {
      "image_path": "Scooby-doo-mask-reveal/Scooby-doo-mask-reveal_4.png",
      "label": "厭惡",
      "response_time": "00:00:10.501",
      "timestamp_unix": 1749878830,
      "timestamp_unix_ms": 1749878830655,
      "timestamp_readable": "2025-06-14 05:27:10.655",
      "normalized_name": "Scooby-doo-mask-reveal/Scooby-doo-mask-reveal",
      "meme_name": "Scooby-doo-mask-reveal",
      "post_id": 4,
      "english_label": "disgust",
      "response_time_ms": 10501
    },
    {
      "image_path": "Math-ladyConfused-lady/Math-ladyConfused-lady_42.png",
      "label": "其他",
      "response_time": "00:00:11.300",
      "timestamp_unix": 1749878842,
      "timestamp_unix_ms": 1749878842273,
      "timestamp_readable": "2025-06-14 05:27:22.273",
      "normalized_name": "Math-ladyConfused-lady/Math-ladyConfused-lady",
      "meme_name": "Math-ladyConfused-lady",
      "post_id": 42,
      "english_label": "others",
      "response_time_ms": 11300
    },
    {
      "image_path": "Picard-Wtf/Picard-Wtf_29.png",
      "label": "輕蔑",
      "response_time": "00:00:06.101",
      "timestamp_unix": 1749878848,
      "timestamp_unix_ms": 1749878848624,
      "timestamp_readable": "2025-06-14 05:27:28.624",
      "normalized_name": "Picard-Wtf/Picard-Wtf",
      "meme_name": "Picard-Wtf",
      "post_id": 29,
      "english_label": "contempt",
      "response_time_ms": 6101
    },
    {
      "image_path": "Ill-Have-You-Know-Spongebob/Ill-Have-You-Know-Spongebob_46.png",
      "label": "厭惡",
      "response_time": "00:00:07.001",
      "timestamp_unix": 1749878855,
      "timestamp_unix_ms": 1749878855934,
      "timestamp_readable": "2025-06-14 05:27:35.934",
      "normalized_name": "Ill-Have-You-Know-Spongebob/Ill-Have-You-Know-Spongebob",
      "meme_name": "Ill-Have-You-Know-Spongebob",
      "post_id": 46,
      "english_label": "disgust",
      "response_time_ms": 7001
    },
    {
      "image_path": "Mr-incredible-mad/Mr-incredible-mad_18.png",
      "label": "厭惡",
      "response_time": "00:00:13.901",
      "timestamp_unix": 1749878870,
      "timestamp_unix_ms": 1749878870192,
      "timestamp_readable": "2025-06-14 05:27:50.192",
      "normalized_name": "Mr-incredible-mad/Mr-incredible-mad",
      "meme_name": "Mr-incredible-mad",
      "post_id": 18,
      "english_label": "disgust",
      "response_time_ms": 13901
    },
    {
      "image_path": "Monkey-Puppet/Monkey-Puppet_9.png",
      "label": "厭惡",
      "response_time": "00:00:06.001",
      "timestamp_unix": 1749878876,
      "timestamp_unix_ms": 1749878876541,
      "timestamp_readable": "2025-06-14 05:27:56.541",
      "normalized_name": "Monkey-Puppet/Monkey-Puppet",
      "meme_name": "Monkey-Puppet",
      "post_id": 9,
      "english_label": "disgust",
      "response_time_ms": 6001
    },
    {
      "image_path": "Thats-a-paddlin/Thats-a-paddlin_21.png",
      "label": "輕蔑",
      "response_time": "00:00:14.101",
      "timestamp_unix": 1749878890,
      "timestamp_unix_ms": 1749878890964,
      "timestamp_readable": "2025-06-14 05:28:10.964",
      "normalized_name": "Thats-a-paddlin/Thats-a-paddlin",
      "meme_name": "Thats-a-paddlin",
      "post_id": 21,
      "english_label": "contempt",
      "response_time_ms": 14101
    },
    {
      "image_path": "Hide-the-Pain-Harold/Hide-the-Pain-Harold_16.png",
      "label": "輕蔑",
      "response_time": "00:00:13.201",
      "timestamp_unix": 1749878904,
      "timestamp_unix_ms": 1749878904554,
      "timestamp_readable": "2025-06-14 05:28:24.554",
      "normalized_name": "Hide-the-Pain-Harold/Hide-the-Pain-Harold",
      "meme_name": "Hide-the-Pain-Harold",
      "post_id": 16,
      "english_label": "contempt",
      "response_time_ms": 13201
    },
    {
      "image_path": "Leonardo-Dicaprio-Wolf-Of-Wall-Street/Leonardo-Dicaprio-Wolf-Of-Wall-Street_3.png",
      "label": "厭惡",
      "response_time": "00:00:19.800",
      "timestamp_unix": 1749878924,
      "timestamp_unix_ms": 1749878924691,
      "timestamp_readable": "2025-06-14 05:28:44.691",
      "normalized_name": "Leonardo-Dicaprio-Wolf-Of-Wall-Street/Leonardo-Dicaprio-Wolf-Of-Wall-Street",
      "meme_name": "Leonardo-Dicaprio-Wolf-Of-Wall-Street",
      "post_id": 3,
      "english_label": "disgust",
      "response_time_ms": 19800
    },
    {
      "image_path": "Gru-Gun/Gru-Gun_26.png",
      "label": "憤怒",
      "response_time": "00:00:08.001",
      "timestamp_unix": 1749878932,
      "timestamp_unix_ms": 1749878932961,
      "timestamp_readable": "2025-06-14 05:28:52.961",
      "normalized_name": "Gru-Gun/Gru-Gun",
      "meme_name": "Gru-Gun",
      "post_id": 26,
      "english_label": "anger",
      "response_time_ms": 8001
    },
    {
      "image_path": "Afraid-To-Ask-Andy/Afraid-To-Ask-Andy_5.png",
      "label": "憤怒",
      "response_time": "00:00:06.500",
      "timestamp_unix": 1749878939,
      "timestamp_unix_ms": 1749878939773,
      "timestamp_readable": "2025-06-14 05:28:59.773",
      "normalized_name": "Afraid-To-Ask-Andy/Afraid-To-Ask-Andy",
      "meme_name": "Afraid-To-Ask-Andy",
      "post_id": 5,
      "english_label": "anger",
      "response_time_ms": 6500
    },
    {
      "image_path": "Always-Has-Been/Always-Has-Been_32.png",
      "label": "其他",
      "response_time": "00:00:24.301",
      "timestamp_unix": 1749878964,
      "timestamp_unix_ms": 1749878964411,
      "timestamp_readable": "2025-06-14 05:29:24.411",
      "normalized_name": "Always-Has-Been/Always-Has-Been",
      "meme_name": "Always-Has-Been",
      "post_id": 32,
      "english_label": "others",
      "response_time_ms": 24301
    },
    {
      "image_path": "Charlie-Day/Charlie-Day_44.png",
      "label": "厭惡",
      "response_time": "00:00:06.402",
      "timestamp_unix": 1749878971,
      "timestamp_unix_ms": 1749878971091,
      "timestamp_readable": "2025-06-14 05:29:31.091",
      "normalized_name": "Charlie-Day/Charlie-Day",
      "meme_name": "Charlie-Day",
      "post_id": 44,
      "english_label": "disgust",
      "response_time_ms": 6402
    },
    {
      "image_path": "attention_check/attention_check_Disgust.png",
      "label": "厭惡",
      "response_time": "00:00:09.101",
      "timestamp_unix": 1749878980,
      "timestamp_unix_ms": 1749878980370,
      "timestamp_readable": "2025-06-14 05:29:40.370",
      "normalized_name": "attention_check/attention_check_Disgust.png",
      "meme_name": "attention_check",
      "post_id": null,
      "english_label": "disgust",
      "response_time_ms": 9101
    },
    {
      "image_path": "Happy--Shock/Happy--Shock_7.png",
      "label": "輕蔑",
      "response_time": "00:00:11.301",
      "timestamp_unix": 1749878992,
      "timestamp_unix_ms": 1749878992069,
      "timestamp_readable": "2025-06-14 05:29:52.069",
      "normalized_name": "Happy--Shock/Happy--Shock",
      "meme_name": "Happy--Shock",
      "post_id": 7,
      "english_label": "contempt",
      "response_time_ms": 11301
    },
    {
      "image_path": "Futurama-Fry/Futurama-Fry_39.png",
      "label": "厭惡",
      "response_time": "00:00:09.501",
      "timestamp_unix": 1749879001,
      "timestamp_unix_ms": 1749879001809,
      "timestamp_readable": "2025-06-14 05:30:01.809",
      "normalized_name": "Futurama-Fry/Futurama-Fry",
      "meme_name": "Futurama-Fry",
      "post_id": 39,
      "english_label": "disgust",
      "response_time_ms": 9501
    },
    {
      "image_path": "Chill-guy/Chill-guy_24.png",
      "label": "憤怒",
      "response_time": "00:00:07.901",
      "timestamp_unix": 1749879010,
      "timestamp_unix_ms": 1749879010002,
      "timestamp_readable": "2025-06-14 05:30:10.002",
      "normalized_name": "Chill-guy/Chill-guy",
      "meme_name": "Chill-guy",
      "post_id": 24,
      "english_label": "anger",
      "response_time_ms": 7901
    },
    {
      "image_path": "Smudge-the-cat/Smudge-the-cat_25.png",
      "label": "厭惡",
      "response_time": "00:00:08.801",
      "timestamp_unix": 1749879019,
      "timestamp_unix_ms": 1749879019106,
      "timestamp_readable": "2025-06-14 05:30:19.106",
      "normalized_name": "Smudge-the-cat/Smudge-the-cat",
      "meme_name": "Smudge-the-cat",
      "post_id": 25,
      "english_label": "disgust",
      "response_time_ms": 8801
    },
    {
      "image_path": "Angry-Baby/Angry-Baby_23.png",
      "label": "憤怒",
      "response_time": "00:00:15.101",
      "timestamp_unix": 1749879034,
      "timestamp_unix_ms": 1749879034498,
      "timestamp_readable": "2025-06-14 05:30:34.498",
      "normalized_name": "Angry-Baby/Angry-Baby",
      "meme_name": "Angry-Baby",
      "post_id": 23,
      "english_label": "anger",
      "response_time_ms": 15101
    },
    {
      "image_path": "Im-The-Captain-Now/Im-The-Captain-Now_17.png",
      "label": "其他",
      "response_time": "00:00:10.301",
      "timestamp_unix": 1749879045,
      "timestamp_unix_ms": 1749879045241,
      "timestamp_readable": "2025-06-14 05:30:45.241",
      "normalized_name": "Im-The-Captain-Now/Im-The-Captain-Now",
      "meme_name": "Im-The-Captain-Now",
      "post_id": 17,
      "english_label": "others",
      "response_time_ms": 10301
    }
  ],
  "session_start_unix": 1749878375,
  "session_status": "completed",
  "last_updated_unix": 1749879077,
  "image_order": [
    "Spiderman-Hospital/Spiderman-Hospital_31.png",
    "Happy--Shock/Happy--Shock_7.png",
    "Chill-guy/Chill-guy_24.png",
    "I-am-once-again-asking/I-am-once-again-asking_19.png",
    "Math-ladyConfused-lady/Math-ladyConfused-lady_42.png",
    "Archer/Archer_45.png",
    "Leonardo-Dicaprio-Wolf-Of-Wall-Street/Leonardo-Dicaprio-Wolf-Of-Wall-Street_3.png",
    "Mocking-Spongebob/Mocking-Spongebob_28.png",
    "Afraid-To-Ask-Andy/Afraid-To-Ask-Andy_5.png",
    "Charlie-Day/Charlie-Day_44.png",
    "Always-Has-Been/Always-Has-Been_32.png",
    "Picard-Wtf/Picard-Wtf_29.png",
    "Batman-Slapping-Robin/Batman-Slapping-Robin_48.png",
    "For-the-better-right-blank/For-the-better-right-blank_15.png",
    "Drake-NoYes/Drake-NoYes_49.png",
    "Laughing-wolf/Laughing-wolf_33.png",
    "DJ-Pauly-D/DJ-Pauly-D_6.png",
    "Always-you-three/Always-you-three_1.png",
    "Disappointed-Man/Disappointed-Man_22.png",
    "Smudge-the-cat/Smudge-the-cat_25.png",
    "attention_check/attention_check_Others.png",
    "Thats-a-paddlin/Thats-a-paddlin_21.png",
    "Hide-the-Pain-Harold/Hide-the-Pain-Harold_16.png",
    "Hold-fart/Hold-fart_10.png",
    "Im-The-Captain-Now/Im-The-Captain-Now_17.png",
    "Obi-Wan-Kenobi/Obi-Wan-Kenobi_36.png",
    "Spongebob-Yelling/Spongebob-Yelling_8.png",
    "Nuclear-Explosion/Nuclear-Explosion_47.png",
    "Dinkleberg/Dinkleberg_20.png",
    "Scooby-doo-mask-reveal/Scooby-doo-mask-reveal_4.png",
    "Disaster-Girl/Disaster-Girl_2.png",
    "Black-guy-hiding-behind-tree/Black-guy-hiding-behind-tree_12.png",
    "You-The-Real-MVP/You-The-Real-MVP_41.png",
    "Moe-throws-Barney/Moe-throws-Barney_11.png",
    "Ill-Have-You-Know-Spongebob/Ill-Have-You-Know-Spongebob_46.png",
    "Futurama-Fry/Futurama-Fry_39.png",
    "Monkey-Puppet/Monkey-Puppet_9.png",
    "Confused-Gandalf/Confused-Gandalf_40.png",
    "Mr-incredible-mad/Mr-incredible-mad_18.png",
    "Dave-chappelle/Dave-chappelle_27.png",
    "Surprised-Pikachu/Surprised-Pikachu_34.png",
    "Table-Flip-Guy/Table-Flip-Guy_50.png",
    "Kevin-Hart/Kevin-Hart_38.png",
    "Well-Yes-But-Actually-No/Well-Yes-But-Actually-No_43.png",
    "Mr-McMahon-reaction/Mr-McMahon-reaction_30.png",
    "attention_check/attention_check_Disgust.png",
    "Gru-Gun/Gru-Gun_26.png",
    "Persian-Cat-Room-Guardian/Persian-Cat-Room-Guardian_35.png",
    "Put-It-Somewhere-Else-Patrick/Put-It-Somewhere-Else-Patrick_13.png",
    "Angry-Baby/Angry-Baby_23.png",
    "Arthur-Fist/Arthur-Fist_37.png",
    "Khan/Khan_14.png"
  ],
  "completion_status": {
    "practice_completed": true,
    "game_started": true,
    "game_completed": true,
    "summary_viewed": true,
    "email_submitted": true
  },
  "timestamps_unix": {
    "registration_completed": 1749878375,
    "practice_started": 1749878375,
    "practice_completed": 1749878442,
    "game_started": 1749878442,
    "first_label": 1749878459,
    "last_label": 1749879045,
    "game_completed": 1749879047,
    "summary_viewed": 1749879047,
    "email_submitted": 1749879077,
    "session_end": 1749879077,
    "last_updated": 1749879077
  },
  "timestamps_unix_ms": {
    "registration_completed_ms": 1749878375707,
    "practice_started_ms": 1749878375777,
    "practice_completed_ms": 1749878442928,
    "game_started_ms": 1749878442939,
    "first_label_ms": 1749878459274,
    "last_label_ms": 1749879045241,
    "game_completed_ms": 1749879047398,
    "summary_viewed_ms": 1749879047410,
    "email_submitted_ms": 1749879077659,
    "session_end_ms": 1749879077659,
    "last_updated_ms": 1749879077659
  },
  "duration_stats_ms": {
    "total_session_duration_ms": 701952,
    "practice_duration_ms": 67151,
    "game_duration_ms": 604459,
    "labeling_duration_ms": 585967,
    "email_submission_duration_ms": 30249
  },
  "filename_updated_unix": 1749879047,
  "original_filename": "user_abac44",
  "completion_status_in_filename": "email_submitted"
}