{
  "user_id": "user_3de999",
  "file_name": "user_3de999_1750087628_1750087792_fullycomplete",
  "unix_start_time": 1750087628,
  "unix_start_time_ms": 1750087628203,
  "unix_end_time": 1750087792,
  "unix_end_time_ms": 1750087792474,
  "age": "30-34",
  "gender": "female",
  "user_agent": "Mozilla/5.0 (Windows NT 10.0; Win64; x64) AppleWebKit/537.36 (KHTML, like Gecko) Chrome/137.0.0.0 Safari/537.36",
  "user_ip": "61.227.212.152",
  "status": "complete",
  "email_provided": "complete",
  "attention_passed": true,
  "start_time_readable": "2025-06-16 15:27:08.203",
  "end_time_readable": "2025-06-16 15:29:52.474",
  "total_labels": 52,
  "emotion_summary": {
    "anger": 23,
    "contempt": 3,
    "disgust": 17,
    "others": 9
  },
  "email": "shi88125@gmail.com",
  "participation": "yes",
  "total_responses": 52,
  "responses": [
    {
      "image_path": "Thats-a-paddlin/Thats-a-paddlin_40.png",
      "label": "憤怒",
      "response_time": "00:00:03.502",
      "timestamp_unix": 1750087657,
      "timestamp_unix_ms": 1750087657333,
      "timestamp_readable": "2025-06-16 15:27:37.333",
      "normalized_name": "Thats-a-paddlin/Thats-a-paddlin",
      "meme_name": "Thats-a-paddlin",
      "post_id": 40,
      "english_label": "anger",
      "response_time_ms": 3502
    },
    {
      "image_path": "Drake-NoYes/Drake-NoYes_44.png",
      "label": "憤怒",
      "response_time": "00:00:01.703",
      "timestamp_unix": 1750087659,
      "timestamp_unix_ms": 1750087659142,
      "timestamp_readable": "2025-06-16 15:27:39.142",
      "normalized_name": "Drake-NoYes/Drake-NoYes",
      "meme_name": "Drake-NoYes",
      "post_id": 44,
      "english_label": "anger",
      "response_time_ms": 1703
    },
    {
      "image_path": "Table-Flip-Guy/Table-Flip-Guy_43.png",
      "label": "輕蔑",
      "response_time": "00:00:02.400",
      "timestamp_unix": 1750087661,
      "timestamp_unix_ms": 1750087661680,
      "timestamp_readable": "2025-06-16 15:27:41.680",
      "normalized_name": "Table-Flip-Guy/Table-Flip-Guy",
      "meme_name": "Table-Flip-Guy",
      "post_id": 43,
      "english_label": "contempt",
      "response_time_ms": 2400
    },
    {
      "image_path": "Disaster-Girl/Disaster-Girl_30.png",
      "label": "其他",
      "response_time": "00:00:02.906",
      "timestamp_unix": 1750087664,
      "timestamp_unix_ms": 1750087664705,
      "timestamp_readable": "2025-06-16 15:27:44.705",
      "normalized_name": "Disaster-Girl/Disaster-Girl",
      "meme_name": "Disaster-Girl",
      "post_id": 30,
      "english_label": "others",
      "response_time_ms": 2906
    },
    {
      "image_path": "Batman-Slapping-Robin/Batman-Slapping-Robin_3.png",
      "label": "憤怒",
      "response_time": "00:00:03.200",
      "timestamp_unix": 1750087668,
      "timestamp_unix_ms": 1750087668047,
      "timestamp_readable": "2025-06-16 15:27:48.047",
      "normalized_name": "Batman-Slapping-Robin/Batman-Slapping-Robin",
      "meme_name": "Batman-Slapping-Robin",
      "post_id": 3,
      "english_label": "anger",
      "response_time_ms": 3200
    },
    {
      "image_path": "Disappointed-Man/Disappointed-Man_10.png",
      "label": "其他",
      "response_time": "00:00:03.302",
      "timestamp_unix": 1750087671,
      "timestamp_unix_ms": 1750087671478,
      "timestamp_readable": "2025-06-16 15:27:51.478",
      "normalized_name": "Disappointed-Man/Disappointed-Man",
      "meme_name": "Disappointed-Man",
      "post_id": 10,
      "english_label": "others",
      "response_time_ms": 3302
    },
    {
      "image_path": "Confused-Gandalf/Confused-Gandalf_45.png",
      "label": "其他",
      "response_time": "00:00:02.201",
      "timestamp_unix": 1750087673,
      "timestamp_unix_ms": 1750087673831,
      "timestamp_readable": "2025-06-16 15:27:53.831",
      "normalized_name": "Confused-Gandalf/Confused-Gandalf",
      "meme_name": "Confused-Gandalf",
      "post_id": 45,
      "english_label": "others",
      "response_time_ms": 2201
    },
    {
      "image_path": "Angry-Baby/Angry-Baby_27.png",
      "label": "厭惡",
      "response_time": "00:00:02.206",
      "timestamp_unix": 1750087676,
      "timestamp_unix_ms": 1750087676115,
      "timestamp_readable": "2025-06-16 15:27:56.115",
      "normalized_name": "Angry-Baby/Angry-Baby",
      "meme_name": "Angry-Baby",
      "post_id": 27,
      "english_label": "disgust",
      "response_time_ms": 2206
    },
    {
      "image_path": "Gru-Gun/Gru-Gun_39.png",
      "label": "厭惡",
      "response_time": "00:00:01.307",
      "timestamp_unix": 1750087677,
      "timestamp_unix_ms": 1750087677550,
      "timestamp_readable": "2025-06-16 15:27:57.550",
      "normalized_name": "Gru-Gun/Gru-Gun",
      "meme_name": "Gru-Gun",
      "post_id": 39,
      "english_label": "disgust",
      "response_time_ms": 1307
    },
    {
      "image_path": "Smudge-the-cat/Smudge-the-cat_29.png",
      "label": "其他",
      "response_time": "00:00:02.012",
      "timestamp_unix": 1750087679,
      "timestamp_unix_ms": 1750087679631,
      "timestamp_readable": "2025-06-16 15:27:59.631",
      "normalized_name": "Smudge-the-cat/Smudge-the-cat",
      "meme_name": "Smudge-the-cat",
      "post_id": 29,
      "english_label": "others",
      "response_time_ms": 2012
    },
    {
      "image_path": "Kevin-Hart/Kevin-Hart_38.png",
      "label": "其他",
      "response_time": "00:00:03.403",
      "timestamp_unix": 1750087683,
      "timestamp_unix_ms": 1750087683123,
      "timestamp_readable": "2025-06-16 15:28:03.123",
      "normalized_name": "Kevin-Hart/Kevin-Hart",
      "meme_name": "Kevin-Hart",
      "post_id": 38,
      "english_label": "others",
      "response_time_ms": 3403
    },
    {
      "image_path": "Futurama-Fry/Futurama-Fry_35.png",
      "label": "輕蔑",
      "response_time": "00:00:02.902",
      "timestamp_unix": 1750087686,
      "timestamp_unix_ms": 1750087686191,
      "timestamp_readable": "2025-06-16 15:28:06.191",
      "normalized_name": "Futurama-Fry/Futurama-Fry",
      "meme_name": "Futurama-Fry",
      "post_id": 35,
      "english_label": "contempt",
      "response_time_ms": 2902
    },
    {
      "image_path": "Charlie-Day/Charlie-Day_24.png",
      "label": "輕蔑",
      "response_time": "00:00:01.611",
      "timestamp_unix": 1750087687,
      "timestamp_unix_ms": 1750087687903,
      "timestamp_readable": "2025-06-16 15:28:07.903",
      "normalized_name": "Charlie-Day/Charlie-Day",
      "meme_name": "Charlie-Day",
      "post_id": 24,
      "english_label": "contempt",
      "response_time_ms": 1611
    },
    {
      "image_path": "Dave-chappelle/Dave-chappelle_49.png",
      "label": "憤怒",
      "response_time": "00:00:02.007",
      "timestamp_unix": 1750087689,
      "timestamp_unix_ms": 1750087689974,
      "timestamp_readable": "2025-06-16 15:28:09.974",
      "normalized_name": "Dave-chappelle/Dave-chappelle",
      "meme_name": "Dave-chappelle",
      "post_id": 49,
      "english_label": "anger",
      "response_time_ms": 2007
    },
    {
      "image_path": "Always-Has-Been/Always-Has-Been_31.png",
      "label": "憤怒",
      "response_time": "00:00:02.107",
      "timestamp_unix": 1750087692,
      "timestamp_unix_ms": 1750087692189,
      "timestamp_readable": "2025-06-16 15:28:12.189",
      "normalized_name": "Always-Has-Been/Always-Has-Been",
      "meme_name": "Always-Has-Been",
      "post_id": 31,
      "english_label": "anger",
      "response_time_ms": 2107
    },
    {
      "image_path": "Laughing-wolf/Laughing-wolf_11.png",
      "label": "厭惡",
      "response_time": "00:00:03.904",
      "timestamp_unix": 1750087696,
      "timestamp_unix_ms": 1750087696165,
      "timestamp_readable": "2025-06-16 15:28:16.165",
      "normalized_name": "Laughing-wolf/Laughing-wolf",
      "meme_name": "Laughing-wolf",
      "post_id": 11,
      "english_label": "disgust",
      "response_time_ms": 3904
    },
    {
      "image_path": "Leonardo-Dicaprio-Wolf-Of-Wall-Street/Leonardo-Dicaprio-Wolf-Of-Wall-Street_23.png",
      "label": "憤怒",
      "response_time": "00:00:01.802",
      "timestamp_unix": 1750087698,
      "timestamp_unix_ms": 1750087698121,
      "timestamp_readable": "2025-06-16 15:28:18.121",
      "normalized_name": "Leonardo-Dicaprio-Wolf-Of-Wall-Street/Leonardo-Dicaprio-Wolf-Of-Wall-Street",
      "meme_name": "Leonardo-Dicaprio-Wolf-Of-Wall-Street",
      "post_id": 23,
      "english_label": "anger",
      "response_time_ms": 1802
    },
    {
      "image_path": "You-The-Real-MVP/You-The-Real-MVP_34.png",
      "label": "憤怒",
      "response_time": "00:00:01.212",
      "timestamp_unix": 1750087699,
      "timestamp_unix_ms": 1750087699489,
      "timestamp_readable": "2025-06-16 15:28:19.489",
      "normalized_name": "You-The-Real-MVP/You-The-Real-MVP",
      "meme_name": "You-The-Real-MVP",
      "post_id": 34,
      "english_label": "anger",
      "response_time_ms": 1212
    },
    {
      "image_path": "Mocking-Spongebob/Mocking-Spongebob_14.png",
      "label": "厭惡",
      "response_time": "00:00:02.504",
      "timestamp_unix": 1750087702,
      "timestamp_unix_ms": 1750087702086,
      "timestamp_readable": "2025-06-16 15:28:22.086",
      "normalized_name": "Mocking-Spongebob/Mocking-Spongebob",
      "meme_name": "Mocking-Spongebob",
      "post_id": 14,
      "english_label": "disgust",
      "response_time_ms": 2504
    },
    {
      "image_path": "Scooby-doo-mask-reveal/Scooby-doo-mask-reveal_5.png",
      "label": "厭惡",
      "response_time": "00:00:01.309",
      "timestamp_unix": 1750087703,
      "timestamp_unix_ms": 1750087703534,
      "timestamp_readable": "2025-06-16 15:28:23.534",
      "normalized_name": "Scooby-doo-mask-reveal/Scooby-doo-mask-reveal",
      "meme_name": "Scooby-doo-mask-reveal",
      "post_id": 5,
      "english_label": "disgust",
      "response_time_ms": 1309
    },
    {
      "image_path": "Arthur-Fist/Arthur-Fist_2.png",
      "label": "厭惡",
      "response_time": "00:00:01.702",
      "timestamp_unix": 1750087705,
      "timestamp_unix_ms": 1750087705318,
      "timestamp_readable": "2025-06-16 15:28:25.318",
      "normalized_name": "Arthur-Fist/Arthur-Fist",
      "meme_name": "Arthur-Fist",
      "post_id": 2,
      "english_label": "disgust",
      "response_time_ms": 1702
    },
    {
      "image_path": "Nuclear-Explosion/Nuclear-Explosion_7.png",
      "label": "憤怒",
      "response_time": "00:00:01.900",
      "timestamp_unix": 1750087707,
      "timestamp_unix_ms": 1750087707306,
      "timestamp_readable": "2025-06-16 15:28:27.306",
      "normalized_name": "Nuclear-Explosion/Nuclear-Explosion",
      "meme_name": "Nuclear-Explosion",
      "post_id": 7,
      "english_label": "anger",
      "response_time_ms": 1900
    },
    {
      "image_path": "Monkey-Puppet/Monkey-Puppet_33.png",
      "label": "其他",
      "response_time": "00:00:02.611",
      "timestamp_unix": 1750087710,
      "timestamp_unix_ms": 1750087710037,
      "timestamp_readable": "2025-06-16 15:28:30.037",
      "normalized_name": "Monkey-Puppet/Monkey-Puppet",
      "meme_name": "Monkey-Puppet",
      "post_id": 33,
      "english_label": "others",
      "response_time_ms": 2611
    },
    {
      "image_path": "attention_check/attention_check_Others.png",
      "label": "其他",
      "response_time": "00:00:02.206",
      "timestamp_unix": 1750087712,
      "timestamp_unix_ms": 1750087712393,
      "timestamp_readable": "2025-06-16 15:28:32.393",
      "normalized_name": "attention_check/attention_check_Others.png",
      "meme_name": "attention_check",
      "post_id": null,
      "english_label": "others",
      "response_time_ms": 2206
    },
    {
      "image_path": "Ill-Have-You-Know-Spongebob/Ill-Have-You-Know-Spongebob_1.png",
      "label": "厭惡",
      "response_time": "00:00:02.603",
      "timestamp_unix": 1750087715,
      "timestamp_unix_ms": 1750087715158,
      "timestamp_readable": "2025-06-16 15:28:35.158",
      "normalized_name": "Ill-Have-You-Know-Spongebob/Ill-Have-You-Know-Spongebob",
      "meme_name": "Ill-Have-You-Know-Spongebob",
      "post_id": 1,
      "english_label": "disgust",
      "response_time_ms": 2603
    },
    {
      "image_path": "Afraid-To-Ask-Andy/Afraid-To-Ask-Andy_8.png",
      "label": "厭惡",
      "response_time": "00:00:02.306",
      "timestamp_unix": 1750087717,
      "timestamp_unix_ms": 1750087717576,
      "timestamp_readable": "2025-06-16 15:28:37.576",
      "normalized_name": "Afraid-To-Ask-Andy/Afraid-To-Ask-Andy",
      "meme_name": "Afraid-To-Ask-Andy",
      "post_id": 8,
      "english_label": "disgust",
      "response_time_ms": 2306
    },
    {
      "image_path": "Mr-incredible-mad/Mr-incredible-mad_4.png",
      "label": "憤怒",
      "response_time": "00:00:02.611",
      "timestamp_unix": 1750087720,
      "timestamp_unix_ms": 1750087720272,
      "timestamp_readable": "2025-06-16 15:28:40.272",
      "normalized_name": "Mr-incredible-mad/Mr-incredible-mad",
      "meme_name": "Mr-incredible-mad",
      "post_id": 4,
      "english_label": "anger",
      "response_time_ms": 2611
    },
    {
      "image_path": "Im-The-Captain-Now/Im-The-Captain-Now_15.png",
      "label": "憤怒",
      "response_time": "00:00:01.707",
      "timestamp_unix": 1750087722,
      "timestamp_unix_ms": 1750087722089,
      "timestamp_readable": "2025-06-16 15:28:42.089",
      "normalized_name": "Im-The-Captain-Now/Im-The-Captain-Now",
      "meme_name": "Im-The-Captain-Now",
      "post_id": 15,
      "english_label": "anger",
      "response_time_ms": 1707
    },
    {
      "image_path": "Hold-fart/Hold-fart_36.png",
      "label": "厭惡",
      "response_time": "00:00:02.305",
      "timestamp_unix": 1750087724,
      "timestamp_unix_ms": 1750087724477,
      "timestamp_readable": "2025-06-16 15:28:44.477",
      "normalized_name": "Hold-fart/Hold-fart",
      "meme_name": "Hold-fart",
      "post_id": 36,
      "english_label": "disgust",
      "response_time_ms": 2305
    },
    {
      "image_path": "Archer/Archer_19.png",
      "label": "憤怒",
      "response_time": "00:00:01.904",
      "timestamp_unix": 1750087726,
      "timestamp_unix_ms": 1750087726511,
      "timestamp_readable": "2025-06-16 15:28:46.511",
      "normalized_name": "Archer/Archer",
      "meme_name": "Archer",
      "post_id": 19,
      "english_label": "anger",
      "response_time_ms": 1904
    },
    {
      "image_path": "Obi-Wan-Kenobi/Obi-Wan-Kenobi_13.png",
      "label": "憤怒",
      "response_time": "00:00:01.406",
      "timestamp_unix": 1750087728,
      "timestamp_unix_ms": 1750087728010,
      "timestamp_readable": "2025-06-16 15:28:48.010",
      "normalized_name": "Obi-Wan-Kenobi/Obi-Wan-Kenobi",
      "meme_name": "Obi-Wan-Kenobi",
      "post_id": 13,
      "english_label": "anger",
      "response_time_ms": 1406
    },
    {
      "image_path": "Black-guy-hiding-behind-tree/Black-guy-hiding-behind-tree_42.png",
      "label": "其他",
      "response_time": "00:00:03.109",
      "timestamp_unix": 1750087731,
      "timestamp_unix_ms": 1750087731277,
      "timestamp_readable": "2025-06-16 15:28:51.277",
      "normalized_name": "Black-guy-hiding-behind-tree/Black-guy-hiding-behind-tree",
      "meme_name": "Black-guy-hiding-behind-tree",
      "post_id": 42,
      "english_label": "others",
      "response_time_ms": 3109
    },
    {
      "image_path": "For-the-better-right-blank/For-the-better-right-blank_26.png",
      "label": "憤怒",
      "response_time": "00:00:02.105",
      "timestamp_unix": 1750087733,
      "timestamp_unix_ms": 1750087733495,
      "timestamp_readable": "2025-06-16 15:28:53.495",
      "normalized_name": "For-the-better-right-blank/For-the-better-right-blank",
      "meme_name": "For-the-better-right-blank",
      "post_id": 26,
      "english_label": "anger",
      "response_time_ms": 2105
    },
    {
      "image_path": "Hide-the-Pain-Harold/Hide-the-Pain-Harold_16.png",
      "label": "厭惡",
      "response_time": "00:00:03.302",
      "timestamp_unix": 1750087736,
      "timestamp_unix_ms": 1750087736926,
      "timestamp_readable": "2025-06-16 15:28:56.926",
      "normalized_name": "Hide-the-Pain-Harold/Hide-the-Pain-Harold",
      "meme_name": "Hide-the-Pain-Harold",
      "post_id": 16,
      "english_label": "disgust",
      "response_time_ms": 3302
    },
    {
      "image_path": "Happy--Shock/Happy--Shock_17.png",
      "label": "憤怒",
      "response_time": "00:00:01.914",
      "timestamp_unix": 1750087738,
      "timestamp_unix_ms": 1750087738996,
      "timestamp_readable": "2025-06-16 15:28:58.996",
      "normalized_name": "Happy--Shock/Happy--Shock",
      "meme_name": "Happy--Shock",
      "post_id": 17,
      "english_label": "anger",
      "response_time_ms": 1914
    },
    {
      "image_path": "I-am-once-again-asking/I-am-once-again-asking_21.png",
      "label": "厭惡",
      "response_time": "00:00:02.100",
      "timestamp_unix": 1750087741,
      "timestamp_unix_ms": 1750087741240,
      "timestamp_readable": "2025-06-16 15:29:01.240",
      "normalized_name": "I-am-once-again-asking/I-am-once-again-asking",
      "meme_name": "I-am-once-again-asking",
      "post_id": 21,
      "english_label": "disgust",
      "response_time_ms": 2100
    },
    {
      "image_path": "Chill-guy/Chill-guy_32.png",
      "label": "憤怒",
      "response_time": "00:00:01.807",
      "timestamp_unix": 1750087743,
      "timestamp_unix_ms": 1750087743189,
      "timestamp_readable": "2025-06-16 15:29:03.189",
      "normalized_name": "Chill-guy/Chill-guy",
      "meme_name": "Chill-guy",
      "post_id": 32,
      "english_label": "anger",
      "response_time_ms": 1807
    },
    {
      "image_path": "Spongebob-Yelling/Spongebob-Yelling_18.png",
      "label": "其他",
      "response_time": "00:00:01.711",
      "timestamp_unix": 1750087744,
      "timestamp_unix_ms": 1750087744974,
      "timestamp_readable": "2025-06-16 15:29:04.974",
      "normalized_name": "Spongebob-Yelling/Spongebob-Yelling",
      "meme_name": "Spongebob-Yelling",
      "post_id": 18,
      "english_label": "others",
      "response_time_ms": 1711
    },
    {
      "image_path": "Khan/Khan_12.png",
      "label": "憤怒",
      "response_time": "00:00:01.307",
      "timestamp_unix": 1750087746,
      "timestamp_unix_ms": 1750087746406,
      "timestamp_readable": "2025-06-16 15:29:06.406",
      "normalized_name": "Khan/Khan",
      "meme_name": "Khan",
      "post_id": 12,
      "english_label": "anger",
      "response_time_ms": 1307
    },
    {
      "image_path": "Dinkleberg/Dinkleberg_48.png",
      "label": "憤怒",
      "response_time": "00:00:01.409",
      "timestamp_unix": 1750087747,
      "timestamp_unix_ms": 1750087747909,
      "timestamp_readable": "2025-06-16 15:29:07.909",
      "normalized_name": "Dinkleberg/Dinkleberg",
      "meme_name": "Dinkleberg",
      "post_id": 48,
      "english_label": "anger",
      "response_time_ms": 1409
    },
    {
      "image_path": "Persian-Cat-Room-Guardian/Persian-Cat-Room-Guardian_37.png",
      "label": "憤怒",
      "response_time": "00:00:02.605",
      "timestamp_unix": 1750087750,
      "timestamp_unix_ms": 1750087750659,
      "timestamp_readable": "2025-06-16 15:29:10.659",
      "normalized_name": "Persian-Cat-Room-Guardian/Persian-Cat-Room-Guardian",
      "meme_name": "Persian-Cat-Room-Guardian",
      "post_id": 37,
      "english_label": "anger",
      "response_time_ms": 2605
    },
    {
      "image_path": "Math-ladyConfused-lady/Math-ladyConfused-lady_20.png",
      "label": "憤怒",
      "response_time": "00:00:01.212",
      "timestamp_unix": 1750087752,
      "timestamp_unix_ms": 1750087752007,
      "timestamp_readable": "2025-06-16 15:29:12.007",
      "normalized_name": "Math-ladyConfused-lady/Math-ladyConfused-lady",
      "meme_name": "Math-ladyConfused-lady",
      "post_id": 20,
      "english_label": "anger",
      "response_time_ms": 1212
    },
    {
      "image_path": "Put-It-Somewhere-Else-Patrick/Put-It-Somewhere-Else-Patrick_41.png",
      "label": "憤怒",
      "response_time": "00:00:01.206",
      "timestamp_unix": 1750087753,
      "timestamp_unix_ms": 1750087753326,
      "timestamp_readable": "2025-06-16 15:29:13.326",
      "normalized_name": "Put-It-Somewhere-Else-Patrick/Put-It-Somewhere-Else-Patrick",
      "meme_name": "Put-It-Somewhere-Else-Patrick",
      "post_id": 41,
      "english_label": "anger",
      "response_time_ms": 1206
    },
    {
      "image_path": "Moe-throws-Barney/Moe-throws-Barney_9.png",
      "label": "厭惡",
      "response_time": "00:00:01.602",
      "timestamp_unix": 1750087755,
      "timestamp_unix_ms": 1750087755077,
      "timestamp_readable": "2025-06-16 15:29:15.077",
      "normalized_name": "Moe-throws-Barney/Moe-throws-Barney",
      "meme_name": "Moe-throws-Barney",
      "post_id": 9,
      "english_label": "disgust",
      "response_time_ms": 1602
    },
    {
      "image_path": "DJ-Pauly-D/DJ-Pauly-D_6.png",
      "label": "厭惡",
      "response_time": "00:00:01.407",
      "timestamp_unix": 1750087756,
      "timestamp_unix_ms": 1750087756625,
      "timestamp_readable": "2025-06-16 15:29:16.625",
      "normalized_name": "DJ-Pauly-D/DJ-Pauly-D",
      "meme_name": "DJ-Pauly-D",
      "post_id": 6,
      "english_label": "disgust",
      "response_time_ms": 1407
    },
    {
      "image_path": "Picard-Wtf/Picard-Wtf_47.png",
      "label": "厭惡",
      "response_time": "00:00:01.214",
      "timestamp_unix": 1750087757,
      "timestamp_unix_ms": 1750087757939,
      "timestamp_readable": "2025-06-16 15:29:17.939",
      "normalized_name": "Picard-Wtf/Picard-Wtf",
      "meme_name": "Picard-Wtf",
      "post_id": 47,
      "english_label": "disgust",
      "response_time_ms": 1214
    },
    {
      "image_path": "Mr-McMahon-reaction/Mr-McMahon-reaction_22.png",
      "label": "厭惡",
      "response_time": "00:00:01.210",
      "timestamp_unix": 1750087759,
      "timestamp_unix_ms": 1750087759225,
      "timestamp_readable": "2025-06-16 15:29:19.225",
      "normalized_name": "Mr-McMahon-reaction/Mr-McMahon-reaction",
      "meme_name": "Mr-McMahon-reaction",
      "post_id": 22,
      "english_label": "disgust",
      "response_time_ms": 1210
    },
    {
      "image_path": "Well-Yes-But-Actually-No/Well-Yes-But-Actually-No_25.png",
      "label": "厭惡",
      "response_time": "00:00:02.202",
      "timestamp_unix": 1750087761,
      "timestamp_unix_ms": 1750087761529,
      "timestamp_readable": "2025-06-16 15:29:21.529",
      "normalized_name": "Well-Yes-But-Actually-No/Well-Yes-But-Actually-No",
      "meme_name": "Well-Yes-But-Actually-No",
      "post_id": 25,
      "english_label": "disgust",
      "response_time_ms": 2202
    },
    {
      "image_path": "Spiderman-Hospital/Spiderman-Hospital_28.png",
      "label": "厭惡",
      "response_time": "00:00:01.204",
      "timestamp_unix": 1750087762,
      "timestamp_unix_ms": 1750087762841,
      "timestamp_readable": "2025-06-16 15:29:22.841",
      "normalized_name": "Spiderman-Hospital/Spiderman-Hospital",
      "meme_name": "Spiderman-Hospital",
      "post_id": 28,
      "english_label": "disgust",
      "response_time_ms": 1204
    },
    {
      "image_path": "attention_check/attention_check_Anger.png",
      "label": "憤怒",
      "response_time": "00:00:02.101",
      "timestamp_unix": 1750087765,
      "timestamp_unix_ms": 1750087765059,
      "timestamp_readable": "2025-06-16 15:29:25.059",
      "normalized_name": "attention_check/attention_check_Anger.png",
      "meme_name": "attention_check",
      "post_id": null,
      "english_label": "anger",
      "response_time_ms": 2101
    },
    {
      "image_path": "Surprised-Pikachu/Surprised-Pikachu_50.png",
      "label": "憤怒",
      "response_time": "00:00:01.600",
      "timestamp_unix": 1750087766,
      "timestamp_unix_ms": 1750087766758,
      "timestamp_readable": "2025-06-16 15:29:26.758",
      "normalized_name": "Surprised-Pikachu/Surprised-Pikachu",
      "meme_name": "Surprised-Pikachu",
      "post_id": 50,
      "english_label": "anger",
      "response_time_ms": 1600
    },
    {
      "image_path": "Always-you-three/Always-you-three_46.png",
      "label": "憤怒",
      "response_time": "00:00:00.711",
      "timestamp_unix": 1750087767,
      "timestamp_unix_ms": 1750087767524,
      "timestamp_readable": "2025-06-16 15:29:27.524",
      "normalized_name": "Always-you-three/Always-you-three",
      "meme_name": "Always-you-three",
      "post_id": 46,
      "english_label": "anger",
      "response_time_ms": 711
    }
  ],
  "session_start_unix": 1750087628,
  "session_status": "completed",
  "last_updated_unix": 1750087792,
  "image_order": [
    "Spiderman-Hospital/Spiderman-Hospital_28.png",
    "Happy--Shock/Happy--Shock_17.png",
    "Chill-guy/Chill-guy_32.png",
    "I-am-once-again-asking/I-am-once-again-asking_21.png",
    "Math-ladyConfused-lady/Math-ladyConfused-lady_20.png",
    "Archer/Archer_19.png",
    "Leonardo-Dicaprio-Wolf-Of-Wall-Street/Leonardo-Dicaprio-Wolf-Of-Wall-Street_23.png",
    "Mocking-Spongebob/Mocking-Spongebob_14.png",
    "Afraid-To-Ask-Andy/Afraid-To-Ask-Andy_8.png",
    "Charlie-Day/Charlie-Day_24.png",
    "Always-Has-Been/Always-Has-Been_31.png",
    "Picard-Wtf/Picard-Wtf_47.png",
    "Batman-Slapping-Robin/Batman-Slapping-Robin_3.png",
    "For-the-better-right-blank/For-the-better-right-blank_26.png",
    "Drake-NoYes/Drake-NoYes_44.png",
    "Laughing-wolf/Laughing-wolf_11.png",
    "DJ-Pauly-D/DJ-Pauly-D_6.png",
    "Always-you-three/Always-you-three_46.png",
    "Disappointed-Man/Disappointed-Man_10.png",
    "Smudge-the-cat/Smudge-the-cat_29.png",
    "Thats-a-paddlin/Thats-a-paddlin_40.png",
    "Hide-the-Pain-Harold/Hide-the-Pain-Harold_16.png",
    "Hold-fart/Hold-fart_36.png",
    "attention_check/attention_check_Others.png",
    "Im-The-Captain-Now/Im-The-Captain-Now_15.png",
    "Obi-Wan-Kenobi/Obi-Wan-Kenobi_13.png",
    "Spongebob-Yelling/Spongebob-Yelling_18.png",
    "Nuclear-Explosion/Nuclear-Explosion_7.png",
    "Dinkleberg/Dinkleberg_48.png",
    "Scooby-doo-mask-reveal/Scooby-doo-mask-reveal_5.png",
    "Disaster-Girl/Disaster-Girl_30.png",
    "Black-guy-hiding-behind-tree/Black-guy-hiding-behind-tree_42.png",
    "You-The-Real-MVP/You-The-Real-MVP_34.png",
    "Moe-throws-Barney/Moe-throws-Barney_9.png",
    "Ill-Have-You-Know-Spongebob/Ill-Have-You-Know-Spongebob_1.png",
    "Futurama-Fry/Futurama-Fry_35.png",
    "Monkey-Puppet/Monkey-Puppet_33.png",
    "Confused-Gandalf/Confused-Gandalf_45.png",
    "Mr-incredible-mad/Mr-incredible-mad_4.png",
    "Dave-chappelle/Dave-chappelle_49.png",
    "Surprised-Pikachu/Surprised-Pikachu_50.png",
    "Table-Flip-Guy/Table-Flip-Guy_43.png",
    "Kevin-Hart/Kevin-Hart_38.png",
    "Well-Yes-But-Actually-No/Well-Yes-But-Actually-No_25.png",
    "Mr-McMahon-reaction/Mr-McMahon-reaction_22.png",
    "Gru-Gun/Gru-Gun_39.png",
    "Persian-Cat-Room-Guardian/Persian-Cat-Room-Guardian_37.png",
    "Put-It-Somewhere-Else-Patrick/Put-It-Somewhere-Else-Patrick_41.png",
    "Angry-Baby/Angry-Baby_27.png",
    "attention_check/attention_check_Anger.png",
    "Arthur-Fist/Arthur-Fist_2.png",
    "Khan/Khan_12.png"
  ],
  "completion_status": {
    "practice_completed": true,
    "game_started": true,
    "game_completed": true,
    "summary_viewed": true,
    "email_submitted": true
  },
  "timestamps_unix": {
    "registration_completed": 1750087628,
    "practice_started": 1750087628,
    "practice_completed": 1750087653,
    "game_started": 1750087653,
    "first_label": 1750087657,
    "last_label": 1750087767,
    "game_completed": 1750087769,
    "summary_viewed": 1750087769,
    "email_submitted": 1750087792,
    "session_end": 1750087792,
    "last_updated": 1750087792
  },
  "timestamps_unix_ms": {
    "registration_completed_ms": 1750087628203,
    "practice_started_ms": 1750087628635,
    "practice_completed_ms": 1750087653646,
    "game_started_ms": 1750087653672,
    "first_label_ms": 1750087657333,
    "last_label_ms": 1750087767524,
    "game_completed_ms": 1750087769725,
    "summary_viewed_ms": 1750087769753,
    "email_submitted_ms": 1750087792449,
    "session_end_ms": 1750087792449,
    "last_updated_ms": 1750087792449
  },
  "duration_stats_ms": {
    "total_session_duration_ms": 164246,
    "practice_duration_ms": 25011,
    "game_duration_ms": 116053,
    "labeling_duration_ms": 110191,
    "email_submission_duration_ms": 22696
  },
  "filename_updated_unix": 1750087769,
  "original_filename": "user_3de999",
  "completion_status_in_filename": "email_submitted"
}