{
  "user_id": "user_3d1077",
  "file_name": "user_3d1077_1750169242_1750169537_fullycomplete",
  "unix_start_time": 1750169242,
  "unix_start_time_ms": 1750169242913,
  "unix_end_time": 1750169537,
  "unix_end_time_ms": 1750169537526,
  "age": "35-39",
  "gender": "male",
  "user_agent": "Mozilla/5.0 (Windows NT 10.0; Win64; x64) AppleWebKit/537.36 (KHTML, like Gecko) Chrome/137.0.0.0 Safari/537.36 Edg/137.0.0.0",
  "user_ip": "36.229.106.249",
  "status": "complete",
  "email_provided": "complete",
  "attention_passed": true,
  "start_time_readable": "2025-06-17 14:07:22.912",
  "end_time_readable": "2025-06-17 14:12:17.526",
  "total_labels": 52,
  "emotion_summary": {
    "anger": 12,
    "contempt": 19,
    "disgust": 5,
    "others": 16
  },
  "email": "adsl0935338156@gmail.com",
  "participation": "yes",
  "total_responses": 52,
  "responses": [
    {
      "image_path": "Moe-throws-Barney/Moe-throws-Barney_33.png",
      "label": "輕蔑",
      "response_time": "00:00:18.900",
      "timestamp_unix": 1750169308,
      "timestamp_unix_ms": 1750169308293,
      "timestamp_readable": "2025-06-17 14:08:28.293",
      "normalized_name": "Moe-throws-Barney/Moe-throws-Barney",
      "meme_name": "Moe-throws-Barney",
      "post_id": 33,
      "english_label": "contempt",
      "response_time_ms": 18900
    },
    {
      "image_path": "Laughing-wolf/Laughing-wolf_43.png",
      "label": "其他",
      "response_time": "00:00:05.303",
      "timestamp_unix": 1750169313,
      "timestamp_unix_ms": 1750169313704,
      "timestamp_readable": "2025-06-17 14:08:33.704",
      "normalized_name": "Laughing-wolf/Laughing-wolf",
      "meme_name": "Laughing-wolf",
      "post_id": 43,
      "english_label": "others",
      "response_time_ms": 5303
    },
    {
      "image_path": "Kevin-Hart/Kevin-Hart_27.png",
      "label": "其他",
      "response_time": "00:00:08.102",
      "timestamp_unix": 1750169321,
      "timestamp_unix_ms": 1750169321906,
      "timestamp_readable": "2025-06-17 14:08:41.906",
      "normalized_name": "Kevin-Hart/Kevin-Hart",
      "meme_name": "Kevin-Hart",
      "post_id": 27,
      "english_label": "others",
      "response_time_ms": 8102
    },
    {
      "image_path": "Drake-NoYes/Drake-NoYes_24.png",
      "label": "其他",
      "response_time": "00:00:05.710",
      "timestamp_unix": 1750169327,
      "timestamp_unix_ms": 1750169327748,
      "timestamp_readable": "2025-06-17 14:08:47.748",
      "normalized_name": "Drake-NoYes/Drake-NoYes",
      "meme_name": "Drake-NoYes",
      "post_id": 24,
      "english_label": "others",
      "response_time_ms": 5710
    },
    {
      "image_path": "Thats-a-paddlin/Thats-a-paddlin_14.png",
      "label": "輕蔑",
      "response_time": "00:00:04.000",
      "timestamp_unix": 1750169331,
      "timestamp_unix_ms": 1750169331844,
      "timestamp_readable": "2025-06-17 14:08:51.844",
      "normalized_name": "Thats-a-paddlin/Thats-a-paddlin",
      "meme_name": "Thats-a-paddlin",
      "post_id": 14,
      "english_label": "contempt",
      "response_time_ms": 4000
    },
    {
      "image_path": "Surprised-Pikachu/Surprised-Pikachu_46.png",
      "label": "其他",
      "response_time": "00:00:02.603",
      "timestamp_unix": 1750169334,
      "timestamp_unix_ms": 1750169334523,
      "timestamp_readable": "2025-06-17 14:08:54.523",
      "normalized_name": "Surprised-Pikachu/Surprised-Pikachu",
      "meme_name": "Surprised-Pikachu",
      "post_id": 46,
      "english_label": "others",
      "response_time_ms": 2603
    },
    {
      "image_path": "Arthur-Fist/Arthur-Fist_26.png",
      "label": "憤怒",
      "response_time": "00:00:03.400",
      "timestamp_unix": 1750169338,
      "timestamp_unix_ms": 1750169338055,
      "timestamp_readable": "2025-06-17 14:08:58.055",
      "normalized_name": "Arthur-Fist/Arthur-Fist",
      "meme_name": "Arthur-Fist",
      "post_id": 26,
      "english_label": "anger",
      "response_time_ms": 3400
    },
    {
      "image_path": "Nuclear-Explosion/Nuclear-Explosion_28.png",
      "label": "憤怒",
      "response_time": "00:00:02.305",
      "timestamp_unix": 1750169340,
      "timestamp_unix_ms": 1750169340490,
      "timestamp_readable": "2025-06-17 14:09:00.490",
      "normalized_name": "Nuclear-Explosion/Nuclear-Explosion",
      "meme_name": "Nuclear-Explosion",
      "post_id": 28,
      "english_label": "anger",
      "response_time_ms": 2305
    },
    {
      "image_path": "Chill-guy/Chill-guy_41.png",
      "label": "其他",
      "response_time": "00:00:04.612",
      "timestamp_unix": 1750169345,
      "timestamp_unix_ms": 1750169345238,
      "timestamp_readable": "2025-06-17 14:09:05.238",
      "normalized_name": "Chill-guy/Chill-guy",
      "meme_name": "Chill-guy",
      "post_id": 41,
      "english_label": "others",
      "response_time_ms": 4612
    },
    {
      "image_path": "Afraid-To-Ask-Andy/Afraid-To-Ask-Andy_4.png",
      "label": "其他",
      "response_time": "00:00:08.000",
      "timestamp_unix": 1750169353,
      "timestamp_unix_ms": 1750169353363,
      "timestamp_readable": "2025-06-17 14:09:13.363",
      "normalized_name": "Afraid-To-Ask-Andy/Afraid-To-Ask-Andy",
      "meme_name": "Afraid-To-Ask-Andy",
      "post_id": 4,
      "english_label": "others",
      "response_time_ms": 8000
    },
    {
      "image_path": "Charlie-Day/Charlie-Day_49.png",
      "label": "其他",
      "response_time": "00:00:03.006",
      "timestamp_unix": 1750169356,
      "timestamp_unix_ms": 1750169356428,
      "timestamp_readable": "2025-06-17 14:09:16.428",
      "normalized_name": "Charlie-Day/Charlie-Day",
      "meme_name": "Charlie-Day",
      "post_id": 49,
      "english_label": "others",
      "response_time_ms": 3006
    },
    {
      "image_path": "Disappointed-Man/Disappointed-Man_29.png",
      "label": "輕蔑",
      "response_time": "00:00:02.804",
      "timestamp_unix": 1750169359,
      "timestamp_unix_ms": 1750169359339,
      "timestamp_readable": "2025-06-17 14:09:19.339",
      "normalized_name": "Disappointed-Man/Disappointed-Man",
      "meme_name": "Disappointed-Man",
      "post_id": 29,
      "english_label": "contempt",
      "response_time_ms": 2804
    },
    {
      "image_path": "Picard-Wtf/Picard-Wtf_11.png",
      "label": "其他",
      "response_time": "00:00:02.411",
      "timestamp_unix": 1750169361,
      "timestamp_unix_ms": 1750169361811,
      "timestamp_readable": "2025-06-17 14:09:21.811",
      "normalized_name": "Picard-Wtf/Picard-Wtf",
      "meme_name": "Picard-Wtf",
      "post_id": 11,
      "english_label": "others",
      "response_time_ms": 2411
    },
    {
      "image_path": "You-The-Real-MVP/You-The-Real-MVP_20.png",
      "label": "輕蔑",
      "response_time": "00:00:02.303",
      "timestamp_unix": 1750169364,
      "timestamp_unix_ms": 1750169364229,
      "timestamp_readable": "2025-06-17 14:09:24.229",
      "normalized_name": "You-The-Real-MVP/You-The-Real-MVP",
      "meme_name": "You-The-Real-MVP",
      "post_id": 20,
      "english_label": "contempt",
      "response_time_ms": 2303
    },
    {
      "image_path": "Hide-the-Pain-Harold/Hide-the-Pain-Harold_18.png",
      "label": "輕蔑",
      "response_time": "00:00:03.200",
      "timestamp_unix": 1750169367,
      "timestamp_unix_ms": 1750169367610,
      "timestamp_readable": "2025-06-17 14:09:27.610",
      "normalized_name": "Hide-the-Pain-Harold/Hide-the-Pain-Harold",
      "meme_name": "Hide-the-Pain-Harold",
      "post_id": 18,
      "english_label": "contempt",
      "response_time_ms": 3200
    },
    {
      "image_path": "DJ-Pauly-D/DJ-Pauly-D_45.png",
      "label": "憤怒",
      "response_time": "00:00:05.211",
      "timestamp_unix": 1750169372,
      "timestamp_unix_ms": 1750169372924,
      "timestamp_readable": "2025-06-17 14:09:32.924",
      "normalized_name": "DJ-Pauly-D/DJ-Pauly-D",
      "meme_name": "DJ-Pauly-D",
      "post_id": 45,
      "english_label": "anger",
      "response_time_ms": 5211
    },
    {
      "image_path": "Khan/Khan_22.png",
      "label": "憤怒",
      "response_time": "00:00:02.101",
      "timestamp_unix": 1750169375,
      "timestamp_unix_ms": 1750169375119,
      "timestamp_readable": "2025-06-17 14:09:35.119",
      "normalized_name": "Khan/Khan",
      "meme_name": "Khan",
      "post_id": 22,
      "english_label": "anger",
      "response_time_ms": 2101
    },
    {
      "image_path": "Happy--Shock/Happy--Shock_10.png",
      "label": "厭惡",
      "response_time": "00:00:06.103",
      "timestamp_unix": 1750169381,
      "timestamp_unix_ms": 1750169381327,
      "timestamp_readable": "2025-06-17 14:09:41.327",
      "normalized_name": "Happy--Shock/Happy--Shock",
      "meme_name": "Happy--Shock",
      "post_id": 10,
      "english_label": "disgust",
      "response_time_ms": 6103
    },
    {
      "image_path": "Archer/Archer_3.png",
      "label": "輕蔑",
      "response_time": "00:00:01.910",
      "timestamp_unix": 1750169383,
      "timestamp_unix_ms": 1750169383338,
      "timestamp_readable": "2025-06-17 14:09:43.338",
      "normalized_name": "Archer/Archer",
      "meme_name": "Archer",
      "post_id": 3,
      "english_label": "contempt",
      "response_time_ms": 1910
    },
    {
      "image_path": "Spongebob-Yelling/Spongebob-Yelling_8.png",
      "label": "憤怒",
      "response_time": "00:00:05.901",
      "timestamp_unix": 1750169389,
      "timestamp_unix_ms": 1750169389357,
      "timestamp_readable": "2025-06-17 14:09:49.357",
      "normalized_name": "Spongebob-Yelling/Spongebob-Yelling",
      "meme_name": "Spongebob-Yelling",
      "post_id": 8,
      "english_label": "anger",
      "response_time_ms": 5901
    },
    {
      "image_path": "Hold-fart/Hold-fart_38.png",
      "label": "憤怒",
      "response_time": "00:00:04.501",
      "timestamp_unix": 1750169393,
      "timestamp_unix_ms": 1750169393929,
      "timestamp_readable": "2025-06-17 14:09:53.929",
      "normalized_name": "Hold-fart/Hold-fart",
      "meme_name": "Hold-fart",
      "post_id": 38,
      "english_label": "anger",
      "response_time_ms": 4501
    },
    {
      "image_path": "attention_check/attention_check_Contempt.png",
      "label": "輕蔑",
      "response_time": "00:00:02.600",
      "timestamp_unix": 1750169396,
      "timestamp_unix_ms": 1750169396642,
      "timestamp_readable": "2025-06-17 14:09:56.642",
      "normalized_name": "attention_check/attention_check_Contempt.png",
      "meme_name": "attention_check",
      "post_id": null,
      "english_label": "contempt",
      "response_time_ms": 2600
    },
    {
      "image_path": "Dinkleberg/Dinkleberg_34.png",
      "label": "輕蔑",
      "response_time": "00:00:05.004",
      "timestamp_unix": 1750169401,
      "timestamp_unix_ms": 1750169401788,
      "timestamp_readable": "2025-06-17 14:10:01.788",
      "normalized_name": "Dinkleberg/Dinkleberg",
      "meme_name": "Dinkleberg",
      "post_id": 34,
      "english_label": "contempt",
      "response_time_ms": 5004
    },
    {
      "image_path": "Confused-Gandalf/Confused-Gandalf_50.png",
      "label": "其他",
      "response_time": "00:00:02.703",
      "timestamp_unix": 1750169404,
      "timestamp_unix_ms": 1750169404589,
      "timestamp_readable": "2025-06-17 14:10:04.589",
      "normalized_name": "Confused-Gandalf/Confused-Gandalf",
      "meme_name": "Confused-Gandalf",
      "post_id": 50,
      "english_label": "others",
      "response_time_ms": 2703
    },
    {
      "image_path": "Monkey-Puppet/Monkey-Puppet_5.png",
      "label": "厭惡",
      "response_time": "00:00:08.800",
      "timestamp_unix": 1750169413,
      "timestamp_unix_ms": 1750169413572,
      "timestamp_readable": "2025-06-17 14:10:13.572",
      "normalized_name": "Monkey-Puppet/Monkey-Puppet",
      "meme_name": "Monkey-Puppet",
      "post_id": 5,
      "english_label": "disgust",
      "response_time_ms": 8800
    },
    {
      "image_path": "Table-Flip-Guy/Table-Flip-Guy_6.png",
      "label": "憤怒",
      "response_time": "00:00:02.602",
      "timestamp_unix": 1750169416,
      "timestamp_unix_ms": 1750169416303,
      "timestamp_readable": "2025-06-17 14:10:16.303",
      "normalized_name": "Table-Flip-Guy/Table-Flip-Guy",
      "meme_name": "Table-Flip-Guy",
      "post_id": 6,
      "english_label": "anger",
      "response_time_ms": 2602
    },
    {
      "image_path": "Mr-McMahon-reaction/Mr-McMahon-reaction_7.png",
      "label": "憤怒",
      "response_time": "00:00:02.707",
      "timestamp_unix": 1750169419,
      "timestamp_unix_ms": 1750169419161,
      "timestamp_readable": "2025-06-17 14:10:19.161",
      "normalized_name": "Mr-McMahon-reaction/Mr-McMahon-reaction",
      "meme_name": "Mr-McMahon-reaction",
      "post_id": 7,
      "english_label": "anger",
      "response_time_ms": 2707
    },
    {
      "image_path": "Disaster-Girl/Disaster-Girl_9.png",
      "label": "輕蔑",
      "response_time": "00:00:02.307",
      "timestamp_unix": 1750169421,
      "timestamp_unix_ms": 1750169421564,
      "timestamp_readable": "2025-06-17 14:10:21.564",
      "normalized_name": "Disaster-Girl/Disaster-Girl",
      "meme_name": "Disaster-Girl",
      "post_id": 9,
      "english_label": "contempt",
      "response_time_ms": 2307
    },
    {
      "image_path": "Futurama-Fry/Futurama-Fry_42.png",
      "label": "輕蔑",
      "response_time": "00:00:08.302",
      "timestamp_unix": 1750169429,
      "timestamp_unix_ms": 1750169429981,
      "timestamp_readable": "2025-06-17 14:10:29.981",
      "normalized_name": "Futurama-Fry/Futurama-Fry",
      "meme_name": "Futurama-Fry",
      "post_id": 42,
      "english_label": "contempt",
      "response_time_ms": 8302
    },
    {
      "image_path": "Scooby-doo-mask-reveal/Scooby-doo-mask-reveal_2.png",
      "label": "輕蔑",
      "response_time": "00:00:05.107",
      "timestamp_unix": 1750169435,
      "timestamp_unix_ms": 1750169435229,
      "timestamp_readable": "2025-06-17 14:10:35.229",
      "normalized_name": "Scooby-doo-mask-reveal/Scooby-doo-mask-reveal",
      "meme_name": "Scooby-doo-mask-reveal",
      "post_id": 2,
      "english_label": "contempt",
      "response_time_ms": 5107
    },
    {
      "image_path": "Always-Has-Been/Always-Has-Been_30.png",
      "label": "其他",
      "response_time": "00:00:04.802",
      "timestamp_unix": 1750169440,
      "timestamp_unix_ms": 1750169440185,
      "timestamp_readable": "2025-06-17 14:10:40.185",
      "normalized_name": "Always-Has-Been/Always-Has-Been",
      "meme_name": "Always-Has-Been",
      "post_id": 30,
      "english_label": "others",
      "response_time_ms": 4802
    },
    {
      "image_path": "Spiderman-Hospital/Spiderman-Hospital_1.png",
      "label": "其他",
      "response_time": "00:00:03.101",
      "timestamp_unix": 1750169443,
      "timestamp_unix_ms": 1750169443410,
      "timestamp_readable": "2025-06-17 14:10:43.410",
      "normalized_name": "Spiderman-Hospital/Spiderman-Hospital",
      "meme_name": "Spiderman-Hospital",
      "post_id": 1,
      "english_label": "others",
      "response_time_ms": 3101
    },
    {
      "image_path": "Mr-incredible-mad/Mr-incredible-mad_31.png",
      "label": "憤怒",
      "response_time": "00:00:02.907",
      "timestamp_unix": 1750169446,
      "timestamp_unix_ms": 1750169446384,
      "timestamp_readable": "2025-06-17 14:10:46.384",
      "normalized_name": "Mr-incredible-mad/Mr-incredible-mad",
      "meme_name": "Mr-incredible-mad",
      "post_id": 31,
      "english_label": "anger",
      "response_time_ms": 2907
    },
    {
      "image_path": "Ill-Have-You-Know-Spongebob/Ill-Have-You-Know-Spongebob_21.png",
      "label": "輕蔑",
      "response_time": "00:00:02.403",
      "timestamp_unix": 1750169448,
      "timestamp_unix_ms": 1750169448923,
      "timestamp_readable": "2025-06-17 14:10:48.923",
      "normalized_name": "Ill-Have-You-Know-Spongebob/Ill-Have-You-Know-Spongebob",
      "meme_name": "Ill-Have-You-Know-Spongebob",
      "post_id": 21,
      "english_label": "contempt",
      "response_time_ms": 2403
    },
    {
      "image_path": "Put-It-Somewhere-Else-Patrick/Put-It-Somewhere-Else-Patrick_39.png",
      "label": "厭惡",
      "response_time": "00:00:07.307",
      "timestamp_unix": 1750169456,
      "timestamp_unix_ms": 1750169456328,
      "timestamp_readable": "2025-06-17 14:10:56.328",
      "normalized_name": "Put-It-Somewhere-Else-Patrick/Put-It-Somewhere-Else-Patrick",
      "meme_name": "Put-It-Somewhere-Else-Patrick",
      "post_id": 39,
      "english_label": "disgust",
      "response_time_ms": 7307
    },
    {
      "image_path": "Leonardo-Dicaprio-Wolf-Of-Wall-Street/Leonardo-Dicaprio-Wolf-Of-Wall-Street_40.png",
      "label": "輕蔑",
      "response_time": "00:00:02.303",
      "timestamp_unix": 1750169458,
      "timestamp_unix_ms": 1750169458722,
      "timestamp_readable": "2025-06-17 14:10:58.722",
      "normalized_name": "Leonardo-Dicaprio-Wolf-Of-Wall-Street/Leonardo-Dicaprio-Wolf-Of-Wall-Street",
      "meme_name": "Leonardo-Dicaprio-Wolf-Of-Wall-Street",
      "post_id": 40,
      "english_label": "contempt",
      "response_time_ms": 2303
    },
    {
      "image_path": "Im-The-Captain-Now/Im-The-Captain-Now_44.png",
      "label": "輕蔑",
      "response_time": "00:00:05.006",
      "timestamp_unix": 1750169463,
      "timestamp_unix_ms": 1750169463858,
      "timestamp_readable": "2025-06-17 14:11:03.858",
      "normalized_name": "Im-The-Captain-Now/Im-The-Captain-Now",
      "meme_name": "Im-The-Captain-Now",
      "post_id": 44,
      "english_label": "contempt",
      "response_time_ms": 5006
    },
    {
      "image_path": "Black-guy-hiding-behind-tree/Black-guy-hiding-behind-tree_15.png",
      "label": "輕蔑",
      "response_time": "00:00:09.601",
      "timestamp_unix": 1750169473,
      "timestamp_unix_ms": 1750169473694,
      "timestamp_readable": "2025-06-17 14:11:13.694",
      "normalized_name": "Black-guy-hiding-behind-tree/Black-guy-hiding-behind-tree",
      "meme_name": "Black-guy-hiding-behind-tree",
      "post_id": 15,
      "english_label": "contempt",
      "response_time_ms": 9601
    },
    {
      "image_path": "Gru-Gun/Gru-Gun_16.png",
      "label": "輕蔑",
      "response_time": "00:00:03.708",
      "timestamp_unix": 1750169477,
      "timestamp_unix_ms": 1750169477514,
      "timestamp_readable": "2025-06-17 14:11:17.514",
      "normalized_name": "Gru-Gun/Gru-Gun",
      "meme_name": "Gru-Gun",
      "post_id": 16,
      "english_label": "contempt",
      "response_time_ms": 3708
    },
    {
      "image_path": "I-am-once-again-asking/I-am-once-again-asking_13.png",
      "label": "厭惡",
      "response_time": "00:00:04.303",
      "timestamp_unix": 1750169481,
      "timestamp_unix_ms": 1750169481950,
      "timestamp_readable": "2025-06-17 14:11:21.950",
      "normalized_name": "I-am-once-again-asking/I-am-once-again-asking",
      "meme_name": "I-am-once-again-asking",
      "post_id": 13,
      "english_label": "disgust",
      "response_time_ms": 4303
    },
    {
      "image_path": "Angry-Baby/Angry-Baby_48.png",
      "label": "憤怒",
      "response_time": "00:00:03.102",
      "timestamp_unix": 1750169485,
      "timestamp_unix_ms": 1750169485204,
      "timestamp_readable": "2025-06-17 14:11:25.204",
      "normalized_name": "Angry-Baby/Angry-Baby",
      "meme_name": "Angry-Baby",
      "post_id": 48,
      "english_label": "anger",
      "response_time_ms": 3102
    },
    {
      "image_path": "Math-ladyConfused-lady/Math-ladyConfused-lady_32.png",
      "label": "輕蔑",
      "response_time": "00:00:04.307",
      "timestamp_unix": 1750169489,
      "timestamp_unix_ms": 1750169489640,
      "timestamp_readable": "2025-06-17 14:11:29.640",
      "normalized_name": "Math-ladyConfused-lady/Math-ladyConfused-lady",
      "meme_name": "Math-ladyConfused-lady",
      "post_id": 32,
      "english_label": "contempt",
      "response_time_ms": 4307
    },
    {
      "image_path": "Batman-Slapping-Robin/Batman-Slapping-Robin_12.png",
      "label": "憤怒",
      "response_time": "00:00:02.805",
      "timestamp_unix": 1750169492,
      "timestamp_unix_ms": 1750169492528,
      "timestamp_readable": "2025-06-17 14:11:32.528",
      "normalized_name": "Batman-Slapping-Robin/Batman-Slapping-Robin",
      "meme_name": "Batman-Slapping-Robin",
      "post_id": 12,
      "english_label": "anger",
      "response_time_ms": 2805
    },
    {
      "image_path": "Well-Yes-But-Actually-No/Well-Yes-But-Actually-No_37.png",
      "label": "其他",
      "response_time": "00:00:03.100",
      "timestamp_unix": 1750169495,
      "timestamp_unix_ms": 1750169495777,
      "timestamp_readable": "2025-06-17 14:11:35.777",
      "normalized_name": "Well-Yes-But-Actually-No/Well-Yes-But-Actually-No",
      "meme_name": "Well-Yes-But-Actually-No",
      "post_id": 37,
      "english_label": "others",
      "response_time_ms": 3100
    },
    {
      "image_path": "For-the-better-right-blank/For-the-better-right-blank_23.png",
      "label": "厭惡",
      "response_time": "00:00:06.816",
      "timestamp_unix": 1750169502,
      "timestamp_unix_ms": 1750169502721,
      "timestamp_readable": "2025-06-17 14:11:42.721",
      "normalized_name": "For-the-better-right-blank/For-the-better-right-blank",
      "meme_name": "For-the-better-right-blank",
      "post_id": 23,
      "english_label": "disgust",
      "response_time_ms": 6816
    },
    {
      "image_path": "attention_check/attention_check_Others.png",
      "label": "其他",
      "response_time": "00:00:02.601",
      "timestamp_unix": 1750169505,
      "timestamp_unix_ms": 1750169505407,
      "timestamp_readable": "2025-06-17 14:11:45.407",
      "normalized_name": "attention_check/attention_check_Others.png",
      "meme_name": "attention_check",
      "post_id": null,
      "english_label": "others",
      "response_time_ms": 2601
    },
    {
      "image_path": "Obi-Wan-Kenobi/Obi-Wan-Kenobi_36.png",
      "label": "輕蔑",
      "response_time": "00:00:02.612",
      "timestamp_unix": 1750169508,
      "timestamp_unix_ms": 1750169508180,
      "timestamp_readable": "2025-06-17 14:11:48.180",
      "normalized_name": "Obi-Wan-Kenobi/Obi-Wan-Kenobi",
      "meme_name": "Obi-Wan-Kenobi",
      "post_id": 36,
      "english_label": "contempt",
      "response_time_ms": 2612
    },
    {
      "image_path": "Persian-Cat-Room-Guardian/Persian-Cat-Room-Guardian_19.png",
      "label": "其他",
      "response_time": "00:00:04.302",
      "timestamp_unix": 1750169512,
      "timestamp_unix_ms": 1750169512592,
      "timestamp_readable": "2025-06-17 14:11:52.592",
      "normalized_name": "Persian-Cat-Room-Guardian/Persian-Cat-Room-Guardian",
      "meme_name": "Persian-Cat-Room-Guardian",
      "post_id": 19,
      "english_label": "others",
      "response_time_ms": 4302
    },
    {
      "image_path": "Dave-chappelle/Dave-chappelle_25.png",
      "label": "其他",
      "response_time": "00:00:01.905",
      "timestamp_unix": 1750169514,
      "timestamp_unix_ms": 1750169514616,
      "timestamp_readable": "2025-06-17 14:11:54.616",
      "normalized_name": "Dave-chappelle/Dave-chappelle",
      "meme_name": "Dave-chappelle",
      "post_id": 25,
      "english_label": "others",
      "response_time_ms": 1905
    },
    {
      "image_path": "Smudge-the-cat/Smudge-the-cat_35.png",
      "label": "憤怒",
      "response_time": "00:00:02.301",
      "timestamp_unix": 1750169516,
      "timestamp_unix_ms": 1750169516986,
      "timestamp_readable": "2025-06-17 14:11:56.986",
      "normalized_name": "Smudge-the-cat/Smudge-the-cat",
      "meme_name": "Smudge-the-cat",
      "post_id": 35,
      "english_label": "anger",
      "response_time_ms": 2301
    },
    {
      "image_path": "Mocking-Spongebob/Mocking-Spongebob_47.png",
      "label": "輕蔑",
      "response_time": "00:00:03.608",
      "timestamp_unix": 1750169520,
      "timestamp_unix_ms": 1750169520664,
      "timestamp_readable": "2025-06-17 14:12:00.664",
      "normalized_name": "Mocking-Spongebob/Mocking-Spongebob",
      "meme_name": "Mocking-Spongebob",
      "post_id": 47,
      "english_label": "contempt",
      "response_time_ms": 3608
    },
    {
      "image_path": "Always-you-three/Always-you-three_17.png",
      "label": "其他",
      "response_time": "00:00:02.604",
      "timestamp_unix": 1750169523,
      "timestamp_unix_ms": 1750169523327,
      "timestamp_readable": "2025-06-17 14:12:03.327",
      "normalized_name": "Always-you-three/Always-you-three",
      "meme_name": "Always-you-three",
      "post_id": 17,
      "english_label": "others",
      "response_time_ms": 2604
    }
  ],
  "session_start_unix": 1750169242,
  "session_status": "completed",
  "last_updated_unix": 1750169537,
  "image_order": [
    "Spiderman-Hospital/Spiderman-Hospital_1.png",
    "Happy--Shock/Happy--Shock_10.png",
    "Chill-guy/Chill-guy_41.png",
    "I-am-once-again-asking/I-am-once-again-asking_13.png",
    "Math-ladyConfused-lady/Math-ladyConfused-lady_32.png",
    "Archer/Archer_3.png",
    "Leonardo-Dicaprio-Wolf-Of-Wall-Street/Leonardo-Dicaprio-Wolf-Of-Wall-Street_40.png",
    "Mocking-Spongebob/Mocking-Spongebob_47.png",
    "Afraid-To-Ask-Andy/Afraid-To-Ask-Andy_4.png",
    "Charlie-Day/Charlie-Day_49.png",
    "Always-Has-Been/Always-Has-Been_30.png",
    "Picard-Wtf/Picard-Wtf_11.png",
    "Batman-Slapping-Robin/Batman-Slapping-Robin_12.png",
    "For-the-better-right-blank/For-the-better-right-blank_23.png",
    "Drake-NoYes/Drake-NoYes_24.png",
    "Laughing-wolf/Laughing-wolf_43.png",
    "DJ-Pauly-D/DJ-Pauly-D_45.png",
    "Always-you-three/Always-you-three_17.png",
    "Disappointed-Man/Disappointed-Man_29.png",
    "Smudge-the-cat/Smudge-the-cat_35.png",
    "Thats-a-paddlin/Thats-a-paddlin_14.png",
    "attention_check/attention_check_Contempt.png",
    "Hide-the-Pain-Harold/Hide-the-Pain-Harold_18.png",
    "Hold-fart/Hold-fart_38.png",
    "Im-The-Captain-Now/Im-The-Captain-Now_44.png",
    "Obi-Wan-Kenobi/Obi-Wan-Kenobi_36.png",
    "Spongebob-Yelling/Spongebob-Yelling_8.png",
    "Nuclear-Explosion/Nuclear-Explosion_28.png",
    "Dinkleberg/Dinkleberg_34.png",
    "Scooby-doo-mask-reveal/Scooby-doo-mask-reveal_2.png",
    "Disaster-Girl/Disaster-Girl_9.png",
    "Black-guy-hiding-behind-tree/Black-guy-hiding-behind-tree_15.png",
    "You-The-Real-MVP/You-The-Real-MVP_20.png",
    "Moe-throws-Barney/Moe-throws-Barney_33.png",
    "Ill-Have-You-Know-Spongebob/Ill-Have-You-Know-Spongebob_21.png",
    "Futurama-Fry/Futurama-Fry_42.png",
    "Monkey-Puppet/Monkey-Puppet_5.png",
    "Confused-Gandalf/Confused-Gandalf_50.png",
    "Mr-incredible-mad/Mr-incredible-mad_31.png",
    "Dave-chappelle/Dave-chappelle_25.png",
    "Surprised-Pikachu/Surprised-Pikachu_46.png",
    "Table-Flip-Guy/Table-Flip-Guy_6.png",
    "Kevin-Hart/Kevin-Hart_27.png",
    "Well-Yes-But-Actually-No/Well-Yes-But-Actually-No_37.png",
    "Mr-McMahon-reaction/Mr-McMahon-reaction_7.png",
    "attention_check/attention_check_Others.png",
    "Gru-Gun/Gru-Gun_16.png",
    "Persian-Cat-Room-Guardian/Persian-Cat-Room-Guardian_19.png",
    "Put-It-Somewhere-Else-Patrick/Put-It-Somewhere-Else-Patrick_39.png",
    "Angry-Baby/Angry-Baby_48.png",
    "Arthur-Fist/Arthur-Fist_26.png",
    "Khan/Khan_22.png"
  ],
  "completion_status": {
    "practice_completed": true,
    "game_started": true,
    "game_completed": true,
    "summary_viewed": true,
    "email_submitted": true
  },
  "timestamps_unix": {
    "registration_completed": 1750169242,
    "practice_started": 1750169242,
    "practice_completed": 1750169289,
    "game_started": 1750169289,
    "first_label": 1750169308,
    "last_label": 1750169523,
    "game_completed": 1750169525,
    "summary_viewed": 1750169525,
    "email_submitted": 1750169537,
    "session_end": 1750169537,
    "last_updated": 1750169537
  },
  "timestamps_unix_ms": {
    "registration_completed_ms": 1750169242913,
    "practice_started_ms": 1750169242969,
    "practice_completed_ms": 1750169289113,
    "game_started_ms": 1750169289127,
    "first_label_ms": 1750169308293,
    "last_label_ms": 1750169523327,
    "game_completed_ms": 1750169525371,
    "summary_viewed_ms": 1750169525384,
    "email_submitted_ms": 1750169537513,
    "session_end_ms": 1750169537513,
    "last_updated_ms": 1750169537513
  },
  "duration_stats_ms": {
    "total_session_duration_ms": 294600,
    "practice_duration_ms": 46144,
    "game_duration_ms": 236244,
    "labeling_duration_ms": 215034,
    "email_submission_duration_ms": 12129
  },
  "filename_updated_unix": 1750169525,
  "original_filename": "user_3d1077",
  "completion_status_in_filename": "email_submitted"
}