{
  "user_id": "user_ba3fee",
  "file_name": "user_ba3fee_1750088017_1750088127_fullycomplete",
  "unix_start_time": 1750088017,
  "unix_start_time_ms": 1750088017101,
  "unix_end_time": 1750088127,
  "unix_end_time_ms": 1750088127849,
  "age": "25-29",
  "gender": "female",
  "user_agent": "Mozilla/5.0 (Windows NT 10.0; Win64; x64) AppleWebKit/537.36 (KHTML, like Gecko) Chrome/137.0.0.0 Safari/537.36 Edg/137.0.0.0",
  "user_ip": "61.227.212.152",
  "status": "complete",
  "email_provided": "complete",
  "attention_passed": true,
  "start_time_readable": "2025-06-16 15:33:37.101",
  "end_time_readable": "2025-06-16 15:35:27.849",
  "total_labels": 52,
  "emotion_summary": {
    "anger": 15,
    "contempt": 0,
    "disgust": 16,
    "others": 21
  },
  "email": "tina19933300@gmail.com",
  "participation": "yes",
  "total_responses": 52,
  "responses": [
    {
      "image_path": "Nuclear-Explosion/Nuclear-Explosion_22.png",
      "label": "厭惡",
      "response_time": "00:00:01.401",
      "timestamp_unix": 1750088028,
      "timestamp_unix_ms": 1750088028634,
      "timestamp_readable": "2025-06-16 15:33:48.634",
      "normalized_name": "Nuclear-Explosion/Nuclear-Explosion",
      "meme_name": "Nuclear-Explosion",
      "post_id": 22,
      "english_label": "disgust",
      "response_time_ms": 1401
    },
    {
      "image_path": "Surprised-Pikachu/Surprised-Pikachu_13.png",
      "label": "厭惡",
      "response_time": "00:00:00.713",
      "timestamp_unix": 1750088029,
      "timestamp_unix_ms": 1750088029412,
      "timestamp_readable": "2025-06-16 15:33:49.412",
      "normalized_name": "Surprised-Pikachu/Surprised-Pikachu",
      "meme_name": "Surprised-Pikachu",
      "post_id": 13,
      "english_label": "disgust",
      "response_time_ms": 713
    },
    {
      "image_path": "Smudge-the-cat/Smudge-the-cat_49.png",
      "label": "憤怒",
      "response_time": "00:00:01.106",
      "timestamp_unix": 1750088030,
      "timestamp_unix_ms": 1750088030675,
      "timestamp_readable": "2025-06-16 15:33:50.675",
      "normalized_name": "Smudge-the-cat/Smudge-the-cat",
      "meme_name": "Smudge-the-cat",
      "post_id": 49,
      "english_label": "anger",
      "response_time_ms": 1106
    },
    {
      "image_path": "DJ-Pauly-D/DJ-Pauly-D_6.png",
      "label": "憤怒",
      "response_time": "00:00:00.508",
      "timestamp_unix": 1750088031,
      "timestamp_unix_ms": 1750088031336,
      "timestamp_readable": "2025-06-16 15:33:51.336",
      "normalized_name": "DJ-Pauly-D/DJ-Pauly-D",
      "meme_name": "DJ-Pauly-D",
      "post_id": 6,
      "english_label": "anger",
      "response_time_ms": 508
    },
    {
      "image_path": "Mocking-Spongebob/Mocking-Spongebob_43.png",
      "label": "厭惡",
      "response_time": "00:00:02.006",
      "timestamp_unix": 1750088033,
      "timestamp_unix_ms": 1750088033396,
      "timestamp_readable": "2025-06-16 15:33:53.396",
      "normalized_name": "Mocking-Spongebob/Mocking-Spongebob",
      "meme_name": "Mocking-Spongebob",
      "post_id": 43,
      "english_label": "disgust",
      "response_time_ms": 2006
    },
    {
      "image_path": "Always-you-three/Always-you-three_7.png",
      "label": "憤怒",
      "response_time": "00:00:01.003",
      "timestamp_unix": 1750088034,
      "timestamp_unix_ms": 1750088034530,
      "timestamp_readable": "2025-06-16 15:33:54.530",
      "normalized_name": "Always-you-three/Always-you-three",
      "meme_name": "Always-you-three",
      "post_id": 7,
      "english_label": "anger",
      "response_time_ms": 1003
    },
    {
      "image_path": "Moe-throws-Barney/Moe-throws-Barney_26.png",
      "label": "厭惡",
      "response_time": "00:00:01.002",
      "timestamp_unix": 1750088035,
      "timestamp_unix_ms": 1750088035681,
      "timestamp_readable": "2025-06-16 15:33:55.681",
      "normalized_name": "Moe-throws-Barney/Moe-throws-Barney",
      "meme_name": "Moe-throws-Barney",
      "post_id": 26,
      "english_label": "disgust",
      "response_time_ms": 1002
    },
    {
      "image_path": "Charlie-Day/Charlie-Day_48.png",
      "label": "憤怒",
      "response_time": "00:00:00.909",
      "timestamp_unix": 1750088036,
      "timestamp_unix_ms": 1750088036714,
      "timestamp_readable": "2025-06-16 15:33:56.714",
      "normalized_name": "Charlie-Day/Charlie-Day",
      "meme_name": "Charlie-Day",
      "post_id": 48,
      "english_label": "anger",
      "response_time_ms": 909
    },
    {
      "image_path": "Spongebob-Yelling/Spongebob-Yelling_20.png",
      "label": "憤怒",
      "response_time": "00:00:00.810",
      "timestamp_unix": 1750088037,
      "timestamp_unix_ms": 1750088037629,
      "timestamp_readable": "2025-06-16 15:33:57.629",
      "normalized_name": "Spongebob-Yelling/Spongebob-Yelling",
      "meme_name": "Spongebob-Yelling",
      "post_id": 20,
      "english_label": "anger",
      "response_time_ms": 810
    },
    {
      "image_path": "Im-The-Captain-Now/Im-The-Captain-Now_38.png",
      "label": "其他",
      "response_time": "00:00:01.101",
      "timestamp_unix": 1750088038,
      "timestamp_unix_ms": 1750088038865,
      "timestamp_readable": "2025-06-16 15:33:58.865",
      "normalized_name": "Im-The-Captain-Now/Im-The-Captain-Now",
      "meme_name": "Im-The-Captain-Now",
      "post_id": 38,
      "english_label": "others",
      "response_time_ms": 1101
    },
    {
      "image_path": "Laughing-wolf/Laughing-wolf_46.png",
      "label": "其他",
      "response_time": "00:00:00.609",
      "timestamp_unix": 1750088039,
      "timestamp_unix_ms": 1750088039548,
      "timestamp_readable": "2025-06-16 15:33:59.548",
      "normalized_name": "Laughing-wolf/Laughing-wolf",
      "meme_name": "Laughing-wolf",
      "post_id": 46,
      "english_label": "others",
      "response_time_ms": 609
    },
    {
      "image_path": "Thats-a-paddlin/Thats-a-paddlin_12.png",
      "label": "憤怒",
      "response_time": "00:00:01.309",
      "timestamp_unix": 1750088040,
      "timestamp_unix_ms": 1750088040934,
      "timestamp_readable": "2025-06-16 15:34:00.934",
      "normalized_name": "Thats-a-paddlin/Thats-a-paddlin",
      "meme_name": "Thats-a-paddlin",
      "post_id": 12,
      "english_label": "anger",
      "response_time_ms": 1309
    },
    {
      "image_path": "Always-Has-Been/Always-Has-Been_36.png",
      "label": "厭惡",
      "response_time": "00:00:01.109",
      "timestamp_unix": 1750088042,
      "timestamp_unix_ms": 1750088042148,
      "timestamp_readable": "2025-06-16 15:34:02.148",
      "normalized_name": "Always-Has-Been/Always-Has-Been",
      "meme_name": "Always-Has-Been",
      "post_id": 36,
      "english_label": "disgust",
      "response_time_ms": 1109
    },
    {
      "image_path": "Batman-Slapping-Robin/Batman-Slapping-Robin_24.png",
      "label": "厭惡",
      "response_time": "00:00:02.308",
      "timestamp_unix": 1750088044,
      "timestamp_unix_ms": 1750088044541,
      "timestamp_readable": "2025-06-16 15:34:04.541",
      "normalized_name": "Batman-Slapping-Robin/Batman-Slapping-Robin",
      "meme_name": "Batman-Slapping-Robin",
      "post_id": 24,
      "english_label": "disgust",
      "response_time_ms": 2308
    },
    {
      "image_path": "Futurama-Fry/Futurama-Fry_42.png",
      "label": "其他",
      "response_time": "00:00:01.505",
      "timestamp_unix": 1750088046,
      "timestamp_unix_ms": 1750088046179,
      "timestamp_readable": "2025-06-16 15:34:06.179",
      "normalized_name": "Futurama-Fry/Futurama-Fry",
      "meme_name": "Futurama-Fry",
      "post_id": 42,
      "english_label": "others",
      "response_time_ms": 1505
    },
    {
      "image_path": "Picard-Wtf/Picard-Wtf_11.png",
      "label": "其他",
      "response_time": "00:00:01.206",
      "timestamp_unix": 1750088047,
      "timestamp_unix_ms": 1750088047515,
      "timestamp_readable": "2025-06-16 15:34:07.515",
      "normalized_name": "Picard-Wtf/Picard-Wtf",
      "meme_name": "Picard-Wtf",
      "post_id": 11,
      "english_label": "others",
      "response_time_ms": 1206
    },
    {
      "image_path": "Afraid-To-Ask-Andy/Afraid-To-Ask-Andy_40.png",
      "label": "其他",
      "response_time": "00:00:00.805",
      "timestamp_unix": 1750088048,
      "timestamp_unix_ms": 1750088048480,
      "timestamp_readable": "2025-06-16 15:34:08.480",
      "normalized_name": "Afraid-To-Ask-Andy/Afraid-To-Ask-Andy",
      "meme_name": "Afraid-To-Ask-Andy",
      "post_id": 40,
      "english_label": "others",
      "response_time_ms": 805
    },
    {
      "image_path": "Gru-Gun/Gru-Gun_18.png",
      "label": "其他",
      "response_time": "00:00:01.210",
      "timestamp_unix": 1750088049,
      "timestamp_unix_ms": 1750088049780,
      "timestamp_readable": "2025-06-16 15:34:09.780",
      "normalized_name": "Gru-Gun/Gru-Gun",
      "meme_name": "Gru-Gun",
      "post_id": 18,
      "english_label": "others",
      "response_time_ms": 1210
    },
    {
      "image_path": "Mr-McMahon-reaction/Mr-McMahon-reaction_33.png",
      "label": "其他",
      "response_time": "00:00:01.109",
      "timestamp_unix": 1750088050,
      "timestamp_unix_ms": 1750088050964,
      "timestamp_readable": "2025-06-16 15:34:10.964",
      "normalized_name": "Mr-McMahon-reaction/Mr-McMahon-reaction",
      "meme_name": "Mr-McMahon-reaction",
      "post_id": 33,
      "english_label": "others",
      "response_time_ms": 1109
    },
    {
      "image_path": "Hide-the-Pain-Harold/Hide-the-Pain-Harold_32.png",
      "label": "憤怒",
      "response_time": "00:00:01.308",
      "timestamp_unix": 1750088052,
      "timestamp_unix_ms": 1750088052348,
      "timestamp_readable": "2025-06-16 15:34:12.348",
      "normalized_name": "Hide-the-Pain-Harold/Hide-the-Pain-Harold",
      "meme_name": "Hide-the-Pain-Harold",
      "post_id": 32,
      "english_label": "anger",
      "response_time_ms": 1308
    },
    {
      "image_path": "Angry-Baby/Angry-Baby_9.png",
      "label": "厭惡",
      "response_time": "00:00:01.701",
      "timestamp_unix": 1750088054,
      "timestamp_unix_ms": 1750088054179,
      "timestamp_readable": "2025-06-16 15:34:14.179",
      "normalized_name": "Angry-Baby/Angry-Baby",
      "meme_name": "Angry-Baby",
      "post_id": 9,
      "english_label": "disgust",
      "response_time_ms": 1701
    },
    {
      "image_path": "attention_check/attention_check_Others.png",
      "label": "其他",
      "response_time": "00:00:01.301",
      "timestamp_unix": 1750088055,
      "timestamp_unix_ms": 1750088055610,
      "timestamp_readable": "2025-06-16 15:34:15.610",
      "normalized_name": "attention_check/attention_check_Others.png",
      "meme_name": "attention_check",
      "post_id": null,
      "english_label": "others",
      "response_time_ms": 1301
    },
    {
      "image_path": "Leonardo-Dicaprio-Wolf-Of-Wall-Street/Leonardo-Dicaprio-Wolf-Of-Wall-Street_17.png",
      "label": "厭惡",
      "response_time": "00:00:01.807",
      "timestamp_unix": 1750088057,
      "timestamp_unix_ms": 1750088057534,
      "timestamp_readable": "2025-06-16 15:34:17.534",
      "normalized_name": "Leonardo-Dicaprio-Wolf-Of-Wall-Street/Leonardo-Dicaprio-Wolf-Of-Wall-Street",
      "meme_name": "Leonardo-Dicaprio-Wolf-Of-Wall-Street",
      "post_id": 17,
      "english_label": "disgust",
      "response_time_ms": 1807
    },
    {
      "image_path": "Chill-guy/Chill-guy_47.png",
      "label": "厭惡",
      "response_time": "00:00:02.705",
      "timestamp_unix": 1750088060,
      "timestamp_unix_ms": 1750088060303,
      "timestamp_readable": "2025-06-16 15:34:20.303",
      "normalized_name": "Chill-guy/Chill-guy",
      "meme_name": "Chill-guy",
      "post_id": 47,
      "english_label": "disgust",
      "response_time_ms": 2705
    },
    {
      "image_path": "Ill-Have-You-Know-Spongebob/Ill-Have-You-Know-Spongebob_37.png",
      "label": "其他",
      "response_time": "00:00:01.706",
      "timestamp_unix": 1750088062,
      "timestamp_unix_ms": 1750088062128,
      "timestamp_readable": "2025-06-16 15:34:22.128",
      "normalized_name": "Ill-Have-You-Know-Spongebob/Ill-Have-You-Know-Spongebob",
      "meme_name": "Ill-Have-You-Know-Spongebob",
      "post_id": 37,
      "english_label": "others",
      "response_time_ms": 1706
    },
    {
      "image_path": "Archer/Archer_15.png",
      "label": "憤怒",
      "response_time": "00:00:01.014",
      "timestamp_unix": 1750088063,
      "timestamp_unix_ms": 1750088063264,
      "timestamp_readable": "2025-06-16 15:34:23.264",
      "normalized_name": "Archer/Archer",
      "meme_name": "Archer",
      "post_id": 15,
      "english_label": "anger",
      "response_time_ms": 1014
    },
    {
      "image_path": "Arthur-Fist/Arthur-Fist_21.png",
      "label": "厭惡",
      "response_time": "00:00:01.608",
      "timestamp_unix": 1750088065,
      "timestamp_unix_ms": 1750088065010,
      "timestamp_readable": "2025-06-16 15:34:25.010",
      "normalized_name": "Arthur-Fist/Arthur-Fist",
      "meme_name": "Arthur-Fist",
      "post_id": 21,
      "english_label": "disgust",
      "response_time_ms": 1608
    },
    {
      "image_path": "Kevin-Hart/Kevin-Hart_30.png",
      "label": "其他",
      "response_time": "00:00:01.601",
      "timestamp_unix": 1750088066,
      "timestamp_unix_ms": 1750088066714,
      "timestamp_readable": "2025-06-16 15:34:26.714",
      "normalized_name": "Kevin-Hart/Kevin-Hart",
      "meme_name": "Kevin-Hart",
      "post_id": 30,
      "english_label": "others",
      "response_time_ms": 1601
    },
    {
      "image_path": "For-the-better-right-blank/For-the-better-right-blank_1.png",
      "label": "厭惡",
      "response_time": "00:00:01.902",
      "timestamp_unix": 1750088068,
      "timestamp_unix_ms": 1750088068720,
      "timestamp_readable": "2025-06-16 15:34:28.720",
      "normalized_name": "For-the-better-right-blank/For-the-better-right-blank",
      "meme_name": "For-the-better-right-blank",
      "post_id": 1,
      "english_label": "disgust",
      "response_time_ms": 1902
    },
    {
      "image_path": "Dinkleberg/Dinkleberg_29.png",
      "label": "厭惡",
      "response_time": "00:00:01.207",
      "timestamp_unix": 1750088069,
      "timestamp_unix_ms": 1750088069983,
      "timestamp_readable": "2025-06-16 15:34:29.983",
      "normalized_name": "Dinkleberg/Dinkleberg",
      "meme_name": "Dinkleberg",
      "post_id": 29,
      "english_label": "disgust",
      "response_time_ms": 1207
    },
    {
      "image_path": "Math-ladyConfused-lady/Math-ladyConfused-lady_3.png",
      "label": "其他",
      "response_time": "00:00:01.907",
      "timestamp_unix": 1750088071,
      "timestamp_unix_ms": 1750088071965,
      "timestamp_readable": "2025-06-16 15:34:31.965",
      "normalized_name": "Math-ladyConfused-lady/Math-ladyConfused-lady",
      "meme_name": "Math-ladyConfused-lady",
      "post_id": 3,
      "english_label": "others",
      "response_time_ms": 1907
    },
    {
      "image_path": "Well-Yes-But-Actually-No/Well-Yes-But-Actually-No_16.png",
      "label": "其他",
      "response_time": "00:00:01.107",
      "timestamp_unix": 1750088073,
      "timestamp_unix_ms": 1750088073203,
      "timestamp_readable": "2025-06-16 15:34:33.203",
      "normalized_name": "Well-Yes-But-Actually-No/Well-Yes-But-Actually-No",
      "meme_name": "Well-Yes-But-Actually-No",
      "post_id": 16,
      "english_label": "others",
      "response_time_ms": 1107
    },
    {
      "image_path": "Khan/Khan_27.png",
      "label": "其他",
      "response_time": "00:00:01.301",
      "timestamp_unix": 1750088074,
      "timestamp_unix_ms": 1750088074569,
      "timestamp_readable": "2025-06-16 15:34:34.569",
      "normalized_name": "Khan/Khan",
      "meme_name": "Khan",
      "post_id": 27,
      "english_label": "others",
      "response_time_ms": 1301
    },
    {
      "image_path": "Obi-Wan-Kenobi/Obi-Wan-Kenobi_19.png",
      "label": "憤怒",
      "response_time": "00:00:01.507",
      "timestamp_unix": 1750088076,
      "timestamp_unix_ms": 1750088076162,
      "timestamp_readable": "2025-06-16 15:34:36.162",
      "normalized_name": "Obi-Wan-Kenobi/Obi-Wan-Kenobi",
      "meme_name": "Obi-Wan-Kenobi",
      "post_id": 19,
      "english_label": "anger",
      "response_time_ms": 1507
    },
    {
      "image_path": "Spiderman-Hospital/Spiderman-Hospital_34.png",
      "label": "憤怒",
      "response_time": "00:00:01.303",
      "timestamp_unix": 1750088077,
      "timestamp_unix_ms": 1750088077597,
      "timestamp_readable": "2025-06-16 15:34:37.597",
      "normalized_name": "Spiderman-Hospital/Spiderman-Hospital",
      "meme_name": "Spiderman-Hospital",
      "post_id": 34,
      "english_label": "anger",
      "response_time_ms": 1303
    },
    {
      "image_path": "Dave-chappelle/Dave-chappelle_10.png",
      "label": "厭惡",
      "response_time": "00:00:01.111",
      "timestamp_unix": 1750088078,
      "timestamp_unix_ms": 1750088078848,
      "timestamp_readable": "2025-06-16 15:34:38.848",
      "normalized_name": "Dave-chappelle/Dave-chappelle",
      "meme_name": "Dave-chappelle",
      "post_id": 10,
      "english_label": "disgust",
      "response_time_ms": 1111
    },
    {
      "image_path": "You-The-Real-MVP/You-The-Real-MVP_31.png",
      "label": "其他",
      "response_time": "00:00:02.008",
      "timestamp_unix": 1750088080,
      "timestamp_unix_ms": 1750088080965,
      "timestamp_readable": "2025-06-16 15:34:40.965",
      "normalized_name": "You-The-Real-MVP/You-The-Real-MVP",
      "meme_name": "You-The-Real-MVP",
      "post_id": 31,
      "english_label": "others",
      "response_time_ms": 2008
    },
    {
      "image_path": "Scooby-doo-mask-reveal/Scooby-doo-mask-reveal_39.png",
      "label": "其他",
      "response_time": "00:00:01.201",
      "timestamp_unix": 1750088082,
      "timestamp_unix_ms": 1750088082230,
      "timestamp_readable": "2025-06-16 15:34:42.230",
      "normalized_name": "Scooby-doo-mask-reveal/Scooby-doo-mask-reveal",
      "meme_name": "Scooby-doo-mask-reveal",
      "post_id": 39,
      "english_label": "others",
      "response_time_ms": 1201
    },
    {
      "image_path": "Monkey-Puppet/Monkey-Puppet_4.png",
      "label": "其他",
      "response_time": "00:00:00.801",
      "timestamp_unix": 1750088083,
      "timestamp_unix_ms": 1750088083183,
      "timestamp_readable": "2025-06-16 15:34:43.183",
      "normalized_name": "Monkey-Puppet/Monkey-Puppet",
      "meme_name": "Monkey-Puppet",
      "post_id": 4,
      "english_label": "others",
      "response_time_ms": 801
    },
    {
      "image_path": "Drake-NoYes/Drake-NoYes_28.png",
      "label": "厭惡",
      "response_time": "00:00:01.509",
      "timestamp_unix": 1750088084,
      "timestamp_unix_ms": 1750088084785,
      "timestamp_readable": "2025-06-16 15:34:44.785",
      "normalized_name": "Drake-NoYes/Drake-NoYes",
      "meme_name": "Drake-NoYes",
      "post_id": 28,
      "english_label": "disgust",
      "response_time_ms": 1509
    },
    {
      "image_path": "I-am-once-again-asking/I-am-once-again-asking_14.png",
      "label": "其他",
      "response_time": "00:00:01.402",
      "timestamp_unix": 1750088086,
      "timestamp_unix_ms": 1750088086330,
      "timestamp_readable": "2025-06-16 15:34:46.330",
      "normalized_name": "I-am-once-again-asking/I-am-once-again-asking",
      "meme_name": "I-am-once-again-asking",
      "post_id": 14,
      "english_label": "others",
      "response_time_ms": 1402
    },
    {
      "image_path": "Table-Flip-Guy/Table-Flip-Guy_8.png",
      "label": "其他",
      "response_time": "00:00:01.004",
      "timestamp_unix": 1750088087,
      "timestamp_unix_ms": 1750088087464,
      "timestamp_readable": "2025-06-16 15:34:47.464",
      "normalized_name": "Table-Flip-Guy/Table-Flip-Guy",
      "meme_name": "Table-Flip-Guy",
      "post_id": 8,
      "english_label": "others",
      "response_time_ms": 1004
    },
    {
      "image_path": "Disaster-Girl/Disaster-Girl_25.png",
      "label": "憤怒",
      "response_time": "00:00:01.109",
      "timestamp_unix": 1750088088,
      "timestamp_unix_ms": 1750088088649,
      "timestamp_readable": "2025-06-16 15:34:48.649",
      "normalized_name": "Disaster-Girl/Disaster-Girl",
      "meme_name": "Disaster-Girl",
      "post_id": 25,
      "english_label": "anger",
      "response_time_ms": 1109
    },
    {
      "image_path": "Mr-incredible-mad/Mr-incredible-mad_35.png",
      "label": "憤怒",
      "response_time": "00:00:01.213",
      "timestamp_unix": 1750088089,
      "timestamp_unix_ms": 1750088089965,
      "timestamp_readable": "2025-06-16 15:34:49.965",
      "normalized_name": "Mr-incredible-mad/Mr-incredible-mad",
      "meme_name": "Mr-incredible-mad",
      "post_id": 35,
      "english_label": "anger",
      "response_time_ms": 1213
    },
    {
      "image_path": "attention_check/attention_check_Disgust.png",
      "label": "厭惡",
      "response_time": "00:00:01.507",
      "timestamp_unix": 1750088091,
      "timestamp_unix_ms": 1750088091616,
      "timestamp_readable": "2025-06-16 15:34:51.616",
      "normalized_name": "attention_check/attention_check_Disgust.png",
      "meme_name": "attention_check",
      "post_id": null,
      "english_label": "disgust",
      "response_time_ms": 1507
    },
    {
      "image_path": "Persian-Cat-Room-Guardian/Persian-Cat-Room-Guardian_23.png",
      "label": "憤怒",
      "response_time": "00:00:01.406",
      "timestamp_unix": 1750088093,
      "timestamp_unix_ms": 1750088093131,
      "timestamp_readable": "2025-06-16 15:34:53.131",
      "normalized_name": "Persian-Cat-Room-Guardian/Persian-Cat-Room-Guardian",
      "meme_name": "Persian-Cat-Room-Guardian",
      "post_id": 23,
      "english_label": "anger",
      "response_time_ms": 1406
    },
    {
      "image_path": "Disappointed-Man/Disappointed-Man_44.png",
      "label": "憤怒",
      "response_time": "00:00:01.109",
      "timestamp_unix": 1750088094,
      "timestamp_unix_ms": 1750088094317,
      "timestamp_readable": "2025-06-16 15:34:54.317",
      "normalized_name": "Disappointed-Man/Disappointed-Man",
      "meme_name": "Disappointed-Man",
      "post_id": 44,
      "english_label": "anger",
      "response_time_ms": 1109
    },
    {
      "image_path": "Hold-fart/Hold-fart_50.png",
      "label": "憤怒",
      "response_time": "00:00:01.306",
      "timestamp_unix": 1750088095,
      "timestamp_unix_ms": 1750088095731,
      "timestamp_readable": "2025-06-16 15:34:55.731",
      "normalized_name": "Hold-fart/Hold-fart",
      "meme_name": "Hold-fart",
      "post_id": 50,
      "english_label": "anger",
      "response_time_ms": 1306
    },
    {
      "image_path": "Black-guy-hiding-behind-tree/Black-guy-hiding-behind-tree_5.png",
      "label": "其他",
      "response_time": "00:00:02.201",
      "timestamp_unix": 1750088098,
      "timestamp_unix_ms": 1750088098052,
      "timestamp_readable": "2025-06-16 15:34:58.052",
      "normalized_name": "Black-guy-hiding-behind-tree/Black-guy-hiding-behind-tree",
      "meme_name": "Black-guy-hiding-behind-tree",
      "post_id": 5,
      "english_label": "others",
      "response_time_ms": 2201
    },
    {
      "image_path": "Confused-Gandalf/Confused-Gandalf_45.png",
      "label": "其他",
      "response_time": "00:00:01.005",
      "timestamp_unix": 1750088099,
      "timestamp_unix_ms": 1750088099233,
      "timestamp_readable": "2025-06-16 15:34:59.233",
      "normalized_name": "Confused-Gandalf/Confused-Gandalf",
      "meme_name": "Confused-Gandalf",
      "post_id": 45,
      "english_label": "others",
      "response_time_ms": 1005
    },
    {
      "image_path": "Put-It-Somewhere-Else-Patrick/Put-It-Somewhere-Else-Patrick_2.png",
      "label": "其他",
      "response_time": "00:00:00.810",
      "timestamp_unix": 1750088100,
      "timestamp_unix_ms": 1750088100150,
      "timestamp_readable": "2025-06-16 15:35:00.150",
      "normalized_name": "Put-It-Somewhere-Else-Patrick/Put-It-Somewhere-Else-Patrick",
      "meme_name": "Put-It-Somewhere-Else-Patrick",
      "post_id": 2,
      "english_label": "others",
      "response_time_ms": 810
    },
    {
      "image_path": "Happy--Shock/Happy--Shock_41.png",
      "label": "厭惡",
      "response_time": "00:00:01.804",
      "timestamp_unix": 1750088102,
      "timestamp_unix_ms": 1750088102102,
      "timestamp_readable": "2025-06-16 15:35:02.102",
      "normalized_name": "Happy--Shock/Happy--Shock",
      "meme_name": "Happy--Shock",
      "post_id": 41,
      "english_label": "disgust",
      "response_time_ms": 1804
    }
  ],
  "session_start_unix": 1750088017,
  "session_status": "completed",
  "last_updated_unix": 1750088127,
  "image_order": [
    "Spiderman-Hospital/Spiderman-Hospital_34.png",
    "Happy--Shock/Happy--Shock_41.png",
    "Chill-guy/Chill-guy_47.png",
    "I-am-once-again-asking/I-am-once-again-asking_14.png",
    "Math-ladyConfused-lady/Math-ladyConfused-lady_3.png",
    "Archer/Archer_15.png",
    "Leonardo-Dicaprio-Wolf-Of-Wall-Street/Leonardo-Dicaprio-Wolf-Of-Wall-Street_17.png",
    "Mocking-Spongebob/Mocking-Spongebob_43.png",
    "Afraid-To-Ask-Andy/Afraid-To-Ask-Andy_40.png",
    "Charlie-Day/Charlie-Day_48.png",
    "Always-Has-Been/Always-Has-Been_36.png",
    "Picard-Wtf/Picard-Wtf_11.png",
    "Batman-Slapping-Robin/Batman-Slapping-Robin_24.png",
    "For-the-better-right-blank/For-the-better-right-blank_1.png",
    "Drake-NoYes/Drake-NoYes_28.png",
    "Laughing-wolf/Laughing-wolf_46.png",
    "DJ-Pauly-D/DJ-Pauly-D_6.png",
    "Always-you-three/Always-you-three_7.png",
    "Disappointed-Man/Disappointed-Man_44.png",
    "Smudge-the-cat/Smudge-the-cat_49.png",
    "Thats-a-paddlin/Thats-a-paddlin_12.png",
    "attention_check/attention_check_Others.png",
    "Hide-the-Pain-Harold/Hide-the-Pain-Harold_32.png",
    "Hold-fart/Hold-fart_50.png",
    "Im-The-Captain-Now/Im-The-Captain-Now_38.png",
    "Obi-Wan-Kenobi/Obi-Wan-Kenobi_19.png",
    "Spongebob-Yelling/Spongebob-Yelling_20.png",
    "Nuclear-Explosion/Nuclear-Explosion_22.png",
    "Dinkleberg/Dinkleberg_29.png",
    "Scooby-doo-mask-reveal/Scooby-doo-mask-reveal_39.png",
    "Disaster-Girl/Disaster-Girl_25.png",
    "Black-guy-hiding-behind-tree/Black-guy-hiding-behind-tree_5.png",
    "You-The-Real-MVP/You-The-Real-MVP_31.png",
    "Moe-throws-Barney/Moe-throws-Barney_26.png",
    "Ill-Have-You-Know-Spongebob/Ill-Have-You-Know-Spongebob_37.png",
    "Futurama-Fry/Futurama-Fry_42.png",
    "Monkey-Puppet/Monkey-Puppet_4.png",
    "Confused-Gandalf/Confused-Gandalf_45.png",
    "Mr-incredible-mad/Mr-incredible-mad_35.png",
    "Dave-chappelle/Dave-chappelle_10.png",
    "Surprised-Pikachu/Surprised-Pikachu_13.png",
    "Table-Flip-Guy/Table-Flip-Guy_8.png",
    "Kevin-Hart/Kevin-Hart_30.png",
    "Well-Yes-But-Actually-No/Well-Yes-But-Actually-No_16.png",
    "attention_check/attention_check_Disgust.png",
    "Mr-McMahon-reaction/Mr-McMahon-reaction_33.png",
    "Gru-Gun/Gru-Gun_18.png",
    "Persian-Cat-Room-Guardian/Persian-Cat-Room-Guardian_23.png",
    "Put-It-Somewhere-Else-Patrick/Put-It-Somewhere-Else-Patrick_2.png",
    "Angry-Baby/Angry-Baby_9.png",
    "Arthur-Fist/Arthur-Fist_21.png",
    "Khan/Khan_27.png"
  ],
  "completion_status": {
    "practice_completed": true,
    "game_started": true,
    "game_completed": true,
    "summary_viewed": true,
    "email_submitted": true
  },
  "timestamps_unix": {
    "registration_completed": 1750088017,
    "practice_started": 1750088017,
    "practice_completed": 1750088027,
    "game_started": 1750088027,
    "first_label": 1750088028,
    "last_label": 1750088102,
    "game_completed": 1750088104,
    "summary_viewed": 1750088104,
    "email_submitted": 1750088127,
    "session_end": 1750088127,
    "last_updated": 1750088127
  },
  "timestamps_unix_ms": {
    "registration_completed_ms": 1750088017101,
    "practice_started_ms": 1750088017155,
    "practice_completed_ms": 1750088027000,
    "game_started_ms": 1750088027025,
    "first_label_ms": 1750088028634,
    "last_label_ms": 1750088102102,
    "game_completed_ms": 1750088104732,
    "summary_viewed_ms": 1750088104758,
    "email_submitted_ms": 1750088127823,
    "session_end_ms": 1750088127823,
    "last_updated_ms": 1750088127823
  },
  "duration_stats_ms": {
    "total_session_duration_ms": 110722,
    "practice_duration_ms": 9845,
    "game_duration_ms": 77707,
    "labeling_duration_ms": 73468,
    "email_submission_duration_ms": 23065
  },
  "filename_updated_unix": 1750088104,
  "original_filename": "user_ba3fee",
  "completion_status_in_filename": "email_submitted"
}