{
  "user_id": "user_0ad8a5",
  "file_name": "user_0ad8a5_1749707704_1749707772_fullycomplete",
  "unix_start_time": 1749707704,
  "unix_start_time_ms": 1749707704635,
  "unix_end_time": 1749707772,
  "unix_end_time_ms": 1749707772952,
  "age": "18-24",
  "gender": "female",
  "user_agent": "Mozilla/5.0 (Windows NT 10.0; Win64; x64) AppleWebKit/537.36 (KHTML, like Gecko) Chrome/137.0.0.0 Safari/537.36",
  "user_ip": "1.34.91.151",
  "status": "complete",
  "email_provided": "complete",
  "attention_passed": true,
  "start_time_readable": "2025-06-12 05:55:04.635",
  "end_time_readable": "2025-06-12 05:56:12.952",
  "total_labels": 52,
  "emotion_summary": {
    "anger": 14,
    "contempt": 14,
    "disgust": 12,
    "others": 12
  },
  "email": "yunweny8@gmail.com",
  "participation": "yes",
  "total_responses": 52,
  "responses": [
    {
      "image_path": "For-the-better-right-blank/For-the-better-right-blank_39.png",
      "label": "輕蔑",
      "response_time": "00:00:02.613",
      "timestamp_unix": 1749707718,
      "timestamp_unix_ms": 1749707718733,
      "timestamp_readable": "2025-06-12 05:55:18.733",
      "normalized_name": "For-the-better-right-blank/For-the-better-right-blank",
      "meme_name": "For-the-better-right-blank",
      "post_id": 39,
      "english_label": "contempt",
      "response_time_ms": 2613
    },
    {
      "image_path": "Surprised-Pikachu/Surprised-Pikachu_44.png",
      "label": "厭惡",
      "response_time": "00:00:00.503",
      "timestamp_unix": 1749707719,
      "timestamp_unix_ms": 1749707719366,
      "timestamp_readable": "2025-06-12 05:55:19.366",
      "normalized_name": "Surprised-Pikachu/Surprised-Pikachu",
      "meme_name": "Surprised-Pikachu",
      "post_id": 44,
      "english_label": "disgust",
      "response_time_ms": 503
    },
    {
      "image_path": "Black-guy-hiding-behind-tree/Black-guy-hiding-behind-tree_6.png",
      "label": "其他",
      "response_time": "00:00:00.402",
      "timestamp_unix": 1749707719,
      "timestamp_unix_ms": 1749707719882,
      "timestamp_readable": "2025-06-12 05:55:19.882",
      "normalized_name": "Black-guy-hiding-behind-tree/Black-guy-hiding-behind-tree",
      "meme_name": "Black-guy-hiding-behind-tree",
      "post_id": 6,
      "english_label": "others",
      "response_time_ms": 402
    },
    {
      "image_path": "Batman-Slapping-Robin/Batman-Slapping-Robin_1.png",
      "label": "憤怒",
      "response_time": "00:00:00.504",
      "timestamp_unix": 1749707720,
      "timestamp_unix_ms": 1749707720483,
      "timestamp_readable": "2025-06-12 05:55:20.483",
      "normalized_name": "Batman-Slapping-Robin/Batman-Slapping-Robin",
      "meme_name": "Batman-Slapping-Robin",
      "post_id": 1,
      "english_label": "anger",
      "response_time_ms": 504
    },
    {
      "image_path": "Afraid-To-Ask-Andy/Afraid-To-Ask-Andy_12.png",
      "label": "輕蔑",
      "response_time": "00:00:00.504",
      "timestamp_unix": 1749707721,
      "timestamp_unix_ms": 1749707721083,
      "timestamp_readable": "2025-06-12 05:55:21.083",
      "normalized_name": "Afraid-To-Ask-Andy/Afraid-To-Ask-Andy",
      "meme_name": "Afraid-To-Ask-Andy",
      "post_id": 12,
      "english_label": "contempt",
      "response_time_ms": 504
    },
    {
      "image_path": "Mr-McMahon-reaction/Mr-McMahon-reaction_8.png",
      "label": "厭惡",
      "response_time": "00:00:00.603",
      "timestamp_unix": 1749707721,
      "timestamp_unix_ms": 1749707721799,
      "timestamp_readable": "2025-06-12 05:55:21.799",
      "normalized_name": "Mr-McMahon-reaction/Mr-McMahon-reaction",
      "meme_name": "Mr-McMahon-reaction",
      "post_id": 8,
      "english_label": "disgust",
      "response_time_ms": 603
    },
    {
      "image_path": "DJ-Pauly-D/DJ-Pauly-D_49.png",
      "label": "其他",
      "response_time": "00:00:00.604",
      "timestamp_unix": 1749707722,
      "timestamp_unix_ms": 1749707722471,
      "timestamp_readable": "2025-06-12 05:55:22.471",
      "normalized_name": "DJ-Pauly-D/DJ-Pauly-D",
      "meme_name": "DJ-Pauly-D",
      "post_id": 49,
      "english_label": "others",
      "response_time_ms": 604
    },
    {
      "image_path": "Scooby-doo-mask-reveal/Scooby-doo-mask-reveal_38.png",
      "label": "憤怒",
      "response_time": "00:00:00.407",
      "timestamp_unix": 1749707723,
      "timestamp_unix_ms": 1749707723049,
      "timestamp_readable": "2025-06-12 05:55:23.049",
      "normalized_name": "Scooby-doo-mask-reveal/Scooby-doo-mask-reveal",
      "meme_name": "Scooby-doo-mask-reveal",
      "post_id": 38,
      "english_label": "anger",
      "response_time_ms": 407
    },
    {
      "image_path": "Arthur-Fist/Arthur-Fist_7.png",
      "label": "輕蔑",
      "response_time": "00:00:00.503",
      "timestamp_unix": 1749707723,
      "timestamp_unix_ms": 1749707723616,
      "timestamp_readable": "2025-06-12 05:55:23.616",
      "normalized_name": "Arthur-Fist/Arthur-Fist",
      "meme_name": "Arthur-Fist",
      "post_id": 7,
      "english_label": "contempt",
      "response_time_ms": 503
    },
    {
      "image_path": "Ill-Have-You-Know-Spongebob/Ill-Have-You-Know-Spongebob_31.png",
      "label": "厭惡",
      "response_time": "00:00:00.603",
      "timestamp_unix": 1749707724,
      "timestamp_unix_ms": 1749707724282,
      "timestamp_readable": "2025-06-12 05:55:24.282",
      "normalized_name": "Ill-Have-You-Know-Spongebob/Ill-Have-You-Know-Spongebob",
      "meme_name": "Ill-Have-You-Know-Spongebob",
      "post_id": 31,
      "english_label": "disgust",
      "response_time_ms": 603
    },
    {
      "image_path": "Futurama-Fry/Futurama-Fry_23.png",
      "label": "其他",
      "response_time": "00:00:00.605",
      "timestamp_unix": 1749707724,
      "timestamp_unix_ms": 1749707724953,
      "timestamp_readable": "2025-06-12 05:55:24.953",
      "normalized_name": "Futurama-Fry/Futurama-Fry",
      "meme_name": "Futurama-Fry",
      "post_id": 23,
      "english_label": "others",
      "response_time_ms": 605
    },
    {
      "image_path": "Picard-Wtf/Picard-Wtf_32.png",
      "label": "憤怒",
      "response_time": "00:00:00.801",
      "timestamp_unix": 1749707725,
      "timestamp_unix_ms": 1749707725866,
      "timestamp_readable": "2025-06-12 05:55:25.866",
      "normalized_name": "Picard-Wtf/Picard-Wtf",
      "meme_name": "Picard-Wtf",
      "post_id": 32,
      "english_label": "anger",
      "response_time_ms": 801
    },
    {
      "image_path": "Always-you-three/Always-you-three_18.png",
      "label": "輕蔑",
      "response_time": "00:00:00.603",
      "timestamp_unix": 1749707726,
      "timestamp_unix_ms": 1749707726517,
      "timestamp_readable": "2025-06-12 05:55:26.517",
      "normalized_name": "Always-you-three/Always-you-three",
      "meme_name": "Always-you-three",
      "post_id": 18,
      "english_label": "contempt",
      "response_time_ms": 603
    },
    {
      "image_path": "Mr-incredible-mad/Mr-incredible-mad_20.png",
      "label": "厭惡",
      "response_time": "00:00:00.602",
      "timestamp_unix": 1749707727,
      "timestamp_unix_ms": 1749707727250,
      "timestamp_readable": "2025-06-12 05:55:27.250",
      "normalized_name": "Mr-incredible-mad/Mr-incredible-mad",
      "meme_name": "Mr-incredible-mad",
      "post_id": 20,
      "english_label": "disgust",
      "response_time_ms": 602
    },
    {
      "image_path": "Well-Yes-But-Actually-No/Well-Yes-But-Actually-No_33.png",
      "label": "其他",
      "response_time": "00:00:00.704",
      "timestamp_unix": 1749707728,
      "timestamp_unix_ms": 1749707728017,
      "timestamp_readable": "2025-06-12 05:55:28.017",
      "normalized_name": "Well-Yes-But-Actually-No/Well-Yes-But-Actually-No",
      "meme_name": "Well-Yes-But-Actually-No",
      "post_id": 33,
      "english_label": "others",
      "response_time_ms": 704
    },
    {
      "image_path": "Kevin-Hart/Kevin-Hart_34.png",
      "label": "憤怒",
      "response_time": "00:00:00.704",
      "timestamp_unix": 1749707728,
      "timestamp_unix_ms": 1749707728799,
      "timestamp_readable": "2025-06-12 05:55:28.799",
      "normalized_name": "Kevin-Hart/Kevin-Hart",
      "meme_name": "Kevin-Hart",
      "post_id": 34,
      "english_label": "anger",
      "response_time_ms": 704
    },
    {
      "image_path": "Angry-Baby/Angry-Baby_28.png",
      "label": "輕蔑",
      "response_time": "00:00:00.703",
      "timestamp_unix": 1749707729,
      "timestamp_unix_ms": 1749707729550,
      "timestamp_readable": "2025-06-12 05:55:29.550",
      "normalized_name": "Angry-Baby/Angry-Baby",
      "meme_name": "Angry-Baby",
      "post_id": 28,
      "english_label": "contempt",
      "response_time_ms": 703
    },
    {
      "image_path": "Spiderman-Hospital/Spiderman-Hospital_24.png",
      "label": "厭惡",
      "response_time": "00:00:00.702",
      "timestamp_unix": 1749707730,
      "timestamp_unix_ms": 1749707730316,
      "timestamp_readable": "2025-06-12 05:55:30.316",
      "normalized_name": "Spiderman-Hospital/Spiderman-Hospital",
      "meme_name": "Spiderman-Hospital",
      "post_id": 24,
      "english_label": "disgust",
      "response_time_ms": 702
    },
    {
      "image_path": "Drake-NoYes/Drake-NoYes_17.png",
      "label": "其他",
      "response_time": "00:00:00.804",
      "timestamp_unix": 1749707731,
      "timestamp_unix_ms": 1749707731200,
      "timestamp_readable": "2025-06-12 05:55:31.200",
      "normalized_name": "Drake-NoYes/Drake-NoYes",
      "meme_name": "Drake-NoYes",
      "post_id": 17,
      "english_label": "others",
      "response_time_ms": 804
    },
    {
      "image_path": "Nuclear-Explosion/Nuclear-Explosion_19.png",
      "label": "憤怒",
      "response_time": "00:00:00.802",
      "timestamp_unix": 1749707732,
      "timestamp_unix_ms": 1749707732083,
      "timestamp_readable": "2025-06-12 05:55:32.083",
      "normalized_name": "Nuclear-Explosion/Nuclear-Explosion",
      "meme_name": "Nuclear-Explosion",
      "post_id": 19,
      "english_label": "anger",
      "response_time_ms": 802
    },
    {
      "image_path": "attention_check/attention_check_Disgust.png",
      "label": "厭惡",
      "response_time": "00:00:02.202",
      "timestamp_unix": 1749707734,
      "timestamp_unix_ms": 1749707734351,
      "timestamp_readable": "2025-06-12 05:55:34.351",
      "normalized_name": "attention_check/attention_check_Disgust.png",
      "meme_name": "attention_check",
      "post_id": null,
      "english_label": "disgust",
      "response_time_ms": 2202
    },
    {
      "image_path": "Confused-Gandalf/Confused-Gandalf_21.png",
      "label": "輕蔑",
      "response_time": "00:00:00.703",
      "timestamp_unix": 1749707735,
      "timestamp_unix_ms": 1749707735183,
      "timestamp_readable": "2025-06-12 05:55:35.183",
      "normalized_name": "Confused-Gandalf/Confused-Gandalf",
      "meme_name": "Confused-Gandalf",
      "post_id": 21,
      "english_label": "contempt",
      "response_time_ms": 703
    },
    {
      "image_path": "Thats-a-paddlin/Thats-a-paddlin_50.png",
      "label": "厭惡",
      "response_time": "00:00:00.802",
      "timestamp_unix": 1749707736,
      "timestamp_unix_ms": 1749707736066,
      "timestamp_readable": "2025-06-12 05:55:36.066",
      "normalized_name": "Thats-a-paddlin/Thats-a-paddlin",
      "meme_name": "Thats-a-paddlin",
      "post_id": 50,
      "english_label": "disgust",
      "response_time_ms": 802
    },
    {
      "image_path": "Always-Has-Been/Always-Has-Been_35.png",
      "label": "其他",
      "response_time": "00:00:00.603",
      "timestamp_unix": 1749707736,
      "timestamp_unix_ms": 1749707736784,
      "timestamp_readable": "2025-06-12 05:55:36.784",
      "normalized_name": "Always-Has-Been/Always-Has-Been",
      "meme_name": "Always-Has-Been",
      "post_id": 35,
      "english_label": "others",
      "response_time_ms": 603
    },
    {
      "image_path": "Mocking-Spongebob/Mocking-Spongebob_27.png",
      "label": "憤怒",
      "response_time": "00:00:00.602",
      "timestamp_unix": 1749707737,
      "timestamp_unix_ms": 1749707737435,
      "timestamp_readable": "2025-06-12 05:55:37.435",
      "normalized_name": "Mocking-Spongebob/Mocking-Spongebob",
      "meme_name": "Mocking-Spongebob",
      "post_id": 27,
      "english_label": "anger",
      "response_time_ms": 602
    },
    {
      "image_path": "Obi-Wan-Kenobi/Obi-Wan-Kenobi_29.png",
      "label": "憤怒",
      "response_time": "00:00:00.601",
      "timestamp_unix": 1749707738,
      "timestamp_unix_ms": 1749707738084,
      "timestamp_readable": "2025-06-12 05:55:38.084",
      "normalized_name": "Obi-Wan-Kenobi/Obi-Wan-Kenobi",
      "meme_name": "Obi-Wan-Kenobi",
      "post_id": 29,
      "english_label": "anger",
      "response_time_ms": 601
    },
    {
      "image_path": "Table-Flip-Guy/Table-Flip-Guy_14.png",
      "label": "其他",
      "response_time": "00:00:00.702",
      "timestamp_unix": 1749707738,
      "timestamp_unix_ms": 1749707738850,
      "timestamp_readable": "2025-06-12 05:55:38.850",
      "normalized_name": "Table-Flip-Guy/Table-Flip-Guy",
      "meme_name": "Table-Flip-Guy",
      "post_id": 14,
      "english_label": "others",
      "response_time_ms": 702
    },
    {
      "image_path": "Spongebob-Yelling/Spongebob-Yelling_45.png",
      "label": "輕蔑",
      "response_time": "00:00:00.804",
      "timestamp_unix": 1749707739,
      "timestamp_unix_ms": 1749707739683,
      "timestamp_readable": "2025-06-12 05:55:39.683",
      "normalized_name": "Spongebob-Yelling/Spongebob-Yelling",
      "meme_name": "Spongebob-Yelling",
      "post_id": 45,
      "english_label": "contempt",
      "response_time_ms": 804
    },
    {
      "image_path": "Happy--Shock/Happy--Shock_3.png",
      "label": "輕蔑",
      "response_time": "00:00:00.902",
      "timestamp_unix": 1749707740,
      "timestamp_unix_ms": 1749707740683,
      "timestamp_readable": "2025-06-12 05:55:40.683",
      "normalized_name": "Happy--Shock/Happy--Shock",
      "meme_name": "Happy--Shock",
      "post_id": 3,
      "english_label": "contempt",
      "response_time_ms": 902
    },
    {
      "image_path": "Hold-fart/Hold-fart_48.png",
      "label": "厭惡",
      "response_time": "00:00:01.002",
      "timestamp_unix": 1749707741,
      "timestamp_unix_ms": 1749707741767,
      "timestamp_readable": "2025-06-12 05:55:41.767",
      "normalized_name": "Hold-fart/Hold-fart",
      "meme_name": "Hold-fart",
      "post_id": 48,
      "english_label": "disgust",
      "response_time_ms": 1002
    },
    {
      "image_path": "Disaster-Girl/Disaster-Girl_46.png",
      "label": "其他",
      "response_time": "00:00:00.702",
      "timestamp_unix": 1749707742,
      "timestamp_unix_ms": 1749707742567,
      "timestamp_readable": "2025-06-12 05:55:42.567",
      "normalized_name": "Disaster-Girl/Disaster-Girl",
      "meme_name": "Disaster-Girl",
      "post_id": 46,
      "english_label": "others",
      "response_time_ms": 702
    },
    {
      "image_path": "Dinkleberg/Dinkleberg_30.png",
      "label": "憤怒",
      "response_time": "00:00:00.702",
      "timestamp_unix": 1749707743,
      "timestamp_unix_ms": 1749707743367,
      "timestamp_readable": "2025-06-12 05:55:43.367",
      "normalized_name": "Dinkleberg/Dinkleberg",
      "meme_name": "Dinkleberg",
      "post_id": 30,
      "english_label": "anger",
      "response_time_ms": 702
    },
    {
      "image_path": "Math-ladyConfused-lady/Math-ladyConfused-lady_47.png",
      "label": "輕蔑",
      "response_time": "00:00:00.702",
      "timestamp_unix": 1749707744,
      "timestamp_unix_ms": 1749707744133,
      "timestamp_readable": "2025-06-12 05:55:44.133",
      "normalized_name": "Math-ladyConfused-lady/Math-ladyConfused-lady",
      "meme_name": "Math-ladyConfused-lady",
      "post_id": 47,
      "english_label": "contempt",
      "response_time_ms": 702
    },
    {
      "image_path": "Gru-Gun/Gru-Gun_40.png",
      "label": "輕蔑",
      "response_time": "00:00:00.904",
      "timestamp_unix": 1749707745,
      "timestamp_unix_ms": 1749707745083,
      "timestamp_readable": "2025-06-12 05:55:45.083",
      "normalized_name": "Gru-Gun/Gru-Gun",
      "meme_name": "Gru-Gun",
      "post_id": 40,
      "english_label": "contempt",
      "response_time_ms": 904
    },
    {
      "image_path": "Disappointed-Man/Disappointed-Man_10.png",
      "label": "輕蔑",
      "response_time": "00:00:00.903",
      "timestamp_unix": 1749707746,
      "timestamp_unix_ms": 1749707746050,
      "timestamp_readable": "2025-06-12 05:55:46.050",
      "normalized_name": "Disappointed-Man/Disappointed-Man",
      "meme_name": "Disappointed-Man",
      "post_id": 10,
      "english_label": "contempt",
      "response_time_ms": 903
    },
    {
      "image_path": "Charlie-Day/Charlie-Day_25.png",
      "label": "厭惡",
      "response_time": "00:00:00.701",
      "timestamp_unix": 1749707746,
      "timestamp_unix_ms": 1749707746800,
      "timestamp_readable": "2025-06-12 05:55:46.800",
      "normalized_name": "Charlie-Day/Charlie-Day",
      "meme_name": "Charlie-Day",
      "post_id": 25,
      "english_label": "disgust",
      "response_time_ms": 701
    },
    {
      "image_path": "Put-It-Somewhere-Else-Patrick/Put-It-Somewhere-Else-Patrick_2.png",
      "label": "其他",
      "response_time": "00:00:00.703",
      "timestamp_unix": 1749707747,
      "timestamp_unix_ms": 1749707747549,
      "timestamp_readable": "2025-06-12 05:55:47.549",
      "normalized_name": "Put-It-Somewhere-Else-Patrick/Put-It-Somewhere-Else-Patrick",
      "meme_name": "Put-It-Somewhere-Else-Patrick",
      "post_id": 2,
      "english_label": "others",
      "response_time_ms": 703
    },
    {
      "image_path": "Chill-guy/Chill-guy_16.png",
      "label": "憤怒",
      "response_time": "00:00:00.704",
      "timestamp_unix": 1749707748,
      "timestamp_unix_ms": 1749707748349,
      "timestamp_readable": "2025-06-12 05:55:48.349",
      "normalized_name": "Chill-guy/Chill-guy",
      "meme_name": "Chill-guy",
      "post_id": 16,
      "english_label": "anger",
      "response_time_ms": 704
    },
    {
      "image_path": "Moe-throws-Barney/Moe-throws-Barney_37.png",
      "label": "其他",
      "response_time": "00:00:00.800",
      "timestamp_unix": 1749707749,
      "timestamp_unix_ms": 1749707749200,
      "timestamp_readable": "2025-06-12 05:55:49.200",
      "normalized_name": "Moe-throws-Barney/Moe-throws-Barney",
      "meme_name": "Moe-throws-Barney",
      "post_id": 37,
      "english_label": "others",
      "response_time_ms": 800
    },
    {
      "image_path": "I-am-once-again-asking/I-am-once-again-asking_11.png",
      "label": "輕蔑",
      "response_time": "00:00:00.801",
      "timestamp_unix": 1749707750,
      "timestamp_unix_ms": 1749707750067,
      "timestamp_readable": "2025-06-12 05:55:50.067",
      "normalized_name": "I-am-once-again-asking/I-am-once-again-asking",
      "meme_name": "I-am-once-again-asking",
      "post_id": 11,
      "english_label": "contempt",
      "response_time_ms": 801
    },
    {
      "image_path": "You-The-Real-MVP/You-The-Real-MVP_5.png",
      "label": "厭惡",
      "response_time": "00:00:00.703",
      "timestamp_unix": 1749707750,
      "timestamp_unix_ms": 1749707750900,
      "timestamp_readable": "2025-06-12 05:55:50.900",
      "normalized_name": "You-The-Real-MVP/You-The-Real-MVP",
      "meme_name": "You-The-Real-MVP",
      "post_id": 5,
      "english_label": "disgust",
      "response_time_ms": 703
    },
    {
      "image_path": "Laughing-wolf/Laughing-wolf_22.png",
      "label": "輕蔑",
      "response_time": "00:00:00.803",
      "timestamp_unix": 1749707751,
      "timestamp_unix_ms": 1749707751817,
      "timestamp_readable": "2025-06-12 05:55:51.817",
      "normalized_name": "Laughing-wolf/Laughing-wolf",
      "meme_name": "Laughing-wolf",
      "post_id": 22,
      "english_label": "contempt",
      "response_time_ms": 803
    },
    {
      "image_path": "Smudge-the-cat/Smudge-the-cat_36.png",
      "label": "憤怒",
      "response_time": "00:00:00.702",
      "timestamp_unix": 1749707752,
      "timestamp_unix_ms": 1749707752583,
      "timestamp_readable": "2025-06-12 05:55:52.583",
      "normalized_name": "Smudge-the-cat/Smudge-the-cat",
      "meme_name": "Smudge-the-cat",
      "post_id": 36,
      "english_label": "anger",
      "response_time_ms": 702
    },
    {
      "image_path": "Leonardo-Dicaprio-Wolf-Of-Wall-Street/Leonardo-Dicaprio-Wolf-Of-Wall-Street_4.png",
      "label": "其他",
      "response_time": "00:00:00.901",
      "timestamp_unix": 1749707753,
      "timestamp_unix_ms": 1749707753550,
      "timestamp_readable": "2025-06-12 05:55:53.550",
      "normalized_name": "Leonardo-Dicaprio-Wolf-Of-Wall-Street/Leonardo-Dicaprio-Wolf-Of-Wall-Street",
      "meme_name": "Leonardo-Dicaprio-Wolf-Of-Wall-Street",
      "post_id": 4,
      "english_label": "others",
      "response_time_ms": 901
    },
    {
      "image_path": "Im-The-Captain-Now/Im-The-Captain-Now_9.png",
      "label": "厭惡",
      "response_time": "00:00:00.703",
      "timestamp_unix": 1749707754,
      "timestamp_unix_ms": 1749707754300,
      "timestamp_readable": "2025-06-12 05:55:54.300",
      "normalized_name": "Im-The-Captain-Now/Im-The-Captain-Now",
      "meme_name": "Im-The-Captain-Now",
      "post_id": 9,
      "english_label": "disgust",
      "response_time_ms": 703
    },
    {
      "image_path": "Archer/Archer_26.png",
      "label": "憤怒",
      "response_time": "00:00:00.803",
      "timestamp_unix": 1749707755,
      "timestamp_unix_ms": 1749707755167,
      "timestamp_readable": "2025-06-12 05:55:55.167",
      "normalized_name": "Archer/Archer",
      "meme_name": "Archer",
      "post_id": 26,
      "english_label": "anger",
      "response_time_ms": 803
    },
    {
      "image_path": "attention_check/attention_check_Anger.png",
      "label": "憤怒",
      "response_time": "00:00:01.701",
      "timestamp_unix": 1749707756,
      "timestamp_unix_ms": 1749707756967,
      "timestamp_readable": "2025-06-12 05:55:56.967",
      "normalized_name": "attention_check/attention_check_Anger.png",
      "meme_name": "attention_check",
      "post_id": null,
      "english_label": "anger",
      "response_time_ms": 1701
    },
    {
      "image_path": "Dave-chappelle/Dave-chappelle_13.png",
      "label": "憤怒",
      "response_time": "00:00:01.002",
      "timestamp_unix": 1749707758,
      "timestamp_unix_ms": 1749707758034,
      "timestamp_readable": "2025-06-12 05:55:58.034",
      "normalized_name": "Dave-chappelle/Dave-chappelle",
      "meme_name": "Dave-chappelle",
      "post_id": 13,
      "english_label": "anger",
      "response_time_ms": 1002
    },
    {
      "image_path": "Persian-Cat-Room-Guardian/Persian-Cat-Room-Guardian_41.png",
      "label": "輕蔑",
      "response_time": "00:00:00.502",
      "timestamp_unix": 1749707758,
      "timestamp_unix_ms": 1749707758617,
      "timestamp_readable": "2025-06-12 05:55:58.617",
      "normalized_name": "Persian-Cat-Room-Guardian/Persian-Cat-Room-Guardian",
      "meme_name": "Persian-Cat-Room-Guardian",
      "post_id": 41,
      "english_label": "contempt",
      "response_time_ms": 502
    },
    {
      "image_path": "Khan/Khan_42.png",
      "label": "厭惡",
      "response_time": "00:00:00.802",
      "timestamp_unix": 1749707759,
      "timestamp_unix_ms": 1749707759450,
      "timestamp_readable": "2025-06-12 05:55:59.450",
      "normalized_name": "Khan/Khan",
      "meme_name": "Khan",
      "post_id": 42,
      "english_label": "disgust",
      "response_time_ms": 802
    },
    {
      "image_path": "Monkey-Puppet/Monkey-Puppet_43.png",
      "label": "其他",
      "response_time": "00:00:00.703",
      "timestamp_unix": 1749707760,
      "timestamp_unix_ms": 1749707760250,
      "timestamp_readable": "2025-06-12 05:56:00.250",
      "normalized_name": "Monkey-Puppet/Monkey-Puppet",
      "meme_name": "Monkey-Puppet",
      "post_id": 43,
      "english_label": "others",
      "response_time_ms": 703
    },
    {
      "image_path": "Hide-the-Pain-Harold/Hide-the-Pain-Harold_15.png",
      "label": "憤怒",
      "response_time": "00:00:00.803",
      "timestamp_unix": 1749707761,
      "timestamp_unix_ms": 1749707761100,
      "timestamp_readable": "2025-06-12 05:56:01.100",
      "normalized_name": "Hide-the-Pain-Harold/Hide-the-Pain-Harold",
      "meme_name": "Hide-the-Pain-Harold",
      "post_id": 15,
      "english_label": "anger",
      "response_time_ms": 803
    }
  ],
  "session_start_unix": 1749707704,
  "session_status": "completed",
  "last_updated_unix": 1749707772,
  "image_order": [
    "Spiderman-Hospital/Spiderman-Hospital_24.png",
    "Happy--Shock/Happy--Shock_3.png",
    "Chill-guy/Chill-guy_16.png",
    "I-am-once-again-asking/I-am-once-again-asking_11.png",
    "Math-ladyConfused-lady/Math-ladyConfused-lady_47.png",
    "Archer/Archer_26.png",
    "Leonardo-Dicaprio-Wolf-Of-Wall-Street/Leonardo-Dicaprio-Wolf-Of-Wall-Street_4.png",
    "Mocking-Spongebob/Mocking-Spongebob_27.png",
    "Afraid-To-Ask-Andy/Afraid-To-Ask-Andy_12.png",
    "Charlie-Day/Charlie-Day_25.png",
    "Always-Has-Been/Always-Has-Been_35.png",
    "Picard-Wtf/Picard-Wtf_32.png",
    "Batman-Slapping-Robin/Batman-Slapping-Robin_1.png",
    "For-the-better-right-blank/For-the-better-right-blank_39.png",
    "Drake-NoYes/Drake-NoYes_17.png",
    "Laughing-wolf/Laughing-wolf_22.png",
    "DJ-Pauly-D/DJ-Pauly-D_49.png",
    "Always-you-three/Always-you-three_18.png",
    "Disappointed-Man/Disappointed-Man_10.png",
    "Smudge-the-cat/Smudge-the-cat_36.png",
    "attention_check/attention_check_Disgust.png",
    "Thats-a-paddlin/Thats-a-paddlin_50.png",
    "Hide-the-Pain-Harold/Hide-the-Pain-Harold_15.png",
    "Hold-fart/Hold-fart_48.png",
    "Im-The-Captain-Now/Im-The-Captain-Now_9.png",
    "Obi-Wan-Kenobi/Obi-Wan-Kenobi_29.png",
    "Spongebob-Yelling/Spongebob-Yelling_45.png",
    "Nuclear-Explosion/Nuclear-Explosion_19.png",
    "Dinkleberg/Dinkleberg_30.png",
    "Scooby-doo-mask-reveal/Scooby-doo-mask-reveal_38.png",
    "Disaster-Girl/Disaster-Girl_46.png",
    "Black-guy-hiding-behind-tree/Black-guy-hiding-behind-tree_6.png",
    "You-The-Real-MVP/You-The-Real-MVP_5.png",
    "Moe-throws-Barney/Moe-throws-Barney_37.png",
    "Ill-Have-You-Know-Spongebob/Ill-Have-You-Know-Spongebob_31.png",
    "Futurama-Fry/Futurama-Fry_23.png",
    "Monkey-Puppet/Monkey-Puppet_43.png",
    "Confused-Gandalf/Confused-Gandalf_21.png",
    "Mr-incredible-mad/Mr-incredible-mad_20.png",
    "Dave-chappelle/Dave-chappelle_13.png",
    "Surprised-Pikachu/Surprised-Pikachu_44.png",
    "Table-Flip-Guy/Table-Flip-Guy_14.png",
    "Kevin-Hart/Kevin-Hart_34.png",
    "Well-Yes-But-Actually-No/Well-Yes-But-Actually-No_33.png",
    "Mr-McMahon-reaction/Mr-McMahon-reaction_8.png",
    "Gru-Gun/Gru-Gun_40.png",
    "attention_check/attention_check_Anger.png",
    "Persian-Cat-Room-Guardian/Persian-Cat-Room-Guardian_41.png",
    "Put-It-Somewhere-Else-Patrick/Put-It-Somewhere-Else-Patrick_2.png",
    "Angry-Baby/Angry-Baby_28.png",
    "Arthur-Fist/Arthur-Fist_7.png",
    "Khan/Khan_42.png"
  ],
  "completion_status": {
    "practice_completed": true,
    "game_started": true,
    "game_completed": true,
    "summary_viewed": true,
    "email_submitted": true
  },
  "timestamps_unix": {
    "registration_completed": 1749707704,
    "practice_started": 1749707704,
    "practice_completed": 1749707716,
    "game_started": 1749707716,
    "first_label": 1749707718,
    "last_label": 1749707761,
    "game_completed": 1749707763,
    "summary_viewed": 1749707763,
    "email_submitted": 1749707772,
    "session_end": 1749707772,
    "last_updated": 1749707772
  },
  "timestamps_unix_ms": {
    "registration_completed_ms": 1749707704635,
    "practice_started_ms": 1749707704671,
    "practice_completed_ms": 1749707716012,
    "game_started_ms": 1749707716019,
    "first_label_ms": 1749707718733,
    "last_label_ms": 1749707761100,
    "game_completed_ms": 1749707763959,
    "summary_viewed_ms": 1749707763968,
    "email_submitted_ms": 1749707772943,
    "session_end_ms": 1749707772943,
    "last_updated_ms": 1749707772943
  },
  "duration_stats_ms": {
    "total_session_duration_ms": 68308,
    "practice_duration_ms": 11341,
    "game_duration_ms": 47940,
    "labeling_duration_ms": 42367,
    "email_submission_duration_ms": 8975
  },
  "filename_updated_unix": 1749707764,
  "original_filename": "user_0ad8a5",
  "completion_status_in_filename": "email_submitted"
}