{
  "user_id": "user_4afd04",
  "file_name": "user_4afd04_1751279464_1751280089_fullycomplete",
  "unix_start_time": 1751279464,
  "unix_start_time_ms": 1751279464124,
  "unix_end_time": 1751280089,
  "unix_end_time_ms": 1751280089364,
  "age": "18-24",
  "gender": "female",
  "user_agent": "Mozilla/5.0 (Windows NT 10.0; Win64; x64) AppleWebKit/537.36 (KHTML, like Gecko) Chrome/137.0.0.0 Safari/537.36",
  "user_ip": "106.1.119.8",
  "status": "complete",
  "email_provided": "complete",
  "attention_passed": true,
  "start_time_readable": "2025-06-30 10:31:04.124",
  "end_time_readable": "2025-06-30 10:41:29.364",
  "total_labels": 52,
  "emotion_summary": {
    "anger": 7,
    "contempt": 13,
    "disgust": 10,
    "others": 22
  },
  "email": "qki2195@gmail.com",
  "participation": "yes",
  "total_responses": 52,
  "responses": [
    {
      "image_path": "Dave-chappelle/Dave-chappelle_7.png",
      "label": "其他",
      "response_time": "00:00:05.505",
      "timestamp_unix": 1751279521,
      "timestamp_unix_ms": 1751279521889,
      "timestamp_readable": "2025-06-30 10:32:01.889",
      "normalized_name": "Dave-chappelle/Dave-chappelle",
      "meme_name": "Dave-chappelle",
      "post_id": 7,
      "english_label": "others",
      "response_time_ms": 5505
    },
    {
      "image_path": "Disaster-Girl/Disaster-Girl_33.png",
      "label": "輕蔑",
      "response_time": "00:00:10.903",
      "timestamp_unix": 1751279532,
      "timestamp_unix_ms": 1751279532947,
      "timestamp_readable": "2025-06-30 10:32:12.947",
      "normalized_name": "Disaster-Girl/Disaster-Girl",
      "meme_name": "Disaster-Girl",
      "post_id": 33,
      "english_label": "contempt",
      "response_time_ms": 10903
    },
    {
      "image_path": "Moe-throws-Barney/Moe-throws-Barney_11.png",
      "label": "輕蔑",
      "response_time": "00:00:19.007",
      "timestamp_unix": 1751279552,
      "timestamp_unix_ms": 1751279552057,
      "timestamp_readable": "2025-06-30 10:32:32.057",
      "normalized_name": "Moe-throws-Barney/Moe-throws-Barney",
      "meme_name": "Moe-throws-Barney",
      "post_id": 11,
      "english_label": "contempt",
      "response_time_ms": 19007
    },
    {
      "image_path": "Leonardo-Dicaprio-Wolf-Of-Wall-Street/Leonardo-Dicaprio-Wolf-Of-Wall-Street_14.png",
      "label": "厭惡",
      "response_time": "00:00:12.603",
      "timestamp_unix": 1751279564,
      "timestamp_unix_ms": 1751279564844,
      "timestamp_readable": "2025-06-30 10:32:44.844",
      "normalized_name": "Leonardo-Dicaprio-Wolf-Of-Wall-Street/Leonardo-Dicaprio-Wolf-Of-Wall-Street",
      "meme_name": "Leonardo-Dicaprio-Wolf-Of-Wall-Street",
      "post_id": 14,
      "english_label": "disgust",
      "response_time_ms": 12603
    },
    {
      "image_path": "Gru-Gun/Gru-Gun_23.png",
      "label": "憤怒",
      "response_time": "00:00:05.208",
      "timestamp_unix": 1751279570,
      "timestamp_unix_ms": 1751279570205,
      "timestamp_readable": "2025-06-30 10:32:50.205",
      "normalized_name": "Gru-Gun/Gru-Gun",
      "meme_name": "Gru-Gun",
      "post_id": 23,
      "english_label": "anger",
      "response_time_ms": 5208
    },
    {
      "image_path": "Black-guy-hiding-behind-tree/Black-guy-hiding-behind-tree_20.png",
      "label": "其他",
      "response_time": "00:00:06.205",
      "timestamp_unix": 1751279576,
      "timestamp_unix_ms": 1751279576542,
      "timestamp_readable": "2025-06-30 10:32:56.542",
      "normalized_name": "Black-guy-hiding-behind-tree/Black-guy-hiding-behind-tree",
      "meme_name": "Black-guy-hiding-behind-tree",
      "post_id": 20,
      "english_label": "others",
      "response_time_ms": 6205
    },
    {
      "image_path": "Mr-McMahon-reaction/Mr-McMahon-reaction_35.png",
      "label": "其他",
      "response_time": "00:00:05.806",
      "timestamp_unix": 1751279582,
      "timestamp_unix_ms": 1751279582469,
      "timestamp_readable": "2025-06-30 10:33:02.469",
      "normalized_name": "Mr-McMahon-reaction/Mr-McMahon-reaction",
      "meme_name": "Mr-McMahon-reaction",
      "post_id": 35,
      "english_label": "others",
      "response_time_ms": 5806
    },
    {
      "image_path": "Dinkleberg/Dinkleberg_42.png",
      "label": "輕蔑",
      "response_time": "00:00:04.806",
      "timestamp_unix": 1751279587,
      "timestamp_unix_ms": 1751279587357,
      "timestamp_readable": "2025-06-30 10:33:07.357",
      "normalized_name": "Dinkleberg/Dinkleberg",
      "meme_name": "Dinkleberg",
      "post_id": 42,
      "english_label": "contempt",
      "response_time_ms": 4806
    },
    {
      "image_path": "Smudge-the-cat/Smudge-the-cat_24.png",
      "label": "輕蔑",
      "response_time": "00:00:06.701",
      "timestamp_unix": 1751279594,
      "timestamp_unix_ms": 1751279594157,
      "timestamp_readable": "2025-06-30 10:33:14.157",
      "normalized_name": "Smudge-the-cat/Smudge-the-cat",
      "meme_name": "Smudge-the-cat",
      "post_id": 24,
      "english_label": "contempt",
      "response_time_ms": 6701
    },
    {
      "image_path": "Archer/Archer_6.png",
      "label": "厭惡",
      "response_time": "00:00:06.001",
      "timestamp_unix": 1751279600,
      "timestamp_unix_ms": 1751279600239,
      "timestamp_readable": "2025-06-30 10:33:20.239",
      "normalized_name": "Archer/Archer",
      "meme_name": "Archer",
      "post_id": 6,
      "english_label": "disgust",
      "response_time_ms": 6001
    },
    {
      "image_path": "Well-Yes-But-Actually-No/Well-Yes-But-Actually-No_49.png",
      "label": "其他",
      "response_time": "00:01:03.806",
      "timestamp_unix": 1751279664,
      "timestamp_unix_ms": 1751279664394,
      "timestamp_readable": "2025-06-30 10:34:24.394",
      "normalized_name": "Well-Yes-But-Actually-No/Well-Yes-But-Actually-No",
      "meme_name": "Well-Yes-But-Actually-No",
      "post_id": 49,
      "english_label": "others",
      "response_time_ms": 63806
    },
    {
      "image_path": "DJ-Pauly-D/DJ-Pauly-D_2.png",
      "label": "其他",
      "response_time": "00:00:08.402",
      "timestamp_unix": 1751279672,
      "timestamp_unix_ms": 1751279672884,
      "timestamp_readable": "2025-06-30 10:34:32.884",
      "normalized_name": "DJ-Pauly-D/DJ-Pauly-D",
      "meme_name": "DJ-Pauly-D",
      "post_id": 2,
      "english_label": "others",
      "response_time_ms": 8402
    },
    {
      "image_path": "Afraid-To-Ask-Andy/Afraid-To-Ask-Andy_5.png",
      "label": "輕蔑",
      "response_time": "00:00:09.103",
      "timestamp_unix": 1751279682,
      "timestamp_unix_ms": 1751279682055,
      "timestamp_readable": "2025-06-30 10:34:42.055",
      "normalized_name": "Afraid-To-Ask-Andy/Afraid-To-Ask-Andy",
      "meme_name": "Afraid-To-Ask-Andy",
      "post_id": 5,
      "english_label": "contempt",
      "response_time_ms": 9103
    },
    {
      "image_path": "Im-The-Captain-Now/Im-The-Captain-Now_3.png",
      "label": "厭惡",
      "response_time": "00:02:06.203",
      "timestamp_unix": 1751279808,
      "timestamp_unix_ms": 1751279808514,
      "timestamp_readable": "2025-06-30 10:36:48.514",
      "normalized_name": "Im-The-Captain-Now/Im-The-Captain-Now",
      "meme_name": "Im-The-Captain-Now",
      "post_id": 3,
      "english_label": "disgust",
      "response_time_ms": 126203
    },
    {
      "image_path": "Ill-Have-You-Know-Spongebob/Ill-Have-You-Know-Spongebob_40.png",
      "label": "輕蔑",
      "response_time": "00:00:05.009",
      "timestamp_unix": 1751279813,
      "timestamp_unix_ms": 1751279813606,
      "timestamp_readable": "2025-06-30 10:36:53.606",
      "normalized_name": "Ill-Have-You-Know-Spongebob/Ill-Have-You-Know-Spongebob",
      "meme_name": "Ill-Have-You-Know-Spongebob",
      "post_id": 40,
      "english_label": "contempt",
      "response_time_ms": 5009
    },
    {
      "image_path": "Hold-fart/Hold-fart_41.png",
      "label": "其他",
      "response_time": "00:00:09.306",
      "timestamp_unix": 1751279823,
      "timestamp_unix_ms": 1751279823004,
      "timestamp_readable": "2025-06-30 10:37:03.004",
      "normalized_name": "Hold-fart/Hold-fart",
      "meme_name": "Hold-fart",
      "post_id": 41,
      "english_label": "others",
      "response_time_ms": 9306
    },
    {
      "image_path": "Angry-Baby/Angry-Baby_27.png",
      "label": "憤怒",
      "response_time": "00:00:03.207",
      "timestamp_unix": 1751279826,
      "timestamp_unix_ms": 1751279826334,
      "timestamp_readable": "2025-06-30 10:37:06.334",
      "normalized_name": "Angry-Baby/Angry-Baby",
      "meme_name": "Angry-Baby",
      "post_id": 27,
      "english_label": "anger",
      "response_time_ms": 3207
    },
    {
      "image_path": "I-am-once-again-asking/I-am-once-again-asking_39.png",
      "label": "厭惡",
      "response_time": "00:00:03.204",
      "timestamp_unix": 1751279829,
      "timestamp_unix_ms": 1751279829654,
      "timestamp_readable": "2025-06-30 10:37:09.654",
      "normalized_name": "I-am-once-again-asking/I-am-once-again-asking",
      "meme_name": "I-am-once-again-asking",
      "post_id": 39,
      "english_label": "disgust",
      "response_time_ms": 3204
    },
    {
      "image_path": "Batman-Slapping-Robin/Batman-Slapping-Robin_50.png",
      "label": "其他",
      "response_time": "00:00:07.809",
      "timestamp_unix": 1751279837,
      "timestamp_unix_ms": 1751279837501,
      "timestamp_readable": "2025-06-30 10:37:17.501",
      "normalized_name": "Batman-Slapping-Robin/Batman-Slapping-Robin",
      "meme_name": "Batman-Slapping-Robin",
      "post_id": 50,
      "english_label": "others",
      "response_time_ms": 7809
    },
    {
      "image_path": "Spiderman-Hospital/Spiderman-Hospital_9.png",
      "label": "其他",
      "response_time": "00:00:06.109",
      "timestamp_unix": 1751279843,
      "timestamp_unix_ms": 1751279843735,
      "timestamp_readable": "2025-06-30 10:37:23.735",
      "normalized_name": "Spiderman-Hospital/Spiderman-Hospital",
      "meme_name": "Spiderman-Hospital",
      "post_id": 9,
      "english_label": "others",
      "response_time_ms": 6109
    },
    {
      "image_path": "attention_check/attention_check_Disgust.png",
      "label": "厭惡",
      "response_time": "00:00:02.910",
      "timestamp_unix": 1751279846,
      "timestamp_unix_ms": 1751279846704,
      "timestamp_readable": "2025-06-30 10:37:26.704",
      "normalized_name": "attention_check/attention_check_Disgust.png",
      "meme_name": "attention_check",
      "post_id": null,
      "english_label": "disgust",
      "response_time_ms": 2910
    },
    {
      "image_path": "Charlie-Day/Charlie-Day_43.png",
      "label": "輕蔑",
      "response_time": "00:00:07.205",
      "timestamp_unix": 1751279853,
      "timestamp_unix_ms": 1751279853979,
      "timestamp_readable": "2025-06-30 10:37:33.979",
      "normalized_name": "Charlie-Day/Charlie-Day",
      "meme_name": "Charlie-Day",
      "post_id": 43,
      "english_label": "contempt",
      "response_time_ms": 7205
    },
    {
      "image_path": "Happy--Shock/Happy--Shock_22.png",
      "label": "厭惡",
      "response_time": "00:00:04.214",
      "timestamp_unix": 1751279858,
      "timestamp_unix_ms": 1751279858316,
      "timestamp_readable": "2025-06-30 10:37:38.316",
      "normalized_name": "Happy--Shock/Happy--Shock",
      "meme_name": "Happy--Shock",
      "post_id": 22,
      "english_label": "disgust",
      "response_time_ms": 4214
    },
    {
      "image_path": "Table-Flip-Guy/Table-Flip-Guy_31.png",
      "label": "其他",
      "response_time": "00:00:06.105",
      "timestamp_unix": 1751279864,
      "timestamp_unix_ms": 1751279864556,
      "timestamp_readable": "2025-06-30 10:37:44.556",
      "normalized_name": "Table-Flip-Guy/Table-Flip-Guy",
      "meme_name": "Table-Flip-Guy",
      "post_id": 31,
      "english_label": "others",
      "response_time_ms": 6105
    },
    {
      "image_path": "Confused-Gandalf/Confused-Gandalf_45.png",
      "label": "其他",
      "response_time": "00:00:10.102",
      "timestamp_unix": 1751279874,
      "timestamp_unix_ms": 1751279874767,
      "timestamp_readable": "2025-06-30 10:37:54.767",
      "normalized_name": "Confused-Gandalf/Confused-Gandalf",
      "meme_name": "Confused-Gandalf",
      "post_id": 45,
      "english_label": "others",
      "response_time_ms": 10102
    },
    {
      "image_path": "Put-It-Somewhere-Else-Patrick/Put-It-Somewhere-Else-Patrick_10.png",
      "label": "其他",
      "response_time": "00:00:04.905",
      "timestamp_unix": 1751279879,
      "timestamp_unix_ms": 1751279879779,
      "timestamp_readable": "2025-06-30 10:37:59.779",
      "normalized_name": "Put-It-Somewhere-Else-Patrick/Put-It-Somewhere-Else-Patrick",
      "meme_name": "Put-It-Somewhere-Else-Patrick",
      "post_id": 10,
      "english_label": "others",
      "response_time_ms": 4905
    },
    {
      "image_path": "Arthur-Fist/Arthur-Fist_16.png",
      "label": "憤怒",
      "response_time": "00:00:06.326",
      "timestamp_unix": 1751279886,
      "timestamp_unix_ms": 1751279886145,
      "timestamp_readable": "2025-06-30 10:38:06.145",
      "normalized_name": "Arthur-Fist/Arthur-Fist",
      "meme_name": "Arthur-Fist",
      "post_id": 16,
      "english_label": "anger",
      "response_time_ms": 6326
    },
    {
      "image_path": "Obi-Wan-Kenobi/Obi-Wan-Kenobi_47.png",
      "label": "厭惡",
      "response_time": "00:00:10.405",
      "timestamp_unix": 1751279896,
      "timestamp_unix_ms": 1751279896644,
      "timestamp_readable": "2025-06-30 10:38:16.644",
      "normalized_name": "Obi-Wan-Kenobi/Obi-Wan-Kenobi",
      "meme_name": "Obi-Wan-Kenobi",
      "post_id": 47,
      "english_label": "disgust",
      "response_time_ms": 10405
    },
    {
      "image_path": "Always-Has-Been/Always-Has-Been_38.png",
      "label": "其他",
      "response_time": "00:00:07.410",
      "timestamp_unix": 1751279904,
      "timestamp_unix_ms": 1751279904156,
      "timestamp_readable": "2025-06-30 10:38:24.156",
      "normalized_name": "Always-Has-Been/Always-Has-Been",
      "meme_name": "Always-Has-Been",
      "post_id": 38,
      "english_label": "others",
      "response_time_ms": 7410
    },
    {
      "image_path": "Nuclear-Explosion/Nuclear-Explosion_29.png",
      "label": "其他",
      "response_time": "00:00:06.308",
      "timestamp_unix": 1751279910,
      "timestamp_unix_ms": 1751279910528,
      "timestamp_readable": "2025-06-30 10:38:30.528",
      "normalized_name": "Nuclear-Explosion/Nuclear-Explosion",
      "meme_name": "Nuclear-Explosion",
      "post_id": 29,
      "english_label": "others",
      "response_time_ms": 6308
    },
    {
      "image_path": "Kevin-Hart/Kevin-Hart_36.png",
      "label": "憤怒",
      "response_time": "00:00:05.905",
      "timestamp_unix": 1751279916,
      "timestamp_unix_ms": 1751279916575,
      "timestamp_readable": "2025-06-30 10:38:36.575",
      "normalized_name": "Kevin-Hart/Kevin-Hart",
      "meme_name": "Kevin-Hart",
      "post_id": 36,
      "english_label": "anger",
      "response_time_ms": 5905
    },
    {
      "image_path": "Laughing-wolf/Laughing-wolf_15.png",
      "label": "其他",
      "response_time": "00:00:04.702",
      "timestamp_unix": 1751279921,
      "timestamp_unix_ms": 1751279921401,
      "timestamp_readable": "2025-06-30 10:38:41.401",
      "normalized_name": "Laughing-wolf/Laughing-wolf",
      "meme_name": "Laughing-wolf",
      "post_id": 15,
      "english_label": "others",
      "response_time_ms": 4702
    },
    {
      "image_path": "Mr-incredible-mad/Mr-incredible-mad_4.png",
      "label": "憤怒",
      "response_time": "00:00:04.710",
      "timestamp_unix": 1751279926,
      "timestamp_unix_ms": 1751279926179,
      "timestamp_readable": "2025-06-30 10:38:46.179",
      "normalized_name": "Mr-incredible-mad/Mr-incredible-mad",
      "meme_name": "Mr-incredible-mad",
      "post_id": 4,
      "english_label": "anger",
      "response_time_ms": 4710
    },
    {
      "image_path": "Drake-NoYes/Drake-NoYes_1.png",
      "label": "輕蔑",
      "response_time": "00:00:09.903",
      "timestamp_unix": 1751279936,
      "timestamp_unix_ms": 1751279936242,
      "timestamp_readable": "2025-06-30 10:38:56.242",
      "normalized_name": "Drake-NoYes/Drake-NoYes",
      "meme_name": "Drake-NoYes",
      "post_id": 1,
      "english_label": "contempt",
      "response_time_ms": 9903
    },
    {
      "image_path": "Always-you-three/Always-you-three_12.png",
      "label": "其他",
      "response_time": "00:00:20.202",
      "timestamp_unix": 1751279956,
      "timestamp_unix_ms": 1751279956589,
      "timestamp_readable": "2025-06-30 10:39:16.589",
      "normalized_name": "Always-you-three/Always-you-three",
      "meme_name": "Always-you-three",
      "post_id": 12,
      "english_label": "others",
      "response_time_ms": 20202
    },
    {
      "image_path": "Surprised-Pikachu/Surprised-Pikachu_25.png",
      "label": "其他",
      "response_time": "00:00:04.805",
      "timestamp_unix": 1751279961,
      "timestamp_unix_ms": 1751279961505,
      "timestamp_readable": "2025-06-30 10:39:21.505",
      "normalized_name": "Surprised-Pikachu/Surprised-Pikachu",
      "meme_name": "Surprised-Pikachu",
      "post_id": 25,
      "english_label": "others",
      "response_time_ms": 4805
    },
    {
      "image_path": "Picard-Wtf/Picard-Wtf_8.png",
      "label": "厭惡",
      "response_time": "00:00:09.103",
      "timestamp_unix": 1751279970,
      "timestamp_unix_ms": 1751279970721,
      "timestamp_readable": "2025-06-30 10:39:30.721",
      "normalized_name": "Picard-Wtf/Picard-Wtf",
      "meme_name": "Picard-Wtf",
      "post_id": 8,
      "english_label": "disgust",
      "response_time_ms": 9103
    },
    {
      "image_path": "Monkey-Puppet/Monkey-Puppet_21.png",
      "label": "輕蔑",
      "response_time": "00:00:04.105",
      "timestamp_unix": 1751279974,
      "timestamp_unix_ms": 1751279974919,
      "timestamp_readable": "2025-06-30 10:39:34.919",
      "normalized_name": "Monkey-Puppet/Monkey-Puppet",
      "meme_name": "Monkey-Puppet",
      "post_id": 21,
      "english_label": "contempt",
      "response_time_ms": 4105
    },
    {
      "image_path": "Disappointed-Man/Disappointed-Man_13.png",
      "label": "憤怒",
      "response_time": "00:00:02.207",
      "timestamp_unix": 1751279977,
      "timestamp_unix_ms": 1751279977230,
      "timestamp_readable": "2025-06-30 10:39:37.230",
      "normalized_name": "Disappointed-Man/Disappointed-Man",
      "meme_name": "Disappointed-Man",
      "post_id": 13,
      "english_label": "anger",
      "response_time_ms": 2207
    },
    {
      "image_path": "Khan/Khan_30.png",
      "label": "其他",
      "response_time": "00:00:09.601",
      "timestamp_unix": 1751279986,
      "timestamp_unix_ms": 1751279986970,
      "timestamp_readable": "2025-06-30 10:39:46.970",
      "normalized_name": "Khan/Khan",
      "meme_name": "Khan",
      "post_id": 30,
      "english_label": "others",
      "response_time_ms": 9601
    },
    {
      "image_path": "Chill-guy/Chill-guy_34.png",
      "label": "其他",
      "response_time": "00:00:06.003",
      "timestamp_unix": 1751279993,
      "timestamp_unix_ms": 1751279993035,
      "timestamp_readable": "2025-06-30 10:39:53.035",
      "normalized_name": "Chill-guy/Chill-guy",
      "meme_name": "Chill-guy",
      "post_id": 34,
      "english_label": "others",
      "response_time_ms": 6003
    },
    {
      "image_path": "Thats-a-paddlin/Thats-a-paddlin_28.png",
      "label": "憤怒",
      "response_time": "00:00:04.502",
      "timestamp_unix": 1751279997,
      "timestamp_unix_ms": 1751279997671,
      "timestamp_readable": "2025-06-30 10:39:57.671",
      "normalized_name": "Thats-a-paddlin/Thats-a-paddlin",
      "meme_name": "Thats-a-paddlin",
      "post_id": 28,
      "english_label": "anger",
      "response_time_ms": 4502
    },
    {
      "image_path": "Futurama-Fry/Futurama-Fry_18.png",
      "label": "輕蔑",
      "response_time": "00:00:02.802",
      "timestamp_unix": 1751280000,
      "timestamp_unix_ms": 1751280000579,
      "timestamp_readable": "2025-06-30 10:40:00.579",
      "normalized_name": "Futurama-Fry/Futurama-Fry",
      "meme_name": "Futurama-Fry",
      "post_id": 18,
      "english_label": "contempt",
      "response_time_ms": 2802
    },
    {
      "image_path": "Persian-Cat-Room-Guardian/Persian-Cat-Room-Guardian_44.png",
      "label": "厭惡",
      "response_time": "00:00:03.913",
      "timestamp_unix": 1751280004,
      "timestamp_unix_ms": 1751280004606,
      "timestamp_readable": "2025-06-30 10:40:04.606",
      "normalized_name": "Persian-Cat-Room-Guardian/Persian-Cat-Room-Guardian",
      "meme_name": "Persian-Cat-Room-Guardian",
      "post_id": 44,
      "english_label": "disgust",
      "response_time_ms": 3913
    },
    {
      "image_path": "You-The-Real-MVP/You-The-Real-MVP_19.png",
      "label": "輕蔑",
      "response_time": "00:00:04.813",
      "timestamp_unix": 1751280009,
      "timestamp_unix_ms": 1751280009551,
      "timestamp_readable": "2025-06-30 10:40:09.551",
      "normalized_name": "You-The-Real-MVP/You-The-Real-MVP",
      "meme_name": "You-The-Real-MVP",
      "post_id": 19,
      "english_label": "contempt",
      "response_time_ms": 4813
    },
    {
      "image_path": "Math-ladyConfused-lady/Math-ladyConfused-lady_48.png",
      "label": "其他",
      "response_time": "00:00:05.401",
      "timestamp_unix": 1751280015,
      "timestamp_unix_ms": 1751280015053,
      "timestamp_readable": "2025-06-30 10:40:15.053",
      "normalized_name": "Math-ladyConfused-lady/Math-ladyConfused-lady",
      "meme_name": "Math-ladyConfused-lady",
      "post_id": 48,
      "english_label": "others",
      "response_time_ms": 5401
    },
    {
      "image_path": "attention_check/attention_check_Others.png",
      "label": "其他",
      "response_time": "00:00:02.401",
      "timestamp_unix": 1751280017,
      "timestamp_unix_ms": 1751280017550,
      "timestamp_readable": "2025-06-30 10:40:17.550",
      "normalized_name": "attention_check/attention_check_Others.png",
      "meme_name": "attention_check",
      "post_id": null,
      "english_label": "others",
      "response_time_ms": 2401
    },
    {
      "image_path": "Spongebob-Yelling/Spongebob-Yelling_46.png",
      "label": "其他",
      "response_time": "00:00:06.101",
      "timestamp_unix": 1751280023,
      "timestamp_unix_ms": 1751280023715,
      "timestamp_readable": "2025-06-30 10:40:23.715",
      "normalized_name": "Spongebob-Yelling/Spongebob-Yelling",
      "meme_name": "Spongebob-Yelling",
      "post_id": 46,
      "english_label": "others",
      "response_time_ms": 6101
    },
    {
      "image_path": "Mocking-Spongebob/Mocking-Spongebob_37.png",
      "label": "輕蔑",
      "response_time": "00:00:07.700",
      "timestamp_unix": 1751280031,
      "timestamp_unix_ms": 1751280031515,
      "timestamp_readable": "2025-06-30 10:40:31.515",
      "normalized_name": "Mocking-Spongebob/Mocking-Spongebob",
      "meme_name": "Mocking-Spongebob",
      "post_id": 37,
      "english_label": "contempt",
      "response_time_ms": 7700
    },
    {
      "image_path": "Scooby-doo-mask-reveal/Scooby-doo-mask-reveal_17.png",
      "label": "其他",
      "response_time": "00:00:08.403",
      "timestamp_unix": 1751280040,
      "timestamp_unix_ms": 1751280040010,
      "timestamp_readable": "2025-06-30 10:40:40.010",
      "normalized_name": "Scooby-doo-mask-reveal/Scooby-doo-mask-reveal",
      "meme_name": "Scooby-doo-mask-reveal",
      "post_id": 17,
      "english_label": "others",
      "response_time_ms": 8403
    },
    {
      "image_path": "Hide-the-Pain-Harold/Hide-the-Pain-Harold_32.png",
      "label": "輕蔑",
      "response_time": "00:00:07.007",
      "timestamp_unix": 1751280047,
      "timestamp_unix_ms": 1751280047071,
      "timestamp_readable": "2025-06-30 10:40:47.071",
      "normalized_name": "Hide-the-Pain-Harold/Hide-the-Pain-Harold",
      "meme_name": "Hide-the-Pain-Harold",
      "post_id": 32,
      "english_label": "contempt",
      "response_time_ms": 7007
    },
    {
      "image_path": "For-the-better-right-blank/For-the-better-right-blank_26.png",
      "label": "厭惡",
      "response_time": "00:00:05.512",
      "timestamp_unix": 1751280052,
      "timestamp_unix_ms": 1751280052707,
      "timestamp_readable": "2025-06-30 10:40:52.707",
      "normalized_name": "For-the-better-right-blank/For-the-better-right-blank",
      "meme_name": "For-the-better-right-blank",
      "post_id": 26,
      "english_label": "disgust",
      "response_time_ms": 5512
    }
  ],
  "session_start_unix": 1751279464,
  "session_status": "completed",
  "last_updated_unix": 1751280089,
  "image_order": [
    "Spiderman-Hospital/Spiderman-Hospital_9.png",
    "Happy--Shock/Happy--Shock_22.png",
    "Chill-guy/Chill-guy_34.png",
    "I-am-once-again-asking/I-am-once-again-asking_39.png",
    "Math-ladyConfused-lady/Math-ladyConfused-lady_48.png",
    "Archer/Archer_6.png",
    "Leonardo-Dicaprio-Wolf-Of-Wall-Street/Leonardo-Dicaprio-Wolf-Of-Wall-Street_14.png",
    "Mocking-Spongebob/Mocking-Spongebob_37.png",
    "Afraid-To-Ask-Andy/Afraid-To-Ask-Andy_5.png",
    "Charlie-Day/Charlie-Day_43.png",
    "Always-Has-Been/Always-Has-Been_38.png",
    "Picard-Wtf/Picard-Wtf_8.png",
    "Batman-Slapping-Robin/Batman-Slapping-Robin_50.png",
    "For-the-better-right-blank/For-the-better-right-blank_26.png",
    "Drake-NoYes/Drake-NoYes_1.png",
    "Laughing-wolf/Laughing-wolf_15.png",
    "DJ-Pauly-D/DJ-Pauly-D_2.png",
    "Always-you-three/Always-you-three_12.png",
    "Disappointed-Man/Disappointed-Man_13.png",
    "Smudge-the-cat/Smudge-the-cat_24.png",
    "attention_check/attention_check_Disgust.png",
    "Thats-a-paddlin/Thats-a-paddlin_28.png",
    "Hide-the-Pain-Harold/Hide-the-Pain-Harold_32.png",
    "Hold-fart/Hold-fart_41.png",
    "Im-The-Captain-Now/Im-The-Captain-Now_3.png",
    "Obi-Wan-Kenobi/Obi-Wan-Kenobi_47.png",
    "Spongebob-Yelling/Spongebob-Yelling_46.png",
    "Nuclear-Explosion/Nuclear-Explosion_29.png",
    "Dinkleberg/Dinkleberg_42.png",
    "Scooby-doo-mask-reveal/Scooby-doo-mask-reveal_17.png",
    "Disaster-Girl/Disaster-Girl_33.png",
    "Black-guy-hiding-behind-tree/Black-guy-hiding-behind-tree_20.png",
    "You-The-Real-MVP/You-The-Real-MVP_19.png",
    "Moe-throws-Barney/Moe-throws-Barney_11.png",
    "Ill-Have-You-Know-Spongebob/Ill-Have-You-Know-Spongebob_40.png",
    "Futurama-Fry/Futurama-Fry_18.png",
    "Monkey-Puppet/Monkey-Puppet_21.png",
    "Confused-Gandalf/Confused-Gandalf_45.png",
    "Mr-incredible-mad/Mr-incredible-mad_4.png",
    "Dave-chappelle/Dave-chappelle_7.png",
    "Surprised-Pikachu/Surprised-Pikachu_25.png",
    "Table-Flip-Guy/Table-Flip-Guy_31.png",
    "Kevin-Hart/Kevin-Hart_36.png",
    "Well-Yes-But-Actually-No/Well-Yes-But-Actually-No_49.png",
    "Mr-McMahon-reaction/Mr-McMahon-reaction_35.png",
    "Gru-Gun/Gru-Gun_23.png",
    "attention_check/attention_check_Others.png",
    "Persian-Cat-Room-Guardian/Persian-Cat-Room-Guardian_44.png",
    "Put-It-Somewhere-Else-Patrick/Put-It-Somewhere-Else-Patrick_10.png",
    "Angry-Baby/Angry-Baby_27.png",
    "Arthur-Fist/Arthur-Fist_16.png",
    "Khan/Khan_30.png"
  ],
  "completion_status": {
    "practice_completed": true,
    "game_started": true,
    "game_completed": true,
    "summary_viewed": true,
    "email_submitted": true
  },
  "timestamps_unix": {
    "registration_completed": 1751279464,
    "practice_started": 1751279464,
    "practice_completed": 1751279515,
    "game_started": 1751279515,
    "first_label": 1751279521,
    "last_label": 1751280052,
    "game_completed": 1751280054,
    "summary_viewed": 1751280054,
    "email_submitted": 1751280089,
    "session_end": 1751280089,
    "last_updated": 1751280089
  },
  "timestamps_unix_ms": {
    "registration_completed_ms": 1751279464124,
    "practice_started_ms": 1751279464173,
    "practice_completed_ms": 1751279515973,
    "game_started_ms": 1751279515979,
    "first_label_ms": 1751279521889,
    "last_label_ms": 1751280052707,
    "game_completed_ms": 1751280054513,
    "summary_viewed_ms": 1751280054520,
    "email_submitted_ms": 1751280089357,
    "session_end_ms": 1751280089357,
    "last_updated_ms": 1751280089357
  },
  "duration_stats_ms": {
    "total_session_duration_ms": 625233,
    "practice_duration_ms": 51800,
    "game_duration_ms": 538534,
    "labeling_duration_ms": 530818,
    "email_submission_duration_ms": 34837
  },
  "filename_updated_unix": 1751280054,
  "original_filename": "user_4afd04",
  "completion_status_in_filename": "email_submitted"
}