{
  "user_id": "user_1495b6",
  "file_name": "user_1495b6",
  "unix_start_time": 1750076756,
  "unix_start_time_ms": 1750076756094,
  "unix_end_time": null,
  "unix_end_time_ms": null,
  "age": "18-24",
  "gender": "female",
  "user_agent": "Mozilla/5.0 (Windows NT 10.0; Win64; x64) AppleWebKit/537.36 (KHTML, like Gecko) Chrome/137.0.0.0 Safari/537.36",
  "user_ip": "211.75.131.93",
  "status": "incomplete",
  "email_provided": "incomplete",
  "attention_passed": null,
  "start_time_readable": "2025-06-16 12:25:56.094",
  "end_time_readable": null,
  "total_labels": 14,
  "emotion_summary": {
    "anger": 0,
    "contempt": 1,
    "disgust": 10,
    "others": 3
  },
  "email": null,
  "participation": null,
  "total_responses": 14,
  "responses": [
    {
      "image_path": "Persian-Cat-Room-Guardian/Persian-Cat-Room-Guardian_17.png",
      "label": "其他",
      "response_time": "00:00:04.000",
      "timestamp_unix": 1750076791,
      "timestamp_unix_ms": 1750076791630,
      "timestamp_readable": "2025-06-16 12:26:31.630",
      "normalized_name": "Persian-Cat-Room-Guardian/Persian-Cat-Room-Guardian",
      "meme_name": "Persian-Cat-Room-Guardian",
      "post_id": 17,
      "english_label": "others",
      "response_time_ms": 4000
    },
    {
      "image_path": "Gru-Gun/Gru-Gun_43.png",
      "label": "厭惡",
      "response_time": "00:00:02.611",
      "timestamp_unix": 1750076794,
      "timestamp_unix_ms": 1750076794314,
      "timestamp_readable": "2025-06-16 12:26:34.314",
      "normalized_name": "Gru-Gun/Gru-Gun",
      "meme_name": "Gru-Gun",
      "post_id": 43,
      "english_label": "disgust",
      "response_time_ms": 2611
    },
    {
      "image_path": "Table-Flip-Guy/Table-Flip-Guy_10.png",
      "label": "輕蔑",
      "response_time": "00:00:03.505",
      "timestamp_unix": 1750076797,
      "timestamp_unix_ms": 1750076797932,
      "timestamp_readable": "2025-06-16 12:26:37.932",
      "normalized_name": "Table-Flip-Guy/Table-Flip-Guy",
      "meme_name": "Table-Flip-Guy",
      "post_id": 10,
      "english_label": "contempt",
      "response_time_ms": 3505
    },
    {
      "image_path": "Thats-a-paddlin/Thats-a-paddlin_46.png",
      "label": "厭惡",
      "response_time": "00:00:03.806",
      "timestamp_unix": 1750076801,
      "timestamp_unix_ms": 1750076801831,
      "timestamp_readable": "2025-06-16 12:26:41.831",
      "normalized_name": "Thats-a-paddlin/Thats-a-paddlin",
      "meme_name": "Thats-a-paddlin",
      "post_id": 46,
      "english_label": "disgust",
      "response_time_ms": 3806
    },
    {
      "image_path": "Dave-chappelle/Dave-chappelle_48.png",
      "label": "厭惡",
      "response_time": "00:00:03.108",
      "timestamp_unix": 1750076805,
      "timestamp_unix_ms": 1750076805064,
      "timestamp_readable": "2025-06-16 12:26:45.064",
      "normalized_name": "Dave-chappelle/Dave-chappelle",
      "meme_name": "Dave-chappelle",
      "post_id": 48,
      "english_label": "disgust",
      "response_time_ms": 3108
    },
    {
      "image_path": "Khan/Khan_3.png",
      "label": "厭惡",
      "response_time": "00:00:05.306",
      "timestamp_unix": 1750076810,
      "timestamp_unix_ms": 1750076810514,
      "timestamp_readable": "2025-06-16 12:26:50.514",
      "normalized_name": "Khan/Khan",
      "meme_name": "Khan",
      "post_id": 3,
      "english_label": "disgust",
      "response_time_ms": 5306
    },
    {
      "image_path": "You-The-Real-MVP/You-The-Real-MVP_28.png",
      "label": "厭惡",
      "response_time": "00:00:03.504",
      "timestamp_unix": 1750076814,
      "timestamp_unix_ms": 1750076814097,
      "timestamp_readable": "2025-06-16 12:26:54.097",
      "normalized_name": "You-The-Real-MVP/You-The-Real-MVP",
      "meme_name": "You-The-Real-MVP",
      "post_id": 28,
      "english_label": "disgust",
      "response_time_ms": 3504
    },
    {
      "image_path": "Smudge-the-cat/Smudge-the-cat_7.png",
      "label": "厭惡",
      "response_time": "00:00:01.115",
      "timestamp_unix": 1750076815,
      "timestamp_unix_ms": 1750076815280,
      "timestamp_readable": "2025-06-16 12:26:55.280",
      "normalized_name": "Smudge-the-cat/Smudge-the-cat",
      "meme_name": "Smudge-the-cat",
      "post_id": 7,
      "english_label": "disgust",
      "response_time_ms": 1115
    },
    {
      "image_path": "Obi-Wan-Kenobi/Obi-Wan-Kenobi_21.png",
      "label": "厭惡",
      "response_time": "00:00:02.708",
      "timestamp_unix": 1750076818,
      "timestamp_unix_ms": 1750076818117,
      "timestamp_readable": "2025-06-16 12:26:58.117",
      "normalized_name": "Obi-Wan-Kenobi/Obi-Wan-Kenobi",
      "meme_name": "Obi-Wan-Kenobi",
      "post_id": 21,
      "english_label": "disgust",
      "response_time_ms": 2708
    },
    {
      "image_path": "Futurama-Fry/Futurama-Fry_18.png",
      "label": "其他",
      "response_time": "00:00:02.512",
      "timestamp_unix": 1750076820,
      "timestamp_unix_ms": 1750076820715,
      "timestamp_readable": "2025-06-16 12:27:00.715",
      "normalized_name": "Futurama-Fry/Futurama-Fry",
      "meme_name": "Futurama-Fry",
      "post_id": 18,
      "english_label": "others",
      "response_time_ms": 2512
    },
    {
      "image_path": "Math-ladyConfused-lady/Math-ladyConfused-lady_34.png",
      "label": "其他",
      "response_time": "00:00:03.106",
      "timestamp_unix": 1750076823,
      "timestamp_unix_ms": 1750076823864,
      "timestamp_readable": "2025-06-16 12:27:03.864",
      "normalized_name": "Math-ladyConfused-lady/Math-ladyConfused-lady",
      "meme_name": "Math-ladyConfused-lady",
      "post_id": 34,
      "english_label": "others",
      "response_time_ms": 3106
    },
    {
      "image_path": "Picard-Wtf/Picard-Wtf_32.png",
      "label": "厭惡",
      "response_time": "00:00:01.611",
      "timestamp_unix": 1750076825,
      "timestamp_unix_ms": 1750076825565,
      "timestamp_readable": "2025-06-16 12:27:05.565",
      "normalized_name": "Picard-Wtf/Picard-Wtf",
      "meme_name": "Picard-Wtf",
      "post_id": 32,
      "english_label": "disgust",
      "response_time_ms": 1611
    },
    {
      "image_path": "Ill-Have-You-Know-Spongebob/Ill-Have-You-Know-Spongebob_39.png",
      "label": "厭惡",
      "response_time": "00:00:02.313",
      "timestamp_unix": 1750076827,
      "timestamp_unix_ms": 1750076827981,
      "timestamp_readable": "2025-06-16 12:27:07.981",
      "normalized_name": "Ill-Have-You-Know-Spongebob/Ill-Have-You-Know-Spongebob",
      "meme_name": "Ill-Have-You-Know-Spongebob",
      "post_id": 39,
      "english_label": "disgust",
      "response_time_ms": 2313
    },
    {
      "image_path": "Spongebob-Yelling/Spongebob-Yelling_14.png",
      "label": "厭惡",
      "response_time": "00:00:05.205",
      "timestamp_unix": 1750076833,
      "timestamp_unix_ms": 1750076833282,
      "timestamp_readable": "2025-06-16 12:27:13.282",
      "normalized_name": "Spongebob-Yelling/Spongebob-Yelling",
      "meme_name": "Spongebob-Yelling",
      "post_id": 14,
      "english_label": "disgust",
      "response_time_ms": 5205
    }
  ],
  "session_start_unix": 1750076756,
  "session_status": "active",
  "last_updated_unix": 1750076843,
  "image_order": [
    "Spiderman-Hospital/Spiderman-Hospital_8.png",
    "Happy--Shock/Happy--Shock_50.png",
    "Chill-guy/Chill-guy_5.png",
    "I-am-once-again-asking/I-am-once-again-asking_33.png",
    "Math-ladyConfused-lady/Math-ladyConfused-lady_34.png",
    "Archer/Archer_12.png",
    "Leonardo-Dicaprio-Wolf-Of-Wall-Street/Leonardo-Dicaprio-Wolf-Of-Wall-Street_42.png",
    "Mocking-Spongebob/Mocking-Spongebob_19.png",
    "Afraid-To-Ask-Andy/Afraid-To-Ask-Andy_25.png",
    "Charlie-Day/Charlie-Day_4.png",
    "Always-Has-Been/Always-Has-Been_40.png",
    "Picard-Wtf/Picard-Wtf_32.png",
    "Batman-Slapping-Robin/Batman-Slapping-Robin_23.png",
    "For-the-better-right-blank/For-the-better-right-blank_1.png",
    "Drake-NoYes/Drake-NoYes_15.png",
    "Laughing-wolf/Laughing-wolf_6.png",
    "DJ-Pauly-D/DJ-Pauly-D_2.png",
    "Always-you-three/Always-you-three_24.png",
    "Disappointed-Man/Disappointed-Man_37.png",
    "Smudge-the-cat/Smudge-the-cat_7.png",
    "Thats-a-paddlin/Thats-a-paddlin_46.png",
    "attention_check/attention_check_Disgust.png",
    "Hide-the-Pain-Harold/Hide-the-Pain-Harold_31.png",
    "Hold-fart/Hold-fart_13.png",
    "Im-The-Captain-Now/Im-The-Captain-Now_27.png",
    "Obi-Wan-Kenobi/Obi-Wan-Kenobi_21.png",
    "Spongebob-Yelling/Spongebob-Yelling_14.png",
    "Nuclear-Explosion/Nuclear-Explosion_47.png",
    "Dinkleberg/Dinkleberg_11.png",
    "Scooby-doo-mask-reveal/Scooby-doo-mask-reveal_30.png",
    "Disaster-Girl/Disaster-Girl_29.png",
    "Black-guy-hiding-behind-tree/Black-guy-hiding-behind-tree_9.png",
    "You-The-Real-MVP/You-The-Real-MVP_28.png",
    "Moe-throws-Barney/Moe-throws-Barney_20.png",
    "Ill-Have-You-Know-Spongebob/Ill-Have-You-Know-Spongebob_39.png",
    "Futurama-Fry/Futurama-Fry_18.png",
    "Monkey-Puppet/Monkey-Puppet_45.png",
    "Confused-Gandalf/Confused-Gandalf_16.png",
    "Mr-incredible-mad/Mr-incredible-mad_22.png",
    "Dave-chappelle/Dave-chappelle_48.png",
    "Surprised-Pikachu/Surprised-Pikachu_44.png",
    "Table-Flip-Guy/Table-Flip-Guy_10.png",
    "Kevin-Hart/Kevin-Hart_26.png",
    "Well-Yes-But-Actually-No/Well-Yes-But-Actually-No_38.png",
    "Mr-McMahon-reaction/Mr-McMahon-reaction_36.png",
    "Gru-Gun/Gru-Gun_43.png",
    "attention_check/attention_check_Anger.png",
    "Persian-Cat-Room-Guardian/Persian-Cat-Room-Guardian_17.png",
    "Put-It-Somewhere-Else-Patrick/Put-It-Somewhere-Else-Patrick_35.png",
    "Angry-Baby/Angry-Baby_41.png",
    "Arthur-Fist/Arthur-Fist_49.png",
    "Khan/Khan_3.png"
  ],
  "completion_status": {
    "practice_completed": true,
    "game_started": true,
    "game_completed": false,
    "summary_viewed": false,
    "email_submitted": false
  },
  "timestamps_unix": {
    "registration_completed": 1750076756,
    "practice_started": 1750076756,
    "practice_completed": 1750076787,
    "game_started": 1750076843,
    "first_label": 1750076791,
    "last_label": 1750076833,
    "game_completed": null,
    "summary_viewed": null,
    "email_submitted": null,
    "session_end": null,
    "last_updated": 1750076843
  },
  "timestamps_unix_ms": {
    "registration_completed_ms": 1750076756094,
    "practice_started_ms": 1750076756134,
    "practice_completed_ms": 1750076787518,
    "game_started_ms": 1750076843452,
    "first_label_ms": 1750076791630,
    "last_label_ms": 1750076833282,
    "game_completed_ms": null,
    "summary_viewed_ms": null,
    "email_submitted_ms": null,
    "session_end_ms": null,
    "last_updated_ms": 1750076843452
  },
  "duration_stats_ms": {
    "total_session_duration_ms": null,
    "practice_duration_ms": 31384,
    "game_duration_ms": null,
    "labeling_duration_ms": null,
    "email_submission_duration_ms": null
  }
}