{
  "user_id": "user_f3efe6",
  "file_name": "user_f3efe6_1750054578_1750054705_fullycomplete",
  "unix_start_time": 1750054578,
  "unix_start_time_ms": 1750054578737,
  "unix_end_time": 1750054705,
  "unix_end_time_ms": 1750054705426,
  "age": "30-34",
  "gender": "male",
  "user_agent": "Mozilla/5.0 (Windows NT 10.0; Win64; x64) AppleWebKit/537.36 (KHTML, like Gecko) Chrome/137.0.0.0 Safari/537.36",
  "user_ip": "59.120.241.43",
  "status": "complete",
  "email_provided": "complete",
  "attention_passed": false,
  "start_time_readable": "2025-06-16 06:16:18.737",
  "end_time_readable": "2025-06-16 06:18:25.426",
  "total_labels": 52,
  "emotion_summary": {
    "anger": 13,
    "contempt": 28,
    "disgust": 11,
    "others": 0
  },
  "email": "cliff30013@gmail.com",
  "participation": "yes",
  "total_responses": 52,
  "responses": [
    {
      "image_path": "Mocking-Spongebob/Mocking-Spongebob_21.png",
      "label": "輕蔑",
      "response_time": "00:00:02.302",
      "timestamp_unix": 1750054630,
      "timestamp_unix_ms": 1750054630342,
      "timestamp_readable": "2025-06-16 06:17:10.342",
      "normalized_name": "Mocking-Spongebob/Mocking-Spongebob",
      "meme_name": "Mocking-Spongebob",
      "post_id": 21,
      "english_label": "contempt",
      "response_time_ms": 2302
    },
    {
      "image_path": "Laughing-wolf/Laughing-wolf_22.png",
      "label": "厭惡",
      "response_time": "00:00:05.501",
      "timestamp_unix": 1750054635,
      "timestamp_unix_ms": 1750054635909,
      "timestamp_readable": "2025-06-16 06:17:15.909",
      "normalized_name": "Laughing-wolf/Laughing-wolf",
      "meme_name": "Laughing-wolf",
      "post_id": 22,
      "english_label": "disgust",
      "response_time_ms": 5501
    },
    {
      "image_path": "I-am-once-again-asking/I-am-once-again-asking_13.png",
      "label": "輕蔑",
      "response_time": "00:00:02.301",
      "timestamp_unix": 1750054638,
      "timestamp_unix_ms": 1750054638325,
      "timestamp_readable": "2025-06-16 06:17:18.325",
      "normalized_name": "I-am-once-again-asking/I-am-once-again-asking",
      "meme_name": "I-am-once-again-asking",
      "post_id": 13,
      "english_label": "contempt",
      "response_time_ms": 2301
    },
    {
      "image_path": "Persian-Cat-Room-Guardian/Persian-Cat-Room-Guardian_23.png",
      "label": "輕蔑",
      "response_time": "00:00:01.101",
      "timestamp_unix": 1750054639,
      "timestamp_unix_ms": 1750054639509,
      "timestamp_readable": "2025-06-16 06:17:19.509",
      "normalized_name": "Persian-Cat-Room-Guardian/Persian-Cat-Room-Guardian",
      "meme_name": "Persian-Cat-Room-Guardian",
      "post_id": 23,
      "english_label": "contempt",
      "response_time_ms": 1101
    },
    {
      "image_path": "Obi-Wan-Kenobi/Obi-Wan-Kenobi_19.png",
      "label": "輕蔑",
      "response_time": "00:00:00.802",
      "timestamp_unix": 1750054640,
      "timestamp_unix_ms": 1750054640442,
      "timestamp_readable": "2025-06-16 06:17:20.442",
      "normalized_name": "Obi-Wan-Kenobi/Obi-Wan-Kenobi",
      "meme_name": "Obi-Wan-Kenobi",
      "post_id": 19,
      "english_label": "contempt",
      "response_time_ms": 802
    },
    {
      "image_path": "Thats-a-paddlin/Thats-a-paddlin_37.png",
      "label": "憤怒",
      "response_time": "00:00:02.200",
      "timestamp_unix": 1750054642,
      "timestamp_unix_ms": 1750054642742,
      "timestamp_readable": "2025-06-16 06:17:22.742",
      "normalized_name": "Thats-a-paddlin/Thats-a-paddlin",
      "meme_name": "Thats-a-paddlin",
      "post_id": 37,
      "english_label": "anger",
      "response_time_ms": 2200
    },
    {
      "image_path": "Hide-the-Pain-Harold/Hide-the-Pain-Harold_28.png",
      "label": "厭惡",
      "response_time": "00:00:02.402",
      "timestamp_unix": 1750054645,
      "timestamp_unix_ms": 1750054645276,
      "timestamp_readable": "2025-06-16 06:17:25.276",
      "normalized_name": "Hide-the-Pain-Harold/Hide-the-Pain-Harold",
      "meme_name": "Hide-the-Pain-Harold",
      "post_id": 28,
      "english_label": "disgust",
      "response_time_ms": 2402
    },
    {
      "image_path": "Surprised-Pikachu/Surprised-Pikachu_45.png",
      "label": "輕蔑",
      "response_time": "00:00:01.501",
      "timestamp_unix": 1750054646,
      "timestamp_unix_ms": 1750054646843,
      "timestamp_readable": "2025-06-16 06:17:26.843",
      "normalized_name": "Surprised-Pikachu/Surprised-Pikachu",
      "meme_name": "Surprised-Pikachu",
      "post_id": 45,
      "english_label": "contempt",
      "response_time_ms": 1501
    },
    {
      "image_path": "Confused-Gandalf/Confused-Gandalf_41.png",
      "label": "輕蔑",
      "response_time": "00:00:01.101",
      "timestamp_unix": 1750054647,
      "timestamp_unix_ms": 1750054647993,
      "timestamp_readable": "2025-06-16 06:17:27.993",
      "normalized_name": "Confused-Gandalf/Confused-Gandalf",
      "meme_name": "Confused-Gandalf",
      "post_id": 41,
      "english_label": "contempt",
      "response_time_ms": 1101
    },
    {
      "image_path": "Spongebob-Yelling/Spongebob-Yelling_8.png",
      "label": "輕蔑",
      "response_time": "00:00:00.700",
      "timestamp_unix": 1750054648,
      "timestamp_unix_ms": 1750054648792,
      "timestamp_readable": "2025-06-16 06:17:28.792",
      "normalized_name": "Spongebob-Yelling/Spongebob-Yelling",
      "meme_name": "Spongebob-Yelling",
      "post_id": 8,
      "english_label": "contempt",
      "response_time_ms": 700
    },
    {
      "image_path": "Khan/Khan_32.png",
      "label": "輕蔑",
      "response_time": "00:00:01.301",
      "timestamp_unix": 1750054650,
      "timestamp_unix_ms": 1750054650209,
      "timestamp_readable": "2025-06-16 06:17:30.209",
      "normalized_name": "Khan/Khan",
      "meme_name": "Khan",
      "post_id": 32,
      "english_label": "contempt",
      "response_time_ms": 1301
    },
    {
      "image_path": "Gru-Gun/Gru-Gun_16.png",
      "label": "厭惡",
      "response_time": "00:00:00.701",
      "timestamp_unix": 1750054651,
      "timestamp_unix_ms": 1750054651026,
      "timestamp_readable": "2025-06-16 06:17:31.026",
      "normalized_name": "Gru-Gun/Gru-Gun",
      "meme_name": "Gru-Gun",
      "post_id": 16,
      "english_label": "disgust",
      "response_time_ms": 701
    },
    {
      "image_path": "Arthur-Fist/Arthur-Fist_5.png",
      "label": "輕蔑",
      "response_time": "00:00:00.701",
      "timestamp_unix": 1750054651,
      "timestamp_unix_ms": 1750054651808,
      "timestamp_readable": "2025-06-16 06:17:31.808",
      "normalized_name": "Arthur-Fist/Arthur-Fist",
      "meme_name": "Arthur-Fist",
      "post_id": 5,
      "english_label": "contempt",
      "response_time_ms": 701
    },
    {
      "image_path": "Always-you-three/Always-you-three_46.png",
      "label": "憤怒",
      "response_time": "00:00:00.600",
      "timestamp_unix": 1750054652,
      "timestamp_unix_ms": 1750054652582,
      "timestamp_readable": "2025-06-16 06:17:32.582",
      "normalized_name": "Always-you-three/Always-you-three",
      "meme_name": "Always-you-three",
      "post_id": 46,
      "english_label": "anger",
      "response_time_ms": 600
    },
    {
      "image_path": "Leonardo-Dicaprio-Wolf-Of-Wall-Street/Leonardo-Dicaprio-Wolf-Of-Wall-Street_29.png",
      "label": "輕蔑",
      "response_time": "00:00:00.601",
      "timestamp_unix": 1750054653,
      "timestamp_unix_ms": 1750054653309,
      "timestamp_readable": "2025-06-16 06:17:33.309",
      "normalized_name": "Leonardo-Dicaprio-Wolf-Of-Wall-Street/Leonardo-Dicaprio-Wolf-Of-Wall-Street",
      "meme_name": "Leonardo-Dicaprio-Wolf-Of-Wall-Street",
      "post_id": 29,
      "english_label": "contempt",
      "response_time_ms": 601
    },
    {
      "image_path": "Picard-Wtf/Picard-Wtf_4.png",
      "label": "厭惡",
      "response_time": "00:00:00.601",
      "timestamp_unix": 1750054654,
      "timestamp_unix_ms": 1750054654029,
      "timestamp_readable": "2025-06-16 06:17:34.029",
      "normalized_name": "Picard-Wtf/Picard-Wtf",
      "meme_name": "Picard-Wtf",
      "post_id": 4,
      "english_label": "disgust",
      "response_time_ms": 601
    },
    {
      "image_path": "Smudge-the-cat/Smudge-the-cat_9.png",
      "label": "輕蔑",
      "response_time": "00:00:00.600",
      "timestamp_unix": 1750054654,
      "timestamp_unix_ms": 1750054654759,
      "timestamp_readable": "2025-06-16 06:17:34.759",
      "normalized_name": "Smudge-the-cat/Smudge-the-cat",
      "meme_name": "Smudge-the-cat",
      "post_id": 9,
      "english_label": "contempt",
      "response_time_ms": 600
    },
    {
      "image_path": "DJ-Pauly-D/DJ-Pauly-D_44.png",
      "label": "憤怒",
      "response_time": "00:00:00.601",
      "timestamp_unix": 1750054655,
      "timestamp_unix_ms": 1750054655426,
      "timestamp_readable": "2025-06-16 06:17:35.426",
      "normalized_name": "DJ-Pauly-D/DJ-Pauly-D",
      "meme_name": "DJ-Pauly-D",
      "post_id": 44,
      "english_label": "anger",
      "response_time_ms": 601
    },
    {
      "image_path": "Table-Flip-Guy/Table-Flip-Guy_18.png",
      "label": "輕蔑",
      "response_time": "00:00:00.601",
      "timestamp_unix": 1750054656,
      "timestamp_unix_ms": 1750054656143,
      "timestamp_readable": "2025-06-16 06:17:36.143",
      "normalized_name": "Table-Flip-Guy/Table-Flip-Guy",
      "meme_name": "Table-Flip-Guy",
      "post_id": 18,
      "english_label": "contempt",
      "response_time_ms": 601
    },
    {
      "image_path": "Batman-Slapping-Robin/Batman-Slapping-Robin_15.png",
      "label": "厭惡",
      "response_time": "00:00:00.601",
      "timestamp_unix": 1750054656,
      "timestamp_unix_ms": 1750054656792,
      "timestamp_readable": "2025-06-16 06:17:36.792",
      "normalized_name": "Batman-Slapping-Robin/Batman-Slapping-Robin",
      "meme_name": "Batman-Slapping-Robin",
      "post_id": 15,
      "english_label": "disgust",
      "response_time_ms": 601
    },
    {
      "image_path": "Kevin-Hart/Kevin-Hart_1.png",
      "label": "輕蔑",
      "response_time": "00:00:00.501",
      "timestamp_unix": 1750054657,
      "timestamp_unix_ms": 1750054657375,
      "timestamp_readable": "2025-06-16 06:17:37.375",
      "normalized_name": "Kevin-Hart/Kevin-Hart",
      "meme_name": "Kevin-Hart",
      "post_id": 1,
      "english_label": "contempt",
      "response_time_ms": 501
    },
    {
      "image_path": "Ill-Have-You-Know-Spongebob/Ill-Have-You-Know-Spongebob_14.png",
      "label": "輕蔑",
      "response_time": "00:00:00.902",
      "timestamp_unix": 1750054658,
      "timestamp_unix_ms": 1750054658409,
      "timestamp_readable": "2025-06-16 06:17:38.409",
      "normalized_name": "Ill-Have-You-Know-Spongebob/Ill-Have-You-Know-Spongebob",
      "meme_name": "Ill-Have-You-Know-Spongebob",
      "post_id": 14,
      "english_label": "contempt",
      "response_time_ms": 902
    },
    {
      "image_path": "Charlie-Day/Charlie-Day_10.png",
      "label": "厭惡",
      "response_time": "00:00:01.101",
      "timestamp_unix": 1750054659,
      "timestamp_unix_ms": 1750054659609,
      "timestamp_readable": "2025-06-16 06:17:39.609",
      "normalized_name": "Charlie-Day/Charlie-Day",
      "meme_name": "Charlie-Day",
      "post_id": 10,
      "english_label": "disgust",
      "response_time_ms": 1101
    },
    {
      "image_path": "attention_check/attention_check_Disgust.png",
      "label": "憤怒",
      "response_time": "00:00:00.901",
      "timestamp_unix": 1750054660,
      "timestamp_unix_ms": 1750054660576,
      "timestamp_readable": "2025-06-16 06:17:40.576",
      "normalized_name": "attention_check/attention_check_Disgust.png",
      "meme_name": "attention_check",
      "post_id": null,
      "english_label": "anger",
      "response_time_ms": 901
    },
    {
      "image_path": "Drake-NoYes/Drake-NoYes_11.png",
      "label": "憤怒",
      "response_time": "00:00:01.301",
      "timestamp_unix": 1750054661,
      "timestamp_unix_ms": 1750054661976,
      "timestamp_readable": "2025-06-16 06:17:41.976",
      "normalized_name": "Drake-NoYes/Drake-NoYes",
      "meme_name": "Drake-NoYes",
      "post_id": 11,
      "english_label": "anger",
      "response_time_ms": 1301
    },
    {
      "image_path": "Math-ladyConfused-lady/Math-ladyConfused-lady_7.png",
      "label": "憤怒",
      "response_time": "00:00:00.301",
      "timestamp_unix": 1750054662,
      "timestamp_unix_ms": 1750054662410,
      "timestamp_readable": "2025-06-16 06:17:42.410",
      "normalized_name": "Math-ladyConfused-lady/Math-ladyConfused-lady",
      "meme_name": "Math-ladyConfused-lady",
      "post_id": 7,
      "english_label": "anger",
      "response_time_ms": 301
    },
    {
      "image_path": "Mr-incredible-mad/Mr-incredible-mad_36.png",
      "label": "憤怒",
      "response_time": "00:00:00.400",
      "timestamp_unix": 1750054662,
      "timestamp_unix_ms": 1750054662909,
      "timestamp_readable": "2025-06-16 06:17:42.909",
      "normalized_name": "Mr-incredible-mad/Mr-incredible-mad",
      "meme_name": "Mr-incredible-mad",
      "post_id": 36,
      "english_label": "anger",
      "response_time_ms": 400
    },
    {
      "image_path": "Well-Yes-But-Actually-No/Well-Yes-But-Actually-No_34.png",
      "label": "厭惡",
      "response_time": "00:00:00.401",
      "timestamp_unix": 1750054663,
      "timestamp_unix_ms": 1750054663393,
      "timestamp_readable": "2025-06-16 06:17:43.393",
      "normalized_name": "Well-Yes-But-Actually-No/Well-Yes-But-Actually-No",
      "meme_name": "Well-Yes-But-Actually-No",
      "post_id": 34,
      "english_label": "disgust",
      "response_time_ms": 401
    },
    {
      "image_path": "Put-It-Somewhere-Else-Patrick/Put-It-Somewhere-Else-Patrick_24.png",
      "label": "憤怒",
      "response_time": "00:00:01.401",
      "timestamp_unix": 1750054664,
      "timestamp_unix_ms": 1750054664893,
      "timestamp_readable": "2025-06-16 06:17:44.893",
      "normalized_name": "Put-It-Somewhere-Else-Patrick/Put-It-Somewhere-Else-Patrick",
      "meme_name": "Put-It-Somewhere-Else-Patrick",
      "post_id": 24,
      "english_label": "anger",
      "response_time_ms": 1401
    },
    {
      "image_path": "Chill-guy/Chill-guy_12.png",
      "label": "憤怒",
      "response_time": "00:00:00.201",
      "timestamp_unix": 1750054665,
      "timestamp_unix_ms": 1750054665159,
      "timestamp_readable": "2025-06-16 06:17:45.159",
      "normalized_name": "Chill-guy/Chill-guy",
      "meme_name": "Chill-guy",
      "post_id": 12,
      "english_label": "anger",
      "response_time_ms": 201
    },
    {
      "image_path": "Happy--Shock/Happy--Shock_38.png",
      "label": "輕蔑",
      "response_time": "00:00:01.000",
      "timestamp_unix": 1750054666,
      "timestamp_unix_ms": 1750054666242,
      "timestamp_readable": "2025-06-16 06:17:46.242",
      "normalized_name": "Happy--Shock/Happy--Shock",
      "meme_name": "Happy--Shock",
      "post_id": 38,
      "english_label": "contempt",
      "response_time_ms": 1000
    },
    {
      "image_path": "Black-guy-hiding-behind-tree/Black-guy-hiding-behind-tree_47.png",
      "label": "輕蔑",
      "response_time": "00:00:00.601",
      "timestamp_unix": 1750054666,
      "timestamp_unix_ms": 1750054666943,
      "timestamp_readable": "2025-06-16 06:17:46.943",
      "normalized_name": "Black-guy-hiding-behind-tree/Black-guy-hiding-behind-tree",
      "meme_name": "Black-guy-hiding-behind-tree",
      "post_id": 47,
      "english_label": "contempt",
      "response_time_ms": 601
    },
    {
      "image_path": "Disaster-Girl/Disaster-Girl_26.png",
      "label": "憤怒",
      "response_time": "00:00:00.400",
      "timestamp_unix": 1750054667,
      "timestamp_unix_ms": 1750054667442,
      "timestamp_readable": "2025-06-16 06:17:47.442",
      "normalized_name": "Disaster-Girl/Disaster-Girl",
      "meme_name": "Disaster-Girl",
      "post_id": 26,
      "english_label": "anger",
      "response_time_ms": 400
    },
    {
      "image_path": "Archer/Archer_25.png",
      "label": "厭惡",
      "response_time": "00:00:00.610",
      "timestamp_unix": 1750054668,
      "timestamp_unix_ms": 1750054668126,
      "timestamp_readable": "2025-06-16 06:17:48.126",
      "normalized_name": "Archer/Archer",
      "meme_name": "Archer",
      "post_id": 25,
      "english_label": "disgust",
      "response_time_ms": 610
    },
    {
      "image_path": "Angry-Baby/Angry-Baby_2.png",
      "label": "輕蔑",
      "response_time": "00:00:00.409",
      "timestamp_unix": 1750054668,
      "timestamp_unix_ms": 1750054668610,
      "timestamp_readable": "2025-06-16 06:17:48.610",
      "normalized_name": "Angry-Baby/Angry-Baby",
      "meme_name": "Angry-Baby",
      "post_id": 2,
      "english_label": "contempt",
      "response_time_ms": 409
    },
    {
      "image_path": "Nuclear-Explosion/Nuclear-Explosion_33.png",
      "label": "憤怒",
      "response_time": "00:00:00.401",
      "timestamp_unix": 1750054669,
      "timestamp_unix_ms": 1750054669126,
      "timestamp_readable": "2025-06-16 06:17:49.126",
      "normalized_name": "Nuclear-Explosion/Nuclear-Explosion",
      "meme_name": "Nuclear-Explosion",
      "post_id": 33,
      "english_label": "anger",
      "response_time_ms": 401
    },
    {
      "image_path": "Moe-throws-Barney/Moe-throws-Barney_3.png",
      "label": "輕蔑",
      "response_time": "00:00:00.302",
      "timestamp_unix": 1750054669,
      "timestamp_unix_ms": 1750054669559,
      "timestamp_readable": "2025-06-16 06:17:49.559",
      "normalized_name": "Moe-throws-Barney/Moe-throws-Barney",
      "meme_name": "Moe-throws-Barney",
      "post_id": 3,
      "english_label": "contempt",
      "response_time_ms": 302
    },
    {
      "image_path": "Disappointed-Man/Disappointed-Man_30.png",
      "label": "厭惡",
      "response_time": "00:00:00.302",
      "timestamp_unix": 1750054669,
      "timestamp_unix_ms": 1750054669976,
      "timestamp_readable": "2025-06-16 06:17:49.976",
      "normalized_name": "Disappointed-Man/Disappointed-Man",
      "meme_name": "Disappointed-Man",
      "post_id": 30,
      "english_label": "disgust",
      "response_time_ms": 302
    },
    {
      "image_path": "Afraid-To-Ask-Andy/Afraid-To-Ask-Andy_27.png",
      "label": "輕蔑",
      "response_time": "00:00:00.201",
      "timestamp_unix": 1750054670,
      "timestamp_unix_ms": 1750054670259,
      "timestamp_readable": "2025-06-16 06:17:50.259",
      "normalized_name": "Afraid-To-Ask-Andy/Afraid-To-Ask-Andy",
      "meme_name": "Afraid-To-Ask-Andy",
      "post_id": 27,
      "english_label": "contempt",
      "response_time_ms": 201
    },
    {
      "image_path": "Im-The-Captain-Now/Im-The-Captain-Now_50.png",
      "label": "輕蔑",
      "response_time": "00:00:01.601",
      "timestamp_unix": 1750054671,
      "timestamp_unix_ms": 1750054671943,
      "timestamp_readable": "2025-06-16 06:17:51.943",
      "normalized_name": "Im-The-Captain-Now/Im-The-Captain-Now",
      "meme_name": "Im-The-Captain-Now",
      "post_id": 50,
      "english_label": "contempt",
      "response_time_ms": 1601
    },
    {
      "image_path": "For-the-better-right-blank/For-the-better-right-blank_6.png",
      "label": "輕蔑",
      "response_time": "00:00:00.208",
      "timestamp_unix": 1750054672,
      "timestamp_unix_ms": 1750054672260,
      "timestamp_readable": "2025-06-16 06:17:52.260",
      "normalized_name": "For-the-better-right-blank/For-the-better-right-blank",
      "meme_name": "For-the-better-right-blank",
      "post_id": 6,
      "english_label": "contempt",
      "response_time_ms": 208
    },
    {
      "image_path": "Spiderman-Hospital/Spiderman-Hospital_40.png",
      "label": "輕蔑",
      "response_time": "00:00:00.202",
      "timestamp_unix": 1750054672,
      "timestamp_unix_ms": 1750054672593,
      "timestamp_readable": "2025-06-16 06:17:52.593",
      "normalized_name": "Spiderman-Hospital/Spiderman-Hospital",
      "meme_name": "Spiderman-Hospital",
      "post_id": 40,
      "english_label": "contempt",
      "response_time_ms": 202
    },
    {
      "image_path": "Dave-chappelle/Dave-chappelle_42.png",
      "label": "輕蔑",
      "response_time": "00:00:00.210",
      "timestamp_unix": 1750054672,
      "timestamp_unix_ms": 1750054672893,
      "timestamp_readable": "2025-06-16 06:17:52.893",
      "normalized_name": "Dave-chappelle/Dave-chappelle",
      "meme_name": "Dave-chappelle",
      "post_id": 42,
      "english_label": "contempt",
      "response_time_ms": 210
    },
    {
      "image_path": "Dinkleberg/Dinkleberg_49.png",
      "label": "輕蔑",
      "response_time": "00:00:00.201",
      "timestamp_unix": 1750054673,
      "timestamp_unix_ms": 1750054673193,
      "timestamp_readable": "2025-06-16 06:17:53.193",
      "normalized_name": "Dinkleberg/Dinkleberg",
      "meme_name": "Dinkleberg",
      "post_id": 49,
      "english_label": "contempt",
      "response_time_ms": 201
    },
    {
      "image_path": "Monkey-Puppet/Monkey-Puppet_35.png",
      "label": "憤怒",
      "response_time": "00:00:01.200",
      "timestamp_unix": 1750054674,
      "timestamp_unix_ms": 1750054674527,
      "timestamp_readable": "2025-06-16 06:17:54.527",
      "normalized_name": "Monkey-Puppet/Monkey-Puppet",
      "meme_name": "Monkey-Puppet",
      "post_id": 35,
      "english_label": "anger",
      "response_time_ms": 1200
    },
    {
      "image_path": "Hold-fart/Hold-fart_31.png",
      "label": "輕蔑",
      "response_time": "00:00:00.209",
      "timestamp_unix": 1750054674,
      "timestamp_unix_ms": 1750054674793,
      "timestamp_readable": "2025-06-16 06:17:54.793",
      "normalized_name": "Hold-fart/Hold-fart",
      "meme_name": "Hold-fart",
      "post_id": 31,
      "english_label": "contempt",
      "response_time_ms": 209
    },
    {
      "image_path": "You-The-Real-MVP/You-The-Real-MVP_17.png",
      "label": "厭惡",
      "response_time": "00:00:00.201",
      "timestamp_unix": 1750054675,
      "timestamp_unix_ms": 1750054675077,
      "timestamp_readable": "2025-06-16 06:17:55.077",
      "normalized_name": "You-The-Real-MVP/You-The-Real-MVP",
      "meme_name": "You-The-Real-MVP",
      "post_id": 17,
      "english_label": "disgust",
      "response_time_ms": 201
    },
    {
      "image_path": "Always-Has-Been/Always-Has-Been_48.png",
      "label": "輕蔑",
      "response_time": "00:00:00.201",
      "timestamp_unix": 1750054675,
      "timestamp_unix_ms": 1750054675343,
      "timestamp_readable": "2025-06-16 06:17:55.343",
      "normalized_name": "Always-Has-Been/Always-Has-Been",
      "meme_name": "Always-Has-Been",
      "post_id": 48,
      "english_label": "contempt",
      "response_time_ms": 201
    },
    {
      "image_path": "Futurama-Fry/Futurama-Fry_39.png",
      "label": "憤怒",
      "response_time": "00:00:00.201",
      "timestamp_unix": 1750054675,
      "timestamp_unix_ms": 1750054675610,
      "timestamp_readable": "2025-06-16 06:17:55.610",
      "normalized_name": "Futurama-Fry/Futurama-Fry",
      "meme_name": "Futurama-Fry",
      "post_id": 39,
      "english_label": "anger",
      "response_time_ms": 201
    },
    {
      "image_path": "Scooby-doo-mask-reveal/Scooby-doo-mask-reveal_20.png",
      "label": "輕蔑",
      "response_time": "00:00:00.201",
      "timestamp_unix": 1750054675,
      "timestamp_unix_ms": 1750054675893,
      "timestamp_readable": "2025-06-16 06:17:55.893",
      "normalized_name": "Scooby-doo-mask-reveal/Scooby-doo-mask-reveal",
      "meme_name": "Scooby-doo-mask-reveal",
      "post_id": 20,
      "english_label": "contempt",
      "response_time_ms": 201
    },
    {
      "image_path": "attention_check/attention_check_Anger.png",
      "label": "厭惡",
      "response_time": "00:00:00.601",
      "timestamp_unix": 1750054676,
      "timestamp_unix_ms": 1750054676593,
      "timestamp_readable": "2025-06-16 06:17:56.593",
      "normalized_name": "attention_check/attention_check_Anger.png",
      "meme_name": "attention_check",
      "post_id": null,
      "english_label": "disgust",
      "response_time_ms": 601
    },
    {
      "image_path": "Mr-McMahon-reaction/Mr-McMahon-reaction_43.png",
      "label": "輕蔑",
      "response_time": "00:00:00.201",
      "timestamp_unix": 1750054676,
      "timestamp_unix_ms": 1750054676876,
      "timestamp_readable": "2025-06-16 06:17:56.876",
      "normalized_name": "Mr-McMahon-reaction/Mr-McMahon-reaction",
      "meme_name": "Mr-McMahon-reaction",
      "post_id": 43,
      "english_label": "contempt",
      "response_time_ms": 201
    }
  ],
  "session_start_unix": 1750054578,
  "session_status": "completed",
  "last_updated_unix": 1750054705,
  "image_order": [
    "Spiderman-Hospital/Spiderman-Hospital_40.png",
    "Happy--Shock/Happy--Shock_38.png",
    "Chill-guy/Chill-guy_12.png",
    "I-am-once-again-asking/I-am-once-again-asking_13.png",
    "Math-ladyConfused-lady/Math-ladyConfused-lady_7.png",
    "Archer/Archer_25.png",
    "Leonardo-Dicaprio-Wolf-Of-Wall-Street/Leonardo-Dicaprio-Wolf-Of-Wall-Street_29.png",
    "Mocking-Spongebob/Mocking-Spongebob_21.png",
    "Afraid-To-Ask-Andy/Afraid-To-Ask-Andy_27.png",
    "Charlie-Day/Charlie-Day_10.png",
    "Always-Has-Been/Always-Has-Been_48.png",
    "Picard-Wtf/Picard-Wtf_4.png",
    "Batman-Slapping-Robin/Batman-Slapping-Robin_15.png",
    "For-the-better-right-blank/For-the-better-right-blank_6.png",
    "Drake-NoYes/Drake-NoYes_11.png",
    "Laughing-wolf/Laughing-wolf_22.png",
    "DJ-Pauly-D/DJ-Pauly-D_44.png",
    "Always-you-three/Always-you-three_46.png",
    "Disappointed-Man/Disappointed-Man_30.png",
    "Smudge-the-cat/Smudge-the-cat_9.png",
    "Thats-a-paddlin/Thats-a-paddlin_37.png",
    "Hide-the-Pain-Harold/Hide-the-Pain-Harold_28.png",
    "Hold-fart/Hold-fart_31.png",
    "attention_check/attention_check_Disgust.png",
    "Im-The-Captain-Now/Im-The-Captain-Now_50.png",
    "Obi-Wan-Kenobi/Obi-Wan-Kenobi_19.png",
    "Spongebob-Yelling/Spongebob-Yelling_8.png",
    "Nuclear-Explosion/Nuclear-Explosion_33.png",
    "Dinkleberg/Dinkleberg_49.png",
    "Scooby-doo-mask-reveal/Scooby-doo-mask-reveal_20.png",
    "Disaster-Girl/Disaster-Girl_26.png",
    "Black-guy-hiding-behind-tree/Black-guy-hiding-behind-tree_47.png",
    "You-The-Real-MVP/You-The-Real-MVP_17.png",
    "Moe-throws-Barney/Moe-throws-Barney_3.png",
    "Ill-Have-You-Know-Spongebob/Ill-Have-You-Know-Spongebob_14.png",
    "Futurama-Fry/Futurama-Fry_39.png",
    "Monkey-Puppet/Monkey-Puppet_35.png",
    "Confused-Gandalf/Confused-Gandalf_41.png",
    "Mr-incredible-mad/Mr-incredible-mad_36.png",
    "Dave-chappelle/Dave-chappelle_42.png",
    "Surprised-Pikachu/Surprised-Pikachu_45.png",
    "Table-Flip-Guy/Table-Flip-Guy_18.png",
    "Kevin-Hart/Kevin-Hart_1.png",
    "Well-Yes-But-Actually-No/Well-Yes-But-Actually-No_34.png",
    "Mr-McMahon-reaction/Mr-McMahon-reaction_43.png",
    "Gru-Gun/Gru-Gun_16.png",
    "Persian-Cat-Room-Guardian/Persian-Cat-Room-Guardian_23.png",
    "Put-It-Somewhere-Else-Patrick/Put-It-Somewhere-Else-Patrick_24.png",
    "Angry-Baby/Angry-Baby_2.png",
    "Arthur-Fist/Arthur-Fist_5.png",
    "attention_check/attention_check_Anger.png",
    "Khan/Khan_32.png"
  ],
  "completion_status": {
    "practice_completed": true,
    "game_started": true,
    "game_completed": true,
    "summary_viewed": true,
    "email_submitted": true
  },
  "timestamps_unix": {
    "registration_completed": 1750054578,
    "practice_started": 1750054578,
    "practice_completed": 1750054627,
    "game_started": 1750054627,
    "first_label": 1750054630,
    "last_label": 1750054676,
    "game_completed": 1750054679,
    "summary_viewed": 1750054679,
    "email_submitted": 1750054705,
    "session_end": 1750054705,
    "last_updated": 1750054705
  },
  "timestamps_unix_ms": {
    "registration_completed_ms": 1750054578737,
    "practice_started_ms": 1750054578781,
    "practice_completed_ms": 1750054627847,
    "game_started_ms": 1750054627866,
    "first_label_ms": 1750054630342,
    "last_label_ms": 1750054676876,
    "game_completed_ms": 1750054679128,
    "summary_viewed_ms": 1750054679147,
    "email_submitted_ms": 1750054705408,
    "session_end_ms": 1750054705408,
    "last_updated_ms": 1750054705408
  },
  "duration_stats_ms": {
    "total_session_duration_ms": 126671,
    "practice_duration_ms": 49066,
    "game_duration_ms": 51262,
    "labeling_duration_ms": 46534,
    "email_submission_duration_ms": 26261
  },
  "filename_updated_unix": 1750054679,
  "original_filename": "user_f3efe6",
  "completion_status_in_filename": "email_submitted"
}