{
  "user_id": "user_0cc06e",
  "file_name": "user_0cc06e",
  "unix_start_time": 1751298190,
  "unix_start_time_ms": 1751298190528,
  "unix_end_time": null,
  "unix_end_time_ms": null,
  "age": "18-24",
  "gender": "male",
  "user_agent": "Mozilla/5.0 (Windows NT 10.0; Win64; x64) AppleWebKit/537.36 (KHTML, like Gecko) Chrome/137.0.0.0 Safari/537.36",
  "user_ip": "1.34.95.211",
  "status": "incomplete",
  "email_provided": "incomplete",
  "attention_passed": null,
  "start_time_readable": "2025-06-30 15:43:10.528",
  "end_time_readable": null,
  "total_labels": 0,
  "emotion_summary": {
    "anger": 0,
    "contempt": 0,
    "disgust": 0,
    "others": 0
  },
  "email": null,
  "participation": null,
  "total_responses": 0,
  "responses": [],
  "session_start_unix": 1751298190,
  "session_status": "active",
  "last_updated_unix": 1751298239,
  "image_order": [
    "Spiderman-Hospital/Spiderman-Hospital_41.png",
    "Happy--Shock/Happy--Shock_17.png",
    "Chill-guy/Chill-guy_37.png",
    "I-am-once-again-asking/I-am-once-again-asking_26.png",
    "Math-ladyConfused-lady/Math-ladyConfused-lady_1.png",
    "Archer/Archer_29.png",
    "Leonardo-Dicaprio-Wolf-Of-Wall-Street/Leonardo-Dicaprio-Wolf-Of-Wall-Street_22.png",
    "Mocking-Spongebob/Mocking-Spongebob_24.png",
    "Afraid-To-Ask-Andy/Afraid-To-Ask-Andy_8.png",
    "Charlie-Day/Charlie-Day_42.png",
    "Always-Has-Been/Always-Has-Been_18.png",
    "Picard-Wtf/Picard-Wtf_34.png",
    "Batman-Slapping-Robin/Batman-Slapping-Robin_49.png",
    "For-the-better-right-blank/For-the-better-right-blank_16.png",
    "Drake-NoYes/Drake-NoYes_46.png",
    "Laughing-wolf/Laughing-wolf_19.png",
    "DJ-Pauly-D/DJ-Pauly-D_32.png",
    "Always-you-three/Always-you-three_9.png",
    "Disappointed-Man/Disappointed-Man_38.png",
    "Smudge-the-cat/Smudge-the-cat_25.png",
    "attention_check/attention_check_Contempt.png",
    "Thats-a-paddlin/Thats-a-paddlin_39.png",
    "Hide-the-Pain-Harold/Hide-the-Pain-Harold_10.png",
    "Hold-fart/Hold-fart_20.png",
    "Im-The-Captain-Now/Im-The-Captain-Now_13.png",
    "Obi-Wan-Kenobi/Obi-Wan-Kenobi_4.png",
    "Spongebob-Yelling/Spongebob-Yelling_30.png",
    "Nuclear-Explosion/Nuclear-Explosion_50.png",
    "Dinkleberg/Dinkleberg_15.png",
    "Scooby-doo-mask-reveal/Scooby-doo-mask-reveal_6.png",
    "Disaster-Girl/Disaster-Girl_36.png",
    "Black-guy-hiding-behind-tree/Black-guy-hiding-behind-tree_3.png",
    "You-The-Real-MVP/You-The-Real-MVP_47.png",
    "Moe-throws-Barney/Moe-throws-Barney_14.png",
    "Ill-Have-You-Know-Spongebob/Ill-Have-You-Know-Spongebob_45.png",
    "Futurama-Fry/Futurama-Fry_35.png",
    "Monkey-Puppet/Monkey-Puppet_12.png",
    "Confused-Gandalf/Confused-Gandalf_43.png",
    "Mr-incredible-mad/Mr-incredible-mad_48.png",
    "Dave-chappelle/Dave-chappelle_21.png",
    "Surprised-Pikachu/Surprised-Pikachu_44.png",
    "Table-Flip-Guy/Table-Flip-Guy_5.png",
    "attention_check/attention_check_Anger.png",
    "Kevin-Hart/Kevin-Hart_33.png",
    "Well-Yes-But-Actually-No/Well-Yes-But-Actually-No_27.png",
    "Mr-McMahon-reaction/Mr-McMahon-reaction_7.png",
    "Gru-Gun/Gru-Gun_31.png",
    "Persian-Cat-Room-Guardian/Persian-Cat-Room-Guardian_23.png",
    "Put-It-Somewhere-Else-Patrick/Put-It-Somewhere-Else-Patrick_40.png",
    "Angry-Baby/Angry-Baby_11.png",
    "Arthur-Fist/Arthur-Fist_28.png",
    "Khan/Khan_2.png"
  ],
  "completion_status": {
    "practice_completed": true,
    "game_started": true,
    "game_completed": false,
    "summary_viewed": false,
    "email_submitted": false
  },
  "timestamps_unix": {
    "registration_completed": 1751298190,
    "practice_started": 1751298190,
    "practice_completed": 1751298239,
    "game_started": 1751298239,
    "first_label": null,
    "last_label": null,
    "game_completed": null,
    "summary_viewed": null,
    "email_submitted": null,
    "session_end": null,
    "last_updated": 1751298239
  },
  "timestamps_unix_ms": {
    "registration_completed_ms": 1751298190528,
    "practice_started_ms": 1751298190559,
    "practice_completed_ms": 1751298239056,
    "game_started_ms": 1751298239067,
    "first_label_ms": null,
    "last_label_ms": null,
    "game_completed_ms": null,
    "summary_viewed_ms": null,
    "email_submitted_ms": null,
    "session_end_ms": null,
    "last_updated_ms": 1751298239067
  },
  "duration_stats_ms": {
    "total_session_duration_ms": null,
    "practice_duration_ms": 48497,
    "game_duration_ms": null,
    "labeling_duration_ms": null,
    "email_submission_duration_ms": null
  }
}