{
  "user_id": "user_104e6a",
  "file_name": "user_104e6a_1750237938_1750238308_fullycomplete",
  "unix_start_time": 1750237938,
  "unix_start_time_ms": 1750237938186,
  "unix_end_time": 1750238308,
  "unix_end_time_ms": 1750238308093,
  "age": "18-24",
  "gender": "male",
  "user_agent": "Mozilla/5.0 (Windows NT 10.0; Win64; x64) AppleWebKit/537.36 (KHTML, like Gecko) Chrome/137.0.0.0 Safari/537.36",
  "user_ip": "120.113.201.152",
  "status": "complete",
  "email_provided": "complete",
  "attention_passed": true,
  "start_time_readable": "2025-06-18 09:12:18.186",
  "end_time_readable": "2025-06-18 09:18:28.093",
  "total_labels": 52,
  "emotion_summary": {
    "anger": 8,
    "contempt": 7,
    "disgust": 15,
    "others": 22
  },
  "email": "joe227451@gmail.com",
  "participation": "no",
  "total_responses": 52,
  "responses": [
    {
      "image_path": "Chill-guy/Chill-guy_2.png",
      "label": "其他",
      "response_time": "00:00:04.101",
      "timestamp_unix": 1750238012,
      "timestamp_unix_ms": 1750238012751,
      "timestamp_readable": "2025-06-18 09:13:32.751",
      "normalized_name": "Chill-guy/Chill-guy",
      "meme_name": "Chill-guy",
      "post_id": 2,
      "english_label": "others",
      "response_time_ms": 4101
    },
    {
      "image_path": "Math-ladyConfused-lady/Math-ladyConfused-lady_17.png",
      "label": "其他",
      "response_time": "00:00:04.001",
      "timestamp_unix": 1750238016,
      "timestamp_unix_ms": 1750238016851,
      "timestamp_readable": "2025-06-18 09:13:36.851",
      "normalized_name": "Math-ladyConfused-lady/Math-ladyConfused-lady",
      "meme_name": "Math-ladyConfused-lady",
      "post_id": 17,
      "english_label": "others",
      "response_time_ms": 4001
    },
    {
      "image_path": "Leonardo-Dicaprio-Wolf-Of-Wall-Street/Leonardo-Dicaprio-Wolf-Of-Wall-Street_31.png",
      "label": "其他",
      "response_time": "00:00:08.806",
      "timestamp_unix": 1750238025,
      "timestamp_unix_ms": 1750238025729,
      "timestamp_readable": "2025-06-18 09:13:45.729",
      "normalized_name": "Leonardo-Dicaprio-Wolf-Of-Wall-Street/Leonardo-Dicaprio-Wolf-Of-Wall-Street",
      "meme_name": "Leonardo-Dicaprio-Wolf-Of-Wall-Street",
      "post_id": 31,
      "english_label": "others",
      "response_time_ms": 8806
    },
    {
      "image_path": "Disappointed-Man/Disappointed-Man_20.png",
      "label": "其他",
      "response_time": "00:00:11.911",
      "timestamp_unix": 1750238037,
      "timestamp_unix_ms": 1750238037781,
      "timestamp_readable": "2025-06-18 09:13:57.781",
      "normalized_name": "Disappointed-Man/Disappointed-Man",
      "meme_name": "Disappointed-Man",
      "post_id": 20,
      "english_label": "others",
      "response_time_ms": 11911
    },
    {
      "image_path": "Drake-NoYes/Drake-NoYes_43.png",
      "label": "其他",
      "response_time": "00:00:06.810",
      "timestamp_unix": 1750238044,
      "timestamp_unix_ms": 1750238044810,
      "timestamp_readable": "2025-06-18 09:14:04.810",
      "normalized_name": "Drake-NoYes/Drake-NoYes",
      "meme_name": "Drake-NoYes",
      "post_id": 43,
      "english_label": "others",
      "response_time_ms": 6810
    },
    {
      "image_path": "Always-Has-Been/Always-Has-Been_19.png",
      "label": "其他",
      "response_time": "00:00:03.900",
      "timestamp_unix": 1750238048,
      "timestamp_unix_ms": 1750238048802,
      "timestamp_readable": "2025-06-18 09:14:08.802",
      "normalized_name": "Always-Has-Been/Always-Has-Been",
      "meme_name": "Always-Has-Been",
      "post_id": 19,
      "english_label": "others",
      "response_time_ms": 3900
    },
    {
      "image_path": "Afraid-To-Ask-Andy/Afraid-To-Ask-Andy_14.png",
      "label": "憤怒",
      "response_time": "00:00:10.805",
      "timestamp_unix": 1750238059,
      "timestamp_unix_ms": 1750238059753,
      "timestamp_readable": "2025-06-18 09:14:19.753",
      "normalized_name": "Afraid-To-Ask-Andy/Afraid-To-Ask-Andy",
      "meme_name": "Afraid-To-Ask-Andy",
      "post_id": 14,
      "english_label": "anger",
      "response_time_ms": 10805
    },
    {
      "image_path": "You-The-Real-MVP/You-The-Real-MVP_11.png",
      "label": "輕蔑",
      "response_time": "00:00:04.005",
      "timestamp_unix": 1750238063,
      "timestamp_unix_ms": 1750238063886,
      "timestamp_readable": "2025-06-18 09:14:23.886",
      "normalized_name": "You-The-Real-MVP/You-The-Real-MVP",
      "meme_name": "You-The-Real-MVP",
      "post_id": 11,
      "english_label": "contempt",
      "response_time_ms": 4005
    },
    {
      "image_path": "Angry-Baby/Angry-Baby_27.png",
      "label": "憤怒",
      "response_time": "00:00:03.906",
      "timestamp_unix": 1750238067,
      "timestamp_unix_ms": 1750238067851,
      "timestamp_readable": "2025-06-18 09:14:27.851",
      "normalized_name": "Angry-Baby/Angry-Baby",
      "meme_name": "Angry-Baby",
      "post_id": 27,
      "english_label": "anger",
      "response_time_ms": 3906
    },
    {
      "image_path": "Thats-a-paddlin/Thats-a-paddlin_8.png",
      "label": "厭惡",
      "response_time": "00:00:07.606",
      "timestamp_unix": 1750238075,
      "timestamp_unix_ms": 1750238075544,
      "timestamp_readable": "2025-06-18 09:14:35.544",
      "normalized_name": "Thats-a-paddlin/Thats-a-paddlin",
      "meme_name": "Thats-a-paddlin",
      "post_id": 8,
      "english_label": "disgust",
      "response_time_ms": 7606
    },
    {
      "image_path": "Surprised-Pikachu/Surprised-Pikachu_18.png",
      "label": "其他",
      "response_time": "00:00:03.100",
      "timestamp_unix": 1750238078,
      "timestamp_unix_ms": 1750238078731,
      "timestamp_readable": "2025-06-18 09:14:38.731",
      "normalized_name": "Surprised-Pikachu/Surprised-Pikachu",
      "meme_name": "Surprised-Pikachu",
      "post_id": 18,
      "english_label": "others",
      "response_time_ms": 3100
    },
    {
      "image_path": "Im-The-Captain-Now/Im-The-Captain-Now_34.png",
      "label": "厭惡",
      "response_time": "00:00:07.804",
      "timestamp_unix": 1750238086,
      "timestamp_unix_ms": 1750238086668,
      "timestamp_readable": "2025-06-18 09:14:46.668",
      "normalized_name": "Im-The-Captain-Now/Im-The-Captain-Now",
      "meme_name": "Im-The-Captain-Now",
      "post_id": 34,
      "english_label": "disgust",
      "response_time_ms": 7804
    },
    {
      "image_path": "Charlie-Day/Charlie-Day_33.png",
      "label": "其他",
      "response_time": "00:00:03.209",
      "timestamp_unix": 1750238089,
      "timestamp_unix_ms": 1750238089932,
      "timestamp_readable": "2025-06-18 09:14:49.932",
      "normalized_name": "Charlie-Day/Charlie-Day",
      "meme_name": "Charlie-Day",
      "post_id": 33,
      "english_label": "others",
      "response_time_ms": 3209
    },
    {
      "image_path": "Spongebob-Yelling/Spongebob-Yelling_1.png",
      "label": "憤怒",
      "response_time": "00:00:03.305",
      "timestamp_unix": 1750238093,
      "timestamp_unix_ms": 1750238093316,
      "timestamp_readable": "2025-06-18 09:14:53.316",
      "normalized_name": "Spongebob-Yelling/Spongebob-Yelling",
      "meme_name": "Spongebob-Yelling",
      "post_id": 1,
      "english_label": "anger",
      "response_time_ms": 3305
    },
    {
      "image_path": "DJ-Pauly-D/DJ-Pauly-D_40.png",
      "label": "厭惡",
      "response_time": "00:00:05.006",
      "timestamp_unix": 1750238098,
      "timestamp_unix_ms": 1750238098381,
      "timestamp_readable": "2025-06-18 09:14:58.381",
      "normalized_name": "DJ-Pauly-D/DJ-Pauly-D",
      "meme_name": "DJ-Pauly-D",
      "post_id": 40,
      "english_label": "disgust",
      "response_time_ms": 5006
    },
    {
      "image_path": "Laughing-wolf/Laughing-wolf_38.png",
      "label": "其他",
      "response_time": "00:00:02.405",
      "timestamp_unix": 1750238100,
      "timestamp_unix_ms": 1750238100897,
      "timestamp_readable": "2025-06-18 09:15:00.897",
      "normalized_name": "Laughing-wolf/Laughing-wolf",
      "meme_name": "Laughing-wolf",
      "post_id": 38,
      "english_label": "others",
      "response_time_ms": 2405
    },
    {
      "image_path": "Obi-Wan-Kenobi/Obi-Wan-Kenobi_6.png",
      "label": "其他",
      "response_time": "00:00:08.111",
      "timestamp_unix": 1750238109,
      "timestamp_unix_ms": 1750238109055,
      "timestamp_readable": "2025-06-18 09:15:09.055",
      "normalized_name": "Obi-Wan-Kenobi/Obi-Wan-Kenobi",
      "meme_name": "Obi-Wan-Kenobi",
      "post_id": 6,
      "english_label": "others",
      "response_time_ms": 8111
    },
    {
      "image_path": "Smudge-the-cat/Smudge-the-cat_15.png",
      "label": "其他",
      "response_time": "00:00:01.710",
      "timestamp_unix": 1750238110,
      "timestamp_unix_ms": 1750238110833,
      "timestamp_readable": "2025-06-18 09:15:10.833",
      "normalized_name": "Smudge-the-cat/Smudge-the-cat",
      "meme_name": "Smudge-the-cat",
      "post_id": 15,
      "english_label": "others",
      "response_time_ms": 1710
    },
    {
      "image_path": "Always-you-three/Always-you-three_12.png",
      "label": "其他",
      "response_time": "00:00:02.906",
      "timestamp_unix": 1750238113,
      "timestamp_unix_ms": 1750238113851,
      "timestamp_readable": "2025-06-18 09:15:13.851",
      "normalized_name": "Always-you-three/Always-you-three",
      "meme_name": "Always-you-three",
      "post_id": 12,
      "english_label": "others",
      "response_time_ms": 2906
    },
    {
      "image_path": "For-the-better-right-blank/For-the-better-right-blank_32.png",
      "label": "其他",
      "response_time": "00:00:05.204",
      "timestamp_unix": 1750238119,
      "timestamp_unix_ms": 1750238119180,
      "timestamp_readable": "2025-06-18 09:15:19.180",
      "normalized_name": "For-the-better-right-blank/For-the-better-right-blank",
      "meme_name": "For-the-better-right-blank",
      "post_id": 32,
      "english_label": "others",
      "response_time_ms": 5204
    },
    {
      "image_path": "Black-guy-hiding-behind-tree/Black-guy-hiding-behind-tree_50.png",
      "label": "其他",
      "response_time": "00:00:02.510",
      "timestamp_unix": 1750238121,
      "timestamp_unix_ms": 1750238121809,
      "timestamp_readable": "2025-06-18 09:15:21.809",
      "normalized_name": "Black-guy-hiding-behind-tree/Black-guy-hiding-behind-tree",
      "meme_name": "Black-guy-hiding-behind-tree",
      "post_id": 50,
      "english_label": "others",
      "response_time_ms": 2510
    },
    {
      "image_path": "attention_check/attention_check_Contempt.png",
      "label": "輕蔑",
      "response_time": "00:00:06.810",
      "timestamp_unix": 1750238128,
      "timestamp_unix_ms": 1750238128729,
      "timestamp_readable": "2025-06-18 09:15:28.729",
      "normalized_name": "attention_check/attention_check_Contempt.png",
      "meme_name": "attention_check",
      "post_id": null,
      "english_label": "contempt",
      "response_time_ms": 6810
    },
    {
      "image_path": "Batman-Slapping-Robin/Batman-Slapping-Robin_44.png",
      "label": "厭惡",
      "response_time": "00:00:06.700",
      "timestamp_unix": 1750238135,
      "timestamp_unix_ms": 1750238135553,
      "timestamp_readable": "2025-06-18 09:15:35.553",
      "normalized_name": "Batman-Slapping-Robin/Batman-Slapping-Robin",
      "meme_name": "Batman-Slapping-Robin",
      "post_id": 44,
      "english_label": "disgust",
      "response_time_ms": 6700
    },
    {
      "image_path": "Arthur-Fist/Arthur-Fist_7.png",
      "label": "憤怒",
      "response_time": "00:00:04.912",
      "timestamp_unix": 1750238140,
      "timestamp_unix_ms": 1750238140571,
      "timestamp_readable": "2025-06-18 09:15:40.571",
      "normalized_name": "Arthur-Fist/Arthur-Fist",
      "meme_name": "Arthur-Fist",
      "post_id": 7,
      "english_label": "anger",
      "response_time_ms": 4912
    },
    {
      "image_path": "Put-It-Somewhere-Else-Patrick/Put-It-Somewhere-Else-Patrick_29.png",
      "label": "厭惡",
      "response_time": "00:00:10.400",
      "timestamp_unix": 1750238151,
      "timestamp_unix_ms": 1750238151094,
      "timestamp_readable": "2025-06-18 09:15:51.094",
      "normalized_name": "Put-It-Somewhere-Else-Patrick/Put-It-Somewhere-Else-Patrick",
      "meme_name": "Put-It-Somewhere-Else-Patrick",
      "post_id": 29,
      "english_label": "disgust",
      "response_time_ms": 10400
    },
    {
      "image_path": "Gru-Gun/Gru-Gun_25.png",
      "label": "厭惡",
      "response_time": "00:00:05.009",
      "timestamp_unix": 1750238156,
      "timestamp_unix_ms": 1750238156160,
      "timestamp_readable": "2025-06-18 09:15:56.160",
      "normalized_name": "Gru-Gun/Gru-Gun",
      "meme_name": "Gru-Gun",
      "post_id": 25,
      "english_label": "disgust",
      "response_time_ms": 5009
    },
    {
      "image_path": "Hide-the-Pain-Harold/Hide-the-Pain-Harold_3.png",
      "label": "其他",
      "response_time": "00:00:01.604",
      "timestamp_unix": 1750238157,
      "timestamp_unix_ms": 1750238157858,
      "timestamp_readable": "2025-06-18 09:15:57.858",
      "normalized_name": "Hide-the-Pain-Harold/Hide-the-Pain-Harold",
      "meme_name": "Hide-the-Pain-Harold",
      "post_id": 3,
      "english_label": "others",
      "response_time_ms": 1604
    },
    {
      "image_path": "Happy--Shock/Happy--Shock_22.png",
      "label": "厭惡",
      "response_time": "00:00:04.904",
      "timestamp_unix": 1750238162,
      "timestamp_unix_ms": 1750238162859,
      "timestamp_readable": "2025-06-18 09:16:02.859",
      "normalized_name": "Happy--Shock/Happy--Shock",
      "meme_name": "Happy--Shock",
      "post_id": 22,
      "english_label": "disgust",
      "response_time_ms": 4904
    },
    {
      "image_path": "Khan/Khan_35.png",
      "label": "其他",
      "response_time": "00:00:04.604",
      "timestamp_unix": 1750238167,
      "timestamp_unix_ms": 1750238167608,
      "timestamp_readable": "2025-06-18 09:16:07.608",
      "normalized_name": "Khan/Khan",
      "meme_name": "Khan",
      "post_id": 35,
      "english_label": "others",
      "response_time_ms": 4604
    },
    {
      "image_path": "Scooby-doo-mask-reveal/Scooby-doo-mask-reveal_41.png",
      "label": "其他",
      "response_time": "00:00:07.806",
      "timestamp_unix": 1750238175,
      "timestamp_unix_ms": 1750238175508,
      "timestamp_readable": "2025-06-18 09:16:15.508",
      "normalized_name": "Scooby-doo-mask-reveal/Scooby-doo-mask-reveal",
      "meme_name": "Scooby-doo-mask-reveal",
      "post_id": 41,
      "english_label": "others",
      "response_time_ms": 7806
    },
    {
      "image_path": "Disaster-Girl/Disaster-Girl_26.png",
      "label": "其他",
      "response_time": "00:00:06.105",
      "timestamp_unix": 1750238181,
      "timestamp_unix_ms": 1750238181710,
      "timestamp_readable": "2025-06-18 09:16:21.710",
      "normalized_name": "Disaster-Girl/Disaster-Girl",
      "meme_name": "Disaster-Girl",
      "post_id": 26,
      "english_label": "others",
      "response_time_ms": 6105
    },
    {
      "image_path": "Mr-McMahon-reaction/Mr-McMahon-reaction_39.png",
      "label": "其他",
      "response_time": "00:00:02.702",
      "timestamp_unix": 1750238184,
      "timestamp_unix_ms": 1750238184506,
      "timestamp_readable": "2025-06-18 09:16:24.506",
      "normalized_name": "Mr-McMahon-reaction/Mr-McMahon-reaction",
      "meme_name": "Mr-McMahon-reaction",
      "post_id": 39,
      "english_label": "others",
      "response_time_ms": 2702
    },
    {
      "image_path": "Well-Yes-But-Actually-No/Well-Yes-But-Actually-No_47.png",
      "label": "其他",
      "response_time": "00:00:04.608",
      "timestamp_unix": 1750238189,
      "timestamp_unix_ms": 1750238189172,
      "timestamp_readable": "2025-06-18 09:16:29.172",
      "normalized_name": "Well-Yes-But-Actually-No/Well-Yes-But-Actually-No",
      "meme_name": "Well-Yes-But-Actually-No",
      "post_id": 47,
      "english_label": "others",
      "response_time_ms": 4608
    },
    {
      "image_path": "Archer/Archer_42.png",
      "label": "其他",
      "response_time": "00:00:03.012",
      "timestamp_unix": 1750238192,
      "timestamp_unix_ms": 1750238192238,
      "timestamp_readable": "2025-06-18 09:16:32.238",
      "normalized_name": "Archer/Archer",
      "meme_name": "Archer",
      "post_id": 42,
      "english_label": "others",
      "response_time_ms": 3012
    },
    {
      "image_path": "Spiderman-Hospital/Spiderman-Hospital_16.png",
      "label": "厭惡",
      "response_time": "00:00:04.704",
      "timestamp_unix": 1750238197,
      "timestamp_unix_ms": 1750238197055,
      "timestamp_readable": "2025-06-18 09:16:37.055",
      "normalized_name": "Spiderman-Hospital/Spiderman-Hospital",
      "meme_name": "Spiderman-Hospital",
      "post_id": 16,
      "english_label": "disgust",
      "response_time_ms": 4704
    },
    {
      "image_path": "Monkey-Puppet/Monkey-Puppet_36.png",
      "label": "厭惡",
      "response_time": "00:00:07.203",
      "timestamp_unix": 1750238204,
      "timestamp_unix_ms": 1750238204372,
      "timestamp_readable": "2025-06-18 09:16:44.372",
      "normalized_name": "Monkey-Puppet/Monkey-Puppet",
      "meme_name": "Monkey-Puppet",
      "post_id": 36,
      "english_label": "disgust",
      "response_time_ms": 7203
    },
    {
      "image_path": "Nuclear-Explosion/Nuclear-Explosion_10.png",
      "label": "憤怒",
      "response_time": "00:00:02.903",
      "timestamp_unix": 1750238207,
      "timestamp_unix_ms": 1750238207418,
      "timestamp_readable": "2025-06-18 09:16:47.418",
      "normalized_name": "Nuclear-Explosion/Nuclear-Explosion",
      "meme_name": "Nuclear-Explosion",
      "post_id": 10,
      "english_label": "anger",
      "response_time_ms": 2903
    },
    {
      "image_path": "Dinkleberg/Dinkleberg_30.png",
      "label": "輕蔑",
      "response_time": "00:00:04.406",
      "timestamp_unix": 1750238211,
      "timestamp_unix_ms": 1750238211906,
      "timestamp_readable": "2025-06-18 09:16:51.906",
      "normalized_name": "Dinkleberg/Dinkleberg",
      "meme_name": "Dinkleberg",
      "post_id": 30,
      "english_label": "contempt",
      "response_time_ms": 4406
    },
    {
      "image_path": "Mr-incredible-mad/Mr-incredible-mad_23.png",
      "label": "憤怒",
      "response_time": "00:00:01.603",
      "timestamp_unix": 1750238213,
      "timestamp_unix_ms": 1750238213688,
      "timestamp_readable": "2025-06-18 09:16:53.688",
      "normalized_name": "Mr-incredible-mad/Mr-incredible-mad",
      "meme_name": "Mr-incredible-mad",
      "post_id": 23,
      "english_label": "anger",
      "response_time_ms": 1603
    },
    {
      "image_path": "Table-Flip-Guy/Table-Flip-Guy_13.png",
      "label": "憤怒",
      "response_time": "00:00:01.302",
      "timestamp_unix": 1750238215,
      "timestamp_unix_ms": 1750238215119,
      "timestamp_readable": "2025-06-18 09:16:55.119",
      "normalized_name": "Table-Flip-Guy/Table-Flip-Guy",
      "meme_name": "Table-Flip-Guy",
      "post_id": 13,
      "english_label": "anger",
      "response_time_ms": 1302
    },
    {
      "image_path": "I-am-once-again-asking/I-am-once-again-asking_21.png",
      "label": "厭惡",
      "response_time": "00:00:04.603",
      "timestamp_unix": 1750238219,
      "timestamp_unix_ms": 1750238219809,
      "timestamp_readable": "2025-06-18 09:16:59.809",
      "normalized_name": "I-am-once-again-asking/I-am-once-again-asking",
      "meme_name": "I-am-once-again-asking",
      "post_id": 21,
      "english_label": "disgust",
      "response_time_ms": 4603
    },
    {
      "image_path": "Ill-Have-You-Know-Spongebob/Ill-Have-You-Know-Spongebob_46.png",
      "label": "輕蔑",
      "response_time": "00:00:04.502",
      "timestamp_unix": 1750238224,
      "timestamp_unix_ms": 1750238224440,
      "timestamp_readable": "2025-06-18 09:17:04.440",
      "normalized_name": "Ill-Have-You-Know-Spongebob/Ill-Have-You-Know-Spongebob",
      "meme_name": "Ill-Have-You-Know-Spongebob",
      "post_id": 46,
      "english_label": "contempt",
      "response_time_ms": 4502
    },
    {
      "image_path": "Mocking-Spongebob/Mocking-Spongebob_9.png",
      "label": "輕蔑",
      "response_time": "00:00:02.801",
      "timestamp_unix": 1750238227,
      "timestamp_unix_ms": 1750238227305,
      "timestamp_readable": "2025-06-18 09:17:07.305",
      "normalized_name": "Mocking-Spongebob/Mocking-Spongebob",
      "meme_name": "Mocking-Spongebob",
      "post_id": 9,
      "english_label": "contempt",
      "response_time_ms": 2801
    },
    {
      "image_path": "Moe-throws-Barney/Moe-throws-Barney_28.png",
      "label": "厭惡",
      "response_time": "00:00:03.101",
      "timestamp_unix": 1750238230,
      "timestamp_unix_ms": 1750238230485,
      "timestamp_readable": "2025-06-18 09:17:10.485",
      "normalized_name": "Moe-throws-Barney/Moe-throws-Barney",
      "meme_name": "Moe-throws-Barney",
      "post_id": 28,
      "english_label": "disgust",
      "response_time_ms": 3101
    },
    {
      "image_path": "Dave-chappelle/Dave-chappelle_49.png",
      "label": "輕蔑",
      "response_time": "00:00:04.306",
      "timestamp_unix": 1750238234,
      "timestamp_unix_ms": 1750238234859,
      "timestamp_readable": "2025-06-18 09:17:14.859",
      "normalized_name": "Dave-chappelle/Dave-chappelle",
      "meme_name": "Dave-chappelle",
      "post_id": 49,
      "english_label": "contempt",
      "response_time_ms": 4306
    },
    {
      "image_path": "Hold-fart/Hold-fart_24.png",
      "label": "憤怒",
      "response_time": "00:00:04.007",
      "timestamp_unix": 1750238238,
      "timestamp_unix_ms": 1750238238978,
      "timestamp_readable": "2025-06-18 09:17:18.978",
      "normalized_name": "Hold-fart/Hold-fart",
      "meme_name": "Hold-fart",
      "post_id": 24,
      "english_label": "anger",
      "response_time_ms": 4007
    },
    {
      "image_path": "attention_check/attention_check_Disgust.png",
      "label": "厭惡",
      "response_time": "00:00:02.611",
      "timestamp_unix": 1750238241,
      "timestamp_unix_ms": 1750238241717,
      "timestamp_readable": "2025-06-18 09:17:21.717",
      "normalized_name": "attention_check/attention_check_Disgust.png",
      "meme_name": "attention_check",
      "post_id": null,
      "english_label": "disgust",
      "response_time_ms": 2611
    },
    {
      "image_path": "Picard-Wtf/Picard-Wtf_5.png",
      "label": "厭惡",
      "response_time": "00:00:05.803",
      "timestamp_unix": 1750238247,
      "timestamp_unix_ms": 1750238247625,
      "timestamp_readable": "2025-06-18 09:17:27.625",
      "normalized_name": "Picard-Wtf/Picard-Wtf",
      "meme_name": "Picard-Wtf",
      "post_id": 5,
      "english_label": "disgust",
      "response_time_ms": 5803
    },
    {
      "image_path": "Kevin-Hart/Kevin-Hart_48.png",
      "label": "厭惡",
      "response_time": "00:00:02.209",
      "timestamp_unix": 1750238249,
      "timestamp_unix_ms": 1750238249966,
      "timestamp_readable": "2025-06-18 09:17:29.966",
      "normalized_name": "Kevin-Hart/Kevin-Hart",
      "meme_name": "Kevin-Hart",
      "post_id": 48,
      "english_label": "disgust",
      "response_time_ms": 2209
    },
    {
      "image_path": "Confused-Gandalf/Confused-Gandalf_37.png",
      "label": "其他",
      "response_time": "00:00:03.504",
      "timestamp_unix": 1750238253,
      "timestamp_unix_ms": 1750238253576,
      "timestamp_readable": "2025-06-18 09:17:33.576",
      "normalized_name": "Confused-Gandalf/Confused-Gandalf",
      "meme_name": "Confused-Gandalf",
      "post_id": 37,
      "english_label": "others",
      "response_time_ms": 3504
    },
    {
      "image_path": "Futurama-Fry/Futurama-Fry_45.png",
      "label": "輕蔑",
      "response_time": "00:00:02.208",
      "timestamp_unix": 1750238255,
      "timestamp_unix_ms": 1750238255848,
      "timestamp_readable": "2025-06-18 09:17:35.848",
      "normalized_name": "Futurama-Fry/Futurama-Fry",
      "meme_name": "Futurama-Fry",
      "post_id": 45,
      "english_label": "contempt",
      "response_time_ms": 2208
    },
    {
      "image_path": "Persian-Cat-Room-Guardian/Persian-Cat-Room-Guardian_4.png",
      "label": "厭惡",
      "response_time": "00:00:03.902",
      "timestamp_unix": 1750238259,
      "timestamp_unix_ms": 1750238259813,
      "timestamp_readable": "2025-06-18 09:17:39.813",
      "normalized_name": "Persian-Cat-Room-Guardian/Persian-Cat-Room-Guardian",
      "meme_name": "Persian-Cat-Room-Guardian",
      "post_id": 4,
      "english_label": "disgust",
      "response_time_ms": 3902
    }
  ],
  "session_start_unix": 1750237938,
  "session_status": "completed",
  "last_updated_unix": 1750238308,
  "image_order": [
    "Spiderman-Hospital/Spiderman-Hospital_16.png",
    "Happy--Shock/Happy--Shock_22.png",
    "Chill-guy/Chill-guy_2.png",
    "I-am-once-again-asking/I-am-once-again-asking_21.png",
    "Math-ladyConfused-lady/Math-ladyConfused-lady_17.png",
    "Archer/Archer_42.png",
    "Leonardo-Dicaprio-Wolf-Of-Wall-Street/Leonardo-Dicaprio-Wolf-Of-Wall-Street_31.png",
    "Mocking-Spongebob/Mocking-Spongebob_9.png",
    "Afraid-To-Ask-Andy/Afraid-To-Ask-Andy_14.png",
    "Charlie-Day/Charlie-Day_33.png",
    "Always-Has-Been/Always-Has-Been_19.png",
    "Picard-Wtf/Picard-Wtf_5.png",
    "Batman-Slapping-Robin/Batman-Slapping-Robin_44.png",
    "For-the-better-right-blank/For-the-better-right-blank_32.png",
    "Drake-NoYes/Drake-NoYes_43.png",
    "Laughing-wolf/Laughing-wolf_38.png",
    "DJ-Pauly-D/DJ-Pauly-D_40.png",
    "Always-you-three/Always-you-three_12.png",
    "Disappointed-Man/Disappointed-Man_20.png",
    "Smudge-the-cat/Smudge-the-cat_15.png",
    "Thats-a-paddlin/Thats-a-paddlin_8.png",
    "attention_check/attention_check_Contempt.png",
    "Hide-the-Pain-Harold/Hide-the-Pain-Harold_3.png",
    "Hold-fart/Hold-fart_24.png",
    "Im-The-Captain-Now/Im-The-Captain-Now_34.png",
    "Obi-Wan-Kenobi/Obi-Wan-Kenobi_6.png",
    "Spongebob-Yelling/Spongebob-Yelling_1.png",
    "Nuclear-Explosion/Nuclear-Explosion_10.png",
    "Dinkleberg/Dinkleberg_30.png",
    "Scooby-doo-mask-reveal/Scooby-doo-mask-reveal_41.png",
    "Disaster-Girl/Disaster-Girl_26.png",
    "Black-guy-hiding-behind-tree/Black-guy-hiding-behind-tree_50.png",
    "You-The-Real-MVP/You-The-Real-MVP_11.png",
    "Moe-throws-Barney/Moe-throws-Barney_28.png",
    "Ill-Have-You-Know-Spongebob/Ill-Have-You-Know-Spongebob_46.png",
    "Futurama-Fry/Futurama-Fry_45.png",
    "Monkey-Puppet/Monkey-Puppet_36.png",
    "Confused-Gandalf/Confused-Gandalf_37.png",
    "Mr-incredible-mad/Mr-incredible-mad_23.png",
    "Dave-chappelle/Dave-chappelle_49.png",
    "Surprised-Pikachu/Surprised-Pikachu_18.png",
    "Table-Flip-Guy/Table-Flip-Guy_13.png",
    "Kevin-Hart/Kevin-Hart_48.png",
    "Well-Yes-But-Actually-No/Well-Yes-But-Actually-No_47.png",
    "Mr-McMahon-reaction/Mr-McMahon-reaction_39.png",
    "Gru-Gun/Gru-Gun_25.png",
    "attention_check/attention_check_Disgust.png",
    "Persian-Cat-Room-Guardian/Persian-Cat-Room-Guardian_4.png",
    "Put-It-Somewhere-Else-Patrick/Put-It-Somewhere-Else-Patrick_29.png",
    "Angry-Baby/Angry-Baby_27.png",
    "Arthur-Fist/Arthur-Fist_7.png",
    "Khan/Khan_35.png"
  ],
  "completion_status": {
    "practice_completed": true,
    "game_started": true,
    "game_completed": true,
    "summary_viewed": true,
    "email_submitted": true
  },
  "timestamps_unix": {
    "registration_completed": 1750237938,
    "practice_started": 1750237938,
    "practice_completed": 1750238008,
    "game_started": 1750238008,
    "first_label": 1750238012,
    "last_label": 1750238259,
    "game_completed": 1750238261,
    "summary_viewed": 1750238261,
    "email_submitted": 1750238308,
    "session_end": 1750238308,
    "last_updated": 1750238308
  },
  "timestamps_unix_ms": {
    "registration_completed_ms": 1750237938186,
    "practice_started_ms": 1750237938246,
    "practice_completed_ms": 1750238008438,
    "game_started_ms": 1750238008447,
    "first_label_ms": 1750238012751,
    "last_label_ms": 1750238259813,
    "game_completed_ms": 1750238261675,
    "summary_viewed_ms": 1750238261685,
    "email_submitted_ms": 1750238308083,
    "session_end_ms": 1750238308083,
    "last_updated_ms": 1750238308083
  },
  "duration_stats_ms": {
    "total_session_duration_ms": 369897,
    "practice_duration_ms": 70192,
    "game_duration_ms": 253228,
    "labeling_duration_ms": 247062,
    "email_submission_duration_ms": 46398
  },
  "filename_updated_unix": 1750238261,
  "original_filename": "user_104e6a",
  "completion_status_in_filename": "email_submitted"
}