{
  "user_id": "user_40295f",
  "file_name": "user_40295f_1750057228_1750057916_fullycomplete",
  "unix_start_time": 1750057228,
  "unix_start_time_ms": 1750057228701,
  "unix_end_time": 1750057916,
  "unix_end_time_ms": 1750057916853,
  "age": "35-39",
  "gender": "male",
  "user_agent": "Mozilla/5.0 (Windows NT 10.0; Win64; x64) AppleWebKit/537.36 (KHTML, like Gecko) Chrome/137.0.0.0 Safari/537.36",
  "user_ip": "118.166.152.71",
  "status": "complete",
  "email_provided": "complete",
  "attention_passed": true,
  "start_time_readable": "2025-06-16 07:00:28.701",
  "end_time_readable": "2025-06-16 07:11:56.853",
  "total_labels": 52,
  "emotion_summary": {
    "anger": 12,
    "contempt": 4,
    "disgust": 6,
    "others": 30
  },
  "email": "gordon131358@gmail.com",
  "participation": "yes",
  "total_responses": 52,
  "responses": [
    {
      "image_path": "Archer/Archer_23.png",
      "label": "其他",
      "response_time": "00:00:05.902",
      "timestamp_unix": 1750057366,
      "timestamp_unix_ms": 1750057366302,
      "timestamp_readable": "2025-06-16 07:02:46.302",
      "normalized_name": "Archer/Archer",
      "meme_name": "Archer",
      "post_id": 23,
      "english_label": "others",
      "response_time_ms": 5902
    },
    {
      "image_path": "Im-The-Captain-Now/Im-The-Captain-Now_17.png",
      "label": "其他",
      "response_time": "00:00:11.502",
      "timestamp_unix": 1750057377,
      "timestamp_unix_ms": 1750057377952,
      "timestamp_readable": "2025-06-16 07:02:57.952",
      "normalized_name": "Im-The-Captain-Now/Im-The-Captain-Now",
      "meme_name": "Im-The-Captain-Now",
      "post_id": 17,
      "english_label": "others",
      "response_time_ms": 11502
    },
    {
      "image_path": "Moe-throws-Barney/Moe-throws-Barney_1.png",
      "label": "厭惡",
      "response_time": "00:00:05.901",
      "timestamp_unix": 1750057383,
      "timestamp_unix_ms": 1750057383935,
      "timestamp_readable": "2025-06-16 07:03:03.935",
      "normalized_name": "Moe-throws-Barney/Moe-throws-Barney",
      "meme_name": "Moe-throws-Barney",
      "post_id": 1,
      "english_label": "disgust",
      "response_time_ms": 5901
    },
    {
      "image_path": "Angry-Baby/Angry-Baby_2.png",
      "label": "憤怒",
      "response_time": "00:00:03.201",
      "timestamp_unix": 1750057387,
      "timestamp_unix_ms": 1750057387253,
      "timestamp_readable": "2025-06-16 07:03:07.253",
      "normalized_name": "Angry-Baby/Angry-Baby",
      "meme_name": "Angry-Baby",
      "post_id": 2,
      "english_label": "anger",
      "response_time_ms": 3201
    },
    {
      "image_path": "Drake-NoYes/Drake-NoYes_35.png",
      "label": "其他",
      "response_time": "00:00:06.201",
      "timestamp_unix": 1750057393,
      "timestamp_unix_ms": 1750057393568,
      "timestamp_readable": "2025-06-16 07:03:13.568",
      "normalized_name": "Drake-NoYes/Drake-NoYes",
      "meme_name": "Drake-NoYes",
      "post_id": 35,
      "english_label": "others",
      "response_time_ms": 6201
    },
    {
      "image_path": "Nuclear-Explosion/Nuclear-Explosion_13.png",
      "label": "憤怒",
      "response_time": "00:00:02.500",
      "timestamp_unix": 1750057396,
      "timestamp_unix_ms": 1750057396168,
      "timestamp_readable": "2025-06-16 07:03:16.168",
      "normalized_name": "Nuclear-Explosion/Nuclear-Explosion",
      "meme_name": "Nuclear-Explosion",
      "post_id": 13,
      "english_label": "anger",
      "response_time_ms": 2500
    },
    {
      "image_path": "Happy--Shock/Happy--Shock_45.png",
      "label": "其他",
      "response_time": "00:00:10.401",
      "timestamp_unix": 1750057406,
      "timestamp_unix_ms": 1750057406637,
      "timestamp_readable": "2025-06-16 07:03:26.637",
      "normalized_name": "Happy--Shock/Happy--Shock",
      "meme_name": "Happy--Shock",
      "post_id": 45,
      "english_label": "others",
      "response_time_ms": 10401
    },
    {
      "image_path": "You-The-Real-MVP/You-The-Real-MVP_26.png",
      "label": "其他",
      "response_time": "00:00:08.000",
      "timestamp_unix": 1750057414,
      "timestamp_unix_ms": 1750057414735,
      "timestamp_readable": "2025-06-16 07:03:34.735",
      "normalized_name": "You-The-Real-MVP/You-The-Real-MVP",
      "meme_name": "You-The-Real-MVP",
      "post_id": 26,
      "english_label": "others",
      "response_time_ms": 8000
    },
    {
      "image_path": "Dinkleberg/Dinkleberg_30.png",
      "label": "厭惡",
      "response_time": "00:00:05.501",
      "timestamp_unix": 1750057420,
      "timestamp_unix_ms": 1750057420391,
      "timestamp_readable": "2025-06-16 07:03:40.391",
      "normalized_name": "Dinkleberg/Dinkleberg",
      "meme_name": "Dinkleberg",
      "post_id": 30,
      "english_label": "disgust",
      "response_time_ms": 5501
    },
    {
      "image_path": "Spongebob-Yelling/Spongebob-Yelling_34.png",
      "label": "憤怒",
      "response_time": "00:00:09.001",
      "timestamp_unix": 1750057429,
      "timestamp_unix_ms": 1750057429534,
      "timestamp_readable": "2025-06-16 07:03:49.534",
      "normalized_name": "Spongebob-Yelling/Spongebob-Yelling",
      "meme_name": "Spongebob-Yelling",
      "post_id": 34,
      "english_label": "anger",
      "response_time_ms": 9001
    },
    {
      "image_path": "Smudge-the-cat/Smudge-the-cat_41.png",
      "label": "其他",
      "response_time": "00:00:12.301",
      "timestamp_unix": 1750057441,
      "timestamp_unix_ms": 1750057441902,
      "timestamp_readable": "2025-06-16 07:04:01.902",
      "normalized_name": "Smudge-the-cat/Smudge-the-cat",
      "meme_name": "Smudge-the-cat",
      "post_id": 41,
      "english_label": "others",
      "response_time_ms": 12301
    },
    {
      "image_path": "Monkey-Puppet/Monkey-Puppet_9.png",
      "label": "其他",
      "response_time": "00:00:05.600",
      "timestamp_unix": 1750057447,
      "timestamp_unix_ms": 1750057447585,
      "timestamp_readable": "2025-06-16 07:04:07.585",
      "normalized_name": "Monkey-Puppet/Monkey-Puppet",
      "meme_name": "Monkey-Puppet",
      "post_id": 9,
      "english_label": "others",
      "response_time_ms": 5600
    },
    {
      "image_path": "Spiderman-Hospital/Spiderman-Hospital_15.png",
      "label": "其他",
      "response_time": "00:00:09.200",
      "timestamp_unix": 1750057456,
      "timestamp_unix_ms": 1750057456885,
      "timestamp_readable": "2025-06-16 07:04:16.885",
      "normalized_name": "Spiderman-Hospital/Spiderman-Hospital",
      "meme_name": "Spiderman-Hospital",
      "post_id": 15,
      "english_label": "others",
      "response_time_ms": 9200
    },
    {
      "image_path": "Math-ladyConfused-lady/Math-ladyConfused-lady_50.png",
      "label": "其他",
      "response_time": "00:00:14.501",
      "timestamp_unix": 1750057471,
      "timestamp_unix_ms": 1750057471518,
      "timestamp_readable": "2025-06-16 07:04:31.518",
      "normalized_name": "Math-ladyConfused-lady/Math-ladyConfused-lady",
      "meme_name": "Math-ladyConfused-lady",
      "post_id": 50,
      "english_label": "others",
      "response_time_ms": 14501
    },
    {
      "image_path": "Confused-Gandalf/Confused-Gandalf_24.png",
      "label": "其他",
      "response_time": "00:00:08.001",
      "timestamp_unix": 1750057479,
      "timestamp_unix_ms": 1750057479651,
      "timestamp_readable": "2025-06-16 07:04:39.651",
      "normalized_name": "Confused-Gandalf/Confused-Gandalf",
      "meme_name": "Confused-Gandalf",
      "post_id": 24,
      "english_label": "others",
      "response_time_ms": 8001
    },
    {
      "image_path": "Mr-incredible-mad/Mr-incredible-mad_38.png",
      "label": "憤怒",
      "response_time": "00:00:04.001",
      "timestamp_unix": 1750057483,
      "timestamp_unix_ms": 1750057483769,
      "timestamp_readable": "2025-06-16 07:04:43.769",
      "normalized_name": "Mr-incredible-mad/Mr-incredible-mad",
      "meme_name": "Mr-incredible-mad",
      "post_id": 38,
      "english_label": "anger",
      "response_time_ms": 4001
    },
    {
      "image_path": "Charlie-Day/Charlie-Day_47.png",
      "label": "其他",
      "response_time": "00:00:09.200",
      "timestamp_unix": 1750057493,
      "timestamp_unix_ms": 1750057493055,
      "timestamp_readable": "2025-06-16 07:04:53.055",
      "normalized_name": "Charlie-Day/Charlie-Day",
      "meme_name": "Charlie-Day",
      "post_id": 47,
      "english_label": "others",
      "response_time_ms": 9200
    },
    {
      "image_path": "Mr-McMahon-reaction/Mr-McMahon-reaction_7.png",
      "label": "其他",
      "response_time": "00:00:05.901",
      "timestamp_unix": 1750057499,
      "timestamp_unix_ms": 1750057499052,
      "timestamp_readable": "2025-06-16 07:04:59.052",
      "normalized_name": "Mr-McMahon-reaction/Mr-McMahon-reaction",
      "meme_name": "Mr-McMahon-reaction",
      "post_id": 7,
      "english_label": "others",
      "response_time_ms": 5901
    },
    {
      "image_path": "Hold-fart/Hold-fart_42.png",
      "label": "其他",
      "response_time": "00:01:09.101",
      "timestamp_unix": 1750057568,
      "timestamp_unix_ms": 1750057568248,
      "timestamp_readable": "2025-06-16 07:06:08.248",
      "normalized_name": "Hold-fart/Hold-fart",
      "meme_name": "Hold-fart",
      "post_id": 42,
      "english_label": "others",
      "response_time_ms": 69101
    },
    {
      "image_path": "Disappointed-Man/Disappointed-Man_12.png",
      "label": "其他",
      "response_time": "00:00:13.302",
      "timestamp_unix": 1750057581,
      "timestamp_unix_ms": 1750057581688,
      "timestamp_readable": "2025-06-16 07:06:21.688",
      "normalized_name": "Disappointed-Man/Disappointed-Man",
      "meme_name": "Disappointed-Man",
      "post_id": 12,
      "english_label": "others",
      "response_time_ms": 13302
    },
    {
      "image_path": "Scooby-doo-mask-reveal/Scooby-doo-mask-reveal_39.png",
      "label": "其他",
      "response_time": "00:00:11.301",
      "timestamp_unix": 1750057593,
      "timestamp_unix_ms": 1750057593086,
      "timestamp_readable": "2025-06-16 07:06:33.086",
      "normalized_name": "Scooby-doo-mask-reveal/Scooby-doo-mask-reveal",
      "meme_name": "Scooby-doo-mask-reveal",
      "post_id": 39,
      "english_label": "others",
      "response_time_ms": 11301
    },
    {
      "image_path": "attention_check/attention_check_Anger.png",
      "label": "憤怒",
      "response_time": "00:00:03.601",
      "timestamp_unix": 1750057596,
      "timestamp_unix_ms": 1750057596803,
      "timestamp_readable": "2025-06-16 07:06:36.803",
      "normalized_name": "attention_check/attention_check_Anger.png",
      "meme_name": "attention_check",
      "post_id": null,
      "english_label": "anger",
      "response_time_ms": 3601
    },
    {
      "image_path": "Always-Has-Been/Always-Has-Been_49.png",
      "label": "憤怒",
      "response_time": "00:00:06.200",
      "timestamp_unix": 1750057603,
      "timestamp_unix_ms": 1750057603140,
      "timestamp_readable": "2025-06-16 07:06:43.140",
      "normalized_name": "Always-Has-Been/Always-Has-Been",
      "meme_name": "Always-Has-Been",
      "post_id": 49,
      "english_label": "anger",
      "response_time_ms": 6200
    },
    {
      "image_path": "Always-you-three/Always-you-three_22.png",
      "label": "其他",
      "response_time": "00:00:11.701",
      "timestamp_unix": 1750057614,
      "timestamp_unix_ms": 1750057614953,
      "timestamp_readable": "2025-06-16 07:06:54.953",
      "normalized_name": "Always-you-three/Always-you-three",
      "meme_name": "Always-you-three",
      "post_id": 22,
      "english_label": "others",
      "response_time_ms": 11701
    },
    {
      "image_path": "Thats-a-paddlin/Thats-a-paddlin_5.png",
      "label": "憤怒",
      "response_time": "00:00:12.100",
      "timestamp_unix": 1750057627,
      "timestamp_unix_ms": 1750057627119,
      "timestamp_readable": "2025-06-16 07:07:07.119",
      "normalized_name": "Thats-a-paddlin/Thats-a-paddlin",
      "meme_name": "Thats-a-paddlin",
      "post_id": 5,
      "english_label": "anger",
      "response_time_ms": 12100
    },
    {
      "image_path": "Well-Yes-But-Actually-No/Well-Yes-But-Actually-No_37.png",
      "label": "厭惡",
      "response_time": "00:00:17.001",
      "timestamp_unix": 1750057644,
      "timestamp_unix_ms": 1750057644203,
      "timestamp_readable": "2025-06-16 07:07:24.203",
      "normalized_name": "Well-Yes-But-Actually-No/Well-Yes-But-Actually-No",
      "meme_name": "Well-Yes-But-Actually-No",
      "post_id": 37,
      "english_label": "disgust",
      "response_time_ms": 17001
    },
    {
      "image_path": "Laughing-wolf/Laughing-wolf_10.png",
      "label": "輕蔑",
      "response_time": "00:00:13.800",
      "timestamp_unix": 1750057658,
      "timestamp_unix_ms": 1750057658104,
      "timestamp_readable": "2025-06-16 07:07:38.104",
      "normalized_name": "Laughing-wolf/Laughing-wolf",
      "meme_name": "Laughing-wolf",
      "post_id": 10,
      "english_label": "contempt",
      "response_time_ms": 13800
    },
    {
      "image_path": "Futurama-Fry/Futurama-Fry_6.png",
      "label": "厭惡",
      "response_time": "00:00:12.501",
      "timestamp_unix": 1750057670,
      "timestamp_unix_ms": 1750057670754,
      "timestamp_readable": "2025-06-16 07:07:50.754",
      "normalized_name": "Futurama-Fry/Futurama-Fry",
      "meme_name": "Futurama-Fry",
      "post_id": 6,
      "english_label": "disgust",
      "response_time_ms": 12501
    },
    {
      "image_path": "Table-Flip-Guy/Table-Flip-Guy_19.png",
      "label": "憤怒",
      "response_time": "00:00:07.002",
      "timestamp_unix": 1750057677,
      "timestamp_unix_ms": 1750057677903,
      "timestamp_readable": "2025-06-16 07:07:57.903",
      "normalized_name": "Table-Flip-Guy/Table-Flip-Guy",
      "meme_name": "Table-Flip-Guy",
      "post_id": 19,
      "english_label": "anger",
      "response_time_ms": 7002
    },
    {
      "image_path": "Obi-Wan-Kenobi/Obi-Wan-Kenobi_20.png",
      "label": "厭惡",
      "response_time": "00:00:11.901",
      "timestamp_unix": 1750057689,
      "timestamp_unix_ms": 1750057689906,
      "timestamp_readable": "2025-06-16 07:08:09.906",
      "normalized_name": "Obi-Wan-Kenobi/Obi-Wan-Kenobi",
      "meme_name": "Obi-Wan-Kenobi",
      "post_id": 20,
      "english_label": "disgust",
      "response_time_ms": 11901
    },
    {
      "image_path": "Picard-Wtf/Picard-Wtf_36.png",
      "label": "其他",
      "response_time": "00:00:13.102",
      "timestamp_unix": 1750057703,
      "timestamp_unix_ms": 1750057703152,
      "timestamp_readable": "2025-06-16 07:08:23.152",
      "normalized_name": "Picard-Wtf/Picard-Wtf",
      "meme_name": "Picard-Wtf",
      "post_id": 36,
      "english_label": "others",
      "response_time_ms": 13102
    },
    {
      "image_path": "Arthur-Fist/Arthur-Fist_3.png",
      "label": "憤怒",
      "response_time": "00:00:12.400",
      "timestamp_unix": 1750057715,
      "timestamp_unix_ms": 1750057715686,
      "timestamp_readable": "2025-06-16 07:08:35.686",
      "normalized_name": "Arthur-Fist/Arthur-Fist",
      "meme_name": "Arthur-Fist",
      "post_id": 3,
      "english_label": "anger",
      "response_time_ms": 12400
    },
    {
      "image_path": "Batman-Slapping-Robin/Batman-Slapping-Robin_44.png",
      "label": "憤怒",
      "response_time": "00:00:03.402",
      "timestamp_unix": 1750057719,
      "timestamp_unix_ms": 1750057719221,
      "timestamp_readable": "2025-06-16 07:08:39.221",
      "normalized_name": "Batman-Slapping-Robin/Batman-Slapping-Robin",
      "meme_name": "Batman-Slapping-Robin",
      "post_id": 44,
      "english_label": "anger",
      "response_time_ms": 3402
    },
    {
      "image_path": "Ill-Have-You-Know-Spongebob/Ill-Have-You-Know-Spongebob_33.png",
      "label": "輕蔑",
      "response_time": "00:00:11.301",
      "timestamp_unix": 1750057730,
      "timestamp_unix_ms": 1750057730637,
      "timestamp_readable": "2025-06-16 07:08:50.637",
      "normalized_name": "Ill-Have-You-Know-Spongebob/Ill-Have-You-Know-Spongebob",
      "meme_name": "Ill-Have-You-Know-Spongebob",
      "post_id": 33,
      "english_label": "contempt",
      "response_time_ms": 11301
    },
    {
      "image_path": "Leonardo-Dicaprio-Wolf-Of-Wall-Street/Leonardo-Dicaprio-Wolf-Of-Wall-Street_48.png",
      "label": "輕蔑",
      "response_time": "00:00:05.801",
      "timestamp_unix": 1750057736,
      "timestamp_unix_ms": 1750057736520,
      "timestamp_readable": "2025-06-16 07:08:56.520",
      "normalized_name": "Leonardo-Dicaprio-Wolf-Of-Wall-Street/Leonardo-Dicaprio-Wolf-Of-Wall-Street",
      "meme_name": "Leonardo-Dicaprio-Wolf-Of-Wall-Street",
      "post_id": 48,
      "english_label": "contempt",
      "response_time_ms": 5801
    },
    {
      "image_path": "I-am-once-again-asking/I-am-once-again-asking_21.png",
      "label": "厭惡",
      "response_time": "00:00:10.001",
      "timestamp_unix": 1750057746,
      "timestamp_unix_ms": 1750057746653,
      "timestamp_readable": "2025-06-16 07:09:06.653",
      "normalized_name": "I-am-once-again-asking/I-am-once-again-asking",
      "meme_name": "I-am-once-again-asking",
      "post_id": 21,
      "english_label": "disgust",
      "response_time_ms": 10001
    },
    {
      "image_path": "Gru-Gun/Gru-Gun_46.png",
      "label": "憤怒",
      "response_time": "00:00:05.202",
      "timestamp_unix": 1750057751,
      "timestamp_unix_ms": 1750057751970,
      "timestamp_readable": "2025-06-16 07:09:11.970",
      "normalized_name": "Gru-Gun/Gru-Gun",
      "meme_name": "Gru-Gun",
      "post_id": 46,
      "english_label": "anger",
      "response_time_ms": 5202
    },
    {
      "image_path": "Chill-guy/Chill-guy_27.png",
      "label": "其他",
      "response_time": "00:00:08.801",
      "timestamp_unix": 1750057760,
      "timestamp_unix_ms": 1750057760875,
      "timestamp_readable": "2025-06-16 07:09:20.875",
      "normalized_name": "Chill-guy/Chill-guy",
      "meme_name": "Chill-guy",
      "post_id": 27,
      "english_label": "others",
      "response_time_ms": 8801
    },
    {
      "image_path": "For-the-better-right-blank/For-the-better-right-blank_18.png",
      "label": "其他",
      "response_time": "00:00:10.502",
      "timestamp_unix": 1750057771,
      "timestamp_unix_ms": 1750057771473,
      "timestamp_readable": "2025-06-16 07:09:31.473",
      "normalized_name": "For-the-better-right-blank/For-the-better-right-blank",
      "meme_name": "For-the-better-right-blank",
      "post_id": 18,
      "english_label": "others",
      "response_time_ms": 10502
    },
    {
      "image_path": "Hide-the-Pain-Harold/Hide-the-Pain-Harold_4.png",
      "label": "其他",
      "response_time": "00:00:07.601",
      "timestamp_unix": 1750057779,
      "timestamp_unix_ms": 1750057779154,
      "timestamp_readable": "2025-06-16 07:09:39.154",
      "normalized_name": "Hide-the-Pain-Harold/Hide-the-Pain-Harold",
      "meme_name": "Hide-the-Pain-Harold",
      "post_id": 4,
      "english_label": "others",
      "response_time_ms": 7601
    },
    {
      "image_path": "Kevin-Hart/Kevin-Hart_31.png",
      "label": "其他",
      "response_time": "00:00:08.101",
      "timestamp_unix": 1750057787,
      "timestamp_unix_ms": 1750057787405,
      "timestamp_readable": "2025-06-16 07:09:47.405",
      "normalized_name": "Kevin-Hart/Kevin-Hart",
      "meme_name": "Kevin-Hart",
      "post_id": 31,
      "english_label": "others",
      "response_time_ms": 8101
    },
    {
      "image_path": "DJ-Pauly-D/DJ-Pauly-D_14.png",
      "label": "憤怒",
      "response_time": "00:00:07.800",
      "timestamp_unix": 1750057795,
      "timestamp_unix_ms": 1750057795288,
      "timestamp_readable": "2025-06-16 07:09:55.288",
      "normalized_name": "DJ-Pauly-D/DJ-Pauly-D",
      "meme_name": "DJ-Pauly-D",
      "post_id": 14,
      "english_label": "anger",
      "response_time_ms": 7800
    },
    {
      "image_path": "Black-guy-hiding-behind-tree/Black-guy-hiding-behind-tree_11.png",
      "label": "其他",
      "response_time": "00:00:05.501",
      "timestamp_unix": 1750057800,
      "timestamp_unix_ms": 1750057800872,
      "timestamp_readable": "2025-06-16 07:10:00.872",
      "normalized_name": "Black-guy-hiding-behind-tree/Black-guy-hiding-behind-tree",
      "meme_name": "Black-guy-hiding-behind-tree",
      "post_id": 11,
      "english_label": "others",
      "response_time_ms": 5501
    },
    {
      "image_path": "Mocking-Spongebob/Mocking-Spongebob_40.png",
      "label": "其他",
      "response_time": "00:00:07.700",
      "timestamp_unix": 1750057808,
      "timestamp_unix_ms": 1750057808688,
      "timestamp_readable": "2025-06-16 07:10:08.688",
      "normalized_name": "Mocking-Spongebob/Mocking-Spongebob",
      "meme_name": "Mocking-Spongebob",
      "post_id": 40,
      "english_label": "others",
      "response_time_ms": 7700
    },
    {
      "image_path": "Khan/Khan_32.png",
      "label": "其他",
      "response_time": "00:00:09.801",
      "timestamp_unix": 1750057818,
      "timestamp_unix_ms": 1750057818571,
      "timestamp_readable": "2025-06-16 07:10:18.571",
      "normalized_name": "Khan/Khan",
      "meme_name": "Khan",
      "post_id": 32,
      "english_label": "others",
      "response_time_ms": 9801
    },
    {
      "image_path": "Put-It-Somewhere-Else-Patrick/Put-It-Somewhere-Else-Patrick_16.png",
      "label": "其他",
      "response_time": "00:00:11.801",
      "timestamp_unix": 1750057830,
      "timestamp_unix_ms": 1750057830489,
      "timestamp_readable": "2025-06-16 07:10:30.489",
      "normalized_name": "Put-It-Somewhere-Else-Patrick/Put-It-Somewhere-Else-Patrick",
      "meme_name": "Put-It-Somewhere-Else-Patrick",
      "post_id": 16,
      "english_label": "others",
      "response_time_ms": 11801
    },
    {
      "image_path": "Persian-Cat-Room-Guardian/Persian-Cat-Room-Guardian_8.png",
      "label": "其他",
      "response_time": "00:00:12.201",
      "timestamp_unix": 1750057842,
      "timestamp_unix_ms": 1750057842839,
      "timestamp_readable": "2025-06-16 07:10:42.839",
      "normalized_name": "Persian-Cat-Room-Guardian/Persian-Cat-Room-Guardian",
      "meme_name": "Persian-Cat-Room-Guardian",
      "post_id": 8,
      "english_label": "others",
      "response_time_ms": 12201
    },
    {
      "image_path": "attention_check/attention_check_Contempt.png",
      "label": "輕蔑",
      "response_time": "00:00:02.900",
      "timestamp_unix": 1750057845,
      "timestamp_unix_ms": 1750057845897,
      "timestamp_readable": "2025-06-16 07:10:45.897",
      "normalized_name": "attention_check/attention_check_Contempt.png",
      "meme_name": "attention_check",
      "post_id": null,
      "english_label": "contempt",
      "response_time_ms": 2900
    },
    {
      "image_path": "Disaster-Girl/Disaster-Girl_43.png",
      "label": "其他",
      "response_time": "00:00:09.401",
      "timestamp_unix": 1750057855,
      "timestamp_unix_ms": 1750057855406,
      "timestamp_readable": "2025-06-16 07:10:55.406",
      "normalized_name": "Disaster-Girl/Disaster-Girl",
      "meme_name": "Disaster-Girl",
      "post_id": 43,
      "english_label": "others",
      "response_time_ms": 9401
    },
    {
      "image_path": "Dave-chappelle/Dave-chappelle_28.png",
      "label": "其他",
      "response_time": "00:00:15.201",
      "timestamp_unix": 1750057870,
      "timestamp_unix_ms": 1750057870737,
      "timestamp_readable": "2025-06-16 07:11:10.737",
      "normalized_name": "Dave-chappelle/Dave-chappelle",
      "meme_name": "Dave-chappelle",
      "post_id": 28,
      "english_label": "others",
      "response_time_ms": 15201
    },
    {
      "image_path": "Surprised-Pikachu/Surprised-Pikachu_29.png",
      "label": "其他",
      "response_time": "00:00:06.701",
      "timestamp_unix": 1750057877,
      "timestamp_unix_ms": 1750057877570,
      "timestamp_readable": "2025-06-16 07:11:17.570",
      "normalized_name": "Surprised-Pikachu/Surprised-Pikachu",
      "meme_name": "Surprised-Pikachu",
      "post_id": 29,
      "english_label": "others",
      "response_time_ms": 6701
    },
    {
      "image_path": "Afraid-To-Ask-Andy/Afraid-To-Ask-Andy_25.png",
      "label": "其他",
      "response_time": "00:00:11.200",
      "timestamp_unix": 1750057888,
      "timestamp_unix_ms": 1750057888838,
      "timestamp_readable": "2025-06-16 07:11:28.838",
      "normalized_name": "Afraid-To-Ask-Andy/Afraid-To-Ask-Andy",
      "meme_name": "Afraid-To-Ask-Andy",
      "post_id": 25,
      "english_label": "others",
      "response_time_ms": 11200
    }
  ],
  "session_start_unix": 1750057228,
  "session_status": "completed",
  "last_updated_unix": 1750057916,
  "image_order": [
    "Spiderman-Hospital/Spiderman-Hospital_15.png",
    "Happy--Shock/Happy--Shock_45.png",
    "Chill-guy/Chill-guy_27.png",
    "I-am-once-again-asking/I-am-once-again-asking_21.png",
    "Math-ladyConfused-lady/Math-ladyConfused-lady_50.png",
    "Archer/Archer_23.png",
    "Leonardo-Dicaprio-Wolf-Of-Wall-Street/Leonardo-Dicaprio-Wolf-Of-Wall-Street_48.png",
    "Mocking-Spongebob/Mocking-Spongebob_40.png",
    "Afraid-To-Ask-Andy/Afraid-To-Ask-Andy_25.png",
    "Charlie-Day/Charlie-Day_47.png",
    "Always-Has-Been/Always-Has-Been_49.png",
    "Picard-Wtf/Picard-Wtf_36.png",
    "Batman-Slapping-Robin/Batman-Slapping-Robin_44.png",
    "For-the-better-right-blank/For-the-better-right-blank_18.png",
    "Drake-NoYes/Drake-NoYes_35.png",
    "Laughing-wolf/Laughing-wolf_10.png",
    "DJ-Pauly-D/DJ-Pauly-D_14.png",
    "Always-you-three/Always-you-three_22.png",
    "Disappointed-Man/Disappointed-Man_12.png",
    "Smudge-the-cat/Smudge-the-cat_41.png",
    "Thats-a-paddlin/Thats-a-paddlin_5.png",
    "attention_check/attention_check_Anger.png",
    "Hide-the-Pain-Harold/Hide-the-Pain-Harold_4.png",
    "Hold-fart/Hold-fart_42.png",
    "Im-The-Captain-Now/Im-The-Captain-Now_17.png",
    "Obi-Wan-Kenobi/Obi-Wan-Kenobi_20.png",
    "Spongebob-Yelling/Spongebob-Yelling_34.png",
    "Nuclear-Explosion/Nuclear-Explosion_13.png",
    "Dinkleberg/Dinkleberg_30.png",
    "Scooby-doo-mask-reveal/Scooby-doo-mask-reveal_39.png",
    "Disaster-Girl/Disaster-Girl_43.png",
    "Black-guy-hiding-behind-tree/Black-guy-hiding-behind-tree_11.png",
    "You-The-Real-MVP/You-The-Real-MVP_26.png",
    "Moe-throws-Barney/Moe-throws-Barney_1.png",
    "Ill-Have-You-Know-Spongebob/Ill-Have-You-Know-Spongebob_33.png",
    "Futurama-Fry/Futurama-Fry_6.png",
    "Monkey-Puppet/Monkey-Puppet_9.png",
    "Confused-Gandalf/Confused-Gandalf_24.png",
    "Mr-incredible-mad/Mr-incredible-mad_38.png",
    "Dave-chappelle/Dave-chappelle_28.png",
    "Surprised-Pikachu/Surprised-Pikachu_29.png",
    "Table-Flip-Guy/Table-Flip-Guy_19.png",
    "Kevin-Hart/Kevin-Hart_31.png",
    "Well-Yes-But-Actually-No/Well-Yes-But-Actually-No_37.png",
    "Mr-McMahon-reaction/Mr-McMahon-reaction_7.png",
    "Gru-Gun/Gru-Gun_46.png",
    "Persian-Cat-Room-Guardian/Persian-Cat-Room-Guardian_8.png",
    "attention_check/attention_check_Contempt.png",
    "Put-It-Somewhere-Else-Patrick/Put-It-Somewhere-Else-Patrick_16.png",
    "Angry-Baby/Angry-Baby_2.png",
    "Arthur-Fist/Arthur-Fist_3.png",
    "Khan/Khan_32.png"
  ],
  "completion_status": {
    "practice_completed": true,
    "game_started": true,
    "game_completed": true,
    "summary_viewed": true,
    "email_submitted": true
  },
  "timestamps_unix": {
    "registration_completed": 1750057228,
    "practice_started": 1750057228,
    "practice_completed": 1750057360,
    "game_started": 1750057360,
    "first_label": 1750057366,
    "last_label": 1750057888,
    "game_completed": 1750057891,
    "summary_viewed": 1750057891,
    "email_submitted": 1750057916,
    "session_end": 1750057916,
    "last_updated": 1750057916
  },
  "timestamps_unix_ms": {
    "registration_completed_ms": 1750057228701,
    "practice_started_ms": 1750057228757,
    "practice_completed_ms": 1750057360117,
    "game_started_ms": 1750057360137,
    "first_label_ms": 1750057366302,
    "last_label_ms": 1750057888838,
    "game_completed_ms": 1750057891460,
    "summary_viewed_ms": 1750057891480,
    "email_submitted_ms": 1750057916831,
    "session_end_ms": 1750057916831,
    "last_updated_ms": 1750057916831
  },
  "duration_stats_ms": {
    "total_session_duration_ms": 688130,
    "practice_duration_ms": 131360,
    "game_duration_ms": 531323,
    "labeling_duration_ms": 522536,
    "email_submission_duration_ms": 25351
  },
  "filename_updated_unix": 1750057891,
  "original_filename": "user_40295f",
  "completion_status_in_filename": "email_submitted"
}