{
  "user_id": "user_f968b4",
  "file_name": "user_f968b4_1750852723_1750853490_fullycomplete",
  "unix_start_time": 1750852723,
  "unix_start_time_ms": 1750852723299,
  "unix_end_time": 1750853490,
  "unix_end_time_ms": 1750853490251,
  "age": "18-24",
  "gender": "female",
  "user_agent": "Mozilla/5.0 (Windows NT 10.0; Win64; x64) AppleWebKit/537.36 (KHTML, like Gecko) Chrome/137.0.0.0 Safari/537.36",
  "user_ip": "61.231.85.130",
  "status": "complete",
  "email_provided": "complete",
  "attention_passed": true,
  "start_time_readable": "2025-06-25 11:58:43.299",
  "end_time_readable": "2025-06-25 12:11:30.251",
  "total_labels": 52,
  "emotion_summary": {
    "anger": 6,
    "contempt": 15,
    "disgust": 6,
    "others": 25
  },
  "email": "lionqleo@gmail.com",
  "participation": "no",
  "total_responses": 52,
  "responses": [
    {
      "image_path": "Happy--Shock/Happy--Shock_6.png",
      "label": "其他",
      "response_time": "00:00:10.004",
      "timestamp_unix": 1750852799,
      "timestamp_unix_ms": 1750852799040,
      "timestamp_readable": "2025-06-25 11:59:59.040",
      "normalized_name": "Happy--Shock/Happy--Shock",
      "meme_name": "Happy--Shock",
      "post_id": 6,
      "english_label": "others",
      "response_time_ms": 10004
    },
    {
      "image_path": "Batman-Slapping-Robin/Batman-Slapping-Robin_16.png",
      "label": "厭惡",
      "response_time": "00:00:16.800",
      "timestamp_unix": 1750852815,
      "timestamp_unix_ms": 1750852815955,
      "timestamp_readable": "2025-06-25 12:00:15.955",
      "normalized_name": "Batman-Slapping-Robin/Batman-Slapping-Robin",
      "meme_name": "Batman-Slapping-Robin",
      "post_id": 16,
      "english_label": "disgust",
      "response_time_ms": 16800
    },
    {
      "image_path": "DJ-Pauly-D/DJ-Pauly-D_39.png",
      "label": "其他",
      "response_time": "00:00:06.101",
      "timestamp_unix": 1750852822,
      "timestamp_unix_ms": 1750852822106,
      "timestamp_readable": "2025-06-25 12:00:22.106",
      "normalized_name": "DJ-Pauly-D/DJ-Pauly-D",
      "meme_name": "DJ-Pauly-D",
      "post_id": 39,
      "english_label": "others",
      "response_time_ms": 6101
    },
    {
      "image_path": "Laughing-wolf/Laughing-wolf_20.png",
      "label": "輕蔑",
      "response_time": "00:00:07.912",
      "timestamp_unix": 1750852830,
      "timestamp_unix_ms": 1750852830090,
      "timestamp_readable": "2025-06-25 12:00:30.090",
      "normalized_name": "Laughing-wolf/Laughing-wolf",
      "meme_name": "Laughing-wolf",
      "post_id": 20,
      "english_label": "contempt",
      "response_time_ms": 7912
    },
    {
      "image_path": "Leonardo-Dicaprio-Wolf-Of-Wall-Street/Leonardo-Dicaprio-Wolf-Of-Wall-Street_34.png",
      "label": "其他",
      "response_time": "00:00:11.606",
      "timestamp_unix": 1750852841,
      "timestamp_unix_ms": 1750852841804,
      "timestamp_readable": "2025-06-25 12:00:41.804",
      "normalized_name": "Leonardo-Dicaprio-Wolf-Of-Wall-Street/Leonardo-Dicaprio-Wolf-Of-Wall-Street",
      "meme_name": "Leonardo-Dicaprio-Wolf-Of-Wall-Street",
      "post_id": 34,
      "english_label": "others",
      "response_time_ms": 11606
    },
    {
      "image_path": "I-am-once-again-asking/I-am-once-again-asking_48.png",
      "label": "厭惡",
      "response_time": "00:00:40.914",
      "timestamp_unix": 1750852882,
      "timestamp_unix_ms": 1750852882789,
      "timestamp_readable": "2025-06-25 12:01:22.789",
      "normalized_name": "I-am-once-again-asking/I-am-once-again-asking",
      "meme_name": "I-am-once-again-asking",
      "post_id": 48,
      "english_label": "disgust",
      "response_time_ms": 40914
    },
    {
      "image_path": "Moe-throws-Barney/Moe-throws-Barney_49.png",
      "label": "輕蔑",
      "response_time": "00:00:10.201",
      "timestamp_unix": 1750852893,
      "timestamp_unix_ms": 1750852893072,
      "timestamp_readable": "2025-06-25 12:01:33.072",
      "normalized_name": "Moe-throws-Barney/Moe-throws-Barney",
      "meme_name": "Moe-throws-Barney",
      "post_id": 49,
      "english_label": "contempt",
      "response_time_ms": 10201
    },
    {
      "image_path": "Chill-guy/Chill-guy_23.png",
      "label": "其他",
      "response_time": "00:00:16.807",
      "timestamp_unix": 1750852909,
      "timestamp_unix_ms": 1750852909986,
      "timestamp_readable": "2025-06-25 12:01:49.986",
      "normalized_name": "Chill-guy/Chill-guy",
      "meme_name": "Chill-guy",
      "post_id": 23,
      "english_label": "others",
      "response_time_ms": 16807
    },
    {
      "image_path": "Nuclear-Explosion/Nuclear-Explosion_32.png",
      "label": "其他",
      "response_time": "00:00:09.005",
      "timestamp_unix": 1750852919,
      "timestamp_unix_ms": 1750852919121,
      "timestamp_readable": "2025-06-25 12:01:59.121",
      "normalized_name": "Nuclear-Explosion/Nuclear-Explosion",
      "meme_name": "Nuclear-Explosion",
      "post_id": 32,
      "english_label": "others",
      "response_time_ms": 9005
    },
    {
      "image_path": "Gru-Gun/Gru-Gun_7.png",
      "label": "憤怒",
      "response_time": "00:00:05.903",
      "timestamp_unix": 1750852925,
      "timestamp_unix_ms": 1750852925102,
      "timestamp_readable": "2025-06-25 12:02:05.102",
      "normalized_name": "Gru-Gun/Gru-Gun",
      "meme_name": "Gru-Gun",
      "post_id": 7,
      "english_label": "anger",
      "response_time_ms": 5903
    },
    {
      "image_path": "For-the-better-right-blank/For-the-better-right-blank_41.png",
      "label": "其他",
      "response_time": "00:00:19.309",
      "timestamp_unix": 1750852944,
      "timestamp_unix_ms": 1750852944536,
      "timestamp_readable": "2025-06-25 12:02:24.536",
      "normalized_name": "For-the-better-right-blank/For-the-better-right-blank",
      "meme_name": "For-the-better-right-blank",
      "post_id": 41,
      "english_label": "others",
      "response_time_ms": 19309
    },
    {
      "image_path": "Charlie-Day/Charlie-Day_45.png",
      "label": "其他",
      "response_time": "00:00:11.613",
      "timestamp_unix": 1750852956,
      "timestamp_unix_ms": 1750852956201,
      "timestamp_readable": "2025-06-25 12:02:36.201",
      "normalized_name": "Charlie-Day/Charlie-Day",
      "meme_name": "Charlie-Day",
      "post_id": 45,
      "english_label": "others",
      "response_time_ms": 11613
    },
    {
      "image_path": "Math-ladyConfused-lady/Math-ladyConfused-lady_38.png",
      "label": "輕蔑",
      "response_time": "00:00:11.800",
      "timestamp_unix": 1750852968,
      "timestamp_unix_ms": 1750852968135,
      "timestamp_readable": "2025-06-25 12:02:48.135",
      "normalized_name": "Math-ladyConfused-lady/Math-ladyConfused-lady",
      "meme_name": "Math-ladyConfused-lady",
      "post_id": 38,
      "english_label": "contempt",
      "response_time_ms": 11800
    },
    {
      "image_path": "Well-Yes-But-Actually-No/Well-Yes-But-Actually-No_26.png",
      "label": "其他",
      "response_time": "00:00:14.408",
      "timestamp_unix": 1750852982,
      "timestamp_unix_ms": 1750852982584,
      "timestamp_readable": "2025-06-25 12:03:02.584",
      "normalized_name": "Well-Yes-But-Actually-No/Well-Yes-But-Actually-No",
      "meme_name": "Well-Yes-But-Actually-No",
      "post_id": 26,
      "english_label": "others",
      "response_time_ms": 14408
    },
    {
      "image_path": "Mr-McMahon-reaction/Mr-McMahon-reaction_21.png",
      "label": "其他",
      "response_time": "00:00:14.012",
      "timestamp_unix": 1750852996,
      "timestamp_unix_ms": 1750852996668,
      "timestamp_readable": "2025-06-25 12:03:16.668",
      "normalized_name": "Mr-McMahon-reaction/Mr-McMahon-reaction",
      "meme_name": "Mr-McMahon-reaction",
      "post_id": 21,
      "english_label": "others",
      "response_time_ms": 14012
    },
    {
      "image_path": "Picard-Wtf/Picard-Wtf_12.png",
      "label": "輕蔑",
      "response_time": "00:00:09.802",
      "timestamp_unix": 1750853006,
      "timestamp_unix_ms": 1750853006550,
      "timestamp_readable": "2025-06-25 12:03:26.550",
      "normalized_name": "Picard-Wtf/Picard-Wtf",
      "meme_name": "Picard-Wtf",
      "post_id": 12,
      "english_label": "contempt",
      "response_time_ms": 9802
    },
    {
      "image_path": "Dave-chappelle/Dave-chappelle_30.png",
      "label": "其他",
      "response_time": "00:00:15.909",
      "timestamp_unix": 1750853022,
      "timestamp_unix_ms": 1750853022551,
      "timestamp_readable": "2025-06-25 12:03:42.551",
      "normalized_name": "Dave-chappelle/Dave-chappelle",
      "meme_name": "Dave-chappelle",
      "post_id": 30,
      "english_label": "others",
      "response_time_ms": 15909
    },
    {
      "image_path": "Khan/Khan_42.png",
      "label": "其他",
      "response_time": "00:00:15.603",
      "timestamp_unix": 1750853038,
      "timestamp_unix_ms": 1750853038216,
      "timestamp_readable": "2025-06-25 12:03:58.216",
      "normalized_name": "Khan/Khan",
      "meme_name": "Khan",
      "post_id": 42,
      "english_label": "others",
      "response_time_ms": 15603
    },
    {
      "image_path": "Always-Has-Been/Always-Has-Been_10.png",
      "label": "憤怒",
      "response_time": "00:00:08.309",
      "timestamp_unix": 1750853046,
      "timestamp_unix_ms": 1750853046616,
      "timestamp_readable": "2025-06-25 12:04:06.616",
      "normalized_name": "Always-Has-Been/Always-Has-Been",
      "meme_name": "Always-Has-Been",
      "post_id": 10,
      "english_label": "anger",
      "response_time_ms": 8309
    },
    {
      "image_path": "Afraid-To-Ask-Andy/Afraid-To-Ask-Andy_44.png",
      "label": "輕蔑",
      "response_time": "00:00:05.207",
      "timestamp_unix": 1750853051,
      "timestamp_unix_ms": 1750853051899,
      "timestamp_readable": "2025-06-25 12:04:11.899",
      "normalized_name": "Afraid-To-Ask-Andy/Afraid-To-Ask-Andy",
      "meme_name": "Afraid-To-Ask-Andy",
      "post_id": 44,
      "english_label": "contempt",
      "response_time_ms": 5207
    },
    {
      "image_path": "attention_check/attention_check_Contempt.png",
      "label": "輕蔑",
      "response_time": "00:00:03.906",
      "timestamp_unix": 1750853055,
      "timestamp_unix_ms": 1750853055881,
      "timestamp_readable": "2025-06-25 12:04:15.881",
      "normalized_name": "attention_check/attention_check_Contempt.png",
      "meme_name": "attention_check",
      "post_id": null,
      "english_label": "contempt",
      "response_time_ms": 3906
    },
    {
      "image_path": "Disappointed-Man/Disappointed-Man_47.png",
      "label": "其他",
      "response_time": "00:00:09.206",
      "timestamp_unix": 1750853065,
      "timestamp_unix_ms": 1750853065215,
      "timestamp_readable": "2025-06-25 12:04:25.215",
      "normalized_name": "Disappointed-Man/Disappointed-Man",
      "meme_name": "Disappointed-Man",
      "post_id": 47,
      "english_label": "others",
      "response_time_ms": 9206
    },
    {
      "image_path": "Im-The-Captain-Now/Im-The-Captain-Now_24.png",
      "label": "輕蔑",
      "response_time": "00:00:05.904",
      "timestamp_unix": 1750853071,
      "timestamp_unix_ms": 1750853071248,
      "timestamp_readable": "2025-06-25 12:04:31.248",
      "normalized_name": "Im-The-Captain-Now/Im-The-Captain-Now",
      "meme_name": "Im-The-Captain-Now",
      "post_id": 24,
      "english_label": "contempt",
      "response_time_ms": 5904
    },
    {
      "image_path": "Confused-Gandalf/Confused-Gandalf_14.png",
      "label": "厭惡",
      "response_time": "00:00:07.801",
      "timestamp_unix": 1750853079,
      "timestamp_unix_ms": 1750853079182,
      "timestamp_readable": "2025-06-25 12:04:39.182",
      "normalized_name": "Confused-Gandalf/Confused-Gandalf",
      "meme_name": "Confused-Gandalf",
      "post_id": 14,
      "english_label": "disgust",
      "response_time_ms": 7801
    },
    {
      "image_path": "Dinkleberg/Dinkleberg_37.png",
      "label": "憤怒",
      "response_time": "00:00:08.713",
      "timestamp_unix": 1750853087,
      "timestamp_unix_ms": 1750853087999,
      "timestamp_readable": "2025-06-25 12:04:47.999",
      "normalized_name": "Dinkleberg/Dinkleberg",
      "meme_name": "Dinkleberg",
      "post_id": 37,
      "english_label": "anger",
      "response_time_ms": 8713
    },
    {
      "image_path": "Angry-Baby/Angry-Baby_50.png",
      "label": "其他",
      "response_time": "00:00:14.713",
      "timestamp_unix": 1750853102,
      "timestamp_unix_ms": 1750853102815,
      "timestamp_readable": "2025-06-25 12:05:02.815",
      "normalized_name": "Angry-Baby/Angry-Baby",
      "meme_name": "Angry-Baby",
      "post_id": 50,
      "english_label": "others",
      "response_time_ms": 14713
    },
    {
      "image_path": "Always-you-three/Always-you-three_11.png",
      "label": "輕蔑",
      "response_time": "00:00:08.614",
      "timestamp_unix": 1750853111,
      "timestamp_unix_ms": 1750853111547,
      "timestamp_readable": "2025-06-25 12:05:11.547",
      "normalized_name": "Always-you-three/Always-you-three",
      "meme_name": "Always-you-three",
      "post_id": 11,
      "english_label": "contempt",
      "response_time_ms": 8614
    },
    {
      "image_path": "Smudge-the-cat/Smudge-the-cat_22.png",
      "label": "厭惡",
      "response_time": "00:00:05.611",
      "timestamp_unix": 1750853117,
      "timestamp_unix_ms": 1750853117248,
      "timestamp_readable": "2025-06-25 12:05:17.248",
      "normalized_name": "Smudge-the-cat/Smudge-the-cat",
      "meme_name": "Smudge-the-cat",
      "post_id": 22,
      "english_label": "disgust",
      "response_time_ms": 5611
    },
    {
      "image_path": "Spiderman-Hospital/Spiderman-Hospital_17.png",
      "label": "其他",
      "response_time": "00:00:11.604",
      "timestamp_unix": 1750853128,
      "timestamp_unix_ms": 1750853128946,
      "timestamp_readable": "2025-06-25 12:05:28.946",
      "normalized_name": "Spiderman-Hospital/Spiderman-Hospital",
      "meme_name": "Spiderman-Hospital",
      "post_id": 17,
      "english_label": "others",
      "response_time_ms": 11604
    },
    {
      "image_path": "Arthur-Fist/Arthur-Fist_35.png",
      "label": "其他",
      "response_time": "00:00:07.203",
      "timestamp_unix": 1750853136,
      "timestamp_unix_ms": 1750853136206,
      "timestamp_readable": "2025-06-25 12:05:36.206",
      "normalized_name": "Arthur-Fist/Arthur-Fist",
      "meme_name": "Arthur-Fist",
      "post_id": 35,
      "english_label": "others",
      "response_time_ms": 7203
    },
    {
      "image_path": "Mr-incredible-mad/Mr-incredible-mad_29.png",
      "label": "其他",
      "response_time": "00:00:08.102",
      "timestamp_unix": 1750853144,
      "timestamp_unix_ms": 1750853144413,
      "timestamp_readable": "2025-06-25 12:05:44.413",
      "normalized_name": "Mr-incredible-mad/Mr-incredible-mad",
      "meme_name": "Mr-incredible-mad",
      "post_id": 29,
      "english_label": "others",
      "response_time_ms": 8102
    },
    {
      "image_path": "Archer/Archer_19.png",
      "label": "其他",
      "response_time": "00:00:08.008",
      "timestamp_unix": 1750853152,
      "timestamp_unix_ms": 1750853152564,
      "timestamp_readable": "2025-06-25 12:05:52.564",
      "normalized_name": "Archer/Archer",
      "meme_name": "Archer",
      "post_id": 19,
      "english_label": "others",
      "response_time_ms": 8008
    },
    {
      "image_path": "Kevin-Hart/Kevin-Hart_18.png",
      "label": "其他",
      "response_time": "00:00:06.002",
      "timestamp_unix": 1750853158,
      "timestamp_unix_ms": 1750853158646,
      "timestamp_readable": "2025-06-25 12:05:58.646",
      "normalized_name": "Kevin-Hart/Kevin-Hart",
      "meme_name": "Kevin-Hart",
      "post_id": 18,
      "english_label": "others",
      "response_time_ms": 6002
    },
    {
      "image_path": "Put-It-Somewhere-Else-Patrick/Put-It-Somewhere-Else-Patrick_9.png",
      "label": "輕蔑",
      "response_time": "00:00:07.701",
      "timestamp_unix": 1750853166,
      "timestamp_unix_ms": 1750853166445,
      "timestamp_readable": "2025-06-25 12:06:06.445",
      "normalized_name": "Put-It-Somewhere-Else-Patrick/Put-It-Somewhere-Else-Patrick",
      "meme_name": "Put-It-Somewhere-Else-Patrick",
      "post_id": 9,
      "english_label": "contempt",
      "response_time_ms": 7701
    },
    {
      "image_path": "Disaster-Girl/Disaster-Girl_40.png",
      "label": "其他",
      "response_time": "00:00:06.112",
      "timestamp_unix": 1750853172,
      "timestamp_unix_ms": 1750853172681,
      "timestamp_readable": "2025-06-25 12:06:12.681",
      "normalized_name": "Disaster-Girl/Disaster-Girl",
      "meme_name": "Disaster-Girl",
      "post_id": 40,
      "english_label": "others",
      "response_time_ms": 6112
    },
    {
      "image_path": "Spongebob-Yelling/Spongebob-Yelling_27.png",
      "label": "憤怒",
      "response_time": "00:00:06.803",
      "timestamp_unix": 1750853179,
      "timestamp_unix_ms": 1750853179612,
      "timestamp_readable": "2025-06-25 12:06:19.612",
      "normalized_name": "Spongebob-Yelling/Spongebob-Yelling",
      "meme_name": "Spongebob-Yelling",
      "post_id": 27,
      "english_label": "anger",
      "response_time_ms": 6803
    },
    {
      "image_path": "Thats-a-paddlin/Thats-a-paddlin_2.png",
      "label": "憤怒",
      "response_time": "00:00:07.203",
      "timestamp_unix": 1750853186,
      "timestamp_unix_ms": 1750853186897,
      "timestamp_readable": "2025-06-25 12:06:26.897",
      "normalized_name": "Thats-a-paddlin/Thats-a-paddlin",
      "meme_name": "Thats-a-paddlin",
      "post_id": 2,
      "english_label": "anger",
      "response_time_ms": 7203
    },
    {
      "image_path": "Monkey-Puppet/Monkey-Puppet_3.png",
      "label": "其他",
      "response_time": "00:00:08.109",
      "timestamp_unix": 1750853195,
      "timestamp_unix_ms": 1750853195112,
      "timestamp_readable": "2025-06-25 12:06:35.112",
      "normalized_name": "Monkey-Puppet/Monkey-Puppet",
      "meme_name": "Monkey-Puppet",
      "post_id": 3,
      "english_label": "others",
      "response_time_ms": 8109
    },
    {
      "image_path": "Futurama-Fry/Futurama-Fry_8.png",
      "label": "厭惡",
      "response_time": "00:00:07.300",
      "timestamp_unix": 1750853202,
      "timestamp_unix_ms": 1750853202479,
      "timestamp_readable": "2025-06-25 12:06:42.479",
      "normalized_name": "Futurama-Fry/Futurama-Fry",
      "meme_name": "Futurama-Fry",
      "post_id": 8,
      "english_label": "disgust",
      "response_time_ms": 7300
    },
    {
      "image_path": "Mocking-Spongebob/Mocking-Spongebob_46.png",
      "label": "輕蔑",
      "response_time": "00:00:18.710",
      "timestamp_unix": 1750853221,
      "timestamp_unix_ms": 1750853221332,
      "timestamp_readable": "2025-06-25 12:07:01.332",
      "normalized_name": "Mocking-Spongebob/Mocking-Spongebob",
      "meme_name": "Mocking-Spongebob",
      "post_id": 46,
      "english_label": "contempt",
      "response_time_ms": 18710
    },
    {
      "image_path": "Table-Flip-Guy/Table-Flip-Guy_36.png",
      "label": "厭惡",
      "response_time": "00:00:05.905",
      "timestamp_unix": 1750853227,
      "timestamp_unix_ms": 1750853227345,
      "timestamp_readable": "2025-06-25 12:07:07.345",
      "normalized_name": "Table-Flip-Guy/Table-Flip-Guy",
      "meme_name": "Table-Flip-Guy",
      "post_id": 36,
      "english_label": "disgust",
      "response_time_ms": 5905
    },
    {
      "image_path": "Persian-Cat-Room-Guardian/Persian-Cat-Room-Guardian_31.png",
      "label": "其他",
      "response_time": "00:00:09.614",
      "timestamp_unix": 1750853237,
      "timestamp_unix_ms": 1750853237062,
      "timestamp_readable": "2025-06-25 12:07:17.062",
      "normalized_name": "Persian-Cat-Room-Guardian/Persian-Cat-Room-Guardian",
      "meme_name": "Persian-Cat-Room-Guardian",
      "post_id": 31,
      "english_label": "others",
      "response_time_ms": 9614
    },
    {
      "image_path": "Surprised-Pikachu/Surprised-Pikachu_15.png",
      "label": "其他",
      "response_time": "00:02:01.405",
      "timestamp_unix": 1750853358,
      "timestamp_unix_ms": 1750853358593,
      "timestamp_readable": "2025-06-25 12:09:18.593",
      "normalized_name": "Surprised-Pikachu/Surprised-Pikachu",
      "meme_name": "Surprised-Pikachu",
      "post_id": 15,
      "english_label": "others",
      "response_time_ms": 121405
    },
    {
      "image_path": "Obi-Wan-Kenobi/Obi-Wan-Kenobi_28.png",
      "label": "輕蔑",
      "response_time": "00:00:16.707",
      "timestamp_unix": 1750853375,
      "timestamp_unix_ms": 1750853375441,
      "timestamp_readable": "2025-06-25 12:09:35.441",
      "normalized_name": "Obi-Wan-Kenobi/Obi-Wan-Kenobi",
      "meme_name": "Obi-Wan-Kenobi",
      "post_id": 28,
      "english_label": "contempt",
      "response_time_ms": 16707
    },
    {
      "image_path": "Hold-fart/Hold-fart_4.png",
      "label": "憤怒",
      "response_time": "00:00:09.905",
      "timestamp_unix": 1750853385,
      "timestamp_unix_ms": 1750853385473,
      "timestamp_readable": "2025-06-25 12:09:45.473",
      "normalized_name": "Hold-fart/Hold-fart",
      "meme_name": "Hold-fart",
      "post_id": 4,
      "english_label": "anger",
      "response_time_ms": 9905
    },
    {
      "image_path": "Drake-NoYes/Drake-NoYes_33.png",
      "label": "輕蔑",
      "response_time": "00:00:06.415",
      "timestamp_unix": 1750853391,
      "timestamp_unix_ms": 1750853391972,
      "timestamp_readable": "2025-06-25 12:09:51.972",
      "normalized_name": "Drake-NoYes/Drake-NoYes",
      "meme_name": "Drake-NoYes",
      "post_id": 33,
      "english_label": "contempt",
      "response_time_ms": 6415
    },
    {
      "image_path": "attention_check/attention_check_Others.png",
      "label": "其他",
      "response_time": "00:00:02.102",
      "timestamp_unix": 1750853394,
      "timestamp_unix_ms": 1750853394173,
      "timestamp_readable": "2025-06-25 12:09:54.173",
      "normalized_name": "attention_check/attention_check_Others.png",
      "meme_name": "attention_check",
      "post_id": null,
      "english_label": "others",
      "response_time_ms": 2102
    },
    {
      "image_path": "You-The-Real-MVP/You-The-Real-MVP_13.png",
      "label": "輕蔑",
      "response_time": "00:00:05.402",
      "timestamp_unix": 1750853399,
      "timestamp_unix_ms": 1750853399672,
      "timestamp_readable": "2025-06-25 12:09:59.672",
      "normalized_name": "You-The-Real-MVP/You-The-Real-MVP",
      "meme_name": "You-The-Real-MVP",
      "post_id": 13,
      "english_label": "contempt",
      "response_time_ms": 5402
    },
    {
      "image_path": "Hide-the-Pain-Harold/Hide-the-Pain-Harold_43.png",
      "label": "輕蔑",
      "response_time": "00:00:07.502",
      "timestamp_unix": 1750853407,
      "timestamp_unix_ms": 1750853407241,
      "timestamp_readable": "2025-06-25 12:10:07.241",
      "normalized_name": "Hide-the-Pain-Harold/Hide-the-Pain-Harold",
      "meme_name": "Hide-the-Pain-Harold",
      "post_id": 43,
      "english_label": "contempt",
      "response_time_ms": 7502
    },
    {
      "image_path": "Scooby-doo-mask-reveal/Scooby-doo-mask-reveal_5.png",
      "label": "其他",
      "response_time": "00:00:11.303",
      "timestamp_unix": 1750853418,
      "timestamp_unix_ms": 1750853418689,
      "timestamp_readable": "2025-06-25 12:10:18.689",
      "normalized_name": "Scooby-doo-mask-reveal/Scooby-doo-mask-reveal",
      "meme_name": "Scooby-doo-mask-reveal",
      "post_id": 5,
      "english_label": "others",
      "response_time_ms": 11303
    },
    {
      "image_path": "Black-guy-hiding-behind-tree/Black-guy-hiding-behind-tree_25.png",
      "label": "其他",
      "response_time": "00:00:06.412",
      "timestamp_unix": 1750853425,
      "timestamp_unix_ms": 1750853425172,
      "timestamp_readable": "2025-06-25 12:10:25.172",
      "normalized_name": "Black-guy-hiding-behind-tree/Black-guy-hiding-behind-tree",
      "meme_name": "Black-guy-hiding-behind-tree",
      "post_id": 25,
      "english_label": "others",
      "response_time_ms": 6412
    },
    {
      "image_path": "Ill-Have-You-Know-Spongebob/Ill-Have-You-Know-Spongebob_1.png",
      "label": "輕蔑",
      "response_time": "00:00:09.311",
      "timestamp_unix": 1750853434,
      "timestamp_unix_ms": 1750853434606,
      "timestamp_readable": "2025-06-25 12:10:34.606",
      "normalized_name": "Ill-Have-You-Know-Spongebob/Ill-Have-You-Know-Spongebob",
      "meme_name": "Ill-Have-You-Know-Spongebob",
      "post_id": 1,
      "english_label": "contempt",
      "response_time_ms": 9311
    }
  ],
  "session_start_unix": 1750852723,
  "session_status": "completed",
  "last_updated_unix": 1750853490,
  "image_order": [
    "Spiderman-Hospital/Spiderman-Hospital_17.png",
    "Happy--Shock/Happy--Shock_6.png",
    "Chill-guy/Chill-guy_23.png",
    "I-am-once-again-asking/I-am-once-again-asking_48.png",
    "Math-ladyConfused-lady/Math-ladyConfused-lady_38.png",
    "Archer/Archer_19.png",
    "Leonardo-Dicaprio-Wolf-Of-Wall-Street/Leonardo-Dicaprio-Wolf-Of-Wall-Street_34.png",
    "Mocking-Spongebob/Mocking-Spongebob_46.png",
    "Afraid-To-Ask-Andy/Afraid-To-Ask-Andy_44.png",
    "Charlie-Day/Charlie-Day_45.png",
    "Always-Has-Been/Always-Has-Been_10.png",
    "Picard-Wtf/Picard-Wtf_12.png",
    "Batman-Slapping-Robin/Batman-Slapping-Robin_16.png",
    "For-the-better-right-blank/For-the-better-right-blank_41.png",
    "Drake-NoYes/Drake-NoYes_33.png",
    "Laughing-wolf/Laughing-wolf_20.png",
    "DJ-Pauly-D/DJ-Pauly-D_39.png",
    "Always-you-three/Always-you-three_11.png",
    "Disappointed-Man/Disappointed-Man_47.png",
    "Smudge-the-cat/Smudge-the-cat_22.png",
    "attention_check/attention_check_Contempt.png",
    "Thats-a-paddlin/Thats-a-paddlin_2.png",
    "Hide-the-Pain-Harold/Hide-the-Pain-Harold_43.png",
    "Hold-fart/Hold-fart_4.png",
    "Im-The-Captain-Now/Im-The-Captain-Now_24.png",
    "Obi-Wan-Kenobi/Obi-Wan-Kenobi_28.png",
    "Spongebob-Yelling/Spongebob-Yelling_27.png",
    "Nuclear-Explosion/Nuclear-Explosion_32.png",
    "Dinkleberg/Dinkleberg_37.png",
    "Scooby-doo-mask-reveal/Scooby-doo-mask-reveal_5.png",
    "Disaster-Girl/Disaster-Girl_40.png",
    "Black-guy-hiding-behind-tree/Black-guy-hiding-behind-tree_25.png",
    "You-The-Real-MVP/You-The-Real-MVP_13.png",
    "Moe-throws-Barney/Moe-throws-Barney_49.png",
    "Ill-Have-You-Know-Spongebob/Ill-Have-You-Know-Spongebob_1.png",
    "Futurama-Fry/Futurama-Fry_8.png",
    "Monkey-Puppet/Monkey-Puppet_3.png",
    "Confused-Gandalf/Confused-Gandalf_14.png",
    "Mr-incredible-mad/Mr-incredible-mad_29.png",
    "Dave-chappelle/Dave-chappelle_30.png",
    "Surprised-Pikachu/Surprised-Pikachu_15.png",
    "Table-Flip-Guy/Table-Flip-Guy_36.png",
    "Kevin-Hart/Kevin-Hart_18.png",
    "Well-Yes-But-Actually-No/Well-Yes-But-Actually-No_26.png",
    "Mr-McMahon-reaction/Mr-McMahon-reaction_21.png",
    "Gru-Gun/Gru-Gun_7.png",
    "attention_check/attention_check_Others.png",
    "Persian-Cat-Room-Guardian/Persian-Cat-Room-Guardian_31.png",
    "Put-It-Somewhere-Else-Patrick/Put-It-Somewhere-Else-Patrick_9.png",
    "Angry-Baby/Angry-Baby_50.png",
    "Arthur-Fist/Arthur-Fist_35.png",
    "Khan/Khan_42.png"
  ],
  "completion_status": {
    "practice_completed": true,
    "game_started": true,
    "game_completed": true,
    "summary_viewed": true,
    "email_submitted": true
  },
  "timestamps_unix": {
    "registration_completed": 1750852723,
    "practice_started": 1750852723,
    "practice_completed": 1750852788,
    "game_started": 1750852788,
    "first_label": 1750852799,
    "last_label": 1750853434,
    "game_completed": 1750853437,
    "summary_viewed": 1750853437,
    "email_submitted": 1750853490,
    "session_end": 1750853490,
    "last_updated": 1750853490
  },
  "timestamps_unix_ms": {
    "registration_completed_ms": 1750852723299,
    "practice_started_ms": 1750852723343,
    "practice_completed_ms": 1750852788739,
    "game_started_ms": 1750852788748,
    "first_label_ms": 1750852799040,
    "last_label_ms": 1750853434606,
    "game_completed_ms": 1750853437899,
    "summary_viewed_ms": 1750853437909,
    "email_submitted_ms": 1750853490240,
    "session_end_ms": 1750853490240,
    "last_updated_ms": 1750853490240
  },
  "duration_stats_ms": {
    "total_session_duration_ms": 766941,
    "practice_duration_ms": 65396,
    "game_duration_ms": 649151,
    "labeling_duration_ms": 635566,
    "email_submission_duration_ms": 52331
  },
  "filename_updated_unix": 1750853437,
  "original_filename": "user_f968b4",
  "completion_status_in_filename": "email_submitted"
}