{
  "user_id": "user_34010e",
  "file_name": "user_34010e_1750336841_1750337156_fullycomplete",
  "unix_start_time": 1750336841,
  "unix_start_time_ms": 1750336841828,
  "unix_end_time": 1750337156,
  "unix_end_time_ms": 1750337156469,
  "age": "25-29",
  "gender": "female",
  "user_agent": "Mozilla/5.0 (Windows NT 10.0; Win64; x64) AppleWebKit/537.36 (KHTML, like Gecko) Chrome/137.0.0.0 Safari/537.36",
  "user_ip": "114.25.98.202",
  "status": "complete",
  "email_provided": "complete",
  "attention_passed": true,
  "start_time_readable": "2025-06-19 12:40:41.828",
  "end_time_readable": "2025-06-19 12:45:56.469",
  "total_labels": 52,
  "emotion_summary": {
    "anger": 14,
    "contempt": 11,
    "disgust": 12,
    "others": 15
  },
  "email": "cindyliew0612@gmail.com",
  "participation": "yes",
  "total_responses": 52,
  "responses": [
    {
      "image_path": "Archer/Archer_18.png",
      "label": "其他",
      "response_time": "00:00:08.713",
      "timestamp_unix": 1750336881,
      "timestamp_unix_ms": 1750336881560,
      "timestamp_readable": "2025-06-19 12:41:21.560",
      "normalized_name": "Archer/Archer",
      "meme_name": "Archer",
      "post_id": 18,
      "english_label": "others",
      "response_time_ms": 8713
    },
    {
      "image_path": "Khan/Khan_37.png",
      "label": "憤怒",
      "response_time": "00:00:04.306",
      "timestamp_unix": 1750336885,
      "timestamp_unix_ms": 1750336885924,
      "timestamp_readable": "2025-06-19 12:41:25.924",
      "normalized_name": "Khan/Khan",
      "meme_name": "Khan",
      "post_id": 37,
      "english_label": "anger",
      "response_time_ms": 4306
    },
    {
      "image_path": "Scooby-doo-mask-reveal/Scooby-doo-mask-reveal_27.png",
      "label": "輕蔑",
      "response_time": "00:00:08.006",
      "timestamp_unix": 1750336894,
      "timestamp_unix_ms": 1750336894004,
      "timestamp_readable": "2025-06-19 12:41:34.004",
      "normalized_name": "Scooby-doo-mask-reveal/Scooby-doo-mask-reveal",
      "meme_name": "Scooby-doo-mask-reveal",
      "post_id": 27,
      "english_label": "contempt",
      "response_time_ms": 8006
    },
    {
      "image_path": "Persian-Cat-Room-Guardian/Persian-Cat-Room-Guardian_30.png",
      "label": "輕蔑",
      "response_time": "00:00:04.002",
      "timestamp_unix": 1750336898,
      "timestamp_unix_ms": 1750336898144,
      "timestamp_readable": "2025-06-19 12:41:38.144",
      "normalized_name": "Persian-Cat-Room-Guardian/Persian-Cat-Room-Guardian",
      "meme_name": "Persian-Cat-Room-Guardian",
      "post_id": 30,
      "english_label": "contempt",
      "response_time_ms": 4002
    },
    {
      "image_path": "Kevin-Hart/Kevin-Hart_46.png",
      "label": "其他",
      "response_time": "00:00:04.502",
      "timestamp_unix": 1750336902,
      "timestamp_unix_ms": 1750336902724,
      "timestamp_readable": "2025-06-19 12:41:42.724",
      "normalized_name": "Kevin-Hart/Kevin-Hart",
      "meme_name": "Kevin-Hart",
      "post_id": 46,
      "english_label": "others",
      "response_time_ms": 4502
    },
    {
      "image_path": "Math-ladyConfused-lady/Math-ladyConfused-lady_15.png",
      "label": "厭惡",
      "response_time": "00:00:03.708",
      "timestamp_unix": 1750336906,
      "timestamp_unix_ms": 1750336906493,
      "timestamp_readable": "2025-06-19 12:41:46.493",
      "normalized_name": "Math-ladyConfused-lady/Math-ladyConfused-lady",
      "meme_name": "Math-ladyConfused-lady",
      "post_id": 15,
      "english_label": "disgust",
      "response_time_ms": 3708
    },
    {
      "image_path": "Ill-Have-You-Know-Spongebob/Ill-Have-You-Know-Spongebob_1.png",
      "label": "厭惡",
      "response_time": "00:00:06.801",
      "timestamp_unix": 1750336913,
      "timestamp_unix_ms": 1750336913435,
      "timestamp_readable": "2025-06-19 12:41:53.435",
      "normalized_name": "Ill-Have-You-Know-Spongebob/Ill-Have-You-Know-Spongebob",
      "meme_name": "Ill-Have-You-Know-Spongebob",
      "post_id": 1,
      "english_label": "disgust",
      "response_time_ms": 6801
    },
    {
      "image_path": "Futurama-Fry/Futurama-Fry_43.png",
      "label": "厭惡",
      "response_time": "00:01:20.608",
      "timestamp_unix": 1750336994,
      "timestamp_unix_ms": 1750336994200,
      "timestamp_readable": "2025-06-19 12:43:14.200",
      "normalized_name": "Futurama-Fry/Futurama-Fry",
      "meme_name": "Futurama-Fry",
      "post_id": 43,
      "english_label": "disgust",
      "response_time_ms": 80608
    },
    {
      "image_path": "Always-you-three/Always-you-three_19.png",
      "label": "輕蔑",
      "response_time": "00:00:04.207",
      "timestamp_unix": 1750336998,
      "timestamp_unix_ms": 1750336998530,
      "timestamp_readable": "2025-06-19 12:43:18.530",
      "normalized_name": "Always-you-three/Always-you-three",
      "meme_name": "Always-you-three",
      "post_id": 19,
      "english_label": "contempt",
      "response_time_ms": 4207
    },
    {
      "image_path": "Surprised-Pikachu/Surprised-Pikachu_33.png",
      "label": "輕蔑",
      "response_time": "00:00:04.513",
      "timestamp_unix": 1750337003,
      "timestamp_unix_ms": 1750337003098,
      "timestamp_readable": "2025-06-19 12:43:23.098",
      "normalized_name": "Surprised-Pikachu/Surprised-Pikachu",
      "meme_name": "Surprised-Pikachu",
      "post_id": 33,
      "english_label": "contempt",
      "response_time_ms": 4513
    },
    {
      "image_path": "Table-Flip-Guy/Table-Flip-Guy_38.png",
      "label": "厭惡",
      "response_time": "00:00:04.610",
      "timestamp_unix": 1750337007,
      "timestamp_unix_ms": 1750337007899,
      "timestamp_readable": "2025-06-19 12:43:27.899",
      "normalized_name": "Table-Flip-Guy/Table-Flip-Guy",
      "meme_name": "Table-Flip-Guy",
      "post_id": 38,
      "english_label": "disgust",
      "response_time_ms": 4610
    },
    {
      "image_path": "Obi-Wan-Kenobi/Obi-Wan-Kenobi_34.png",
      "label": "憤怒",
      "response_time": "00:00:02.501",
      "timestamp_unix": 1750337010,
      "timestamp_unix_ms": 1750337010547,
      "timestamp_readable": "2025-06-19 12:43:30.547",
      "normalized_name": "Obi-Wan-Kenobi/Obi-Wan-Kenobi",
      "meme_name": "Obi-Wan-Kenobi",
      "post_id": 34,
      "english_label": "anger",
      "response_time_ms": 2501
    },
    {
      "image_path": "Mocking-Spongebob/Mocking-Spongebob_2.png",
      "label": "憤怒",
      "response_time": "00:00:02.012",
      "timestamp_unix": 1750337012,
      "timestamp_unix_ms": 1750337012631,
      "timestamp_readable": "2025-06-19 12:43:32.631",
      "normalized_name": "Mocking-Spongebob/Mocking-Spongebob",
      "meme_name": "Mocking-Spongebob",
      "post_id": 2,
      "english_label": "anger",
      "response_time_ms": 2012
    },
    {
      "image_path": "Spongebob-Yelling/Spongebob-Yelling_13.png",
      "label": "憤怒",
      "response_time": "00:00:02.406",
      "timestamp_unix": 1750337015,
      "timestamp_unix_ms": 1750337015165,
      "timestamp_readable": "2025-06-19 12:43:35.165",
      "normalized_name": "Spongebob-Yelling/Spongebob-Yelling",
      "meme_name": "Spongebob-Yelling",
      "post_id": 13,
      "english_label": "anger",
      "response_time_ms": 2406
    },
    {
      "image_path": "Mr-McMahon-reaction/Mr-McMahon-reaction_17.png",
      "label": "其他",
      "response_time": "00:00:04.301",
      "timestamp_unix": 1750337019,
      "timestamp_unix_ms": 1750337019564,
      "timestamp_readable": "2025-06-19 12:43:39.564",
      "normalized_name": "Mr-McMahon-reaction/Mr-McMahon-reaction",
      "meme_name": "Mr-McMahon-reaction",
      "post_id": 17,
      "english_label": "others",
      "response_time_ms": 4301
    },
    {
      "image_path": "Hide-the-Pain-Harold/Hide-the-Pain-Harold_29.png",
      "label": "輕蔑",
      "response_time": "00:00:03.803",
      "timestamp_unix": 1750337023,
      "timestamp_unix_ms": 1750337023506,
      "timestamp_readable": "2025-06-19 12:43:43.506",
      "normalized_name": "Hide-the-Pain-Harold/Hide-the-Pain-Harold",
      "meme_name": "Hide-the-Pain-Harold",
      "post_id": 29,
      "english_label": "contempt",
      "response_time_ms": 3803
    },
    {
      "image_path": "Thats-a-paddlin/Thats-a-paddlin_3.png",
      "label": "厭惡",
      "response_time": "00:00:03.202",
      "timestamp_unix": 1750337026,
      "timestamp_unix_ms": 1750337026814,
      "timestamp_readable": "2025-06-19 12:43:46.814",
      "normalized_name": "Thats-a-paddlin/Thats-a-paddlin",
      "meme_name": "Thats-a-paddlin",
      "post_id": 3,
      "english_label": "disgust",
      "response_time_ms": 3202
    },
    {
      "image_path": "Put-It-Somewhere-Else-Patrick/Put-It-Somewhere-Else-Patrick_25.png",
      "label": "憤怒",
      "response_time": "00:00:04.501",
      "timestamp_unix": 1750337031,
      "timestamp_unix_ms": 1750337031403,
      "timestamp_readable": "2025-06-19 12:43:51.403",
      "normalized_name": "Put-It-Somewhere-Else-Patrick/Put-It-Somewhere-Else-Patrick",
      "meme_name": "Put-It-Somewhere-Else-Patrick",
      "post_id": 25,
      "english_label": "anger",
      "response_time_ms": 4501
    },
    {
      "image_path": "Well-Yes-But-Actually-No/Well-Yes-But-Actually-No_6.png",
      "label": "輕蔑",
      "response_time": "00:00:02.608",
      "timestamp_unix": 1750337034,
      "timestamp_unix_ms": 1750337034046,
      "timestamp_readable": "2025-06-19 12:43:54.046",
      "normalized_name": "Well-Yes-But-Actually-No/Well-Yes-But-Actually-No",
      "meme_name": "Well-Yes-But-Actually-No",
      "post_id": 6,
      "english_label": "contempt",
      "response_time_ms": 2608
    },
    {
      "image_path": "Dave-chappelle/Dave-chappelle_44.png",
      "label": "輕蔑",
      "response_time": "00:00:02.015",
      "timestamp_unix": 1750337036,
      "timestamp_unix_ms": 1750337036142,
      "timestamp_readable": "2025-06-19 12:43:56.142",
      "normalized_name": "Dave-chappelle/Dave-chappelle",
      "meme_name": "Dave-chappelle",
      "post_id": 44,
      "english_label": "contempt",
      "response_time_ms": 2015
    },
    {
      "image_path": "Gru-Gun/Gru-Gun_40.png",
      "label": "厭惡",
      "response_time": "00:00:02.505",
      "timestamp_unix": 1750337038,
      "timestamp_unix_ms": 1750337038821,
      "timestamp_readable": "2025-06-19 12:43:58.821",
      "normalized_name": "Gru-Gun/Gru-Gun",
      "meme_name": "Gru-Gun",
      "post_id": 40,
      "english_label": "disgust",
      "response_time_ms": 2505
    },
    {
      "image_path": "Smudge-the-cat/Smudge-the-cat_20.png",
      "label": "其他",
      "response_time": "00:00:02.603",
      "timestamp_unix": 1750337041,
      "timestamp_unix_ms": 1750337041515,
      "timestamp_readable": "2025-06-19 12:44:01.515",
      "normalized_name": "Smudge-the-cat/Smudge-the-cat",
      "meme_name": "Smudge-the-cat",
      "post_id": 20,
      "english_label": "others",
      "response_time_ms": 2603
    },
    {
      "image_path": "Dinkleberg/Dinkleberg_11.png",
      "label": "憤怒",
      "response_time": "00:00:05.008",
      "timestamp_unix": 1750337046,
      "timestamp_unix_ms": 1750337046620,
      "timestamp_readable": "2025-06-19 12:44:06.620",
      "normalized_name": "Dinkleberg/Dinkleberg",
      "meme_name": "Dinkleberg",
      "post_id": 11,
      "english_label": "anger",
      "response_time_ms": 5008
    },
    {
      "image_path": "attention_check/attention_check_Anger.png",
      "label": "憤怒",
      "response_time": "00:00:04.407",
      "timestamp_unix": 1750337051,
      "timestamp_unix_ms": 1750337051111,
      "timestamp_readable": "2025-06-19 12:44:11.111",
      "normalized_name": "attention_check/attention_check_Anger.png",
      "meme_name": "attention_check",
      "post_id": null,
      "english_label": "anger",
      "response_time_ms": 4407
    },
    {
      "image_path": "DJ-Pauly-D/DJ-Pauly-D_26.png",
      "label": "輕蔑",
      "response_time": "00:00:04.403",
      "timestamp_unix": 1750337055,
      "timestamp_unix_ms": 1750337055644,
      "timestamp_readable": "2025-06-19 12:44:15.644",
      "normalized_name": "DJ-Pauly-D/DJ-Pauly-D",
      "meme_name": "DJ-Pauly-D",
      "post_id": 26,
      "english_label": "contempt",
      "response_time_ms": 4403
    },
    {
      "image_path": "Chill-guy/Chill-guy_7.png",
      "label": "輕蔑",
      "response_time": "00:00:04.601",
      "timestamp_unix": 1750337060,
      "timestamp_unix_ms": 1750337060300,
      "timestamp_readable": "2025-06-19 12:44:20.300",
      "normalized_name": "Chill-guy/Chill-guy",
      "meme_name": "Chill-guy",
      "post_id": 7,
      "english_label": "contempt",
      "response_time_ms": 4601
    },
    {
      "image_path": "Monkey-Puppet/Monkey-Puppet_50.png",
      "label": "其他",
      "response_time": "00:00:02.405",
      "timestamp_unix": 1750337062,
      "timestamp_unix_ms": 1750337062838,
      "timestamp_readable": "2025-06-19 12:44:22.838",
      "normalized_name": "Monkey-Puppet/Monkey-Puppet",
      "meme_name": "Monkey-Puppet",
      "post_id": 50,
      "english_label": "others",
      "response_time_ms": 2405
    },
    {
      "image_path": "Drake-NoYes/Drake-NoYes_35.png",
      "label": "其他",
      "response_time": "00:00:03.606",
      "timestamp_unix": 1750337066,
      "timestamp_unix_ms": 1750337066492,
      "timestamp_readable": "2025-06-19 12:44:26.492",
      "normalized_name": "Drake-NoYes/Drake-NoYes",
      "meme_name": "Drake-NoYes",
      "post_id": 35,
      "english_label": "others",
      "response_time_ms": 3606
    },
    {
      "image_path": "Black-guy-hiding-behind-tree/Black-guy-hiding-behind-tree_39.png",
      "label": "厭惡",
      "response_time": "00:00:02.904",
      "timestamp_unix": 1750337069,
      "timestamp_unix_ms": 1750337069463,
      "timestamp_readable": "2025-06-19 12:44:29.463",
      "normalized_name": "Black-guy-hiding-behind-tree/Black-guy-hiding-behind-tree",
      "meme_name": "Black-guy-hiding-behind-tree",
      "post_id": 39,
      "english_label": "disgust",
      "response_time_ms": 2904
    },
    {
      "image_path": "Laughing-wolf/Laughing-wolf_45.png",
      "label": "其他",
      "response_time": "00:00:01.102",
      "timestamp_unix": 1750337070,
      "timestamp_unix_ms": 1750337070648,
      "timestamp_readable": "2025-06-19 12:44:30.648",
      "normalized_name": "Laughing-wolf/Laughing-wolf",
      "meme_name": "Laughing-wolf",
      "post_id": 45,
      "english_label": "others",
      "response_time_ms": 1102
    },
    {
      "image_path": "You-The-Real-MVP/You-The-Real-MVP_8.png",
      "label": "憤怒",
      "response_time": "00:00:03.112",
      "timestamp_unix": 1750337073,
      "timestamp_unix_ms": 1750337073813,
      "timestamp_readable": "2025-06-19 12:44:33.813",
      "normalized_name": "You-The-Real-MVP/You-The-Real-MVP",
      "meme_name": "You-The-Real-MVP",
      "post_id": 8,
      "english_label": "anger",
      "response_time_ms": 3112
    },
    {
      "image_path": "Spiderman-Hospital/Spiderman-Hospital_21.png",
      "label": "其他",
      "response_time": "00:00:02.301",
      "timestamp_unix": 1750337076,
      "timestamp_unix_ms": 1750337076214,
      "timestamp_readable": "2025-06-19 12:44:36.214",
      "normalized_name": "Spiderman-Hospital/Spiderman-Hospital",
      "meme_name": "Spiderman-Hospital",
      "post_id": 21,
      "english_label": "others",
      "response_time_ms": 2301
    },
    {
      "image_path": "I-am-once-again-asking/I-am-once-again-asking_32.png",
      "label": "其他",
      "response_time": "00:00:01.303",
      "timestamp_unix": 1750337077,
      "timestamp_unix_ms": 1750337077610,
      "timestamp_readable": "2025-06-19 12:44:37.610",
      "normalized_name": "I-am-once-again-asking/I-am-once-again-asking",
      "meme_name": "I-am-once-again-asking",
      "post_id": 32,
      "english_label": "others",
      "response_time_ms": 1303
    },
    {
      "image_path": "Leonardo-Dicaprio-Wolf-Of-Wall-Street/Leonardo-Dicaprio-Wolf-Of-Wall-Street_22.png",
      "label": "其他",
      "response_time": "00:00:01.600",
      "timestamp_unix": 1750337079,
      "timestamp_unix_ms": 1750337079346,
      "timestamp_readable": "2025-06-19 12:44:39.346",
      "normalized_name": "Leonardo-Dicaprio-Wolf-Of-Wall-Street/Leonardo-Dicaprio-Wolf-Of-Wall-Street",
      "meme_name": "Leonardo-Dicaprio-Wolf-Of-Wall-Street",
      "post_id": 22,
      "english_label": "others",
      "response_time_ms": 1600
    },
    {
      "image_path": "Arthur-Fist/Arthur-Fist_23.png",
      "label": "憤怒",
      "response_time": "00:00:02.201",
      "timestamp_unix": 1750337081,
      "timestamp_unix_ms": 1750337081690,
      "timestamp_readable": "2025-06-19 12:44:41.690",
      "normalized_name": "Arthur-Fist/Arthur-Fist",
      "meme_name": "Arthur-Fist",
      "post_id": 23,
      "english_label": "anger",
      "response_time_ms": 2201
    },
    {
      "image_path": "Picard-Wtf/Picard-Wtf_14.png",
      "label": "厭惡",
      "response_time": "00:00:02.803",
      "timestamp_unix": 1750337084,
      "timestamp_unix_ms": 1750337084611,
      "timestamp_readable": "2025-06-19 12:44:44.611",
      "normalized_name": "Picard-Wtf/Picard-Wtf",
      "meme_name": "Picard-Wtf",
      "post_id": 14,
      "english_label": "disgust",
      "response_time_ms": 2803
    },
    {
      "image_path": "Moe-throws-Barney/Moe-throws-Barney_41.png",
      "label": "其他",
      "response_time": "00:00:01.501",
      "timestamp_unix": 1750337086,
      "timestamp_unix_ms": 1750337086230,
      "timestamp_readable": "2025-06-19 12:44:46.230",
      "normalized_name": "Moe-throws-Barney/Moe-throws-Barney",
      "meme_name": "Moe-throws-Barney",
      "post_id": 41,
      "english_label": "others",
      "response_time_ms": 1501
    },
    {
      "image_path": "Afraid-To-Ask-Andy/Afraid-To-Ask-Andy_36.png",
      "label": "其他",
      "response_time": "00:00:02.012",
      "timestamp_unix": 1750337088,
      "timestamp_unix_ms": 1750337088277,
      "timestamp_readable": "2025-06-19 12:44:48.277",
      "normalized_name": "Afraid-To-Ask-Andy/Afraid-To-Ask-Andy",
      "meme_name": "Afraid-To-Ask-Andy",
      "post_id": 36,
      "english_label": "others",
      "response_time_ms": 2012
    },
    {
      "image_path": "Happy--Shock/Happy--Shock_12.png",
      "label": "輕蔑",
      "response_time": "00:00:02.801",
      "timestamp_unix": 1750337091,
      "timestamp_unix_ms": 1750337091131,
      "timestamp_readable": "2025-06-19 12:44:51.131",
      "normalized_name": "Happy--Shock/Happy--Shock",
      "meme_name": "Happy--Shock",
      "post_id": 12,
      "english_label": "contempt",
      "response_time_ms": 2801
    },
    {
      "image_path": "Mr-incredible-mad/Mr-incredible-mad_31.png",
      "label": "厭惡",
      "response_time": "00:00:02.511",
      "timestamp_unix": 1750337093,
      "timestamp_unix_ms": 1750337093760,
      "timestamp_readable": "2025-06-19 12:44:53.760",
      "normalized_name": "Mr-incredible-mad/Mr-incredible-mad",
      "meme_name": "Mr-incredible-mad",
      "post_id": 31,
      "english_label": "disgust",
      "response_time_ms": 2511
    },
    {
      "image_path": "Disaster-Girl/Disaster-Girl_49.png",
      "label": "其他",
      "response_time": "00:00:02.401",
      "timestamp_unix": 1750337096,
      "timestamp_unix_ms": 1750337096277,
      "timestamp_readable": "2025-06-19 12:44:56.277",
      "normalized_name": "Disaster-Girl/Disaster-Girl",
      "meme_name": "Disaster-Girl",
      "post_id": 49,
      "english_label": "others",
      "response_time_ms": 2401
    },
    {
      "image_path": "Hold-fart/Hold-fart_28.png",
      "label": "憤怒",
      "response_time": "00:00:03.529",
      "timestamp_unix": 1750337099,
      "timestamp_unix_ms": 1750337099840,
      "timestamp_readable": "2025-06-19 12:44:59.840",
      "normalized_name": "Hold-fart/Hold-fart",
      "meme_name": "Hold-fart",
      "post_id": 28,
      "english_label": "anger",
      "response_time_ms": 3529
    },
    {
      "image_path": "Confused-Gandalf/Confused-Gandalf_16.png",
      "label": "厭惡",
      "response_time": "00:00:03.707",
      "timestamp_unix": 1750337103,
      "timestamp_unix_ms": 1750337103678,
      "timestamp_readable": "2025-06-19 12:45:03.678",
      "normalized_name": "Confused-Gandalf/Confused-Gandalf",
      "meme_name": "Confused-Gandalf",
      "post_id": 16,
      "english_label": "disgust",
      "response_time_ms": 3707
    },
    {
      "image_path": "Batman-Slapping-Robin/Batman-Slapping-Robin_10.png",
      "label": "憤怒",
      "response_time": "00:00:03.800",
      "timestamp_unix": 1750337107,
      "timestamp_unix_ms": 1750337107523,
      "timestamp_readable": "2025-06-19 12:45:07.523",
      "normalized_name": "Batman-Slapping-Robin/Batman-Slapping-Robin",
      "meme_name": "Batman-Slapping-Robin",
      "post_id": 10,
      "english_label": "anger",
      "response_time_ms": 3800
    },
    {
      "image_path": "Always-Has-Been/Always-Has-Been_4.png",
      "label": "憤怒",
      "response_time": "00:00:03.107",
      "timestamp_unix": 1750337110,
      "timestamp_unix_ms": 1750337110746,
      "timestamp_readable": "2025-06-19 12:45:10.746",
      "normalized_name": "Always-Has-Been/Always-Has-Been",
      "meme_name": "Always-Has-Been",
      "post_id": 4,
      "english_label": "anger",
      "response_time_ms": 3107
    },
    {
      "image_path": "Angry-Baby/Angry-Baby_24.png",
      "label": "憤怒",
      "response_time": "00:00:01.900",
      "timestamp_unix": 1750337112,
      "timestamp_unix_ms": 1750337112743,
      "timestamp_readable": "2025-06-19 12:45:12.743",
      "normalized_name": "Angry-Baby/Angry-Baby",
      "meme_name": "Angry-Baby",
      "post_id": 24,
      "english_label": "anger",
      "response_time_ms": 1900
    },
    {
      "image_path": "Disappointed-Man/Disappointed-Man_9.png",
      "label": "厭惡",
      "response_time": "00:00:03.806",
      "timestamp_unix": 1750337116,
      "timestamp_unix_ms": 1750337116627,
      "timestamp_readable": "2025-06-19 12:45:16.627",
      "normalized_name": "Disappointed-Man/Disappointed-Man",
      "meme_name": "Disappointed-Man",
      "post_id": 9,
      "english_label": "disgust",
      "response_time_ms": 3806
    },
    {
      "image_path": "Im-The-Captain-Now/Im-The-Captain-Now_5.png",
      "label": "厭惡",
      "response_time": "00:00:01.718",
      "timestamp_unix": 1750337118,
      "timestamp_unix_ms": 1750337118374,
      "timestamp_readable": "2025-06-19 12:45:18.374",
      "normalized_name": "Im-The-Captain-Now/Im-The-Captain-Now",
      "meme_name": "Im-The-Captain-Now",
      "post_id": 5,
      "english_label": "disgust",
      "response_time_ms": 1718
    },
    {
      "image_path": "For-the-better-right-blank/For-the-better-right-blank_47.png",
      "label": "憤怒",
      "response_time": "00:00:03.403",
      "timestamp_unix": 1750337121,
      "timestamp_unix_ms": 1750337121845,
      "timestamp_readable": "2025-06-19 12:45:21.845",
      "normalized_name": "For-the-better-right-blank/For-the-better-right-blank",
      "meme_name": "For-the-better-right-blank",
      "post_id": 47,
      "english_label": "anger",
      "response_time_ms": 3403
    },
    {
      "image_path": "Nuclear-Explosion/Nuclear-Explosion_42.png",
      "label": "其他",
      "response_time": "00:00:04.002",
      "timestamp_unix": 1750337125,
      "timestamp_unix_ms": 1750337125936,
      "timestamp_readable": "2025-06-19 12:45:25.936",
      "normalized_name": "Nuclear-Explosion/Nuclear-Explosion",
      "meme_name": "Nuclear-Explosion",
      "post_id": 42,
      "english_label": "others",
      "response_time_ms": 4002
    },
    {
      "image_path": "attention_check/attention_check_Contempt.png",
      "label": "輕蔑",
      "response_time": "00:00:03.010",
      "timestamp_unix": 1750337129,
      "timestamp_unix_ms": 1750337129061,
      "timestamp_readable": "2025-06-19 12:45:29.061",
      "normalized_name": "attention_check/attention_check_Contempt.png",
      "meme_name": "attention_check",
      "post_id": null,
      "english_label": "contempt",
      "response_time_ms": 3010
    },
    {
      "image_path": "Charlie-Day/Charlie-Day_48.png",
      "label": "其他",
      "response_time": "00:00:04.211",
      "timestamp_unix": 1750337133,
      "timestamp_unix_ms": 1750337133392,
      "timestamp_readable": "2025-06-19 12:45:33.392",
      "normalized_name": "Charlie-Day/Charlie-Day",
      "meme_name": "Charlie-Day",
      "post_id": 48,
      "english_label": "others",
      "response_time_ms": 4211
    }
  ],
  "session_start_unix": 1750336841,
  "session_status": "completed",
  "last_updated_unix": 1750337156,
  "image_order": [
    "Spiderman-Hospital/Spiderman-Hospital_21.png",
    "Happy--Shock/Happy--Shock_12.png",
    "Chill-guy/Chill-guy_7.png",
    "I-am-once-again-asking/I-am-once-again-asking_32.png",
    "Math-ladyConfused-lady/Math-ladyConfused-lady_15.png",
    "Archer/Archer_18.png",
    "Leonardo-Dicaprio-Wolf-Of-Wall-Street/Leonardo-Dicaprio-Wolf-Of-Wall-Street_22.png",
    "Mocking-Spongebob/Mocking-Spongebob_2.png",
    "Afraid-To-Ask-Andy/Afraid-To-Ask-Andy_36.png",
    "Charlie-Day/Charlie-Day_48.png",
    "Always-Has-Been/Always-Has-Been_4.png",
    "Picard-Wtf/Picard-Wtf_14.png",
    "Batman-Slapping-Robin/Batman-Slapping-Robin_10.png",
    "For-the-better-right-blank/For-the-better-right-blank_47.png",
    "Drake-NoYes/Drake-NoYes_35.png",
    "Laughing-wolf/Laughing-wolf_45.png",
    "DJ-Pauly-D/DJ-Pauly-D_26.png",
    "Always-you-three/Always-you-three_19.png",
    "Disappointed-Man/Disappointed-Man_9.png",
    "Smudge-the-cat/Smudge-the-cat_20.png",
    "Thats-a-paddlin/Thats-a-paddlin_3.png",
    "Hide-the-Pain-Harold/Hide-the-Pain-Harold_29.png",
    "Hold-fart/Hold-fart_28.png",
    "attention_check/attention_check_Anger.png",
    "Im-The-Captain-Now/Im-The-Captain-Now_5.png",
    "Obi-Wan-Kenobi/Obi-Wan-Kenobi_34.png",
    "Spongebob-Yelling/Spongebob-Yelling_13.png",
    "Nuclear-Explosion/Nuclear-Explosion_42.png",
    "Dinkleberg/Dinkleberg_11.png",
    "Scooby-doo-mask-reveal/Scooby-doo-mask-reveal_27.png",
    "Disaster-Girl/Disaster-Girl_49.png",
    "Black-guy-hiding-behind-tree/Black-guy-hiding-behind-tree_39.png",
    "You-The-Real-MVP/You-The-Real-MVP_8.png",
    "Moe-throws-Barney/Moe-throws-Barney_41.png",
    "Ill-Have-You-Know-Spongebob/Ill-Have-You-Know-Spongebob_1.png",
    "Futurama-Fry/Futurama-Fry_43.png",
    "Monkey-Puppet/Monkey-Puppet_50.png",
    "Confused-Gandalf/Confused-Gandalf_16.png",
    "Mr-incredible-mad/Mr-incredible-mad_31.png",
    "Dave-chappelle/Dave-chappelle_44.png",
    "Surprised-Pikachu/Surprised-Pikachu_33.png",
    "Table-Flip-Guy/Table-Flip-Guy_38.png",
    "Kevin-Hart/Kevin-Hart_46.png",
    "Well-Yes-But-Actually-No/Well-Yes-But-Actually-No_6.png",
    "Mr-McMahon-reaction/Mr-McMahon-reaction_17.png",
    "Gru-Gun/Gru-Gun_40.png",
    "Persian-Cat-Room-Guardian/Persian-Cat-Room-Guardian_30.png",
    "Put-It-Somewhere-Else-Patrick/Put-It-Somewhere-Else-Patrick_25.png",
    "Angry-Baby/Angry-Baby_24.png",
    "Arthur-Fist/Arthur-Fist_23.png",
    "attention_check/attention_check_Contempt.png",
    "Khan/Khan_37.png"
  ],
  "completion_status": {
    "practice_completed": true,
    "game_started": true,
    "game_completed": true,
    "summary_viewed": true,
    "email_submitted": true
  },
  "timestamps_unix": {
    "registration_completed": 1750336841,
    "practice_started": 1750336841,
    "practice_completed": 1750336872,
    "game_started": 1750336872,
    "first_label": 1750336881,
    "last_label": 1750337133,
    "game_completed": 1750337136,
    "summary_viewed": 1750337136,
    "email_submitted": 1750337156,
    "session_end": 1750337156,
    "last_updated": 1750337156
  },
  "timestamps_unix_ms": {
    "registration_completed_ms": 1750336841828,
    "practice_started_ms": 1750336841857,
    "practice_completed_ms": 1750336872662,
    "game_started_ms": 1750336872668,
    "first_label_ms": 1750336881560,
    "last_label_ms": 1750337133392,
    "game_completed_ms": 1750337136127,
    "summary_viewed_ms": 1750337136134,
    "email_submitted_ms": 1750337156462,
    "session_end_ms": 1750337156462,
    "last_updated_ms": 1750337156462
  },
  "duration_stats_ms": {
    "total_session_duration_ms": 314634,
    "practice_duration_ms": 30805,
    "game_duration_ms": 263459,
    "labeling_duration_ms": 251832,
    "email_submission_duration_ms": 20328
  },
  "filename_updated_unix": 1750337136,
  "original_filename": "user_34010e",
  "completion_status_in_filename": "email_submitted"
}