{
  "user_id": "user_864cbe",
  "file_name": "user_864cbe_1752418698_1752419338_fullycomplete",
  "unix_start_time": 1752418698,
  "unix_start_time_ms": 1752418698400,
  "unix_end_time": 1752419338,
  "unix_end_time_ms": 1752419338010,
  "age": "25-29",
  "gender": "female",
  "user_agent": "Mozilla/5.0 (Windows NT 10.0; Win64; x64) AppleWebKit/537.36 (KHTML, like Gecko) Chrome/138.0.0.0 Safari/537.36",
  "user_ip": "114.36.25.185",
  "status": "complete",
  "email_provided": "complete",
  "attention_passed": true,
  "start_time_readable": "2025-07-13 14:58:18.400",
  "end_time_readable": "2025-07-13 15:08:58.010",
  "total_labels": 52,
  "emotion_summary": {
    "anger": 9,
    "contempt": 6,
    "disgust": 6,
    "others": 31
  },
  "email": "yahoo24689@gmail.com",
  "participation": "yes",
  "total_responses": 52,
  "responses": [
    {
      "image_path": "Disappointed-Man/Disappointed-Man_16.png",
      "label": "其他",
      "response_time": "00:00:14.413",
      "timestamp_unix": 1752418784,
      "timestamp_unix_ms": 1752418784920,
      "timestamp_readable": "2025-07-13 14:59:44.920",
      "normalized_name": "Disappointed-Man/Disappointed-Man",
      "meme_name": "Disappointed-Man",
      "post_id": 16,
      "english_label": "others",
      "response_time_ms": 14413
    },
    {
      "image_path": "Math-ladyConfused-lady/Math-ladyConfused-lady_14.png",
      "label": "其他",
      "response_time": "00:00:19.309",
      "timestamp_unix": 1752418804,
      "timestamp_unix_ms": 1752418804343,
      "timestamp_readable": "2025-07-13 15:00:04.343",
      "normalized_name": "Math-ladyConfused-lady/Math-ladyConfused-lady",
      "meme_name": "Math-ladyConfused-lady",
      "post_id": 14,
      "english_label": "others",
      "response_time_ms": 19309
    },
    {
      "image_path": "Angry-Baby/Angry-Baby_3.png",
      "label": "其他",
      "response_time": "00:00:25.003",
      "timestamp_unix": 1752418829,
      "timestamp_unix_ms": 1752418829459,
      "timestamp_readable": "2025-07-13 15:00:29.459",
      "normalized_name": "Angry-Baby/Angry-Baby",
      "meme_name": "Angry-Baby",
      "post_id": 3,
      "english_label": "others",
      "response_time_ms": 25003
    },
    {
      "image_path": "Confused-Gandalf/Confused-Gandalf_23.png",
      "label": "輕蔑",
      "response_time": "00:00:26.306",
      "timestamp_unix": 1752418855,
      "timestamp_unix_ms": 1752418855856,
      "timestamp_readable": "2025-07-13 15:00:55.856",
      "normalized_name": "Confused-Gandalf/Confused-Gandalf",
      "meme_name": "Confused-Gandalf",
      "post_id": 23,
      "english_label": "contempt",
      "response_time_ms": 26306
    },
    {
      "image_path": "For-the-better-right-blank/For-the-better-right-blank_35.png",
      "label": "其他",
      "response_time": "00:00:14.610",
      "timestamp_unix": 1752418870,
      "timestamp_unix_ms": 1752418870527,
      "timestamp_readable": "2025-07-13 15:01:10.527",
      "normalized_name": "For-the-better-right-blank/For-the-better-right-blank",
      "meme_name": "For-the-better-right-blank",
      "post_id": 35,
      "english_label": "others",
      "response_time_ms": 14610
    },
    {
      "image_path": "Spongebob-Yelling/Spongebob-Yelling_25.png",
      "label": "憤怒",
      "response_time": "00:00:10.405",
      "timestamp_unix": 1752418880,
      "timestamp_unix_ms": 1752418880989,
      "timestamp_readable": "2025-07-13 15:01:20.989",
      "normalized_name": "Spongebob-Yelling/Spongebob-Yelling",
      "meme_name": "Spongebob-Yelling",
      "post_id": 25,
      "english_label": "anger",
      "response_time_ms": 10405
    },
    {
      "image_path": "Afraid-To-Ask-Andy/Afraid-To-Ask-Andy_47.png",
      "label": "其他",
      "response_time": "00:00:05.106",
      "timestamp_unix": 1752418886,
      "timestamp_unix_ms": 1752418886187,
      "timestamp_readable": "2025-07-13 15:01:26.187",
      "normalized_name": "Afraid-To-Ask-Andy/Afraid-To-Ask-Andy",
      "meme_name": "Afraid-To-Ask-Andy",
      "post_id": 47,
      "english_label": "others",
      "response_time_ms": 5106
    },
    {
      "image_path": "Mr-incredible-mad/Mr-incredible-mad_42.png",
      "label": "其他",
      "response_time": "00:00:10.400",
      "timestamp_unix": 1752418896,
      "timestamp_unix_ms": 1752418896696,
      "timestamp_readable": "2025-07-13 15:01:36.696",
      "normalized_name": "Mr-incredible-mad/Mr-incredible-mad",
      "meme_name": "Mr-incredible-mad",
      "post_id": 42,
      "english_label": "others",
      "response_time_ms": 10400
    },
    {
      "image_path": "Leonardo-Dicaprio-Wolf-Of-Wall-Street/Leonardo-Dicaprio-Wolf-Of-Wall-Street_34.png",
      "label": "其他",
      "response_time": "00:00:04.002",
      "timestamp_unix": 1752418900,
      "timestamp_unix_ms": 1752418900778,
      "timestamp_readable": "2025-07-13 15:01:40.778",
      "normalized_name": "Leonardo-Dicaprio-Wolf-Of-Wall-Street/Leonardo-Dicaprio-Wolf-Of-Wall-Street",
      "meme_name": "Leonardo-Dicaprio-Wolf-Of-Wall-Street",
      "post_id": 34,
      "english_label": "others",
      "response_time_ms": 4002
    },
    {
      "image_path": "Smudge-the-cat/Smudge-the-cat_46.png",
      "label": "其他",
      "response_time": "00:00:13.804",
      "timestamp_unix": 1752418914,
      "timestamp_unix_ms": 1752418914713,
      "timestamp_readable": "2025-07-13 15:01:54.713",
      "normalized_name": "Smudge-the-cat/Smudge-the-cat",
      "meme_name": "Smudge-the-cat",
      "post_id": 46,
      "english_label": "others",
      "response_time_ms": 13804
    },
    {
      "image_path": "Surprised-Pikachu/Surprised-Pikachu_8.png",
      "label": "其他",
      "response_time": "00:00:07.704",
      "timestamp_unix": 1752418922,
      "timestamp_unix_ms": 1752418922475,
      "timestamp_readable": "2025-07-13 15:02:02.475",
      "normalized_name": "Surprised-Pikachu/Surprised-Pikachu",
      "meme_name": "Surprised-Pikachu",
      "post_id": 8,
      "english_label": "others",
      "response_time_ms": 7704
    },
    {
      "image_path": "Happy--Shock/Happy--Shock_50.png",
      "label": "厭惡",
      "response_time": "00:00:26.307",
      "timestamp_unix": 1752418948,
      "timestamp_unix_ms": 1752418948876,
      "timestamp_readable": "2025-07-13 15:02:28.876",
      "normalized_name": "Happy--Shock/Happy--Shock",
      "meme_name": "Happy--Shock",
      "post_id": 50,
      "english_label": "disgust",
      "response_time_ms": 26307
    },
    {
      "image_path": "Gru-Gun/Gru-Gun_49.png",
      "label": "其他",
      "response_time": "00:00:11.802",
      "timestamp_unix": 1752418960,
      "timestamp_unix_ms": 1752418960742,
      "timestamp_readable": "2025-07-13 15:02:40.742",
      "normalized_name": "Gru-Gun/Gru-Gun",
      "meme_name": "Gru-Gun",
      "post_id": 49,
      "english_label": "others",
      "response_time_ms": 11802
    },
    {
      "image_path": "Archer/Archer_12.png",
      "label": "其他",
      "response_time": "00:00:06.207",
      "timestamp_unix": 1752418967,
      "timestamp_unix_ms": 1752418967026,
      "timestamp_readable": "2025-07-13 15:02:47.026",
      "normalized_name": "Archer/Archer",
      "meme_name": "Archer",
      "post_id": 12,
      "english_label": "others",
      "response_time_ms": 6207
    },
    {
      "image_path": "Chill-guy/Chill-guy_21.png",
      "label": "輕蔑",
      "response_time": "00:00:08.505",
      "timestamp_unix": 1752418975,
      "timestamp_unix_ms": 1752418975580,
      "timestamp_readable": "2025-07-13 15:02:55.580",
      "normalized_name": "Chill-guy/Chill-guy",
      "meme_name": "Chill-guy",
      "post_id": 21,
      "english_label": "contempt",
      "response_time_ms": 8505
    },
    {
      "image_path": "Mocking-Spongebob/Mocking-Spongebob_26.png",
      "label": "輕蔑",
      "response_time": "00:00:06.809",
      "timestamp_unix": 1752418982,
      "timestamp_unix_ms": 1752418982463,
      "timestamp_readable": "2025-07-13 15:03:02.463",
      "normalized_name": "Mocking-Spongebob/Mocking-Spongebob",
      "meme_name": "Mocking-Spongebob",
      "post_id": 26,
      "english_label": "contempt",
      "response_time_ms": 6809
    },
    {
      "image_path": "Futurama-Fry/Futurama-Fry_39.png",
      "label": "其他",
      "response_time": "00:00:10.007",
      "timestamp_unix": 1752418992,
      "timestamp_unix_ms": 1752418992577,
      "timestamp_readable": "2025-07-13 15:03:12.577",
      "normalized_name": "Futurama-Fry/Futurama-Fry",
      "meme_name": "Futurama-Fry",
      "post_id": 39,
      "english_label": "others",
      "response_time_ms": 10007
    },
    {
      "image_path": "Picard-Wtf/Picard-Wtf_20.png",
      "label": "其他",
      "response_time": "00:00:04.503",
      "timestamp_unix": 1752418997,
      "timestamp_unix_ms": 1752418997157,
      "timestamp_readable": "2025-07-13 15:03:17.157",
      "normalized_name": "Picard-Wtf/Picard-Wtf",
      "meme_name": "Picard-Wtf",
      "post_id": 20,
      "english_label": "others",
      "response_time_ms": 4503
    },
    {
      "image_path": "You-The-Real-MVP/You-The-Real-MVP_27.png",
      "label": "厭惡",
      "response_time": "00:00:07.010",
      "timestamp_unix": 1752419004,
      "timestamp_unix_ms": 1752419004197,
      "timestamp_readable": "2025-07-13 15:03:24.197",
      "normalized_name": "You-The-Real-MVP/You-The-Real-MVP",
      "meme_name": "You-The-Real-MVP",
      "post_id": 27,
      "english_label": "disgust",
      "response_time_ms": 7010
    },
    {
      "image_path": "Dave-chappelle/Dave-chappelle_29.png",
      "label": "其他",
      "response_time": "00:00:05.607",
      "timestamp_unix": 1752419009,
      "timestamp_unix_ms": 1752419009865,
      "timestamp_readable": "2025-07-13 15:03:29.865",
      "normalized_name": "Dave-chappelle/Dave-chappelle",
      "meme_name": "Dave-chappelle",
      "post_id": 29,
      "english_label": "others",
      "response_time_ms": 5607
    },
    {
      "image_path": "Obi-Wan-Kenobi/Obi-Wan-Kenobi_6.png",
      "label": "憤怒",
      "response_time": "00:00:06.204",
      "timestamp_unix": 1752419016,
      "timestamp_unix_ms": 1752419016177,
      "timestamp_readable": "2025-07-13 15:03:36.177",
      "normalized_name": "Obi-Wan-Kenobi/Obi-Wan-Kenobi",
      "meme_name": "Obi-Wan-Kenobi",
      "post_id": 6,
      "english_label": "anger",
      "response_time_ms": 6204
    },
    {
      "image_path": "attention_check/attention_check_Anger.png",
      "label": "憤怒",
      "response_time": "00:00:02.913",
      "timestamp_unix": 1752419019,
      "timestamp_unix_ms": 1752419019198,
      "timestamp_readable": "2025-07-13 15:03:39.198",
      "normalized_name": "attention_check/attention_check_Anger.png",
      "meme_name": "attention_check",
      "post_id": null,
      "english_label": "anger",
      "response_time_ms": 2913
    },
    {
      "image_path": "Well-Yes-But-Actually-No/Well-Yes-But-Actually-No_33.png",
      "label": "厭惡",
      "response_time": "00:00:29.806",
      "timestamp_unix": 1752419049,
      "timestamp_unix_ms": 1752419049095,
      "timestamp_readable": "2025-07-13 15:04:09.095",
      "normalized_name": "Well-Yes-But-Actually-No/Well-Yes-But-Actually-No",
      "meme_name": "Well-Yes-But-Actually-No",
      "post_id": 33,
      "english_label": "disgust",
      "response_time_ms": 29806
    },
    {
      "image_path": "Disaster-Girl/Disaster-Girl_11.png",
      "label": "其他",
      "response_time": "00:00:08.410",
      "timestamp_unix": 1752419057,
      "timestamp_unix_ms": 1752419057553,
      "timestamp_readable": "2025-07-13 15:04:17.553",
      "normalized_name": "Disaster-Girl/Disaster-Girl",
      "meme_name": "Disaster-Girl",
      "post_id": 11,
      "english_label": "others",
      "response_time_ms": 8410
    },
    {
      "image_path": "Moe-throws-Barney/Moe-throws-Barney_22.png",
      "label": "其他",
      "response_time": "00:00:24.905",
      "timestamp_unix": 1752419082,
      "timestamp_unix_ms": 1752419082567,
      "timestamp_readable": "2025-07-13 15:04:42.567",
      "normalized_name": "Moe-throws-Barney/Moe-throws-Barney",
      "meme_name": "Moe-throws-Barney",
      "post_id": 22,
      "english_label": "others",
      "response_time_ms": 24905
    },
    {
      "image_path": "Scooby-doo-mask-reveal/Scooby-doo-mask-reveal_45.png",
      "label": "其他",
      "response_time": "00:00:10.401",
      "timestamp_unix": 1752419093,
      "timestamp_unix_ms": 1752419093066,
      "timestamp_readable": "2025-07-13 15:04:53.066",
      "normalized_name": "Scooby-doo-mask-reveal/Scooby-doo-mask-reveal",
      "meme_name": "Scooby-doo-mask-reveal",
      "post_id": 45,
      "english_label": "others",
      "response_time_ms": 10401
    },
    {
      "image_path": "DJ-Pauly-D/DJ-Pauly-D_2.png",
      "label": "其他",
      "response_time": "00:00:11.405",
      "timestamp_unix": 1752419104,
      "timestamp_unix_ms": 1752419104564,
      "timestamp_readable": "2025-07-13 15:05:04.564",
      "normalized_name": "DJ-Pauly-D/DJ-Pauly-D",
      "meme_name": "DJ-Pauly-D",
      "post_id": 2,
      "english_label": "others",
      "response_time_ms": 11405
    },
    {
      "image_path": "Always-Has-Been/Always-Has-Been_28.png",
      "label": "憤怒",
      "response_time": "00:00:04.602",
      "timestamp_unix": 1752419109,
      "timestamp_unix_ms": 1752419109233,
      "timestamp_readable": "2025-07-13 15:05:09.233",
      "normalized_name": "Always-Has-Been/Always-Has-Been",
      "meme_name": "Always-Has-Been",
      "post_id": 28,
      "english_label": "anger",
      "response_time_ms": 4602
    },
    {
      "image_path": "Mr-McMahon-reaction/Mr-McMahon-reaction_5.png",
      "label": "憤怒",
      "response_time": "00:00:05.305",
      "timestamp_unix": 1752419114,
      "timestamp_unix_ms": 1752419114634,
      "timestamp_readable": "2025-07-13 15:05:14.634",
      "normalized_name": "Mr-McMahon-reaction/Mr-McMahon-reaction",
      "meme_name": "Mr-McMahon-reaction",
      "post_id": 5,
      "english_label": "anger",
      "response_time_ms": 5305
    },
    {
      "image_path": "Charlie-Day/Charlie-Day_43.png",
      "label": "輕蔑",
      "response_time": "00:00:06.304",
      "timestamp_unix": 1752419120,
      "timestamp_unix_ms": 1752419120996,
      "timestamp_readable": "2025-07-13 15:05:20.996",
      "normalized_name": "Charlie-Day/Charlie-Day",
      "meme_name": "Charlie-Day",
      "post_id": 43,
      "english_label": "contempt",
      "response_time_ms": 6304
    },
    {
      "image_path": "Nuclear-Explosion/Nuclear-Explosion_41.png",
      "label": "其他",
      "response_time": "00:00:04.412",
      "timestamp_unix": 1752419125,
      "timestamp_unix_ms": 1752419125451,
      "timestamp_readable": "2025-07-13 15:05:25.451",
      "normalized_name": "Nuclear-Explosion/Nuclear-Explosion",
      "meme_name": "Nuclear-Explosion",
      "post_id": 41,
      "english_label": "others",
      "response_time_ms": 4412
    },
    {
      "image_path": "Thats-a-paddlin/Thats-a-paddlin_40.png",
      "label": "其他",
      "response_time": "00:00:08.108",
      "timestamp_unix": 1752419133,
      "timestamp_unix_ms": 1752419133670,
      "timestamp_readable": "2025-07-13 15:05:33.670",
      "normalized_name": "Thats-a-paddlin/Thats-a-paddlin",
      "meme_name": "Thats-a-paddlin",
      "post_id": 40,
      "english_label": "others",
      "response_time_ms": 8108
    },
    {
      "image_path": "Monkey-Puppet/Monkey-Puppet_30.png",
      "label": "其他",
      "response_time": "00:00:07.001",
      "timestamp_unix": 1752419140,
      "timestamp_unix_ms": 1752419140733,
      "timestamp_readable": "2025-07-13 15:05:40.733",
      "normalized_name": "Monkey-Puppet/Monkey-Puppet",
      "meme_name": "Monkey-Puppet",
      "post_id": 30,
      "english_label": "others",
      "response_time_ms": 7001
    },
    {
      "image_path": "Arthur-Fist/Arthur-Fist_17.png",
      "label": "憤怒",
      "response_time": "00:00:07.107",
      "timestamp_unix": 1752419147,
      "timestamp_unix_ms": 1752419147919,
      "timestamp_readable": "2025-07-13 15:05:47.919",
      "normalized_name": "Arthur-Fist/Arthur-Fist",
      "meme_name": "Arthur-Fist",
      "post_id": 17,
      "english_label": "anger",
      "response_time_ms": 7107
    },
    {
      "image_path": "Dinkleberg/Dinkleberg_9.png",
      "label": "厭惡",
      "response_time": "00:00:05.103",
      "timestamp_unix": 1752419153,
      "timestamp_unix_ms": 1752419153134,
      "timestamp_readable": "2025-07-13 15:05:53.134",
      "normalized_name": "Dinkleberg/Dinkleberg",
      "meme_name": "Dinkleberg",
      "post_id": 9,
      "english_label": "disgust",
      "response_time_ms": 5103
    },
    {
      "image_path": "Batman-Slapping-Robin/Batman-Slapping-Robin_15.png",
      "label": "憤怒",
      "response_time": "00:00:05.507",
      "timestamp_unix": 1752419158,
      "timestamp_unix_ms": 1752419158719,
      "timestamp_readable": "2025-07-13 15:05:58.719",
      "normalized_name": "Batman-Slapping-Robin/Batman-Slapping-Robin",
      "meme_name": "Batman-Slapping-Robin",
      "post_id": 15,
      "english_label": "anger",
      "response_time_ms": 5507
    },
    {
      "image_path": "Put-It-Somewhere-Else-Patrick/Put-It-Somewhere-Else-Patrick_7.png",
      "label": "其他",
      "response_time": "00:00:04.904",
      "timestamp_unix": 1752419163,
      "timestamp_unix_ms": 1752419163699,
      "timestamp_readable": "2025-07-13 15:06:03.699",
      "normalized_name": "Put-It-Somewhere-Else-Patrick/Put-It-Somewhere-Else-Patrick",
      "meme_name": "Put-It-Somewhere-Else-Patrick",
      "post_id": 7,
      "english_label": "others",
      "response_time_ms": 4904
    },
    {
      "image_path": "Khan/Khan_37.png",
      "label": "憤怒",
      "response_time": "00:00:04.611",
      "timestamp_unix": 1752419168,
      "timestamp_unix_ms": 1752419168337,
      "timestamp_readable": "2025-07-13 15:06:08.337",
      "normalized_name": "Khan/Khan",
      "meme_name": "Khan",
      "post_id": 37,
      "english_label": "anger",
      "response_time_ms": 4611
    },
    {
      "image_path": "Black-guy-hiding-behind-tree/Black-guy-hiding-behind-tree_31.png",
      "label": "其他",
      "response_time": "00:00:04.203",
      "timestamp_unix": 1752419172,
      "timestamp_unix_ms": 1752419172655,
      "timestamp_readable": "2025-07-13 15:06:12.655",
      "normalized_name": "Black-guy-hiding-behind-tree/Black-guy-hiding-behind-tree",
      "meme_name": "Black-guy-hiding-behind-tree",
      "post_id": 31,
      "english_label": "others",
      "response_time_ms": 4203
    },
    {
      "image_path": "Persian-Cat-Room-Guardian/Persian-Cat-Room-Guardian_24.png",
      "label": "其他",
      "response_time": "00:00:11.500",
      "timestamp_unix": 1752419184,
      "timestamp_unix_ms": 1752419184199,
      "timestamp_readable": "2025-07-13 15:06:24.199",
      "normalized_name": "Persian-Cat-Room-Guardian/Persian-Cat-Room-Guardian",
      "meme_name": "Persian-Cat-Room-Guardian",
      "post_id": 24,
      "english_label": "others",
      "response_time_ms": 11500
    },
    {
      "image_path": "Spiderman-Hospital/Spiderman-Hospital_19.png",
      "label": "其他",
      "response_time": "00:00:05.410",
      "timestamp_unix": 1752419189,
      "timestamp_unix_ms": 1752419189653,
      "timestamp_readable": "2025-07-13 15:06:29.653",
      "normalized_name": "Spiderman-Hospital/Spiderman-Hospital",
      "meme_name": "Spiderman-Hospital",
      "post_id": 19,
      "english_label": "others",
      "response_time_ms": 5410
    },
    {
      "image_path": "Ill-Have-You-Know-Spongebob/Ill-Have-You-Know-Spongebob_32.png",
      "label": "其他",
      "response_time": "00:00:09.103",
      "timestamp_unix": 1752419198,
      "timestamp_unix_ms": 1752419198823,
      "timestamp_readable": "2025-07-13 15:06:38.823",
      "normalized_name": "Ill-Have-You-Know-Spongebob/Ill-Have-You-Know-Spongebob",
      "meme_name": "Ill-Have-You-Know-Spongebob",
      "post_id": 32,
      "english_label": "others",
      "response_time_ms": 9103
    },
    {
      "image_path": "Table-Flip-Guy/Table-Flip-Guy_18.png",
      "label": "其他",
      "response_time": "00:00:03.705",
      "timestamp_unix": 1752419202,
      "timestamp_unix_ms": 1752419202623,
      "timestamp_readable": "2025-07-13 15:06:42.623",
      "normalized_name": "Table-Flip-Guy/Table-Flip-Guy",
      "meme_name": "Table-Flip-Guy",
      "post_id": 18,
      "english_label": "others",
      "response_time_ms": 3705
    },
    {
      "image_path": "Hold-fart/Hold-fart_36.png",
      "label": "厭惡",
      "response_time": "00:00:09.403",
      "timestamp_unix": 1752419212,
      "timestamp_unix_ms": 1752419212070,
      "timestamp_readable": "2025-07-13 15:06:52.070",
      "normalized_name": "Hold-fart/Hold-fart",
      "meme_name": "Hold-fart",
      "post_id": 36,
      "english_label": "disgust",
      "response_time_ms": 9403
    },
    {
      "image_path": "Laughing-wolf/Laughing-wolf_4.png",
      "label": "其他",
      "response_time": "00:00:09.003",
      "timestamp_unix": 1752419221,
      "timestamp_unix_ms": 1752419221184,
      "timestamp_readable": "2025-07-13 15:07:01.184",
      "normalized_name": "Laughing-wolf/Laughing-wolf",
      "meme_name": "Laughing-wolf",
      "post_id": 4,
      "english_label": "others",
      "response_time_ms": 9003
    },
    {
      "image_path": "attention_check/attention_check_Disgust.png",
      "label": "厭惡",
      "response_time": "00:00:02.203",
      "timestamp_unix": 1752419223,
      "timestamp_unix_ms": 1752419223420,
      "timestamp_readable": "2025-07-13 15:07:03.420",
      "normalized_name": "attention_check/attention_check_Disgust.png",
      "meme_name": "attention_check",
      "post_id": null,
      "english_label": "disgust",
      "response_time_ms": 2203
    },
    {
      "image_path": "I-am-once-again-asking/I-am-once-again-asking_13.png",
      "label": "憤怒",
      "response_time": "00:00:06.505",
      "timestamp_unix": 1752419230,
      "timestamp_unix_ms": 1752419230019,
      "timestamp_readable": "2025-07-13 15:07:10.019",
      "normalized_name": "I-am-once-again-asking/I-am-once-again-asking",
      "meme_name": "I-am-once-again-asking",
      "post_id": 13,
      "english_label": "anger",
      "response_time_ms": 6505
    },
    {
      "image_path": "Drake-NoYes/Drake-NoYes_38.png",
      "label": "其他",
      "response_time": "00:00:09.309",
      "timestamp_unix": 1752419239,
      "timestamp_unix_ms": 1752419239355,
      "timestamp_readable": "2025-07-13 15:07:19.355",
      "normalized_name": "Drake-NoYes/Drake-NoYes",
      "meme_name": "Drake-NoYes",
      "post_id": 38,
      "english_label": "others",
      "response_time_ms": 9309
    },
    {
      "image_path": "Im-The-Captain-Now/Im-The-Captain-Now_10.png",
      "label": "輕蔑",
      "response_time": "00:00:07.907",
      "timestamp_unix": 1752419247,
      "timestamp_unix_ms": 1752419247372,
      "timestamp_readable": "2025-07-13 15:07:27.372",
      "normalized_name": "Im-The-Captain-Now/Im-The-Captain-Now",
      "meme_name": "Im-The-Captain-Now",
      "post_id": 10,
      "english_label": "contempt",
      "response_time_ms": 7907
    },
    {
      "image_path": "Kevin-Hart/Kevin-Hart_44.png",
      "label": "其他",
      "response_time": "00:00:05.002",
      "timestamp_unix": 1752419252,
      "timestamp_unix_ms": 1752419252431,
      "timestamp_readable": "2025-07-13 15:07:32.431",
      "normalized_name": "Kevin-Hart/Kevin-Hart",
      "meme_name": "Kevin-Hart",
      "post_id": 44,
      "english_label": "others",
      "response_time_ms": 5002
    },
    {
      "image_path": "Always-you-three/Always-you-three_48.png",
      "label": "其他",
      "response_time": "00:00:06.900",
      "timestamp_unix": 1752419259,
      "timestamp_unix_ms": 1752419259454,
      "timestamp_readable": "2025-07-13 15:07:39.454",
      "normalized_name": "Always-you-three/Always-you-three",
      "meme_name": "Always-you-three",
      "post_id": 48,
      "english_label": "others",
      "response_time_ms": 6900
    },
    {
      "image_path": "Hide-the-Pain-Harold/Hide-the-Pain-Harold_1.png",
      "label": "輕蔑",
      "response_time": "00:00:05.203",
      "timestamp_unix": 1752419264,
      "timestamp_unix_ms": 1752419264754,
      "timestamp_readable": "2025-07-13 15:07:44.754",
      "normalized_name": "Hide-the-Pain-Harold/Hide-the-Pain-Harold",
      "meme_name": "Hide-the-Pain-Harold",
      "post_id": 1,
      "english_label": "contempt",
      "response_time_ms": 5203
    }
  ],
  "session_start_unix": 1752418698,
  "session_status": "completed",
  "last_updated_unix": 1752419338,
  "image_order": [
    "Spiderman-Hospital/Spiderman-Hospital_19.png",
    "Happy--Shock/Happy--Shock_50.png",
    "Chill-guy/Chill-guy_21.png",
    "I-am-once-again-asking/I-am-once-again-asking_13.png",
    "Math-ladyConfused-lady/Math-ladyConfused-lady_14.png",
    "Archer/Archer_12.png",
    "Leonardo-Dicaprio-Wolf-Of-Wall-Street/Leonardo-Dicaprio-Wolf-Of-Wall-Street_34.png",
    "Mocking-Spongebob/Mocking-Spongebob_26.png",
    "Afraid-To-Ask-Andy/Afraid-To-Ask-Andy_47.png",
    "Charlie-Day/Charlie-Day_43.png",
    "Always-Has-Been/Always-Has-Been_28.png",
    "Picard-Wtf/Picard-Wtf_20.png",
    "Batman-Slapping-Robin/Batman-Slapping-Robin_15.png",
    "For-the-better-right-blank/For-the-better-right-blank_35.png",
    "Drake-NoYes/Drake-NoYes_38.png",
    "Laughing-wolf/Laughing-wolf_4.png",
    "DJ-Pauly-D/DJ-Pauly-D_2.png",
    "Always-you-three/Always-you-three_48.png",
    "Disappointed-Man/Disappointed-Man_16.png",
    "Smudge-the-cat/Smudge-the-cat_46.png",
    "Thats-a-paddlin/Thats-a-paddlin_40.png",
    "attention_check/attention_check_Anger.png",
    "Hide-the-Pain-Harold/Hide-the-Pain-Harold_1.png",
    "Hold-fart/Hold-fart_36.png",
    "Im-The-Captain-Now/Im-The-Captain-Now_10.png",
    "Obi-Wan-Kenobi/Obi-Wan-Kenobi_6.png",
    "Spongebob-Yelling/Spongebob-Yelling_25.png",
    "Nuclear-Explosion/Nuclear-Explosion_41.png",
    "Dinkleberg/Dinkleberg_9.png",
    "Scooby-doo-mask-reveal/Scooby-doo-mask-reveal_45.png",
    "Disaster-Girl/Disaster-Girl_11.png",
    "Black-guy-hiding-behind-tree/Black-guy-hiding-behind-tree_31.png",
    "You-The-Real-MVP/You-The-Real-MVP_27.png",
    "Moe-throws-Barney/Moe-throws-Barney_22.png",
    "Ill-Have-You-Know-Spongebob/Ill-Have-You-Know-Spongebob_32.png",
    "Futurama-Fry/Futurama-Fry_39.png",
    "Monkey-Puppet/Monkey-Puppet_30.png",
    "Confused-Gandalf/Confused-Gandalf_23.png",
    "Mr-incredible-mad/Mr-incredible-mad_42.png",
    "Dave-chappelle/Dave-chappelle_29.png",
    "Surprised-Pikachu/Surprised-Pikachu_8.png",
    "Table-Flip-Guy/Table-Flip-Guy_18.png",
    "Kevin-Hart/Kevin-Hart_44.png",
    "Well-Yes-But-Actually-No/Well-Yes-But-Actually-No_33.png",
    "Mr-McMahon-reaction/Mr-McMahon-reaction_5.png",
    "attention_check/attention_check_Disgust.png",
    "Gru-Gun/Gru-Gun_49.png",
    "Persian-Cat-Room-Guardian/Persian-Cat-Room-Guardian_24.png",
    "Put-It-Somewhere-Else-Patrick/Put-It-Somewhere-Else-Patrick_7.png",
    "Angry-Baby/Angry-Baby_3.png",
    "Arthur-Fist/Arthur-Fist_17.png",
    "Khan/Khan_37.png"
  ],
  "completion_status": {
    "practice_completed": true,
    "game_started": true,
    "game_completed": true,
    "summary_viewed": true,
    "email_submitted": true
  },
  "timestamps_unix": {
    "registration_completed": 1752418698,
    "practice_started": 1752418698,
    "practice_completed": 1752418770,
    "game_started": 1752418770,
    "first_label": 1752418784,
    "last_label": 1752419264,
    "game_completed": 1752419266,
    "summary_viewed": 1752419266,
    "email_submitted": 1752419338,
    "session_end": 1752419338,
    "last_updated": 1752419338
  },
  "timestamps_unix_ms": {
    "registration_completed_ms": 1752418698400,
    "practice_started_ms": 1752418698426,
    "practice_completed_ms": 1752418770334,
    "game_started_ms": 1752418770340,
    "first_label_ms": 1752418784920,
    "last_label_ms": 1752419264754,
    "game_completed_ms": 1752419266712,
    "summary_viewed_ms": 1752419266718,
    "email_submitted_ms": 1752419338003,
    "session_end_ms": 1752419338003,
    "last_updated_ms": 1752419338003
  },
  "duration_stats_ms": {
    "total_session_duration_ms": 639603,
    "practice_duration_ms": 71908,
    "game_duration_ms": 496372,
    "labeling_duration_ms": 479834,
    "email_submission_duration_ms": 71285
  },
  "filename_updated_unix": 1752419266,
  "original_filename": "user_864cbe",
  "completion_status_in_filename": "email_submitted"
}