{
  "user_id": "user_68310b",
  "file_name": "user_68310b_1751346249_1751347270_fullycomplete",
  "unix_start_time": 1751346249,
  "unix_start_time_ms": 1751346249788,
  "unix_end_time": 1751347270,
  "unix_end_time_ms": 1751347270208,
  "age": "55+",
  "gender": "male",
  "user_agent": "Mozilla/5.0 (Windows NT 6.1) AppleWebKit/537.36 (KHTML, like Gecko) Chrome/109.0.5414.120 Safari/537.36 Avast/109.0.27749.120",
  "user_ip": "124.6.8.113",
  "status": "complete",
  "email_provided": "complete",
  "attention_passed": true,
  "start_time_readable": "2025-07-01 05:04:09.788",
  "end_time_readable": "2025-07-01 05:21:10.208",
  "total_labels": 52,
  "emotion_summary": {
    "anger": 16,
    "contempt": 9,
    "disgust": 7,
    "others": 20
  },
  "email": "eason1368@yahoo.com.tw",
  "participation": "yes",
  "total_responses": 52,
  "responses": [
    {
      "image_path": "Arthur-Fist/Arthur-Fist_36.png",
      "label": "憤怒",
      "response_time": "00:00:16.701",
      "timestamp_unix": 1751346384,
      "timestamp_unix_ms": 1751346384981,
      "timestamp_readable": "2025-07-01 05:06:24.981",
      "normalized_name": "Arthur-Fist/Arthur-Fist",
      "meme_name": "Arthur-Fist",
      "post_id": 36,
      "english_label": "anger",
      "response_time_ms": 16701
    },
    {
      "image_path": "Always-you-three/Always-you-three_21.png",
      "label": "其他",
      "response_time": "00:00:26.604",
      "timestamp_unix": 1751346411,
      "timestamp_unix_ms": 1751346411716,
      "timestamp_readable": "2025-07-01 05:06:51.716",
      "normalized_name": "Always-you-three/Always-you-three",
      "meme_name": "Always-you-three",
      "post_id": 21,
      "english_label": "others",
      "response_time_ms": 26604
    },
    {
      "image_path": "Angry-Baby/Angry-Baby_7.png",
      "label": "憤怒",
      "response_time": "00:00:15.707",
      "timestamp_unix": 1751346427,
      "timestamp_unix_ms": 1751346427542,
      "timestamp_readable": "2025-07-01 05:07:07.542",
      "normalized_name": "Angry-Baby/Angry-Baby",
      "meme_name": "Angry-Baby",
      "post_id": 7,
      "english_label": "anger",
      "response_time_ms": 15707
    },
    {
      "image_path": "Khan/Khan_16.png",
      "label": "厭惡",
      "response_time": "00:00:28.806",
      "timestamp_unix": 1751346456,
      "timestamp_unix_ms": 1751346456487,
      "timestamp_readable": "2025-07-01 05:07:36.487",
      "normalized_name": "Khan/Khan",
      "meme_name": "Khan",
      "post_id": 16,
      "english_label": "disgust",
      "response_time_ms": 28806
    },
    {
      "image_path": "Picard-Wtf/Picard-Wtf_29.png",
      "label": "輕蔑",
      "response_time": "00:00:16.705",
      "timestamp_unix": 1751346473,
      "timestamp_unix_ms": 1751346473297,
      "timestamp_readable": "2025-07-01 05:07:53.297",
      "normalized_name": "Picard-Wtf/Picard-Wtf",
      "meme_name": "Picard-Wtf",
      "post_id": 29,
      "english_label": "contempt",
      "response_time_ms": 16705
    },
    {
      "image_path": "Monkey-Puppet/Monkey-Puppet_33.png",
      "label": "其他",
      "response_time": "00:00:10.502",
      "timestamp_unix": 1751346483,
      "timestamp_unix_ms": 1751346483856,
      "timestamp_readable": "2025-07-01 05:08:03.856",
      "normalized_name": "Monkey-Puppet/Monkey-Puppet",
      "meme_name": "Monkey-Puppet",
      "post_id": 33,
      "english_label": "others",
      "response_time_ms": 10502
    },
    {
      "image_path": "Mr-McMahon-reaction/Mr-McMahon-reaction_43.png",
      "label": "輕蔑",
      "response_time": "00:00:14.602",
      "timestamp_unix": 1751346498,
      "timestamp_unix_ms": 1751346498534,
      "timestamp_readable": "2025-07-01 05:08:18.534",
      "normalized_name": "Mr-McMahon-reaction/Mr-McMahon-reaction",
      "meme_name": "Mr-McMahon-reaction",
      "post_id": 43,
      "english_label": "contempt",
      "response_time_ms": 14602
    },
    {
      "image_path": "Batman-Slapping-Robin/Batman-Slapping-Robin_14.png",
      "label": "憤怒",
      "response_time": "00:00:08.602",
      "timestamp_unix": 1751346507,
      "timestamp_unix_ms": 1751346507255,
      "timestamp_readable": "2025-07-01 05:08:27.255",
      "normalized_name": "Batman-Slapping-Robin/Batman-Slapping-Robin",
      "meme_name": "Batman-Slapping-Robin",
      "post_id": 14,
      "english_label": "anger",
      "response_time_ms": 8602
    },
    {
      "image_path": "Put-It-Somewhere-Else-Patrick/Put-It-Somewhere-Else-Patrick_17.png",
      "label": "憤怒",
      "response_time": "00:00:11.704",
      "timestamp_unix": 1751346519,
      "timestamp_unix_ms": 1751346519012,
      "timestamp_readable": "2025-07-01 05:08:39.012",
      "normalized_name": "Put-It-Somewhere-Else-Patrick/Put-It-Somewhere-Else-Patrick",
      "meme_name": "Put-It-Somewhere-Else-Patrick",
      "post_id": 17,
      "english_label": "anger",
      "response_time_ms": 11704
    },
    {
      "image_path": "Dinkleberg/Dinkleberg_49.png",
      "label": "厭惡",
      "response_time": "00:00:16.903",
      "timestamp_unix": 1751346536,
      "timestamp_unix_ms": 1751346536023,
      "timestamp_readable": "2025-07-01 05:08:56.023",
      "normalized_name": "Dinkleberg/Dinkleberg",
      "meme_name": "Dinkleberg",
      "post_id": 49,
      "english_label": "disgust",
      "response_time_ms": 16903
    },
    {
      "image_path": "Laughing-wolf/Laughing-wolf_15.png",
      "label": "其他",
      "response_time": "00:00:15.905",
      "timestamp_unix": 1751346552,
      "timestamp_unix_ms": 1751346552049,
      "timestamp_readable": "2025-07-01 05:09:12.049",
      "normalized_name": "Laughing-wolf/Laughing-wolf",
      "meme_name": "Laughing-wolf",
      "post_id": 15,
      "english_label": "others",
      "response_time_ms": 15905
    },
    {
      "image_path": "Hold-fart/Hold-fart_3.png",
      "label": "其他",
      "response_time": "00:00:17.903",
      "timestamp_unix": 1751346570,
      "timestamp_unix_ms": 1751346570009,
      "timestamp_readable": "2025-07-01 05:09:30.009",
      "normalized_name": "Hold-fart/Hold-fart",
      "meme_name": "Hold-fart",
      "post_id": 3,
      "english_label": "others",
      "response_time_ms": 17903
    },
    {
      "image_path": "Chill-guy/Chill-guy_6.png",
      "label": "其他",
      "response_time": "00:00:14.504",
      "timestamp_unix": 1751346584,
      "timestamp_unix_ms": 1751346584652,
      "timestamp_readable": "2025-07-01 05:09:44.652",
      "normalized_name": "Chill-guy/Chill-guy",
      "meme_name": "Chill-guy",
      "post_id": 6,
      "english_label": "others",
      "response_time_ms": 14504
    },
    {
      "image_path": "For-the-better-right-blank/For-the-better-right-blank_38.png",
      "label": "其他",
      "response_time": "00:00:30.207",
      "timestamp_unix": 1751346615,
      "timestamp_unix_ms": 1751346615046,
      "timestamp_readable": "2025-07-01 05:10:15.046",
      "normalized_name": "For-the-better-right-blank/For-the-better-right-blank",
      "meme_name": "For-the-better-right-blank",
      "post_id": 38,
      "english_label": "others",
      "response_time_ms": 30207
    },
    {
      "image_path": "Surprised-Pikachu/Surprised-Pikachu_24.png",
      "label": "其他",
      "response_time": "00:00:08.704",
      "timestamp_unix": 1751346623,
      "timestamp_unix_ms": 1751346623823,
      "timestamp_readable": "2025-07-01 05:10:23.823",
      "normalized_name": "Surprised-Pikachu/Surprised-Pikachu",
      "meme_name": "Surprised-Pikachu",
      "post_id": 24,
      "english_label": "others",
      "response_time_ms": 8704
    },
    {
      "image_path": "I-am-once-again-asking/I-am-once-again-asking_37.png",
      "label": "憤怒",
      "response_time": "00:00:09.202",
      "timestamp_unix": 1751346633,
      "timestamp_unix_ms": 1751346633131,
      "timestamp_readable": "2025-07-01 05:10:33.131",
      "normalized_name": "I-am-once-again-asking/I-am-once-again-asking",
      "meme_name": "I-am-once-again-asking",
      "post_id": 37,
      "english_label": "anger",
      "response_time_ms": 9202
    },
    {
      "image_path": "Kevin-Hart/Kevin-Hart_5.png",
      "label": "憤怒",
      "response_time": "00:00:14.310",
      "timestamp_unix": 1751346647,
      "timestamp_unix_ms": 1751346647526,
      "timestamp_readable": "2025-07-01 05:10:47.526",
      "normalized_name": "Kevin-Hart/Kevin-Hart",
      "meme_name": "Kevin-Hart",
      "post_id": 5,
      "english_label": "anger",
      "response_time_ms": 14310
    },
    {
      "image_path": "Confused-Gandalf/Confused-Gandalf_2.png",
      "label": "輕蔑",
      "response_time": "00:00:14.104",
      "timestamp_unix": 1751346661,
      "timestamp_unix_ms": 1751346661811,
      "timestamp_readable": "2025-07-01 05:11:01.811",
      "normalized_name": "Confused-Gandalf/Confused-Gandalf",
      "meme_name": "Confused-Gandalf",
      "post_id": 2,
      "english_label": "contempt",
      "response_time_ms": 14104
    },
    {
      "image_path": "Obi-Wan-Kenobi/Obi-Wan-Kenobi_32.png",
      "label": "其他",
      "response_time": "00:00:29.201",
      "timestamp_unix": 1751346691,
      "timestamp_unix_ms": 1751346691154,
      "timestamp_readable": "2025-07-01 05:11:31.154",
      "normalized_name": "Obi-Wan-Kenobi/Obi-Wan-Kenobi",
      "meme_name": "Obi-Wan-Kenobi",
      "post_id": 32,
      "english_label": "others",
      "response_time_ms": 29201
    },
    {
      "image_path": "Persian-Cat-Room-Guardian/Persian-Cat-Room-Guardian_4.png",
      "label": "憤怒",
      "response_time": "00:00:18.208",
      "timestamp_unix": 1751346709,
      "timestamp_unix_ms": 1751346709472,
      "timestamp_readable": "2025-07-01 05:11:49.472",
      "normalized_name": "Persian-Cat-Room-Guardian/Persian-Cat-Room-Guardian",
      "meme_name": "Persian-Cat-Room-Guardian",
      "post_id": 4,
      "english_label": "anger",
      "response_time_ms": 18208
    },
    {
      "image_path": "Spongebob-Yelling/Spongebob-Yelling_48.png",
      "label": "厭惡",
      "response_time": "00:00:23.907",
      "timestamp_unix": 1751346733,
      "timestamp_unix_ms": 1751346733469,
      "timestamp_readable": "2025-07-01 05:12:13.469",
      "normalized_name": "Spongebob-Yelling/Spongebob-Yelling",
      "meme_name": "Spongebob-Yelling",
      "post_id": 48,
      "english_label": "disgust",
      "response_time_ms": 23907
    },
    {
      "image_path": "Futurama-Fry/Futurama-Fry_39.png",
      "label": "厭惡",
      "response_time": "00:00:11.908",
      "timestamp_unix": 1751346745,
      "timestamp_unix_ms": 1751346745473,
      "timestamp_readable": "2025-07-01 05:12:25.473",
      "normalized_name": "Futurama-Fry/Futurama-Fry",
      "meme_name": "Futurama-Fry",
      "post_id": 39,
      "english_label": "disgust",
      "response_time_ms": 11908
    },
    {
      "image_path": "DJ-Pauly-D/DJ-Pauly-D_44.png",
      "label": "厭惡",
      "response_time": "00:00:12.408",
      "timestamp_unix": 1751346757,
      "timestamp_unix_ms": 1751346757955,
      "timestamp_readable": "2025-07-01 05:12:37.955",
      "normalized_name": "DJ-Pauly-D/DJ-Pauly-D",
      "meme_name": "DJ-Pauly-D",
      "post_id": 44,
      "english_label": "disgust",
      "response_time_ms": 12408
    },
    {
      "image_path": "Scooby-doo-mask-reveal/Scooby-doo-mask-reveal_19.png",
      "label": "憤怒",
      "response_time": "00:00:13.504",
      "timestamp_unix": 1751346771,
      "timestamp_unix_ms": 1751346771526,
      "timestamp_readable": "2025-07-01 05:12:51.526",
      "normalized_name": "Scooby-doo-mask-reveal/Scooby-doo-mask-reveal",
      "meme_name": "Scooby-doo-mask-reveal",
      "post_id": 19,
      "english_label": "anger",
      "response_time_ms": 13504
    },
    {
      "image_path": "attention_check/attention_check_Anger.png",
      "label": "憤怒",
      "response_time": "00:00:04.205",
      "timestamp_unix": 1751346775,
      "timestamp_unix_ms": 1751346775835,
      "timestamp_readable": "2025-07-01 05:12:55.835",
      "normalized_name": "attention_check/attention_check_Anger.png",
      "meme_name": "attention_check",
      "post_id": null,
      "english_label": "anger",
      "response_time_ms": 4205
    },
    {
      "image_path": "Black-guy-hiding-behind-tree/Black-guy-hiding-behind-tree_30.png",
      "label": "其他",
      "response_time": "00:00:11.101",
      "timestamp_unix": 1751346787,
      "timestamp_unix_ms": 1751346787079,
      "timestamp_readable": "2025-07-01 05:13:07.079",
      "normalized_name": "Black-guy-hiding-behind-tree/Black-guy-hiding-behind-tree",
      "meme_name": "Black-guy-hiding-behind-tree",
      "post_id": 30,
      "english_label": "others",
      "response_time_ms": 11101
    },
    {
      "image_path": "Disappointed-Man/Disappointed-Man_42.png",
      "label": "厭惡",
      "response_time": "00:00:14.102",
      "timestamp_unix": 1751346801,
      "timestamp_unix_ms": 1751346801253,
      "timestamp_readable": "2025-07-01 05:13:21.253",
      "normalized_name": "Disappointed-Man/Disappointed-Man",
      "meme_name": "Disappointed-Man",
      "post_id": 42,
      "english_label": "disgust",
      "response_time_ms": 14102
    },
    {
      "image_path": "Leonardo-Dicaprio-Wolf-Of-Wall-Street/Leonardo-Dicaprio-Wolf-Of-Wall-Street_23.png",
      "label": "輕蔑",
      "response_time": "00:00:16.406",
      "timestamp_unix": 1751346817,
      "timestamp_unix_ms": 1751346817809,
      "timestamp_readable": "2025-07-01 05:13:37.809",
      "normalized_name": "Leonardo-Dicaprio-Wolf-Of-Wall-Street/Leonardo-Dicaprio-Wolf-Of-Wall-Street",
      "meme_name": "Leonardo-Dicaprio-Wolf-Of-Wall-Street",
      "post_id": 23,
      "english_label": "contempt",
      "response_time_ms": 16406
    },
    {
      "image_path": "Ill-Have-You-Know-Spongebob/Ill-Have-You-Know-Spongebob_12.png",
      "label": "其他",
      "response_time": "00:00:16.200",
      "timestamp_unix": 1751346834,
      "timestamp_unix_ms": 1751346834073,
      "timestamp_readable": "2025-07-01 05:13:54.073",
      "normalized_name": "Ill-Have-You-Know-Spongebob/Ill-Have-You-Know-Spongebob",
      "meme_name": "Ill-Have-You-Know-Spongebob",
      "post_id": 12,
      "english_label": "others",
      "response_time_ms": 16200
    },
    {
      "image_path": "You-The-Real-MVP/You-The-Real-MVP_8.png",
      "label": "輕蔑",
      "response_time": "00:00:19.501",
      "timestamp_unix": 1751346853,
      "timestamp_unix_ms": 1751346853679,
      "timestamp_readable": "2025-07-01 05:14:13.679",
      "normalized_name": "You-The-Real-MVP/You-The-Real-MVP",
      "meme_name": "You-The-Real-MVP",
      "post_id": 8,
      "english_label": "contempt",
      "response_time_ms": 19501
    },
    {
      "image_path": "Well-Yes-But-Actually-No/Well-Yes-But-Actually-No_27.png",
      "label": "輕蔑",
      "response_time": "00:00:12.402",
      "timestamp_unix": 1751346866,
      "timestamp_unix_ms": 1751346866167,
      "timestamp_readable": "2025-07-01 05:14:26.167",
      "normalized_name": "Well-Yes-But-Actually-No/Well-Yes-But-Actually-No",
      "meme_name": "Well-Yes-But-Actually-No",
      "post_id": 27,
      "english_label": "contempt",
      "response_time_ms": 12402
    },
    {
      "image_path": "Archer/Archer_11.png",
      "label": "其他",
      "response_time": "00:00:11.403",
      "timestamp_unix": 1751346877,
      "timestamp_unix_ms": 1751346877713,
      "timestamp_readable": "2025-07-01 05:14:37.713",
      "normalized_name": "Archer/Archer",
      "meme_name": "Archer",
      "post_id": 11,
      "english_label": "others",
      "response_time_ms": 11403
    },
    {
      "image_path": "Im-The-Captain-Now/Im-The-Captain-Now_40.png",
      "label": "其他",
      "response_time": "00:00:20.804",
      "timestamp_unix": 1751346898,
      "timestamp_unix_ms": 1751346898603,
      "timestamp_readable": "2025-07-01 05:14:58.603",
      "normalized_name": "Im-The-Captain-Now/Im-The-Captain-Now",
      "meme_name": "Im-The-Captain-Now",
      "post_id": 40,
      "english_label": "others",
      "response_time_ms": 20804
    },
    {
      "image_path": "Always-Has-Been/Always-Has-Been_1.png",
      "label": "輕蔑",
      "response_time": "00:00:13.303",
      "timestamp_unix": 1751346912,
      "timestamp_unix_ms": 1751346912031,
      "timestamp_readable": "2025-07-01 05:15:12.031",
      "normalized_name": "Always-Has-Been/Always-Has-Been",
      "meme_name": "Always-Has-Been",
      "post_id": 1,
      "english_label": "contempt",
      "response_time_ms": 13303
    },
    {
      "image_path": "Disaster-Girl/Disaster-Girl_46.png",
      "label": "其他",
      "response_time": "00:00:32.003",
      "timestamp_unix": 1751346944,
      "timestamp_unix_ms": 1751346944157,
      "timestamp_readable": "2025-07-01 05:15:44.157",
      "normalized_name": "Disaster-Girl/Disaster-Girl",
      "meme_name": "Disaster-Girl",
      "post_id": 46,
      "english_label": "others",
      "response_time_ms": 32003
    },
    {
      "image_path": "Nuclear-Explosion/Nuclear-Explosion_22.png",
      "label": "憤怒",
      "response_time": "00:00:14.502",
      "timestamp_unix": 1751346958,
      "timestamp_unix_ms": 1751346958739,
      "timestamp_readable": "2025-07-01 05:15:58.739",
      "normalized_name": "Nuclear-Explosion/Nuclear-Explosion",
      "meme_name": "Nuclear-Explosion",
      "post_id": 22,
      "english_label": "anger",
      "response_time_ms": 14502
    },
    {
      "image_path": "Gru-Gun/Gru-Gun_20.png",
      "label": "其他",
      "response_time": "00:00:09.908",
      "timestamp_unix": 1751346968,
      "timestamp_unix_ms": 1751346968763,
      "timestamp_readable": "2025-07-01 05:16:08.763",
      "normalized_name": "Gru-Gun/Gru-Gun",
      "meme_name": "Gru-Gun",
      "post_id": 20,
      "english_label": "others",
      "response_time_ms": 9908
    },
    {
      "image_path": "Happy--Shock/Happy--Shock_13.png",
      "label": "其他",
      "response_time": "00:00:15.905",
      "timestamp_unix": 1751346984,
      "timestamp_unix_ms": 1751346984786,
      "timestamp_readable": "2025-07-01 05:16:24.786",
      "normalized_name": "Happy--Shock/Happy--Shock",
      "meme_name": "Happy--Shock",
      "post_id": 13,
      "english_label": "others",
      "response_time_ms": 15905
    },
    {
      "image_path": "Table-Flip-Guy/Table-Flip-Guy_10.png",
      "label": "憤怒",
      "response_time": "00:00:12.209",
      "timestamp_unix": 1751346997,
      "timestamp_unix_ms": 1751346997079,
      "timestamp_readable": "2025-07-01 05:16:37.079",
      "normalized_name": "Table-Flip-Guy/Table-Flip-Guy",
      "meme_name": "Table-Flip-Guy",
      "post_id": 10,
      "english_label": "anger",
      "response_time_ms": 12209
    },
    {
      "image_path": "Charlie-Day/Charlie-Day_34.png",
      "label": "憤怒",
      "response_time": "00:00:12.301",
      "timestamp_unix": 1751347009,
      "timestamp_unix_ms": 1751347009439,
      "timestamp_readable": "2025-07-01 05:16:49.439",
      "normalized_name": "Charlie-Day/Charlie-Day",
      "meme_name": "Charlie-Day",
      "post_id": 34,
      "english_label": "anger",
      "response_time_ms": 12301
    },
    {
      "image_path": "Drake-NoYes/Drake-NoYes_31.png",
      "label": "其他",
      "response_time": "00:00:24.908",
      "timestamp_unix": 1751347034,
      "timestamp_unix_ms": 1751347034487,
      "timestamp_readable": "2025-07-01 05:17:14.487",
      "normalized_name": "Drake-NoYes/Drake-NoYes",
      "meme_name": "Drake-NoYes",
      "post_id": 31,
      "english_label": "others",
      "response_time_ms": 24908
    },
    {
      "image_path": "Moe-throws-Barney/Moe-throws-Barney_50.png",
      "label": "憤怒",
      "response_time": "00:00:21.605",
      "timestamp_unix": 1751347056,
      "timestamp_unix_ms": 1751347056280,
      "timestamp_readable": "2025-07-01 05:17:36.280",
      "normalized_name": "Moe-throws-Barney/Moe-throws-Barney",
      "meme_name": "Moe-throws-Barney",
      "post_id": 50,
      "english_label": "anger",
      "response_time_ms": 21605
    },
    {
      "image_path": "Smudge-the-cat/Smudge-the-cat_28.png",
      "label": "憤怒",
      "response_time": "00:00:14.606",
      "timestamp_unix": 1751347071,
      "timestamp_unix_ms": 1751347071033,
      "timestamp_readable": "2025-07-01 05:17:51.033",
      "normalized_name": "Smudge-the-cat/Smudge-the-cat",
      "meme_name": "Smudge-the-cat",
      "post_id": 28,
      "english_label": "anger",
      "response_time_ms": 14606
    },
    {
      "image_path": "Thats-a-paddlin/Thats-a-paddlin_26.png",
      "label": "憤怒",
      "response_time": "00:00:07.503",
      "timestamp_unix": 1751347078,
      "timestamp_unix_ms": 1751347078641,
      "timestamp_readable": "2025-07-01 05:17:58.641",
      "normalized_name": "Thats-a-paddlin/Thats-a-paddlin",
      "meme_name": "Thats-a-paddlin",
      "post_id": 26,
      "english_label": "anger",
      "response_time_ms": 7503
    },
    {
      "image_path": "Spiderman-Hospital/Spiderman-Hospital_45.png",
      "label": "其他",
      "response_time": "00:00:23.508",
      "timestamp_unix": 1751347102,
      "timestamp_unix_ms": 1751347102277,
      "timestamp_readable": "2025-07-01 05:18:22.277",
      "normalized_name": "Spiderman-Hospital/Spiderman-Hospital",
      "meme_name": "Spiderman-Hospital",
      "post_id": 45,
      "english_label": "others",
      "response_time_ms": 23508
    },
    {
      "image_path": "Hide-the-Pain-Harold/Hide-the-Pain-Harold_47.png",
      "label": "輕蔑",
      "response_time": "00:00:09.706",
      "timestamp_unix": 1751347112,
      "timestamp_unix_ms": 1751347112145,
      "timestamp_readable": "2025-07-01 05:18:32.145",
      "normalized_name": "Hide-the-Pain-Harold/Hide-the-Pain-Harold",
      "meme_name": "Hide-the-Pain-Harold",
      "post_id": 47,
      "english_label": "contempt",
      "response_time_ms": 9706
    },
    {
      "image_path": "Dave-chappelle/Dave-chappelle_25.png",
      "label": "其他",
      "response_time": "00:00:22.406",
      "timestamp_unix": 1751347134,
      "timestamp_unix_ms": 1751347134665,
      "timestamp_readable": "2025-07-01 05:18:54.665",
      "normalized_name": "Dave-chappelle/Dave-chappelle",
      "meme_name": "Dave-chappelle",
      "post_id": 25,
      "english_label": "others",
      "response_time_ms": 22406
    },
    {
      "image_path": "Mr-incredible-mad/Mr-incredible-mad_35.png",
      "label": "憤怒",
      "response_time": "00:00:15.302",
      "timestamp_unix": 1751347150,
      "timestamp_unix_ms": 1751347150064,
      "timestamp_readable": "2025-07-01 05:19:10.064",
      "normalized_name": "Mr-incredible-mad/Mr-incredible-mad",
      "meme_name": "Mr-incredible-mad",
      "post_id": 35,
      "english_label": "anger",
      "response_time_ms": 15302
    },
    {
      "image_path": "Afraid-To-Ask-Andy/Afraid-To-Ask-Andy_9.png",
      "label": "其他",
      "response_time": "00:00:08.409",
      "timestamp_unix": 1751347158,
      "timestamp_unix_ms": 1751347158565,
      "timestamp_readable": "2025-07-01 05:19:18.565",
      "normalized_name": "Afraid-To-Ask-Andy/Afraid-To-Ask-Andy",
      "meme_name": "Afraid-To-Ask-Andy",
      "post_id": 9,
      "english_label": "others",
      "response_time_ms": 8409
    },
    {
      "image_path": "Math-ladyConfused-lady/Math-ladyConfused-lady_18.png",
      "label": "其他",
      "response_time": "00:00:15.401",
      "timestamp_unix": 1751347174,
      "timestamp_unix_ms": 1751347174281,
      "timestamp_readable": "2025-07-01 05:19:34.281",
      "normalized_name": "Math-ladyConfused-lady/Math-ladyConfused-lady",
      "meme_name": "Math-ladyConfused-lady",
      "post_id": 18,
      "english_label": "others",
      "response_time_ms": 15401
    },
    {
      "image_path": "attention_check/attention_check_Disgust.png",
      "label": "厭惡",
      "response_time": "00:00:03.703",
      "timestamp_unix": 1751347178,
      "timestamp_unix_ms": 1751347178092,
      "timestamp_readable": "2025-07-01 05:19:38.092",
      "normalized_name": "attention_check/attention_check_Disgust.png",
      "meme_name": "attention_check",
      "post_id": null,
      "english_label": "disgust",
      "response_time_ms": 3703
    },
    {
      "image_path": "Mocking-Spongebob/Mocking-Spongebob_41.png",
      "label": "輕蔑",
      "response_time": "00:00:21.306",
      "timestamp_unix": 1751347199,
      "timestamp_unix_ms": 1751347199538,
      "timestamp_readable": "2025-07-01 05:19:59.538",
      "normalized_name": "Mocking-Spongebob/Mocking-Spongebob",
      "meme_name": "Mocking-Spongebob",
      "post_id": 41,
      "english_label": "contempt",
      "response_time_ms": 21306
    }
  ],
  "session_start_unix": 1751346249,
  "session_status": "completed",
  "last_updated_unix": 1751347270,
  "image_order": [
    "Spiderman-Hospital/Spiderman-Hospital_45.png",
    "Happy--Shock/Happy--Shock_13.png",
    "Chill-guy/Chill-guy_6.png",
    "I-am-once-again-asking/I-am-once-again-asking_37.png",
    "Math-ladyConfused-lady/Math-ladyConfused-lady_18.png",
    "Archer/Archer_11.png",
    "Leonardo-Dicaprio-Wolf-Of-Wall-Street/Leonardo-Dicaprio-Wolf-Of-Wall-Street_23.png",
    "Mocking-Spongebob/Mocking-Spongebob_41.png",
    "Afraid-To-Ask-Andy/Afraid-To-Ask-Andy_9.png",
    "Charlie-Day/Charlie-Day_34.png",
    "Always-Has-Been/Always-Has-Been_1.png",
    "Picard-Wtf/Picard-Wtf_29.png",
    "Batman-Slapping-Robin/Batman-Slapping-Robin_14.png",
    "For-the-better-right-blank/For-the-better-right-blank_38.png",
    "Drake-NoYes/Drake-NoYes_31.png",
    "Laughing-wolf/Laughing-wolf_15.png",
    "DJ-Pauly-D/DJ-Pauly-D_44.png",
    "Always-you-three/Always-you-three_21.png",
    "Disappointed-Man/Disappointed-Man_42.png",
    "Smudge-the-cat/Smudge-the-cat_28.png",
    "Thats-a-paddlin/Thats-a-paddlin_26.png",
    "Hide-the-Pain-Harold/Hide-the-Pain-Harold_47.png",
    "Hold-fart/Hold-fart_3.png",
    "Im-The-Captain-Now/Im-The-Captain-Now_40.png",
    "attention_check/attention_check_Anger.png",
    "Obi-Wan-Kenobi/Obi-Wan-Kenobi_32.png",
    "Spongebob-Yelling/Spongebob-Yelling_48.png",
    "Nuclear-Explosion/Nuclear-Explosion_22.png",
    "Dinkleberg/Dinkleberg_49.png",
    "Scooby-doo-mask-reveal/Scooby-doo-mask-reveal_19.png",
    "Disaster-Girl/Disaster-Girl_46.png",
    "Black-guy-hiding-behind-tree/Black-guy-hiding-behind-tree_30.png",
    "You-The-Real-MVP/You-The-Real-MVP_8.png",
    "Moe-throws-Barney/Moe-throws-Barney_50.png",
    "Ill-Have-You-Know-Spongebob/Ill-Have-You-Know-Spongebob_12.png",
    "Futurama-Fry/Futurama-Fry_39.png",
    "Monkey-Puppet/Monkey-Puppet_33.png",
    "Confused-Gandalf/Confused-Gandalf_2.png",
    "Mr-incredible-mad/Mr-incredible-mad_35.png",
    "Dave-chappelle/Dave-chappelle_25.png",
    "Surprised-Pikachu/Surprised-Pikachu_24.png",
    "Table-Flip-Guy/Table-Flip-Guy_10.png",
    "Kevin-Hart/Kevin-Hart_5.png",
    "Well-Yes-But-Actually-No/Well-Yes-But-Actually-No_27.png",
    "Mr-McMahon-reaction/Mr-McMahon-reaction_43.png",
    "Gru-Gun/Gru-Gun_20.png",
    "Persian-Cat-Room-Guardian/Persian-Cat-Room-Guardian_4.png",
    "Put-It-Somewhere-Else-Patrick/Put-It-Somewhere-Else-Patrick_17.png",
    "Angry-Baby/Angry-Baby_7.png",
    "Arthur-Fist/Arthur-Fist_36.png",
    "attention_check/attention_check_Disgust.png",
    "Khan/Khan_16.png"
  ],
  "completion_status": {
    "practice_completed": true,
    "game_started": true,
    "game_completed": true,
    "summary_viewed": true,
    "email_submitted": true
  },
  "timestamps_unix": {
    "registration_completed": 1751346249,
    "practice_started": 1751346249,
    "practice_completed": 1751346367,
    "game_started": 1751346367,
    "first_label": 1751346384,
    "last_label": 1751347199,
    "game_completed": 1751347206,
    "summary_viewed": 1751347206,
    "email_submitted": 1751347270,
    "session_end": 1751347270,
    "last_updated": 1751347270
  },
  "timestamps_unix_ms": {
    "registration_completed_ms": 1751346249788,
    "practice_started_ms": 1751346249833,
    "practice_completed_ms": 1751346367924,
    "game_started_ms": 1751346367935,
    "first_label_ms": 1751346384981,
    "last_label_ms": 1751347199538,
    "game_completed_ms": 1751347206620,
    "summary_viewed_ms": 1751347206632,
    "email_submitted_ms": 1751347270196,
    "session_end_ms": 1751347270196,
    "last_updated_ms": 1751347270196
  },
  "duration_stats_ms": {
    "total_session_duration_ms": 1020408,
    "practice_duration_ms": 118091,
    "game_duration_ms": 838685,
    "labeling_duration_ms": 814557,
    "email_submission_duration_ms": 63564
  },
  "filename_updated_unix": 1751347206,
  "original_filename": "user_68310b",
  "completion_status_in_filename": "email_submitted"
}