{
  "user_id": "user_54714e",
  "file_name": "user_54714e_1751644855_1751645197_fullycomplete",
  "unix_start_time": 1751644855,
  "unix_start_time_ms": 1751644855539,
  "unix_end_time": 1751645197,
  "unix_end_time_ms": 1751645197953,
  "age": "25-29",
  "gender": "male",
  "user_agent": "Mozilla/5.0 (Windows NT 10.0; Win64; x64) AppleWebKit/537.36 (KHTML, like Gecko) Chrome/133.0.0.0 Safari/537.36",
  "user_ip": "101.10.94.178",
  "status": "complete",
  "email_provided": "complete",
  "attention_passed": true,
  "start_time_readable": "2025-07-04 16:00:55.539",
  "end_time_readable": "2025-07-04 16:06:37.953",
  "total_labels": 52,
  "emotion_summary": {
    "anger": 7,
    "contempt": 24,
    "disgust": 5,
    "others": 16
  },
  "email": "isisgreat0@gmail.com",
  "participation": "yes",
  "total_responses": 52,
  "responses": [
    {
      "image_path": "Mocking-Spongebob/Mocking-Spongebob_16.png",
      "label": "輕蔑",
      "response_time": "00:00:08.806",
      "timestamp_unix": 1751644935,
      "timestamp_unix_ms": 1751644935567,
      "timestamp_readable": "2025-07-04 16:02:15.567",
      "normalized_name": "Mocking-Spongebob/Mocking-Spongebob",
      "meme_name": "Mocking-Spongebob",
      "post_id": 16,
      "english_label": "contempt",
      "response_time_ms": 8806
    },
    {
      "image_path": "Chill-guy/Chill-guy_30.png",
      "label": "其他",
      "response_time": "00:00:03.801",
      "timestamp_unix": 1751644939,
      "timestamp_unix_ms": 1751644939442,
      "timestamp_readable": "2025-07-04 16:02:19.442",
      "normalized_name": "Chill-guy/Chill-guy",
      "meme_name": "Chill-guy",
      "post_id": 30,
      "english_label": "others",
      "response_time_ms": 3801
    },
    {
      "image_path": "Angry-Baby/Angry-Baby_15.png",
      "label": "憤怒",
      "response_time": "00:00:03.601",
      "timestamp_unix": 1751644943,
      "timestamp_unix_ms": 1751644943131,
      "timestamp_readable": "2025-07-04 16:02:23.131",
      "normalized_name": "Angry-Baby/Angry-Baby",
      "meme_name": "Angry-Baby",
      "post_id": 15,
      "english_label": "anger",
      "response_time_ms": 3601
    },
    {
      "image_path": "Obi-Wan-Kenobi/Obi-Wan-Kenobi_18.png",
      "label": "其他",
      "response_time": "00:00:03.802",
      "timestamp_unix": 1751644947,
      "timestamp_unix_ms": 1751644947004,
      "timestamp_readable": "2025-07-04 16:02:27.004",
      "normalized_name": "Obi-Wan-Kenobi/Obi-Wan-Kenobi",
      "meme_name": "Obi-Wan-Kenobi",
      "post_id": 18,
      "english_label": "others",
      "response_time_ms": 3802
    },
    {
      "image_path": "Gru-Gun/Gru-Gun_1.png",
      "label": "其他",
      "response_time": "00:00:06.202",
      "timestamp_unix": 1751644953,
      "timestamp_unix_ms": 1751644953406,
      "timestamp_readable": "2025-07-04 16:02:33.406",
      "normalized_name": "Gru-Gun/Gru-Gun",
      "meme_name": "Gru-Gun",
      "post_id": 1,
      "english_label": "others",
      "response_time_ms": 6202
    },
    {
      "image_path": "Put-It-Somewhere-Else-Patrick/Put-It-Somewhere-Else-Patrick_12.png",
      "label": "輕蔑",
      "response_time": "00:00:08.413",
      "timestamp_unix": 1751644961,
      "timestamp_unix_ms": 1751644961887,
      "timestamp_readable": "2025-07-04 16:02:41.887",
      "normalized_name": "Put-It-Somewhere-Else-Patrick/Put-It-Somewhere-Else-Patrick",
      "meme_name": "Put-It-Somewhere-Else-Patrick",
      "post_id": 12,
      "english_label": "contempt",
      "response_time_ms": 8413
    },
    {
      "image_path": "Spiderman-Hospital/Spiderman-Hospital_37.png",
      "label": "輕蔑",
      "response_time": "00:00:03.901",
      "timestamp_unix": 1751644965,
      "timestamp_unix_ms": 1751644965974,
      "timestamp_readable": "2025-07-04 16:02:45.974",
      "normalized_name": "Spiderman-Hospital/Spiderman-Hospital",
      "meme_name": "Spiderman-Hospital",
      "post_id": 37,
      "english_label": "contempt",
      "response_time_ms": 3901
    },
    {
      "image_path": "Thats-a-paddlin/Thats-a-paddlin_22.png",
      "label": "輕蔑",
      "response_time": "00:00:05.813",
      "timestamp_unix": 1751644971,
      "timestamp_unix_ms": 1751644971856,
      "timestamp_readable": "2025-07-04 16:02:51.856",
      "normalized_name": "Thats-a-paddlin/Thats-a-paddlin",
      "meme_name": "Thats-a-paddlin",
      "post_id": 22,
      "english_label": "contempt",
      "response_time_ms": 5813
    },
    {
      "image_path": "Monkey-Puppet/Monkey-Puppet_9.png",
      "label": "輕蔑",
      "response_time": "00:00:03.400",
      "timestamp_unix": 1751644975,
      "timestamp_unix_ms": 1751644975407,
      "timestamp_readable": "2025-07-04 16:02:55.407",
      "normalized_name": "Monkey-Puppet/Monkey-Puppet",
      "meme_name": "Monkey-Puppet",
      "post_id": 9,
      "english_label": "contempt",
      "response_time_ms": 3400
    },
    {
      "image_path": "Disappointed-Man/Disappointed-Man_26.png",
      "label": "厭惡",
      "response_time": "00:00:04.402",
      "timestamp_unix": 1751644979,
      "timestamp_unix_ms": 1751644979905,
      "timestamp_readable": "2025-07-04 16:02:59.905",
      "normalized_name": "Disappointed-Man/Disappointed-Man",
      "meme_name": "Disappointed-Man",
      "post_id": 26,
      "english_label": "disgust",
      "response_time_ms": 4402
    },
    {
      "image_path": "Persian-Cat-Room-Guardian/Persian-Cat-Room-Guardian_13.png",
      "label": "輕蔑",
      "response_time": "00:00:07.301",
      "timestamp_unix": 1751644987,
      "timestamp_unix_ms": 1751644987347,
      "timestamp_readable": "2025-07-04 16:03:07.347",
      "normalized_name": "Persian-Cat-Room-Guardian/Persian-Cat-Room-Guardian",
      "meme_name": "Persian-Cat-Room-Guardian",
      "post_id": 13,
      "english_label": "contempt",
      "response_time_ms": 7301
    },
    {
      "image_path": "Confused-Gandalf/Confused-Gandalf_28.png",
      "label": "輕蔑",
      "response_time": "00:00:06.407",
      "timestamp_unix": 1751644993,
      "timestamp_unix_ms": 1751644993887,
      "timestamp_readable": "2025-07-04 16:03:13.887",
      "normalized_name": "Confused-Gandalf/Confused-Gandalf",
      "meme_name": "Confused-Gandalf",
      "post_id": 28,
      "english_label": "contempt",
      "response_time_ms": 6407
    },
    {
      "image_path": "Disaster-Girl/Disaster-Girl_23.png",
      "label": "厭惡",
      "response_time": "00:00:06.113",
      "timestamp_unix": 1751645000,
      "timestamp_unix_ms": 1751645000209,
      "timestamp_readable": "2025-07-04 16:03:20.209",
      "normalized_name": "Disaster-Girl/Disaster-Girl",
      "meme_name": "Disaster-Girl",
      "post_id": 23,
      "english_label": "disgust",
      "response_time_ms": 6113
    },
    {
      "image_path": "Smudge-the-cat/Smudge-the-cat_33.png",
      "label": "輕蔑",
      "response_time": "00:00:10.110",
      "timestamp_unix": 1751645010,
      "timestamp_unix_ms": 1751645010519,
      "timestamp_readable": "2025-07-04 16:03:30.519",
      "normalized_name": "Smudge-the-cat/Smudge-the-cat",
      "meme_name": "Smudge-the-cat",
      "post_id": 33,
      "english_label": "contempt",
      "response_time_ms": 10110
    },
    {
      "image_path": "Archer/Archer_42.png",
      "label": "其他",
      "response_time": "00:00:02.504",
      "timestamp_unix": 1751645013,
      "timestamp_unix_ms": 1751645013128,
      "timestamp_readable": "2025-07-04 16:03:33.128",
      "normalized_name": "Archer/Archer",
      "meme_name": "Archer",
      "post_id": 42,
      "english_label": "others",
      "response_time_ms": 2504
    },
    {
      "image_path": "Always-Has-Been/Always-Has-Been_5.png",
      "label": "輕蔑",
      "response_time": "00:00:05.203",
      "timestamp_unix": 1751645018,
      "timestamp_unix_ms": 1751645018503,
      "timestamp_readable": "2025-07-04 16:03:38.503",
      "normalized_name": "Always-Has-Been/Always-Has-Been",
      "meme_name": "Always-Has-Been",
      "post_id": 5,
      "english_label": "contempt",
      "response_time_ms": 5203
    },
    {
      "image_path": "Leonardo-Dicaprio-Wolf-Of-Wall-Street/Leonardo-Dicaprio-Wolf-Of-Wall-Street_29.png",
      "label": "輕蔑",
      "response_time": "00:00:02.804",
      "timestamp_unix": 1751645021,
      "timestamp_unix_ms": 1751645021463,
      "timestamp_readable": "2025-07-04 16:03:41.463",
      "normalized_name": "Leonardo-Dicaprio-Wolf-Of-Wall-Street/Leonardo-Dicaprio-Wolf-Of-Wall-Street",
      "meme_name": "Leonardo-Dicaprio-Wolf-Of-Wall-Street",
      "post_id": 29,
      "english_label": "contempt",
      "response_time_ms": 2804
    },
    {
      "image_path": "Mr-incredible-mad/Mr-incredible-mad_38.png",
      "label": "輕蔑",
      "response_time": "00:00:05.205",
      "timestamp_unix": 1751645026,
      "timestamp_unix_ms": 1751645026759,
      "timestamp_readable": "2025-07-04 16:03:46.759",
      "normalized_name": "Mr-incredible-mad/Mr-incredible-mad",
      "meme_name": "Mr-incredible-mad",
      "post_id": 38,
      "english_label": "contempt",
      "response_time_ms": 5205
    },
    {
      "image_path": "Laughing-wolf/Laughing-wolf_34.png",
      "label": "輕蔑",
      "response_time": "00:00:04.402",
      "timestamp_unix": 1751645031,
      "timestamp_unix_ms": 1751645031293,
      "timestamp_readable": "2025-07-04 16:03:51.293",
      "normalized_name": "Laughing-wolf/Laughing-wolf",
      "meme_name": "Laughing-wolf",
      "post_id": 34,
      "english_label": "contempt",
      "response_time_ms": 4402
    },
    {
      "image_path": "Scooby-doo-mask-reveal/Scooby-doo-mask-reveal_10.png",
      "label": "輕蔑",
      "response_time": "00:00:06.200",
      "timestamp_unix": 1751645037,
      "timestamp_unix_ms": 1751645037725,
      "timestamp_readable": "2025-07-04 16:03:57.725",
      "normalized_name": "Scooby-doo-mask-reveal/Scooby-doo-mask-reveal",
      "meme_name": "Scooby-doo-mask-reveal",
      "post_id": 10,
      "english_label": "contempt",
      "response_time_ms": 6200
    },
    {
      "image_path": "Kevin-Hart/Kevin-Hart_32.png",
      "label": "其他",
      "response_time": "00:00:03.303",
      "timestamp_unix": 1751645041,
      "timestamp_unix_ms": 1751645041264,
      "timestamp_readable": "2025-07-04 16:04:01.264",
      "normalized_name": "Kevin-Hart/Kevin-Hart",
      "meme_name": "Kevin-Hart",
      "post_id": 32,
      "english_label": "others",
      "response_time_ms": 3303
    },
    {
      "image_path": "Mr-McMahon-reaction/Mr-McMahon-reaction_21.png",
      "label": "厭惡",
      "response_time": "00:00:04.000",
      "timestamp_unix": 1751645045,
      "timestamp_unix_ms": 1751645045450,
      "timestamp_readable": "2025-07-04 16:04:05.450",
      "normalized_name": "Mr-McMahon-reaction/Mr-McMahon-reaction",
      "meme_name": "Mr-McMahon-reaction",
      "post_id": 21,
      "english_label": "disgust",
      "response_time_ms": 4000
    },
    {
      "image_path": "Hide-the-Pain-Harold/Hide-the-Pain-Harold_27.png",
      "label": "厭惡",
      "response_time": "00:00:03.605",
      "timestamp_unix": 1751645049,
      "timestamp_unix_ms": 1751645049151,
      "timestamp_readable": "2025-07-04 16:04:09.151",
      "normalized_name": "Hide-the-Pain-Harold/Hide-the-Pain-Harold",
      "meme_name": "Hide-the-Pain-Harold",
      "post_id": 27,
      "english_label": "disgust",
      "response_time_ms": 3605
    },
    {
      "image_path": "Nuclear-Explosion/Nuclear-Explosion_44.png",
      "label": "憤怒",
      "response_time": "00:00:03.305",
      "timestamp_unix": 1751645052,
      "timestamp_unix_ms": 1751645052648,
      "timestamp_readable": "2025-07-04 16:04:12.648",
      "normalized_name": "Nuclear-Explosion/Nuclear-Explosion",
      "meme_name": "Nuclear-Explosion",
      "post_id": 44,
      "english_label": "anger",
      "response_time_ms": 3305
    },
    {
      "image_path": "You-The-Real-MVP/You-The-Real-MVP_41.png",
      "label": "其他",
      "response_time": "00:00:04.705",
      "timestamp_unix": 1751645057,
      "timestamp_unix_ms": 1751645057477,
      "timestamp_readable": "2025-07-04 16:04:17.477",
      "normalized_name": "You-The-Real-MVP/You-The-Real-MVP",
      "meme_name": "You-The-Real-MVP",
      "post_id": 41,
      "english_label": "others",
      "response_time_ms": 4705
    },
    {
      "image_path": "attention_check/attention_check_Anger.png",
      "label": "憤怒",
      "response_time": "00:00:02.201",
      "timestamp_unix": 1751645059,
      "timestamp_unix_ms": 1751645059784,
      "timestamp_readable": "2025-07-04 16:04:19.784",
      "normalized_name": "attention_check/attention_check_Anger.png",
      "meme_name": "attention_check",
      "post_id": null,
      "english_label": "anger",
      "response_time_ms": 2201
    },
    {
      "image_path": "Charlie-Day/Charlie-Day_2.png",
      "label": "輕蔑",
      "response_time": "00:00:06.901",
      "timestamp_unix": 1751645066,
      "timestamp_unix_ms": 1751645066885,
      "timestamp_readable": "2025-07-04 16:04:26.885",
      "normalized_name": "Charlie-Day/Charlie-Day",
      "meme_name": "Charlie-Day",
      "post_id": 2,
      "english_label": "contempt",
      "response_time_ms": 6901
    },
    {
      "image_path": "Drake-NoYes/Drake-NoYes_36.png",
      "label": "輕蔑",
      "response_time": "00:00:06.805",
      "timestamp_unix": 1751645073,
      "timestamp_unix_ms": 1751645073858,
      "timestamp_readable": "2025-07-04 16:04:33.858",
      "normalized_name": "Drake-NoYes/Drake-NoYes",
      "meme_name": "Drake-NoYes",
      "post_id": 36,
      "english_label": "contempt",
      "response_time_ms": 6805
    },
    {
      "image_path": "Surprised-Pikachu/Surprised-Pikachu_7.png",
      "label": "其他",
      "response_time": "00:00:09.313",
      "timestamp_unix": 1751645083,
      "timestamp_unix_ms": 1751645083259,
      "timestamp_readable": "2025-07-04 16:04:43.259",
      "normalized_name": "Surprised-Pikachu/Surprised-Pikachu",
      "meme_name": "Surprised-Pikachu",
      "post_id": 7,
      "english_label": "others",
      "response_time_ms": 9313
    },
    {
      "image_path": "DJ-Pauly-D/DJ-Pauly-D_17.png",
      "label": "憤怒",
      "response_time": "00:00:03.105",
      "timestamp_unix": 1751645086,
      "timestamp_unix_ms": 1751645086517,
      "timestamp_readable": "2025-07-04 16:04:46.517",
      "normalized_name": "DJ-Pauly-D/DJ-Pauly-D",
      "meme_name": "DJ-Pauly-D",
      "post_id": 17,
      "english_label": "anger",
      "response_time_ms": 3105
    },
    {
      "image_path": "Moe-throws-Barney/Moe-throws-Barney_14.png",
      "label": "憤怒",
      "response_time": "00:00:03.100",
      "timestamp_unix": 1751645089,
      "timestamp_unix_ms": 1751645089763,
      "timestamp_readable": "2025-07-04 16:04:49.763",
      "normalized_name": "Moe-throws-Barney/Moe-throws-Barney",
      "meme_name": "Moe-throws-Barney",
      "post_id": 14,
      "english_label": "anger",
      "response_time_ms": 3100
    },
    {
      "image_path": "Picard-Wtf/Picard-Wtf_46.png",
      "label": "憤怒",
      "response_time": "00:00:06.202",
      "timestamp_unix": 1751645096,
      "timestamp_unix_ms": 1751645096108,
      "timestamp_readable": "2025-07-04 16:04:56.108",
      "normalized_name": "Picard-Wtf/Picard-Wtf",
      "meme_name": "Picard-Wtf",
      "post_id": 46,
      "english_label": "anger",
      "response_time_ms": 6202
    },
    {
      "image_path": "Math-ladyConfused-lady/Math-ladyConfused-lady_6.png",
      "label": "輕蔑",
      "response_time": "00:00:04.200",
      "timestamp_unix": 1751645100,
      "timestamp_unix_ms": 1751645100448,
      "timestamp_readable": "2025-07-04 16:05:00.448",
      "normalized_name": "Math-ladyConfused-lady/Math-ladyConfused-lady",
      "meme_name": "Math-ladyConfused-lady",
      "post_id": 6,
      "english_label": "contempt",
      "response_time_ms": 4200
    },
    {
      "image_path": "Spongebob-Yelling/Spongebob-Yelling_48.png",
      "label": "其他",
      "response_time": "00:00:03.604",
      "timestamp_unix": 1751645104,
      "timestamp_unix_ms": 1751645104267,
      "timestamp_readable": "2025-07-04 16:05:04.267",
      "normalized_name": "Spongebob-Yelling/Spongebob-Yelling",
      "meme_name": "Spongebob-Yelling",
      "post_id": 48,
      "english_label": "others",
      "response_time_ms": 3604
    },
    {
      "image_path": "Arthur-Fist/Arthur-Fist_43.png",
      "label": "憤怒",
      "response_time": "00:00:04.803",
      "timestamp_unix": 1751645109,
      "timestamp_unix_ms": 1751645109289,
      "timestamp_readable": "2025-07-04 16:05:09.289",
      "normalized_name": "Arthur-Fist/Arthur-Fist",
      "meme_name": "Arthur-Fist",
      "post_id": 43,
      "english_label": "anger",
      "response_time_ms": 4803
    },
    {
      "image_path": "Ill-Have-You-Know-Spongebob/Ill-Have-You-Know-Spongebob_49.png",
      "label": "厭惡",
      "response_time": "00:00:04.802",
      "timestamp_unix": 1751645114,
      "timestamp_unix_ms": 1751645114192,
      "timestamp_readable": "2025-07-04 16:05:14.192",
      "normalized_name": "Ill-Have-You-Know-Spongebob/Ill-Have-You-Know-Spongebob",
      "meme_name": "Ill-Have-You-Know-Spongebob",
      "post_id": 49,
      "english_label": "disgust",
      "response_time_ms": 4802
    },
    {
      "image_path": "Im-The-Captain-Now/Im-The-Captain-Now_39.png",
      "label": "其他",
      "response_time": "00:00:04.904",
      "timestamp_unix": 1751645119,
      "timestamp_unix_ms": 1751645119342,
      "timestamp_readable": "2025-07-04 16:05:19.342",
      "normalized_name": "Im-The-Captain-Now/Im-The-Captain-Now",
      "meme_name": "Im-The-Captain-Now",
      "post_id": 39,
      "english_label": "others",
      "response_time_ms": 4904
    },
    {
      "image_path": "Well-Yes-But-Actually-No/Well-Yes-But-Actually-No_4.png",
      "label": "輕蔑",
      "response_time": "00:00:04.303",
      "timestamp_unix": 1751645123,
      "timestamp_unix_ms": 1751645123765,
      "timestamp_readable": "2025-07-04 16:05:23.765",
      "normalized_name": "Well-Yes-But-Actually-No/Well-Yes-But-Actually-No",
      "meme_name": "Well-Yes-But-Actually-No",
      "post_id": 4,
      "english_label": "contempt",
      "response_time_ms": 4303
    },
    {
      "image_path": "Black-guy-hiding-behind-tree/Black-guy-hiding-behind-tree_24.png",
      "label": "輕蔑",
      "response_time": "00:00:02.810",
      "timestamp_unix": 1751645126,
      "timestamp_unix_ms": 1751645126711,
      "timestamp_readable": "2025-07-04 16:05:26.711",
      "normalized_name": "Black-guy-hiding-behind-tree/Black-guy-hiding-behind-tree",
      "meme_name": "Black-guy-hiding-behind-tree",
      "post_id": 24,
      "english_label": "contempt",
      "response_time_ms": 2810
    },
    {
      "image_path": "Afraid-To-Ask-Andy/Afraid-To-Ask-Andy_20.png",
      "label": "其他",
      "response_time": "00:00:04.304",
      "timestamp_unix": 1751645131,
      "timestamp_unix_ms": 1751645131234,
      "timestamp_readable": "2025-07-04 16:05:31.234",
      "normalized_name": "Afraid-To-Ask-Andy/Afraid-To-Ask-Andy",
      "meme_name": "Afraid-To-Ask-Andy",
      "post_id": 20,
      "english_label": "others",
      "response_time_ms": 4304
    },
    {
      "image_path": "Batman-Slapping-Robin/Batman-Slapping-Robin_19.png",
      "label": "輕蔑",
      "response_time": "00:00:02.601",
      "timestamp_unix": 1751645134,
      "timestamp_unix_ms": 1751645134039,
      "timestamp_readable": "2025-07-04 16:05:34.039",
      "normalized_name": "Batman-Slapping-Robin/Batman-Slapping-Robin",
      "meme_name": "Batman-Slapping-Robin",
      "post_id": 19,
      "english_label": "contempt",
      "response_time_ms": 2601
    },
    {
      "image_path": "For-the-better-right-blank/For-the-better-right-blank_8.png",
      "label": "輕蔑",
      "response_time": "00:00:06.406",
      "timestamp_unix": 1751645140,
      "timestamp_unix_ms": 1751645140573,
      "timestamp_readable": "2025-07-04 16:05:40.573",
      "normalized_name": "For-the-better-right-blank/For-the-better-right-blank",
      "meme_name": "For-the-better-right-blank",
      "post_id": 8,
      "english_label": "contempt",
      "response_time_ms": 6406
    },
    {
      "image_path": "Dinkleberg/Dinkleberg_31.png",
      "label": "其他",
      "response_time": "00:00:03.310",
      "timestamp_unix": 1751645144,
      "timestamp_unix_ms": 1751645144026,
      "timestamp_readable": "2025-07-04 16:05:44.026",
      "normalized_name": "Dinkleberg/Dinkleberg",
      "meme_name": "Dinkleberg",
      "post_id": 31,
      "english_label": "others",
      "response_time_ms": 3310
    },
    {
      "image_path": "Table-Flip-Guy/Table-Flip-Guy_3.png",
      "label": "其他",
      "response_time": "00:00:05.106",
      "timestamp_unix": 1751645149,
      "timestamp_unix_ms": 1751645149266,
      "timestamp_readable": "2025-07-04 16:05:49.266",
      "normalized_name": "Table-Flip-Guy/Table-Flip-Guy",
      "meme_name": "Table-Flip-Guy",
      "post_id": 3,
      "english_label": "others",
      "response_time_ms": 5106
    },
    {
      "image_path": "Hold-fart/Hold-fart_11.png",
      "label": "其他",
      "response_time": "00:00:05.600",
      "timestamp_unix": 1751645155,
      "timestamp_unix_ms": 1751645155058,
      "timestamp_readable": "2025-07-04 16:05:55.058",
      "normalized_name": "Hold-fart/Hold-fart",
      "meme_name": "Hold-fart",
      "post_id": 11,
      "english_label": "others",
      "response_time_ms": 5600
    },
    {
      "image_path": "Futurama-Fry/Futurama-Fry_35.png",
      "label": "輕蔑",
      "response_time": "00:00:04.504",
      "timestamp_unix": 1751645159,
      "timestamp_unix_ms": 1751645159693,
      "timestamp_readable": "2025-07-04 16:05:59.693",
      "normalized_name": "Futurama-Fry/Futurama-Fry",
      "meme_name": "Futurama-Fry",
      "post_id": 35,
      "english_label": "contempt",
      "response_time_ms": 4504
    },
    {
      "image_path": "Khan/Khan_45.png",
      "label": "其他",
      "response_time": "00:00:07.208",
      "timestamp_unix": 1751645166,
      "timestamp_unix_ms": 1751645166989,
      "timestamp_readable": "2025-07-04 16:06:06.989",
      "normalized_name": "Khan/Khan",
      "meme_name": "Khan",
      "post_id": 45,
      "english_label": "others",
      "response_time_ms": 7208
    },
    {
      "image_path": "Happy--Shock/Happy--Shock_40.png",
      "label": "輕蔑",
      "response_time": "00:00:03.402",
      "timestamp_unix": 1751645170,
      "timestamp_unix_ms": 1751645170494,
      "timestamp_readable": "2025-07-04 16:06:10.494",
      "normalized_name": "Happy--Shock/Happy--Shock",
      "meme_name": "Happy--Shock",
      "post_id": 40,
      "english_label": "contempt",
      "response_time_ms": 3402
    },
    {
      "image_path": "Always-you-three/Always-you-three_50.png",
      "label": "其他",
      "response_time": "00:00:04.407",
      "timestamp_unix": 1751645175,
      "timestamp_unix_ms": 1751645175050,
      "timestamp_readable": "2025-07-04 16:06:15.050",
      "normalized_name": "Always-you-three/Always-you-three",
      "meme_name": "Always-you-three",
      "post_id": 50,
      "english_label": "others",
      "response_time_ms": 4407
    },
    {
      "image_path": "attention_check/attention_check_Contempt.png",
      "label": "輕蔑",
      "response_time": "00:00:02.103",
      "timestamp_unix": 1751645177,
      "timestamp_unix_ms": 1751645177409,
      "timestamp_readable": "2025-07-04 16:06:17.409",
      "normalized_name": "attention_check/attention_check_Contempt.png",
      "meme_name": "attention_check",
      "post_id": null,
      "english_label": "contempt",
      "response_time_ms": 2103
    },
    {
      "image_path": "Dave-chappelle/Dave-chappelle_47.png",
      "label": "輕蔑",
      "response_time": "00:00:06.303",
      "timestamp_unix": 1751645183,
      "timestamp_unix_ms": 1751645183806,
      "timestamp_readable": "2025-07-04 16:06:23.806",
      "normalized_name": "Dave-chappelle/Dave-chappelle",
      "meme_name": "Dave-chappelle",
      "post_id": 47,
      "english_label": "contempt",
      "response_time_ms": 6303
    },
    {
      "image_path": "I-am-once-again-asking/I-am-once-again-asking_25.png",
      "label": "其他",
      "response_time": "00:00:02.310",
      "timestamp_unix": 1751645186,
      "timestamp_unix_ms": 1751645186268,
      "timestamp_readable": "2025-07-04 16:06:26.268",
      "normalized_name": "I-am-once-again-asking/I-am-once-again-asking",
      "meme_name": "I-am-once-again-asking",
      "post_id": 25,
      "english_label": "others",
      "response_time_ms": 2310
    }
  ],
  "session_start_unix": 1751644855,
  "session_status": "completed",
  "last_updated_unix": 1751645197,
  "image_order": [
    "Spiderman-Hospital/Spiderman-Hospital_37.png",
    "Happy--Shock/Happy--Shock_40.png",
    "Chill-guy/Chill-guy_30.png",
    "I-am-once-again-asking/I-am-once-again-asking_25.png",
    "Math-ladyConfused-lady/Math-ladyConfused-lady_6.png",
    "Archer/Archer_42.png",
    "Leonardo-Dicaprio-Wolf-Of-Wall-Street/Leonardo-Dicaprio-Wolf-Of-Wall-Street_29.png",
    "Mocking-Spongebob/Mocking-Spongebob_16.png",
    "Afraid-To-Ask-Andy/Afraid-To-Ask-Andy_20.png",
    "Charlie-Day/Charlie-Day_2.png",
    "Always-Has-Been/Always-Has-Been_5.png",
    "Picard-Wtf/Picard-Wtf_46.png",
    "Batman-Slapping-Robin/Batman-Slapping-Robin_19.png",
    "For-the-better-right-blank/For-the-better-right-blank_8.png",
    "Drake-NoYes/Drake-NoYes_36.png",
    "Laughing-wolf/Laughing-wolf_34.png",
    "DJ-Pauly-D/DJ-Pauly-D_17.png",
    "Always-you-three/Always-you-three_50.png",
    "Disappointed-Man/Disappointed-Man_26.png",
    "Smudge-the-cat/Smudge-the-cat_33.png",
    "Thats-a-paddlin/Thats-a-paddlin_22.png",
    "Hide-the-Pain-Harold/Hide-the-Pain-Harold_27.png",
    "Hold-fart/Hold-fart_11.png",
    "Im-The-Captain-Now/Im-The-Captain-Now_39.png",
    "Obi-Wan-Kenobi/Obi-Wan-Kenobi_18.png",
    "attention_check/attention_check_Anger.png",
    "Spongebob-Yelling/Spongebob-Yelling_48.png",
    "Nuclear-Explosion/Nuclear-Explosion_44.png",
    "Dinkleberg/Dinkleberg_31.png",
    "Scooby-doo-mask-reveal/Scooby-doo-mask-reveal_10.png",
    "Disaster-Girl/Disaster-Girl_23.png",
    "Black-guy-hiding-behind-tree/Black-guy-hiding-behind-tree_24.png",
    "You-The-Real-MVP/You-The-Real-MVP_41.png",
    "Moe-throws-Barney/Moe-throws-Barney_14.png",
    "Ill-Have-You-Know-Spongebob/Ill-Have-You-Know-Spongebob_49.png",
    "Futurama-Fry/Futurama-Fry_35.png",
    "Monkey-Puppet/Monkey-Puppet_9.png",
    "Confused-Gandalf/Confused-Gandalf_28.png",
    "Mr-incredible-mad/Mr-incredible-mad_38.png",
    "Dave-chappelle/Dave-chappelle_47.png",
    "Surprised-Pikachu/Surprised-Pikachu_7.png",
    "Table-Flip-Guy/Table-Flip-Guy_3.png",
    "Kevin-Hart/Kevin-Hart_32.png",
    "Well-Yes-But-Actually-No/Well-Yes-But-Actually-No_4.png",
    "Mr-McMahon-reaction/Mr-McMahon-reaction_21.png",
    "Gru-Gun/Gru-Gun_1.png",
    "Persian-Cat-Room-Guardian/Persian-Cat-Room-Guardian_13.png",
    "Put-It-Somewhere-Else-Patrick/Put-It-Somewhere-Else-Patrick_12.png",
    "Angry-Baby/Angry-Baby_15.png",
    "attention_check/attention_check_Contempt.png",
    "Arthur-Fist/Arthur-Fist_43.png",
    "Khan/Khan_45.png"
  ],
  "completion_status": {
    "practice_completed": true,
    "game_started": true,
    "game_completed": true,
    "summary_viewed": true,
    "email_submitted": true
  },
  "timestamps_unix": {
    "registration_completed": 1751644855,
    "practice_started": 1751644855,
    "practice_completed": 1751644926,
    "game_started": 1751644926,
    "first_label": 1751644935,
    "last_label": 1751645186,
    "game_completed": 1751645188,
    "summary_viewed": 1751645188,
    "email_submitted": 1751645197,
    "session_end": 1751645197,
    "last_updated": 1751645197
  },
  "timestamps_unix_ms": {
    "registration_completed_ms": 1751644855539,
    "practice_started_ms": 1751644855610,
    "practice_completed_ms": 1751644926396,
    "game_started_ms": 1751644926402,
    "first_label_ms": 1751644935567,
    "last_label_ms": 1751645186268,
    "game_completed_ms": 1751645188904,
    "summary_viewed_ms": 1751645188910,
    "email_submitted_ms": 1751645197946,
    "session_end_ms": 1751645197946,
    "last_updated_ms": 1751645197946
  },
  "duration_stats_ms": {
    "total_session_duration_ms": 342407,
    "practice_duration_ms": 70786,
    "game_duration_ms": 262502,
    "labeling_duration_ms": 250701,
    "email_submission_duration_ms": 9036
  },
  "filename_updated_unix": 1751645188,
  "original_filename": "user_54714e",
  "completion_status_in_filename": "email_submitted"
}