{
  "user_id": "user_ea80f0",
  "file_name": "user_ea80f0_1750679494_1750680020_fullycomplete",
  "unix_start_time": 1750679494,
  "unix_start_time_ms": 1750679494223,
  "unix_end_time": 1750680020,
  "unix_end_time_ms": 1750680020658,
  "age": "25-29",
  "gender": "male",
  "user_agent": "Mozilla/5.0 (Windows NT 10.0; Win64; x64) AppleWebKit/537.36 (KHTML, like Gecko) Chrome/137.0.0.0 Safari/537.36",
  "user_ip": "111.243.32.233",
  "status": "complete",
  "email_provided": "complete",
  "attention_passed": false,
  "start_time_readable": "2025-06-23 11:51:34.223",
  "end_time_readable": "2025-06-23 12:00:20.658",
  "total_labels": 52,
  "emotion_summary": {
    "anger": 15,
    "contempt": 32,
    "disgust": 4,
    "others": 1
  },
  "email": "cj.c@nycu.edu.tw",
  "participation": "no",
  "total_responses": 52,
  "responses": [
    {
      "image_path": "Arthur-Fist/Arthur-Fist_4.png",
      "label": "憤怒",
      "response_time": "00:00:05.812",
      "timestamp_unix": 1750679588,
      "timestamp_unix_ms": 1750679588855,
      "timestamp_readable": "2025-06-23 11:53:08.855",
      "normalized_name": "Arthur-Fist/Arthur-Fist",
      "meme_name": "Arthur-Fist",
      "post_id": 4,
      "english_label": "anger",
      "response_time_ms": 5812
    },
    {
      "image_path": "Futurama-Fry/Futurama-Fry_20.png",
      "label": "憤怒",
      "response_time": "00:00:12.610",
      "timestamp_unix": 1750679601,
      "timestamp_unix_ms": 1750679601605,
      "timestamp_readable": "2025-06-23 11:53:21.605",
      "normalized_name": "Futurama-Fry/Futurama-Fry",
      "meme_name": "Futurama-Fry",
      "post_id": 20,
      "english_label": "anger",
      "response_time_ms": 12610
    },
    {
      "image_path": "You-The-Real-MVP/You-The-Real-MVP_18.png",
      "label": "輕蔑",
      "response_time": "00:00:08.711",
      "timestamp_unix": 1750679610,
      "timestamp_unix_ms": 1750679610404,
      "timestamp_readable": "2025-06-23 11:53:30.404",
      "normalized_name": "You-The-Real-MVP/You-The-Real-MVP",
      "meme_name": "You-The-Real-MVP",
      "post_id": 18,
      "english_label": "contempt",
      "response_time_ms": 8711
    },
    {
      "image_path": "Chill-guy/Chill-guy_26.png",
      "label": "輕蔑",
      "response_time": "00:00:07.311",
      "timestamp_unix": 1750679617,
      "timestamp_unix_ms": 1750679617773,
      "timestamp_readable": "2025-06-23 11:53:37.773",
      "normalized_name": "Chill-guy/Chill-guy",
      "meme_name": "Chill-guy",
      "post_id": 26,
      "english_label": "contempt",
      "response_time_ms": 7311
    },
    {
      "image_path": "Monkey-Puppet/Monkey-Puppet_12.png",
      "label": "其他",
      "response_time": "00:00:19.709",
      "timestamp_unix": 1750679637,
      "timestamp_unix_ms": 1750679637539,
      "timestamp_readable": "2025-06-23 11:53:57.539",
      "normalized_name": "Monkey-Puppet/Monkey-Puppet",
      "meme_name": "Monkey-Puppet",
      "post_id": 12,
      "english_label": "others",
      "response_time_ms": 19709
    },
    {
      "image_path": "Nuclear-Explosion/Nuclear-Explosion_22.png",
      "label": "厭惡",
      "response_time": "00:00:12.903",
      "timestamp_unix": 1750679650,
      "timestamp_unix_ms": 1750679650555,
      "timestamp_readable": "2025-06-23 11:54:10.555",
      "normalized_name": "Nuclear-Explosion/Nuclear-Explosion",
      "meme_name": "Nuclear-Explosion",
      "post_id": 22,
      "english_label": "disgust",
      "response_time_ms": 12903
    },
    {
      "image_path": "Confused-Gandalf/Confused-Gandalf_2.png",
      "label": "輕蔑",
      "response_time": "00:00:15.208",
      "timestamp_unix": 1750679665,
      "timestamp_unix_ms": 1750679665853,
      "timestamp_readable": "2025-06-23 11:54:25.853",
      "normalized_name": "Confused-Gandalf/Confused-Gandalf",
      "meme_name": "Confused-Gandalf",
      "post_id": 2,
      "english_label": "contempt",
      "response_time_ms": 15208
    },
    {
      "image_path": "Disappointed-Man/Disappointed-Man_23.png",
      "label": "輕蔑",
      "response_time": "00:00:14.614",
      "timestamp_unix": 1750679680,
      "timestamp_unix_ms": 1750679680553,
      "timestamp_readable": "2025-06-23 11:54:40.553",
      "normalized_name": "Disappointed-Man/Disappointed-Man",
      "meme_name": "Disappointed-Man",
      "post_id": 23,
      "english_label": "contempt",
      "response_time_ms": 14614
    },
    {
      "image_path": "Picard-Wtf/Picard-Wtf_38.png",
      "label": "輕蔑",
      "response_time": "00:00:11.109",
      "timestamp_unix": 1750679691,
      "timestamp_unix_ms": 1750679691721,
      "timestamp_readable": "2025-06-23 11:54:51.721",
      "normalized_name": "Picard-Wtf/Picard-Wtf",
      "meme_name": "Picard-Wtf",
      "post_id": 38,
      "english_label": "contempt",
      "response_time_ms": 11109
    },
    {
      "image_path": "Mr-incredible-mad/Mr-incredible-mad_34.png",
      "label": "憤怒",
      "response_time": "00:00:09.014",
      "timestamp_unix": 1750679700,
      "timestamp_unix_ms": 1750679700821,
      "timestamp_readable": "2025-06-23 11:55:00.821",
      "normalized_name": "Mr-incredible-mad/Mr-incredible-mad",
      "meme_name": "Mr-incredible-mad",
      "post_id": 34,
      "english_label": "anger",
      "response_time_ms": 9014
    },
    {
      "image_path": "Always-Has-Been/Always-Has-Been_45.png",
      "label": "輕蔑",
      "response_time": "00:00:31.903",
      "timestamp_unix": 1750679732,
      "timestamp_unix_ms": 1750679732771,
      "timestamp_readable": "2025-06-23 11:55:32.771",
      "normalized_name": "Always-Has-Been/Always-Has-Been",
      "meme_name": "Always-Has-Been",
      "post_id": 45,
      "english_label": "contempt",
      "response_time_ms": 31903
    },
    {
      "image_path": "Obi-Wan-Kenobi/Obi-Wan-Kenobi_3.png",
      "label": "輕蔑",
      "response_time": "00:00:11.705",
      "timestamp_unix": 1750679744,
      "timestamp_unix_ms": 1750679744573,
      "timestamp_readable": "2025-06-23 11:55:44.573",
      "normalized_name": "Obi-Wan-Kenobi/Obi-Wan-Kenobi",
      "meme_name": "Obi-Wan-Kenobi",
      "post_id": 3,
      "english_label": "contempt",
      "response_time_ms": 11705
    },
    {
      "image_path": "Archer/Archer_9.png",
      "label": "憤怒",
      "response_time": "00:00:07.604",
      "timestamp_unix": 1750679752,
      "timestamp_unix_ms": 1750679752239,
      "timestamp_readable": "2025-06-23 11:55:52.239",
      "normalized_name": "Archer/Archer",
      "meme_name": "Archer",
      "post_id": 9,
      "english_label": "anger",
      "response_time_ms": 7604
    },
    {
      "image_path": "Scooby-doo-mask-reveal/Scooby-doo-mask-reveal_16.png",
      "label": "輕蔑",
      "response_time": "00:00:09.510",
      "timestamp_unix": 1750679761,
      "timestamp_unix_ms": 1750679761819,
      "timestamp_readable": "2025-06-23 11:56:01.819",
      "normalized_name": "Scooby-doo-mask-reveal/Scooby-doo-mask-reveal",
      "meme_name": "Scooby-doo-mask-reveal",
      "post_id": 16,
      "english_label": "contempt",
      "response_time_ms": 9510
    },
    {
      "image_path": "Spongebob-Yelling/Spongebob-Yelling_32.png",
      "label": "憤怒",
      "response_time": "00:00:11.414",
      "timestamp_unix": 1750679773,
      "timestamp_unix_ms": 1750679773327,
      "timestamp_readable": "2025-06-23 11:56:13.327",
      "normalized_name": "Spongebob-Yelling/Spongebob-Yelling",
      "meme_name": "Spongebob-Yelling",
      "post_id": 32,
      "english_label": "anger",
      "response_time_ms": 11414
    },
    {
      "image_path": "Hold-fart/Hold-fart_48.png",
      "label": "憤怒",
      "response_time": "00:00:06.005",
      "timestamp_unix": 1750679779,
      "timestamp_unix_ms": 1750679779352,
      "timestamp_readable": "2025-06-23 11:56:19.352",
      "normalized_name": "Hold-fart/Hold-fart",
      "meme_name": "Hold-fart",
      "post_id": 48,
      "english_label": "anger",
      "response_time_ms": 6005
    },
    {
      "image_path": "Angry-Baby/Angry-Baby_17.png",
      "label": "憤怒",
      "response_time": "00:00:02.306",
      "timestamp_unix": 1750679781,
      "timestamp_unix_ms": 1750679781787,
      "timestamp_readable": "2025-06-23 11:56:21.787",
      "normalized_name": "Angry-Baby/Angry-Baby",
      "meme_name": "Angry-Baby",
      "post_id": 17,
      "english_label": "anger",
      "response_time_ms": 2306
    },
    {
      "image_path": "Moe-throws-Barney/Moe-throws-Barney_15.png",
      "label": "憤怒",
      "response_time": "00:00:07.306",
      "timestamp_unix": 1750679789,
      "timestamp_unix_ms": 1750679789155,
      "timestamp_readable": "2025-06-23 11:56:29.155",
      "normalized_name": "Moe-throws-Barney/Moe-throws-Barney",
      "meme_name": "Moe-throws-Barney",
      "post_id": 15,
      "english_label": "anger",
      "response_time_ms": 7306
    },
    {
      "image_path": "Dave-chappelle/Dave-chappelle_25.png",
      "label": "輕蔑",
      "response_time": "00:00:07.209",
      "timestamp_unix": 1750679796,
      "timestamp_unix_ms": 1750679796403,
      "timestamp_readable": "2025-06-23 11:56:36.403",
      "normalized_name": "Dave-chappelle/Dave-chappelle",
      "meme_name": "Dave-chappelle",
      "post_id": 25,
      "english_label": "contempt",
      "response_time_ms": 7209
    },
    {
      "image_path": "Ill-Have-You-Know-Spongebob/Ill-Have-You-Know-Spongebob_27.png",
      "label": "輕蔑",
      "response_time": "00:00:02.511",
      "timestamp_unix": 1750679798,
      "timestamp_unix_ms": 1750679798988,
      "timestamp_readable": "2025-06-23 11:56:38.988",
      "normalized_name": "Ill-Have-You-Know-Spongebob/Ill-Have-You-Know-Spongebob",
      "meme_name": "Ill-Have-You-Know-Spongebob",
      "post_id": 27,
      "english_label": "contempt",
      "response_time_ms": 2511
    },
    {
      "image_path": "Gru-Gun/Gru-Gun_47.png",
      "label": "憤怒",
      "response_time": "00:00:04.004",
      "timestamp_unix": 1750679803,
      "timestamp_unix_ms": 1750679803086,
      "timestamp_readable": "2025-06-23 11:56:43.086",
      "normalized_name": "Gru-Gun/Gru-Gun",
      "meme_name": "Gru-Gun",
      "post_id": 47,
      "english_label": "anger",
      "response_time_ms": 4004
    },
    {
      "image_path": "Smudge-the-cat/Smudge-the-cat_7.png",
      "label": "厭惡",
      "response_time": "00:00:08.312",
      "timestamp_unix": 1750679811,
      "timestamp_unix_ms": 1750679811436,
      "timestamp_readable": "2025-06-23 11:56:51.436",
      "normalized_name": "Smudge-the-cat/Smudge-the-cat",
      "meme_name": "Smudge-the-cat",
      "post_id": 7,
      "english_label": "disgust",
      "response_time_ms": 8312
    },
    {
      "image_path": "Im-The-Captain-Now/Im-The-Captain-Now_21.png",
      "label": "輕蔑",
      "response_time": "00:00:04.704",
      "timestamp_unix": 1750679816,
      "timestamp_unix_ms": 1750679816219,
      "timestamp_readable": "2025-06-23 11:56:56.219",
      "normalized_name": "Im-The-Captain-Now/Im-The-Captain-Now",
      "meme_name": "Im-The-Captain-Now",
      "post_id": 21,
      "english_label": "contempt",
      "response_time_ms": 4704
    },
    {
      "image_path": "Kevin-Hart/Kevin-Hart_50.png",
      "label": "輕蔑",
      "response_time": "00:00:05.902",
      "timestamp_unix": 1750679822,
      "timestamp_unix_ms": 1750679822239,
      "timestamp_readable": "2025-06-23 11:57:02.239",
      "normalized_name": "Kevin-Hart/Kevin-Hart",
      "meme_name": "Kevin-Hart",
      "post_id": 50,
      "english_label": "contempt",
      "response_time_ms": 5902
    },
    {
      "image_path": "attention_check/attention_check_Others.png",
      "label": "輕蔑",
      "response_time": "00:00:06.907",
      "timestamp_unix": 1750679829,
      "timestamp_unix_ms": 1750679829204,
      "timestamp_readable": "2025-06-23 11:57:09.204",
      "normalized_name": "attention_check/attention_check_Others.png",
      "meme_name": "attention_check",
      "post_id": null,
      "english_label": "contempt",
      "response_time_ms": 6907
    },
    {
      "image_path": "Well-Yes-But-Actually-No/Well-Yes-But-Actually-No_43.png",
      "label": "輕蔑",
      "response_time": "00:00:06.313",
      "timestamp_unix": 1750679835,
      "timestamp_unix_ms": 1750679835536,
      "timestamp_readable": "2025-06-23 11:57:15.536",
      "normalized_name": "Well-Yes-But-Actually-No/Well-Yes-But-Actually-No",
      "meme_name": "Well-Yes-But-Actually-No",
      "post_id": 43,
      "english_label": "contempt",
      "response_time_ms": 6313
    },
    {
      "image_path": "Batman-Slapping-Robin/Batman-Slapping-Robin_44.png",
      "label": "憤怒",
      "response_time": "00:00:03.513",
      "timestamp_unix": 1750679839,
      "timestamp_unix_ms": 1750679839136,
      "timestamp_readable": "2025-06-23 11:57:19.136",
      "normalized_name": "Batman-Slapping-Robin/Batman-Slapping-Robin",
      "meme_name": "Batman-Slapping-Robin",
      "post_id": 44,
      "english_label": "anger",
      "response_time_ms": 3513
    },
    {
      "image_path": "Laughing-wolf/Laughing-wolf_19.png",
      "label": "輕蔑",
      "response_time": "00:00:03.607",
      "timestamp_unix": 1750679842,
      "timestamp_unix_ms": 1750679842820,
      "timestamp_readable": "2025-06-23 11:57:22.820",
      "normalized_name": "Laughing-wolf/Laughing-wolf",
      "meme_name": "Laughing-wolf",
      "post_id": 19,
      "english_label": "contempt",
      "response_time_ms": 3607
    },
    {
      "image_path": "Drake-NoYes/Drake-NoYes_46.png",
      "label": "輕蔑",
      "response_time": "00:00:13.110",
      "timestamp_unix": 1750679856,
      "timestamp_unix_ms": 1750679856055,
      "timestamp_readable": "2025-06-23 11:57:36.055",
      "normalized_name": "Drake-NoYes/Drake-NoYes",
      "meme_name": "Drake-NoYes",
      "post_id": 46,
      "english_label": "contempt",
      "response_time_ms": 13110
    },
    {
      "image_path": "Black-guy-hiding-behind-tree/Black-guy-hiding-behind-tree_40.png",
      "label": "輕蔑",
      "response_time": "00:00:03.104",
      "timestamp_unix": 1750679859,
      "timestamp_unix_ms": 1750679859238,
      "timestamp_readable": "2025-06-23 11:57:39.238",
      "normalized_name": "Black-guy-hiding-behind-tree/Black-guy-hiding-behind-tree",
      "meme_name": "Black-guy-hiding-behind-tree",
      "post_id": 40,
      "english_label": "contempt",
      "response_time_ms": 3104
    },
    {
      "image_path": "Surprised-Pikachu/Surprised-Pikachu_39.png",
      "label": "輕蔑",
      "response_time": "00:00:03.403",
      "timestamp_unix": 1750679862,
      "timestamp_unix_ms": 1750679862753,
      "timestamp_readable": "2025-06-23 11:57:42.753",
      "normalized_name": "Surprised-Pikachu/Surprised-Pikachu",
      "meme_name": "Surprised-Pikachu",
      "post_id": 39,
      "english_label": "contempt",
      "response_time_ms": 3403
    },
    {
      "image_path": "Khan/Khan_30.png",
      "label": "憤怒",
      "response_time": "00:00:04.308",
      "timestamp_unix": 1750679867,
      "timestamp_unix_ms": 1750679867137,
      "timestamp_readable": "2025-06-23 11:57:47.137",
      "normalized_name": "Khan/Khan",
      "meme_name": "Khan",
      "post_id": 30,
      "english_label": "anger",
      "response_time_ms": 4308
    },
    {
      "image_path": "Math-ladyConfused-lady/Math-ladyConfused-lady_35.png",
      "label": "輕蔑",
      "response_time": "00:00:08.410",
      "timestamp_unix": 1750679875,
      "timestamp_unix_ms": 1750679875586,
      "timestamp_readable": "2025-06-23 11:57:55.586",
      "normalized_name": "Math-ladyConfused-lady/Math-ladyConfused-lady",
      "meme_name": "Math-ladyConfused-lady",
      "post_id": 35,
      "english_label": "contempt",
      "response_time_ms": 8410
    },
    {
      "image_path": "Persian-Cat-Room-Guardian/Persian-Cat-Room-Guardian_5.png",
      "label": "輕蔑",
      "response_time": "00:00:08.011",
      "timestamp_unix": 1750679883,
      "timestamp_unix_ms": 1750679883704,
      "timestamp_readable": "2025-06-23 11:58:03.704",
      "normalized_name": "Persian-Cat-Room-Guardian/Persian-Cat-Room-Guardian",
      "meme_name": "Persian-Cat-Room-Guardian",
      "post_id": 5,
      "english_label": "contempt",
      "response_time_ms": 8011
    },
    {
      "image_path": "Thats-a-paddlin/Thats-a-paddlin_28.png",
      "label": "憤怒",
      "response_time": "00:00:02.909",
      "timestamp_unix": 1750679886,
      "timestamp_unix_ms": 1750679886687,
      "timestamp_readable": "2025-06-23 11:58:06.687",
      "normalized_name": "Thats-a-paddlin/Thats-a-paddlin",
      "meme_name": "Thats-a-paddlin",
      "post_id": 28,
      "english_label": "anger",
      "response_time_ms": 2909
    },
    {
      "image_path": "Mr-McMahon-reaction/Mr-McMahon-reaction_36.png",
      "label": "憤怒",
      "response_time": "00:00:10.905",
      "timestamp_unix": 1750679897,
      "timestamp_unix_ms": 1750679897670,
      "timestamp_readable": "2025-06-23 11:58:17.670",
      "normalized_name": "Mr-McMahon-reaction/Mr-McMahon-reaction",
      "meme_name": "Mr-McMahon-reaction",
      "post_id": 36,
      "english_label": "anger",
      "response_time_ms": 10905
    },
    {
      "image_path": "Spiderman-Hospital/Spiderman-Hospital_49.png",
      "label": "厭惡",
      "response_time": "00:00:03.206",
      "timestamp_unix": 1750679900,
      "timestamp_unix_ms": 1750679900919,
      "timestamp_readable": "2025-06-23 11:58:20.919",
      "normalized_name": "Spiderman-Hospital/Spiderman-Hospital",
      "meme_name": "Spiderman-Hospital",
      "post_id": 49,
      "english_label": "disgust",
      "response_time_ms": 3206
    },
    {
      "image_path": "Hide-the-Pain-Harold/Hide-the-Pain-Harold_14.png",
      "label": "輕蔑",
      "response_time": "00:00:03.513",
      "timestamp_unix": 1750679904,
      "timestamp_unix_ms": 1750679904519,
      "timestamp_readable": "2025-06-23 11:58:24.519",
      "normalized_name": "Hide-the-Pain-Harold/Hide-the-Pain-Harold",
      "meme_name": "Hide-the-Pain-Harold",
      "post_id": 14,
      "english_label": "contempt",
      "response_time_ms": 3513
    },
    {
      "image_path": "Mocking-Spongebob/Mocking-Spongebob_29.png",
      "label": "輕蔑",
      "response_time": "00:00:04.413",
      "timestamp_unix": 1750679909,
      "timestamp_unix_ms": 1750679909005,
      "timestamp_readable": "2025-06-23 11:58:29.005",
      "normalized_name": "Mocking-Spongebob/Mocking-Spongebob",
      "meme_name": "Mocking-Spongebob",
      "post_id": 29,
      "english_label": "contempt",
      "response_time_ms": 4413
    },
    {
      "image_path": "For-the-better-right-blank/For-the-better-right-blank_31.png",
      "label": "輕蔑",
      "response_time": "00:00:03.310",
      "timestamp_unix": 1750679912,
      "timestamp_unix_ms": 1750679912421,
      "timestamp_readable": "2025-06-23 11:58:32.421",
      "normalized_name": "For-the-better-right-blank/For-the-better-right-blank",
      "meme_name": "For-the-better-right-blank",
      "post_id": 31,
      "english_label": "contempt",
      "response_time_ms": 3310
    },
    {
      "image_path": "Leonardo-Dicaprio-Wolf-Of-Wall-Street/Leonardo-Dicaprio-Wolf-Of-Wall-Street_8.png",
      "label": "輕蔑",
      "response_time": "00:00:08.811",
      "timestamp_unix": 1750679921,
      "timestamp_unix_ms": 1750679921303,
      "timestamp_readable": "2025-06-23 11:58:41.303",
      "normalized_name": "Leonardo-Dicaprio-Wolf-Of-Wall-Street/Leonardo-Dicaprio-Wolf-Of-Wall-Street",
      "meme_name": "Leonardo-Dicaprio-Wolf-Of-Wall-Street",
      "post_id": 8,
      "english_label": "contempt",
      "response_time_ms": 8811
    },
    {
      "image_path": "Afraid-To-Ask-Andy/Afraid-To-Ask-Andy_6.png",
      "label": "輕蔑",
      "response_time": "00:00:05.407",
      "timestamp_unix": 1750679926,
      "timestamp_unix_ms": 1750679926754,
      "timestamp_readable": "2025-06-23 11:58:46.754",
      "normalized_name": "Afraid-To-Ask-Andy/Afraid-To-Ask-Andy",
      "meme_name": "Afraid-To-Ask-Andy",
      "post_id": 6,
      "english_label": "contempt",
      "response_time_ms": 5407
    },
    {
      "image_path": "Happy--Shock/Happy--Shock_41.png",
      "label": "輕蔑",
      "response_time": "00:00:05.911",
      "timestamp_unix": 1750679932,
      "timestamp_unix_ms": 1750679932754,
      "timestamp_readable": "2025-06-23 11:58:52.754",
      "normalized_name": "Happy--Shock/Happy--Shock",
      "meme_name": "Happy--Shock",
      "post_id": 41,
      "english_label": "contempt",
      "response_time_ms": 5911
    },
    {
      "image_path": "Dinkleberg/Dinkleberg_11.png",
      "label": "輕蔑",
      "response_time": "00:00:03.901",
      "timestamp_unix": 1750679936,
      "timestamp_unix_ms": 1750679936753,
      "timestamp_readable": "2025-06-23 11:58:56.753",
      "normalized_name": "Dinkleberg/Dinkleberg",
      "meme_name": "Dinkleberg",
      "post_id": 11,
      "english_label": "contempt",
      "response_time_ms": 3901
    },
    {
      "image_path": "DJ-Pauly-D/DJ-Pauly-D_33.png",
      "label": "憤怒",
      "response_time": "00:00:04.802",
      "timestamp_unix": 1750679941,
      "timestamp_unix_ms": 1750679941603,
      "timestamp_readable": "2025-06-23 11:59:01.603",
      "normalized_name": "DJ-Pauly-D/DJ-Pauly-D",
      "meme_name": "DJ-Pauly-D",
      "post_id": 33,
      "english_label": "anger",
      "response_time_ms": 4802
    },
    {
      "image_path": "Always-you-three/Always-you-three_37.png",
      "label": "輕蔑",
      "response_time": "00:00:09.211",
      "timestamp_unix": 1750679950,
      "timestamp_unix_ms": 1750679950856,
      "timestamp_readable": "2025-06-23 11:59:10.856",
      "normalized_name": "Always-you-three/Always-you-three",
      "meme_name": "Always-you-three",
      "post_id": 37,
      "english_label": "contempt",
      "response_time_ms": 9211
    },
    {
      "image_path": "Table-Flip-Guy/Table-Flip-Guy_24.png",
      "label": "憤怒",
      "response_time": "00:00:04.903",
      "timestamp_unix": 1750679955,
      "timestamp_unix_ms": 1750679955890,
      "timestamp_readable": "2025-06-23 11:59:15.890",
      "normalized_name": "Table-Flip-Guy/Table-Flip-Guy",
      "meme_name": "Table-Flip-Guy",
      "post_id": 24,
      "english_label": "anger",
      "response_time_ms": 4903
    },
    {
      "image_path": "I-am-once-again-asking/I-am-once-again-asking_10.png",
      "label": "輕蔑",
      "response_time": "00:00:07.910",
      "timestamp_unix": 1750679963,
      "timestamp_unix_ms": 1750679963870,
      "timestamp_readable": "2025-06-23 11:59:23.870",
      "normalized_name": "I-am-once-again-asking/I-am-once-again-asking",
      "meme_name": "I-am-once-again-asking",
      "post_id": 10,
      "english_label": "contempt",
      "response_time_ms": 7910
    },
    {
      "image_path": "Disaster-Girl/Disaster-Girl_13.png",
      "label": "輕蔑",
      "response_time": "00:00:05.412",
      "timestamp_unix": 1750679969,
      "timestamp_unix_ms": 1750679969355,
      "timestamp_readable": "2025-06-23 11:59:29.355",
      "normalized_name": "Disaster-Girl/Disaster-Girl",
      "meme_name": "Disaster-Girl",
      "post_id": 13,
      "english_label": "contempt",
      "response_time_ms": 5412
    },
    {
      "image_path": "Put-It-Somewhere-Else-Patrick/Put-It-Somewhere-Else-Patrick_42.png",
      "label": "輕蔑",
      "response_time": "00:00:13.609",
      "timestamp_unix": 1750679983,
      "timestamp_unix_ms": 1750679983053,
      "timestamp_readable": "2025-06-23 11:59:43.053",
      "normalized_name": "Put-It-Somewhere-Else-Patrick/Put-It-Somewhere-Else-Patrick",
      "meme_name": "Put-It-Somewhere-Else-Patrick",
      "post_id": 42,
      "english_label": "contempt",
      "response_time_ms": 13609
    },
    {
      "image_path": "attention_check/attention_check_Contempt.png",
      "label": "輕蔑",
      "response_time": "00:00:13.513",
      "timestamp_unix": 1750679996,
      "timestamp_unix_ms": 1750679996589,
      "timestamp_readable": "2025-06-23 11:59:56.589",
      "normalized_name": "attention_check/attention_check_Contempt.png",
      "meme_name": "attention_check",
      "post_id": null,
      "english_label": "contempt",
      "response_time_ms": 13513
    },
    {
      "image_path": "Charlie-Day/Charlie-Day_1.png",
      "label": "厭惡",
      "response_time": "00:00:07.802",
      "timestamp_unix": 1750680004,
      "timestamp_unix_ms": 1750680004438,
      "timestamp_readable": "2025-06-23 12:00:04.438",
      "normalized_name": "Charlie-Day/Charlie-Day",
      "meme_name": "Charlie-Day",
      "post_id": 1,
      "english_label": "disgust",
      "response_time_ms": 7802
    }
  ],
  "session_start_unix": 1750679494,
  "session_status": "completed",
  "last_updated_unix": 1750680020,
  "image_order": [
    "Spiderman-Hospital/Spiderman-Hospital_49.png",
    "Happy--Shock/Happy--Shock_41.png",
    "Chill-guy/Chill-guy_26.png",
    "I-am-once-again-asking/I-am-once-again-asking_10.png",
    "Math-ladyConfused-lady/Math-ladyConfused-lady_35.png",
    "Archer/Archer_9.png",
    "Leonardo-Dicaprio-Wolf-Of-Wall-Street/Leonardo-Dicaprio-Wolf-Of-Wall-Street_8.png",
    "Mocking-Spongebob/Mocking-Spongebob_29.png",
    "Afraid-To-Ask-Andy/Afraid-To-Ask-Andy_6.png",
    "Charlie-Day/Charlie-Day_1.png",
    "Always-Has-Been/Always-Has-Been_45.png",
    "Picard-Wtf/Picard-Wtf_38.png",
    "Batman-Slapping-Robin/Batman-Slapping-Robin_44.png",
    "For-the-better-right-blank/For-the-better-right-blank_31.png",
    "Drake-NoYes/Drake-NoYes_46.png",
    "Laughing-wolf/Laughing-wolf_19.png",
    "DJ-Pauly-D/DJ-Pauly-D_33.png",
    "Always-you-three/Always-you-three_37.png",
    "Disappointed-Man/Disappointed-Man_23.png",
    "Smudge-the-cat/Smudge-the-cat_7.png",
    "Thats-a-paddlin/Thats-a-paddlin_28.png",
    "Hide-the-Pain-Harold/Hide-the-Pain-Harold_14.png",
    "Hold-fart/Hold-fart_48.png",
    "Im-The-Captain-Now/Im-The-Captain-Now_21.png",
    "attention_check/attention_check_Others.png",
    "Obi-Wan-Kenobi/Obi-Wan-Kenobi_3.png",
    "Spongebob-Yelling/Spongebob-Yelling_32.png",
    "Nuclear-Explosion/Nuclear-Explosion_22.png",
    "Dinkleberg/Dinkleberg_11.png",
    "Scooby-doo-mask-reveal/Scooby-doo-mask-reveal_16.png",
    "Disaster-Girl/Disaster-Girl_13.png",
    "Black-guy-hiding-behind-tree/Black-guy-hiding-behind-tree_40.png",
    "You-The-Real-MVP/You-The-Real-MVP_18.png",
    "Moe-throws-Barney/Moe-throws-Barney_15.png",
    "Ill-Have-You-Know-Spongebob/Ill-Have-You-Know-Spongebob_27.png",
    "Futurama-Fry/Futurama-Fry_20.png",
    "Monkey-Puppet/Monkey-Puppet_12.png",
    "Confused-Gandalf/Confused-Gandalf_2.png",
    "Mr-incredible-mad/Mr-incredible-mad_34.png",
    "Dave-chappelle/Dave-chappelle_25.png",
    "Surprised-Pikachu/Surprised-Pikachu_39.png",
    "Table-Flip-Guy/Table-Flip-Guy_24.png",
    "Kevin-Hart/Kevin-Hart_50.png",
    "Well-Yes-But-Actually-No/Well-Yes-But-Actually-No_43.png",
    "Mr-McMahon-reaction/Mr-McMahon-reaction_36.png",
    "Gru-Gun/Gru-Gun_47.png",
    "Persian-Cat-Room-Guardian/Persian-Cat-Room-Guardian_5.png",
    "Put-It-Somewhere-Else-Patrick/Put-It-Somewhere-Else-Patrick_42.png",
    "Angry-Baby/Angry-Baby_17.png",
    "Arthur-Fist/Arthur-Fist_4.png",
    "attention_check/attention_check_Contempt.png",
    "Khan/Khan_30.png"
  ],
  "completion_status": {
    "practice_completed": true,
    "game_started": true,
    "game_completed": true,
    "summary_viewed": true,
    "email_submitted": true
  },
  "timestamps_unix": {
    "registration_completed": 1750679494,
    "practice_started": 1750679494,
    "practice_completed": 1750679582,
    "game_started": 1750679582,
    "first_label": 1750679588,
    "last_label": 1750680004,
    "game_completed": 1750680007,
    "summary_viewed": 1750680007,
    "email_submitted": 1750680020,
    "session_end": 1750680020,
    "last_updated": 1750680020
  },
  "timestamps_unix_ms": {
    "registration_completed_ms": 1750679494223,
    "practice_started_ms": 1750679494249,
    "practice_completed_ms": 1750679582891,
    "game_started_ms": 1750679582897,
    "first_label_ms": 1750679588855,
    "last_label_ms": 1750680004438,
    "game_completed_ms": 1750680007088,
    "summary_viewed_ms": 1750680007097,
    "email_submitted_ms": 1750680020650,
    "session_end_ms": 1750680020650,
    "last_updated_ms": 1750680020650
  },
  "duration_stats_ms": {
    "total_session_duration_ms": 526427,
    "practice_duration_ms": 88642,
    "game_duration_ms": 424191,
    "labeling_duration_ms": 415583,
    "email_submission_duration_ms": 13553
  },
  "filename_updated_unix": 1750680007,
  "original_filename": "user_ea80f0",
  "completion_status_in_filename": "email_submitted"
}