{
  "user_id": "user_18dfd2",
  "file_name": "user_18dfd2",
  "unix_start_time": 1750073643,
  "unix_start_time_ms": 1750073643927,
  "unix_end_time": null,
  "unix_end_time_ms": null,
  "age": "25-29",
  "gender": "male",
  "user_agent": "Mozilla/5.0 (Windows NT 10.0; Win64; x64) AppleWebKit/537.36 (KHTML, like Gecko) Chrome/136.0.0.0 Safari/537.36",
  "user_ip": "122.99.15.142",
  "status": "incomplete",
  "email_provided": "incomplete",
  "attention_passed": null,
  "start_time_readable": "2025-06-16 11:34:03.927",
  "end_time_readable": null,
  "total_labels": 0,
  "emotion_summary": {
    "anger": 0,
    "contempt": 0,
    "disgust": 0,
    "others": 0
  },
  "email": null,
  "participation": null,
  "total_responses": 0,
  "responses": [],
  "session_start_unix": 1750073643,
  "session_status": "active",
  "last_updated_unix": 1750073721,
  "image_order": [
    "Spiderman-Hospital/Spiderman-Hospital_8.png",
    "Happy--Shock/Happy--Shock_28.png",
    "Chill-guy/Chill-guy_33.png",
    "I-am-once-again-asking/I-am-once-again-asking_19.png",
    "Math-ladyConfused-lady/Math-ladyConfused-lady_45.png",
    "Archer/Archer_6.png",
    "Leonardo-Dicaprio-Wolf-Of-Wall-Street/Leonardo-Dicaprio-Wolf-Of-Wall-Street_1.png",
    "Mocking-Spongebob/Mocking-Spongebob_39.png",
    "Afraid-To-Ask-Andy/Afraid-To-Ask-Andy_25.png",
    "Charlie-Day/Charlie-Day_31.png",
    "Always-Has-Been/Always-Has-Been_36.png",
    "Picard-Wtf/Picard-Wtf_32.png",
    "Batman-Slapping-Robin/Batman-Slapping-Robin_9.png",
    "For-the-better-right-blank/For-the-better-right-blank_4.png",
    "Drake-NoYes/Drake-NoYes_48.png",
    "Laughing-wolf/Laughing-wolf_41.png",
    "DJ-Pauly-D/DJ-Pauly-D_35.png",
    "Always-you-three/Always-you-three_49.png",
    "Disappointed-Man/Disappointed-Man_43.png",
    "Smudge-the-cat/Smudge-the-cat_26.png",
    "Thats-a-paddlin/Thats-a-paddlin_21.png",
    "attention_check/attention_check_Anger.png",
    "Hide-the-Pain-Harold/Hide-the-Pain-Harold_12.png",
    "Hold-fart/Hold-fart_23.png",
    "Im-The-Captain-Now/Im-The-Captain-Now_11.png",
    "Obi-Wan-Kenobi/Obi-Wan-Kenobi_16.png",
    "Spongebob-Yelling/Spongebob-Yelling_20.png",
    "Nuclear-Explosion/Nuclear-Explosion_3.png",
    "Dinkleberg/Dinkleberg_46.png",
    "Scooby-doo-mask-reveal/Scooby-doo-mask-reveal_47.png",
    "Disaster-Girl/Disaster-Girl_29.png",
    "Black-guy-hiding-behind-tree/Black-guy-hiding-behind-tree_15.png",
    "You-The-Real-MVP/You-The-Real-MVP_17.png",
    "Moe-throws-Barney/Moe-throws-Barney_10.png",
    "Ill-Have-You-Know-Spongebob/Ill-Have-You-Know-Spongebob_44.png",
    "Futurama-Fry/Futurama-Fry_5.png",
    "Monkey-Puppet/Monkey-Puppet_13.png",
    "Confused-Gandalf/Confused-Gandalf_14.png",
    "Mr-incredible-mad/Mr-incredible-mad_24.png",
    "Dave-chappelle/Dave-chappelle_22.png",
    "Surprised-Pikachu/Surprised-Pikachu_37.png",
    "Table-Flip-Guy/Table-Flip-Guy_30.png",
    "Kevin-Hart/Kevin-Hart_50.png",
    "Well-Yes-But-Actually-No/Well-Yes-But-Actually-No_7.png",
    "Mr-McMahon-reaction/Mr-McMahon-reaction_38.png",
    "Gru-Gun/Gru-Gun_34.png",
    "Persian-Cat-Room-Guardian/Persian-Cat-Room-Guardian_2.png",
    "Put-It-Somewhere-Else-Patrick/Put-It-Somewhere-Else-Patrick_18.png",
    "attention_check/attention_check_Disgust.png",
    "Angry-Baby/Angry-Baby_40.png",
    "Arthur-Fist/Arthur-Fist_27.png",
    "Khan/Khan_42.png"
  ],
  "completion_status": {
    "practice_completed": true,
    "game_started": true,
    "game_completed": false,
    "summary_viewed": false,
    "email_submitted": false
  },
  "timestamps_unix": {
    "registration_completed": 1750073643,
    "practice_started": 1750073643,
    "practice_completed": 1750073721,
    "game_started": 1750073721,
    "first_label": null,
    "last_label": null,
    "game_completed": null,
    "summary_viewed": null,
    "email_submitted": null,
    "session_end": null,
    "last_updated": 1750073721
  },
  "timestamps_unix_ms": {
    "registration_completed_ms": 1750073643927,
    "practice_started_ms": 1750073643982,
    "practice_completed_ms": 1750073721961,
    "game_started_ms": 1750073721984,
    "first_label_ms": null,
    "last_label_ms": null,
    "game_completed_ms": null,
    "summary_viewed_ms": null,
    "email_submitted_ms": null,
    "session_end_ms": null,
    "last_updated_ms": 1750073721984
  },
  "duration_stats_ms": {
    "total_session_duration_ms": null,
    "practice_duration_ms": 77979,
    "game_duration_ms": null,
    "labeling_duration_ms": null,
    "email_submission_duration_ms": null
  }
}