{
  "user_id": "user_ac77aa",
  "file_name": "user_ac77aa_1750387971_1750388581_fullycomplete",
  "unix_start_time": 1750387971,
  "unix_start_time_ms": 1750387971172,
  "unix_end_time": 1750388581,
  "unix_end_time_ms": 1750388581203,
  "age": "40-44",
  "gender": "female",
  "user_agent": "Mozilla/5.0 (Windows NT 10.0; Win64; x64) AppleWebKit/537.36 (KHTML, like Gecko) Chrome/137.0.0.0 Safari/537.36",
  "user_ip": "122.147.213.167",
  "status": "complete",
  "email_provided": "complete",
  "attention_passed": true,
  "start_time_readable": "2025-06-20 02:52:51.172",
  "end_time_readable": "2025-06-20 03:03:01.203",
  "total_labels": 52,
  "emotion_summary": {
    "anger": 15,
    "contempt": 11,
    "disgust": 4,
    "others": 22
  },
  "email": "mm7262@yahoo.com.tw",
  "participation": "yes",
  "total_responses": 52,
  "responses": [
    {
      "image_path": "Spiderman-Hospital/Spiderman-Hospital_21.png",
      "label": "其他",
      "response_time": "00:00:11.607",
      "timestamp_unix": 1750388083,
      "timestamp_unix_ms": 1750388083386,
      "timestamp_readable": "2025-06-20 02:54:43.386",
      "normalized_name": "Spiderman-Hospital/Spiderman-Hospital",
      "meme_name": "Spiderman-Hospital",
      "post_id": 21,
      "english_label": "others",
      "response_time_ms": 11607
    },
    {
      "image_path": "Always-Has-Been/Always-Has-Been_33.png",
      "label": "其他",
      "response_time": "00:00:09.307",
      "timestamp_unix": 1750388092,
      "timestamp_unix_ms": 1750388092760,
      "timestamp_readable": "2025-06-20 02:54:52.760",
      "normalized_name": "Always-Has-Been/Always-Has-Been",
      "meme_name": "Always-Has-Been",
      "post_id": 33,
      "english_label": "others",
      "response_time_ms": 9307
    },
    {
      "image_path": "Mr-incredible-mad/Mr-incredible-mad_24.png",
      "label": "憤怒",
      "response_time": "00:00:11.302",
      "timestamp_unix": 1750388104,
      "timestamp_unix_ms": 1750388104188,
      "timestamp_readable": "2025-06-20 02:55:04.188",
      "normalized_name": "Mr-incredible-mad/Mr-incredible-mad",
      "meme_name": "Mr-incredible-mad",
      "post_id": 24,
      "english_label": "anger",
      "response_time_ms": 11302
    },
    {
      "image_path": "Khan/Khan_3.png",
      "label": "其他",
      "response_time": "00:00:10.200",
      "timestamp_unix": 1750388114,
      "timestamp_unix_ms": 1750388114495,
      "timestamp_readable": "2025-06-20 02:55:14.495",
      "normalized_name": "Khan/Khan",
      "meme_name": "Khan",
      "post_id": 3,
      "english_label": "others",
      "response_time_ms": 10200
    },
    {
      "image_path": "Hold-fart/Hold-fart_7.png",
      "label": "輕蔑",
      "response_time": "00:00:13.203",
      "timestamp_unix": 1750388127,
      "timestamp_unix_ms": 1750388127827,
      "timestamp_readable": "2025-06-20 02:55:27.827",
      "normalized_name": "Hold-fart/Hold-fart",
      "meme_name": "Hold-fart",
      "post_id": 7,
      "english_label": "contempt",
      "response_time_ms": 13203
    },
    {
      "image_path": "Disaster-Girl/Disaster-Girl_13.png",
      "label": "憤怒",
      "response_time": "00:00:11.410",
      "timestamp_unix": 1750388139,
      "timestamp_unix_ms": 1750388139338,
      "timestamp_readable": "2025-06-20 02:55:39.338",
      "normalized_name": "Disaster-Girl/Disaster-Girl",
      "meme_name": "Disaster-Girl",
      "post_id": 13,
      "english_label": "anger",
      "response_time_ms": 11410
    },
    {
      "image_path": "You-The-Real-MVP/You-The-Real-MVP_20.png",
      "label": "輕蔑",
      "response_time": "00:00:16.901",
      "timestamp_unix": 1750388156,
      "timestamp_unix_ms": 1750388156318,
      "timestamp_readable": "2025-06-20 02:55:56.318",
      "normalized_name": "You-The-Real-MVP/You-The-Real-MVP",
      "meme_name": "You-The-Real-MVP",
      "post_id": 20,
      "english_label": "contempt",
      "response_time_ms": 16901
    },
    {
      "image_path": "Confused-Gandalf/Confused-Gandalf_36.png",
      "label": "其他",
      "response_time": "00:00:08.901",
      "timestamp_unix": 1750388165,
      "timestamp_unix_ms": 1750388165280,
      "timestamp_readable": "2025-06-20 02:56:05.280",
      "normalized_name": "Confused-Gandalf/Confused-Gandalf",
      "meme_name": "Confused-Gandalf",
      "post_id": 36,
      "english_label": "others",
      "response_time_ms": 8901
    },
    {
      "image_path": "Well-Yes-But-Actually-No/Well-Yes-But-Actually-No_49.png",
      "label": "其他",
      "response_time": "00:00:12.109",
      "timestamp_unix": 1750388177,
      "timestamp_unix_ms": 1750388177504,
      "timestamp_readable": "2025-06-20 02:56:17.504",
      "normalized_name": "Well-Yes-But-Actually-No/Well-Yes-But-Actually-No",
      "meme_name": "Well-Yes-But-Actually-No",
      "post_id": 49,
      "english_label": "others",
      "response_time_ms": 12109
    },
    {
      "image_path": "Im-The-Captain-Now/Im-The-Captain-Now_28.png",
      "label": "輕蔑",
      "response_time": "00:00:08.601",
      "timestamp_unix": 1750388186,
      "timestamp_unix_ms": 1750388186214,
      "timestamp_readable": "2025-06-20 02:56:26.214",
      "normalized_name": "Im-The-Captain-Now/Im-The-Captain-Now",
      "meme_name": "Im-The-Captain-Now",
      "post_id": 28,
      "english_label": "contempt",
      "response_time_ms": 8601
    },
    {
      "image_path": "Picard-Wtf/Picard-Wtf_22.png",
      "label": "厭惡",
      "response_time": "00:00:18.004",
      "timestamp_unix": 1750388204,
      "timestamp_unix_ms": 1750388204350,
      "timestamp_readable": "2025-06-20 02:56:44.350",
      "normalized_name": "Picard-Wtf/Picard-Wtf",
      "meme_name": "Picard-Wtf",
      "post_id": 22,
      "english_label": "disgust",
      "response_time_ms": 18004
    },
    {
      "image_path": "Happy--Shock/Happy--Shock_26.png",
      "label": "厭惡",
      "response_time": "00:00:13.904",
      "timestamp_unix": 1750388218,
      "timestamp_unix_ms": 1750388218377,
      "timestamp_readable": "2025-06-20 02:56:58.377",
      "normalized_name": "Happy--Shock/Happy--Shock",
      "meme_name": "Happy--Shock",
      "post_id": 26,
      "english_label": "disgust",
      "response_time_ms": 13904
    },
    {
      "image_path": "Moe-throws-Barney/Moe-throws-Barney_19.png",
      "label": "憤怒",
      "response_time": "00:00:11.501",
      "timestamp_unix": 1750388230,
      "timestamp_unix_ms": 1750388230007,
      "timestamp_readable": "2025-06-20 02:57:10.007",
      "normalized_name": "Moe-throws-Barney/Moe-throws-Barney",
      "meme_name": "Moe-throws-Barney",
      "post_id": 19,
      "english_label": "anger",
      "response_time_ms": 11501
    },
    {
      "image_path": "Gru-Gun/Gru-Gun_2.png",
      "label": "憤怒",
      "response_time": "00:00:07.109",
      "timestamp_unix": 1750388237,
      "timestamp_unix_ms": 1750388237214,
      "timestamp_readable": "2025-06-20 02:57:17.214",
      "normalized_name": "Gru-Gun/Gru-Gun",
      "meme_name": "Gru-Gun",
      "post_id": 2,
      "english_label": "anger",
      "response_time_ms": 7109
    },
    {
      "image_path": "Dave-chappelle/Dave-chappelle_18.png",
      "label": "其他",
      "response_time": "00:00:04.804",
      "timestamp_unix": 1750388242,
      "timestamp_unix_ms": 1750388242135,
      "timestamp_readable": "2025-06-20 02:57:22.135",
      "normalized_name": "Dave-chappelle/Dave-chappelle",
      "meme_name": "Dave-chappelle",
      "post_id": 18,
      "english_label": "others",
      "response_time_ms": 4804
    },
    {
      "image_path": "Batman-Slapping-Robin/Batman-Slapping-Robin_23.png",
      "label": "憤怒",
      "response_time": "00:00:11.213",
      "timestamp_unix": 1750388253,
      "timestamp_unix_ms": 1750388253446,
      "timestamp_readable": "2025-06-20 02:57:33.446",
      "normalized_name": "Batman-Slapping-Robin/Batman-Slapping-Robin",
      "meme_name": "Batman-Slapping-Robin",
      "post_id": 23,
      "english_label": "anger",
      "response_time_ms": 11213
    },
    {
      "image_path": "Nuclear-Explosion/Nuclear-Explosion_29.png",
      "label": "憤怒",
      "response_time": "00:00:04.807",
      "timestamp_unix": 1750388258,
      "timestamp_unix_ms": 1750388258350,
      "timestamp_readable": "2025-06-20 02:57:38.350",
      "normalized_name": "Nuclear-Explosion/Nuclear-Explosion",
      "meme_name": "Nuclear-Explosion",
      "post_id": 29,
      "english_label": "anger",
      "response_time_ms": 4807
    },
    {
      "image_path": "Surprised-Pikachu/Surprised-Pikachu_39.png",
      "label": "其他",
      "response_time": "00:00:06.306",
      "timestamp_unix": 1750388264,
      "timestamp_unix_ms": 1750388264722,
      "timestamp_readable": "2025-06-20 02:57:44.722",
      "normalized_name": "Surprised-Pikachu/Surprised-Pikachu",
      "meme_name": "Surprised-Pikachu",
      "post_id": 39,
      "english_label": "others",
      "response_time_ms": 6306
    },
    {
      "image_path": "Mocking-Spongebob/Mocking-Spongebob_32.png",
      "label": "其他",
      "response_time": "00:00:11.400",
      "timestamp_unix": 1750388276,
      "timestamp_unix_ms": 1750388276185,
      "timestamp_readable": "2025-06-20 02:57:56.185",
      "normalized_name": "Mocking-Spongebob/Mocking-Spongebob",
      "meme_name": "Mocking-Spongebob",
      "post_id": 32,
      "english_label": "others",
      "response_time_ms": 11400
    },
    {
      "image_path": "Black-guy-hiding-behind-tree/Black-guy-hiding-behind-tree_8.png",
      "label": "輕蔑",
      "response_time": "00:00:12.001",
      "timestamp_unix": 1750388288,
      "timestamp_unix_ms": 1750388288274,
      "timestamp_readable": "2025-06-20 02:58:08.274",
      "normalized_name": "Black-guy-hiding-behind-tree/Black-guy-hiding-behind-tree",
      "meme_name": "Black-guy-hiding-behind-tree",
      "post_id": 8,
      "english_label": "contempt",
      "response_time_ms": 12001
    },
    {
      "image_path": "Ill-Have-You-Know-Spongebob/Ill-Have-You-Know-Spongebob_48.png",
      "label": "輕蔑",
      "response_time": "00:00:10.403",
      "timestamp_unix": 1750388298,
      "timestamp_unix_ms": 1750388298736,
      "timestamp_readable": "2025-06-20 02:58:18.736",
      "normalized_name": "Ill-Have-You-Know-Spongebob/Ill-Have-You-Know-Spongebob",
      "meme_name": "Ill-Have-You-Know-Spongebob",
      "post_id": 48,
      "english_label": "contempt",
      "response_time_ms": 10403
    },
    {
      "image_path": "Mr-McMahon-reaction/Mr-McMahon-reaction_43.png",
      "label": "輕蔑",
      "response_time": "00:00:05.203",
      "timestamp_unix": 1750388304,
      "timestamp_unix_ms": 1750388304027,
      "timestamp_readable": "2025-06-20 02:58:24.027",
      "normalized_name": "Mr-McMahon-reaction/Mr-McMahon-reaction",
      "meme_name": "Mr-McMahon-reaction",
      "post_id": 43,
      "english_label": "contempt",
      "response_time_ms": 5203
    },
    {
      "image_path": "Spongebob-Yelling/Spongebob-Yelling_10.png",
      "label": "其他",
      "response_time": "00:00:08.703",
      "timestamp_unix": 1750388312,
      "timestamp_unix_ms": 1750388312836,
      "timestamp_readable": "2025-06-20 02:58:32.836",
      "normalized_name": "Spongebob-Yelling/Spongebob-Yelling",
      "meme_name": "Spongebob-Yelling",
      "post_id": 10,
      "english_label": "others",
      "response_time_ms": 8703
    },
    {
      "image_path": "attention_check/attention_check_Contempt.png",
      "label": "輕蔑",
      "response_time": "00:00:03.304",
      "timestamp_unix": 1750388316,
      "timestamp_unix_ms": 1750388316188,
      "timestamp_readable": "2025-06-20 02:58:36.188",
      "normalized_name": "attention_check/attention_check_Contempt.png",
      "meme_name": "attention_check",
      "post_id": null,
      "english_label": "contempt",
      "response_time_ms": 3304
    },
    {
      "image_path": "Futurama-Fry/Futurama-Fry_45.png",
      "label": "輕蔑",
      "response_time": "00:00:12.304",
      "timestamp_unix": 1750388328,
      "timestamp_unix_ms": 1750388328581,
      "timestamp_readable": "2025-06-20 02:58:48.581",
      "normalized_name": "Futurama-Fry/Futurama-Fry",
      "meme_name": "Futurama-Fry",
      "post_id": 45,
      "english_label": "contempt",
      "response_time_ms": 12304
    },
    {
      "image_path": "I-am-once-again-asking/I-am-once-again-asking_25.png",
      "label": "憤怒",
      "response_time": "00:00:07.609",
      "timestamp_unix": 1750388336,
      "timestamp_unix_ms": 1750388336240,
      "timestamp_readable": "2025-06-20 02:58:56.240",
      "normalized_name": "I-am-once-again-asking/I-am-once-again-asking",
      "meme_name": "I-am-once-again-asking",
      "post_id": 25,
      "english_label": "anger",
      "response_time_ms": 7609
    },
    {
      "image_path": "Angry-Baby/Angry-Baby_5.png",
      "label": "憤怒",
      "response_time": "00:00:07.310",
      "timestamp_unix": 1750388343,
      "timestamp_unix_ms": 1750388343631,
      "timestamp_readable": "2025-06-20 02:59:03.631",
      "normalized_name": "Angry-Baby/Angry-Baby",
      "meme_name": "Angry-Baby",
      "post_id": 5,
      "english_label": "anger",
      "response_time_ms": 7310
    },
    {
      "image_path": "Monkey-Puppet/Monkey-Puppet_12.png",
      "label": "其他",
      "response_time": "00:00:07.705",
      "timestamp_unix": 1750388351,
      "timestamp_unix_ms": 1750388351420,
      "timestamp_readable": "2025-06-20 02:59:11.420",
      "normalized_name": "Monkey-Puppet/Monkey-Puppet",
      "meme_name": "Monkey-Puppet",
      "post_id": 12,
      "english_label": "others",
      "response_time_ms": 7705
    },
    {
      "image_path": "Chill-guy/Chill-guy_35.png",
      "label": "其他",
      "response_time": "00:00:05.906",
      "timestamp_unix": 1750388357,
      "timestamp_unix_ms": 1750388357428,
      "timestamp_readable": "2025-06-20 02:59:17.428",
      "normalized_name": "Chill-guy/Chill-guy",
      "meme_name": "Chill-guy",
      "post_id": 35,
      "english_label": "others",
      "response_time_ms": 5906
    },
    {
      "image_path": "Laughing-wolf/Laughing-wolf_37.png",
      "label": "輕蔑",
      "response_time": "00:00:13.101",
      "timestamp_unix": 1750388370,
      "timestamp_unix_ms": 1750388370657,
      "timestamp_readable": "2025-06-20 02:59:30.657",
      "normalized_name": "Laughing-wolf/Laughing-wolf",
      "meme_name": "Laughing-wolf",
      "post_id": 37,
      "english_label": "contempt",
      "response_time_ms": 13101
    },
    {
      "image_path": "Dinkleberg/Dinkleberg_38.png",
      "label": "其他",
      "response_time": "00:00:09.503",
      "timestamp_unix": 1750388380,
      "timestamp_unix_ms": 1750388380283,
      "timestamp_readable": "2025-06-20 02:59:40.283",
      "normalized_name": "Dinkleberg/Dinkleberg",
      "meme_name": "Dinkleberg",
      "post_id": 38,
      "english_label": "others",
      "response_time_ms": 9503
    },
    {
      "image_path": "Afraid-To-Ask-Andy/Afraid-To-Ask-Andy_50.png",
      "label": "其他",
      "response_time": "00:00:09.708",
      "timestamp_unix": 1750388390,
      "timestamp_unix_ms": 1750388390076,
      "timestamp_readable": "2025-06-20 02:59:50.076",
      "normalized_name": "Afraid-To-Ask-Andy/Afraid-To-Ask-Andy",
      "meme_name": "Afraid-To-Ask-Andy",
      "post_id": 50,
      "english_label": "others",
      "response_time_ms": 9708
    },
    {
      "image_path": "Arthur-Fist/Arthur-Fist_4.png",
      "label": "憤怒",
      "response_time": "00:00:04.703",
      "timestamp_unix": 1750388394,
      "timestamp_unix_ms": 1750388394861,
      "timestamp_readable": "2025-06-20 02:59:54.861",
      "normalized_name": "Arthur-Fist/Arthur-Fist",
      "meme_name": "Arthur-Fist",
      "post_id": 4,
      "english_label": "anger",
      "response_time_ms": 4703
    },
    {
      "image_path": "DJ-Pauly-D/DJ-Pauly-D_27.png",
      "label": "憤怒",
      "response_time": "00:00:05.103",
      "timestamp_unix": 1750388400,
      "timestamp_unix_ms": 1750388400035,
      "timestamp_readable": "2025-06-20 03:00:00.035",
      "normalized_name": "DJ-Pauly-D/DJ-Pauly-D",
      "meme_name": "DJ-Pauly-D",
      "post_id": 27,
      "english_label": "anger",
      "response_time_ms": 5103
    },
    {
      "image_path": "Persian-Cat-Room-Guardian/Persian-Cat-Room-Guardian_17.png",
      "label": "憤怒",
      "response_time": "00:00:07.408",
      "timestamp_unix": 1750388407,
      "timestamp_unix_ms": 1750388407492,
      "timestamp_readable": "2025-06-20 03:00:07.492",
      "normalized_name": "Persian-Cat-Room-Guardian/Persian-Cat-Room-Guardian",
      "meme_name": "Persian-Cat-Room-Guardian",
      "post_id": 17,
      "english_label": "anger",
      "response_time_ms": 7408
    },
    {
      "image_path": "Obi-Wan-Kenobi/Obi-Wan-Kenobi_15.png",
      "label": "其他",
      "response_time": "00:00:12.600",
      "timestamp_unix": 1750388420,
      "timestamp_unix_ms": 1750388420136,
      "timestamp_readable": "2025-06-20 03:00:20.136",
      "normalized_name": "Obi-Wan-Kenobi/Obi-Wan-Kenobi",
      "meme_name": "Obi-Wan-Kenobi",
      "post_id": 15,
      "english_label": "others",
      "response_time_ms": 12600
    },
    {
      "image_path": "For-the-better-right-blank/For-the-better-right-blank_41.png",
      "label": "其他",
      "response_time": "00:00:06.007",
      "timestamp_unix": 1750388426,
      "timestamp_unix_ms": 1750388426207,
      "timestamp_readable": "2025-06-20 03:00:26.207",
      "normalized_name": "For-the-better-right-blank/For-the-better-right-blank",
      "meme_name": "For-the-better-right-blank",
      "post_id": 41,
      "english_label": "others",
      "response_time_ms": 6007
    },
    {
      "image_path": "Scooby-doo-mask-reveal/Scooby-doo-mask-reveal_42.png",
      "label": "其他",
      "response_time": "00:00:06.706",
      "timestamp_unix": 1750388433,
      "timestamp_unix_ms": 1750388433033,
      "timestamp_readable": "2025-06-20 03:00:33.033",
      "normalized_name": "Scooby-doo-mask-reveal/Scooby-doo-mask-reveal",
      "meme_name": "Scooby-doo-mask-reveal",
      "post_id": 42,
      "english_label": "others",
      "response_time_ms": 6706
    },
    {
      "image_path": "Drake-NoYes/Drake-NoYes_30.png",
      "label": "其他",
      "response_time": "00:00:10.701",
      "timestamp_unix": 1750388443,
      "timestamp_unix_ms": 1750388443860,
      "timestamp_readable": "2025-06-20 03:00:43.860",
      "normalized_name": "Drake-NoYes/Drake-NoYes",
      "meme_name": "Drake-NoYes",
      "post_id": 30,
      "english_label": "others",
      "response_time_ms": 10701
    },
    {
      "image_path": "Always-you-three/Always-you-three_6.png",
      "label": "輕蔑",
      "response_time": "00:00:25.924",
      "timestamp_unix": 1750388469,
      "timestamp_unix_ms": 1750388469819,
      "timestamp_readable": "2025-06-20 03:01:09.819",
      "normalized_name": "Always-you-three/Always-you-three",
      "meme_name": "Always-you-three",
      "post_id": 6,
      "english_label": "contempt",
      "response_time_ms": 25924
    },
    {
      "image_path": "Hide-the-Pain-Harold/Hide-the-Pain-Harold_11.png",
      "label": "其他",
      "response_time": "00:00:06.605",
      "timestamp_unix": 1750388476,
      "timestamp_unix_ms": 1750388476493,
      "timestamp_readable": "2025-06-20 03:01:16.493",
      "normalized_name": "Hide-the-Pain-Harold/Hide-the-Pain-Harold",
      "meme_name": "Hide-the-Pain-Harold",
      "post_id": 11,
      "english_label": "others",
      "response_time_ms": 6605
    },
    {
      "image_path": "Kevin-Hart/Kevin-Hart_9.png",
      "label": "其他",
      "response_time": "00:00:04.802",
      "timestamp_unix": 1750388481,
      "timestamp_unix_ms": 1750388481412,
      "timestamp_readable": "2025-06-20 03:01:21.412",
      "normalized_name": "Kevin-Hart/Kevin-Hart",
      "meme_name": "Kevin-Hart",
      "post_id": 9,
      "english_label": "others",
      "response_time_ms": 4802
    },
    {
      "image_path": "Table-Flip-Guy/Table-Flip-Guy_46.png",
      "label": "憤怒",
      "response_time": "00:00:04.403",
      "timestamp_unix": 1750388485,
      "timestamp_unix_ms": 1750388485929,
      "timestamp_readable": "2025-06-20 03:01:25.929",
      "normalized_name": "Table-Flip-Guy/Table-Flip-Guy",
      "meme_name": "Table-Flip-Guy",
      "post_id": 46,
      "english_label": "anger",
      "response_time_ms": 4403
    },
    {
      "image_path": "Leonardo-Dicaprio-Wolf-Of-Wall-Street/Leonardo-Dicaprio-Wolf-Of-Wall-Street_1.png",
      "label": "輕蔑",
      "response_time": "00:00:11.902",
      "timestamp_unix": 1750388497,
      "timestamp_unix_ms": 1750388497912,
      "timestamp_readable": "2025-06-20 03:01:37.912",
      "normalized_name": "Leonardo-Dicaprio-Wolf-Of-Wall-Street/Leonardo-Dicaprio-Wolf-Of-Wall-Street",
      "meme_name": "Leonardo-Dicaprio-Wolf-Of-Wall-Street",
      "post_id": 1,
      "english_label": "contempt",
      "response_time_ms": 11902
    },
    {
      "image_path": "Archer/Archer_34.png",
      "label": "其他",
      "response_time": "00:00:06.905",
      "timestamp_unix": 1750388504,
      "timestamp_unix_ms": 1750388504885,
      "timestamp_readable": "2025-06-20 03:01:44.885",
      "normalized_name": "Archer/Archer",
      "meme_name": "Archer",
      "post_id": 34,
      "english_label": "others",
      "response_time_ms": 6905
    },
    {
      "image_path": "Charlie-Day/Charlie-Day_44.png",
      "label": "憤怒",
      "response_time": "00:00:06.601",
      "timestamp_unix": 1750388511,
      "timestamp_unix_ms": 1750388511640,
      "timestamp_readable": "2025-06-20 03:01:51.640",
      "normalized_name": "Charlie-Day/Charlie-Day",
      "meme_name": "Charlie-Day",
      "post_id": 44,
      "english_label": "anger",
      "response_time_ms": 6601
    },
    {
      "image_path": "attention_check/attention_check_Disgust.png",
      "label": "厭惡",
      "response_time": "00:00:02.801",
      "timestamp_unix": 1750388514,
      "timestamp_unix_ms": 1750388514526,
      "timestamp_readable": "2025-06-20 03:01:54.526",
      "normalized_name": "attention_check/attention_check_Disgust.png",
      "meme_name": "attention_check",
      "post_id": null,
      "english_label": "disgust",
      "response_time_ms": 2801
    },
    {
      "image_path": "Smudge-the-cat/Smudge-the-cat_40.png",
      "label": "憤怒",
      "response_time": "00:00:06.801",
      "timestamp_unix": 1750388521,
      "timestamp_unix_ms": 1750388521417,
      "timestamp_readable": "2025-06-20 03:02:01.417",
      "normalized_name": "Smudge-the-cat/Smudge-the-cat",
      "meme_name": "Smudge-the-cat",
      "post_id": 40,
      "english_label": "anger",
      "response_time_ms": 6801
    },
    {
      "image_path": "Math-ladyConfused-lady/Math-ladyConfused-lady_14.png",
      "label": "厭惡",
      "response_time": "00:00:08.501",
      "timestamp_unix": 1750388530,
      "timestamp_unix_ms": 1750388530025,
      "timestamp_readable": "2025-06-20 03:02:10.025",
      "normalized_name": "Math-ladyConfused-lady/Math-ladyConfused-lady",
      "meme_name": "Math-ladyConfused-lady",
      "post_id": 14,
      "english_label": "disgust",
      "response_time_ms": 8501
    },
    {
      "image_path": "Thats-a-paddlin/Thats-a-paddlin_31.png",
      "label": "其他",
      "response_time": "00:00:10.408",
      "timestamp_unix": 1750388540,
      "timestamp_unix_ms": 1750388540580,
      "timestamp_readable": "2025-06-20 03:02:20.580",
      "normalized_name": "Thats-a-paddlin/Thats-a-paddlin",
      "meme_name": "Thats-a-paddlin",
      "post_id": 31,
      "english_label": "others",
      "response_time_ms": 10408
    },
    {
      "image_path": "Disappointed-Man/Disappointed-Man_47.png",
      "label": "憤怒",
      "response_time": "00:00:04.304",
      "timestamp_unix": 1750388545,
      "timestamp_unix_ms": 1750388545006,
      "timestamp_readable": "2025-06-20 03:02:25.006",
      "normalized_name": "Disappointed-Man/Disappointed-Man",
      "meme_name": "Disappointed-Man",
      "post_id": 47,
      "english_label": "anger",
      "response_time_ms": 4304
    },
    {
      "image_path": "Put-It-Somewhere-Else-Patrick/Put-It-Somewhere-Else-Patrick_16.png",
      "label": "其他",
      "response_time": "00:00:08.206",
      "timestamp_unix": 1750388553,
      "timestamp_unix_ms": 1750388553297,
      "timestamp_readable": "2025-06-20 03:02:33.297",
      "normalized_name": "Put-It-Somewhere-Else-Patrick/Put-It-Somewhere-Else-Patrick",
      "meme_name": "Put-It-Somewhere-Else-Patrick",
      "post_id": 16,
      "english_label": "others",
      "response_time_ms": 8206
    }
  ],
  "session_start_unix": 1750387971,
  "session_status": "completed",
  "last_updated_unix": 1750388581,
  "image_order": [
    "Spiderman-Hospital/Spiderman-Hospital_21.png",
    "Happy--Shock/Happy--Shock_26.png",
    "Chill-guy/Chill-guy_35.png",
    "I-am-once-again-asking/I-am-once-again-asking_25.png",
    "Math-ladyConfused-lady/Math-ladyConfused-lady_14.png",
    "Archer/Archer_34.png",
    "Leonardo-Dicaprio-Wolf-Of-Wall-Street/Leonardo-Dicaprio-Wolf-Of-Wall-Street_1.png",
    "Mocking-Spongebob/Mocking-Spongebob_32.png",
    "Afraid-To-Ask-Andy/Afraid-To-Ask-Andy_50.png",
    "Charlie-Day/Charlie-Day_44.png",
    "Always-Has-Been/Always-Has-Been_33.png",
    "Picard-Wtf/Picard-Wtf_22.png",
    "Batman-Slapping-Robin/Batman-Slapping-Robin_23.png",
    "For-the-better-right-blank/For-the-better-right-blank_41.png",
    "Drake-NoYes/Drake-NoYes_30.png",
    "Laughing-wolf/Laughing-wolf_37.png",
    "DJ-Pauly-D/DJ-Pauly-D_27.png",
    "Always-you-three/Always-you-three_6.png",
    "Disappointed-Man/Disappointed-Man_47.png",
    "Smudge-the-cat/Smudge-the-cat_40.png",
    "Thats-a-paddlin/Thats-a-paddlin_31.png",
    "Hide-the-Pain-Harold/Hide-the-Pain-Harold_11.png",
    "Hold-fart/Hold-fart_7.png",
    "attention_check/attention_check_Contempt.png",
    "Im-The-Captain-Now/Im-The-Captain-Now_28.png",
    "Obi-Wan-Kenobi/Obi-Wan-Kenobi_15.png",
    "Spongebob-Yelling/Spongebob-Yelling_10.png",
    "Nuclear-Explosion/Nuclear-Explosion_29.png",
    "Dinkleberg/Dinkleberg_38.png",
    "Scooby-doo-mask-reveal/Scooby-doo-mask-reveal_42.png",
    "Disaster-Girl/Disaster-Girl_13.png",
    "Black-guy-hiding-behind-tree/Black-guy-hiding-behind-tree_8.png",
    "You-The-Real-MVP/You-The-Real-MVP_20.png",
    "Moe-throws-Barney/Moe-throws-Barney_19.png",
    "Ill-Have-You-Know-Spongebob/Ill-Have-You-Know-Spongebob_48.png",
    "Futurama-Fry/Futurama-Fry_45.png",
    "Monkey-Puppet/Monkey-Puppet_12.png",
    "Confused-Gandalf/Confused-Gandalf_36.png",
    "Mr-incredible-mad/Mr-incredible-mad_24.png",
    "Dave-chappelle/Dave-chappelle_18.png",
    "Surprised-Pikachu/Surprised-Pikachu_39.png",
    "Table-Flip-Guy/Table-Flip-Guy_46.png",
    "Kevin-Hart/Kevin-Hart_9.png",
    "Well-Yes-But-Actually-No/Well-Yes-But-Actually-No_49.png",
    "Mr-McMahon-reaction/Mr-McMahon-reaction_43.png",
    "Gru-Gun/Gru-Gun_2.png",
    "attention_check/attention_check_Disgust.png",
    "Persian-Cat-Room-Guardian/Persian-Cat-Room-Guardian_17.png",
    "Put-It-Somewhere-Else-Patrick/Put-It-Somewhere-Else-Patrick_16.png",
    "Angry-Baby/Angry-Baby_5.png",
    "Arthur-Fist/Arthur-Fist_4.png",
    "Khan/Khan_3.png"
  ],
  "completion_status": {
    "practice_completed": true,
    "game_started": true,
    "game_completed": true,
    "summary_viewed": true,
    "email_submitted": true
  },
  "timestamps_unix": {
    "registration_completed": 1750387971,
    "practice_started": 1750387971,
    "practice_completed": 1750388071,
    "game_started": 1750388071,
    "first_label": 1750388083,
    "last_label": 1750388553,
    "game_completed": 1750388555,
    "summary_viewed": 1750388555,
    "email_submitted": 1750388581,
    "session_end": 1750388581,
    "last_updated": 1750388581
  },
  "timestamps_unix_ms": {
    "registration_completed_ms": 1750387971172,
    "practice_started_ms": 1750387971204,
    "practice_completed_ms": 1750388071601,
    "game_started_ms": 1750388071608,
    "first_label_ms": 1750388083386,
    "last_label_ms": 1750388553297,
    "game_completed_ms": 1750388555803,
    "summary_viewed_ms": 1750388555810,
    "email_submitted_ms": 1750388581196,
    "session_end_ms": 1750388581196,
    "last_updated_ms": 1750388581196
  },
  "duration_stats_ms": {
    "total_session_duration_ms": 610024,
    "practice_duration_ms": 100397,
    "game_duration_ms": 484195,
    "labeling_duration_ms": 469911,
    "email_submission_duration_ms": 25386
  },
  "filename_updated_unix": 1750388555,
  "original_filename": "user_ac77aa",
  "completion_status_in_filename": "email_submitted"
}