{
  "user_id": "user_4ee5bb",
  "file_name": "user_4ee5bb_1751443930_1751444247_fullycomplete",
  "unix_start_time": 1751443930,
  "unix_start_time_ms": 1751443930227,
  "unix_end_time": 1751444247,
  "unix_end_time_ms": 1751444247645,
  "age": "25-29",
  "gender": "male",
  "user_agent": "Mozilla/5.0 (Windows NT 10.0; Win64; x64) AppleWebKit/537.36 (KHTML, like Gecko) Chrome/138.0.0.0 Safari/537.36",
  "user_ip": "60.251.46.54",
  "status": "complete",
  "email_provided": "complete",
  "attention_passed": true,
  "start_time_readable": "2025-07-02 08:12:10.227",
  "end_time_readable": "2025-07-02 08:17:27.645",
  "total_labels": 52,
  "emotion_summary": {
    "anger": 12,
    "contempt": 24,
    "disgust": 5,
    "others": 11
  },
  "email": "kyleyac980626ckbc@gmail.com",
  "participation": "yes",
  "total_responses": 52,
  "responses": [
    {
      "image_path": "Futurama-Fry/Futurama-Fry_23.png",
      "label": "輕蔑",
      "response_time": "00:00:03.703",
      "timestamp_unix": 1751443978,
      "timestamp_unix_ms": 1751443978813,
      "timestamp_readable": "2025-07-02 08:12:58.813",
      "normalized_name": "Futurama-Fry/Futurama-Fry",
      "meme_name": "Futurama-Fry",
      "post_id": 23,
      "english_label": "contempt",
      "response_time_ms": 3703
    },
    {
      "image_path": "Khan/Khan_16.png",
      "label": "憤怒",
      "response_time": "00:00:03.208",
      "timestamp_unix": 1751443982,
      "timestamp_unix_ms": 1751443982047,
      "timestamp_readable": "2025-07-02 08:13:02.047",
      "normalized_name": "Khan/Khan",
      "meme_name": "Khan",
      "post_id": 16,
      "english_label": "anger",
      "response_time_ms": 3208
    },
    {
      "image_path": "You-The-Real-MVP/You-The-Real-MVP_25.png",
      "label": "輕蔑",
      "response_time": "00:00:03.704",
      "timestamp_unix": 1751443985,
      "timestamp_unix_ms": 1751443985849,
      "timestamp_readable": "2025-07-02 08:13:05.849",
      "normalized_name": "You-The-Real-MVP/You-The-Real-MVP",
      "meme_name": "You-The-Real-MVP",
      "post_id": 25,
      "english_label": "contempt",
      "response_time_ms": 3704
    },
    {
      "image_path": "Charlie-Day/Charlie-Day_41.png",
      "label": "其他",
      "response_time": "00:00:08.504",
      "timestamp_unix": 1751443994,
      "timestamp_unix_ms": 1751443994470,
      "timestamp_readable": "2025-07-02 08:13:14.470",
      "normalized_name": "Charlie-Day/Charlie-Day",
      "meme_name": "Charlie-Day",
      "post_id": 41,
      "english_label": "others",
      "response_time_ms": 8504
    },
    {
      "image_path": "Afraid-To-Ask-Andy/Afraid-To-Ask-Andy_22.png",
      "label": "輕蔑",
      "response_time": "00:00:03.408",
      "timestamp_unix": 1751443997,
      "timestamp_unix_ms": 1751443997933,
      "timestamp_readable": "2025-07-02 08:13:17.933",
      "normalized_name": "Afraid-To-Ask-Andy/Afraid-To-Ask-Andy",
      "meme_name": "Afraid-To-Ask-Andy",
      "post_id": 22,
      "english_label": "contempt",
      "response_time_ms": 3408
    },
    {
      "image_path": "Leonardo-Dicaprio-Wolf-Of-Wall-Street/Leonardo-Dicaprio-Wolf-Of-Wall-Street_26.png",
      "label": "輕蔑",
      "response_time": "00:00:05.603",
      "timestamp_unix": 1751444003,
      "timestamp_unix_ms": 1751444003668,
      "timestamp_readable": "2025-07-02 08:13:23.668",
      "normalized_name": "Leonardo-Dicaprio-Wolf-Of-Wall-Street/Leonardo-Dicaprio-Wolf-Of-Wall-Street",
      "meme_name": "Leonardo-Dicaprio-Wolf-Of-Wall-Street",
      "post_id": 26,
      "english_label": "contempt",
      "response_time_ms": 5603
    },
    {
      "image_path": "Table-Flip-Guy/Table-Flip-Guy_40.png",
      "label": "憤怒",
      "response_time": "00:00:02.305",
      "timestamp_unix": 1751444006,
      "timestamp_unix_ms": 1751444006065,
      "timestamp_readable": "2025-07-02 08:13:26.065",
      "normalized_name": "Table-Flip-Guy/Table-Flip-Guy",
      "meme_name": "Table-Flip-Guy",
      "post_id": 40,
      "english_label": "anger",
      "response_time_ms": 2305
    },
    {
      "image_path": "Well-Yes-But-Actually-No/Well-Yes-But-Actually-No_31.png",
      "label": "其他",
      "response_time": "00:00:07.205",
      "timestamp_unix": 1751444013,
      "timestamp_unix_ms": 1751444013353,
      "timestamp_readable": "2025-07-02 08:13:33.353",
      "normalized_name": "Well-Yes-But-Actually-No/Well-Yes-But-Actually-No",
      "meme_name": "Well-Yes-But-Actually-No",
      "post_id": 31,
      "english_label": "others",
      "response_time_ms": 7205
    },
    {
      "image_path": "Archer/Archer_29.png",
      "label": "輕蔑",
      "response_time": "00:00:04.102",
      "timestamp_unix": 1751444017,
      "timestamp_unix_ms": 1751444017547,
      "timestamp_readable": "2025-07-02 08:13:37.547",
      "normalized_name": "Archer/Archer",
      "meme_name": "Archer",
      "post_id": 29,
      "english_label": "contempt",
      "response_time_ms": 4102
    },
    {
      "image_path": "Obi-Wan-Kenobi/Obi-Wan-Kenobi_42.png",
      "label": "其他",
      "response_time": "00:00:07.807",
      "timestamp_unix": 1751444025,
      "timestamp_unix_ms": 1751444025441,
      "timestamp_readable": "2025-07-02 08:13:45.441",
      "normalized_name": "Obi-Wan-Kenobi/Obi-Wan-Kenobi",
      "meme_name": "Obi-Wan-Kenobi",
      "post_id": 42,
      "english_label": "others",
      "response_time_ms": 7807
    },
    {
      "image_path": "Spongebob-Yelling/Spongebob-Yelling_35.png",
      "label": "憤怒",
      "response_time": "00:00:05.600",
      "timestamp_unix": 1751444031,
      "timestamp_unix_ms": 1751444031164,
      "timestamp_readable": "2025-07-02 08:13:51.164",
      "normalized_name": "Spongebob-Yelling/Spongebob-Yelling",
      "meme_name": "Spongebob-Yelling",
      "post_id": 35,
      "english_label": "anger",
      "response_time_ms": 5600
    },
    {
      "image_path": "Put-It-Somewhere-Else-Patrick/Put-It-Somewhere-Else-Patrick_32.png",
      "label": "輕蔑",
      "response_time": "00:00:05.105",
      "timestamp_unix": 1751444036,
      "timestamp_unix_ms": 1751444036406,
      "timestamp_readable": "2025-07-02 08:13:56.406",
      "normalized_name": "Put-It-Somewhere-Else-Patrick/Put-It-Somewhere-Else-Patrick",
      "meme_name": "Put-It-Somewhere-Else-Patrick",
      "post_id": 32,
      "english_label": "contempt",
      "response_time_ms": 5105
    },
    {
      "image_path": "For-the-better-right-blank/For-the-better-right-blank_21.png",
      "label": "輕蔑",
      "response_time": "00:00:04.600",
      "timestamp_unix": 1751444041,
      "timestamp_unix_ms": 1751444041113,
      "timestamp_readable": "2025-07-02 08:14:01.113",
      "normalized_name": "For-the-better-right-blank/For-the-better-right-blank",
      "meme_name": "For-the-better-right-blank",
      "post_id": 21,
      "english_label": "contempt",
      "response_time_ms": 4600
    },
    {
      "image_path": "Picard-Wtf/Picard-Wtf_7.png",
      "label": "輕蔑",
      "response_time": "00:00:03.905",
      "timestamp_unix": 1751444045,
      "timestamp_unix_ms": 1751444045096,
      "timestamp_readable": "2025-07-02 08:14:05.096",
      "normalized_name": "Picard-Wtf/Picard-Wtf",
      "meme_name": "Picard-Wtf",
      "post_id": 7,
      "english_label": "contempt",
      "response_time_ms": 3905
    },
    {
      "image_path": "Confused-Gandalf/Confused-Gandalf_44.png",
      "label": "輕蔑",
      "response_time": "00:00:02.905",
      "timestamp_unix": 1751444048,
      "timestamp_unix_ms": 1751444048098,
      "timestamp_readable": "2025-07-02 08:14:08.098",
      "normalized_name": "Confused-Gandalf/Confused-Gandalf",
      "meme_name": "Confused-Gandalf",
      "post_id": 44,
      "english_label": "contempt",
      "response_time_ms": 2905
    },
    {
      "image_path": "Monkey-Puppet/Monkey-Puppet_6.png",
      "label": "輕蔑",
      "response_time": "00:00:06.804",
      "timestamp_unix": 1751444054,
      "timestamp_unix_ms": 1751444054958,
      "timestamp_readable": "2025-07-02 08:14:14.958",
      "normalized_name": "Monkey-Puppet/Monkey-Puppet",
      "meme_name": "Monkey-Puppet",
      "post_id": 6,
      "english_label": "contempt",
      "response_time_ms": 6804
    },
    {
      "image_path": "Dave-chappelle/Dave-chappelle_34.png",
      "label": "其他",
      "response_time": "00:00:06.601",
      "timestamp_unix": 1751444061,
      "timestamp_unix_ms": 1751444061649,
      "timestamp_readable": "2025-07-02 08:14:21.649",
      "normalized_name": "Dave-chappelle/Dave-chappelle",
      "meme_name": "Dave-chappelle",
      "post_id": 34,
      "english_label": "others",
      "response_time_ms": 6601
    },
    {
      "image_path": "Scooby-doo-mask-reveal/Scooby-doo-mask-reveal_45.png",
      "label": "其他",
      "response_time": "00:00:06.703",
      "timestamp_unix": 1751444068,
      "timestamp_unix_ms": 1751444068465,
      "timestamp_readable": "2025-07-02 08:14:28.465",
      "normalized_name": "Scooby-doo-mask-reveal/Scooby-doo-mask-reveal",
      "meme_name": "Scooby-doo-mask-reveal",
      "post_id": 45,
      "english_label": "others",
      "response_time_ms": 6703
    },
    {
      "image_path": "Spiderman-Hospital/Spiderman-Hospital_20.png",
      "label": "輕蔑",
      "response_time": "00:00:04.504",
      "timestamp_unix": 1751444073,
      "timestamp_unix_ms": 1751444073050,
      "timestamp_readable": "2025-07-02 08:14:33.050",
      "normalized_name": "Spiderman-Hospital/Spiderman-Hospital",
      "meme_name": "Spiderman-Hospital",
      "post_id": 20,
      "english_label": "contempt",
      "response_time_ms": 4504
    },
    {
      "image_path": "Mr-incredible-mad/Mr-incredible-mad_5.png",
      "label": "憤怒",
      "response_time": "00:00:03.902",
      "timestamp_unix": 1751444077,
      "timestamp_unix_ms": 1751444077065,
      "timestamp_readable": "2025-07-02 08:14:37.065",
      "normalized_name": "Mr-incredible-mad/Mr-incredible-mad",
      "meme_name": "Mr-incredible-mad",
      "post_id": 5,
      "english_label": "anger",
      "response_time_ms": 3902
    },
    {
      "image_path": "Hold-fart/Hold-fart_28.png",
      "label": "輕蔑",
      "response_time": "00:00:03.201",
      "timestamp_unix": 1751444080,
      "timestamp_unix_ms": 1751444080350,
      "timestamp_readable": "2025-07-02 08:14:40.350",
      "normalized_name": "Hold-fart/Hold-fart",
      "meme_name": "Hold-fart",
      "post_id": 28,
      "english_label": "contempt",
      "response_time_ms": 3201
    },
    {
      "image_path": "Disappointed-Man/Disappointed-Man_3.png",
      "label": "厭惡",
      "response_time": "00:00:07.801",
      "timestamp_unix": 1751444088,
      "timestamp_unix_ms": 1751444088279,
      "timestamp_readable": "2025-07-02 08:14:48.279",
      "normalized_name": "Disappointed-Man/Disappointed-Man",
      "meme_name": "Disappointed-Man",
      "post_id": 3,
      "english_label": "disgust",
      "response_time_ms": 7801
    },
    {
      "image_path": "Kevin-Hart/Kevin-Hart_9.png",
      "label": "憤怒",
      "response_time": "00:00:04.302",
      "timestamp_unix": 1751444092,
      "timestamp_unix_ms": 1751444092633,
      "timestamp_readable": "2025-07-02 08:14:52.633",
      "normalized_name": "Kevin-Hart/Kevin-Hart",
      "meme_name": "Kevin-Hart",
      "post_id": 9,
      "english_label": "anger",
      "response_time_ms": 4302
    },
    {
      "image_path": "attention_check/attention_check_Disgust.png",
      "label": "厭惡",
      "response_time": "00:00:03.503",
      "timestamp_unix": 1751444096,
      "timestamp_unix_ms": 1751444096278,
      "timestamp_readable": "2025-07-02 08:14:56.278",
      "normalized_name": "attention_check/attention_check_Disgust.png",
      "meme_name": "attention_check",
      "post_id": null,
      "english_label": "disgust",
      "response_time_ms": 3503
    },
    {
      "image_path": "Angry-Baby/Angry-Baby_19.png",
      "label": "憤怒",
      "response_time": "00:00:04.709",
      "timestamp_unix": 1751444101,
      "timestamp_unix_ms": 1751444101082,
      "timestamp_readable": "2025-07-02 08:15:01.082",
      "normalized_name": "Angry-Baby/Angry-Baby",
      "meme_name": "Angry-Baby",
      "post_id": 19,
      "english_label": "anger",
      "response_time_ms": 4709
    },
    {
      "image_path": "Gru-Gun/Gru-Gun_39.png",
      "label": "厭惡",
      "response_time": "00:00:06.203",
      "timestamp_unix": 1751444107,
      "timestamp_unix_ms": 1751444107400,
      "timestamp_readable": "2025-07-02 08:15:07.400",
      "normalized_name": "Gru-Gun/Gru-Gun",
      "meme_name": "Gru-Gun",
      "post_id": 39,
      "english_label": "disgust",
      "response_time_ms": 6203
    },
    {
      "image_path": "Arthur-Fist/Arthur-Fist_10.png",
      "label": "憤怒",
      "response_time": "00:00:02.700",
      "timestamp_unix": 1751444110,
      "timestamp_unix_ms": 1751444110165,
      "timestamp_readable": "2025-07-02 08:15:10.165",
      "normalized_name": "Arthur-Fist/Arthur-Fist",
      "meme_name": "Arthur-Fist",
      "post_id": 10,
      "english_label": "anger",
      "response_time_ms": 2700
    },
    {
      "image_path": "Happy--Shock/Happy--Shock_43.png",
      "label": "輕蔑",
      "response_time": "00:00:02.905",
      "timestamp_unix": 1751444113,
      "timestamp_unix_ms": 1751444113149,
      "timestamp_readable": "2025-07-02 08:15:13.149",
      "normalized_name": "Happy--Shock/Happy--Shock",
      "meme_name": "Happy--Shock",
      "post_id": 43,
      "english_label": "contempt",
      "response_time_ms": 2905
    },
    {
      "image_path": "Im-The-Captain-Now/Im-The-Captain-Now_49.png",
      "label": "輕蔑",
      "response_time": "00:00:03.307",
      "timestamp_unix": 1751444116,
      "timestamp_unix_ms": 1751444116550,
      "timestamp_readable": "2025-07-02 08:15:16.550",
      "normalized_name": "Im-The-Captain-Now/Im-The-Captain-Now",
      "meme_name": "Im-The-Captain-Now",
      "post_id": 49,
      "english_label": "contempt",
      "response_time_ms": 3307
    },
    {
      "image_path": "Batman-Slapping-Robin/Batman-Slapping-Robin_47.png",
      "label": "憤怒",
      "response_time": "00:00:03.706",
      "timestamp_unix": 1751444120,
      "timestamp_unix_ms": 1751444120350,
      "timestamp_readable": "2025-07-02 08:15:20.350",
      "normalized_name": "Batman-Slapping-Robin/Batman-Slapping-Robin",
      "meme_name": "Batman-Slapping-Robin",
      "post_id": 47,
      "english_label": "anger",
      "response_time_ms": 3706
    },
    {
      "image_path": "Math-ladyConfused-lady/Math-ladyConfused-lady_11.png",
      "label": "輕蔑",
      "response_time": "00:00:02.705",
      "timestamp_unix": 1751444123,
      "timestamp_unix_ms": 1751444123114,
      "timestamp_readable": "2025-07-02 08:15:23.114",
      "normalized_name": "Math-ladyConfused-lady/Math-ladyConfused-lady",
      "meme_name": "Math-ladyConfused-lady",
      "post_id": 11,
      "english_label": "contempt",
      "response_time_ms": 2705
    },
    {
      "image_path": "Nuclear-Explosion/Nuclear-Explosion_37.png",
      "label": "憤怒",
      "response_time": "00:00:06.507",
      "timestamp_unix": 1751444130,
      "timestamp_unix_ms": 1751444130059,
      "timestamp_readable": "2025-07-02 08:15:30.059",
      "normalized_name": "Nuclear-Explosion/Nuclear-Explosion",
      "meme_name": "Nuclear-Explosion",
      "post_id": 37,
      "english_label": "anger",
      "response_time_ms": 6507
    },
    {
      "image_path": "Moe-throws-Barney/Moe-throws-Barney_4.png",
      "label": "輕蔑",
      "response_time": "00:00:04.508",
      "timestamp_unix": 1751444134,
      "timestamp_unix_ms": 1751444134629,
      "timestamp_readable": "2025-07-02 08:15:34.629",
      "normalized_name": "Moe-throws-Barney/Moe-throws-Barney",
      "meme_name": "Moe-throws-Barney",
      "post_id": 4,
      "english_label": "contempt",
      "response_time_ms": 4508
    },
    {
      "image_path": "Dinkleberg/Dinkleberg_48.png",
      "label": "厭惡",
      "response_time": "00:00:05.104",
      "timestamp_unix": 1751444139,
      "timestamp_unix_ms": 1751444139848,
      "timestamp_readable": "2025-07-02 08:15:39.848",
      "normalized_name": "Dinkleberg/Dinkleberg",
      "meme_name": "Dinkleberg",
      "post_id": 48,
      "english_label": "disgust",
      "response_time_ms": 5104
    },
    {
      "image_path": "DJ-Pauly-D/DJ-Pauly-D_2.png",
      "label": "輕蔑",
      "response_time": "00:00:07.304",
      "timestamp_unix": 1751444147,
      "timestamp_unix_ms": 1751444147221,
      "timestamp_readable": "2025-07-02 08:15:47.221",
      "normalized_name": "DJ-Pauly-D/DJ-Pauly-D",
      "meme_name": "DJ-Pauly-D",
      "post_id": 2,
      "english_label": "contempt",
      "response_time_ms": 7304
    },
    {
      "image_path": "Persian-Cat-Room-Guardian/Persian-Cat-Room-Guardian_8.png",
      "label": "輕蔑",
      "response_time": "00:00:02.503",
      "timestamp_unix": 1751444149,
      "timestamp_unix_ms": 1751444149815,
      "timestamp_readable": "2025-07-02 08:15:49.815",
      "normalized_name": "Persian-Cat-Room-Guardian/Persian-Cat-Room-Guardian",
      "meme_name": "Persian-Cat-Room-Guardian",
      "post_id": 8,
      "english_label": "contempt",
      "response_time_ms": 2503
    },
    {
      "image_path": "Laughing-wolf/Laughing-wolf_27.png",
      "label": "輕蔑",
      "response_time": "00:00:02.806",
      "timestamp_unix": 1751444152,
      "timestamp_unix_ms": 1751444152683,
      "timestamp_readable": "2025-07-02 08:15:52.683",
      "normalized_name": "Laughing-wolf/Laughing-wolf",
      "meme_name": "Laughing-wolf",
      "post_id": 27,
      "english_label": "contempt",
      "response_time_ms": 2806
    },
    {
      "image_path": "I-am-once-again-asking/I-am-once-again-asking_13.png",
      "label": "厭惡",
      "response_time": "00:00:05.003",
      "timestamp_unix": 1751444157,
      "timestamp_unix_ms": 1751444157746,
      "timestamp_readable": "2025-07-02 08:15:57.746",
      "normalized_name": "I-am-once-again-asking/I-am-once-again-asking",
      "meme_name": "I-am-once-again-asking",
      "post_id": 13,
      "english_label": "disgust",
      "response_time_ms": 5003
    },
    {
      "image_path": "Thats-a-paddlin/Thats-a-paddlin_14.png",
      "label": "憤怒",
      "response_time": "00:00:03.706",
      "timestamp_unix": 1751444161,
      "timestamp_unix_ms": 1751444161549,
      "timestamp_readable": "2025-07-02 08:16:01.549",
      "normalized_name": "Thats-a-paddlin/Thats-a-paddlin",
      "meme_name": "Thats-a-paddlin",
      "post_id": 14,
      "english_label": "anger",
      "response_time_ms": 3706
    },
    {
      "image_path": "Chill-guy/Chill-guy_15.png",
      "label": "其他",
      "response_time": "00:00:06.302",
      "timestamp_unix": 1751444167,
      "timestamp_unix_ms": 1751444167895,
      "timestamp_readable": "2025-07-02 08:16:07.895",
      "normalized_name": "Chill-guy/Chill-guy",
      "meme_name": "Chill-guy",
      "post_id": 15,
      "english_label": "others",
      "response_time_ms": 6302
    },
    {
      "image_path": "Surprised-Pikachu/Surprised-Pikachu_30.png",
      "label": "輕蔑",
      "response_time": "00:00:02.906",
      "timestamp_unix": 1751444170,
      "timestamp_unix_ms": 1751444170831,
      "timestamp_readable": "2025-07-02 08:16:10.831",
      "normalized_name": "Surprised-Pikachu/Surprised-Pikachu",
      "meme_name": "Surprised-Pikachu",
      "post_id": 30,
      "english_label": "contempt",
      "response_time_ms": 2906
    },
    {
      "image_path": "Always-you-three/Always-you-three_36.png",
      "label": "其他",
      "response_time": "00:00:03.206",
      "timestamp_unix": 1751444174,
      "timestamp_unix_ms": 1751444174163,
      "timestamp_readable": "2025-07-02 08:16:14.163",
      "normalized_name": "Always-you-three/Always-you-three",
      "meme_name": "Always-you-three",
      "post_id": 36,
      "english_label": "others",
      "response_time_ms": 3206
    },
    {
      "image_path": "Mr-McMahon-reaction/Mr-McMahon-reaction_46.png",
      "label": "輕蔑",
      "response_time": "00:00:07.103",
      "timestamp_unix": 1751444181,
      "timestamp_unix_ms": 1751444181401,
      "timestamp_readable": "2025-07-02 08:16:21.401",
      "normalized_name": "Mr-McMahon-reaction/Mr-McMahon-reaction",
      "meme_name": "Mr-McMahon-reaction",
      "post_id": 46,
      "english_label": "contempt",
      "response_time_ms": 7103
    },
    {
      "image_path": "Smudge-the-cat/Smudge-the-cat_1.png",
      "label": "憤怒",
      "response_time": "00:00:02.902",
      "timestamp_unix": 1751444184,
      "timestamp_unix_ms": 1751444184407,
      "timestamp_readable": "2025-07-02 08:16:24.407",
      "normalized_name": "Smudge-the-cat/Smudge-the-cat",
      "meme_name": "Smudge-the-cat",
      "post_id": 1,
      "english_label": "anger",
      "response_time_ms": 2902
    },
    {
      "image_path": "Always-Has-Been/Always-Has-Been_18.png",
      "label": "其他",
      "response_time": "00:00:06.508",
      "timestamp_unix": 1751444190,
      "timestamp_unix_ms": 1751444190948,
      "timestamp_readable": "2025-07-02 08:16:30.948",
      "normalized_name": "Always-Has-Been/Always-Has-Been",
      "meme_name": "Always-Has-Been",
      "post_id": 18,
      "english_label": "others",
      "response_time_ms": 6508
    },
    {
      "image_path": "Hide-the-Pain-Harold/Hide-the-Pain-Harold_24.png",
      "label": "其他",
      "response_time": "00:00:03.902",
      "timestamp_unix": 1751444194,
      "timestamp_unix_ms": 1751444194980,
      "timestamp_readable": "2025-07-02 08:16:34.980",
      "normalized_name": "Hide-the-Pain-Harold/Hide-the-Pain-Harold",
      "meme_name": "Hide-the-Pain-Harold",
      "post_id": 24,
      "english_label": "others",
      "response_time_ms": 3902
    },
    {
      "image_path": "Drake-NoYes/Drake-NoYes_17.png",
      "label": "輕蔑",
      "response_time": "00:00:05.602",
      "timestamp_unix": 1751444200,
      "timestamp_unix_ms": 1751444200649,
      "timestamp_readable": "2025-07-02 08:16:40.649",
      "normalized_name": "Drake-NoYes/Drake-NoYes",
      "meme_name": "Drake-NoYes",
      "post_id": 17,
      "english_label": "contempt",
      "response_time_ms": 5602
    },
    {
      "image_path": "Mocking-Spongebob/Mocking-Spongebob_33.png",
      "label": "其他",
      "response_time": "00:00:03.003",
      "timestamp_unix": 1751444203,
      "timestamp_unix_ms": 1751444203833,
      "timestamp_readable": "2025-07-02 08:16:43.833",
      "normalized_name": "Mocking-Spongebob/Mocking-Spongebob",
      "meme_name": "Mocking-Spongebob",
      "post_id": 33,
      "english_label": "others",
      "response_time_ms": 3003
    },
    {
      "image_path": "attention_check/attention_check_Anger.png",
      "label": "憤怒",
      "response_time": "00:00:01.703",
      "timestamp_unix": 1751444205,
      "timestamp_unix_ms": 1751444205581,
      "timestamp_readable": "2025-07-02 08:16:45.581",
      "normalized_name": "attention_check/attention_check_Anger.png",
      "meme_name": "attention_check",
      "post_id": null,
      "english_label": "anger",
      "response_time_ms": 1703
    },
    {
      "image_path": "Ill-Have-You-Know-Spongebob/Ill-Have-You-Know-Spongebob_12.png",
      "label": "輕蔑",
      "response_time": "00:00:04.901",
      "timestamp_unix": 1751444210,
      "timestamp_unix_ms": 1751444210582,
      "timestamp_readable": "2025-07-02 08:16:50.582",
      "normalized_name": "Ill-Have-You-Know-Spongebob/Ill-Have-You-Know-Spongebob",
      "meme_name": "Ill-Have-You-Know-Spongebob",
      "post_id": 12,
      "english_label": "contempt",
      "response_time_ms": 4901
    },
    {
      "image_path": "Disaster-Girl/Disaster-Girl_38.png",
      "label": "輕蔑",
      "response_time": "00:00:05.601",
      "timestamp_unix": 1751444216,
      "timestamp_unix_ms": 1751444216263,
      "timestamp_readable": "2025-07-02 08:16:56.263",
      "normalized_name": "Disaster-Girl/Disaster-Girl",
      "meme_name": "Disaster-Girl",
      "post_id": 38,
      "english_label": "contempt",
      "response_time_ms": 5601
    },
    {
      "image_path": "Black-guy-hiding-behind-tree/Black-guy-hiding-behind-tree_50.png",
      "label": "其他",
      "response_time": "00:00:04.812",
      "timestamp_unix": 1751444221,
      "timestamp_unix_ms": 1751444221100,
      "timestamp_readable": "2025-07-02 08:17:01.100",
      "normalized_name": "Black-guy-hiding-behind-tree/Black-guy-hiding-behind-tree",
      "meme_name": "Black-guy-hiding-behind-tree",
      "post_id": 50,
      "english_label": "others",
      "response_time_ms": 4812
    }
  ],
  "session_start_unix": 1751443930,
  "session_status": "completed",
  "last_updated_unix": 1751444247,
  "image_order": [
    "Spiderman-Hospital/Spiderman-Hospital_20.png",
    "Happy--Shock/Happy--Shock_43.png",
    "Chill-guy/Chill-guy_15.png",
    "I-am-once-again-asking/I-am-once-again-asking_13.png",
    "Math-ladyConfused-lady/Math-ladyConfused-lady_11.png",
    "Archer/Archer_29.png",
    "Leonardo-Dicaprio-Wolf-Of-Wall-Street/Leonardo-Dicaprio-Wolf-Of-Wall-Street_26.png",
    "Mocking-Spongebob/Mocking-Spongebob_33.png",
    "Afraid-To-Ask-Andy/Afraid-To-Ask-Andy_22.png",
    "Charlie-Day/Charlie-Day_41.png",
    "Always-Has-Been/Always-Has-Been_18.png",
    "Picard-Wtf/Picard-Wtf_7.png",
    "Batman-Slapping-Robin/Batman-Slapping-Robin_47.png",
    "For-the-better-right-blank/For-the-better-right-blank_21.png",
    "Drake-NoYes/Drake-NoYes_17.png",
    "Laughing-wolf/Laughing-wolf_27.png",
    "DJ-Pauly-D/DJ-Pauly-D_2.png",
    "Always-you-three/Always-you-three_36.png",
    "Disappointed-Man/Disappointed-Man_3.png",
    "Smudge-the-cat/Smudge-the-cat_1.png",
    "Thats-a-paddlin/Thats-a-paddlin_14.png",
    "Hide-the-Pain-Harold/Hide-the-Pain-Harold_24.png",
    "Hold-fart/Hold-fart_28.png",
    "attention_check/attention_check_Disgust.png",
    "Im-The-Captain-Now/Im-The-Captain-Now_49.png",
    "Obi-Wan-Kenobi/Obi-Wan-Kenobi_42.png",
    "Spongebob-Yelling/Spongebob-Yelling_35.png",
    "Nuclear-Explosion/Nuclear-Explosion_37.png",
    "Dinkleberg/Dinkleberg_48.png",
    "Scooby-doo-mask-reveal/Scooby-doo-mask-reveal_45.png",
    "Disaster-Girl/Disaster-Girl_38.png",
    "Black-guy-hiding-behind-tree/Black-guy-hiding-behind-tree_50.png",
    "You-The-Real-MVP/You-The-Real-MVP_25.png",
    "Moe-throws-Barney/Moe-throws-Barney_4.png",
    "Ill-Have-You-Know-Spongebob/Ill-Have-You-Know-Spongebob_12.png",
    "Futurama-Fry/Futurama-Fry_23.png",
    "Monkey-Puppet/Monkey-Puppet_6.png",
    "Confused-Gandalf/Confused-Gandalf_44.png",
    "Mr-incredible-mad/Mr-incredible-mad_5.png",
    "Dave-chappelle/Dave-chappelle_34.png",
    "Surprised-Pikachu/Surprised-Pikachu_30.png",
    "Table-Flip-Guy/Table-Flip-Guy_40.png",
    "Kevin-Hart/Kevin-Hart_9.png",
    "Well-Yes-But-Actually-No/Well-Yes-But-Actually-No_31.png",
    "Mr-McMahon-reaction/Mr-McMahon-reaction_46.png",
    "Gru-Gun/Gru-Gun_39.png",
    "Persian-Cat-Room-Guardian/Persian-Cat-Room-Guardian_8.png",
    "Put-It-Somewhere-Else-Patrick/Put-It-Somewhere-Else-Patrick_32.png",
    "attention_check/attention_check_Anger.png",
    "Angry-Baby/Angry-Baby_19.png",
    "Arthur-Fist/Arthur-Fist_10.png",
    "Khan/Khan_16.png"
  ],
  "completion_status": {
    "practice_completed": true,
    "game_started": true,
    "game_completed": true,
    "summary_viewed": true,
    "email_submitted": true
  },
  "timestamps_unix": {
    "registration_completed": 1751443930,
    "practice_started": 1751443930,
    "practice_completed": 1751443975,
    "game_started": 1751443975,
    "first_label": 1751443978,
    "last_label": 1751444221,
    "game_completed": 1751444222,
    "summary_viewed": 1751444222,
    "email_submitted": 1751444247,
    "session_end": 1751444247,
    "last_updated": 1751444247
  },
  "timestamps_unix_ms": {
    "registration_completed_ms": 1751443930227,
    "practice_started_ms": 1751443930257,
    "practice_completed_ms": 1751443975026,
    "game_started_ms": 1751443975034,
    "first_label_ms": 1751443978813,
    "last_label_ms": 1751444221100,
    "game_completed_ms": 1751444222720,
    "summary_viewed_ms": 1751444222728,
    "email_submitted_ms": 1751444247636,
    "session_end_ms": 1751444247636,
    "last_updated_ms": 1751444247636
  },
  "duration_stats_ms": {
    "total_session_duration_ms": 317409,
    "practice_duration_ms": 44769,
    "game_duration_ms": 247686,
    "labeling_duration_ms": 242287,
    "email_submission_duration_ms": 24908
  },
  "filename_updated_unix": 1751444222,
  "original_filename": "user_4ee5bb",
  "completion_status_in_filename": "email_submitted"
}