{
  "user_id": "user_7ef34b",
  "file_name": "user_7ef34b_1750087267_1750087910_fullycomplete",
  "unix_start_time": 1750087267,
  "unix_start_time_ms": 1750087267189,
  "unix_end_time": 1750087910,
  "unix_end_time_ms": 1750087910350,
  "age": "45-49",
  "gender": "male",
  "user_agent": "Mozilla/5.0 (Windows NT 10.0; Win64; x64) AppleWebKit/537.36 (KHTML, like Gecko) Chrome/135.0.0.0 Safari/537.36",
  "user_ip": "122.117.138.225",
  "status": "complete",
  "email_provided": "complete",
  "attention_passed": true,
  "start_time_readable": "2025-06-16 15:21:07.188",
  "end_time_readable": "2025-06-16 15:31:50.350",
  "total_labels": 52,
  "emotion_summary": {
    "anger": 8,
    "contempt": 14,
    "disgust": 3,
    "others": 27
  },
  "email": "x6ju1z3hle@gmail.com",
  "participation": "yes",
  "total_responses": 52,
  "responses": [
    {
      "image_path": "Mr-McMahon-reaction/Mr-McMahon-reaction_27.png",
      "label": "其他",
      "response_time": "00:00:10.400",
      "timestamp_unix": 1750087330,
      "timestamp_unix_ms": 1750087330623,
      "timestamp_readable": "2025-06-16 15:22:10.623",
      "normalized_name": "Mr-McMahon-reaction/Mr-McMahon-reaction",
      "meme_name": "Mr-McMahon-reaction",
      "post_id": 27,
      "english_label": "others",
      "response_time_ms": 10400
    },
    {
      "image_path": "Picard-Wtf/Picard-Wtf_21.png",
      "label": "輕蔑",
      "response_time": "00:00:06.406",
      "timestamp_unix": 1750087337,
      "timestamp_unix_ms": 1750087337091,
      "timestamp_readable": "2025-06-16 15:22:17.091",
      "normalized_name": "Picard-Wtf/Picard-Wtf",
      "meme_name": "Picard-Wtf",
      "post_id": 21,
      "english_label": "contempt",
      "response_time_ms": 6406
    },
    {
      "image_path": "Batman-Slapping-Robin/Batman-Slapping-Robin_18.png",
      "label": "輕蔑",
      "response_time": "00:00:13.603",
      "timestamp_unix": 1750087350,
      "timestamp_unix_ms": 1750087350842,
      "timestamp_readable": "2025-06-16 15:22:30.842",
      "normalized_name": "Batman-Slapping-Robin/Batman-Slapping-Robin",
      "meme_name": "Batman-Slapping-Robin",
      "post_id": 18,
      "english_label": "contempt",
      "response_time_ms": 13603
    },
    {
      "image_path": "Well-Yes-But-Actually-No/Well-Yes-But-Actually-No_29.png",
      "label": "輕蔑",
      "response_time": "00:00:11.506",
      "timestamp_unix": 1750087362,
      "timestamp_unix_ms": 1750087362443,
      "timestamp_readable": "2025-06-16 15:22:42.443",
      "normalized_name": "Well-Yes-But-Actually-No/Well-Yes-But-Actually-No",
      "meme_name": "Well-Yes-But-Actually-No",
      "post_id": 29,
      "english_label": "contempt",
      "response_time_ms": 11506
    },
    {
      "image_path": "I-am-once-again-asking/I-am-once-again-asking_11.png",
      "label": "其他",
      "response_time": "00:00:06.800",
      "timestamp_unix": 1750087369,
      "timestamp_unix_ms": 1750087369307,
      "timestamp_readable": "2025-06-16 15:22:49.307",
      "normalized_name": "I-am-once-again-asking/I-am-once-again-asking",
      "meme_name": "I-am-once-again-asking",
      "post_id": 11,
      "english_label": "others",
      "response_time_ms": 6800
    },
    {
      "image_path": "Spiderman-Hospital/Spiderman-Hospital_40.png",
      "label": "其他",
      "response_time": "00:00:11.608",
      "timestamp_unix": 1750087381,
      "timestamp_unix_ms": 1750087381060,
      "timestamp_readable": "2025-06-16 15:23:01.060",
      "normalized_name": "Spiderman-Hospital/Spiderman-Hospital",
      "meme_name": "Spiderman-Hospital",
      "post_id": 40,
      "english_label": "others",
      "response_time_ms": 11608
    },
    {
      "image_path": "Angry-Baby/Angry-Baby_4.png",
      "label": "其他",
      "response_time": "00:00:05.805",
      "timestamp_unix": 1750087386,
      "timestamp_unix_ms": 1750087386960,
      "timestamp_readable": "2025-06-16 15:23:06.960",
      "normalized_name": "Angry-Baby/Angry-Baby",
      "meme_name": "Angry-Baby",
      "post_id": 4,
      "english_label": "others",
      "response_time_ms": 5805
    },
    {
      "image_path": "Obi-Wan-Kenobi/Obi-Wan-Kenobi_32.png",
      "label": "其他",
      "response_time": "00:00:05.503",
      "timestamp_unix": 1750087392,
      "timestamp_unix_ms": 1750087392544,
      "timestamp_readable": "2025-06-16 15:23:12.544",
      "normalized_name": "Obi-Wan-Kenobi/Obi-Wan-Kenobi",
      "meme_name": "Obi-Wan-Kenobi",
      "post_id": 32,
      "english_label": "others",
      "response_time_ms": 5503
    },
    {
      "image_path": "Math-ladyConfused-lady/Math-ladyConfused-lady_23.png",
      "label": "其他",
      "response_time": "00:00:09.501",
      "timestamp_unix": 1750087402,
      "timestamp_unix_ms": 1750087402128,
      "timestamp_readable": "2025-06-16 15:23:22.128",
      "normalized_name": "Math-ladyConfused-lady/Math-ladyConfused-lady",
      "meme_name": "Math-ladyConfused-lady",
      "post_id": 23,
      "english_label": "others",
      "response_time_ms": 9501
    },
    {
      "image_path": "Confused-Gandalf/Confused-Gandalf_30.png",
      "label": "輕蔑",
      "response_time": "00:00:12.204",
      "timestamp_unix": 1750087414,
      "timestamp_unix_ms": 1750087414392,
      "timestamp_readable": "2025-06-16 15:23:34.392",
      "normalized_name": "Confused-Gandalf/Confused-Gandalf",
      "meme_name": "Confused-Gandalf",
      "post_id": 30,
      "english_label": "contempt",
      "response_time_ms": 12204
    },
    {
      "image_path": "Hide-the-Pain-Harold/Hide-the-Pain-Harold_43.png",
      "label": "其他",
      "response_time": "00:00:05.405",
      "timestamp_unix": 1750087419,
      "timestamp_unix_ms": 1750087419929,
      "timestamp_readable": "2025-06-16 15:23:39.929",
      "normalized_name": "Hide-the-Pain-Harold/Hide-the-Pain-Harold",
      "meme_name": "Hide-the-Pain-Harold",
      "post_id": 43,
      "english_label": "others",
      "response_time_ms": 5405
    },
    {
      "image_path": "Thats-a-paddlin/Thats-a-paddlin_34.png",
      "label": "輕蔑",
      "response_time": "00:00:13.215",
      "timestamp_unix": 1750087433,
      "timestamp_unix_ms": 1750087433196,
      "timestamp_readable": "2025-06-16 15:23:53.196",
      "normalized_name": "Thats-a-paddlin/Thats-a-paddlin",
      "meme_name": "Thats-a-paddlin",
      "post_id": 34,
      "english_label": "contempt",
      "response_time_ms": 13215
    },
    {
      "image_path": "Archer/Archer_7.png",
      "label": "其他",
      "response_time": "00:00:04.200",
      "timestamp_unix": 1750087437,
      "timestamp_unix_ms": 1750087437463,
      "timestamp_readable": "2025-06-16 15:23:57.463",
      "normalized_name": "Archer/Archer",
      "meme_name": "Archer",
      "post_id": 7,
      "english_label": "others",
      "response_time_ms": 4200
    },
    {
      "image_path": "Gru-Gun/Gru-Gun_10.png",
      "label": "厭惡",
      "response_time": "00:00:06.401",
      "timestamp_unix": 1750087443,
      "timestamp_unix_ms": 1750087443930,
      "timestamp_readable": "2025-06-16 15:24:03.930",
      "normalized_name": "Gru-Gun/Gru-Gun",
      "meme_name": "Gru-Gun",
      "post_id": 10,
      "english_label": "disgust",
      "response_time_ms": 6401
    },
    {
      "image_path": "Disaster-Girl/Disaster-Girl_28.png",
      "label": "輕蔑",
      "response_time": "00:00:09.301",
      "timestamp_unix": 1750087453,
      "timestamp_unix_ms": 1750087453297,
      "timestamp_readable": "2025-06-16 15:24:13.297",
      "normalized_name": "Disaster-Girl/Disaster-Girl",
      "meme_name": "Disaster-Girl",
      "post_id": 28,
      "english_label": "contempt",
      "response_time_ms": 9301
    },
    {
      "image_path": "Dinkleberg/Dinkleberg_6.png",
      "label": "憤怒",
      "response_time": "00:00:12.902",
      "timestamp_unix": 1750087466,
      "timestamp_unix_ms": 1750087466281,
      "timestamp_readable": "2025-06-16 15:24:26.281",
      "normalized_name": "Dinkleberg/Dinkleberg",
      "meme_name": "Dinkleberg",
      "post_id": 6,
      "english_label": "anger",
      "response_time_ms": 12902
    },
    {
      "image_path": "Drake-NoYes/Drake-NoYes_50.png",
      "label": "其他",
      "response_time": "00:00:11.102",
      "timestamp_unix": 1750087477,
      "timestamp_unix_ms": 1750087477465,
      "timestamp_readable": "2025-06-16 15:24:37.465",
      "normalized_name": "Drake-NoYes/Drake-NoYes",
      "meme_name": "Drake-NoYes",
      "post_id": 50,
      "english_label": "others",
      "response_time_ms": 11102
    },
    {
      "image_path": "Smudge-the-cat/Smudge-the-cat_42.png",
      "label": "輕蔑",
      "response_time": "00:00:21.804",
      "timestamp_unix": 1750087499,
      "timestamp_unix_ms": 1750087499416,
      "timestamp_readable": "2025-06-16 15:24:59.416",
      "normalized_name": "Smudge-the-cat/Smudge-the-cat",
      "meme_name": "Smudge-the-cat",
      "post_id": 42,
      "english_label": "contempt",
      "response_time_ms": 21804
    },
    {
      "image_path": "Moe-throws-Barney/Moe-throws-Barney_47.png",
      "label": "其他",
      "response_time": "00:00:11.705",
      "timestamp_unix": 1750087511,
      "timestamp_unix_ms": 1750087511201,
      "timestamp_readable": "2025-06-16 15:25:11.201",
      "normalized_name": "Moe-throws-Barney/Moe-throws-Barney",
      "meme_name": "Moe-throws-Barney",
      "post_id": 47,
      "english_label": "others",
      "response_time_ms": 11705
    },
    {
      "image_path": "Leonardo-Dicaprio-Wolf-Of-Wall-Street/Leonardo-Dicaprio-Wolf-Of-Wall-Street_22.png",
      "label": "輕蔑",
      "response_time": "00:00:05.800",
      "timestamp_unix": 1750087517,
      "timestamp_unix_ms": 1750087517100,
      "timestamp_readable": "2025-06-16 15:25:17.100",
      "normalized_name": "Leonardo-Dicaprio-Wolf-Of-Wall-Street/Leonardo-Dicaprio-Wolf-Of-Wall-Street",
      "meme_name": "Leonardo-Dicaprio-Wolf-Of-Wall-Street",
      "post_id": 22,
      "english_label": "contempt",
      "response_time_ms": 5800
    },
    {
      "image_path": "Afraid-To-Ask-Andy/Afraid-To-Ask-Andy_19.png",
      "label": "其他",
      "response_time": "00:00:12.701",
      "timestamp_unix": 1750087529,
      "timestamp_unix_ms": 1750087529868,
      "timestamp_readable": "2025-06-16 15:25:29.868",
      "normalized_name": "Afraid-To-Ask-Andy/Afraid-To-Ask-Andy",
      "meme_name": "Afraid-To-Ask-Andy",
      "post_id": 19,
      "english_label": "others",
      "response_time_ms": 12701
    },
    {
      "image_path": "DJ-Pauly-D/DJ-Pauly-D_36.png",
      "label": "憤怒",
      "response_time": "00:00:08.802",
      "timestamp_unix": 1750087538,
      "timestamp_unix_ms": 1750087538736,
      "timestamp_readable": "2025-06-16 15:25:38.736",
      "normalized_name": "DJ-Pauly-D/DJ-Pauly-D",
      "meme_name": "DJ-Pauly-D",
      "post_id": 36,
      "english_label": "anger",
      "response_time_ms": 8802
    },
    {
      "image_path": "Black-guy-hiding-behind-tree/Black-guy-hiding-behind-tree_39.png",
      "label": "其他",
      "response_time": "00:00:05.103",
      "timestamp_unix": 1750087543,
      "timestamp_unix_ms": 1750087543936,
      "timestamp_readable": "2025-06-16 15:25:43.936",
      "normalized_name": "Black-guy-hiding-behind-tree/Black-guy-hiding-behind-tree",
      "meme_name": "Black-guy-hiding-behind-tree",
      "post_id": 39,
      "english_label": "others",
      "response_time_ms": 5103
    },
    {
      "image_path": "Table-Flip-Guy/Table-Flip-Guy_16.png",
      "label": "憤怒",
      "response_time": "00:00:08.901",
      "timestamp_unix": 1750087552,
      "timestamp_unix_ms": 1750087552953,
      "timestamp_readable": "2025-06-16 15:25:52.953",
      "normalized_name": "Table-Flip-Guy/Table-Flip-Guy",
      "meme_name": "Table-Flip-Guy",
      "post_id": 16,
      "english_label": "anger",
      "response_time_ms": 8901
    },
    {
      "image_path": "attention_check/attention_check_Contempt.png",
      "label": "輕蔑",
      "response_time": "00:00:06.401",
      "timestamp_unix": 1750087559,
      "timestamp_unix_ms": 1750087559469,
      "timestamp_readable": "2025-06-16 15:25:59.469",
      "normalized_name": "attention_check/attention_check_Contempt.png",
      "meme_name": "attention_check",
      "post_id": null,
      "english_label": "contempt",
      "response_time_ms": 6401
    },
    {
      "image_path": "Kevin-Hart/Kevin-Hart_25.png",
      "label": "其他",
      "response_time": "00:00:10.002",
      "timestamp_unix": 1750087569,
      "timestamp_unix_ms": 1750087569537,
      "timestamp_readable": "2025-06-16 15:26:09.537",
      "normalized_name": "Kevin-Hart/Kevin-Hart",
      "meme_name": "Kevin-Hart",
      "post_id": 25,
      "english_label": "others",
      "response_time_ms": 10002
    },
    {
      "image_path": "Nuclear-Explosion/Nuclear-Explosion_12.png",
      "label": "其他",
      "response_time": "00:00:13.501",
      "timestamp_unix": 1750087583,
      "timestamp_unix_ms": 1750087583103,
      "timestamp_readable": "2025-06-16 15:26:23.103",
      "normalized_name": "Nuclear-Explosion/Nuclear-Explosion",
      "meme_name": "Nuclear-Explosion",
      "post_id": 12,
      "english_label": "others",
      "response_time_ms": 13501
    },
    {
      "image_path": "Monkey-Puppet/Monkey-Puppet_3.png",
      "label": "其他",
      "response_time": "00:00:10.102",
      "timestamp_unix": 1750087593,
      "timestamp_unix_ms": 1750087593271,
      "timestamp_readable": "2025-06-16 15:26:33.271",
      "normalized_name": "Monkey-Puppet/Monkey-Puppet",
      "meme_name": "Monkey-Puppet",
      "post_id": 3,
      "english_label": "others",
      "response_time_ms": 10102
    },
    {
      "image_path": "Laughing-wolf/Laughing-wolf_38.png",
      "label": "輕蔑",
      "response_time": "00:00:08.902",
      "timestamp_unix": 1750087602,
      "timestamp_unix_ms": 1750087602255,
      "timestamp_readable": "2025-06-16 15:26:42.255",
      "normalized_name": "Laughing-wolf/Laughing-wolf",
      "meme_name": "Laughing-wolf",
      "post_id": 38,
      "english_label": "contempt",
      "response_time_ms": 8902
    },
    {
      "image_path": "Hold-fart/Hold-fart_17.png",
      "label": "憤怒",
      "response_time": "00:00:06.502",
      "timestamp_unix": 1750087608,
      "timestamp_unix_ms": 1750087608889,
      "timestamp_readable": "2025-06-16 15:26:48.889",
      "normalized_name": "Hold-fart/Hold-fart",
      "meme_name": "Hold-fart",
      "post_id": 17,
      "english_label": "anger",
      "response_time_ms": 6502
    },
    {
      "image_path": "Dave-chappelle/Dave-chappelle_48.png",
      "label": "其他",
      "response_time": "00:00:06.002",
      "timestamp_unix": 1750087614,
      "timestamp_unix_ms": 1750087614952,
      "timestamp_readable": "2025-06-16 15:26:54.952",
      "normalized_name": "Dave-chappelle/Dave-chappelle",
      "meme_name": "Dave-chappelle",
      "post_id": 48,
      "english_label": "others",
      "response_time_ms": 6002
    },
    {
      "image_path": "Khan/Khan_26.png",
      "label": "憤怒",
      "response_time": "00:00:07.909",
      "timestamp_unix": 1750087622,
      "timestamp_unix_ms": 1750087622988,
      "timestamp_readable": "2025-06-16 15:27:02.988",
      "normalized_name": "Khan/Khan",
      "meme_name": "Khan",
      "post_id": 26,
      "english_label": "anger",
      "response_time_ms": 7909
    },
    {
      "image_path": "Always-you-three/Always-you-three_24.png",
      "label": "輕蔑",
      "response_time": "00:00:09.701",
      "timestamp_unix": 1750087632,
      "timestamp_unix_ms": 1750087632821,
      "timestamp_readable": "2025-06-16 15:27:12.821",
      "normalized_name": "Always-you-three/Always-you-three",
      "meme_name": "Always-you-three",
      "post_id": 24,
      "english_label": "contempt",
      "response_time_ms": 9701
    },
    {
      "image_path": "Mocking-Spongebob/Mocking-Spongebob_20.png",
      "label": "厭惡",
      "response_time": "00:00:07.104",
      "timestamp_unix": 1750087640,
      "timestamp_unix_ms": 1750087640007,
      "timestamp_readable": "2025-06-16 15:27:20.007",
      "normalized_name": "Mocking-Spongebob/Mocking-Spongebob",
      "meme_name": "Mocking-Spongebob",
      "post_id": 20,
      "english_label": "disgust",
      "response_time_ms": 7104
    },
    {
      "image_path": "Ill-Have-You-Know-Spongebob/Ill-Have-You-Know-Spongebob_1.png",
      "label": "輕蔑",
      "response_time": "00:00:06.202",
      "timestamp_unix": 1750087646,
      "timestamp_unix_ms": 1750087646291,
      "timestamp_readable": "2025-06-16 15:27:26.291",
      "normalized_name": "Ill-Have-You-Know-Spongebob/Ill-Have-You-Know-Spongebob",
      "meme_name": "Ill-Have-You-Know-Spongebob",
      "post_id": 1,
      "english_label": "contempt",
      "response_time_ms": 6202
    },
    {
      "image_path": "Futurama-Fry/Futurama-Fry_44.png",
      "label": "輕蔑",
      "response_time": "00:00:04.401",
      "timestamp_unix": 1750087650,
      "timestamp_unix_ms": 1750087650807,
      "timestamp_readable": "2025-06-16 15:27:30.807",
      "normalized_name": "Futurama-Fry/Futurama-Fry",
      "meme_name": "Futurama-Fry",
      "post_id": 44,
      "english_label": "contempt",
      "response_time_ms": 4401
    },
    {
      "image_path": "Always-Has-Been/Always-Has-Been_49.png",
      "label": "其他",
      "response_time": "00:00:12.003",
      "timestamp_unix": 1750087662,
      "timestamp_unix_ms": 1750087662891,
      "timestamp_readable": "2025-06-16 15:27:42.891",
      "normalized_name": "Always-Has-Been/Always-Has-Been",
      "meme_name": "Always-Has-Been",
      "post_id": 49,
      "english_label": "others",
      "response_time_ms": 12003
    },
    {
      "image_path": "Chill-guy/Chill-guy_46.png",
      "label": "其他",
      "response_time": "00:00:06.401",
      "timestamp_unix": 1750087669,
      "timestamp_unix_ms": 1750087669441,
      "timestamp_readable": "2025-06-16 15:27:49.441",
      "normalized_name": "Chill-guy/Chill-guy",
      "meme_name": "Chill-guy",
      "post_id": 46,
      "english_label": "others",
      "response_time_ms": 6401
    },
    {
      "image_path": "Scooby-doo-mask-reveal/Scooby-doo-mask-reveal_9.png",
      "label": "其他",
      "response_time": "00:00:10.301",
      "timestamp_unix": 1750087679,
      "timestamp_unix_ms": 1750087679822,
      "timestamp_readable": "2025-06-16 15:27:59.822",
      "normalized_name": "Scooby-doo-mask-reveal/Scooby-doo-mask-reveal",
      "meme_name": "Scooby-doo-mask-reveal",
      "post_id": 9,
      "english_label": "others",
      "response_time_ms": 10301
    },
    {
      "image_path": "Arthur-Fist/Arthur-Fist_41.png",
      "label": "其他",
      "response_time": "00:00:14.707",
      "timestamp_unix": 1750087694,
      "timestamp_unix_ms": 1750087694677,
      "timestamp_readable": "2025-06-16 15:28:14.677",
      "normalized_name": "Arthur-Fist/Arthur-Fist",
      "meme_name": "Arthur-Fist",
      "post_id": 41,
      "english_label": "others",
      "response_time_ms": 14707
    },
    {
      "image_path": "Put-It-Somewhere-Else-Patrick/Put-It-Somewhere-Else-Patrick_2.png",
      "label": "其他",
      "response_time": "00:00:13.800",
      "timestamp_unix": 1750087708,
      "timestamp_unix_ms": 1750087708593,
      "timestamp_readable": "2025-06-16 15:28:28.593",
      "normalized_name": "Put-It-Somewhere-Else-Patrick/Put-It-Somewhere-Else-Patrick",
      "meme_name": "Put-It-Somewhere-Else-Patrick",
      "post_id": 2,
      "english_label": "others",
      "response_time_ms": 13800
    },
    {
      "image_path": "You-The-Real-MVP/You-The-Real-MVP_31.png",
      "label": "其他",
      "response_time": "00:00:05.102",
      "timestamp_unix": 1750087713,
      "timestamp_unix_ms": 1750087713774,
      "timestamp_readable": "2025-06-16 15:28:33.774",
      "normalized_name": "You-The-Real-MVP/You-The-Real-MVP",
      "meme_name": "You-The-Real-MVP",
      "post_id": 31,
      "english_label": "others",
      "response_time_ms": 5102
    },
    {
      "image_path": "Charlie-Day/Charlie-Day_15.png",
      "label": "憤怒",
      "response_time": "00:00:10.406",
      "timestamp_unix": 1750087724,
      "timestamp_unix_ms": 1750087724309,
      "timestamp_readable": "2025-06-16 15:28:44.309",
      "normalized_name": "Charlie-Day/Charlie-Day",
      "meme_name": "Charlie-Day",
      "post_id": 15,
      "english_label": "anger",
      "response_time_ms": 10406
    },
    {
      "image_path": "Spongebob-Yelling/Spongebob-Yelling_5.png",
      "label": "憤怒",
      "response_time": "00:00:12.503",
      "timestamp_unix": 1750087736,
      "timestamp_unix_ms": 1750087736895,
      "timestamp_readable": "2025-06-16 15:28:56.895",
      "normalized_name": "Spongebob-Yelling/Spongebob-Yelling",
      "meme_name": "Spongebob-Yelling",
      "post_id": 5,
      "english_label": "anger",
      "response_time_ms": 12503
    },
    {
      "image_path": "Disappointed-Man/Disappointed-Man_35.png",
      "label": "其他",
      "response_time": "00:00:06.010",
      "timestamp_unix": 1750087742,
      "timestamp_unix_ms": 1750087742993,
      "timestamp_readable": "2025-06-16 15:29:02.993",
      "normalized_name": "Disappointed-Man/Disappointed-Man",
      "meme_name": "Disappointed-Man",
      "post_id": 35,
      "english_label": "others",
      "response_time_ms": 6010
    },
    {
      "image_path": "Happy--Shock/Happy--Shock_8.png",
      "label": "輕蔑",
      "response_time": "00:00:10.001",
      "timestamp_unix": 1750087753,
      "timestamp_unix_ms": 1750087753147,
      "timestamp_readable": "2025-06-16 15:29:13.147",
      "normalized_name": "Happy--Shock/Happy--Shock",
      "meme_name": "Happy--Shock",
      "post_id": 8,
      "english_label": "contempt",
      "response_time_ms": 10001
    },
    {
      "image_path": "For-the-better-right-blank/For-the-better-right-blank_33.png",
      "label": "其他",
      "response_time": "00:00:11.611",
      "timestamp_unix": 1750087764,
      "timestamp_unix_ms": 1750087764863,
      "timestamp_readable": "2025-06-16 15:29:24.863",
      "normalized_name": "For-the-better-right-blank/For-the-better-right-blank",
      "meme_name": "For-the-better-right-blank",
      "post_id": 33,
      "english_label": "others",
      "response_time_ms": 11611
    },
    {
      "image_path": "attention_check/attention_check_Others.png",
      "label": "其他",
      "response_time": "00:00:03.700",
      "timestamp_unix": 1750087768,
      "timestamp_unix_ms": 1750087768713,
      "timestamp_readable": "2025-06-16 15:29:28.713",
      "normalized_name": "attention_check/attention_check_Others.png",
      "meme_name": "attention_check",
      "post_id": null,
      "english_label": "others",
      "response_time_ms": 3700
    },
    {
      "image_path": "Surprised-Pikachu/Surprised-Pikachu_37.png",
      "label": "其他",
      "response_time": "00:00:11.703",
      "timestamp_unix": 1750087780,
      "timestamp_unix_ms": 1750087780497,
      "timestamp_readable": "2025-06-16 15:29:40.497",
      "normalized_name": "Surprised-Pikachu/Surprised-Pikachu",
      "meme_name": "Surprised-Pikachu",
      "post_id": 37,
      "english_label": "others",
      "response_time_ms": 11703
    },
    {
      "image_path": "Persian-Cat-Room-Guardian/Persian-Cat-Room-Guardian_45.png",
      "label": "其他",
      "response_time": "00:00:06.202",
      "timestamp_unix": 1750087786,
      "timestamp_unix_ms": 1750087786812,
      "timestamp_readable": "2025-06-16 15:29:46.812",
      "normalized_name": "Persian-Cat-Room-Guardian/Persian-Cat-Room-Guardian",
      "meme_name": "Persian-Cat-Room-Guardian",
      "post_id": 45,
      "english_label": "others",
      "response_time_ms": 6202
    },
    {
      "image_path": "Mr-incredible-mad/Mr-incredible-mad_14.png",
      "label": "憤怒",
      "response_time": "00:00:04.801",
      "timestamp_unix": 1750087791,
      "timestamp_unix_ms": 1750087791747,
      "timestamp_readable": "2025-06-16 15:29:51.747",
      "normalized_name": "Mr-incredible-mad/Mr-incredible-mad",
      "meme_name": "Mr-incredible-mad",
      "post_id": 14,
      "english_label": "anger",
      "response_time_ms": 4801
    },
    {
      "image_path": "Im-The-Captain-Now/Im-The-Captain-Now_13.png",
      "label": "厭惡",
      "response_time": "00:00:06.803",
      "timestamp_unix": 1750087798,
      "timestamp_unix_ms": 1750087798698,
      "timestamp_readable": "2025-06-16 15:29:58.698",
      "normalized_name": "Im-The-Captain-Now/Im-The-Captain-Now",
      "meme_name": "Im-The-Captain-Now",
      "post_id": 13,
      "english_label": "disgust",
      "response_time_ms": 6803
    }
  ],
  "session_start_unix": 1750087267,
  "session_status": "completed",
  "last_updated_unix": 1750087910,
  "image_order": [
    "Spiderman-Hospital/Spiderman-Hospital_40.png",
    "Happy--Shock/Happy--Shock_8.png",
    "Chill-guy/Chill-guy_46.png",
    "I-am-once-again-asking/I-am-once-again-asking_11.png",
    "Math-ladyConfused-lady/Math-ladyConfused-lady_23.png",
    "Archer/Archer_7.png",
    "Leonardo-Dicaprio-Wolf-Of-Wall-Street/Leonardo-Dicaprio-Wolf-Of-Wall-Street_22.png",
    "Mocking-Spongebob/Mocking-Spongebob_20.png",
    "Afraid-To-Ask-Andy/Afraid-To-Ask-Andy_19.png",
    "Charlie-Day/Charlie-Day_15.png",
    "Always-Has-Been/Always-Has-Been_49.png",
    "Picard-Wtf/Picard-Wtf_21.png",
    "Batman-Slapping-Robin/Batman-Slapping-Robin_18.png",
    "For-the-better-right-blank/For-the-better-right-blank_33.png",
    "Drake-NoYes/Drake-NoYes_50.png",
    "Laughing-wolf/Laughing-wolf_38.png",
    "DJ-Pauly-D/DJ-Pauly-D_36.png",
    "Always-you-three/Always-you-three_24.png",
    "Disappointed-Man/Disappointed-Man_35.png",
    "Smudge-the-cat/Smudge-the-cat_42.png",
    "Thats-a-paddlin/Thats-a-paddlin_34.png",
    "Hide-the-Pain-Harold/Hide-the-Pain-Harold_43.png",
    "Hold-fart/Hold-fart_17.png",
    "Im-The-Captain-Now/Im-The-Captain-Now_13.png",
    "attention_check/attention_check_Contempt.png",
    "Obi-Wan-Kenobi/Obi-Wan-Kenobi_32.png",
    "Spongebob-Yelling/Spongebob-Yelling_5.png",
    "Nuclear-Explosion/Nuclear-Explosion_12.png",
    "Dinkleberg/Dinkleberg_6.png",
    "Scooby-doo-mask-reveal/Scooby-doo-mask-reveal_9.png",
    "Disaster-Girl/Disaster-Girl_28.png",
    "Black-guy-hiding-behind-tree/Black-guy-hiding-behind-tree_39.png",
    "You-The-Real-MVP/You-The-Real-MVP_31.png",
    "Moe-throws-Barney/Moe-throws-Barney_47.png",
    "Ill-Have-You-Know-Spongebob/Ill-Have-You-Know-Spongebob_1.png",
    "Futurama-Fry/Futurama-Fry_44.png",
    "Monkey-Puppet/Monkey-Puppet_3.png",
    "Confused-Gandalf/Confused-Gandalf_30.png",
    "Mr-incredible-mad/Mr-incredible-mad_14.png",
    "Dave-chappelle/Dave-chappelle_48.png",
    "Surprised-Pikachu/Surprised-Pikachu_37.png",
    "Table-Flip-Guy/Table-Flip-Guy_16.png",
    "Kevin-Hart/Kevin-Hart_25.png",
    "Well-Yes-But-Actually-No/Well-Yes-But-Actually-No_29.png",
    "Mr-McMahon-reaction/Mr-McMahon-reaction_27.png",
    "Gru-Gun/Gru-Gun_10.png",
    "Persian-Cat-Room-Guardian/Persian-Cat-Room-Guardian_45.png",
    "attention_check/attention_check_Others.png",
    "Put-It-Somewhere-Else-Patrick/Put-It-Somewhere-Else-Patrick_2.png",
    "Angry-Baby/Angry-Baby_4.png",
    "Arthur-Fist/Arthur-Fist_41.png",
    "Khan/Khan_26.png"
  ],
  "completion_status": {
    "practice_completed": true,
    "game_started": true,
    "game_completed": true,
    "summary_viewed": true,
    "email_submitted": true
  },
  "timestamps_unix": {
    "registration_completed": 1750087267,
    "practice_started": 1750087267,
    "practice_completed": 1750087320,
    "game_started": 1750087320,
    "first_label": 1750087330,
    "last_label": 1750087798,
    "game_completed": 1750087801,
    "summary_viewed": 1750087801,
    "email_submitted": 1750087910,
    "session_end": 1750087910,
    "last_updated": 1750087910
  },
  "timestamps_unix_ms": {
    "registration_completed_ms": 1750087267189,
    "practice_started_ms": 1750087267236,
    "practice_completed_ms": 1750087320045,
    "game_started_ms": 1750087320072,
    "first_label_ms": 1750087330623,
    "last_label_ms": 1750087798698,
    "game_completed_ms": 1750087801794,
    "summary_viewed_ms": 1750087801822,
    "email_submitted_ms": 1750087910305,
    "session_end_ms": 1750087910305,
    "last_updated_ms": 1750087910305
  },
  "duration_stats_ms": {
    "total_session_duration_ms": 643116,
    "practice_duration_ms": 52809,
    "game_duration_ms": 481722,
    "labeling_duration_ms": 468075,
    "email_submission_duration_ms": 108483
  },
  "filename_updated_unix": 1750087801,
  "original_filename": "user_7ef34b",
  "completion_status_in_filename": "email_submitted"
}