{
  "user_id": "user_db6d9d",
  "file_name": "user_db6d9d_1749706241_1749706813_fullycomplete",
  "unix_start_time": 1749706241,
  "unix_start_time_ms": 1749706241084,
  "unix_end_time": 1749706813,
  "unix_end_time_ms": 1749706813846,
  "age": "18-24",
  "gender": "female",
  "user_agent": "Mozilla/5.0 (Windows NT 10.0; Win64; x64) AppleWebKit/537.36 (KHTML, like Gecko) Chrome/137.0.0.0 Safari/537.36",
  "user_ip": "39.15.2.231",
  "status": "complete",
  "email_provided": "complete",
  "attention_passed": true,
  "start_time_readable": "2025-06-12 05:30:41.084",
  "end_time_readable": "2025-06-12 05:40:13.846",
  "total_labels": 52,
  "emotion_summary": {
    "anger": 10,
    "contempt": 17,
    "disgust": 10,
    "others": 15
  },
  "email": "lavenderyoung98@gmail.com",
  "participation": "no",
  "total_responses": 52,
  "responses": [
    {
      "image_path": "You-The-Real-MVP/You-The-Real-MVP_25.png",
      "label": "其他",
      "response_time": "00:00:16.412",
      "timestamp_unix": 1749706327,
      "timestamp_unix_ms": 1749706327249,
      "timestamp_readable": "2025-06-12 05:32:07.249",
      "normalized_name": "You-The-Real-MVP/You-The-Real-MVP",
      "meme_name": "You-The-Real-MVP",
      "post_id": 25,
      "english_label": "others",
      "response_time_ms": 16412
    },
    {
      "image_path": "Picard-Wtf/Picard-Wtf_32.png",
      "label": "憤怒",
      "response_time": "00:00:04.714",
      "timestamp_unix": 1749706332,
      "timestamp_unix_ms": 1749706332061,
      "timestamp_readable": "2025-06-12 05:32:12.061",
      "normalized_name": "Picard-Wtf/Picard-Wtf",
      "meme_name": "Picard-Wtf",
      "post_id": 32,
      "english_label": "anger",
      "response_time_ms": 4714
    },
    {
      "image_path": "Persian-Cat-Room-Guardian/Persian-Cat-Room-Guardian_5.png",
      "label": "輕蔑",
      "response_time": "00:00:10.914",
      "timestamp_unix": 1749706343,
      "timestamp_unix_ms": 1749706343090,
      "timestamp_readable": "2025-06-12 05:32:23.090",
      "normalized_name": "Persian-Cat-Room-Guardian/Persian-Cat-Room-Guardian",
      "meme_name": "Persian-Cat-Room-Guardian",
      "post_id": 5,
      "english_label": "contempt",
      "response_time_ms": 10914
    },
    {
      "image_path": "Charlie-Day/Charlie-Day_28.png",
      "label": "憤怒",
      "response_time": "00:00:16.015",
      "timestamp_unix": 1749706359,
      "timestamp_unix_ms": 1749706359183,
      "timestamp_readable": "2025-06-12 05:32:39.183",
      "normalized_name": "Charlie-Day/Charlie-Day",
      "meme_name": "Charlie-Day",
      "post_id": 28,
      "english_label": "anger",
      "response_time_ms": 16015
    },
    {
      "image_path": "Moe-throws-Barney/Moe-throws-Barney_12.png",
      "label": "憤怒",
      "response_time": "00:00:06.304",
      "timestamp_unix": 1749706365,
      "timestamp_unix_ms": 1749706365971,
      "timestamp_readable": "2025-06-12 05:32:45.971",
      "normalized_name": "Moe-throws-Barney/Moe-throws-Barney",
      "meme_name": "Moe-throws-Barney",
      "post_id": 12,
      "english_label": "anger",
      "response_time_ms": 6304
    },
    {
      "image_path": "Ill-Have-You-Know-Spongebob/Ill-Have-You-Know-Spongebob_48.png",
      "label": "輕蔑",
      "response_time": "00:00:07.014",
      "timestamp_unix": 1749706373,
      "timestamp_unix_ms": 1749706373199,
      "timestamp_readable": "2025-06-12 05:32:53.199",
      "normalized_name": "Ill-Have-You-Know-Spongebob/Ill-Have-You-Know-Spongebob",
      "meme_name": "Ill-Have-You-Know-Spongebob",
      "post_id": 48,
      "english_label": "contempt",
      "response_time_ms": 7014
    },
    {
      "image_path": "Math-ladyConfused-lady/Math-ladyConfused-lady_24.png",
      "label": "其他",
      "response_time": "00:00:09.409",
      "timestamp_unix": 1749706382,
      "timestamp_unix_ms": 1749706382786,
      "timestamp_readable": "2025-06-12 05:33:02.786",
      "normalized_name": "Math-ladyConfused-lady/Math-ladyConfused-lady",
      "meme_name": "Math-ladyConfused-lady",
      "post_id": 24,
      "english_label": "others",
      "response_time_ms": 9409
    },
    {
      "image_path": "Nuclear-Explosion/Nuclear-Explosion_49.png",
      "label": "憤怒",
      "response_time": "00:00:15.405",
      "timestamp_unix": 1749706398,
      "timestamp_unix_ms": 1749706398306,
      "timestamp_readable": "2025-06-12 05:33:18.306",
      "normalized_name": "Nuclear-Explosion/Nuclear-Explosion",
      "meme_name": "Nuclear-Explosion",
      "post_id": 49,
      "english_label": "anger",
      "response_time_ms": 15405
    },
    {
      "image_path": "Spiderman-Hospital/Spiderman-Hospital_29.png",
      "label": "輕蔑",
      "response_time": "00:00:06.302",
      "timestamp_unix": 1749706404,
      "timestamp_unix_ms": 1749706404761,
      "timestamp_readable": "2025-06-12 05:33:24.761",
      "normalized_name": "Spiderman-Hospital/Spiderman-Hospital",
      "meme_name": "Spiderman-Hospital",
      "post_id": 29,
      "english_label": "contempt",
      "response_time_ms": 6302
    },
    {
      "image_path": "Kevin-Hart/Kevin-Hart_6.png",
      "label": "憤怒",
      "response_time": "00:00:06.000",
      "timestamp_unix": 1749706410,
      "timestamp_unix_ms": 1749706410920,
      "timestamp_readable": "2025-06-12 05:33:30.920",
      "normalized_name": "Kevin-Hart/Kevin-Hart",
      "meme_name": "Kevin-Hart",
      "post_id": 6,
      "english_label": "anger",
      "response_time_ms": 6000
    },
    {
      "image_path": "Hold-fart/Hold-fart_30.png",
      "label": "輕蔑",
      "response_time": "00:00:14.110",
      "timestamp_unix": 1749706425,
      "timestamp_unix_ms": 1749706425151,
      "timestamp_readable": "2025-06-12 05:33:45.151",
      "normalized_name": "Hold-fart/Hold-fart",
      "meme_name": "Hold-fart",
      "post_id": 30,
      "english_label": "contempt",
      "response_time_ms": 14110
    },
    {
      "image_path": "Mr-incredible-mad/Mr-incredible-mad_8.png",
      "label": "憤怒",
      "response_time": "00:00:11.409",
      "timestamp_unix": 1749706436,
      "timestamp_unix_ms": 1749706436749,
      "timestamp_readable": "2025-06-12 05:33:56.749",
      "normalized_name": "Mr-incredible-mad/Mr-incredible-mad",
      "meme_name": "Mr-incredible-mad",
      "post_id": 8,
      "english_label": "anger",
      "response_time_ms": 11409
    },
    {
      "image_path": "Hide-the-Pain-Harold/Hide-the-Pain-Harold_38.png",
      "label": "輕蔑",
      "response_time": "00:00:13.112",
      "timestamp_unix": 1749706450,
      "timestamp_unix_ms": 1749706450021,
      "timestamp_readable": "2025-06-12 05:34:10.021",
      "normalized_name": "Hide-the-Pain-Harold/Hide-the-Pain-Harold",
      "meme_name": "Hide-the-Pain-Harold",
      "post_id": 38,
      "english_label": "contempt",
      "response_time_ms": 13112
    },
    {
      "image_path": "Spongebob-Yelling/Spongebob-Yelling_10.png",
      "label": "其他",
      "response_time": "00:00:18.807",
      "timestamp_unix": 1749706468,
      "timestamp_unix_ms": 1749706468999,
      "timestamp_readable": "2025-06-12 05:34:28.999",
      "normalized_name": "Spongebob-Yelling/Spongebob-Yelling",
      "meme_name": "Spongebob-Yelling",
      "post_id": 10,
      "english_label": "others",
      "response_time_ms": 18807
    },
    {
      "image_path": "Leonardo-Dicaprio-Wolf-Of-Wall-Street/Leonardo-Dicaprio-Wolf-Of-Wall-Street_13.png",
      "label": "輕蔑",
      "response_time": "00:00:09.211",
      "timestamp_unix": 1749706478,
      "timestamp_unix_ms": 1749706478358,
      "timestamp_readable": "2025-06-12 05:34:38.358",
      "normalized_name": "Leonardo-Dicaprio-Wolf-Of-Wall-Street/Leonardo-Dicaprio-Wolf-Of-Wall-Street",
      "meme_name": "Leonardo-Dicaprio-Wolf-Of-Wall-Street",
      "post_id": 13,
      "english_label": "contempt",
      "response_time_ms": 9211
    },
    {
      "image_path": "Gru-Gun/Gru-Gun_39.png",
      "label": "輕蔑",
      "response_time": "00:00:06.908",
      "timestamp_unix": 1749706485,
      "timestamp_unix_ms": 1749706485550,
      "timestamp_readable": "2025-06-12 05:34:45.550",
      "normalized_name": "Gru-Gun/Gru-Gun",
      "meme_name": "Gru-Gun",
      "post_id": 39,
      "english_label": "contempt",
      "response_time_ms": 6908
    },
    {
      "image_path": "Mr-McMahon-reaction/Mr-McMahon-reaction_45.png",
      "label": "其他",
      "response_time": "00:00:09.013",
      "timestamp_unix": 1749706494,
      "timestamp_unix_ms": 1749706494682,
      "timestamp_readable": "2025-06-12 05:34:54.682",
      "normalized_name": "Mr-McMahon-reaction/Mr-McMahon-reaction",
      "meme_name": "Mr-McMahon-reaction",
      "post_id": 45,
      "english_label": "others",
      "response_time_ms": 9013
    },
    {
      "image_path": "Arthur-Fist/Arthur-Fist_1.png",
      "label": "厭惡",
      "response_time": "00:00:08.014",
      "timestamp_unix": 1749706502,
      "timestamp_unix_ms": 1749706502792,
      "timestamp_readable": "2025-06-12 05:35:02.792",
      "normalized_name": "Arthur-Fist/Arthur-Fist",
      "meme_name": "Arthur-Fist",
      "post_id": 1,
      "english_label": "disgust",
      "response_time_ms": 8014
    },
    {
      "image_path": "Put-It-Somewhere-Else-Patrick/Put-It-Somewhere-Else-Patrick_22.png",
      "label": "憤怒",
      "response_time": "00:00:07.514",
      "timestamp_unix": 1749706510,
      "timestamp_unix_ms": 1749706510431,
      "timestamp_readable": "2025-06-12 05:35:10.431",
      "normalized_name": "Put-It-Somewhere-Else-Patrick/Put-It-Somewhere-Else-Patrick",
      "meme_name": "Put-It-Somewhere-Else-Patrick",
      "post_id": 22,
      "english_label": "anger",
      "response_time_ms": 7514
    },
    {
      "image_path": "Drake-NoYes/Drake-NoYes_36.png",
      "label": "其他",
      "response_time": "00:00:07.600",
      "timestamp_unix": 1749706518,
      "timestamp_unix_ms": 1749706518110,
      "timestamp_readable": "2025-06-12 05:35:18.110",
      "normalized_name": "Drake-NoYes/Drake-NoYes",
      "meme_name": "Drake-NoYes",
      "post_id": 36,
      "english_label": "others",
      "response_time_ms": 7600
    },
    {
      "image_path": "Mocking-Spongebob/Mocking-Spongebob_11.png",
      "label": "輕蔑",
      "response_time": "00:00:14.604",
      "timestamp_unix": 1749706532,
      "timestamp_unix_ms": 1749706532842,
      "timestamp_readable": "2025-06-12 05:35:32.842",
      "normalized_name": "Mocking-Spongebob/Mocking-Spongebob",
      "meme_name": "Mocking-Spongebob",
      "post_id": 11,
      "english_label": "contempt",
      "response_time_ms": 14604
    },
    {
      "image_path": "For-the-better-right-blank/For-the-better-right-blank_50.png",
      "label": "厭惡",
      "response_time": "00:00:26.003",
      "timestamp_unix": 1749706558,
      "timestamp_unix_ms": 1749706558989,
      "timestamp_readable": "2025-06-12 05:35:58.989",
      "normalized_name": "For-the-better-right-blank/For-the-better-right-blank",
      "meme_name": "For-the-better-right-blank",
      "post_id": 50,
      "english_label": "disgust",
      "response_time_ms": 26003
    },
    {
      "image_path": "Dave-chappelle/Dave-chappelle_42.png",
      "label": "其他",
      "response_time": "00:00:05.907",
      "timestamp_unix": 1749706564,
      "timestamp_unix_ms": 1749706564997,
      "timestamp_readable": "2025-06-12 05:36:04.997",
      "normalized_name": "Dave-chappelle/Dave-chappelle",
      "meme_name": "Dave-chappelle",
      "post_id": 42,
      "english_label": "others",
      "response_time_ms": 5907
    },
    {
      "image_path": "attention_check/attention_check_Disgust.png",
      "label": "厭惡",
      "response_time": "00:00:09.500",
      "timestamp_unix": 1749706574,
      "timestamp_unix_ms": 1749706574680,
      "timestamp_readable": "2025-06-12 05:36:14.680",
      "normalized_name": "attention_check/attention_check_Disgust.png",
      "meme_name": "attention_check",
      "post_id": null,
      "english_label": "disgust",
      "response_time_ms": 9500
    },
    {
      "image_path": "Well-Yes-But-Actually-No/Well-Yes-But-Actually-No_20.png",
      "label": "其他",
      "response_time": "00:00:07.916",
      "timestamp_unix": 1749706582,
      "timestamp_unix_ms": 1749706582681,
      "timestamp_readable": "2025-06-12 05:36:22.681",
      "normalized_name": "Well-Yes-But-Actually-No/Well-Yes-But-Actually-No",
      "meme_name": "Well-Yes-But-Actually-No",
      "post_id": 20,
      "english_label": "others",
      "response_time_ms": 7916
    },
    {
      "image_path": "Dinkleberg/Dinkleberg_14.png",
      "label": "其他",
      "response_time": "00:00:08.602",
      "timestamp_unix": 1749706591,
      "timestamp_unix_ms": 1749706591411,
      "timestamp_readable": "2025-06-12 05:36:31.411",
      "normalized_name": "Dinkleberg/Dinkleberg",
      "meme_name": "Dinkleberg",
      "post_id": 14,
      "english_label": "others",
      "response_time_ms": 8602
    },
    {
      "image_path": "Surprised-Pikachu/Surprised-Pikachu_33.png",
      "label": "其他",
      "response_time": "00:00:16.203",
      "timestamp_unix": 1749706607,
      "timestamp_unix_ms": 1749706607722,
      "timestamp_readable": "2025-06-12 05:36:47.722",
      "normalized_name": "Surprised-Pikachu/Surprised-Pikachu",
      "meme_name": "Surprised-Pikachu",
      "post_id": 33,
      "english_label": "others",
      "response_time_ms": 16203
    },
    {
      "image_path": "Confused-Gandalf/Confused-Gandalf_47.png",
      "label": "厭惡",
      "response_time": "00:00:07.309",
      "timestamp_unix": 1749706615,
      "timestamp_unix_ms": 1749706615157,
      "timestamp_readable": "2025-06-12 05:36:55.157",
      "normalized_name": "Confused-Gandalf/Confused-Gandalf",
      "meme_name": "Confused-Gandalf",
      "post_id": 47,
      "english_label": "disgust",
      "response_time_ms": 7309
    },
    {
      "image_path": "I-am-once-again-asking/I-am-once-again-asking_2.png",
      "label": "厭惡",
      "response_time": "00:00:07.507",
      "timestamp_unix": 1749706622,
      "timestamp_unix_ms": 1749706622848,
      "timestamp_readable": "2025-06-12 05:37:02.848",
      "normalized_name": "I-am-once-again-asking/I-am-once-again-asking",
      "meme_name": "I-am-once-again-asking",
      "post_id": 2,
      "english_label": "disgust",
      "response_time_ms": 7507
    },
    {
      "image_path": "Obi-Wan-Kenobi/Obi-Wan-Kenobi_37.png",
      "label": "其他",
      "response_time": "00:00:10.213",
      "timestamp_unix": 1749706633,
      "timestamp_unix_ms": 1749706633229,
      "timestamp_readable": "2025-06-12 05:37:13.229",
      "normalized_name": "Obi-Wan-Kenobi/Obi-Wan-Kenobi",
      "meme_name": "Obi-Wan-Kenobi",
      "post_id": 37,
      "english_label": "others",
      "response_time_ms": 10213
    },
    {
      "image_path": "Khan/Khan_16.png",
      "label": "憤怒",
      "response_time": "00:00:11.211",
      "timestamp_unix": 1749706644,
      "timestamp_unix_ms": 1749706644631,
      "timestamp_readable": "2025-06-12 05:37:24.631",
      "normalized_name": "Khan/Khan",
      "meme_name": "Khan",
      "post_id": 16,
      "english_label": "anger",
      "response_time_ms": 11211
    },
    {
      "image_path": "DJ-Pauly-D/DJ-Pauly-D_9.png",
      "label": "憤怒",
      "response_time": "00:00:02.913",
      "timestamp_unix": 1749706647,
      "timestamp_unix_ms": 1749706647711,
      "timestamp_readable": "2025-06-12 05:37:27.711",
      "normalized_name": "DJ-Pauly-D/DJ-Pauly-D",
      "meme_name": "DJ-Pauly-D",
      "post_id": 9,
      "english_label": "anger",
      "response_time_ms": 2913
    },
    {
      "image_path": "Disaster-Girl/Disaster-Girl_23.png",
      "label": "輕蔑",
      "response_time": "00:00:10.602",
      "timestamp_unix": 1749706658,
      "timestamp_unix_ms": 1749706658501,
      "timestamp_readable": "2025-06-12 05:37:38.501",
      "normalized_name": "Disaster-Girl/Disaster-Girl",
      "meme_name": "Disaster-Girl",
      "post_id": 23,
      "english_label": "contempt",
      "response_time_ms": 10602
    },
    {
      "image_path": "Smudge-the-cat/Smudge-the-cat_40.png",
      "label": "輕蔑",
      "response_time": "00:00:13.101",
      "timestamp_unix": 1749706671,
      "timestamp_unix_ms": 1749706671791,
      "timestamp_readable": "2025-06-12 05:37:51.791",
      "normalized_name": "Smudge-the-cat/Smudge-the-cat",
      "meme_name": "Smudge-the-cat",
      "post_id": 40,
      "english_label": "contempt",
      "response_time_ms": 13101
    },
    {
      "image_path": "Thats-a-paddlin/Thats-a-paddlin_34.png",
      "label": "厭惡",
      "response_time": "00:00:09.708",
      "timestamp_unix": 1749706681,
      "timestamp_unix_ms": 1749706681719,
      "timestamp_readable": "2025-06-12 05:38:01.719",
      "normalized_name": "Thats-a-paddlin/Thats-a-paddlin",
      "meme_name": "Thats-a-paddlin",
      "post_id": 34,
      "english_label": "disgust",
      "response_time_ms": 9708
    },
    {
      "image_path": "Table-Flip-Guy/Table-Flip-Guy_4.png",
      "label": "憤怒",
      "response_time": "00:00:03.814",
      "timestamp_unix": 1749706685,
      "timestamp_unix_ms": 1749706685710,
      "timestamp_readable": "2025-06-12 05:38:05.710",
      "normalized_name": "Table-Flip-Guy/Table-Flip-Guy",
      "meme_name": "Table-Flip-Guy",
      "post_id": 4,
      "english_label": "anger",
      "response_time_ms": 3814
    },
    {
      "image_path": "Black-guy-hiding-behind-tree/Black-guy-hiding-behind-tree_19.png",
      "label": "其他",
      "response_time": "00:00:08.907",
      "timestamp_unix": 1749706694,
      "timestamp_unix_ms": 1749706694772,
      "timestamp_readable": "2025-06-12 05:38:14.772",
      "normalized_name": "Black-guy-hiding-behind-tree/Black-guy-hiding-behind-tree",
      "meme_name": "Black-guy-hiding-behind-tree",
      "post_id": 19,
      "english_label": "others",
      "response_time_ms": 8907
    },
    {
      "image_path": "Archer/Archer_35.png",
      "label": "輕蔑",
      "response_time": "00:00:06.911",
      "timestamp_unix": 1749706701,
      "timestamp_unix_ms": 1749706701831,
      "timestamp_readable": "2025-06-12 05:38:21.831",
      "normalized_name": "Archer/Archer",
      "meme_name": "Archer",
      "post_id": 35,
      "english_label": "contempt",
      "response_time_ms": 6911
    },
    {
      "image_path": "Always-Has-Been/Always-Has-Been_44.png",
      "label": "輕蔑",
      "response_time": "00:00:10.214",
      "timestamp_unix": 1749706712,
      "timestamp_unix_ms": 1749706712189,
      "timestamp_readable": "2025-06-12 05:38:32.189",
      "normalized_name": "Always-Has-Been/Always-Has-Been",
      "meme_name": "Always-Has-Been",
      "post_id": 44,
      "english_label": "contempt",
      "response_time_ms": 10214
    },
    {
      "image_path": "Batman-Slapping-Robin/Batman-Slapping-Robin_26.png",
      "label": "厭惡",
      "response_time": "00:00:05.902",
      "timestamp_unix": 1749706718,
      "timestamp_unix_ms": 1749706718311,
      "timestamp_readable": "2025-06-12 05:38:38.311",
      "normalized_name": "Batman-Slapping-Robin/Batman-Slapping-Robin",
      "meme_name": "Batman-Slapping-Robin",
      "post_id": 26,
      "english_label": "disgust",
      "response_time_ms": 5902
    },
    {
      "image_path": "Im-The-Captain-Now/Im-The-Captain-Now_21.png",
      "label": "厭惡",
      "response_time": "00:00:04.615",
      "timestamp_unix": 1749706723,
      "timestamp_unix_ms": 1749706723079,
      "timestamp_readable": "2025-06-12 05:38:43.079",
      "normalized_name": "Im-The-Captain-Now/Im-The-Captain-Now",
      "meme_name": "Im-The-Captain-Now",
      "post_id": 21,
      "english_label": "disgust",
      "response_time_ms": 4615
    },
    {
      "image_path": "Afraid-To-Ask-Andy/Afraid-To-Ask-Andy_27.png",
      "label": "輕蔑",
      "response_time": "00:00:04.502",
      "timestamp_unix": 1749706727,
      "timestamp_unix_ms": 1749706727751,
      "timestamp_readable": "2025-06-12 05:38:47.751",
      "normalized_name": "Afraid-To-Ask-Andy/Afraid-To-Ask-Andy",
      "meme_name": "Afraid-To-Ask-Andy",
      "post_id": 27,
      "english_label": "contempt",
      "response_time_ms": 4502
    },
    {
      "image_path": "Laughing-wolf/Laughing-wolf_43.png",
      "label": "輕蔑",
      "response_time": "00:00:03.704",
      "timestamp_unix": 1749706731,
      "timestamp_unix_ms": 1749706731642,
      "timestamp_readable": "2025-06-12 05:38:51.642",
      "normalized_name": "Laughing-wolf/Laughing-wolf",
      "meme_name": "Laughing-wolf",
      "post_id": 43,
      "english_label": "contempt",
      "response_time_ms": 3704
    },
    {
      "image_path": "Angry-Baby/Angry-Baby_41.png",
      "label": "其他",
      "response_time": "00:00:08.606",
      "timestamp_unix": 1749706740,
      "timestamp_unix_ms": 1749706740453,
      "timestamp_readable": "2025-06-12 05:39:00.453",
      "normalized_name": "Angry-Baby/Angry-Baby",
      "meme_name": "Angry-Baby",
      "post_id": 41,
      "english_label": "others",
      "response_time_ms": 8606
    },
    {
      "image_path": "Always-you-three/Always-you-three_17.png",
      "label": "輕蔑",
      "response_time": "00:00:10.912",
      "timestamp_unix": 1749706751,
      "timestamp_unix_ms": 1749706751512,
      "timestamp_readable": "2025-06-12 05:39:11.512",
      "normalized_name": "Always-you-three/Always-you-three",
      "meme_name": "Always-you-three",
      "post_id": 17,
      "english_label": "contempt",
      "response_time_ms": 10912
    },
    {
      "image_path": "Happy--Shock/Happy--Shock_3.png",
      "label": "其他",
      "response_time": "00:00:05.400",
      "timestamp_unix": 1749706757,
      "timestamp_unix_ms": 1749706757158,
      "timestamp_readable": "2025-06-12 05:39:17.158",
      "normalized_name": "Happy--Shock/Happy--Shock",
      "meme_name": "Happy--Shock",
      "post_id": 3,
      "english_label": "others",
      "response_time_ms": 5400
    },
    {
      "image_path": "Scooby-doo-mask-reveal/Scooby-doo-mask-reveal_15.png",
      "label": "厭惡",
      "response_time": "00:00:07.310",
      "timestamp_unix": 1749706764,
      "timestamp_unix_ms": 1749706764643,
      "timestamp_readable": "2025-06-12 05:39:24.643",
      "normalized_name": "Scooby-doo-mask-reveal/Scooby-doo-mask-reveal",
      "meme_name": "Scooby-doo-mask-reveal",
      "post_id": 15,
      "english_label": "disgust",
      "response_time_ms": 7310
    },
    {
      "image_path": "attention_check/attention_check_Contempt.png",
      "label": "輕蔑",
      "response_time": "00:00:03.608",
      "timestamp_unix": 1749706768,
      "timestamp_unix_ms": 1749706768424,
      "timestamp_readable": "2025-06-12 05:39:28.424",
      "normalized_name": "attention_check/attention_check_Contempt.png",
      "meme_name": "attention_check",
      "post_id": null,
      "english_label": "contempt",
      "response_time_ms": 3608
    },
    {
      "image_path": "Monkey-Puppet/Monkey-Puppet_31.png",
      "label": "其他",
      "response_time": "00:00:03.910",
      "timestamp_unix": 1749706772,
      "timestamp_unix_ms": 1749706772453,
      "timestamp_readable": "2025-06-12 05:39:32.453",
      "normalized_name": "Monkey-Puppet/Monkey-Puppet",
      "meme_name": "Monkey-Puppet",
      "post_id": 31,
      "english_label": "others",
      "response_time_ms": 3910
    },
    {
      "image_path": "Chill-guy/Chill-guy_46.png",
      "label": "輕蔑",
      "response_time": "00:00:07.101",
      "timestamp_unix": 1749706779,
      "timestamp_unix_ms": 1749706779733,
      "timestamp_readable": "2025-06-12 05:39:39.733",
      "normalized_name": "Chill-guy/Chill-guy",
      "meme_name": "Chill-guy",
      "post_id": 46,
      "english_label": "contempt",
      "response_time_ms": 7101
    },
    {
      "image_path": "Futurama-Fry/Futurama-Fry_7.png",
      "label": "厭惡",
      "response_time": "00:00:03.903",
      "timestamp_unix": 1749706783,
      "timestamp_unix_ms": 1749706783821,
      "timestamp_readable": "2025-06-12 05:39:43.821",
      "normalized_name": "Futurama-Fry/Futurama-Fry",
      "meme_name": "Futurama-Fry",
      "post_id": 7,
      "english_label": "disgust",
      "response_time_ms": 3903
    },
    {
      "image_path": "Disappointed-Man/Disappointed-Man_18.png",
      "label": "其他",
      "response_time": "00:00:05.713",
      "timestamp_unix": 1749706789,
      "timestamp_unix_ms": 1749706789683,
      "timestamp_readable": "2025-06-12 05:39:49.683",
      "normalized_name": "Disappointed-Man/Disappointed-Man",
      "meme_name": "Disappointed-Man",
      "post_id": 18,
      "english_label": "others",
      "response_time_ms": 5713
    }
  ],
  "session_start_unix": 1749706241,
  "session_status": "completed",
  "last_updated_unix": 1749706813,
  "image_order": [
    "Spiderman-Hospital/Spiderman-Hospital_29.png",
    "Happy--Shock/Happy--Shock_3.png",
    "Chill-guy/Chill-guy_46.png",
    "I-am-once-again-asking/I-am-once-again-asking_2.png",
    "Math-ladyConfused-lady/Math-ladyConfused-lady_24.png",
    "Archer/Archer_35.png",
    "Leonardo-Dicaprio-Wolf-Of-Wall-Street/Leonardo-Dicaprio-Wolf-Of-Wall-Street_13.png",
    "Mocking-Spongebob/Mocking-Spongebob_11.png",
    "Afraid-To-Ask-Andy/Afraid-To-Ask-Andy_27.png",
    "Charlie-Day/Charlie-Day_28.png",
    "Always-Has-Been/Always-Has-Been_44.png",
    "Picard-Wtf/Picard-Wtf_32.png",
    "Batman-Slapping-Robin/Batman-Slapping-Robin_26.png",
    "For-the-better-right-blank/For-the-better-right-blank_50.png",
    "Drake-NoYes/Drake-NoYes_36.png",
    "Laughing-wolf/Laughing-wolf_43.png",
    "DJ-Pauly-D/DJ-Pauly-D_9.png",
    "Always-you-three/Always-you-three_17.png",
    "Disappointed-Man/Disappointed-Man_18.png",
    "Smudge-the-cat/Smudge-the-cat_40.png",
    "Thats-a-paddlin/Thats-a-paddlin_34.png",
    "Hide-the-Pain-Harold/Hide-the-Pain-Harold_38.png",
    "Hold-fart/Hold-fart_30.png",
    "attention_check/attention_check_Disgust.png",
    "Im-The-Captain-Now/Im-The-Captain-Now_21.png",
    "Obi-Wan-Kenobi/Obi-Wan-Kenobi_37.png",
    "Spongebob-Yelling/Spongebob-Yelling_10.png",
    "Nuclear-Explosion/Nuclear-Explosion_49.png",
    "Dinkleberg/Dinkleberg_14.png",
    "Scooby-doo-mask-reveal/Scooby-doo-mask-reveal_15.png",
    "Disaster-Girl/Disaster-Girl_23.png",
    "Black-guy-hiding-behind-tree/Black-guy-hiding-behind-tree_19.png",
    "You-The-Real-MVP/You-The-Real-MVP_25.png",
    "Moe-throws-Barney/Moe-throws-Barney_12.png",
    "Ill-Have-You-Know-Spongebob/Ill-Have-You-Know-Spongebob_48.png",
    "Futurama-Fry/Futurama-Fry_7.png",
    "Monkey-Puppet/Monkey-Puppet_31.png",
    "Confused-Gandalf/Confused-Gandalf_47.png",
    "Mr-incredible-mad/Mr-incredible-mad_8.png",
    "Dave-chappelle/Dave-chappelle_42.png",
    "Surprised-Pikachu/Surprised-Pikachu_33.png",
    "Table-Flip-Guy/Table-Flip-Guy_4.png",
    "Kevin-Hart/Kevin-Hart_6.png",
    "Well-Yes-But-Actually-No/Well-Yes-But-Actually-No_20.png",
    "Mr-McMahon-reaction/Mr-McMahon-reaction_45.png",
    "Gru-Gun/Gru-Gun_39.png",
    "Persian-Cat-Room-Guardian/Persian-Cat-Room-Guardian_5.png",
    "attention_check/attention_check_Contempt.png",
    "Put-It-Somewhere-Else-Patrick/Put-It-Somewhere-Else-Patrick_22.png",
    "Angry-Baby/Angry-Baby_41.png",
    "Arthur-Fist/Arthur-Fist_1.png",
    "Khan/Khan_16.png"
  ],
  "completion_status": {
    "practice_completed": true,
    "game_started": true,
    "game_completed": true,
    "summary_viewed": true,
    "email_submitted": true
  },
  "timestamps_unix": {
    "registration_completed": 1749706241,
    "practice_started": 1749706241,
    "practice_completed": 1749706310,
    "game_started": 1749706310,
    "first_label": 1749706327,
    "last_label": 1749706789,
    "game_completed": 1749706791,
    "summary_viewed": 1749706791,
    "email_submitted": 1749706813,
    "session_end": 1749706813,
    "last_updated": 1749706813
  },
  "timestamps_unix_ms": {
    "registration_completed_ms": 1749706241084,
    "practice_started_ms": 1749706241157,
    "practice_completed_ms": 1749706310521,
    "game_started_ms": 1749706310526,
    "first_label_ms": 1749706327249,
    "last_label_ms": 1749706789683,
    "game_completed_ms": 1749706791335,
    "summary_viewed_ms": 1749706791343,
    "email_submitted_ms": 1749706813839,
    "session_end_ms": 1749706813839,
    "last_updated_ms": 1749706813839
  },
  "duration_stats_ms": {
    "total_session_duration_ms": 572755,
    "practice_duration_ms": 69364,
    "game_duration_ms": 480809,
    "labeling_duration_ms": 462434,
    "email_submission_duration_ms": 22496
  },
  "filename_updated_unix": 1749706791,
  "original_filename": "user_db6d9d",
  "completion_status_in_filename": "email_submitted"
}