{
  "user_id": "user_cc5cff",
  "file_name": "user_cc5cff_1751347730_1751347842_fullycomplete",
  "unix_start_time": 1751347730,
  "unix_start_time_ms": 1751347730177,
  "unix_end_time": 1751347842,
  "unix_end_time_ms": 1751347842551,
  "age": "25-29",
  "gender": "male",
  "user_agent": "Mozilla/5.0 (Windows NT 10.0; Win64; x64) AppleWebKit/537.36 (KHTML, like Gecko) Chrome/137.0.0.0 Safari/537.36",
  "user_ip": "61.71.198.185",
  "status": "complete",
  "email_provided": "complete",
  "attention_passed": false,
  "start_time_readable": "2025-07-01 05:28:50.176",
  "end_time_readable": "2025-07-01 05:30:42.551",
  "total_labels": 52,
  "emotion_summary": {
    "anger": 14,
    "contempt": 20,
    "disgust": 12,
    "others": 6
  },
  "email": "king0980692@gmail.com",
  "participation": "no",
  "total_responses": 52,
  "responses": [
    {
      "image_path": "Monkey-Puppet/Monkey-Puppet_13.png",
      "label": "輕蔑",
      "response_time": "00:00:08.105",
      "timestamp_unix": 1751347779,
      "timestamp_unix_ms": 1751347779681,
      "timestamp_readable": "2025-07-01 05:29:39.681",
      "normalized_name": "Monkey-Puppet/Monkey-Puppet",
      "meme_name": "Monkey-Puppet",
      "post_id": 13,
      "english_label": "contempt",
      "response_time_ms": 8105
    },
    {
      "image_path": "DJ-Pauly-D/DJ-Pauly-D_21.png",
      "label": "厭惡",
      "response_time": "00:00:04.602",
      "timestamp_unix": 1751347784,
      "timestamp_unix_ms": 1751347784397,
      "timestamp_readable": "2025-07-01 05:29:44.397",
      "normalized_name": "DJ-Pauly-D/DJ-Pauly-D",
      "meme_name": "DJ-Pauly-D",
      "post_id": 21,
      "english_label": "disgust",
      "response_time_ms": 4602
    },
    {
      "image_path": "Drake-NoYes/Drake-NoYes_4.png",
      "label": "輕蔑",
      "response_time": "00:00:08.905",
      "timestamp_unix": 1751347793,
      "timestamp_unix_ms": 1751347793385,
      "timestamp_readable": "2025-07-01 05:29:53.385",
      "normalized_name": "Drake-NoYes/Drake-NoYes",
      "meme_name": "Drake-NoYes",
      "post_id": 4,
      "english_label": "contempt",
      "response_time_ms": 8905
    },
    {
      "image_path": "Mocking-Spongebob/Mocking-Spongebob_19.png",
      "label": "憤怒",
      "response_time": "00:00:13.104",
      "timestamp_unix": 1751347806,
      "timestamp_unix_ms": 1751347806607,
      "timestamp_readable": "2025-07-01 05:30:06.607",
      "normalized_name": "Mocking-Spongebob/Mocking-Spongebob",
      "meme_name": "Mocking-Spongebob",
      "post_id": 19,
      "english_label": "anger",
      "response_time_ms": 13104
    },
    {
      "image_path": "Hold-fart/Hold-fart_36.png",
      "label": "輕蔑",
      "response_time": "00:00:01.404",
      "timestamp_unix": 1751347808,
      "timestamp_unix_ms": 1751347808147,
      "timestamp_readable": "2025-07-01 05:30:08.147",
      "normalized_name": "Hold-fart/Hold-fart",
      "meme_name": "Hold-fart",
      "post_id": 36,
      "english_label": "contempt",
      "response_time_ms": 1404
    },
    {
      "image_path": "Angry-Baby/Angry-Baby_47.png",
      "label": "憤怒",
      "response_time": "00:00:00.701",
      "timestamp_unix": 1751347808,
      "timestamp_unix_ms": 1751347808923,
      "timestamp_readable": "2025-07-01 05:30:08.923",
      "normalized_name": "Angry-Baby/Angry-Baby",
      "meme_name": "Angry-Baby",
      "post_id": 47,
      "english_label": "anger",
      "response_time_ms": 701
    },
    {
      "image_path": "Laughing-wolf/Laughing-wolf_14.png",
      "label": "厭惡",
      "response_time": "00:00:00.503",
      "timestamp_unix": 1751347809,
      "timestamp_unix_ms": 1751347809541,
      "timestamp_readable": "2025-07-01 05:30:09.541",
      "normalized_name": "Laughing-wolf/Laughing-wolf",
      "meme_name": "Laughing-wolf",
      "post_id": 14,
      "english_label": "disgust",
      "response_time_ms": 503
    },
    {
      "image_path": "You-The-Real-MVP/You-The-Real-MVP_32.png",
      "label": "憤怒",
      "response_time": "00:00:00.404",
      "timestamp_unix": 1751347810,
      "timestamp_unix_ms": 1751347810100,
      "timestamp_readable": "2025-07-01 05:30:10.100",
      "normalized_name": "You-The-Real-MVP/You-The-Real-MVP",
      "meme_name": "You-The-Real-MVP",
      "post_id": 32,
      "english_label": "anger",
      "response_time_ms": 404
    },
    {
      "image_path": "Spongebob-Yelling/Spongebob-Yelling_16.png",
      "label": "輕蔑",
      "response_time": "00:00:00.511",
      "timestamp_unix": 1751347810,
      "timestamp_unix_ms": 1751347810677,
      "timestamp_readable": "2025-07-01 05:30:10.677",
      "normalized_name": "Spongebob-Yelling/Spongebob-Yelling",
      "meme_name": "Spongebob-Yelling",
      "post_id": 16,
      "english_label": "contempt",
      "response_time_ms": 511
    },
    {
      "image_path": "Picard-Wtf/Picard-Wtf_42.png",
      "label": "厭惡",
      "response_time": "00:00:00.402",
      "timestamp_unix": 1751347811,
      "timestamp_unix_ms": 1751347811156,
      "timestamp_readable": "2025-07-01 05:30:11.156",
      "normalized_name": "Picard-Wtf/Picard-Wtf",
      "meme_name": "Picard-Wtf",
      "post_id": 42,
      "english_label": "disgust",
      "response_time_ms": 402
    },
    {
      "image_path": "Obi-Wan-Kenobi/Obi-Wan-Kenobi_12.png",
      "label": "憤怒",
      "response_time": "00:00:00.401",
      "timestamp_unix": 1751347811,
      "timestamp_unix_ms": 1751347811682,
      "timestamp_readable": "2025-07-01 05:30:11.682",
      "normalized_name": "Obi-Wan-Kenobi/Obi-Wan-Kenobi",
      "meme_name": "Obi-Wan-Kenobi",
      "post_id": 12,
      "english_label": "anger",
      "response_time_ms": 401
    },
    {
      "image_path": "Mr-incredible-mad/Mr-incredible-mad_9.png",
      "label": "其他",
      "response_time": "00:00:00.405",
      "timestamp_unix": 1751347812,
      "timestamp_unix_ms": 1751347812168,
      "timestamp_readable": "2025-07-01 05:30:12.168",
      "normalized_name": "Mr-incredible-mad/Mr-incredible-mad",
      "meme_name": "Mr-incredible-mad",
      "post_id": 9,
      "english_label": "others",
      "response_time_ms": 405
    },
    {
      "image_path": "Arthur-Fist/Arthur-Fist_22.png",
      "label": "憤怒",
      "response_time": "00:00:00.403",
      "timestamp_unix": 1751347812,
      "timestamp_unix_ms": 1751347812661,
      "timestamp_readable": "2025-07-01 05:30:12.661",
      "normalized_name": "Arthur-Fist/Arthur-Fist",
      "meme_name": "Arthur-Fist",
      "post_id": 22,
      "english_label": "anger",
      "response_time_ms": 403
    },
    {
      "image_path": "Smudge-the-cat/Smudge-the-cat_5.png",
      "label": "憤怒",
      "response_time": "00:00:00.403",
      "timestamp_unix": 1751347813,
      "timestamp_unix_ms": 1751347813172,
      "timestamp_readable": "2025-07-01 05:30:13.172",
      "normalized_name": "Smudge-the-cat/Smudge-the-cat",
      "meme_name": "Smudge-the-cat",
      "post_id": 5,
      "english_label": "anger",
      "response_time_ms": 403
    },
    {
      "image_path": "Khan/Khan_26.png",
      "label": "輕蔑",
      "response_time": "00:00:00.306",
      "timestamp_unix": 1751347813,
      "timestamp_unix_ms": 1751347813556,
      "timestamp_readable": "2025-07-01 05:30:13.556",
      "normalized_name": "Khan/Khan",
      "meme_name": "Khan",
      "post_id": 26,
      "english_label": "contempt",
      "response_time_ms": 306
    },
    {
      "image_path": "Always-you-three/Always-you-three_49.png",
      "label": "輕蔑",
      "response_time": "00:00:00.307",
      "timestamp_unix": 1751347813,
      "timestamp_unix_ms": 1751347813942,
      "timestamp_readable": "2025-07-01 05:30:13.942",
      "normalized_name": "Always-you-three/Always-you-three",
      "meme_name": "Always-you-three",
      "post_id": 49,
      "english_label": "contempt",
      "response_time_ms": 307
    },
    {
      "image_path": "Math-ladyConfused-lady/Math-ladyConfused-lady_48.png",
      "label": "輕蔑",
      "response_time": "00:00:00.510",
      "timestamp_unix": 1751347814,
      "timestamp_unix_ms": 1751347814500,
      "timestamp_readable": "2025-07-01 05:30:14.500",
      "normalized_name": "Math-ladyConfused-lady/Math-ladyConfused-lady",
      "meme_name": "Math-ladyConfused-lady",
      "post_id": 48,
      "english_label": "contempt",
      "response_time_ms": 510
    },
    {
      "image_path": "Batman-Slapping-Robin/Batman-Slapping-Robin_28.png",
      "label": "輕蔑",
      "response_time": "00:00:00.405",
      "timestamp_unix": 1751347815,
      "timestamp_unix_ms": 1751347815002,
      "timestamp_readable": "2025-07-01 05:30:15.002",
      "normalized_name": "Batman-Slapping-Robin/Batman-Slapping-Robin",
      "meme_name": "Batman-Slapping-Robin",
      "post_id": 28,
      "english_label": "contempt",
      "response_time_ms": 405
    },
    {
      "image_path": "Nuclear-Explosion/Nuclear-Explosion_41.png",
      "label": "輕蔑",
      "response_time": "00:00:00.408",
      "timestamp_unix": 1751347815,
      "timestamp_unix_ms": 1751347815461,
      "timestamp_readable": "2025-07-01 05:30:15.461",
      "normalized_name": "Nuclear-Explosion/Nuclear-Explosion",
      "meme_name": "Nuclear-Explosion",
      "post_id": 41,
      "english_label": "contempt",
      "response_time_ms": 408
    },
    {
      "image_path": "Spiderman-Hospital/Spiderman-Hospital_20.png",
      "label": "厭惡",
      "response_time": "00:00:00.303",
      "timestamp_unix": 1751347815,
      "timestamp_unix_ms": 1751347815836,
      "timestamp_readable": "2025-07-01 05:30:15.836",
      "normalized_name": "Spiderman-Hospital/Spiderman-Hospital",
      "meme_name": "Spiderman-Hospital",
      "post_id": 20,
      "english_label": "disgust",
      "response_time_ms": 303
    },
    {
      "image_path": "Black-guy-hiding-behind-tree/Black-guy-hiding-behind-tree_23.png",
      "label": "輕蔑",
      "response_time": "00:00:00.402",
      "timestamp_unix": 1751347816,
      "timestamp_unix_ms": 1751347816318,
      "timestamp_readable": "2025-07-01 05:30:16.318",
      "normalized_name": "Black-guy-hiding-behind-tree/Black-guy-hiding-behind-tree",
      "meme_name": "Black-guy-hiding-behind-tree",
      "post_id": 23,
      "english_label": "contempt",
      "response_time_ms": 402
    },
    {
      "image_path": "attention_check/attention_check_Contempt.png",
      "label": "憤怒",
      "response_time": "00:00:00.506",
      "timestamp_unix": 1751347816,
      "timestamp_unix_ms": 1751347816940,
      "timestamp_readable": "2025-07-01 05:30:16.940",
      "normalized_name": "attention_check/attention_check_Contempt.png",
      "meme_name": "attention_check",
      "post_id": null,
      "english_label": "anger",
      "response_time_ms": 506
    },
    {
      "image_path": "Thats-a-paddlin/Thats-a-paddlin_37.png",
      "label": "輕蔑",
      "response_time": "00:00:00.407",
      "timestamp_unix": 1751347817,
      "timestamp_unix_ms": 1751347817436,
      "timestamp_readable": "2025-07-01 05:30:17.436",
      "normalized_name": "Thats-a-paddlin/Thats-a-paddlin",
      "meme_name": "Thats-a-paddlin",
      "post_id": 37,
      "english_label": "contempt",
      "response_time_ms": 407
    },
    {
      "image_path": "Dave-chappelle/Dave-chappelle_25.png",
      "label": "厭惡",
      "response_time": "00:00:00.308",
      "timestamp_unix": 1751347817,
      "timestamp_unix_ms": 1751347817806,
      "timestamp_readable": "2025-07-01 05:30:17.806",
      "normalized_name": "Dave-chappelle/Dave-chappelle",
      "meme_name": "Dave-chappelle",
      "post_id": 25,
      "english_label": "disgust",
      "response_time_ms": 308
    },
    {
      "image_path": "Afraid-To-Ask-Andy/Afraid-To-Ask-Andy_27.png",
      "label": "輕蔑",
      "response_time": "00:00:00.300",
      "timestamp_unix": 1751347818,
      "timestamp_unix_ms": 1751347818237,
      "timestamp_readable": "2025-07-01 05:30:18.237",
      "normalized_name": "Afraid-To-Ask-Andy/Afraid-To-Ask-Andy",
      "meme_name": "Afraid-To-Ask-Andy",
      "post_id": 27,
      "english_label": "contempt",
      "response_time_ms": 300
    },
    {
      "image_path": "Kevin-Hart/Kevin-Hart_10.png",
      "label": "憤怒",
      "response_time": "00:00:00.308",
      "timestamp_unix": 1751347818,
      "timestamp_unix_ms": 1751347818632,
      "timestamp_readable": "2025-07-01 05:30:18.632",
      "normalized_name": "Kevin-Hart/Kevin-Hart",
      "meme_name": "Kevin-Hart",
      "post_id": 10,
      "english_label": "anger",
      "response_time_ms": 308
    },
    {
      "image_path": "Leonardo-Dicaprio-Wolf-Of-Wall-Street/Leonardo-Dicaprio-Wolf-Of-Wall-Street_30.png",
      "label": "厭惡",
      "response_time": "00:00:00.701",
      "timestamp_unix": 1751347819,
      "timestamp_unix_ms": 1751347819462,
      "timestamp_readable": "2025-07-01 05:30:19.462",
      "normalized_name": "Leonardo-Dicaprio-Wolf-Of-Wall-Street/Leonardo-Dicaprio-Wolf-Of-Wall-Street",
      "meme_name": "Leonardo-Dicaprio-Wolf-Of-Wall-Street",
      "post_id": 30,
      "english_label": "disgust",
      "response_time_ms": 701
    },
    {
      "image_path": "For-the-better-right-blank/For-the-better-right-blank_29.png",
      "label": "輕蔑",
      "response_time": "00:00:00.313",
      "timestamp_unix": 1751347819,
      "timestamp_unix_ms": 1751347819835,
      "timestamp_readable": "2025-07-01 05:30:19.835",
      "normalized_name": "For-the-better-right-blank/For-the-better-right-blank",
      "meme_name": "For-the-better-right-blank",
      "post_id": 29,
      "english_label": "contempt",
      "response_time_ms": 313
    },
    {
      "image_path": "Archer/Archer_3.png",
      "label": "輕蔑",
      "response_time": "00:00:00.602",
      "timestamp_unix": 1751347820,
      "timestamp_unix_ms": 1751347820538,
      "timestamp_readable": "2025-07-01 05:30:20.538",
      "normalized_name": "Archer/Archer",
      "meme_name": "Archer",
      "post_id": 3,
      "english_label": "contempt",
      "response_time_ms": 602
    },
    {
      "image_path": "I-am-once-again-asking/I-am-once-again-asking_45.png",
      "label": "厭惡",
      "response_time": "00:00:00.302",
      "timestamp_unix": 1751347820,
      "timestamp_unix_ms": 1751347820968,
      "timestamp_readable": "2025-07-01 05:30:20.968",
      "normalized_name": "I-am-once-again-asking/I-am-once-again-asking",
      "meme_name": "I-am-once-again-asking",
      "post_id": 45,
      "english_label": "disgust",
      "response_time_ms": 302
    },
    {
      "image_path": "Well-Yes-But-Actually-No/Well-Yes-But-Actually-No_40.png",
      "label": "憤怒",
      "response_time": "00:00:00.311",
      "timestamp_unix": 1751347821,
      "timestamp_unix_ms": 1751347821361,
      "timestamp_readable": "2025-07-01 05:30:21.361",
      "normalized_name": "Well-Yes-But-Actually-No/Well-Yes-But-Actually-No",
      "meme_name": "Well-Yes-But-Actually-No",
      "post_id": 40,
      "english_label": "anger",
      "response_time_ms": 311
    },
    {
      "image_path": "Charlie-Day/Charlie-Day_50.png",
      "label": "其他",
      "response_time": "00:00:00.300",
      "timestamp_unix": 1751347821,
      "timestamp_unix_ms": 1751347821727,
      "timestamp_readable": "2025-07-01 05:30:21.727",
      "normalized_name": "Charlie-Day/Charlie-Day",
      "meme_name": "Charlie-Day",
      "post_id": 50,
      "english_label": "others",
      "response_time_ms": 300
    },
    {
      "image_path": "Confused-Gandalf/Confused-Gandalf_38.png",
      "label": "輕蔑",
      "response_time": "00:00:00.704",
      "timestamp_unix": 1751347822,
      "timestamp_unix_ms": 1751347822498,
      "timestamp_readable": "2025-07-01 05:30:22.498",
      "normalized_name": "Confused-Gandalf/Confused-Gandalf",
      "meme_name": "Confused-Gandalf",
      "post_id": 38,
      "english_label": "contempt",
      "response_time_ms": 704
    },
    {
      "image_path": "Hide-the-Pain-Harold/Hide-the-Pain-Harold_11.png",
      "label": "厭惡",
      "response_time": "00:00:01.101",
      "timestamp_unix": 1751347823,
      "timestamp_unix_ms": 1751347823716,
      "timestamp_readable": "2025-07-01 05:30:23.716",
      "normalized_name": "Hide-the-Pain-Harold/Hide-the-Pain-Harold",
      "meme_name": "Hide-the-Pain-Harold",
      "post_id": 11,
      "english_label": "disgust",
      "response_time_ms": 1101
    },
    {
      "image_path": "Persian-Cat-Room-Guardian/Persian-Cat-Room-Guardian_6.png",
      "label": "其他",
      "response_time": "00:00:00.402",
      "timestamp_unix": 1751347824,
      "timestamp_unix_ms": 1751347824262,
      "timestamp_readable": "2025-07-01 05:30:24.262",
      "normalized_name": "Persian-Cat-Room-Guardian/Persian-Cat-Room-Guardian",
      "meme_name": "Persian-Cat-Room-Guardian",
      "post_id": 6,
      "english_label": "others",
      "response_time_ms": 402
    },
    {
      "image_path": "Gru-Gun/Gru-Gun_1.png",
      "label": "輕蔑",
      "response_time": "00:00:00.308",
      "timestamp_unix": 1751347824,
      "timestamp_unix_ms": 1751347824714,
      "timestamp_readable": "2025-07-01 05:30:24.714",
      "normalized_name": "Gru-Gun/Gru-Gun",
      "meme_name": "Gru-Gun",
      "post_id": 1,
      "english_label": "contempt",
      "response_time_ms": 308
    },
    {
      "image_path": "Always-Has-Been/Always-Has-Been_15.png",
      "label": "憤怒",
      "response_time": "00:00:00.309",
      "timestamp_unix": 1751347825,
      "timestamp_unix_ms": 1751347825140,
      "timestamp_readable": "2025-07-01 05:30:25.140",
      "normalized_name": "Always-Has-Been/Always-Has-Been",
      "meme_name": "Always-Has-Been",
      "post_id": 15,
      "english_label": "anger",
      "response_time_ms": 309
    },
    {
      "image_path": "Chill-guy/Chill-guy_2.png",
      "label": "厭惡",
      "response_time": "00:00:00.406",
      "timestamp_unix": 1751347825,
      "timestamp_unix_ms": 1751347825675,
      "timestamp_readable": "2025-07-01 05:30:25.675",
      "normalized_name": "Chill-guy/Chill-guy",
      "meme_name": "Chill-guy",
      "post_id": 2,
      "english_label": "disgust",
      "response_time_ms": 406
    },
    {
      "image_path": "Im-The-Captain-Now/Im-The-Captain-Now_44.png",
      "label": "輕蔑",
      "response_time": "00:00:00.510",
      "timestamp_unix": 1751347826,
      "timestamp_unix_ms": 1751347826250,
      "timestamp_readable": "2025-07-01 05:30:26.250",
      "normalized_name": "Im-The-Captain-Now/Im-The-Captain-Now",
      "meme_name": "Im-The-Captain-Now",
      "post_id": 44,
      "english_label": "contempt",
      "response_time_ms": 510
    },
    {
      "image_path": "Scooby-doo-mask-reveal/Scooby-doo-mask-reveal_34.png",
      "label": "其他",
      "response_time": "00:00:00.401",
      "timestamp_unix": 1751347826,
      "timestamp_unix_ms": 1751347826773,
      "timestamp_readable": "2025-07-01 05:30:26.773",
      "normalized_name": "Scooby-doo-mask-reveal/Scooby-doo-mask-reveal",
      "meme_name": "Scooby-doo-mask-reveal",
      "post_id": 34,
      "english_label": "others",
      "response_time_ms": 401
    },
    {
      "image_path": "Disappointed-Man/Disappointed-Man_43.png",
      "label": "憤怒",
      "response_time": "00:00:00.303",
      "timestamp_unix": 1751347827,
      "timestamp_unix_ms": 1751347827221,
      "timestamp_readable": "2025-07-01 05:30:27.221",
      "normalized_name": "Disappointed-Man/Disappointed-Man",
      "meme_name": "Disappointed-Man",
      "post_id": 43,
      "english_label": "anger",
      "response_time_ms": 303
    },
    {
      "image_path": "Futurama-Fry/Futurama-Fry_39.png",
      "label": "厭惡",
      "response_time": "00:00:00.305",
      "timestamp_unix": 1751347827,
      "timestamp_unix_ms": 1751347827664,
      "timestamp_readable": "2025-07-01 05:30:27.664",
      "normalized_name": "Futurama-Fry/Futurama-Fry",
      "meme_name": "Futurama-Fry",
      "post_id": 39,
      "english_label": "disgust",
      "response_time_ms": 305
    },
    {
      "image_path": "Happy--Shock/Happy--Shock_8.png",
      "label": "輕蔑",
      "response_time": "00:00:00.306",
      "timestamp_unix": 1751347828,
      "timestamp_unix_ms": 1751347828102,
      "timestamp_readable": "2025-07-01 05:30:28.102",
      "normalized_name": "Happy--Shock/Happy--Shock",
      "meme_name": "Happy--Shock",
      "post_id": 8,
      "english_label": "contempt",
      "response_time_ms": 306
    },
    {
      "image_path": "attention_check/attention_check_Disgust.png",
      "label": "其他",
      "response_time": "00:00:00.310",
      "timestamp_unix": 1751347828,
      "timestamp_unix_ms": 1751347828489,
      "timestamp_readable": "2025-07-01 05:30:28.489",
      "normalized_name": "attention_check/attention_check_Disgust.png",
      "meme_name": "attention_check",
      "post_id": null,
      "english_label": "others",
      "response_time_ms": 310
    },
    {
      "image_path": "Dinkleberg/Dinkleberg_24.png",
      "label": "其他",
      "response_time": "00:00:00.508",
      "timestamp_unix": 1751347829,
      "timestamp_unix_ms": 1751347829100,
      "timestamp_readable": "2025-07-01 05:30:29.100",
      "normalized_name": "Dinkleberg/Dinkleberg",
      "meme_name": "Dinkleberg",
      "post_id": 24,
      "english_label": "others",
      "response_time_ms": 508
    },
    {
      "image_path": "Table-Flip-Guy/Table-Flip-Guy_7.png",
      "label": "憤怒",
      "response_time": "00:00:00.206",
      "timestamp_unix": 1751347829,
      "timestamp_unix_ms": 1751347829436,
      "timestamp_readable": "2025-07-01 05:30:29.436",
      "normalized_name": "Table-Flip-Guy/Table-Flip-Guy",
      "meme_name": "Table-Flip-Guy",
      "post_id": 7,
      "english_label": "anger",
      "response_time_ms": 206
    },
    {
      "image_path": "Ill-Have-You-Know-Spongebob/Ill-Have-You-Know-Spongebob_35.png",
      "label": "憤怒",
      "response_time": "00:00:01.005",
      "timestamp_unix": 1751347830,
      "timestamp_unix_ms": 1751347830553,
      "timestamp_readable": "2025-07-01 05:30:30.553",
      "normalized_name": "Ill-Have-You-Know-Spongebob/Ill-Have-You-Know-Spongebob",
      "meme_name": "Ill-Have-You-Know-Spongebob",
      "post_id": 35,
      "english_label": "anger",
      "response_time_ms": 1005
    },
    {
      "image_path": "Surprised-Pikachu/Surprised-Pikachu_31.png",
      "label": "憤怒",
      "response_time": "00:00:00.404",
      "timestamp_unix": 1751347831,
      "timestamp_unix_ms": 1751347831023,
      "timestamp_readable": "2025-07-01 05:30:31.023",
      "normalized_name": "Surprised-Pikachu/Surprised-Pikachu",
      "meme_name": "Surprised-Pikachu",
      "post_id": 31,
      "english_label": "anger",
      "response_time_ms": 404
    },
    {
      "image_path": "Disaster-Girl/Disaster-Girl_18.png",
      "label": "厭惡",
      "response_time": "00:00:00.401",
      "timestamp_unix": 1751347831,
      "timestamp_unix_ms": 1751347831537,
      "timestamp_readable": "2025-07-01 05:30:31.537",
      "normalized_name": "Disaster-Girl/Disaster-Girl",
      "meme_name": "Disaster-Girl",
      "post_id": 18,
      "english_label": "disgust",
      "response_time_ms": 401
    },
    {
      "image_path": "Moe-throws-Barney/Moe-throws-Barney_17.png",
      "label": "輕蔑",
      "response_time": "00:00:00.301",
      "timestamp_unix": 1751347831,
      "timestamp_unix_ms": 1751347831925,
      "timestamp_readable": "2025-07-01 05:30:31.925",
      "normalized_name": "Moe-throws-Barney/Moe-throws-Barney",
      "meme_name": "Moe-throws-Barney",
      "post_id": 17,
      "english_label": "contempt",
      "response_time_ms": 301
    },
    {
      "image_path": "Mr-McMahon-reaction/Mr-McMahon-reaction_46.png",
      "label": "輕蔑",
      "response_time": "00:00:00.408",
      "timestamp_unix": 1751347832,
      "timestamp_unix_ms": 1751347832398,
      "timestamp_readable": "2025-07-01 05:30:32.398",
      "normalized_name": "Mr-McMahon-reaction/Mr-McMahon-reaction",
      "meme_name": "Mr-McMahon-reaction",
      "post_id": 46,
      "english_label": "contempt",
      "response_time_ms": 408
    },
    {
      "image_path": "Put-It-Somewhere-Else-Patrick/Put-It-Somewhere-Else-Patrick_33.png",
      "label": "厭惡",
      "response_time": "00:00:00.305",
      "timestamp_unix": 1751347832,
      "timestamp_unix_ms": 1751347832824,
      "timestamp_readable": "2025-07-01 05:30:32.824",
      "normalized_name": "Put-It-Somewhere-Else-Patrick/Put-It-Somewhere-Else-Patrick",
      "meme_name": "Put-It-Somewhere-Else-Patrick",
      "post_id": 33,
      "english_label": "disgust",
      "response_time_ms": 305
    }
  ],
  "session_start_unix": 1751347730,
  "session_status": "completed",
  "last_updated_unix": 1751347842,
  "image_order": [
    "Spiderman-Hospital/Spiderman-Hospital_20.png",
    "Happy--Shock/Happy--Shock_8.png",
    "Chill-guy/Chill-guy_2.png",
    "I-am-once-again-asking/I-am-once-again-asking_45.png",
    "Math-ladyConfused-lady/Math-ladyConfused-lady_48.png",
    "Archer/Archer_3.png",
    "Leonardo-Dicaprio-Wolf-Of-Wall-Street/Leonardo-Dicaprio-Wolf-Of-Wall-Street_30.png",
    "Mocking-Spongebob/Mocking-Spongebob_19.png",
    "Afraid-To-Ask-Andy/Afraid-To-Ask-Andy_27.png",
    "Charlie-Day/Charlie-Day_50.png",
    "Always-Has-Been/Always-Has-Been_15.png",
    "Picard-Wtf/Picard-Wtf_42.png",
    "Batman-Slapping-Robin/Batman-Slapping-Robin_28.png",
    "For-the-better-right-blank/For-the-better-right-blank_29.png",
    "Drake-NoYes/Drake-NoYes_4.png",
    "Laughing-wolf/Laughing-wolf_14.png",
    "DJ-Pauly-D/DJ-Pauly-D_21.png",
    "Always-you-three/Always-you-three_49.png",
    "Disappointed-Man/Disappointed-Man_43.png",
    "Smudge-the-cat/Smudge-the-cat_5.png",
    "Thats-a-paddlin/Thats-a-paddlin_37.png",
    "attention_check/attention_check_Contempt.png",
    "Hide-the-Pain-Harold/Hide-the-Pain-Harold_11.png",
    "Hold-fart/Hold-fart_36.png",
    "Im-The-Captain-Now/Im-The-Captain-Now_44.png",
    "Obi-Wan-Kenobi/Obi-Wan-Kenobi_12.png",
    "Spongebob-Yelling/Spongebob-Yelling_16.png",
    "Nuclear-Explosion/Nuclear-Explosion_41.png",
    "Dinkleberg/Dinkleberg_24.png",
    "Scooby-doo-mask-reveal/Scooby-doo-mask-reveal_34.png",
    "Disaster-Girl/Disaster-Girl_18.png",
    "Black-guy-hiding-behind-tree/Black-guy-hiding-behind-tree_23.png",
    "You-The-Real-MVP/You-The-Real-MVP_32.png",
    "Moe-throws-Barney/Moe-throws-Barney_17.png",
    "Ill-Have-You-Know-Spongebob/Ill-Have-You-Know-Spongebob_35.png",
    "Futurama-Fry/Futurama-Fry_39.png",
    "Monkey-Puppet/Monkey-Puppet_13.png",
    "Confused-Gandalf/Confused-Gandalf_38.png",
    "Mr-incredible-mad/Mr-incredible-mad_9.png",
    "Dave-chappelle/Dave-chappelle_25.png",
    "Surprised-Pikachu/Surprised-Pikachu_31.png",
    "Table-Flip-Guy/Table-Flip-Guy_7.png",
    "Kevin-Hart/Kevin-Hart_10.png",
    "attention_check/attention_check_Disgust.png",
    "Well-Yes-But-Actually-No/Well-Yes-But-Actually-No_40.png",
    "Mr-McMahon-reaction/Mr-McMahon-reaction_46.png",
    "Gru-Gun/Gru-Gun_1.png",
    "Persian-Cat-Room-Guardian/Persian-Cat-Room-Guardian_6.png",
    "Put-It-Somewhere-Else-Patrick/Put-It-Somewhere-Else-Patrick_33.png",
    "Angry-Baby/Angry-Baby_47.png",
    "Arthur-Fist/Arthur-Fist_22.png",
    "Khan/Khan_26.png"
  ],
  "completion_status": {
    "practice_completed": true,
    "game_started": true,
    "game_completed": true,
    "summary_viewed": true,
    "email_submitted": true
  },
  "timestamps_unix": {
    "registration_completed": 1751347730,
    "practice_started": 1751347730,
    "practice_completed": 1751347771,
    "game_started": 1751347771,
    "first_label": 1751347779,
    "last_label": 1751347832,
    "game_completed": 1751347834,
    "summary_viewed": 1751347834,
    "email_submitted": 1751347842,
    "session_end": 1751347842,
    "last_updated": 1751347842
  },
  "timestamps_unix_ms": {
    "registration_completed_ms": 1751347730177,
    "practice_started_ms": 1751347730227,
    "practice_completed_ms": 1751347771335,
    "game_started_ms": 1751347771347,
    "first_label_ms": 1751347779681,
    "last_label_ms": 1751347832824,
    "game_completed_ms": 1751347834834,
    "summary_viewed_ms": 1751347834846,
    "email_submitted_ms": 1751347842539,
    "session_end_ms": 1751347842539,
    "last_updated_ms": 1751347842539
  },
  "duration_stats_ms": {
    "total_session_duration_ms": 112362,
    "practice_duration_ms": 41108,
    "game_duration_ms": 63487,
    "labeling_duration_ms": 53143,
    "email_submission_duration_ms": 7693
  },
  "filename_updated_unix": 1751347834,
  "original_filename": "user_cc5cff",
  "completion_status_in_filename": "email_submitted"
}