{
  "user_id": "user_3a0552",
  "file_name": "user_3a0552_1749951722_1749952607_fullycomplete",
  "unix_start_time": 1749951722,
  "unix_start_time_ms": 1749951722673,
  "unix_end_time": 1749952607,
  "unix_end_time_ms": 1749952607491,
  "age": "30-34",
  "gender": "female",
  "user_agent": "Mozilla/5.0 (Windows NT 10.0; Win64; x64) AppleWebKit/537.36 (KHTML, like Gecko) Chrome/137.0.0.0 Safari/537.36",
  "user_ip": "42.72.139.45",
  "status": "complete",
  "email_provided": "complete",
  "attention_passed": true,
  "start_time_readable": "2025-06-15 01:42:02.673",
  "end_time_readable": "2025-06-15 01:56:47.491",
  "total_labels": 52,
  "emotion_summary": {
    "anger": 13,
    "contempt": 11,
    "disgust": 4,
    "others": 24
  },
  "email": "nutice4578@gmail.com",
  "participation": "yes",
  "total_responses": 52,
  "responses": [
    {
      "image_path": "Smudge-the-cat/Smudge-the-cat_18.png",
      "label": "厭惡",
      "response_time": "00:00:08.702",
      "timestamp_unix": 1749951770,
      "timestamp_unix_ms": 1749951770638,
      "timestamp_readable": "2025-06-15 01:42:50.638",
      "normalized_name": "Smudge-the-cat/Smudge-the-cat",
      "meme_name": "Smudge-the-cat",
      "post_id": 18,
      "english_label": "disgust",
      "response_time_ms": 8702
    },
    {
      "image_path": "Mocking-Spongebob/Mocking-Spongebob_47.png",
      "label": "輕蔑",
      "response_time": "00:00:02.901",
      "timestamp_unix": 1749951773,
      "timestamp_unix_ms": 1749951773672,
      "timestamp_readable": "2025-06-15 01:42:53.672",
      "normalized_name": "Mocking-Spongebob/Mocking-Spongebob",
      "meme_name": "Mocking-Spongebob",
      "post_id": 47,
      "english_label": "contempt",
      "response_time_ms": 2901
    },
    {
      "image_path": "DJ-Pauly-D/DJ-Pauly-D_6.png",
      "label": "憤怒",
      "response_time": "00:00:03.400",
      "timestamp_unix": 1749951777,
      "timestamp_unix_ms": 1749951777218,
      "timestamp_readable": "2025-06-15 01:42:57.218",
      "normalized_name": "DJ-Pauly-D/DJ-Pauly-D",
      "meme_name": "DJ-Pauly-D",
      "post_id": 6,
      "english_label": "anger",
      "response_time_ms": 3400
    },
    {
      "image_path": "Math-ladyConfused-lady/Math-ladyConfused-lady_44.png",
      "label": "其他",
      "response_time": "00:00:04.501",
      "timestamp_unix": 1749951781,
      "timestamp_unix_ms": 1749951781907,
      "timestamp_readable": "2025-06-15 01:43:01.907",
      "normalized_name": "Math-ladyConfused-lady/Math-ladyConfused-lady",
      "meme_name": "Math-ladyConfused-lady",
      "post_id": 44,
      "english_label": "others",
      "response_time_ms": 4501
    },
    {
      "image_path": "Happy--Shock/Happy--Shock_11.png",
      "label": "其他",
      "response_time": "00:00:04.104",
      "timestamp_unix": 1749951786,
      "timestamp_unix_ms": 1749951786162,
      "timestamp_readable": "2025-06-15 01:43:06.162",
      "normalized_name": "Happy--Shock/Happy--Shock",
      "meme_name": "Happy--Shock",
      "post_id": 11,
      "english_label": "others",
      "response_time_ms": 4104
    },
    {
      "image_path": "Nuclear-Explosion/Nuclear-Explosion_46.png",
      "label": "憤怒",
      "response_time": "00:00:03.411",
      "timestamp_unix": 1749951789,
      "timestamp_unix_ms": 1749951789737,
      "timestamp_readable": "2025-06-15 01:43:09.737",
      "normalized_name": "Nuclear-Explosion/Nuclear-Explosion",
      "meme_name": "Nuclear-Explosion",
      "post_id": 46,
      "english_label": "anger",
      "response_time_ms": 3411
    },
    {
      "image_path": "Charlie-Day/Charlie-Day_3.png",
      "label": "其他",
      "response_time": "00:00:05.607",
      "timestamp_unix": 1749951795,
      "timestamp_unix_ms": 1749951795523,
      "timestamp_readable": "2025-06-15 01:43:15.523",
      "normalized_name": "Charlie-Day/Charlie-Day",
      "meme_name": "Charlie-Day",
      "post_id": 3,
      "english_label": "others",
      "response_time_ms": 5607
    },
    {
      "image_path": "Archer/Archer_27.png",
      "label": "其他",
      "response_time": "00:00:04.509",
      "timestamp_unix": 1749951800,
      "timestamp_unix_ms": 1749951800182,
      "timestamp_readable": "2025-06-15 01:43:20.182",
      "normalized_name": "Archer/Archer",
      "meme_name": "Archer",
      "post_id": 27,
      "english_label": "others",
      "response_time_ms": 4509
    },
    {
      "image_path": "Obi-Wan-Kenobi/Obi-Wan-Kenobi_31.png",
      "label": "其他",
      "response_time": "00:00:04.406",
      "timestamp_unix": 1749951804,
      "timestamp_unix_ms": 1749951804783,
      "timestamp_readable": "2025-06-15 01:43:24.783",
      "normalized_name": "Obi-Wan-Kenobi/Obi-Wan-Kenobi",
      "meme_name": "Obi-Wan-Kenobi",
      "post_id": 31,
      "english_label": "others",
      "response_time_ms": 4406
    },
    {
      "image_path": "Batman-Slapping-Robin/Batman-Slapping-Robin_30.png",
      "label": "憤怒",
      "response_time": "00:00:03.404",
      "timestamp_unix": 1749951808,
      "timestamp_unix_ms": 1749951808338,
      "timestamp_readable": "2025-06-15 01:43:28.338",
      "normalized_name": "Batman-Slapping-Robin/Batman-Slapping-Robin",
      "meme_name": "Batman-Slapping-Robin",
      "post_id": 30,
      "english_label": "anger",
      "response_time_ms": 3404
    },
    {
      "image_path": "Thats-a-paddlin/Thats-a-paddlin_26.png",
      "label": "憤怒",
      "response_time": "00:00:08.702",
      "timestamp_unix": 1749951817,
      "timestamp_unix_ms": 1749951817218,
      "timestamp_readable": "2025-06-15 01:43:37.218",
      "normalized_name": "Thats-a-paddlin/Thats-a-paddlin",
      "meme_name": "Thats-a-paddlin",
      "post_id": 26,
      "english_label": "anger",
      "response_time_ms": 8702
    },
    {
      "image_path": "For-the-better-right-blank/For-the-better-right-blank_34.png",
      "label": "其他",
      "response_time": "00:00:05.200",
      "timestamp_unix": 1749951822,
      "timestamp_unix_ms": 1749951822636,
      "timestamp_readable": "2025-06-15 01:43:42.636",
      "normalized_name": "For-the-better-right-blank/For-the-better-right-blank",
      "meme_name": "For-the-better-right-blank",
      "post_id": 34,
      "english_label": "others",
      "response_time_ms": 5200
    },
    {
      "image_path": "Hide-the-Pain-Harold/Hide-the-Pain-Harold_4.png",
      "label": "其他",
      "response_time": "00:00:03.006",
      "timestamp_unix": 1749951825,
      "timestamp_unix_ms": 1749951825808,
      "timestamp_readable": "2025-06-15 01:43:45.808",
      "normalized_name": "Hide-the-Pain-Harold/Hide-the-Pain-Harold",
      "meme_name": "Hide-the-Pain-Harold",
      "post_id": 4,
      "english_label": "others",
      "response_time_ms": 3006
    },
    {
      "image_path": "Persian-Cat-Room-Guardian/Persian-Cat-Room-Guardian_12.png",
      "label": "其他",
      "response_time": "00:00:07.807",
      "timestamp_unix": 1749951833,
      "timestamp_unix_ms": 1749951833747,
      "timestamp_readable": "2025-06-15 01:43:53.747",
      "normalized_name": "Persian-Cat-Room-Guardian/Persian-Cat-Room-Guardian",
      "meme_name": "Persian-Cat-Room-Guardian",
      "post_id": 12,
      "english_label": "others",
      "response_time_ms": 7807
    },
    {
      "image_path": "You-The-Real-MVP/You-The-Real-MVP_20.png",
      "label": "輕蔑",
      "response_time": "00:00:03.210",
      "timestamp_unix": 1749951837,
      "timestamp_unix_ms": 1749951837108,
      "timestamp_readable": "2025-06-15 01:43:57.108",
      "normalized_name": "You-The-Real-MVP/You-The-Real-MVP",
      "meme_name": "You-The-Real-MVP",
      "post_id": 20,
      "english_label": "contempt",
      "response_time_ms": 3210
    },
    {
      "image_path": "Im-The-Captain-Now/Im-The-Captain-Now_8.png",
      "label": "其他",
      "response_time": "00:09:45.102",
      "timestamp_unix": 1749952422,
      "timestamp_unix_ms": 1749952422681,
      "timestamp_readable": "2025-06-15 01:53:42.681",
      "normalized_name": "Im-The-Captain-Now/Im-The-Captain-Now",
      "meme_name": "Im-The-Captain-Now",
      "post_id": 8,
      "english_label": "others",
      "response_time_ms": 585102
    },
    {
      "image_path": "Picard-Wtf/Picard-Wtf_37.png",
      "label": "輕蔑",
      "response_time": "00:00:04.907",
      "timestamp_unix": 1749952427,
      "timestamp_unix_ms": 1749952427740,
      "timestamp_readable": "2025-06-15 01:53:47.740",
      "normalized_name": "Picard-Wtf/Picard-Wtf",
      "meme_name": "Picard-Wtf",
      "post_id": 37,
      "english_label": "contempt",
      "response_time_ms": 4907
    },
    {
      "image_path": "Well-Yes-But-Actually-No/Well-Yes-But-Actually-No_10.png",
      "label": "輕蔑",
      "response_time": "00:00:09.401",
      "timestamp_unix": 1749952437,
      "timestamp_unix_ms": 1749952437288,
      "timestamp_readable": "2025-06-15 01:53:57.288",
      "normalized_name": "Well-Yes-But-Actually-No/Well-Yes-But-Actually-No",
      "meme_name": "Well-Yes-But-Actually-No",
      "post_id": 10,
      "english_label": "contempt",
      "response_time_ms": 9401
    },
    {
      "image_path": "Always-Has-Been/Always-Has-Been_43.png",
      "label": "厭惡",
      "response_time": "00:00:05.613",
      "timestamp_unix": 1749952443,
      "timestamp_unix_ms": 1749952443109,
      "timestamp_readable": "2025-06-15 01:54:03.109",
      "normalized_name": "Always-Has-Been/Always-Has-Been",
      "meme_name": "Always-Has-Been",
      "post_id": 43,
      "english_label": "disgust",
      "response_time_ms": 5613
    },
    {
      "image_path": "Mr-McMahon-reaction/Mr-McMahon-reaction_19.png",
      "label": "憤怒",
      "response_time": "00:00:03.105",
      "timestamp_unix": 1749952446,
      "timestamp_unix_ms": 1749952446439,
      "timestamp_readable": "2025-06-15 01:54:06.439",
      "normalized_name": "Mr-McMahon-reaction/Mr-McMahon-reaction",
      "meme_name": "Mr-McMahon-reaction",
      "post_id": 19,
      "english_label": "anger",
      "response_time_ms": 3105
    },
    {
      "image_path": "Dinkleberg/Dinkleberg_1.png",
      "label": "輕蔑",
      "response_time": "00:00:03.811",
      "timestamp_unix": 1749952450,
      "timestamp_unix_ms": 1749952450428,
      "timestamp_readable": "2025-06-15 01:54:10.428",
      "normalized_name": "Dinkleberg/Dinkleberg",
      "meme_name": "Dinkleberg",
      "post_id": 1,
      "english_label": "contempt",
      "response_time_ms": 3811
    },
    {
      "image_path": "attention_check/attention_check_Contempt.png",
      "label": "輕蔑",
      "response_time": "00:00:02.509",
      "timestamp_unix": 1749952453,
      "timestamp_unix_ms": 1749952453075,
      "timestamp_readable": "2025-06-15 01:54:13.075",
      "normalized_name": "attention_check/attention_check_Contempt.png",
      "meme_name": "attention_check",
      "post_id": null,
      "english_label": "contempt",
      "response_time_ms": 2509
    },
    {
      "image_path": "Dave-chappelle/Dave-chappelle_2.png",
      "label": "其他",
      "response_time": "00:00:03.411",
      "timestamp_unix": 1749952456,
      "timestamp_unix_ms": 1749952456706,
      "timestamp_readable": "2025-06-15 01:54:16.706",
      "normalized_name": "Dave-chappelle/Dave-chappelle",
      "meme_name": "Dave-chappelle",
      "post_id": 2,
      "english_label": "others",
      "response_time_ms": 3411
    },
    {
      "image_path": "Disappointed-Man/Disappointed-Man_22.png",
      "label": "厭惡",
      "response_time": "00:00:06.012",
      "timestamp_unix": 1749952462,
      "timestamp_unix_ms": 1749952462887,
      "timestamp_readable": "2025-06-15 01:54:22.887",
      "normalized_name": "Disappointed-Man/Disappointed-Man",
      "meme_name": "Disappointed-Man",
      "post_id": 22,
      "english_label": "disgust",
      "response_time_ms": 6012
    },
    {
      "image_path": "Ill-Have-You-Know-Spongebob/Ill-Have-You-Know-Spongebob_16.png",
      "label": "輕蔑",
      "response_time": "00:00:02.206",
      "timestamp_unix": 1749952465,
      "timestamp_unix_ms": 1749952465244,
      "timestamp_readable": "2025-06-15 01:54:25.244",
      "normalized_name": "Ill-Have-You-Know-Spongebob/Ill-Have-You-Know-Spongebob",
      "meme_name": "Ill-Have-You-Know-Spongebob",
      "post_id": 16,
      "english_label": "contempt",
      "response_time_ms": 2206
    },
    {
      "image_path": "Black-guy-hiding-behind-tree/Black-guy-hiding-behind-tree_25.png",
      "label": "其他",
      "response_time": "00:00:03.412",
      "timestamp_unix": 1749952468,
      "timestamp_unix_ms": 1749952468820,
      "timestamp_readable": "2025-06-15 01:54:28.820",
      "normalized_name": "Black-guy-hiding-behind-tree/Black-guy-hiding-behind-tree",
      "meme_name": "Black-guy-hiding-behind-tree",
      "post_id": 25,
      "english_label": "others",
      "response_time_ms": 3412
    },
    {
      "image_path": "Kevin-Hart/Kevin-Hart_14.png",
      "label": "其他",
      "response_time": "00:00:04.504",
      "timestamp_unix": 1749952473,
      "timestamp_unix_ms": 1749952473472,
      "timestamp_readable": "2025-06-15 01:54:33.472",
      "normalized_name": "Kevin-Hart/Kevin-Hart",
      "meme_name": "Kevin-Hart",
      "post_id": 14,
      "english_label": "others",
      "response_time_ms": 4504
    },
    {
      "image_path": "Angry-Baby/Angry-Baby_40.png",
      "label": "憤怒",
      "response_time": "00:00:03.907",
      "timestamp_unix": 1749952477,
      "timestamp_unix_ms": 1749952477518,
      "timestamp_readable": "2025-06-15 01:54:37.518",
      "normalized_name": "Angry-Baby/Angry-Baby",
      "meme_name": "Angry-Baby",
      "post_id": 40,
      "english_label": "anger",
      "response_time_ms": 3907
    },
    {
      "image_path": "Hold-fart/Hold-fart_45.png",
      "label": "其他",
      "response_time": "00:00:07.402",
      "timestamp_unix": 1749952485,
      "timestamp_unix_ms": 1749952485064,
      "timestamp_readable": "2025-06-15 01:54:45.064",
      "normalized_name": "Hold-fart/Hold-fart",
      "meme_name": "Hold-fart",
      "post_id": 45,
      "english_label": "others",
      "response_time_ms": 7402
    },
    {
      "image_path": "Put-It-Somewhere-Else-Patrick/Put-It-Somewhere-Else-Patrick_13.png",
      "label": "其他",
      "response_time": "00:00:06.511",
      "timestamp_unix": 1749952491,
      "timestamp_unix_ms": 1749952491670,
      "timestamp_readable": "2025-06-15 01:54:51.670",
      "normalized_name": "Put-It-Somewhere-Else-Patrick/Put-It-Somewhere-Else-Patrick",
      "meme_name": "Put-It-Somewhere-Else-Patrick",
      "post_id": 13,
      "english_label": "others",
      "response_time_ms": 6511
    },
    {
      "image_path": "Always-you-three/Always-you-three_36.png",
      "label": "其他",
      "response_time": "00:00:04.305",
      "timestamp_unix": 1749952496,
      "timestamp_unix_ms": 1749952496113,
      "timestamp_readable": "2025-06-15 01:54:56.113",
      "normalized_name": "Always-you-three/Always-you-three",
      "meme_name": "Always-you-three",
      "post_id": 36,
      "english_label": "others",
      "response_time_ms": 4305
    },
    {
      "image_path": "Drake-NoYes/Drake-NoYes_28.png",
      "label": "其他",
      "response_time": "00:00:07.707",
      "timestamp_unix": 1749952503,
      "timestamp_unix_ms": 1749952503982,
      "timestamp_readable": "2025-06-15 01:55:03.982",
      "normalized_name": "Drake-NoYes/Drake-NoYes",
      "meme_name": "Drake-NoYes",
      "post_id": 28,
      "english_label": "others",
      "response_time_ms": 7707
    },
    {
      "image_path": "Leonardo-Dicaprio-Wolf-Of-Wall-Street/Leonardo-Dicaprio-Wolf-Of-Wall-Street_7.png",
      "label": "其他",
      "response_time": "00:00:02.507",
      "timestamp_unix": 1749952506,
      "timestamp_unix_ms": 1749952506656,
      "timestamp_readable": "2025-06-15 01:55:06.656",
      "normalized_name": "Leonardo-Dicaprio-Wolf-Of-Wall-Street/Leonardo-Dicaprio-Wolf-Of-Wall-Street",
      "meme_name": "Leonardo-Dicaprio-Wolf-Of-Wall-Street",
      "post_id": 7,
      "english_label": "others",
      "response_time_ms": 2507
    },
    {
      "image_path": "Chill-guy/Chill-guy_15.png",
      "label": "其他",
      "response_time": "00:00:04.503",
      "timestamp_unix": 1749952511,
      "timestamp_unix_ms": 1749952511335,
      "timestamp_readable": "2025-06-15 01:55:11.335",
      "normalized_name": "Chill-guy/Chill-guy",
      "meme_name": "Chill-guy",
      "post_id": 15,
      "english_label": "others",
      "response_time_ms": 4503
    },
    {
      "image_path": "Confused-Gandalf/Confused-Gandalf_50.png",
      "label": "輕蔑",
      "response_time": "00:00:07.213",
      "timestamp_unix": 1749952518,
      "timestamp_unix_ms": 1749952518692,
      "timestamp_readable": "2025-06-15 01:55:18.692",
      "normalized_name": "Confused-Gandalf/Confused-Gandalf",
      "meme_name": "Confused-Gandalf",
      "post_id": 50,
      "english_label": "contempt",
      "response_time_ms": 7213
    },
    {
      "image_path": "Arthur-Fist/Arthur-Fist_23.png",
      "label": "憤怒",
      "response_time": "00:00:02.512",
      "timestamp_unix": 1749952521,
      "timestamp_unix_ms": 1749952521360,
      "timestamp_readable": "2025-06-15 01:55:21.360",
      "normalized_name": "Arthur-Fist/Arthur-Fist",
      "meme_name": "Arthur-Fist",
      "post_id": 23,
      "english_label": "anger",
      "response_time_ms": 2512
    },
    {
      "image_path": "Gru-Gun/Gru-Gun_35.png",
      "label": "其他",
      "response_time": "00:00:03.001",
      "timestamp_unix": 1749952524,
      "timestamp_unix_ms": 1749952524566,
      "timestamp_readable": "2025-06-15 01:55:24.566",
      "normalized_name": "Gru-Gun/Gru-Gun",
      "meme_name": "Gru-Gun",
      "post_id": 35,
      "english_label": "others",
      "response_time_ms": 3001
    },
    {
      "image_path": "Spongebob-Yelling/Spongebob-Yelling_39.png",
      "label": "憤怒",
      "response_time": "00:00:02.207",
      "timestamp_unix": 1749952526,
      "timestamp_unix_ms": 1749952526947,
      "timestamp_readable": "2025-06-15 01:55:26.947",
      "normalized_name": "Spongebob-Yelling/Spongebob-Yelling",
      "meme_name": "Spongebob-Yelling",
      "post_id": 39,
      "english_label": "anger",
      "response_time_ms": 2207
    },
    {
      "image_path": "I-am-once-again-asking/I-am-once-again-asking_17.png",
      "label": "憤怒",
      "response_time": "00:00:01.601",
      "timestamp_unix": 1749952528,
      "timestamp_unix_ms": 1749952528720,
      "timestamp_readable": "2025-06-15 01:55:28.720",
      "normalized_name": "I-am-once-again-asking/I-am-once-again-asking",
      "meme_name": "I-am-once-again-asking",
      "post_id": 17,
      "english_label": "anger",
      "response_time_ms": 1601
    },
    {
      "image_path": "Moe-throws-Barney/Moe-throws-Barney_49.png",
      "label": "厭惡",
      "response_time": "00:00:06.105",
      "timestamp_unix": 1749952535,
      "timestamp_unix_ms": 1749952535049,
      "timestamp_readable": "2025-06-15 01:55:35.049",
      "normalized_name": "Moe-throws-Barney/Moe-throws-Barney",
      "meme_name": "Moe-throws-Barney",
      "post_id": 49,
      "english_label": "disgust",
      "response_time_ms": 6105
    },
    {
      "image_path": "Khan/Khan_41.png",
      "label": "憤怒",
      "response_time": "00:00:02.201",
      "timestamp_unix": 1749952537,
      "timestamp_unix_ms": 1749952537372,
      "timestamp_readable": "2025-06-15 01:55:37.372",
      "normalized_name": "Khan/Khan",
      "meme_name": "Khan",
      "post_id": 41,
      "english_label": "anger",
      "response_time_ms": 2201
    },
    {
      "image_path": "Spiderman-Hospital/Spiderman-Hospital_24.png",
      "label": "其他",
      "response_time": "00:00:04.217",
      "timestamp_unix": 1749952541,
      "timestamp_unix_ms": 1749952541715,
      "timestamp_readable": "2025-06-15 01:55:41.715",
      "normalized_name": "Spiderman-Hospital/Spiderman-Hospital",
      "meme_name": "Spiderman-Hospital",
      "post_id": 24,
      "english_label": "others",
      "response_time_ms": 4217
    },
    {
      "image_path": "Table-Flip-Guy/Table-Flip-Guy_33.png",
      "label": "憤怒",
      "response_time": "00:00:03.006",
      "timestamp_unix": 1749952544,
      "timestamp_unix_ms": 1749952544906,
      "timestamp_readable": "2025-06-15 01:55:44.906",
      "normalized_name": "Table-Flip-Guy/Table-Flip-Guy",
      "meme_name": "Table-Flip-Guy",
      "post_id": 33,
      "english_label": "anger",
      "response_time_ms": 3006
    },
    {
      "image_path": "Mr-incredible-mad/Mr-incredible-mad_38.png",
      "label": "憤怒",
      "response_time": "00:00:01.903",
      "timestamp_unix": 1749952546,
      "timestamp_unix_ms": 1749952546917,
      "timestamp_readable": "2025-06-15 01:55:46.917",
      "normalized_name": "Mr-incredible-mad/Mr-incredible-mad",
      "meme_name": "Mr-incredible-mad",
      "post_id": 38,
      "english_label": "anger",
      "response_time_ms": 1903
    },
    {
      "image_path": "Afraid-To-Ask-Andy/Afraid-To-Ask-Andy_29.png",
      "label": "輕蔑",
      "response_time": "00:00:02.505",
      "timestamp_unix": 1749952549,
      "timestamp_unix_ms": 1749952549637,
      "timestamp_readable": "2025-06-15 01:55:49.637",
      "normalized_name": "Afraid-To-Ask-Andy/Afraid-To-Ask-Andy",
      "meme_name": "Afraid-To-Ask-Andy",
      "post_id": 29,
      "english_label": "contempt",
      "response_time_ms": 2505
    },
    {
      "image_path": "Disaster-Girl/Disaster-Girl_42.png",
      "label": "其他",
      "response_time": "00:00:08.505",
      "timestamp_unix": 1749952558,
      "timestamp_unix_ms": 1749952558643,
      "timestamp_readable": "2025-06-15 01:55:58.643",
      "normalized_name": "Disaster-Girl/Disaster-Girl",
      "meme_name": "Disaster-Girl",
      "post_id": 42,
      "english_label": "others",
      "response_time_ms": 8505
    },
    {
      "image_path": "Monkey-Puppet/Monkey-Puppet_21.png",
      "label": "輕蔑",
      "response_time": "00:00:07.104",
      "timestamp_unix": 1749952565,
      "timestamp_unix_ms": 1749952565897,
      "timestamp_readable": "2025-06-15 01:56:05.897",
      "normalized_name": "Monkey-Puppet/Monkey-Puppet",
      "meme_name": "Monkey-Puppet",
      "post_id": 21,
      "english_label": "contempt",
      "response_time_ms": 7104
    },
    {
      "image_path": "attention_check/attention_check_Anger.png",
      "label": "憤怒",
      "response_time": "00:00:02.002",
      "timestamp_unix": 1749952568,
      "timestamp_unix_ms": 1749952568035,
      "timestamp_readable": "2025-06-15 01:56:08.035",
      "normalized_name": "attention_check/attention_check_Anger.png",
      "meme_name": "attention_check",
      "post_id": null,
      "english_label": "anger",
      "response_time_ms": 2002
    },
    {
      "image_path": "Scooby-doo-mask-reveal/Scooby-doo-mask-reveal_32.png",
      "label": "其他",
      "response_time": "00:00:05.503",
      "timestamp_unix": 1749952573,
      "timestamp_unix_ms": 1749952573697,
      "timestamp_readable": "2025-06-15 01:56:13.697",
      "normalized_name": "Scooby-doo-mask-reveal/Scooby-doo-mask-reveal",
      "meme_name": "Scooby-doo-mask-reveal",
      "post_id": 32,
      "english_label": "others",
      "response_time_ms": 5503
    },
    {
      "image_path": "Laughing-wolf/Laughing-wolf_5.png",
      "label": "其他",
      "response_time": "00:00:03.104",
      "timestamp_unix": 1749952576,
      "timestamp_unix_ms": 1749952576979,
      "timestamp_readable": "2025-06-15 01:56:16.979",
      "normalized_name": "Laughing-wolf/Laughing-wolf",
      "meme_name": "Laughing-wolf",
      "post_id": 5,
      "english_label": "others",
      "response_time_ms": 3104
    },
    {
      "image_path": "Futurama-Fry/Futurama-Fry_9.png",
      "label": "輕蔑",
      "response_time": "00:00:02.506",
      "timestamp_unix": 1749952579,
      "timestamp_unix_ms": 1749952579694,
      "timestamp_readable": "2025-06-15 01:56:19.694",
      "normalized_name": "Futurama-Fry/Futurama-Fry",
      "meme_name": "Futurama-Fry",
      "post_id": 9,
      "english_label": "contempt",
      "response_time_ms": 2506
    },
    {
      "image_path": "Surprised-Pikachu/Surprised-Pikachu_48.png",
      "label": "其他",
      "response_time": "00:00:02.902",
      "timestamp_unix": 1749952582,
      "timestamp_unix_ms": 1749952582745,
      "timestamp_readable": "2025-06-15 01:56:22.745",
      "normalized_name": "Surprised-Pikachu/Surprised-Pikachu",
      "meme_name": "Surprised-Pikachu",
      "post_id": 48,
      "english_label": "others",
      "response_time_ms": 2902
    }
  ],
  "session_start_unix": 1749951722,
  "session_status": "completed",
  "last_updated_unix": 1749952607,
  "image_order": [
    "Spiderman-Hospital/Spiderman-Hospital_24.png",
    "Happy--Shock/Happy--Shock_11.png",
    "Chill-guy/Chill-guy_15.png",
    "I-am-once-again-asking/I-am-once-again-asking_17.png",
    "Math-ladyConfused-lady/Math-ladyConfused-lady_44.png",
    "Archer/Archer_27.png",
    "Leonardo-Dicaprio-Wolf-Of-Wall-Street/Leonardo-Dicaprio-Wolf-Of-Wall-Street_7.png",
    "Mocking-Spongebob/Mocking-Spongebob_47.png",
    "Afraid-To-Ask-Andy/Afraid-To-Ask-Andy_29.png",
    "Charlie-Day/Charlie-Day_3.png",
    "Always-Has-Been/Always-Has-Been_43.png",
    "Picard-Wtf/Picard-Wtf_37.png",
    "Batman-Slapping-Robin/Batman-Slapping-Robin_30.png",
    "For-the-better-right-blank/For-the-better-right-blank_34.png",
    "Drake-NoYes/Drake-NoYes_28.png",
    "Laughing-wolf/Laughing-wolf_5.png",
    "DJ-Pauly-D/DJ-Pauly-D_6.png",
    "Always-you-three/Always-you-three_36.png",
    "Disappointed-Man/Disappointed-Man_22.png",
    "Smudge-the-cat/Smudge-the-cat_18.png",
    "Thats-a-paddlin/Thats-a-paddlin_26.png",
    "attention_check/attention_check_Contempt.png",
    "Hide-the-Pain-Harold/Hide-the-Pain-Harold_4.png",
    "Hold-fart/Hold-fart_45.png",
    "Im-The-Captain-Now/Im-The-Captain-Now_8.png",
    "Obi-Wan-Kenobi/Obi-Wan-Kenobi_31.png",
    "Spongebob-Yelling/Spongebob-Yelling_39.png",
    "Nuclear-Explosion/Nuclear-Explosion_46.png",
    "Dinkleberg/Dinkleberg_1.png",
    "Scooby-doo-mask-reveal/Scooby-doo-mask-reveal_32.png",
    "Disaster-Girl/Disaster-Girl_42.png",
    "Black-guy-hiding-behind-tree/Black-guy-hiding-behind-tree_25.png",
    "You-The-Real-MVP/You-The-Real-MVP_20.png",
    "Moe-throws-Barney/Moe-throws-Barney_49.png",
    "Ill-Have-You-Know-Spongebob/Ill-Have-You-Know-Spongebob_16.png",
    "Futurama-Fry/Futurama-Fry_9.png",
    "Monkey-Puppet/Monkey-Puppet_21.png",
    "Confused-Gandalf/Confused-Gandalf_50.png",
    "Mr-incredible-mad/Mr-incredible-mad_38.png",
    "Dave-chappelle/Dave-chappelle_2.png",
    "Surprised-Pikachu/Surprised-Pikachu_48.png",
    "Table-Flip-Guy/Table-Flip-Guy_33.png",
    "Kevin-Hart/Kevin-Hart_14.png",
    "Well-Yes-But-Actually-No/Well-Yes-But-Actually-No_10.png",
    "Mr-McMahon-reaction/Mr-McMahon-reaction_19.png",
    "Gru-Gun/Gru-Gun_35.png",
    "Persian-Cat-Room-Guardian/Persian-Cat-Room-Guardian_12.png",
    "attention_check/attention_check_Anger.png",
    "Put-It-Somewhere-Else-Patrick/Put-It-Somewhere-Else-Patrick_13.png",
    "Angry-Baby/Angry-Baby_40.png",
    "Arthur-Fist/Arthur-Fist_23.png",
    "Khan/Khan_41.png"
  ],
  "completion_status": {
    "practice_completed": true,
    "game_started": true,
    "game_completed": true,
    "summary_viewed": true,
    "email_submitted": true
  },
  "timestamps_unix": {
    "registration_completed": 1749951722,
    "practice_started": 1749951722,
    "practice_completed": 1749951761,
    "game_started": 1749951761,
    "first_label": 1749951770,
    "last_label": 1749952582,
    "game_completed": 1749952585,
    "summary_viewed": 1749952585,
    "email_submitted": 1749952607,
    "session_end": 1749952607,
    "last_updated": 1749952607
  },
  "timestamps_unix_ms": {
    "registration_completed_ms": 1749951722673,
    "practice_started_ms": 1749951722746,
    "practice_completed_ms": 1749951761560,
    "game_started_ms": 1749951761570,
    "first_label_ms": 1749951770638,
    "last_label_ms": 1749952582745,
    "game_completed_ms": 1749952585085,
    "summary_viewed_ms": 1749952585095,
    "email_submitted_ms": 1749952607480,
    "session_end_ms": 1749952607480,
    "last_updated_ms": 1749952607480
  },
  "duration_stats_ms": {
    "total_session_duration_ms": 884807,
    "practice_duration_ms": 38814,
    "game_duration_ms": 823515,
    "labeling_duration_ms": 812107,
    "email_submission_duration_ms": 22385
  },
  "filename_updated_unix": 1749952585,
  "original_filename": "user_3a0552",
  "completion_status_in_filename": "email_submitted"
}