{
  "user_id": "user_e85cef",
  "file_name": "user_e85cef_1749730444_1749730746_fullycomplete",
  "unix_start_time": 1749730444,
  "unix_start_time_ms": 1749730444222,
  "unix_end_time": 1749730746,
  "unix_end_time_ms": 1749730746014,
  "age": "30-34",
  "gender": "female",
  "user_agent": "Mozilla/5.0 (Windows NT 10.0; Win64; x64) AppleWebKit/537.36 (KHTML, like Gecko) Chrome/137.0.0.0 Safari/537.36",
  "user_ip": "175.181.113.142",
  "status": "complete",
  "email_provided": "complete",
  "attention_passed": true,
  "start_time_readable": "2025-06-12 12:14:04.222",
  "end_time_readable": "2025-06-12 12:19:06.014",
  "total_labels": 52,
  "emotion_summary": {
    "anger": 14,
    "contempt": 11,
    "disgust": 23,
    "others": 4
  },
  "email": "fangchienyu84@gmail.com",
  "participation": "no",
  "total_responses": 52,
  "responses": [
    {
      "image_path": "DJ-Pauly-D/DJ-Pauly-D_23.png",
      "label": "憤怒",
      "response_time": "00:00:07.300",
      "timestamp_unix": 1749730474,
      "timestamp_unix_ms": 1749730474539,
      "timestamp_readable": "2025-06-12 12:14:34.539",
      "normalized_name": "DJ-Pauly-D/DJ-Pauly-D",
      "meme_name": "DJ-Pauly-D",
      "post_id": 23,
      "english_label": "anger",
      "response_time_ms": 7300
    },
    {
      "image_path": "Spongebob-Yelling/Spongebob-Yelling_18.png",
      "label": "其他",
      "response_time": "00:00:11.611",
      "timestamp_unix": 1749730486,
      "timestamp_unix_ms": 1749730486195,
      "timestamp_readable": "2025-06-12 12:14:46.195",
      "normalized_name": "Spongebob-Yelling/Spongebob-Yelling",
      "meme_name": "Spongebob-Yelling",
      "post_id": 18,
      "english_label": "others",
      "response_time_ms": 11611
    },
    {
      "image_path": "Math-ladyConfused-lady/Math-ladyConfused-lady_27.png",
      "label": "厭惡",
      "response_time": "00:00:06.800",
      "timestamp_unix": 1749730493,
      "timestamp_unix_ms": 1749730493135,
      "timestamp_readable": "2025-06-12 12:14:53.135",
      "normalized_name": "Math-ladyConfused-lady/Math-ladyConfused-lady",
      "meme_name": "Math-ladyConfused-lady",
      "post_id": 27,
      "english_label": "disgust",
      "response_time_ms": 6800
    },
    {
      "image_path": "Smudge-the-cat/Smudge-the-cat_46.png",
      "label": "厭惡",
      "response_time": "00:00:08.808",
      "timestamp_unix": 1749730502,
      "timestamp_unix_ms": 1749730502020,
      "timestamp_readable": "2025-06-12 12:15:02.020",
      "normalized_name": "Smudge-the-cat/Smudge-the-cat",
      "meme_name": "Smudge-the-cat",
      "post_id": 46,
      "english_label": "disgust",
      "response_time_ms": 8808
    },
    {
      "image_path": "I-am-once-again-asking/I-am-once-again-asking_49.png",
      "label": "其他",
      "response_time": "00:00:07.905",
      "timestamp_unix": 1749730509,
      "timestamp_unix_ms": 1749730509992,
      "timestamp_readable": "2025-06-12 12:15:09.992",
      "normalized_name": "I-am-once-again-asking/I-am-once-again-asking",
      "meme_name": "I-am-once-again-asking",
      "post_id": 49,
      "english_label": "others",
      "response_time_ms": 7905
    },
    {
      "image_path": "Laughing-wolf/Laughing-wolf_17.png",
      "label": "厭惡",
      "response_time": "00:00:03.014",
      "timestamp_unix": 1749730513,
      "timestamp_unix_ms": 1749730513083,
      "timestamp_readable": "2025-06-12 12:15:13.083",
      "normalized_name": "Laughing-wolf/Laughing-wolf",
      "meme_name": "Laughing-wolf",
      "post_id": 17,
      "english_label": "disgust",
      "response_time_ms": 3014
    },
    {
      "image_path": "Confused-Gandalf/Confused-Gandalf_31.png",
      "label": "憤怒",
      "response_time": "00:00:05.903",
      "timestamp_unix": 1749730519,
      "timestamp_unix_ms": 1749730519040,
      "timestamp_readable": "2025-06-12 12:15:19.040",
      "normalized_name": "Confused-Gandalf/Confused-Gandalf",
      "meme_name": "Confused-Gandalf",
      "post_id": 31,
      "english_label": "anger",
      "response_time_ms": 5903
    },
    {
      "image_path": "Put-It-Somewhere-Else-Patrick/Put-It-Somewhere-Else-Patrick_45.png",
      "label": "輕蔑",
      "response_time": "00:00:06.313",
      "timestamp_unix": 1749730525,
      "timestamp_unix_ms": 1749730525468,
      "timestamp_readable": "2025-06-12 12:15:25.468",
      "normalized_name": "Put-It-Somewhere-Else-Patrick/Put-It-Somewhere-Else-Patrick",
      "meme_name": "Put-It-Somewhere-Else-Patrick",
      "post_id": 45,
      "english_label": "contempt",
      "response_time_ms": 6313
    },
    {
      "image_path": "Arthur-Fist/Arthur-Fist_26.png",
      "label": "厭惡",
      "response_time": "00:00:10.104",
      "timestamp_unix": 1749730535,
      "timestamp_unix_ms": 1749730535712,
      "timestamp_readable": "2025-06-12 12:15:35.712",
      "normalized_name": "Arthur-Fist/Arthur-Fist",
      "meme_name": "Arthur-Fist",
      "post_id": 26,
      "english_label": "disgust",
      "response_time_ms": 10104
    },
    {
      "image_path": "Always-Has-Been/Always-Has-Been_43.png",
      "label": "輕蔑",
      "response_time": "00:00:04.403",
      "timestamp_unix": 1749730540,
      "timestamp_unix_ms": 1749730540247,
      "timestamp_readable": "2025-06-12 12:15:40.247",
      "normalized_name": "Always-Has-Been/Always-Has-Been",
      "meme_name": "Always-Has-Been",
      "post_id": 43,
      "english_label": "contempt",
      "response_time_ms": 4403
    },
    {
      "image_path": "Khan/Khan_40.png",
      "label": "厭惡",
      "response_time": "00:00:03.902",
      "timestamp_unix": 1749730544,
      "timestamp_unix_ms": 1749730544247,
      "timestamp_readable": "2025-06-12 12:15:44.247",
      "normalized_name": "Khan/Khan",
      "meme_name": "Khan",
      "post_id": 40,
      "english_label": "disgust",
      "response_time_ms": 3902
    },
    {
      "image_path": "Leonardo-Dicaprio-Wolf-Of-Wall-Street/Leonardo-Dicaprio-Wolf-Of-Wall-Street_44.png",
      "label": "厭惡",
      "response_time": "00:00:04.101",
      "timestamp_unix": 1749730548,
      "timestamp_unix_ms": 1749730548496,
      "timestamp_readable": "2025-06-12 12:15:48.496",
      "normalized_name": "Leonardo-Dicaprio-Wolf-Of-Wall-Street/Leonardo-Dicaprio-Wolf-Of-Wall-Street",
      "meme_name": "Leonardo-Dicaprio-Wolf-Of-Wall-Street",
      "post_id": 44,
      "english_label": "disgust",
      "response_time_ms": 4101
    },
    {
      "image_path": "Mocking-Spongebob/Mocking-Spongebob_6.png",
      "label": "厭惡",
      "response_time": "00:00:04.903",
      "timestamp_unix": 1749730553,
      "timestamp_unix_ms": 1749730553463,
      "timestamp_readable": "2025-06-12 12:15:53.463",
      "normalized_name": "Mocking-Spongebob/Mocking-Spongebob",
      "meme_name": "Mocking-Spongebob",
      "post_id": 6,
      "english_label": "disgust",
      "response_time_ms": 4903
    },
    {
      "image_path": "For-the-better-right-blank/For-the-better-right-blank_37.png",
      "label": "厭惡",
      "response_time": "00:00:07.307",
      "timestamp_unix": 1749730560,
      "timestamp_unix_ms": 1749730560848,
      "timestamp_readable": "2025-06-12 12:16:00.848",
      "normalized_name": "For-the-better-right-blank/For-the-better-right-blank",
      "meme_name": "For-the-better-right-blank",
      "post_id": 37,
      "english_label": "disgust",
      "response_time_ms": 7307
    },
    {
      "image_path": "Always-you-three/Always-you-three_34.png",
      "label": "厭惡",
      "response_time": "00:00:05.002",
      "timestamp_unix": 1749730565,
      "timestamp_unix_ms": 1749730565928,
      "timestamp_readable": "2025-06-12 12:16:05.928",
      "normalized_name": "Always-you-three/Always-you-three",
      "meme_name": "Always-you-three",
      "post_id": 34,
      "english_label": "disgust",
      "response_time_ms": 5002
    },
    {
      "image_path": "Black-guy-hiding-behind-tree/Black-guy-hiding-behind-tree_33.png",
      "label": "憤怒",
      "response_time": "00:00:04.309",
      "timestamp_unix": 1749730570,
      "timestamp_unix_ms": 1749730570364,
      "timestamp_readable": "2025-06-12 12:16:10.364",
      "normalized_name": "Black-guy-hiding-behind-tree/Black-guy-hiding-behind-tree",
      "meme_name": "Black-guy-hiding-behind-tree",
      "post_id": 33,
      "english_label": "anger",
      "response_time_ms": 4309
    },
    {
      "image_path": "Mr-McMahon-reaction/Mr-McMahon-reaction_7.png",
      "label": "憤怒",
      "response_time": "00:00:03.902",
      "timestamp_unix": 1749730574,
      "timestamp_unix_ms": 1749730574360,
      "timestamp_readable": "2025-06-12 12:16:14.360",
      "normalized_name": "Mr-McMahon-reaction/Mr-McMahon-reaction",
      "meme_name": "Mr-McMahon-reaction",
      "post_id": 7,
      "english_label": "anger",
      "response_time_ms": 3902
    },
    {
      "image_path": "Chill-guy/Chill-guy_32.png",
      "label": "憤怒",
      "response_time": "00:00:02.208",
      "timestamp_unix": 1749730576,
      "timestamp_unix_ms": 1749730576648,
      "timestamp_readable": "2025-06-12 12:16:16.648",
      "normalized_name": "Chill-guy/Chill-guy",
      "meme_name": "Chill-guy",
      "post_id": 32,
      "english_label": "anger",
      "response_time_ms": 2208
    },
    {
      "image_path": "Kevin-Hart/Kevin-Hart_19.png",
      "label": "厭惡",
      "response_time": "00:00:03.602",
      "timestamp_unix": 1749730580,
      "timestamp_unix_ms": 1749730580360,
      "timestamp_readable": "2025-06-12 12:16:20.360",
      "normalized_name": "Kevin-Hart/Kevin-Hart",
      "meme_name": "Kevin-Hart",
      "post_id": 19,
      "english_label": "disgust",
      "response_time_ms": 3602
    },
    {
      "image_path": "Ill-Have-You-Know-Spongebob/Ill-Have-You-Know-Spongebob_50.png",
      "label": "厭惡",
      "response_time": "00:00:03.004",
      "timestamp_unix": 1749730583,
      "timestamp_unix_ms": 1749730583444,
      "timestamp_readable": "2025-06-12 12:16:23.444",
      "normalized_name": "Ill-Have-You-Know-Spongebob/Ill-Have-You-Know-Spongebob",
      "meme_name": "Ill-Have-You-Know-Spongebob",
      "post_id": 50,
      "english_label": "disgust",
      "response_time_ms": 3004
    },
    {
      "image_path": "Table-Flip-Guy/Table-Flip-Guy_24.png",
      "label": "厭惡",
      "response_time": "00:00:03.208",
      "timestamp_unix": 1749730586,
      "timestamp_unix_ms": 1749730586744,
      "timestamp_readable": "2025-06-12 12:16:26.744",
      "normalized_name": "Table-Flip-Guy/Table-Flip-Guy",
      "meme_name": "Table-Flip-Guy",
      "post_id": 24,
      "english_label": "disgust",
      "response_time_ms": 3208
    },
    {
      "image_path": "Batman-Slapping-Robin/Batman-Slapping-Robin_47.png",
      "label": "輕蔑",
      "response_time": "00:00:05.007",
      "timestamp_unix": 1749730591,
      "timestamp_unix_ms": 1749730591844,
      "timestamp_readable": "2025-06-12 12:16:31.844",
      "normalized_name": "Batman-Slapping-Robin/Batman-Slapping-Robin",
      "meme_name": "Batman-Slapping-Robin",
      "post_id": 47,
      "english_label": "contempt",
      "response_time_ms": 5007
    },
    {
      "image_path": "Disaster-Girl/Disaster-Girl_8.png",
      "label": "厭惡",
      "response_time": "00:00:03.204",
      "timestamp_unix": 1749730595,
      "timestamp_unix_ms": 1749730595164,
      "timestamp_readable": "2025-06-12 12:16:35.164",
      "normalized_name": "Disaster-Girl/Disaster-Girl",
      "meme_name": "Disaster-Girl",
      "post_id": 8,
      "english_label": "disgust",
      "response_time_ms": 3204
    },
    {
      "image_path": "Futurama-Fry/Futurama-Fry_29.png",
      "label": "厭惡",
      "response_time": "00:00:06.002",
      "timestamp_unix": 1749730601,
      "timestamp_unix_ms": 1749730601228,
      "timestamp_readable": "2025-06-12 12:16:41.228",
      "normalized_name": "Futurama-Fry/Futurama-Fry",
      "meme_name": "Futurama-Fry",
      "post_id": 29,
      "english_label": "disgust",
      "response_time_ms": 6002
    },
    {
      "image_path": "attention_check/attention_check_Disgust.png",
      "label": "厭惡",
      "response_time": "00:00:02.702",
      "timestamp_unix": 1749730604,
      "timestamp_unix_ms": 1749730604056,
      "timestamp_readable": "2025-06-12 12:16:44.056",
      "normalized_name": "attention_check/attention_check_Disgust.png",
      "meme_name": "attention_check",
      "post_id": null,
      "english_label": "disgust",
      "response_time_ms": 2702
    },
    {
      "image_path": "Angry-Baby/Angry-Baby_36.png",
      "label": "輕蔑",
      "response_time": "00:00:04.903",
      "timestamp_unix": 1749730609,
      "timestamp_unix_ms": 1749730609076,
      "timestamp_readable": "2025-06-12 12:16:49.076",
      "normalized_name": "Angry-Baby/Angry-Baby",
      "meme_name": "Angry-Baby",
      "post_id": 36,
      "english_label": "contempt",
      "response_time_ms": 4903
    },
    {
      "image_path": "Thats-a-paddlin/Thats-a-paddlin_2.png",
      "label": "輕蔑",
      "response_time": "00:00:03.005",
      "timestamp_unix": 1749730612,
      "timestamp_unix_ms": 1749730612180,
      "timestamp_readable": "2025-06-12 12:16:52.180",
      "normalized_name": "Thats-a-paddlin/Thats-a-paddlin",
      "meme_name": "Thats-a-paddlin",
      "post_id": 2,
      "english_label": "contempt",
      "response_time_ms": 3005
    },
    {
      "image_path": "Nuclear-Explosion/Nuclear-Explosion_48.png",
      "label": "輕蔑",
      "response_time": "00:00:01.906",
      "timestamp_unix": 1749730614,
      "timestamp_unix_ms": 1749730614207,
      "timestamp_readable": "2025-06-12 12:16:54.207",
      "normalized_name": "Nuclear-Explosion/Nuclear-Explosion",
      "meme_name": "Nuclear-Explosion",
      "post_id": 48,
      "english_label": "contempt",
      "response_time_ms": 1906
    },
    {
      "image_path": "Spiderman-Hospital/Spiderman-Hospital_1.png",
      "label": "輕蔑",
      "response_time": "00:00:04.605",
      "timestamp_unix": 1749730618,
      "timestamp_unix_ms": 1749730618944,
      "timestamp_readable": "2025-06-12 12:16:58.944",
      "normalized_name": "Spiderman-Hospital/Spiderman-Hospital",
      "meme_name": "Spiderman-Hospital",
      "post_id": 1,
      "english_label": "contempt",
      "response_time_ms": 4605
    },
    {
      "image_path": "Gru-Gun/Gru-Gun_25.png",
      "label": "輕蔑",
      "response_time": "00:00:03.405",
      "timestamp_unix": 1749730622,
      "timestamp_unix_ms": 1749730622464,
      "timestamp_readable": "2025-06-12 12:17:02.464",
      "normalized_name": "Gru-Gun/Gru-Gun",
      "meme_name": "Gru-Gun",
      "post_id": 25,
      "english_label": "contempt",
      "response_time_ms": 3405
    },
    {
      "image_path": "You-The-Real-MVP/You-The-Real-MVP_11.png",
      "label": "厭惡",
      "response_time": "00:00:02.802",
      "timestamp_unix": 1749730625,
      "timestamp_unix_ms": 1749730625424,
      "timestamp_readable": "2025-06-12 12:17:05.424",
      "normalized_name": "You-The-Real-MVP/You-The-Real-MVP",
      "meme_name": "You-The-Real-MVP",
      "post_id": 11,
      "english_label": "disgust",
      "response_time_ms": 2802
    },
    {
      "image_path": "Scooby-doo-mask-reveal/Scooby-doo-mask-reveal_9.png",
      "label": "憤怒",
      "response_time": "00:00:02.804",
      "timestamp_unix": 1749730628,
      "timestamp_unix_ms": 1749730628320,
      "timestamp_readable": "2025-06-12 12:17:08.320",
      "normalized_name": "Scooby-doo-mask-reveal/Scooby-doo-mask-reveal",
      "meme_name": "Scooby-doo-mask-reveal",
      "post_id": 9,
      "english_label": "anger",
      "response_time_ms": 2804
    },
    {
      "image_path": "Persian-Cat-Room-Guardian/Persian-Cat-Room-Guardian_42.png",
      "label": "輕蔑",
      "response_time": "00:00:02.901",
      "timestamp_unix": 1749730631,
      "timestamp_unix_ms": 1749730631304,
      "timestamp_readable": "2025-06-12 12:17:11.304",
      "normalized_name": "Persian-Cat-Room-Guardian/Persian-Cat-Room-Guardian",
      "meme_name": "Persian-Cat-Room-Guardian",
      "post_id": 42,
      "english_label": "contempt",
      "response_time_ms": 2901
    },
    {
      "image_path": "Archer/Archer_12.png",
      "label": "憤怒",
      "response_time": "00:00:04.404",
      "timestamp_unix": 1749730635,
      "timestamp_unix_ms": 1749730635856,
      "timestamp_readable": "2025-06-12 12:17:15.856",
      "normalized_name": "Archer/Archer",
      "meme_name": "Archer",
      "post_id": 12,
      "english_label": "anger",
      "response_time_ms": 4404
    },
    {
      "image_path": "Disappointed-Man/Disappointed-Man_4.png",
      "label": "憤怒",
      "response_time": "00:00:01.503",
      "timestamp_unix": 1749730637,
      "timestamp_unix_ms": 1749730637408,
      "timestamp_readable": "2025-06-12 12:17:17.408",
      "normalized_name": "Disappointed-Man/Disappointed-Man",
      "meme_name": "Disappointed-Man",
      "post_id": 4,
      "english_label": "anger",
      "response_time_ms": 1503
    },
    {
      "image_path": "Obi-Wan-Kenobi/Obi-Wan-Kenobi_10.png",
      "label": "厭惡",
      "response_time": "00:00:03.400",
      "timestamp_unix": 1749730640,
      "timestamp_unix_ms": 1749730640888,
      "timestamp_readable": "2025-06-12 12:17:20.888",
      "normalized_name": "Obi-Wan-Kenobi/Obi-Wan-Kenobi",
      "meme_name": "Obi-Wan-Kenobi",
      "post_id": 10,
      "english_label": "disgust",
      "response_time_ms": 3400
    },
    {
      "image_path": "Picard-Wtf/Picard-Wtf_5.png",
      "label": "憤怒",
      "response_time": "00:00:05.102",
      "timestamp_unix": 1749730646,
      "timestamp_unix_ms": 1749730646140,
      "timestamp_readable": "2025-06-12 12:17:26.140",
      "normalized_name": "Picard-Wtf/Picard-Wtf",
      "meme_name": "Picard-Wtf",
      "post_id": 5,
      "english_label": "anger",
      "response_time_ms": 5102
    },
    {
      "image_path": "Drake-NoYes/Drake-NoYes_41.png",
      "label": "輕蔑",
      "response_time": "00:00:02.902",
      "timestamp_unix": 1749730649,
      "timestamp_unix_ms": 1749730649184,
      "timestamp_readable": "2025-06-12 12:17:29.184",
      "normalized_name": "Drake-NoYes/Drake-NoYes",
      "meme_name": "Drake-NoYes",
      "post_id": 41,
      "english_label": "contempt",
      "response_time_ms": 2902
    },
    {
      "image_path": "Hold-fart/Hold-fart_35.png",
      "label": "憤怒",
      "response_time": "00:00:05.901",
      "timestamp_unix": 1749730655,
      "timestamp_unix_ms": 1749730655176,
      "timestamp_readable": "2025-06-12 12:17:35.176",
      "normalized_name": "Hold-fart/Hold-fart",
      "meme_name": "Hold-fart",
      "post_id": 35,
      "english_label": "anger",
      "response_time_ms": 5901
    },
    {
      "image_path": "Afraid-To-Ask-Andy/Afraid-To-Ask-Andy_13.png",
      "label": "憤怒",
      "response_time": "00:00:01.711",
      "timestamp_unix": 1749730657,
      "timestamp_unix_ms": 1749730657024,
      "timestamp_readable": "2025-06-12 12:17:37.024",
      "normalized_name": "Afraid-To-Ask-Andy/Afraid-To-Ask-Andy",
      "meme_name": "Afraid-To-Ask-Andy",
      "post_id": 13,
      "english_label": "anger",
      "response_time_ms": 1711
    },
    {
      "image_path": "Im-The-Captain-Now/Im-The-Captain-Now_39.png",
      "label": "厭惡",
      "response_time": "00:00:04.500",
      "timestamp_unix": 1749730661,
      "timestamp_unix_ms": 1749730661616,
      "timestamp_readable": "2025-06-12 12:17:41.616",
      "normalized_name": "Im-The-Captain-Now/Im-The-Captain-Now",
      "meme_name": "Im-The-Captain-Now",
      "post_id": 39,
      "english_label": "disgust",
      "response_time_ms": 4500
    },
    {
      "image_path": "Surprised-Pikachu/Surprised-Pikachu_20.png",
      "label": "厭惡",
      "response_time": "00:00:01.708",
      "timestamp_unix": 1749730663,
      "timestamp_unix_ms": 1749730663452,
      "timestamp_readable": "2025-06-12 12:17:43.452",
      "normalized_name": "Surprised-Pikachu/Surprised-Pikachu",
      "meme_name": "Surprised-Pikachu",
      "post_id": 20,
      "english_label": "disgust",
      "response_time_ms": 1708
    },
    {
      "image_path": "Moe-throws-Barney/Moe-throws-Barney_30.png",
      "label": "厭惡",
      "response_time": "00:00:04.205",
      "timestamp_unix": 1749730667,
      "timestamp_unix_ms": 1749730667776,
      "timestamp_readable": "2025-06-12 12:17:47.776",
      "normalized_name": "Moe-throws-Barney/Moe-throws-Barney",
      "meme_name": "Moe-throws-Barney",
      "post_id": 30,
      "english_label": "disgust",
      "response_time_ms": 4205
    },
    {
      "image_path": "Happy--Shock/Happy--Shock_38.png",
      "label": "其他",
      "response_time": "00:00:07.810",
      "timestamp_unix": 1749730675,
      "timestamp_unix_ms": 1749730675716,
      "timestamp_readable": "2025-06-12 12:17:55.716",
      "normalized_name": "Happy--Shock/Happy--Shock",
      "meme_name": "Happy--Shock",
      "post_id": 38,
      "english_label": "others",
      "response_time_ms": 7810
    },
    {
      "image_path": "Well-Yes-But-Actually-No/Well-Yes-But-Actually-No_22.png",
      "label": "厭惡",
      "response_time": "00:00:04.100",
      "timestamp_unix": 1749730679,
      "timestamp_unix_ms": 1749730679956,
      "timestamp_readable": "2025-06-12 12:17:59.956",
      "normalized_name": "Well-Yes-But-Actually-No/Well-Yes-But-Actually-No",
      "meme_name": "Well-Yes-But-Actually-No",
      "post_id": 22,
      "english_label": "disgust",
      "response_time_ms": 4100
    },
    {
      "image_path": "Hide-the-Pain-Harold/Hide-the-Pain-Harold_15.png",
      "label": "憤怒",
      "response_time": "00:00:03.002",
      "timestamp_unix": 1749730683,
      "timestamp_unix_ms": 1749730683084,
      "timestamp_readable": "2025-06-12 12:18:03.084",
      "normalized_name": "Hide-the-Pain-Harold/Hide-the-Pain-Harold",
      "meme_name": "Hide-the-Pain-Harold",
      "post_id": 15,
      "english_label": "anger",
      "response_time_ms": 3002
    },
    {
      "image_path": "Dinkleberg/Dinkleberg_3.png",
      "label": "憤怒",
      "response_time": "00:00:06.300",
      "timestamp_unix": 1749730689,
      "timestamp_unix_ms": 1749730689448,
      "timestamp_readable": "2025-06-12 12:18:09.448",
      "normalized_name": "Dinkleberg/Dinkleberg",
      "meme_name": "Dinkleberg",
      "post_id": 3,
      "english_label": "anger",
      "response_time_ms": 6300
    },
    {
      "image_path": "attention_check/attention_check_Others.png",
      "label": "其他",
      "response_time": "00:00:02.206",
      "timestamp_unix": 1749730692,
      "timestamp_unix_ms": 1749730692052,
      "timestamp_readable": "2025-06-12 12:18:12.052",
      "normalized_name": "attention_check/attention_check_Others.png",
      "meme_name": "attention_check",
      "post_id": null,
      "english_label": "others",
      "response_time_ms": 2206
    },
    {
      "image_path": "Dave-chappelle/Dave-chappelle_28.png",
      "label": "厭惡",
      "response_time": "00:00:03.001",
      "timestamp_unix": 1749730695,
      "timestamp_unix_ms": 1749730695188,
      "timestamp_readable": "2025-06-12 12:18:15.188",
      "normalized_name": "Dave-chappelle/Dave-chappelle",
      "meme_name": "Dave-chappelle",
      "post_id": 28,
      "english_label": "disgust",
      "response_time_ms": 3001
    },
    {
      "image_path": "Mr-incredible-mad/Mr-incredible-mad_14.png",
      "label": "憤怒",
      "response_time": "00:00:06.212",
      "timestamp_unix": 1749730701,
      "timestamp_unix_ms": 1749730701484,
      "timestamp_readable": "2025-06-12 12:18:21.484",
      "normalized_name": "Mr-incredible-mad/Mr-incredible-mad",
      "meme_name": "Mr-incredible-mad",
      "post_id": 14,
      "english_label": "anger",
      "response_time_ms": 6212
    },
    {
      "image_path": "Monkey-Puppet/Monkey-Puppet_21.png",
      "label": "厭惡",
      "response_time": "00:00:03.003",
      "timestamp_unix": 1749730704,
      "timestamp_unix_ms": 1749730704619,
      "timestamp_readable": "2025-06-12 12:18:24.619",
      "normalized_name": "Monkey-Puppet/Monkey-Puppet",
      "meme_name": "Monkey-Puppet",
      "post_id": 21,
      "english_label": "disgust",
      "response_time_ms": 3003
    },
    {
      "image_path": "Charlie-Day/Charlie-Day_16.png",
      "label": "輕蔑",
      "response_time": "00:00:05.812",
      "timestamp_unix": 1749730710,
      "timestamp_unix_ms": 1749730710564,
      "timestamp_readable": "2025-06-12 12:18:30.564",
      "normalized_name": "Charlie-Day/Charlie-Day",
      "meme_name": "Charlie-Day",
      "post_id": 16,
      "english_label": "contempt",
      "response_time_ms": 5812
    }
  ],
  "session_start_unix": 1749730444,
  "session_status": "completed",
  "last_updated_unix": 1749730745,
  "image_order": [
    "Spiderman-Hospital/Spiderman-Hospital_1.png",
    "Happy--Shock/Happy--Shock_38.png",
    "Chill-guy/Chill-guy_32.png",
    "I-am-once-again-asking/I-am-once-again-asking_49.png",
    "Math-ladyConfused-lady/Math-ladyConfused-lady_27.png",
    "Archer/Archer_12.png",
    "Leonardo-Dicaprio-Wolf-Of-Wall-Street/Leonardo-Dicaprio-Wolf-Of-Wall-Street_44.png",
    "Mocking-Spongebob/Mocking-Spongebob_6.png",
    "Afraid-To-Ask-Andy/Afraid-To-Ask-Andy_13.png",
    "Charlie-Day/Charlie-Day_16.png",
    "Always-Has-Been/Always-Has-Been_43.png",
    "Picard-Wtf/Picard-Wtf_5.png",
    "Batman-Slapping-Robin/Batman-Slapping-Robin_47.png",
    "For-the-better-right-blank/For-the-better-right-blank_37.png",
    "Drake-NoYes/Drake-NoYes_41.png",
    "Laughing-wolf/Laughing-wolf_17.png",
    "DJ-Pauly-D/DJ-Pauly-D_23.png",
    "Always-you-three/Always-you-three_34.png",
    "Disappointed-Man/Disappointed-Man_4.png",
    "Smudge-the-cat/Smudge-the-cat_46.png",
    "Thats-a-paddlin/Thats-a-paddlin_2.png",
    "Hide-the-Pain-Harold/Hide-the-Pain-Harold_15.png",
    "Hold-fart/Hold-fart_35.png",
    "Im-The-Captain-Now/Im-The-Captain-Now_39.png",
    "attention_check/attention_check_Disgust.png",
    "Obi-Wan-Kenobi/Obi-Wan-Kenobi_10.png",
    "Spongebob-Yelling/Spongebob-Yelling_18.png",
    "Nuclear-Explosion/Nuclear-Explosion_48.png",
    "Dinkleberg/Dinkleberg_3.png",
    "Scooby-doo-mask-reveal/Scooby-doo-mask-reveal_9.png",
    "Disaster-Girl/Disaster-Girl_8.png",
    "Black-guy-hiding-behind-tree/Black-guy-hiding-behind-tree_33.png",
    "You-The-Real-MVP/You-The-Real-MVP_11.png",
    "Moe-throws-Barney/Moe-throws-Barney_30.png",
    "Ill-Have-You-Know-Spongebob/Ill-Have-You-Know-Spongebob_50.png",
    "Futurama-Fry/Futurama-Fry_29.png",
    "Monkey-Puppet/Monkey-Puppet_21.png",
    "Confused-Gandalf/Confused-Gandalf_31.png",
    "Mr-incredible-mad/Mr-incredible-mad_14.png",
    "Dave-chappelle/Dave-chappelle_28.png",
    "Surprised-Pikachu/Surprised-Pikachu_20.png",
    "Table-Flip-Guy/Table-Flip-Guy_24.png",
    "Kevin-Hart/Kevin-Hart_19.png",
    "Well-Yes-But-Actually-No/Well-Yes-But-Actually-No_22.png",
    "Mr-McMahon-reaction/Mr-McMahon-reaction_7.png",
    "Gru-Gun/Gru-Gun_25.png",
    "Persian-Cat-Room-Guardian/Persian-Cat-Room-Guardian_42.png",
    "attention_check/attention_check_Others.png",
    "Put-It-Somewhere-Else-Patrick/Put-It-Somewhere-Else-Patrick_45.png",
    "Angry-Baby/Angry-Baby_36.png",
    "Arthur-Fist/Arthur-Fist_26.png",
    "Khan/Khan_40.png"
  ],
  "completion_status": {
    "practice_completed": true,
    "game_started": true,
    "game_completed": true,
    "summary_viewed": true,
    "email_submitted": true
  },
  "timestamps_unix": {
    "registration_completed": 1749730444,
    "practice_started": 1749730444,
    "practice_completed": 1749730467,
    "game_started": 1749730467,
    "first_label": 1749730474,
    "last_label": 1749730710,
    "game_completed": 1749730712,
    "summary_viewed": 1749730712,
    "email_submitted": 1749730745,
    "session_end": 1749730745,
    "last_updated": 1749730745
  },
  "timestamps_unix_ms": {
    "registration_completed_ms": 1749730444222,
    "practice_started_ms": 1749730444267,
    "practice_completed_ms": 1749730467047,
    "game_started_ms": 1749730467061,
    "first_label_ms": 1749730474539,
    "last_label_ms": 1749730710564,
    "game_completed_ms": 1749730712584,
    "summary_viewed_ms": 1749730712598,
    "email_submitted_ms": 1749730745999,
    "session_end_ms": 1749730745999,
    "last_updated_ms": 1749730745999
  },
  "duration_stats_ms": {
    "total_session_duration_ms": 301777,
    "practice_duration_ms": 22780,
    "game_duration_ms": 245523,
    "labeling_duration_ms": 236025,
    "email_submission_duration_ms": 33401
  },
  "filename_updated_unix": 1749730712,
  "original_filename": "user_e85cef",
  "completion_status_in_filename": "email_submitted"
}