{
  "user_id": "user_a81883",
  "file_name": "user_a81883_1750164457_1750164661_fullycomplete",
  "unix_start_time": 1750164457,
  "unix_start_time_ms": 1750164457720,
  "unix_end_time": 1750164661,
  "unix_end_time_ms": 1750164661011,
  "age": "35-39",
  "gender": "male",
  "user_agent": "Mozilla/5.0 (Linux; Android 10; K) AppleWebKit/537.36 (KHTML, like Gecko) Chrome/124.0.0.0 Mobile Safari/537.36",
  "user_ip": "123.205.89.143",
  "status": "complete",
  "email_provided": "complete",
  "attention_passed": false,
  "start_time_readable": "2025-06-17 12:47:37.720",
  "end_time_readable": "2025-06-17 12:51:01.011",
  "total_labels": 52,
  "emotion_summary": {
    "anger": 3,
    "contempt": 2,
    "disgust": 5,
    "others": 42
  },
  "email": "gay69151@gmail.com",
  "participation": "no",
  "total_responses": 52,
  "responses": [
    {
      "image_path": "Well-Yes-But-Actually-No/Well-Yes-But-Actually-No_37.png",
      "label": "其他",
      "response_time": "00:00:02.400",
      "timestamp_unix": 1750164511,
      "timestamp_unix_ms": 1750164511664,
      "timestamp_readable": "2025-06-17 12:48:31.664",
      "normalized_name": "Well-Yes-But-Actually-No/Well-Yes-But-Actually-No",
      "meme_name": "Well-Yes-But-Actually-No",
      "post_id": 37,
      "english_label": "others",
      "response_time_ms": 2400
    },
    {
      "image_path": "Ill-Have-You-Know-Spongebob/Ill-Have-You-Know-Spongebob_9.png",
      "label": "其他",
      "response_time": "00:00:00.804",
      "timestamp_unix": 1750164512,
      "timestamp_unix_ms": 1750164512529,
      "timestamp_readable": "2025-06-17 12:48:32.529",
      "normalized_name": "Ill-Have-You-Know-Spongebob/Ill-Have-You-Know-Spongebob",
      "meme_name": "Ill-Have-You-Know-Spongebob",
      "post_id": 9,
      "english_label": "others",
      "response_time_ms": 804
    },
    {
      "image_path": "Put-It-Somewhere-Else-Patrick/Put-It-Somewhere-Else-Patrick_8.png",
      "label": "其他",
      "response_time": "00:00:00.904",
      "timestamp_unix": 1750164513,
      "timestamp_unix_ms": 1750164513601,
      "timestamp_readable": "2025-06-17 12:48:33.601",
      "normalized_name": "Put-It-Somewhere-Else-Patrick/Put-It-Somewhere-Else-Patrick",
      "meme_name": "Put-It-Somewhere-Else-Patrick",
      "post_id": 8,
      "english_label": "others",
      "response_time_ms": 904
    },
    {
      "image_path": "Dave-chappelle/Dave-chappelle_31.png",
      "label": "其他",
      "response_time": "00:00:01.000",
      "timestamp_unix": 1750164514,
      "timestamp_unix_ms": 1750164514721,
      "timestamp_readable": "2025-06-17 12:48:34.721",
      "normalized_name": "Dave-chappelle/Dave-chappelle",
      "meme_name": "Dave-chappelle",
      "post_id": 31,
      "english_label": "others",
      "response_time_ms": 1000
    },
    {
      "image_path": "Charlie-Day/Charlie-Day_18.png",
      "label": "其他",
      "response_time": "00:00:01.100",
      "timestamp_unix": 1750164515,
      "timestamp_unix_ms": 1750164515954,
      "timestamp_readable": "2025-06-17 12:48:35.954",
      "normalized_name": "Charlie-Day/Charlie-Day",
      "meme_name": "Charlie-Day",
      "post_id": 18,
      "english_label": "others",
      "response_time_ms": 1100
    },
    {
      "image_path": "Thats-a-paddlin/Thats-a-paddlin_5.png",
      "label": "其他",
      "response_time": "00:00:00.900",
      "timestamp_unix": 1750164516,
      "timestamp_unix_ms": 1750164516975,
      "timestamp_readable": "2025-06-17 12:48:36.975",
      "normalized_name": "Thats-a-paddlin/Thats-a-paddlin",
      "meme_name": "Thats-a-paddlin",
      "post_id": 5,
      "english_label": "others",
      "response_time_ms": 900
    },
    {
      "image_path": "Mocking-Spongebob/Mocking-Spongebob_21.png",
      "label": "其他",
      "response_time": "00:00:01.007",
      "timestamp_unix": 1750164518,
      "timestamp_unix_ms": 1750164518076,
      "timestamp_readable": "2025-06-17 12:48:38.076",
      "normalized_name": "Mocking-Spongebob/Mocking-Spongebob",
      "meme_name": "Mocking-Spongebob",
      "post_id": 21,
      "english_label": "others",
      "response_time_ms": 1007
    },
    {
      "image_path": "Confused-Gandalf/Confused-Gandalf_44.png",
      "label": "其他",
      "response_time": "00:00:01.001",
      "timestamp_unix": 1750164519,
      "timestamp_unix_ms": 1750164519178,
      "timestamp_readable": "2025-06-17 12:48:39.178",
      "normalized_name": "Confused-Gandalf/Confused-Gandalf",
      "meme_name": "Confused-Gandalf",
      "post_id": 44,
      "english_label": "others",
      "response_time_ms": 1001
    },
    {
      "image_path": "Arthur-Fist/Arthur-Fist_47.png",
      "label": "其他",
      "response_time": "00:00:00.900",
      "timestamp_unix": 1750164520,
      "timestamp_unix_ms": 1750164520224,
      "timestamp_readable": "2025-06-17 12:48:40.224",
      "normalized_name": "Arthur-Fist/Arthur-Fist",
      "meme_name": "Arthur-Fist",
      "post_id": 47,
      "english_label": "others",
      "response_time_ms": 900
    },
    {
      "image_path": "Moe-throws-Barney/Moe-throws-Barney_12.png",
      "label": "其他",
      "response_time": "00:00:00.901",
      "timestamp_unix": 1750164521,
      "timestamp_unix_ms": 1750164521271,
      "timestamp_readable": "2025-06-17 12:48:41.271",
      "normalized_name": "Moe-throws-Barney/Moe-throws-Barney",
      "meme_name": "Moe-throws-Barney",
      "post_id": 12,
      "english_label": "others",
      "response_time_ms": 901
    },
    {
      "image_path": "Spiderman-Hospital/Spiderman-Hospital_26.png",
      "label": "其他",
      "response_time": "00:00:00.901",
      "timestamp_unix": 1750164522,
      "timestamp_unix_ms": 1750164522315,
      "timestamp_readable": "2025-06-17 12:48:42.315",
      "normalized_name": "Spiderman-Hospital/Spiderman-Hospital",
      "meme_name": "Spiderman-Hospital",
      "post_id": 26,
      "english_label": "others",
      "response_time_ms": 901
    },
    {
      "image_path": "Hide-the-Pain-Harold/Hide-the-Pain-Harold_41.png",
      "label": "其他",
      "response_time": "00:00:01.001",
      "timestamp_unix": 1750164523,
      "timestamp_unix_ms": 1750164523475,
      "timestamp_readable": "2025-06-17 12:48:43.475",
      "normalized_name": "Hide-the-Pain-Harold/Hide-the-Pain-Harold",
      "meme_name": "Hide-the-Pain-Harold",
      "post_id": 41,
      "english_label": "others",
      "response_time_ms": 1001
    },
    {
      "image_path": "Math-ladyConfused-lady/Math-ladyConfused-lady_48.png",
      "label": "厭惡",
      "response_time": "00:00:01.107",
      "timestamp_unix": 1750164524,
      "timestamp_unix_ms": 1750164524696,
      "timestamp_readable": "2025-06-17 12:48:44.696",
      "normalized_name": "Math-ladyConfused-lady/Math-ladyConfused-lady",
      "meme_name": "Math-ladyConfused-lady",
      "post_id": 48,
      "english_label": "disgust",
      "response_time_ms": 1107
    },
    {
      "image_path": "Happy--Shock/Happy--Shock_1.png",
      "label": "憤怒",
      "response_time": "00:00:01.001",
      "timestamp_unix": 1750164525,
      "timestamp_unix_ms": 1750164525824,
      "timestamp_readable": "2025-06-17 12:48:45.824",
      "normalized_name": "Happy--Shock/Happy--Shock",
      "meme_name": "Happy--Shock",
      "post_id": 1,
      "english_label": "anger",
      "response_time_ms": 1001
    },
    {
      "image_path": "Archer/Archer_49.png",
      "label": "其他",
      "response_time": "00:00:00.900",
      "timestamp_unix": 1750164526,
      "timestamp_unix_ms": 1750164526868,
      "timestamp_readable": "2025-06-17 12:48:46.868",
      "normalized_name": "Archer/Archer",
      "meme_name": "Archer",
      "post_id": 49,
      "english_label": "others",
      "response_time_ms": 900
    },
    {
      "image_path": "Obi-Wan-Kenobi/Obi-Wan-Kenobi_45.png",
      "label": "輕蔑",
      "response_time": "00:00:00.800",
      "timestamp_unix": 1750164527,
      "timestamp_unix_ms": 1750164527774,
      "timestamp_readable": "2025-06-17 12:48:47.774",
      "normalized_name": "Obi-Wan-Kenobi/Obi-Wan-Kenobi",
      "meme_name": "Obi-Wan-Kenobi",
      "post_id": 45,
      "english_label": "contempt",
      "response_time_ms": 800
    },
    {
      "image_path": "Picard-Wtf/Picard-Wtf_28.png",
      "label": "其他",
      "response_time": "00:00:00.900",
      "timestamp_unix": 1750164528,
      "timestamp_unix_ms": 1750164528792,
      "timestamp_readable": "2025-06-17 12:48:48.792",
      "normalized_name": "Picard-Wtf/Picard-Wtf",
      "meme_name": "Picard-Wtf",
      "post_id": 28,
      "english_label": "others",
      "response_time_ms": 900
    },
    {
      "image_path": "Always-Has-Been/Always-Has-Been_19.png",
      "label": "其他",
      "response_time": "00:00:00.800",
      "timestamp_unix": 1750164529,
      "timestamp_unix_ms": 1750164529791,
      "timestamp_readable": "2025-06-17 12:48:49.791",
      "normalized_name": "Always-Has-Been/Always-Has-Been",
      "meme_name": "Always-Has-Been",
      "post_id": 19,
      "english_label": "others",
      "response_time_ms": 800
    },
    {
      "image_path": "Mr-McMahon-reaction/Mr-McMahon-reaction_39.png",
      "label": "其他",
      "response_time": "00:00:00.800",
      "timestamp_unix": 1750164530,
      "timestamp_unix_ms": 1750164530713,
      "timestamp_readable": "2025-06-17 12:48:50.713",
      "normalized_name": "Mr-McMahon-reaction/Mr-McMahon-reaction",
      "meme_name": "Mr-McMahon-reaction",
      "post_id": 39,
      "english_label": "others",
      "response_time_ms": 800
    },
    {
      "image_path": "Always-you-three/Always-you-three_24.png",
      "label": "其他",
      "response_time": "00:00:00.700",
      "timestamp_unix": 1750164531,
      "timestamp_unix_ms": 1750164531538,
      "timestamp_readable": "2025-06-17 12:48:51.538",
      "normalized_name": "Always-you-three/Always-you-three",
      "meme_name": "Always-you-three",
      "post_id": 24,
      "english_label": "others",
      "response_time_ms": 700
    },
    {
      "image_path": "Spongebob-Yelling/Spongebob-Yelling_32.png",
      "label": "憤怒",
      "response_time": "00:00:01.000",
      "timestamp_unix": 1750164532,
      "timestamp_unix_ms": 1750164532679,
      "timestamp_readable": "2025-06-17 12:48:52.679",
      "normalized_name": "Spongebob-Yelling/Spongebob-Yelling",
      "meme_name": "Spongebob-Yelling",
      "post_id": 32,
      "english_label": "anger",
      "response_time_ms": 1000
    },
    {
      "image_path": "Dinkleberg/Dinkleberg_13.png",
      "label": "其他",
      "response_time": "00:00:00.800",
      "timestamp_unix": 1750164533,
      "timestamp_unix_ms": 1750164533628,
      "timestamp_readable": "2025-06-17 12:48:53.628",
      "normalized_name": "Dinkleberg/Dinkleberg",
      "meme_name": "Dinkleberg",
      "post_id": 13,
      "english_label": "others",
      "response_time_ms": 800
    },
    {
      "image_path": "Laughing-wolf/Laughing-wolf_33.png",
      "label": "其他",
      "response_time": "00:00:00.800",
      "timestamp_unix": 1750164534,
      "timestamp_unix_ms": 1750164534536,
      "timestamp_readable": "2025-06-17 12:48:54.536",
      "normalized_name": "Laughing-wolf/Laughing-wolf",
      "meme_name": "Laughing-wolf",
      "post_id": 33,
      "english_label": "others",
      "response_time_ms": 800
    },
    {
      "image_path": "Surprised-Pikachu/Surprised-Pikachu_43.png",
      "label": "厭惡",
      "response_time": "00:00:00.901",
      "timestamp_unix": 1750164535,
      "timestamp_unix_ms": 1750164535510,
      "timestamp_readable": "2025-06-17 12:48:55.510",
      "normalized_name": "Surprised-Pikachu/Surprised-Pikachu",
      "meme_name": "Surprised-Pikachu",
      "post_id": 43,
      "english_label": "disgust",
      "response_time_ms": 901
    },
    {
      "image_path": "attention_check/attention_check_Disgust.png",
      "label": "其他",
      "response_time": "00:00:00.900",
      "timestamp_unix": 1750164536,
      "timestamp_unix_ms": 1750164536521,
      "timestamp_readable": "2025-06-17 12:48:56.521",
      "normalized_name": "attention_check/attention_check_Disgust.png",
      "meme_name": "attention_check",
      "post_id": null,
      "english_label": "others",
      "response_time_ms": 900
    },
    {
      "image_path": "Hold-fart/Hold-fart_29.png",
      "label": "其他",
      "response_time": "00:00:00.800",
      "timestamp_unix": 1750164537,
      "timestamp_unix_ms": 1750164537419,
      "timestamp_readable": "2025-06-17 12:48:57.419",
      "normalized_name": "Hold-fart/Hold-fart",
      "meme_name": "Hold-fart",
      "post_id": 29,
      "english_label": "others",
      "response_time_ms": 800
    },
    {
      "image_path": "Scooby-doo-mask-reveal/Scooby-doo-mask-reveal_6.png",
      "label": "其他",
      "response_time": "00:00:00.801",
      "timestamp_unix": 1750164538,
      "timestamp_unix_ms": 1750164538321,
      "timestamp_readable": "2025-06-17 12:48:58.321",
      "normalized_name": "Scooby-doo-mask-reveal/Scooby-doo-mask-reveal",
      "meme_name": "Scooby-doo-mask-reveal",
      "post_id": 6,
      "english_label": "others",
      "response_time_ms": 801
    },
    {
      "image_path": "DJ-Pauly-D/DJ-Pauly-D_2.png",
      "label": "其他",
      "response_time": "00:00:00.801",
      "timestamp_unix": 1750164539,
      "timestamp_unix_ms": 1750164539228,
      "timestamp_readable": "2025-06-17 12:48:59.228",
      "normalized_name": "DJ-Pauly-D/DJ-Pauly-D",
      "meme_name": "DJ-Pauly-D",
      "post_id": 2,
      "english_label": "others",
      "response_time_ms": 801
    },
    {
      "image_path": "Smudge-the-cat/Smudge-the-cat_16.png",
      "label": "其他",
      "response_time": "00:00:00.801",
      "timestamp_unix": 1750164540,
      "timestamp_unix_ms": 1750164540139,
      "timestamp_readable": "2025-06-17 12:49:00.139",
      "normalized_name": "Smudge-the-cat/Smudge-the-cat",
      "meme_name": "Smudge-the-cat",
      "post_id": 16,
      "english_label": "others",
      "response_time_ms": 801
    },
    {
      "image_path": "Drake-NoYes/Drake-NoYes_38.png",
      "label": "其他",
      "response_time": "00:00:00.802",
      "timestamp_unix": 1750164541,
      "timestamp_unix_ms": 1750164541041,
      "timestamp_readable": "2025-06-17 12:49:01.041",
      "normalized_name": "Drake-NoYes/Drake-NoYes",
      "meme_name": "Drake-NoYes",
      "post_id": 38,
      "english_label": "others",
      "response_time_ms": 802
    },
    {
      "image_path": "Angry-Baby/Angry-Baby_10.png",
      "label": "其他",
      "response_time": "00:00:00.808",
      "timestamp_unix": 1750164541,
      "timestamp_unix_ms": 1750164541940,
      "timestamp_readable": "2025-06-17 12:49:01.940",
      "normalized_name": "Angry-Baby/Angry-Baby",
      "meme_name": "Angry-Baby",
      "post_id": 10,
      "english_label": "others",
      "response_time_ms": 808
    },
    {
      "image_path": "Nuclear-Explosion/Nuclear-Explosion_23.png",
      "label": "厭惡",
      "response_time": "00:00:00.900",
      "timestamp_unix": 1750164542,
      "timestamp_unix_ms": 1750164542924,
      "timestamp_readable": "2025-06-17 12:49:02.924",
      "normalized_name": "Nuclear-Explosion/Nuclear-Explosion",
      "meme_name": "Nuclear-Explosion",
      "post_id": 23,
      "english_label": "disgust",
      "response_time_ms": 900
    },
    {
      "image_path": "Leonardo-Dicaprio-Wolf-Of-Wall-Street/Leonardo-Dicaprio-Wolf-Of-Wall-Street_34.png",
      "label": "其他",
      "response_time": "00:00:00.801",
      "timestamp_unix": 1750164543,
      "timestamp_unix_ms": 1750164543791,
      "timestamp_readable": "2025-06-17 12:49:03.791",
      "normalized_name": "Leonardo-Dicaprio-Wolf-Of-Wall-Street/Leonardo-Dicaprio-Wolf-Of-Wall-Street",
      "meme_name": "Leonardo-Dicaprio-Wolf-Of-Wall-Street",
      "post_id": 34,
      "english_label": "others",
      "response_time_ms": 801
    },
    {
      "image_path": "Monkey-Puppet/Monkey-Puppet_17.png",
      "label": "其他",
      "response_time": "00:00:00.801",
      "timestamp_unix": 1750164544,
      "timestamp_unix_ms": 1750164544731,
      "timestamp_readable": "2025-06-17 12:49:04.731",
      "normalized_name": "Monkey-Puppet/Monkey-Puppet",
      "meme_name": "Monkey-Puppet",
      "post_id": 17,
      "english_label": "others",
      "response_time_ms": 801
    },
    {
      "image_path": "Im-The-Captain-Now/Im-The-Captain-Now_20.png",
      "label": "其他",
      "response_time": "00:00:00.700",
      "timestamp_unix": 1750164545,
      "timestamp_unix_ms": 1750164545561,
      "timestamp_readable": "2025-06-17 12:49:05.561",
      "normalized_name": "Im-The-Captain-Now/Im-The-Captain-Now",
      "meme_name": "Im-The-Captain-Now",
      "post_id": 20,
      "english_label": "others",
      "response_time_ms": 700
    },
    {
      "image_path": "Disaster-Girl/Disaster-Girl_3.png",
      "label": "其他",
      "response_time": "00:00:00.700",
      "timestamp_unix": 1750164546,
      "timestamp_unix_ms": 1750164546375,
      "timestamp_readable": "2025-06-17 12:49:06.375",
      "normalized_name": "Disaster-Girl/Disaster-Girl",
      "meme_name": "Disaster-Girl",
      "post_id": 3,
      "english_label": "others",
      "response_time_ms": 700
    },
    {
      "image_path": "Table-Flip-Guy/Table-Flip-Guy_4.png",
      "label": "其他",
      "response_time": "00:00:00.900",
      "timestamp_unix": 1750164547,
      "timestamp_unix_ms": 1750164547390,
      "timestamp_readable": "2025-06-17 12:49:07.390",
      "normalized_name": "Table-Flip-Guy/Table-Flip-Guy",
      "meme_name": "Table-Flip-Guy",
      "post_id": 4,
      "english_label": "others",
      "response_time_ms": 900
    },
    {
      "image_path": "You-The-Real-MVP/You-The-Real-MVP_27.png",
      "label": "其他",
      "response_time": "00:00:00.706",
      "timestamp_unix": 1750164548,
      "timestamp_unix_ms": 1750164548242,
      "timestamp_readable": "2025-06-17 12:49:08.242",
      "normalized_name": "You-The-Real-MVP/You-The-Real-MVP",
      "meme_name": "You-The-Real-MVP",
      "post_id": 27,
      "english_label": "others",
      "response_time_ms": 706
    },
    {
      "image_path": "Kevin-Hart/Kevin-Hart_40.png",
      "label": "其他",
      "response_time": "00:00:00.700",
      "timestamp_unix": 1750164549,
      "timestamp_unix_ms": 1750164549097,
      "timestamp_readable": "2025-06-17 12:49:09.097",
      "normalized_name": "Kevin-Hart/Kevin-Hart",
      "meme_name": "Kevin-Hart",
      "post_id": 40,
      "english_label": "others",
      "response_time_ms": 700
    },
    {
      "image_path": "For-the-better-right-blank/For-the-better-right-blank_7.png",
      "label": "其他",
      "response_time": "00:00:00.800",
      "timestamp_unix": 1750164549,
      "timestamp_unix_ms": 1750164549989,
      "timestamp_readable": "2025-06-17 12:49:09.989",
      "normalized_name": "For-the-better-right-blank/For-the-better-right-blank",
      "meme_name": "For-the-better-right-blank",
      "post_id": 7,
      "english_label": "others",
      "response_time_ms": 800
    },
    {
      "image_path": "Batman-Slapping-Robin/Batman-Slapping-Robin_11.png",
      "label": "其他",
      "response_time": "00:00:00.801",
      "timestamp_unix": 1750164550,
      "timestamp_unix_ms": 1750164550887,
      "timestamp_readable": "2025-06-17 12:49:10.887",
      "normalized_name": "Batman-Slapping-Robin/Batman-Slapping-Robin",
      "meme_name": "Batman-Slapping-Robin",
      "post_id": 11,
      "english_label": "others",
      "response_time_ms": 801
    },
    {
      "image_path": "Mr-incredible-mad/Mr-incredible-mad_22.png",
      "label": "其他",
      "response_time": "00:00:00.801",
      "timestamp_unix": 1750164551,
      "timestamp_unix_ms": 1750164551761,
      "timestamp_readable": "2025-06-17 12:49:11.761",
      "normalized_name": "Mr-incredible-mad/Mr-incredible-mad",
      "meme_name": "Mr-incredible-mad",
      "post_id": 22,
      "english_label": "others",
      "response_time_ms": 801
    },
    {
      "image_path": "Khan/Khan_50.png",
      "label": "其他",
      "response_time": "00:00:00.800",
      "timestamp_unix": 1750164552,
      "timestamp_unix_ms": 1750164552664,
      "timestamp_readable": "2025-06-17 12:49:12.664",
      "normalized_name": "Khan/Khan",
      "meme_name": "Khan",
      "post_id": 50,
      "english_label": "others",
      "response_time_ms": 800
    },
    {
      "image_path": "I-am-once-again-asking/I-am-once-again-asking_42.png",
      "label": "其他",
      "response_time": "00:00:00.800",
      "timestamp_unix": 1750164553,
      "timestamp_unix_ms": 1750164553551,
      "timestamp_readable": "2025-06-17 12:49:13.551",
      "normalized_name": "I-am-once-again-asking/I-am-once-again-asking",
      "meme_name": "I-am-once-again-asking",
      "post_id": 42,
      "english_label": "others",
      "response_time_ms": 800
    },
    {
      "image_path": "Black-guy-hiding-behind-tree/Black-guy-hiding-behind-tree_36.png",
      "label": "其他",
      "response_time": "00:00:01.700",
      "timestamp_unix": 1750164555,
      "timestamp_unix_ms": 1750164555421,
      "timestamp_readable": "2025-06-17 12:49:15.421",
      "normalized_name": "Black-guy-hiding-behind-tree/Black-guy-hiding-behind-tree",
      "meme_name": "Black-guy-hiding-behind-tree",
      "post_id": 36,
      "english_label": "others",
      "response_time_ms": 1700
    },
    {
      "image_path": "Disappointed-Man/Disappointed-Man_46.png",
      "label": "憤怒",
      "response_time": "00:00:00.800",
      "timestamp_unix": 1750164556,
      "timestamp_unix_ms": 1750164556385,
      "timestamp_readable": "2025-06-17 12:49:16.385",
      "normalized_name": "Disappointed-Man/Disappointed-Man",
      "meme_name": "Disappointed-Man",
      "post_id": 46,
      "english_label": "anger",
      "response_time_ms": 800
    },
    {
      "image_path": "Persian-Cat-Room-Guardian/Persian-Cat-Room-Guardian_35.png",
      "label": "輕蔑",
      "response_time": "00:00:00.800",
      "timestamp_unix": 1750164557,
      "timestamp_unix_ms": 1750164557316,
      "timestamp_readable": "2025-06-17 12:49:17.316",
      "normalized_name": "Persian-Cat-Room-Guardian/Persian-Cat-Room-Guardian",
      "meme_name": "Persian-Cat-Room-Guardian",
      "post_id": 35,
      "english_label": "contempt",
      "response_time_ms": 800
    },
    {
      "image_path": "Chill-guy/Chill-guy_15.png",
      "label": "其他",
      "response_time": "00:00:00.801",
      "timestamp_unix": 1750164558,
      "timestamp_unix_ms": 1750164558270,
      "timestamp_readable": "2025-06-17 12:49:18.270",
      "normalized_name": "Chill-guy/Chill-guy",
      "meme_name": "Chill-guy",
      "post_id": 15,
      "english_label": "others",
      "response_time_ms": 801
    },
    {
      "image_path": "Gru-Gun/Gru-Gun_25.png",
      "label": "厭惡",
      "response_time": "00:00:00.801",
      "timestamp_unix": 1750164559,
      "timestamp_unix_ms": 1750164559206,
      "timestamp_readable": "2025-06-17 12:49:19.206",
      "normalized_name": "Gru-Gun/Gru-Gun",
      "meme_name": "Gru-Gun",
      "post_id": 25,
      "english_label": "disgust",
      "response_time_ms": 801
    },
    {
      "image_path": "Futurama-Fry/Futurama-Fry_30.png",
      "label": "其他",
      "response_time": "00:00:00.901",
      "timestamp_unix": 1750164560,
      "timestamp_unix_ms": 1750164560237,
      "timestamp_readable": "2025-06-17 12:49:20.237",
      "normalized_name": "Futurama-Fry/Futurama-Fry",
      "meme_name": "Futurama-Fry",
      "post_id": 30,
      "english_label": "others",
      "response_time_ms": 901
    },
    {
      "image_path": "attention_check/attention_check_Anger.png",
      "label": "其他",
      "response_time": "00:00:00.901",
      "timestamp_unix": 1750164561,
      "timestamp_unix_ms": 1750164561230,
      "timestamp_readable": "2025-06-17 12:49:21.230",
      "normalized_name": "attention_check/attention_check_Anger.png",
      "meme_name": "attention_check",
      "post_id": null,
      "english_label": "others",
      "response_time_ms": 901
    },
    {
      "image_path": "Afraid-To-Ask-Andy/Afraid-To-Ask-Andy_14.png",
      "label": "厭惡",
      "response_time": "00:00:00.900",
      "timestamp_unix": 1750164562,
      "timestamp_unix_ms": 1750164562225,
      "timestamp_readable": "2025-06-17 12:49:22.225",
      "normalized_name": "Afraid-To-Ask-Andy/Afraid-To-Ask-Andy",
      "meme_name": "Afraid-To-Ask-Andy",
      "post_id": 14,
      "english_label": "disgust",
      "response_time_ms": 900
    }
  ],
  "session_start_unix": 1750164457,
  "session_status": "completed",
  "last_updated_unix": 1750164660,
  "image_order": [
    "Spiderman-Hospital/Spiderman-Hospital_26.png",
    "Happy--Shock/Happy--Shock_1.png",
    "Chill-guy/Chill-guy_15.png",
    "I-am-once-again-asking/I-am-once-again-asking_42.png",
    "Math-ladyConfused-lady/Math-ladyConfused-lady_48.png",
    "Archer/Archer_49.png",
    "Leonardo-Dicaprio-Wolf-Of-Wall-Street/Leonardo-Dicaprio-Wolf-Of-Wall-Street_34.png",
    "Mocking-Spongebob/Mocking-Spongebob_21.png",
    "Afraid-To-Ask-Andy/Afraid-To-Ask-Andy_14.png",
    "Charlie-Day/Charlie-Day_18.png",
    "Always-Has-Been/Always-Has-Been_19.png",
    "Picard-Wtf/Picard-Wtf_28.png",
    "Batman-Slapping-Robin/Batman-Slapping-Robin_11.png",
    "For-the-better-right-blank/For-the-better-right-blank_7.png",
    "Drake-NoYes/Drake-NoYes_38.png",
    "Laughing-wolf/Laughing-wolf_33.png",
    "DJ-Pauly-D/DJ-Pauly-D_2.png",
    "Always-you-three/Always-you-three_24.png",
    "Disappointed-Man/Disappointed-Man_46.png",
    "Smudge-the-cat/Smudge-the-cat_16.png",
    "Thats-a-paddlin/Thats-a-paddlin_5.png",
    "Hide-the-Pain-Harold/Hide-the-Pain-Harold_41.png",
    "Hold-fart/Hold-fart_29.png",
    "Im-The-Captain-Now/Im-The-Captain-Now_20.png",
    "attention_check/attention_check_Disgust.png",
    "Obi-Wan-Kenobi/Obi-Wan-Kenobi_45.png",
    "Spongebob-Yelling/Spongebob-Yelling_32.png",
    "Nuclear-Explosion/Nuclear-Explosion_23.png",
    "Dinkleberg/Dinkleberg_13.png",
    "Scooby-doo-mask-reveal/Scooby-doo-mask-reveal_6.png",
    "Disaster-Girl/Disaster-Girl_3.png",
    "Black-guy-hiding-behind-tree/Black-guy-hiding-behind-tree_36.png",
    "You-The-Real-MVP/You-The-Real-MVP_27.png",
    "Moe-throws-Barney/Moe-throws-Barney_12.png",
    "Ill-Have-You-Know-Spongebob/Ill-Have-You-Know-Spongebob_9.png",
    "Futurama-Fry/Futurama-Fry_30.png",
    "Monkey-Puppet/Monkey-Puppet_17.png",
    "Confused-Gandalf/Confused-Gandalf_44.png",
    "Mr-incredible-mad/Mr-incredible-mad_22.png",
    "Dave-chappelle/Dave-chappelle_31.png",
    "Surprised-Pikachu/Surprised-Pikachu_43.png",
    "Table-Flip-Guy/Table-Flip-Guy_4.png",
    "Kevin-Hart/Kevin-Hart_40.png",
    "Well-Yes-But-Actually-No/Well-Yes-But-Actually-No_37.png",
    "Mr-McMahon-reaction/Mr-McMahon-reaction_39.png",
    "Gru-Gun/Gru-Gun_25.png",
    "Persian-Cat-Room-Guardian/Persian-Cat-Room-Guardian_35.png",
    "Put-It-Somewhere-Else-Patrick/Put-It-Somewhere-Else-Patrick_8.png",
    "Angry-Baby/Angry-Baby_10.png",
    "Arthur-Fist/Arthur-Fist_47.png",
    "attention_check/attention_check_Anger.png",
    "Khan/Khan_50.png"
  ],
  "completion_status": {
    "practice_completed": true,
    "game_started": true,
    "game_completed": true,
    "summary_viewed": true,
    "email_submitted": true
  },
  "timestamps_unix": {
    "registration_completed": 1750164457,
    "practice_started": 1750164457,
    "practice_completed": 1750164509,
    "game_started": 1750164509,
    "first_label": 1750164511,
    "last_label": 1750164562,
    "game_completed": 1750164565,
    "summary_viewed": 1750164565,
    "email_submitted": 1750164660,
    "session_end": 1750164660,
    "last_updated": 1750164660
  },
  "timestamps_unix_ms": {
    "registration_completed_ms": 1750164457720,
    "practice_started_ms": 1750164457781,
    "practice_completed_ms": 1750164509062,
    "game_started_ms": 1750164509102,
    "first_label_ms": 1750164511664,
    "last_label_ms": 1750164562225,
    "game_completed_ms": 1750164565511,
    "summary_viewed_ms": 1750164565525,
    "email_submitted_ms": 1750164660997,
    "session_end_ms": 1750164660997,
    "last_updated_ms": 1750164660997
  },
  "duration_stats_ms": {
    "total_session_duration_ms": 203277,
    "practice_duration_ms": 51281,
    "game_duration_ms": 56409,
    "labeling_duration_ms": 50561,
    "email_submission_duration_ms": 95472
  },
  "filename_updated_unix": 1750164565,
  "original_filename": "user_a81883",
  "completion_status_in_filename": "email_submitted"
}