{
  "user_id": "user_2e98c3",
  "file_name": "user_2e98c3_1749727069_1749727111_fullycomplete",
  "unix_start_time": 1749727069,
  "unix_start_time_ms": 1749727069342,
  "unix_end_time": 1749727111,
  "unix_end_time_ms": 1749727111701,
  "age": "25-29",
  "gender": "male",
  "user_agent": "Mozilla/5.0 (Windows NT 10.0; Win64; x64) AppleWebKit/537.36 (KHTML, like Gecko) Chrome/137.0.0.0 Safari/537.36",
  "user_ip": "122.99.48.40",
  "status": "complete",
  "email_provided": "complete",
  "attention_passed": false,
  "start_time_readable": "2025-06-12 11:17:49.342",
  "end_time_readable": "2025-06-12 11:18:31.701",
  "total_labels": 52,
  "emotion_summary": {
    "anger": 4,
    "contempt": 34,
    "disgust": 7,
    "others": 7
  },
  "email": "mysqltest0922@gmail.com",
  "participation": "no",
  "total_responses": 52,
  "responses": [
    {
      "image_path": "Gru-Gun/Gru-Gun_21.png",
      "label": "憤怒",
      "response_time": "00:00:01.502",
      "timestamp_unix": 1749727076,
      "timestamp_unix_ms": 1749727076832,
      "timestamp_readable": "2025-06-12 11:17:56.832",
      "normalized_name": "Gru-Gun/Gru-Gun",
      "meme_name": "Gru-Gun",
      "post_id": 21,
      "english_label": "anger",
      "response_time_ms": 1502
    },
    {
      "image_path": "Dave-chappelle/Dave-chappelle_22.png",
      "label": "其他",
      "response_time": "00:00:00.401",
      "timestamp_unix": 1749727077,
      "timestamp_unix_ms": 1749727077296,
      "timestamp_readable": "2025-06-12 11:17:57.296",
      "normalized_name": "Dave-chappelle/Dave-chappelle",
      "meme_name": "Dave-chappelle",
      "post_id": 22,
      "english_label": "others",
      "response_time_ms": 401
    },
    {
      "image_path": "Mr-McMahon-reaction/Mr-McMahon-reaction_43.png",
      "label": "厭惡",
      "response_time": "00:00:00.402",
      "timestamp_unix": 1749727077,
      "timestamp_unix_ms": 1749727077821,
      "timestamp_readable": "2025-06-12 11:17:57.821",
      "normalized_name": "Mr-McMahon-reaction/Mr-McMahon-reaction",
      "meme_name": "Mr-McMahon-reaction",
      "post_id": 43,
      "english_label": "disgust",
      "response_time_ms": 402
    },
    {
      "image_path": "Always-you-three/Always-you-three_49.png",
      "label": "輕蔑",
      "response_time": "00:00:00.303",
      "timestamp_unix": 1749727078,
      "timestamp_unix_ms": 1749727078284,
      "timestamp_readable": "2025-06-12 11:17:58.284",
      "normalized_name": "Always-you-three/Always-you-three",
      "meme_name": "Always-you-three",
      "post_id": 49,
      "english_label": "contempt",
      "response_time_ms": 303
    },
    {
      "image_path": "Black-guy-hiding-behind-tree/Black-guy-hiding-behind-tree_50.png",
      "label": "其他",
      "response_time": "00:00:00.408",
      "timestamp_unix": 1749727078,
      "timestamp_unix_ms": 1749727078798,
      "timestamp_readable": "2025-06-12 11:17:58.798",
      "normalized_name": "Black-guy-hiding-behind-tree/Black-guy-hiding-behind-tree",
      "meme_name": "Black-guy-hiding-behind-tree",
      "post_id": 50,
      "english_label": "others",
      "response_time_ms": 408
    },
    {
      "image_path": "Chill-guy/Chill-guy_19.png",
      "label": "厭惡",
      "response_time": "00:00:00.411",
      "timestamp_unix": 1749727079,
      "timestamp_unix_ms": 1749727079280,
      "timestamp_readable": "2025-06-12 11:17:59.280",
      "normalized_name": "Chill-guy/Chill-guy",
      "meme_name": "Chill-guy",
      "post_id": 19,
      "english_label": "disgust",
      "response_time_ms": 411
    },
    {
      "image_path": "Math-ladyConfused-lady/Math-ladyConfused-lady_7.png",
      "label": "輕蔑",
      "response_time": "00:00:00.302",
      "timestamp_unix": 1749727079,
      "timestamp_unix_ms": 1749727079744,
      "timestamp_readable": "2025-06-12 11:17:59.744",
      "normalized_name": "Math-ladyConfused-lady/Math-ladyConfused-lady",
      "meme_name": "Math-ladyConfused-lady",
      "post_id": 7,
      "english_label": "contempt",
      "response_time_ms": 302
    },
    {
      "image_path": "For-the-better-right-blank/For-the-better-right-blank_42.png",
      "label": "輕蔑",
      "response_time": "00:00:00.508",
      "timestamp_unix": 1749727080,
      "timestamp_unix_ms": 1749727080368,
      "timestamp_readable": "2025-06-12 11:18:00.368",
      "normalized_name": "For-the-better-right-blank/For-the-better-right-blank",
      "meme_name": "For-the-better-right-blank",
      "post_id": 42,
      "english_label": "contempt",
      "response_time_ms": 508
    },
    {
      "image_path": "Persian-Cat-Room-Guardian/Persian-Cat-Room-Guardian_2.png",
      "label": "輕蔑",
      "response_time": "00:00:00.404",
      "timestamp_unix": 1749727080,
      "timestamp_unix_ms": 1749727080880,
      "timestamp_readable": "2025-06-12 11:18:00.880",
      "normalized_name": "Persian-Cat-Room-Guardian/Persian-Cat-Room-Guardian",
      "meme_name": "Persian-Cat-Room-Guardian",
      "post_id": 2,
      "english_label": "contempt",
      "response_time_ms": 404
    },
    {
      "image_path": "Nuclear-Explosion/Nuclear-Explosion_23.png",
      "label": "輕蔑",
      "response_time": "00:00:00.302",
      "timestamp_unix": 1749727081,
      "timestamp_unix_ms": 1749727081280,
      "timestamp_readable": "2025-06-12 11:18:01.280",
      "normalized_name": "Nuclear-Explosion/Nuclear-Explosion",
      "meme_name": "Nuclear-Explosion",
      "post_id": 23,
      "english_label": "contempt",
      "response_time_ms": 302
    },
    {
      "image_path": "Always-Has-Been/Always-Has-Been_1.png",
      "label": "輕蔑",
      "response_time": "00:00:00.300",
      "timestamp_unix": 1749727081,
      "timestamp_unix_ms": 1749727081693,
      "timestamp_readable": "2025-06-12 11:18:01.693",
      "normalized_name": "Always-Has-Been/Always-Has-Been",
      "meme_name": "Always-Has-Been",
      "post_id": 1,
      "english_label": "contempt",
      "response_time_ms": 300
    },
    {
      "image_path": "Charlie-Day/Charlie-Day_33.png",
      "label": "輕蔑",
      "response_time": "00:00:00.203",
      "timestamp_unix": 1749727082,
      "timestamp_unix_ms": 1749727082054,
      "timestamp_readable": "2025-06-12 11:18:02.054",
      "normalized_name": "Charlie-Day/Charlie-Day",
      "meme_name": "Charlie-Day",
      "post_id": 33,
      "english_label": "contempt",
      "response_time_ms": 203
    },
    {
      "image_path": "Archer/Archer_27.png",
      "label": "其他",
      "response_time": "00:00:01.506",
      "timestamp_unix": 1749727083,
      "timestamp_unix_ms": 1749727083628,
      "timestamp_readable": "2025-06-12 11:18:03.628",
      "normalized_name": "Archer/Archer",
      "meme_name": "Archer",
      "post_id": 27,
      "english_label": "others",
      "response_time_ms": 1506
    },
    {
      "image_path": "Hide-the-Pain-Harold/Hide-the-Pain-Harold_45.png",
      "label": "憤怒",
      "response_time": "00:00:00.412",
      "timestamp_unix": 1749727084,
      "timestamp_unix_ms": 1749727084174,
      "timestamp_readable": "2025-06-12 11:18:04.174",
      "normalized_name": "Hide-the-Pain-Harold/Hide-the-Pain-Harold",
      "meme_name": "Hide-the-Pain-Harold",
      "post_id": 45,
      "english_label": "anger",
      "response_time_ms": 412
    },
    {
      "image_path": "Monkey-Puppet/Monkey-Puppet_38.png",
      "label": "厭惡",
      "response_time": "00:00:00.402",
      "timestamp_unix": 1749727084,
      "timestamp_unix_ms": 1749727084674,
      "timestamp_readable": "2025-06-12 11:18:04.674",
      "normalized_name": "Monkey-Puppet/Monkey-Puppet",
      "meme_name": "Monkey-Puppet",
      "post_id": 38,
      "english_label": "disgust",
      "response_time_ms": 402
    },
    {
      "image_path": "Mr-incredible-mad/Mr-incredible-mad_18.png",
      "label": "輕蔑",
      "response_time": "00:00:00.301",
      "timestamp_unix": 1749727085,
      "timestamp_unix_ms": 1749727085120,
      "timestamp_readable": "2025-06-12 11:18:05.120",
      "normalized_name": "Mr-incredible-mad/Mr-incredible-mad",
      "meme_name": "Mr-incredible-mad",
      "post_id": 18,
      "english_label": "contempt",
      "response_time_ms": 301
    },
    {
      "image_path": "Kevin-Hart/Kevin-Hart_11.png",
      "label": "輕蔑",
      "response_time": "00:00:00.710",
      "timestamp_unix": 1749727085,
      "timestamp_unix_ms": 1749727085968,
      "timestamp_readable": "2025-06-12 11:18:05.968",
      "normalized_name": "Kevin-Hart/Kevin-Hart",
      "meme_name": "Kevin-Hart",
      "post_id": 11,
      "english_label": "contempt",
      "response_time_ms": 710
    },
    {
      "image_path": "Scooby-doo-mask-reveal/Scooby-doo-mask-reveal_44.png",
      "label": "輕蔑",
      "response_time": "00:00:00.402",
      "timestamp_unix": 1749727086,
      "timestamp_unix_ms": 1749727086479,
      "timestamp_readable": "2025-06-12 11:18:06.479",
      "normalized_name": "Scooby-doo-mask-reveal/Scooby-doo-mask-reveal",
      "meme_name": "Scooby-doo-mask-reveal",
      "post_id": 44,
      "english_label": "contempt",
      "response_time_ms": 402
    },
    {
      "image_path": "Batman-Slapping-Robin/Batman-Slapping-Robin_16.png",
      "label": "輕蔑",
      "response_time": "00:00:00.314",
      "timestamp_unix": 1749727086,
      "timestamp_unix_ms": 1749727086838,
      "timestamp_readable": "2025-06-12 11:18:06.838",
      "normalized_name": "Batman-Slapping-Robin/Batman-Slapping-Robin",
      "meme_name": "Batman-Slapping-Robin",
      "post_id": 16,
      "english_label": "contempt",
      "response_time_ms": 314
    },
    {
      "image_path": "Ill-Have-You-Know-Spongebob/Ill-Have-You-Know-Spongebob_8.png",
      "label": "輕蔑",
      "response_time": "00:00:00.304",
      "timestamp_unix": 1749727087,
      "timestamp_unix_ms": 1749727087221,
      "timestamp_readable": "2025-06-12 11:18:07.221",
      "normalized_name": "Ill-Have-You-Know-Spongebob/Ill-Have-You-Know-Spongebob",
      "meme_name": "Ill-Have-You-Know-Spongebob",
      "post_id": 8,
      "english_label": "contempt",
      "response_time_ms": 304
    },
    {
      "image_path": "Moe-throws-Barney/Moe-throws-Barney_48.png",
      "label": "厭惡",
      "response_time": "00:00:00.206",
      "timestamp_unix": 1749727087,
      "timestamp_unix_ms": 1749727087538,
      "timestamp_readable": "2025-06-12 11:18:07.538",
      "normalized_name": "Moe-throws-Barney/Moe-throws-Barney",
      "meme_name": "Moe-throws-Barney",
      "post_id": 48,
      "english_label": "disgust",
      "response_time_ms": 206
    },
    {
      "image_path": "Spongebob-Yelling/Spongebob-Yelling_13.png",
      "label": "其他",
      "response_time": "00:00:00.301",
      "timestamp_unix": 1749727087,
      "timestamp_unix_ms": 1749727087897,
      "timestamp_readable": "2025-06-12 11:18:07.897",
      "normalized_name": "Spongebob-Yelling/Spongebob-Yelling",
      "meme_name": "Spongebob-Yelling",
      "post_id": 13,
      "english_label": "others",
      "response_time_ms": 301
    },
    {
      "image_path": "Angry-Baby/Angry-Baby_37.png",
      "label": "其他",
      "response_time": "00:00:00.303",
      "timestamp_unix": 1749727088,
      "timestamp_unix_ms": 1749727088269,
      "timestamp_readable": "2025-06-12 11:18:08.269",
      "normalized_name": "Angry-Baby/Angry-Baby",
      "meme_name": "Angry-Baby",
      "post_id": 37,
      "english_label": "others",
      "response_time_ms": 303
    },
    {
      "image_path": "Khan/Khan_34.png",
      "label": "其他",
      "response_time": "00:00:00.304",
      "timestamp_unix": 1749727088,
      "timestamp_unix_ms": 1749727088628,
      "timestamp_readable": "2025-06-12 11:18:08.628",
      "normalized_name": "Khan/Khan",
      "meme_name": "Khan",
      "post_id": 34,
      "english_label": "others",
      "response_time_ms": 304
    },
    {
      "image_path": "You-The-Real-MVP/You-The-Real-MVP_15.png",
      "label": "輕蔑",
      "response_time": "00:00:00.602",
      "timestamp_unix": 1749727089,
      "timestamp_unix_ms": 1749727089340,
      "timestamp_readable": "2025-06-12 11:18:09.340",
      "normalized_name": "You-The-Real-MVP/You-The-Real-MVP",
      "meme_name": "You-The-Real-MVP",
      "post_id": 15,
      "english_label": "contempt",
      "response_time_ms": 602
    },
    {
      "image_path": "attention_check/attention_check_Others.png",
      "label": "輕蔑",
      "response_time": "00:00:00.306",
      "timestamp_unix": 1749727089,
      "timestamp_unix_ms": 1749727089741,
      "timestamp_readable": "2025-06-12 11:18:09.741",
      "normalized_name": "attention_check/attention_check_Others.png",
      "meme_name": "attention_check",
      "post_id": null,
      "english_label": "contempt",
      "response_time_ms": 306
    },
    {
      "image_path": "Im-The-Captain-Now/Im-The-Captain-Now_39.png",
      "label": "厭惡",
      "response_time": "00:00:00.712",
      "timestamp_unix": 1749727090,
      "timestamp_unix_ms": 1749727090579,
      "timestamp_readable": "2025-06-12 11:18:10.579",
      "normalized_name": "Im-The-Captain-Now/Im-The-Captain-Now",
      "meme_name": "Im-The-Captain-Now",
      "post_id": 39,
      "english_label": "disgust",
      "response_time_ms": 712
    },
    {
      "image_path": "Afraid-To-Ask-Andy/Afraid-To-Ask-Andy_17.png",
      "label": "輕蔑",
      "response_time": "00:00:00.301",
      "timestamp_unix": 1749727090,
      "timestamp_unix_ms": 1749727090960,
      "timestamp_readable": "2025-06-12 11:18:10.960",
      "normalized_name": "Afraid-To-Ask-Andy/Afraid-To-Ask-Andy",
      "meme_name": "Afraid-To-Ask-Andy",
      "post_id": 17,
      "english_label": "contempt",
      "response_time_ms": 301
    },
    {
      "image_path": "Happy--Shock/Happy--Shock_29.png",
      "label": "其他",
      "response_time": "00:00:00.901",
      "timestamp_unix": 1749727091,
      "timestamp_unix_ms": 1749727091973,
      "timestamp_readable": "2025-06-12 11:18:11.973",
      "normalized_name": "Happy--Shock/Happy--Shock",
      "meme_name": "Happy--Shock",
      "post_id": 29,
      "english_label": "others",
      "response_time_ms": 901
    },
    {
      "image_path": "Leonardo-Dicaprio-Wolf-Of-Wall-Street/Leonardo-Dicaprio-Wolf-Of-Wall-Street_3.png",
      "label": "輕蔑",
      "response_time": "00:00:00.510",
      "timestamp_unix": 1749727092,
      "timestamp_unix_ms": 1749727092603,
      "timestamp_readable": "2025-06-12 11:18:12.603",
      "normalized_name": "Leonardo-Dicaprio-Wolf-Of-Wall-Street/Leonardo-Dicaprio-Wolf-Of-Wall-Street",
      "meme_name": "Leonardo-Dicaprio-Wolf-Of-Wall-Street",
      "post_id": 3,
      "english_label": "contempt",
      "response_time_ms": 510
    },
    {
      "image_path": "Disaster-Girl/Disaster-Girl_47.png",
      "label": "輕蔑",
      "response_time": "00:00:00.209",
      "timestamp_unix": 1749727092,
      "timestamp_unix_ms": 1749727092950,
      "timestamp_readable": "2025-06-12 11:18:12.950",
      "normalized_name": "Disaster-Girl/Disaster-Girl",
      "meme_name": "Disaster-Girl",
      "post_id": 47,
      "english_label": "contempt",
      "response_time_ms": 209
    },
    {
      "image_path": "Obi-Wan-Kenobi/Obi-Wan-Kenobi_26.png",
      "label": "輕蔑",
      "response_time": "00:00:00.700",
      "timestamp_unix": 1749727093,
      "timestamp_unix_ms": 1749727093712,
      "timestamp_readable": "2025-06-12 11:18:13.712",
      "normalized_name": "Obi-Wan-Kenobi/Obi-Wan-Kenobi",
      "meme_name": "Obi-Wan-Kenobi",
      "post_id": 26,
      "english_label": "contempt",
      "response_time_ms": 700
    },
    {
      "image_path": "Drake-NoYes/Drake-NoYes_30.png",
      "label": "憤怒",
      "response_time": "00:00:00.305",
      "timestamp_unix": 1749727094,
      "timestamp_unix_ms": 1749727094167,
      "timestamp_readable": "2025-06-12 11:18:14.167",
      "normalized_name": "Drake-NoYes/Drake-NoYes",
      "meme_name": "Drake-NoYes",
      "post_id": 30,
      "english_label": "anger",
      "response_time_ms": 305
    },
    {
      "image_path": "Table-Flip-Guy/Table-Flip-Guy_36.png",
      "label": "輕蔑",
      "response_time": "00:00:00.301",
      "timestamp_unix": 1749727094,
      "timestamp_unix_ms": 1749727094563,
      "timestamp_readable": "2025-06-12 11:18:14.563",
      "normalized_name": "Table-Flip-Guy/Table-Flip-Guy",
      "meme_name": "Table-Flip-Guy",
      "post_id": 36,
      "english_label": "contempt",
      "response_time_ms": 301
    },
    {
      "image_path": "Put-It-Somewhere-Else-Patrick/Put-It-Somewhere-Else-Patrick_14.png",
      "label": "輕蔑",
      "response_time": "00:00:00.813",
      "timestamp_unix": 1749727095,
      "timestamp_unix_ms": 1749727095474,
      "timestamp_readable": "2025-06-12 11:18:15.474",
      "normalized_name": "Put-It-Somewhere-Else-Patrick/Put-It-Somewhere-Else-Patrick",
      "meme_name": "Put-It-Somewhere-Else-Patrick",
      "post_id": 14,
      "english_label": "contempt",
      "response_time_ms": 813
    },
    {
      "image_path": "Hold-fart/Hold-fart_4.png",
      "label": "輕蔑",
      "response_time": "00:00:00.305",
      "timestamp_unix": 1749727095,
      "timestamp_unix_ms": 1749727095918,
      "timestamp_readable": "2025-06-12 11:18:15.918",
      "normalized_name": "Hold-fart/Hold-fart",
      "meme_name": "Hold-fart",
      "post_id": 4,
      "english_label": "contempt",
      "response_time_ms": 305
    },
    {
      "image_path": "Futurama-Fry/Futurama-Fry_32.png",
      "label": "輕蔑",
      "response_time": "00:00:00.709",
      "timestamp_unix": 1749727096,
      "timestamp_unix_ms": 1749727096786,
      "timestamp_readable": "2025-06-12 11:18:16.786",
      "normalized_name": "Futurama-Fry/Futurama-Fry",
      "meme_name": "Futurama-Fry",
      "post_id": 32,
      "english_label": "contempt",
      "response_time_ms": 709
    },
    {
      "image_path": "Disappointed-Man/Disappointed-Man_35.png",
      "label": "輕蔑",
      "response_time": "00:00:00.309",
      "timestamp_unix": 1749727097,
      "timestamp_unix_ms": 1749727097144,
      "timestamp_readable": "2025-06-12 11:18:17.144",
      "normalized_name": "Disappointed-Man/Disappointed-Man",
      "meme_name": "Disappointed-Man",
      "post_id": 35,
      "english_label": "contempt",
      "response_time_ms": 309
    },
    {
      "image_path": "Picard-Wtf/Picard-Wtf_20.png",
      "label": "輕蔑",
      "response_time": "00:00:00.614",
      "timestamp_unix": 1749727097,
      "timestamp_unix_ms": 1749727097857,
      "timestamp_readable": "2025-06-12 11:18:17.857",
      "normalized_name": "Picard-Wtf/Picard-Wtf",
      "meme_name": "Picard-Wtf",
      "post_id": 20,
      "english_label": "contempt",
      "response_time_ms": 614
    },
    {
      "image_path": "Spiderman-Hospital/Spiderman-Hospital_40.png",
      "label": "輕蔑",
      "response_time": "00:00:00.311",
      "timestamp_unix": 1749727098,
      "timestamp_unix_ms": 1749727098213,
      "timestamp_readable": "2025-06-12 11:18:18.213",
      "normalized_name": "Spiderman-Hospital/Spiderman-Hospital",
      "meme_name": "Spiderman-Hospital",
      "post_id": 40,
      "english_label": "contempt",
      "response_time_ms": 311
    },
    {
      "image_path": "Dinkleberg/Dinkleberg_6.png",
      "label": "輕蔑",
      "response_time": "00:00:00.606",
      "timestamp_unix": 1749727098,
      "timestamp_unix_ms": 1749727098915,
      "timestamp_readable": "2025-06-12 11:18:18.915",
      "normalized_name": "Dinkleberg/Dinkleberg",
      "meme_name": "Dinkleberg",
      "post_id": 6,
      "english_label": "contempt",
      "response_time_ms": 606
    },
    {
      "image_path": "Well-Yes-But-Actually-No/Well-Yes-But-Actually-No_10.png",
      "label": "憤怒",
      "response_time": "00:00:00.605",
      "timestamp_unix": 1749727099,
      "timestamp_unix_ms": 1749727099661,
      "timestamp_readable": "2025-06-12 11:18:19.661",
      "normalized_name": "Well-Yes-But-Actually-No/Well-Yes-But-Actually-No",
      "meme_name": "Well-Yes-But-Actually-No",
      "post_id": 10,
      "english_label": "anger",
      "response_time_ms": 605
    },
    {
      "image_path": "Mocking-Spongebob/Mocking-Spongebob_28.png",
      "label": "輕蔑",
      "response_time": "00:00:00.303",
      "timestamp_unix": 1749727100,
      "timestamp_unix_ms": 1749727100029,
      "timestamp_readable": "2025-06-12 11:18:20.029",
      "normalized_name": "Mocking-Spongebob/Mocking-Spongebob",
      "meme_name": "Mocking-Spongebob",
      "post_id": 28,
      "english_label": "contempt",
      "response_time_ms": 303
    },
    {
      "image_path": "Surprised-Pikachu/Surprised-Pikachu_25.png",
      "label": "輕蔑",
      "response_time": "00:00:00.705",
      "timestamp_unix": 1749727100,
      "timestamp_unix_ms": 1749727100855,
      "timestamp_readable": "2025-06-12 11:18:20.855",
      "normalized_name": "Surprised-Pikachu/Surprised-Pikachu",
      "meme_name": "Surprised-Pikachu",
      "post_id": 25,
      "english_label": "contempt",
      "response_time_ms": 705
    },
    {
      "image_path": "Confused-Gandalf/Confused-Gandalf_9.png",
      "label": "輕蔑",
      "response_time": "00:00:00.304",
      "timestamp_unix": 1749727101,
      "timestamp_unix_ms": 1749727101221,
      "timestamp_readable": "2025-06-12 11:18:21.221",
      "normalized_name": "Confused-Gandalf/Confused-Gandalf",
      "meme_name": "Confused-Gandalf",
      "post_id": 9,
      "english_label": "contempt",
      "response_time_ms": 304
    },
    {
      "image_path": "DJ-Pauly-D/DJ-Pauly-D_5.png",
      "label": "厭惡",
      "response_time": "00:00:00.309",
      "timestamp_unix": 1749727101,
      "timestamp_unix_ms": 1749727101622,
      "timestamp_readable": "2025-06-12 11:18:21.622",
      "normalized_name": "DJ-Pauly-D/DJ-Pauly-D",
      "meme_name": "DJ-Pauly-D",
      "post_id": 5,
      "english_label": "disgust",
      "response_time_ms": 309
    },
    {
      "image_path": "I-am-once-again-asking/I-am-once-again-asking_41.png",
      "label": "輕蔑",
      "response_time": "00:00:00.304",
      "timestamp_unix": 1749727101,
      "timestamp_unix_ms": 1749727101985,
      "timestamp_readable": "2025-06-12 11:18:21.985",
      "normalized_name": "I-am-once-again-asking/I-am-once-again-asking",
      "meme_name": "I-am-once-again-asking",
      "post_id": 41,
      "english_label": "contempt",
      "response_time_ms": 304
    },
    {
      "image_path": "Laughing-wolf/Laughing-wolf_31.png",
      "label": "輕蔑",
      "response_time": "00:00:00.311",
      "timestamp_unix": 1749727102,
      "timestamp_unix_ms": 1749727102335,
      "timestamp_readable": "2025-06-12 11:18:22.335",
      "normalized_name": "Laughing-wolf/Laughing-wolf",
      "meme_name": "Laughing-wolf",
      "post_id": 31,
      "english_label": "contempt",
      "response_time_ms": 311
    },
    {
      "image_path": "Arthur-Fist/Arthur-Fist_12.png",
      "label": "厭惡",
      "response_time": "00:00:00.609",
      "timestamp_unix": 1749727103,
      "timestamp_unix_ms": 1749727103049,
      "timestamp_readable": "2025-06-12 11:18:23.049",
      "normalized_name": "Arthur-Fist/Arthur-Fist",
      "meme_name": "Arthur-Fist",
      "post_id": 12,
      "english_label": "disgust",
      "response_time_ms": 609
    },
    {
      "image_path": "Smudge-the-cat/Smudge-the-cat_46.png",
      "label": "輕蔑",
      "response_time": "00:00:00.312",
      "timestamp_unix": 1749727103,
      "timestamp_unix_ms": 1749727103461,
      "timestamp_readable": "2025-06-12 11:18:23.461",
      "normalized_name": "Smudge-the-cat/Smudge-the-cat",
      "meme_name": "Smudge-the-cat",
      "post_id": 46,
      "english_label": "contempt",
      "response_time_ms": 312
    },
    {
      "image_path": "attention_check/attention_check_Disgust.png",
      "label": "輕蔑",
      "response_time": "00:00:00.207",
      "timestamp_unix": 1749727103,
      "timestamp_unix_ms": 1749727103776,
      "timestamp_readable": "2025-06-12 11:18:23.776",
      "normalized_name": "attention_check/attention_check_Disgust.png",
      "meme_name": "attention_check",
      "post_id": null,
      "english_label": "contempt",
      "response_time_ms": 207
    },
    {
      "image_path": "Thats-a-paddlin/Thats-a-paddlin_24.png",
      "label": "輕蔑",
      "response_time": "00:00:00.309",
      "timestamp_unix": 1749727104,
      "timestamp_unix_ms": 1749727104163,
      "timestamp_readable": "2025-06-12 11:18:24.163",
      "normalized_name": "Thats-a-paddlin/Thats-a-paddlin",
      "meme_name": "Thats-a-paddlin",
      "post_id": 24,
      "english_label": "contempt",
      "response_time_ms": 309
    }
  ],
  "session_start_unix": 1749727069,
  "session_status": "completed",
  "last_updated_unix": 1749727111,
  "image_order": [
    "Spiderman-Hospital/Spiderman-Hospital_40.png",
    "Happy--Shock/Happy--Shock_29.png",
    "Chill-guy/Chill-guy_19.png",
    "I-am-once-again-asking/I-am-once-again-asking_41.png",
    "Math-ladyConfused-lady/Math-ladyConfused-lady_7.png",
    "Archer/Archer_27.png",
    "Leonardo-Dicaprio-Wolf-Of-Wall-Street/Leonardo-Dicaprio-Wolf-Of-Wall-Street_3.png",
    "Mocking-Spongebob/Mocking-Spongebob_28.png",
    "Afraid-To-Ask-Andy/Afraid-To-Ask-Andy_17.png",
    "Charlie-Day/Charlie-Day_33.png",
    "Always-Has-Been/Always-Has-Been_1.png",
    "Picard-Wtf/Picard-Wtf_20.png",
    "Batman-Slapping-Robin/Batman-Slapping-Robin_16.png",
    "For-the-better-right-blank/For-the-better-right-blank_42.png",
    "Drake-NoYes/Drake-NoYes_30.png",
    "Laughing-wolf/Laughing-wolf_31.png",
    "DJ-Pauly-D/DJ-Pauly-D_5.png",
    "Always-you-three/Always-you-three_49.png",
    "Disappointed-Man/Disappointed-Man_35.png",
    "Smudge-the-cat/Smudge-the-cat_46.png",
    "Thats-a-paddlin/Thats-a-paddlin_24.png",
    "Hide-the-Pain-Harold/Hide-the-Pain-Harold_45.png",
    "Hold-fart/Hold-fart_4.png",
    "Im-The-Captain-Now/Im-The-Captain-Now_39.png",
    "Obi-Wan-Kenobi/Obi-Wan-Kenobi_26.png",
    "attention_check/attention_check_Others.png",
    "Spongebob-Yelling/Spongebob-Yelling_13.png",
    "Nuclear-Explosion/Nuclear-Explosion_23.png",
    "Dinkleberg/Dinkleberg_6.png",
    "Scooby-doo-mask-reveal/Scooby-doo-mask-reveal_44.png",
    "Disaster-Girl/Disaster-Girl_47.png",
    "Black-guy-hiding-behind-tree/Black-guy-hiding-behind-tree_50.png",
    "You-The-Real-MVP/You-The-Real-MVP_15.png",
    "Moe-throws-Barney/Moe-throws-Barney_48.png",
    "Ill-Have-You-Know-Spongebob/Ill-Have-You-Know-Spongebob_8.png",
    "Futurama-Fry/Futurama-Fry_32.png",
    "Monkey-Puppet/Monkey-Puppet_38.png",
    "Confused-Gandalf/Confused-Gandalf_9.png",
    "Mr-incredible-mad/Mr-incredible-mad_18.png",
    "Dave-chappelle/Dave-chappelle_22.png",
    "Surprised-Pikachu/Surprised-Pikachu_25.png",
    "Table-Flip-Guy/Table-Flip-Guy_36.png",
    "Kevin-Hart/Kevin-Hart_11.png",
    "Well-Yes-But-Actually-No/Well-Yes-But-Actually-No_10.png",
    "Mr-McMahon-reaction/Mr-McMahon-reaction_43.png",
    "Gru-Gun/Gru-Gun_21.png",
    "Persian-Cat-Room-Guardian/Persian-Cat-Room-Guardian_2.png",
    "Put-It-Somewhere-Else-Patrick/Put-It-Somewhere-Else-Patrick_14.png",
    "Angry-Baby/Angry-Baby_37.png",
    "Arthur-Fist/Arthur-Fist_12.png",
    "attention_check/attention_check_Disgust.png",
    "Khan/Khan_34.png"
  ],
  "completion_status": {
    "practice_completed": true,
    "game_started": true,
    "game_completed": true,
    "summary_viewed": true,
    "email_submitted": true
  },
  "timestamps_unix": {
    "registration_completed": 1749727069,
    "practice_started": 1749727069,
    "practice_completed": 1749727075,
    "game_started": 1749727075,
    "first_label": 1749727076,
    "last_label": 1749727104,
    "game_completed": 1749727105,
    "summary_viewed": 1749727105,
    "email_submitted": 1749727111,
    "session_end": 1749727111,
    "last_updated": 1749727111
  },
  "timestamps_unix_ms": {
    "registration_completed_ms": 1749727069342,
    "practice_started_ms": 1749727069385,
    "practice_completed_ms": 1749727075122,
    "game_started_ms": 1749727075133,
    "first_label_ms": 1749727076832,
    "last_label_ms": 1749727104163,
    "game_completed_ms": 1749727105854,
    "summary_viewed_ms": 1749727105866,
    "email_submitted_ms": 1749727111688,
    "session_end_ms": 1749727111688,
    "last_updated_ms": 1749727111688
  },
  "duration_stats_ms": {
    "total_session_duration_ms": 42346,
    "practice_duration_ms": 5737,
    "game_duration_ms": 30721,
    "labeling_duration_ms": 27331,
    "email_submission_duration_ms": 5822
  },
  "filename_updated_unix": 1749727105,
  "original_filename": "user_2e98c3",
  "completion_status_in_filename": "email_submitted"
}