{
  "user_id": "user_f16bd5",
  "file_name": "user_f16bd5_1751047373_1751047804_fullycomplete",
  "unix_start_time": 1751047373,
  "unix_start_time_ms": 1751047373287,
  "unix_end_time": 1751047804,
  "unix_end_time_ms": 1751047804501,
  "age": "18-24",
  "gender": "female",
  "user_agent": "Mozilla/5.0 (Windows NT 10.0; Win64; x64) AppleWebKit/537.36 (KHTML, like Gecko) Chrome/137.0.0.0 Safari/537.36",
  "user_ip": "1.173.33.64",
  "status": "complete",
  "email_provided": "complete",
  "attention_passed": true,
  "start_time_readable": "2025-06-27 18:02:53.287",
  "end_time_readable": "2025-06-27 18:10:04.501",
  "total_labels": 52,
  "emotion_summary": {
    "anger": 16,
    "contempt": 12,
    "disgust": 5,
    "others": 19
  },
  "email": "wangps1221@gmail.com",
  "participation": "yes",
  "total_responses": 52,
  "responses": [
    {
      "image_path": "Math-ladyConfused-lady/Math-ladyConfused-lady_31.png",
      "label": "輕蔑",
      "response_time": "00:00:12.410",
      "timestamp_unix": 1751047457,
      "timestamp_unix_ms": 1751047457135,
      "timestamp_readable": "2025-06-27 18:04:17.135",
      "normalized_name": "Math-ladyConfused-lady/Math-ladyConfused-lady",
      "meme_name": "Math-ladyConfused-lady",
      "post_id": 31,
      "english_label": "contempt",
      "response_time_ms": 12410
    },
    {
      "image_path": "Black-guy-hiding-behind-tree/Black-guy-hiding-behind-tree_15.png",
      "label": "其他",
      "response_time": "00:00:13.704",
      "timestamp_unix": 1751047470,
      "timestamp_unix_ms": 1751047470952,
      "timestamp_readable": "2025-06-27 18:04:30.952",
      "normalized_name": "Black-guy-hiding-behind-tree/Black-guy-hiding-behind-tree",
      "meme_name": "Black-guy-hiding-behind-tree",
      "post_id": 15,
      "english_label": "others",
      "response_time_ms": 13704
    },
    {
      "image_path": "Kevin-Hart/Kevin-Hart_9.png",
      "label": "其他",
      "response_time": "00:00:17.701",
      "timestamp_unix": 1751047488,
      "timestamp_unix_ms": 1751047488732,
      "timestamp_readable": "2025-06-27 18:04:48.732",
      "normalized_name": "Kevin-Hart/Kevin-Hart",
      "meme_name": "Kevin-Hart",
      "post_id": 9,
      "english_label": "others",
      "response_time_ms": 17701
    },
    {
      "image_path": "Khan/Khan_8.png",
      "label": "憤怒",
      "response_time": "00:00:08.207",
      "timestamp_unix": 1751047497,
      "timestamp_unix_ms": 1751047497047,
      "timestamp_readable": "2025-06-27 18:04:57.047",
      "normalized_name": "Khan/Khan",
      "meme_name": "Khan",
      "post_id": 8,
      "english_label": "anger",
      "response_time_ms": 8207
    },
    {
      "image_path": "Obi-Wan-Kenobi/Obi-Wan-Kenobi_48.png",
      "label": "其他",
      "response_time": "00:00:06.811",
      "timestamp_unix": 1751047503,
      "timestamp_unix_ms": 1751047503914,
      "timestamp_readable": "2025-06-27 18:05:03.914",
      "normalized_name": "Obi-Wan-Kenobi/Obi-Wan-Kenobi",
      "meme_name": "Obi-Wan-Kenobi",
      "post_id": 48,
      "english_label": "others",
      "response_time_ms": 6811
    },
    {
      "image_path": "Angry-Baby/Angry-Baby_7.png",
      "label": "憤怒",
      "response_time": "00:00:06.605",
      "timestamp_unix": 1751047510,
      "timestamp_unix_ms": 1751047510564,
      "timestamp_readable": "2025-06-27 18:05:10.564",
      "normalized_name": "Angry-Baby/Angry-Baby",
      "meme_name": "Angry-Baby",
      "post_id": 7,
      "english_label": "anger",
      "response_time_ms": 6605
    },
    {
      "image_path": "Moe-throws-Barney/Moe-throws-Barney_35.png",
      "label": "憤怒",
      "response_time": "00:00:08.710",
      "timestamp_unix": 1751047519,
      "timestamp_unix_ms": 1751047519363,
      "timestamp_readable": "2025-06-27 18:05:19.363",
      "normalized_name": "Moe-throws-Barney/Moe-throws-Barney",
      "meme_name": "Moe-throws-Barney",
      "post_id": 35,
      "english_label": "anger",
      "response_time_ms": 8710
    },
    {
      "image_path": "Dinkleberg/Dinkleberg_50.png",
      "label": "憤怒",
      "response_time": "00:00:09.306",
      "timestamp_unix": 1751047528,
      "timestamp_unix_ms": 1751047528759,
      "timestamp_readable": "2025-06-27 18:05:28.759",
      "normalized_name": "Dinkleberg/Dinkleberg",
      "meme_name": "Dinkleberg",
      "post_id": 50,
      "english_label": "anger",
      "response_time_ms": 9306
    },
    {
      "image_path": "Archer/Archer_43.png",
      "label": "輕蔑",
      "response_time": "00:00:06.008",
      "timestamp_unix": 1751047534,
      "timestamp_unix_ms": 1751047534909,
      "timestamp_readable": "2025-06-27 18:05:34.909",
      "normalized_name": "Archer/Archer",
      "meme_name": "Archer",
      "post_id": 43,
      "english_label": "contempt",
      "response_time_ms": 6008
    },
    {
      "image_path": "Mocking-Spongebob/Mocking-Spongebob_45.png",
      "label": "其他",
      "response_time": "00:00:06.308",
      "timestamp_unix": 1751047541,
      "timestamp_unix_ms": 1751047541308,
      "timestamp_readable": "2025-06-27 18:05:41.308",
      "normalized_name": "Mocking-Spongebob/Mocking-Spongebob",
      "meme_name": "Mocking-Spongebob",
      "post_id": 45,
      "english_label": "others",
      "response_time_ms": 6308
    },
    {
      "image_path": "Picard-Wtf/Picard-Wtf_3.png",
      "label": "厭惡",
      "response_time": "00:00:06.005",
      "timestamp_unix": 1751047547,
      "timestamp_unix_ms": 1751047547440,
      "timestamp_readable": "2025-06-27 18:05:47.440",
      "normalized_name": "Picard-Wtf/Picard-Wtf",
      "meme_name": "Picard-Wtf",
      "post_id": 3,
      "english_label": "disgust",
      "response_time_ms": 6005
    },
    {
      "image_path": "Confused-Gandalf/Confused-Gandalf_29.png",
      "label": "輕蔑",
      "response_time": "00:00:05.011",
      "timestamp_unix": 1751047552,
      "timestamp_unix_ms": 1751047552555,
      "timestamp_readable": "2025-06-27 18:05:52.555",
      "normalized_name": "Confused-Gandalf/Confused-Gandalf",
      "meme_name": "Confused-Gandalf",
      "post_id": 29,
      "english_label": "contempt",
      "response_time_ms": 5011
    },
    {
      "image_path": "Happy--Shock/Happy--Shock_2.png",
      "label": "輕蔑",
      "response_time": "00:00:06.703",
      "timestamp_unix": 1751047559,
      "timestamp_unix_ms": 1751047559370,
      "timestamp_readable": "2025-06-27 18:05:59.370",
      "normalized_name": "Happy--Shock/Happy--Shock",
      "meme_name": "Happy--Shock",
      "post_id": 2,
      "english_label": "contempt",
      "response_time_ms": 6703
    },
    {
      "image_path": "Ill-Have-You-Know-Spongebob/Ill-Have-You-Know-Spongebob_24.png",
      "label": "厭惡",
      "response_time": "00:00:07.200",
      "timestamp_unix": 1751047566,
      "timestamp_unix_ms": 1751047566704,
      "timestamp_readable": "2025-06-27 18:06:06.704",
      "normalized_name": "Ill-Have-You-Know-Spongebob/Ill-Have-You-Know-Spongebob",
      "meme_name": "Ill-Have-You-Know-Spongebob",
      "post_id": 24,
      "english_label": "disgust",
      "response_time_ms": 7200
    },
    {
      "image_path": "Well-Yes-But-Actually-No/Well-Yes-But-Actually-No_21.png",
      "label": "其他",
      "response_time": "00:00:06.010",
      "timestamp_unix": 1751047572,
      "timestamp_unix_ms": 1751047572819,
      "timestamp_readable": "2025-06-27 18:06:12.819",
      "normalized_name": "Well-Yes-But-Actually-No/Well-Yes-But-Actually-No",
      "meme_name": "Well-Yes-But-Actually-No",
      "post_id": 21,
      "english_label": "others",
      "response_time_ms": 6010
    },
    {
      "image_path": "Always-Has-Been/Always-Has-Been_6.png",
      "label": "憤怒",
      "response_time": "00:00:05.011",
      "timestamp_unix": 1751047577,
      "timestamp_unix_ms": 1751047577920,
      "timestamp_readable": "2025-06-27 18:06:17.920",
      "normalized_name": "Always-Has-Been/Always-Has-Been",
      "meme_name": "Always-Has-Been",
      "post_id": 6,
      "english_label": "anger",
      "response_time_ms": 5011
    },
    {
      "image_path": "Spiderman-Hospital/Spiderman-Hospital_19.png",
      "label": "其他",
      "response_time": "00:00:04.910",
      "timestamp_unix": 1751047582,
      "timestamp_unix_ms": 1751047582952,
      "timestamp_readable": "2025-06-27 18:06:22.952",
      "normalized_name": "Spiderman-Hospital/Spiderman-Hospital",
      "meme_name": "Spiderman-Hospital",
      "post_id": 19,
      "english_label": "others",
      "response_time_ms": 4910
    },
    {
      "image_path": "Monkey-Puppet/Monkey-Puppet_17.png",
      "label": "其他",
      "response_time": "00:00:04.513",
      "timestamp_unix": 1751047587,
      "timestamp_unix_ms": 1751047587500,
      "timestamp_readable": "2025-06-27 18:06:27.500",
      "normalized_name": "Monkey-Puppet/Monkey-Puppet",
      "meme_name": "Monkey-Puppet",
      "post_id": 17,
      "english_label": "others",
      "response_time_ms": 4513
    },
    {
      "image_path": "Drake-NoYes/Drake-NoYes_49.png",
      "label": "其他",
      "response_time": "00:00:05.510",
      "timestamp_unix": 1751047593,
      "timestamp_unix_ms": 1751047593118,
      "timestamp_readable": "2025-06-27 18:06:33.118",
      "normalized_name": "Drake-NoYes/Drake-NoYes",
      "meme_name": "Drake-NoYes",
      "post_id": 49,
      "english_label": "others",
      "response_time_ms": 5510
    },
    {
      "image_path": "Batman-Slapping-Robin/Batman-Slapping-Robin_10.png",
      "label": "厭惡",
      "response_time": "00:00:06.703",
      "timestamp_unix": 1751047599,
      "timestamp_unix_ms": 1751047599952,
      "timestamp_readable": "2025-06-27 18:06:39.952",
      "normalized_name": "Batman-Slapping-Robin/Batman-Slapping-Robin",
      "meme_name": "Batman-Slapping-Robin",
      "post_id": 10,
      "english_label": "disgust",
      "response_time_ms": 6703
    },
    {
      "image_path": "Spongebob-Yelling/Spongebob-Yelling_1.png",
      "label": "憤怒",
      "response_time": "00:00:03.808",
      "timestamp_unix": 1751047603,
      "timestamp_unix_ms": 1751047603831,
      "timestamp_readable": "2025-06-27 18:06:43.831",
      "normalized_name": "Spongebob-Yelling/Spongebob-Yelling",
      "meme_name": "Spongebob-Yelling",
      "post_id": 1,
      "english_label": "anger",
      "response_time_ms": 3808
    },
    {
      "image_path": "I-am-once-again-asking/I-am-once-again-asking_28.png",
      "label": "輕蔑",
      "response_time": "00:00:07.208",
      "timestamp_unix": 1751047611,
      "timestamp_unix_ms": 1751047611166,
      "timestamp_readable": "2025-06-27 18:06:51.166",
      "normalized_name": "I-am-once-again-asking/I-am-once-again-asking",
      "meme_name": "I-am-once-again-asking",
      "post_id": 28,
      "english_label": "contempt",
      "response_time_ms": 7208
    },
    {
      "image_path": "Put-It-Somewhere-Else-Patrick/Put-It-Somewhere-Else-Patrick_36.png",
      "label": "其他",
      "response_time": "00:00:06.310",
      "timestamp_unix": 1751047617,
      "timestamp_unix_ms": 1751047617615,
      "timestamp_readable": "2025-06-27 18:06:57.615",
      "normalized_name": "Put-It-Somewhere-Else-Patrick/Put-It-Somewhere-Else-Patrick",
      "meme_name": "Put-It-Somewhere-Else-Patrick",
      "post_id": 36,
      "english_label": "others",
      "response_time_ms": 6310
    },
    {
      "image_path": "attention_check/attention_check_Anger.png",
      "label": "憤怒",
      "response_time": "00:00:07.107",
      "timestamp_unix": 1751047624,
      "timestamp_unix_ms": 1751047624863,
      "timestamp_readable": "2025-06-27 18:07:04.863",
      "normalized_name": "attention_check/attention_check_Anger.png",
      "meme_name": "attention_check",
      "post_id": null,
      "english_label": "anger",
      "response_time_ms": 7107
    },
    {
      "image_path": "Hide-the-Pain-Harold/Hide-the-Pain-Harold_30.png",
      "label": "其他",
      "response_time": "00:00:07.108",
      "timestamp_unix": 1751047632,
      "timestamp_unix_ms": 1751047632080,
      "timestamp_readable": "2025-06-27 18:07:12.080",
      "normalized_name": "Hide-the-Pain-Harold/Hide-the-Pain-Harold",
      "meme_name": "Hide-the-Pain-Harold",
      "post_id": 30,
      "english_label": "others",
      "response_time_ms": 7108
    },
    {
      "image_path": "Afraid-To-Ask-Andy/Afraid-To-Ask-Andy_27.png",
      "label": "憤怒",
      "response_time": "00:00:05.205",
      "timestamp_unix": 1751047637,
      "timestamp_unix_ms": 1751047637346,
      "timestamp_readable": "2025-06-27 18:07:17.346",
      "normalized_name": "Afraid-To-Ask-Andy/Afraid-To-Ask-Andy",
      "meme_name": "Afraid-To-Ask-Andy",
      "post_id": 27,
      "english_label": "anger",
      "response_time_ms": 5205
    },
    {
      "image_path": "Mr-incredible-mad/Mr-incredible-mad_39.png",
      "label": "憤怒",
      "response_time": "00:00:03.406",
      "timestamp_unix": 1751047640,
      "timestamp_unix_ms": 1751047640878,
      "timestamp_readable": "2025-06-27 18:07:20.878",
      "normalized_name": "Mr-incredible-mad/Mr-incredible-mad",
      "meme_name": "Mr-incredible-mad",
      "post_id": 39,
      "english_label": "anger",
      "response_time_ms": 3406
    },
    {
      "image_path": "Im-The-Captain-Now/Im-The-Captain-Now_5.png",
      "label": "其他",
      "response_time": "00:00:05.507",
      "timestamp_unix": 1751047646,
      "timestamp_unix_ms": 1751047646429,
      "timestamp_readable": "2025-06-27 18:07:26.429",
      "normalized_name": "Im-The-Captain-Now/Im-The-Captain-Now",
      "meme_name": "Im-The-Captain-Now",
      "post_id": 5,
      "english_label": "others",
      "response_time_ms": 5507
    },
    {
      "image_path": "Scooby-doo-mask-reveal/Scooby-doo-mask-reveal_18.png",
      "label": "其他",
      "response_time": "00:00:04.409",
      "timestamp_unix": 1751047650,
      "timestamp_unix_ms": 1751047650911,
      "timestamp_readable": "2025-06-27 18:07:30.911",
      "normalized_name": "Scooby-doo-mask-reveal/Scooby-doo-mask-reveal",
      "meme_name": "Scooby-doo-mask-reveal",
      "post_id": 18,
      "english_label": "others",
      "response_time_ms": 4409
    },
    {
      "image_path": "Laughing-wolf/Laughing-wolf_20.png",
      "label": "厭惡",
      "response_time": "00:00:04.810",
      "timestamp_unix": 1751047655,
      "timestamp_unix_ms": 1751047655862,
      "timestamp_readable": "2025-06-27 18:07:35.862",
      "normalized_name": "Laughing-wolf/Laughing-wolf",
      "meme_name": "Laughing-wolf",
      "post_id": 20,
      "english_label": "disgust",
      "response_time_ms": 4810
    },
    {
      "image_path": "Disappointed-Man/Disappointed-Man_26.png",
      "label": "輕蔑",
      "response_time": "00:00:06.409",
      "timestamp_unix": 1751047662,
      "timestamp_unix_ms": 1751047662342,
      "timestamp_readable": "2025-06-27 18:07:42.342",
      "normalized_name": "Disappointed-Man/Disappointed-Man",
      "meme_name": "Disappointed-Man",
      "post_id": 26,
      "english_label": "contempt",
      "response_time_ms": 6409
    },
    {
      "image_path": "Table-Flip-Guy/Table-Flip-Guy_47.png",
      "label": "憤怒",
      "response_time": "00:00:03.705",
      "timestamp_unix": 1751047666,
      "timestamp_unix_ms": 1751047666192,
      "timestamp_readable": "2025-06-27 18:07:46.192",
      "normalized_name": "Table-Flip-Guy/Table-Flip-Guy",
      "meme_name": "Table-Flip-Guy",
      "post_id": 47,
      "english_label": "anger",
      "response_time_ms": 3705
    },
    {
      "image_path": "Gru-Gun/Gru-Gun_34.png",
      "label": "輕蔑",
      "response_time": "00:00:08.810",
      "timestamp_unix": 1751047675,
      "timestamp_unix_ms": 1751047675074,
      "timestamp_readable": "2025-06-27 18:07:55.074",
      "normalized_name": "Gru-Gun/Gru-Gun",
      "meme_name": "Gru-Gun",
      "post_id": 34,
      "english_label": "contempt",
      "response_time_ms": 8810
    },
    {
      "image_path": "Smudge-the-cat/Smudge-the-cat_46.png",
      "label": "憤怒",
      "response_time": "00:00:04.211",
      "timestamp_unix": 1751047679,
      "timestamp_unix_ms": 1751047679339,
      "timestamp_readable": "2025-06-27 18:07:59.339",
      "normalized_name": "Smudge-the-cat/Smudge-the-cat",
      "meme_name": "Smudge-the-cat",
      "post_id": 46,
      "english_label": "anger",
      "response_time_ms": 4211
    },
    {
      "image_path": "Surprised-Pikachu/Surprised-Pikachu_40.png",
      "label": "其他",
      "response_time": "00:00:05.209",
      "timestamp_unix": 1751047684,
      "timestamp_unix_ms": 1751047684640,
      "timestamp_readable": "2025-06-27 18:08:04.640",
      "normalized_name": "Surprised-Pikachu/Surprised-Pikachu",
      "meme_name": "Surprised-Pikachu",
      "post_id": 40,
      "english_label": "others",
      "response_time_ms": 5209
    },
    {
      "image_path": "Charlie-Day/Charlie-Day_23.png",
      "label": "其他",
      "response_time": "00:00:05.310",
      "timestamp_unix": 1751047690,
      "timestamp_unix_ms": 1751047690073,
      "timestamp_readable": "2025-06-27 18:08:10.073",
      "normalized_name": "Charlie-Day/Charlie-Day",
      "meme_name": "Charlie-Day",
      "post_id": 23,
      "english_label": "others",
      "response_time_ms": 5310
    },
    {
      "image_path": "DJ-Pauly-D/DJ-Pauly-D_16.png",
      "label": "憤怒",
      "response_time": "00:00:09.006",
      "timestamp_unix": 1751047699,
      "timestamp_unix_ms": 1751047699222,
      "timestamp_readable": "2025-06-27 18:08:19.222",
      "normalized_name": "DJ-Pauly-D/DJ-Pauly-D",
      "meme_name": "DJ-Pauly-D",
      "post_id": 16,
      "english_label": "anger",
      "response_time_ms": 9006
    },
    {
      "image_path": "You-The-Real-MVP/You-The-Real-MVP_42.png",
      "label": "其他",
      "response_time": "00:00:04.006",
      "timestamp_unix": 1751047703,
      "timestamp_unix_ms": 1751047703290,
      "timestamp_readable": "2025-06-27 18:08:23.290",
      "normalized_name": "You-The-Real-MVP/You-The-Real-MVP",
      "meme_name": "You-The-Real-MVP",
      "post_id": 42,
      "english_label": "others",
      "response_time_ms": 4006
    },
    {
      "image_path": "Hold-fart/Hold-fart_44.png",
      "label": "憤怒",
      "response_time": "00:00:03.103",
      "timestamp_unix": 1751047706,
      "timestamp_unix_ms": 1751047706535,
      "timestamp_readable": "2025-06-27 18:08:26.535",
      "normalized_name": "Hold-fart/Hold-fart",
      "meme_name": "Hold-fart",
      "post_id": 44,
      "english_label": "anger",
      "response_time_ms": 3103
    },
    {
      "image_path": "Always-you-three/Always-you-three_38.png",
      "label": "其他",
      "response_time": "00:00:05.716",
      "timestamp_unix": 1751047712,
      "timestamp_unix_ms": 1751047712287,
      "timestamp_readable": "2025-06-27 18:08:32.287",
      "normalized_name": "Always-you-three/Always-you-three",
      "meme_name": "Always-you-three",
      "post_id": 38,
      "english_label": "others",
      "response_time_ms": 5716
    },
    {
      "image_path": "Nuclear-Explosion/Nuclear-Explosion_4.png",
      "label": "憤怒",
      "response_time": "00:00:04.610",
      "timestamp_unix": 1751047717,
      "timestamp_unix_ms": 1751047717039,
      "timestamp_readable": "2025-06-27 18:08:37.039",
      "normalized_name": "Nuclear-Explosion/Nuclear-Explosion",
      "meme_name": "Nuclear-Explosion",
      "post_id": 4,
      "english_label": "anger",
      "response_time_ms": 4610
    },
    {
      "image_path": "Leonardo-Dicaprio-Wolf-Of-Wall-Street/Leonardo-Dicaprio-Wolf-Of-Wall-Street_11.png",
      "label": "輕蔑",
      "response_time": "00:00:04.806",
      "timestamp_unix": 1751047721,
      "timestamp_unix_ms": 1751047721986,
      "timestamp_readable": "2025-06-27 18:08:41.986",
      "normalized_name": "Leonardo-Dicaprio-Wolf-Of-Wall-Street/Leonardo-Dicaprio-Wolf-Of-Wall-Street",
      "meme_name": "Leonardo-Dicaprio-Wolf-Of-Wall-Street",
      "post_id": 11,
      "english_label": "contempt",
      "response_time_ms": 4806
    },
    {
      "image_path": "Chill-guy/Chill-guy_22.png",
      "label": "輕蔑",
      "response_time": "00:00:05.003",
      "timestamp_unix": 1751047727,
      "timestamp_unix_ms": 1751047727086,
      "timestamp_readable": "2025-06-27 18:08:47.086",
      "normalized_name": "Chill-guy/Chill-guy",
      "meme_name": "Chill-guy",
      "post_id": 22,
      "english_label": "contempt",
      "response_time_ms": 5003
    },
    {
      "image_path": "Thats-a-paddlin/Thats-a-paddlin_12.png",
      "label": "憤怒",
      "response_time": "00:00:02.908",
      "timestamp_unix": 1751047730,
      "timestamp_unix_ms": 1751047730119,
      "timestamp_readable": "2025-06-27 18:08:50.119",
      "normalized_name": "Thats-a-paddlin/Thats-a-paddlin",
      "meme_name": "Thats-a-paddlin",
      "post_id": 12,
      "english_label": "anger",
      "response_time_ms": 2908
    },
    {
      "image_path": "Disaster-Girl/Disaster-Girl_14.png",
      "label": "輕蔑",
      "response_time": "00:00:06.307",
      "timestamp_unix": 1751047736,
      "timestamp_unix_ms": 1751047736468,
      "timestamp_readable": "2025-06-27 18:08:56.468",
      "normalized_name": "Disaster-Girl/Disaster-Girl",
      "meme_name": "Disaster-Girl",
      "post_id": 14,
      "english_label": "contempt",
      "response_time_ms": 6307
    },
    {
      "image_path": "Arthur-Fist/Arthur-Fist_13.png",
      "label": "憤怒",
      "response_time": "00:00:02.505",
      "timestamp_unix": 1751047739,
      "timestamp_unix_ms": 1751047739071,
      "timestamp_readable": "2025-06-27 18:08:59.071",
      "normalized_name": "Arthur-Fist/Arthur-Fist",
      "meme_name": "Arthur-Fist",
      "post_id": 13,
      "english_label": "anger",
      "response_time_ms": 2505
    },
    {
      "image_path": "attention_check/attention_check_Others.png",
      "label": "其他",
      "response_time": "00:00:03.610",
      "timestamp_unix": 1751047742,
      "timestamp_unix_ms": 1751047742735,
      "timestamp_readable": "2025-06-27 18:09:02.735",
      "normalized_name": "attention_check/attention_check_Others.png",
      "meme_name": "attention_check",
      "post_id": null,
      "english_label": "others",
      "response_time_ms": 3610
    },
    {
      "image_path": "Futurama-Fry/Futurama-Fry_41.png",
      "label": "厭惡",
      "response_time": "00:00:03.105",
      "timestamp_unix": 1751047745,
      "timestamp_unix_ms": 1751047745884,
      "timestamp_readable": "2025-06-27 18:09:05.884",
      "normalized_name": "Futurama-Fry/Futurama-Fry",
      "meme_name": "Futurama-Fry",
      "post_id": 41,
      "english_label": "disgust",
      "response_time_ms": 3105
    },
    {
      "image_path": "Dave-chappelle/Dave-chappelle_25.png",
      "label": "輕蔑",
      "response_time": "00:00:04.613",
      "timestamp_unix": 1751047750,
      "timestamp_unix_ms": 1751047750584,
      "timestamp_readable": "2025-06-27 18:09:10.584",
      "normalized_name": "Dave-chappelle/Dave-chappelle",
      "meme_name": "Dave-chappelle",
      "post_id": 25,
      "english_label": "contempt",
      "response_time_ms": 4613
    },
    {
      "image_path": "Persian-Cat-Room-Guardian/Persian-Cat-Room-Guardian_37.png",
      "label": "輕蔑",
      "response_time": "00:00:04.710",
      "timestamp_unix": 1751047755,
      "timestamp_unix_ms": 1751047755471,
      "timestamp_readable": "2025-06-27 18:09:15.471",
      "normalized_name": "Persian-Cat-Room-Guardian/Persian-Cat-Room-Guardian",
      "meme_name": "Persian-Cat-Room-Guardian",
      "post_id": 37,
      "english_label": "contempt",
      "response_time_ms": 4710
    },
    {
      "image_path": "Mr-McMahon-reaction/Mr-McMahon-reaction_33.png",
      "label": "其他",
      "response_time": "00:00:04.008",
      "timestamp_unix": 1751047759,
      "timestamp_unix_ms": 1751047759531,
      "timestamp_readable": "2025-06-27 18:09:19.531",
      "normalized_name": "Mr-McMahon-reaction/Mr-McMahon-reaction",
      "meme_name": "Mr-McMahon-reaction",
      "post_id": 33,
      "english_label": "others",
      "response_time_ms": 4008
    },
    {
      "image_path": "For-the-better-right-blank/For-the-better-right-blank_32.png",
      "label": "其他",
      "response_time": "00:00:04.014",
      "timestamp_unix": 1751047763,
      "timestamp_unix_ms": 1751047763648,
      "timestamp_readable": "2025-06-27 18:09:23.648",
      "normalized_name": "For-the-better-right-blank/For-the-better-right-blank",
      "meme_name": "For-the-better-right-blank",
      "post_id": 32,
      "english_label": "others",
      "response_time_ms": 4014
    }
  ],
  "session_start_unix": 1751047373,
  "session_status": "completed",
  "last_updated_unix": 1751047804,
  "image_order": [
    "Spiderman-Hospital/Spiderman-Hospital_19.png",
    "Happy--Shock/Happy--Shock_2.png",
    "Chill-guy/Chill-guy_22.png",
    "I-am-once-again-asking/I-am-once-again-asking_28.png",
    "Math-ladyConfused-lady/Math-ladyConfused-lady_31.png",
    "Archer/Archer_43.png",
    "Leonardo-Dicaprio-Wolf-Of-Wall-Street/Leonardo-Dicaprio-Wolf-Of-Wall-Street_11.png",
    "Mocking-Spongebob/Mocking-Spongebob_45.png",
    "Afraid-To-Ask-Andy/Afraid-To-Ask-Andy_27.png",
    "Charlie-Day/Charlie-Day_23.png",
    "Always-Has-Been/Always-Has-Been_6.png",
    "Picard-Wtf/Picard-Wtf_3.png",
    "Batman-Slapping-Robin/Batman-Slapping-Robin_10.png",
    "For-the-better-right-blank/For-the-better-right-blank_32.png",
    "Drake-NoYes/Drake-NoYes_49.png",
    "Laughing-wolf/Laughing-wolf_20.png",
    "DJ-Pauly-D/DJ-Pauly-D_16.png",
    "Always-you-three/Always-you-three_38.png",
    "Disappointed-Man/Disappointed-Man_26.png",
    "Smudge-the-cat/Smudge-the-cat_46.png",
    "Thats-a-paddlin/Thats-a-paddlin_12.png",
    "Hide-the-Pain-Harold/Hide-the-Pain-Harold_30.png",
    "Hold-fart/Hold-fart_44.png",
    "attention_check/attention_check_Anger.png",
    "Im-The-Captain-Now/Im-The-Captain-Now_5.png",
    "Obi-Wan-Kenobi/Obi-Wan-Kenobi_48.png",
    "Spongebob-Yelling/Spongebob-Yelling_1.png",
    "Nuclear-Explosion/Nuclear-Explosion_4.png",
    "Dinkleberg/Dinkleberg_50.png",
    "Scooby-doo-mask-reveal/Scooby-doo-mask-reveal_18.png",
    "Disaster-Girl/Disaster-Girl_14.png",
    "Black-guy-hiding-behind-tree/Black-guy-hiding-behind-tree_15.png",
    "You-The-Real-MVP/You-The-Real-MVP_42.png",
    "Moe-throws-Barney/Moe-throws-Barney_35.png",
    "Ill-Have-You-Know-Spongebob/Ill-Have-You-Know-Spongebob_24.png",
    "Futurama-Fry/Futurama-Fry_41.png",
    "Monkey-Puppet/Monkey-Puppet_17.png",
    "Confused-Gandalf/Confused-Gandalf_29.png",
    "Mr-incredible-mad/Mr-incredible-mad_39.png",
    "Dave-chappelle/Dave-chappelle_25.png",
    "Surprised-Pikachu/Surprised-Pikachu_40.png",
    "Table-Flip-Guy/Table-Flip-Guy_47.png",
    "Kevin-Hart/Kevin-Hart_9.png",
    "Well-Yes-But-Actually-No/Well-Yes-But-Actually-No_21.png",
    "Mr-McMahon-reaction/Mr-McMahon-reaction_33.png",
    "Gru-Gun/Gru-Gun_34.png",
    "attention_check/attention_check_Others.png",
    "Persian-Cat-Room-Guardian/Persian-Cat-Room-Guardian_37.png",
    "Put-It-Somewhere-Else-Patrick/Put-It-Somewhere-Else-Patrick_36.png",
    "Angry-Baby/Angry-Baby_7.png",
    "Arthur-Fist/Arthur-Fist_13.png",
    "Khan/Khan_8.png"
  ],
  "completion_status": {
    "practice_completed": true,
    "game_started": true,
    "game_completed": true,
    "summary_viewed": true,
    "email_submitted": true
  },
  "timestamps_unix": {
    "registration_completed": 1751047373,
    "practice_started": 1751047373,
    "practice_completed": 1751047444,
    "game_started": 1751047444,
    "first_label": 1751047457,
    "last_label": 1751047763,
    "game_completed": 1751047766,
    "summary_viewed": 1751047766,
    "email_submitted": 1751047804,
    "session_end": 1751047804,
    "last_updated": 1751047804
  },
  "timestamps_unix_ms": {
    "registration_completed_ms": 1751047373287,
    "practice_started_ms": 1751047373335,
    "practice_completed_ms": 1751047444485,
    "game_started_ms": 1751047444492,
    "first_label_ms": 1751047457135,
    "last_label_ms": 1751047763648,
    "game_completed_ms": 1751047766141,
    "summary_viewed_ms": 1751047766147,
    "email_submitted_ms": 1751047804494,
    "session_end_ms": 1751047804494,
    "last_updated_ms": 1751047804494
  },
  "duration_stats_ms": {
    "total_session_duration_ms": 431207,
    "practice_duration_ms": 71150,
    "game_duration_ms": 321649,
    "labeling_duration_ms": 306513,
    "email_submission_duration_ms": 38347
  },
  "filename_updated_unix": 1751047766,
  "original_filename": "user_f16bd5",
  "completion_status_in_filename": "email_submitted"
}