{
  "user_id": "user_55c7ea",
  "file_name": "user_55c7ea_1750051720_1750052026_fullycomplete",
  "unix_start_time": 1750051720,
  "unix_start_time_ms": 1750051720108,
  "unix_end_time": 1750052026,
  "unix_end_time_ms": 1750052026038,
  "age": "30-34",
  "gender": "male",
  "user_agent": "Mozilla/5.0 (Windows NT 10.0; Win64; x64) AppleWebKit/537.36 (KHTML, like Gecko) Chrome/137.0.0.0 Safari/537.36",
  "user_ip": "42.79.158.246",
  "status": "complete",
  "email_provided": "complete",
  "attention_passed": true,
  "start_time_readable": "2025-06-16 05:28:40.108",
  "end_time_readable": "2025-06-16 05:33:46.038",
  "total_labels": 52,
  "emotion_summary": {
    "anger": 6,
    "contempt": 4,
    "disgust": 2,
    "others": 40
  },
  "email": "deathly9999@gmail.com",
  "participation": "yes",
  "total_responses": 52,
  "responses": [
    {
      "image_path": "Spiderman-Hospital/Spiderman-Hospital_11.png",
      "label": "其他",
      "response_time": "00:00:03.702",
      "timestamp_unix": 1750051775,
      "timestamp_unix_ms": 1750051775344,
      "timestamp_readable": "2025-06-16 05:29:35.344",
      "normalized_name": "Spiderman-Hospital/Spiderman-Hospital",
      "meme_name": "Spiderman-Hospital",
      "post_id": 11,
      "english_label": "others",
      "response_time_ms": 3702
    },
    {
      "image_path": "Charlie-Day/Charlie-Day_17.png",
      "label": "其他",
      "response_time": "00:00:08.602",
      "timestamp_unix": 1750051784,
      "timestamp_unix_ms": 1750051784044,
      "timestamp_readable": "2025-06-16 05:29:44.044",
      "normalized_name": "Charlie-Day/Charlie-Day",
      "meme_name": "Charlie-Day",
      "post_id": 17,
      "english_label": "others",
      "response_time_ms": 8602
    },
    {
      "image_path": "Persian-Cat-Room-Guardian/Persian-Cat-Room-Guardian_21.png",
      "label": "其他",
      "response_time": "00:00:07.502",
      "timestamp_unix": 1750051791,
      "timestamp_unix_ms": 1750051791646,
      "timestamp_readable": "2025-06-16 05:29:51.646",
      "normalized_name": "Persian-Cat-Room-Guardian/Persian-Cat-Room-Guardian",
      "meme_name": "Persian-Cat-Room-Guardian",
      "post_id": 21,
      "english_label": "others",
      "response_time_ms": 7502
    },
    {
      "image_path": "Arthur-Fist/Arthur-Fist_26.png",
      "label": "憤怒",
      "response_time": "00:00:05.003",
      "timestamp_unix": 1750051796,
      "timestamp_unix_ms": 1750051796806,
      "timestamp_readable": "2025-06-16 05:29:56.806",
      "normalized_name": "Arthur-Fist/Arthur-Fist",
      "meme_name": "Arthur-Fist",
      "post_id": 26,
      "english_label": "anger",
      "response_time_ms": 5003
    },
    {
      "image_path": "Always-you-three/Always-you-three_30.png",
      "label": "其他",
      "response_time": "00:00:03.801",
      "timestamp_unix": 1750051800,
      "timestamp_unix_ms": 1750051800725,
      "timestamp_readable": "2025-06-16 05:30:00.725",
      "normalized_name": "Always-you-three/Always-you-three",
      "meme_name": "Always-you-three",
      "post_id": 30,
      "english_label": "others",
      "response_time_ms": 3801
    },
    {
      "image_path": "Smudge-the-cat/Smudge-the-cat_12.png",
      "label": "其他",
      "response_time": "00:00:09.300",
      "timestamp_unix": 1750051810,
      "timestamp_unix_ms": 1750051810103,
      "timestamp_readable": "2025-06-16 05:30:10.103",
      "normalized_name": "Smudge-the-cat/Smudge-the-cat",
      "meme_name": "Smudge-the-cat",
      "post_id": 12,
      "english_label": "others",
      "response_time_ms": 9300
    },
    {
      "image_path": "Always-Has-Been/Always-Has-Been_15.png",
      "label": "其他",
      "response_time": "00:00:02.503",
      "timestamp_unix": 1750051812,
      "timestamp_unix_ms": 1750051812745,
      "timestamp_readable": "2025-06-16 05:30:12.745",
      "normalized_name": "Always-Has-Been/Always-Has-Been",
      "meme_name": "Always-Has-Been",
      "post_id": 15,
      "english_label": "others",
      "response_time_ms": 2503
    },
    {
      "image_path": "Im-The-Captain-Now/Im-The-Captain-Now_35.png",
      "label": "其他",
      "response_time": "00:00:08.804",
      "timestamp_unix": 1750051821,
      "timestamp_unix_ms": 1750051821664,
      "timestamp_readable": "2025-06-16 05:30:21.664",
      "normalized_name": "Im-The-Captain-Now/Im-The-Captain-Now",
      "meme_name": "Im-The-Captain-Now",
      "post_id": 35,
      "english_label": "others",
      "response_time_ms": 8804
    },
    {
      "image_path": "Put-It-Somewhere-Else-Patrick/Put-It-Somewhere-Else-Patrick_16.png",
      "label": "其他",
      "response_time": "00:00:02.203",
      "timestamp_unix": 1750051823,
      "timestamp_unix_ms": 1750051823939,
      "timestamp_readable": "2025-06-16 05:30:23.939",
      "normalized_name": "Put-It-Somewhere-Else-Patrick/Put-It-Somewhere-Else-Patrick",
      "meme_name": "Put-It-Somewhere-Else-Patrick",
      "post_id": 16,
      "english_label": "others",
      "response_time_ms": 2203
    },
    {
      "image_path": "Spongebob-Yelling/Spongebob-Yelling_22.png",
      "label": "憤怒",
      "response_time": "00:00:03.405",
      "timestamp_unix": 1750051827,
      "timestamp_unix_ms": 1750051827418,
      "timestamp_readable": "2025-06-16 05:30:27.418",
      "normalized_name": "Spongebob-Yelling/Spongebob-Yelling",
      "meme_name": "Spongebob-Yelling",
      "post_id": 22,
      "english_label": "anger",
      "response_time_ms": 3405
    },
    {
      "image_path": "Gru-Gun/Gru-Gun_10.png",
      "label": "輕蔑",
      "response_time": "00:00:10.404",
      "timestamp_unix": 1750051837,
      "timestamp_unix_ms": 1750051837946,
      "timestamp_readable": "2025-06-16 05:30:37.946",
      "normalized_name": "Gru-Gun/Gru-Gun",
      "meme_name": "Gru-Gun",
      "post_id": 10,
      "english_label": "contempt",
      "response_time_ms": 10404
    },
    {
      "image_path": "Scooby-doo-mask-reveal/Scooby-doo-mask-reveal_49.png",
      "label": "其他",
      "response_time": "00:00:02.901",
      "timestamp_unix": 1750051841,
      "timestamp_unix_ms": 1750051841025,
      "timestamp_readable": "2025-06-16 05:30:41.025",
      "normalized_name": "Scooby-doo-mask-reveal/Scooby-doo-mask-reveal",
      "meme_name": "Scooby-doo-mask-reveal",
      "post_id": 49,
      "english_label": "others",
      "response_time_ms": 2901
    },
    {
      "image_path": "Disaster-Girl/Disaster-Girl_33.png",
      "label": "其他",
      "response_time": "00:00:01.904",
      "timestamp_unix": 1750051843,
      "timestamp_unix_ms": 1750051843135,
      "timestamp_readable": "2025-06-16 05:30:43.135",
      "normalized_name": "Disaster-Girl/Disaster-Girl",
      "meme_name": "Disaster-Girl",
      "post_id": 33,
      "english_label": "others",
      "response_time_ms": 1904
    },
    {
      "image_path": "Afraid-To-Ask-Andy/Afraid-To-Ask-Andy_40.png",
      "label": "其他",
      "response_time": "00:00:01.500",
      "timestamp_unix": 1750051844,
      "timestamp_unix_ms": 1750051844720,
      "timestamp_readable": "2025-06-16 05:30:44.720",
      "normalized_name": "Afraid-To-Ask-Andy/Afraid-To-Ask-Andy",
      "meme_name": "Afraid-To-Ask-Andy",
      "post_id": 40,
      "english_label": "others",
      "response_time_ms": 1500
    },
    {
      "image_path": "Black-guy-hiding-behind-tree/Black-guy-hiding-behind-tree_47.png",
      "label": "其他",
      "response_time": "00:00:01.600",
      "timestamp_unix": 1750051846,
      "timestamp_unix_ms": 1750051846488,
      "timestamp_readable": "2025-06-16 05:30:46.488",
      "normalized_name": "Black-guy-hiding-behind-tree/Black-guy-hiding-behind-tree",
      "meme_name": "Black-guy-hiding-behind-tree",
      "post_id": 47,
      "english_label": "others",
      "response_time_ms": 1600
    },
    {
      "image_path": "Futurama-Fry/Futurama-Fry_27.png",
      "label": "輕蔑",
      "response_time": "00:00:02.203",
      "timestamp_unix": 1750051848,
      "timestamp_unix_ms": 1750051848783,
      "timestamp_readable": "2025-06-16 05:30:48.783",
      "normalized_name": "Futurama-Fry/Futurama-Fry",
      "meme_name": "Futurama-Fry",
      "post_id": 27,
      "english_label": "contempt",
      "response_time_ms": 2203
    },
    {
      "image_path": "Disappointed-Man/Disappointed-Man_34.png",
      "label": "其他",
      "response_time": "00:00:09.802",
      "timestamp_unix": 1750051858,
      "timestamp_unix_ms": 1750051858703,
      "timestamp_readable": "2025-06-16 05:30:58.703",
      "normalized_name": "Disappointed-Man/Disappointed-Man",
      "meme_name": "Disappointed-Man",
      "post_id": 34,
      "english_label": "others",
      "response_time_ms": 9802
    },
    {
      "image_path": "For-the-better-right-blank/For-the-better-right-blank_36.png",
      "label": "其他",
      "response_time": "00:00:06.802",
      "timestamp_unix": 1750051865,
      "timestamp_unix_ms": 1750051865624,
      "timestamp_readable": "2025-06-16 05:31:05.624",
      "normalized_name": "For-the-better-right-blank/For-the-better-right-blank",
      "meme_name": "For-the-better-right-blank",
      "post_id": 36,
      "english_label": "others",
      "response_time_ms": 6802
    },
    {
      "image_path": "Monkey-Puppet/Monkey-Puppet_18.png",
      "label": "其他",
      "response_time": "00:00:04.401",
      "timestamp_unix": 1750051870,
      "timestamp_unix_ms": 1750051870106,
      "timestamp_readable": "2025-06-16 05:31:10.106",
      "normalized_name": "Monkey-Puppet/Monkey-Puppet",
      "meme_name": "Monkey-Puppet",
      "post_id": 18,
      "english_label": "others",
      "response_time_ms": 4401
    },
    {
      "image_path": "Happy--Shock/Happy--Shock_45.png",
      "label": "其他",
      "response_time": "00:00:03.301",
      "timestamp_unix": 1750051873,
      "timestamp_unix_ms": 1750051873506,
      "timestamp_readable": "2025-06-16 05:31:13.506",
      "normalized_name": "Happy--Shock/Happy--Shock",
      "meme_name": "Happy--Shock",
      "post_id": 45,
      "english_label": "others",
      "response_time_ms": 3301
    },
    {
      "image_path": "Mocking-Spongebob/Mocking-Spongebob_14.png",
      "label": "其他",
      "response_time": "00:00:05.200",
      "timestamp_unix": 1750051878,
      "timestamp_unix_ms": 1750051878806,
      "timestamp_readable": "2025-06-16 05:31:18.806",
      "normalized_name": "Mocking-Spongebob/Mocking-Spongebob",
      "meme_name": "Mocking-Spongebob",
      "post_id": 14,
      "english_label": "others",
      "response_time_ms": 5200
    },
    {
      "image_path": "Confused-Gandalf/Confused-Gandalf_4.png",
      "label": "其他",
      "response_time": "00:00:03.203",
      "timestamp_unix": 1750051882,
      "timestamp_unix_ms": 1750051882164,
      "timestamp_readable": "2025-06-16 05:31:22.164",
      "normalized_name": "Confused-Gandalf/Confused-Gandalf",
      "meme_name": "Confused-Gandalf",
      "post_id": 4,
      "english_label": "others",
      "response_time_ms": 3203
    },
    {
      "image_path": "Nuclear-Explosion/Nuclear-Explosion_39.png",
      "label": "其他",
      "response_time": "00:00:02.101",
      "timestamp_unix": 1750051884,
      "timestamp_unix_ms": 1750051884354,
      "timestamp_readable": "2025-06-16 05:31:24.354",
      "normalized_name": "Nuclear-Explosion/Nuclear-Explosion",
      "meme_name": "Nuclear-Explosion",
      "post_id": 39,
      "english_label": "others",
      "response_time_ms": 2101
    },
    {
      "image_path": "Picard-Wtf/Picard-Wtf_41.png",
      "label": "其他",
      "response_time": "00:00:02.700",
      "timestamp_unix": 1750051887,
      "timestamp_unix_ms": 1750051887156,
      "timestamp_readable": "2025-06-16 05:31:27.156",
      "normalized_name": "Picard-Wtf/Picard-Wtf",
      "meme_name": "Picard-Wtf",
      "post_id": 41,
      "english_label": "others",
      "response_time_ms": 2700
    },
    {
      "image_path": "Batman-Slapping-Robin/Batman-Slapping-Robin_5.png",
      "label": "其他",
      "response_time": "00:00:04.501",
      "timestamp_unix": 1750051891,
      "timestamp_unix_ms": 1750051891789,
      "timestamp_readable": "2025-06-16 05:31:31.789",
      "normalized_name": "Batman-Slapping-Robin/Batman-Slapping-Robin",
      "meme_name": "Batman-Slapping-Robin",
      "post_id": 5,
      "english_label": "others",
      "response_time_ms": 4501
    },
    {
      "image_path": "attention_check/attention_check_Contempt.png",
      "label": "輕蔑",
      "response_time": "00:00:02.803",
      "timestamp_unix": 1750051894,
      "timestamp_unix_ms": 1750051894726,
      "timestamp_readable": "2025-06-16 05:31:34.726",
      "normalized_name": "attention_check/attention_check_Contempt.png",
      "meme_name": "attention_check",
      "post_id": null,
      "english_label": "contempt",
      "response_time_ms": 2803
    },
    {
      "image_path": "Hide-the-Pain-Harold/Hide-the-Pain-Harold_32.png",
      "label": "其他",
      "response_time": "00:00:08.404",
      "timestamp_unix": 1750051903,
      "timestamp_unix_ms": 1750051903254,
      "timestamp_readable": "2025-06-16 05:31:43.254",
      "normalized_name": "Hide-the-Pain-Harold/Hide-the-Pain-Harold",
      "meme_name": "Hide-the-Pain-Harold",
      "post_id": 32,
      "english_label": "others",
      "response_time_ms": 8404
    },
    {
      "image_path": "Mr-McMahon-reaction/Mr-McMahon-reaction_3.png",
      "label": "其他",
      "response_time": "00:00:10.500",
      "timestamp_unix": 1750051913,
      "timestamp_unix_ms": 1750051913866,
      "timestamp_readable": "2025-06-16 05:31:53.866",
      "normalized_name": "Mr-McMahon-reaction/Mr-McMahon-reaction",
      "meme_name": "Mr-McMahon-reaction",
      "post_id": 3,
      "english_label": "others",
      "response_time_ms": 10500
    },
    {
      "image_path": "Ill-Have-You-Know-Spongebob/Ill-Have-You-Know-Spongebob_9.png",
      "label": "其他",
      "response_time": "00:00:05.606",
      "timestamp_unix": 1750051919,
      "timestamp_unix_ms": 1750051919566,
      "timestamp_readable": "2025-06-16 05:31:59.566",
      "normalized_name": "Ill-Have-You-Know-Spongebob/Ill-Have-You-Know-Spongebob",
      "meme_name": "Ill-Have-You-Know-Spongebob",
      "post_id": 9,
      "english_label": "others",
      "response_time_ms": 5606
    },
    {
      "image_path": "Math-ladyConfused-lady/Math-ladyConfused-lady_50.png",
      "label": "其他",
      "response_time": "00:00:02.402",
      "timestamp_unix": 1750051922,
      "timestamp_unix_ms": 1750051922044,
      "timestamp_readable": "2025-06-16 05:32:02.044",
      "normalized_name": "Math-ladyConfused-lady/Math-ladyConfused-lady",
      "meme_name": "Math-ladyConfused-lady",
      "post_id": 50,
      "english_label": "others",
      "response_time_ms": 2402
    },
    {
      "image_path": "Moe-throws-Barney/Moe-throws-Barney_37.png",
      "label": "其他",
      "response_time": "00:00:01.804",
      "timestamp_unix": 1750051923,
      "timestamp_unix_ms": 1750051923966,
      "timestamp_readable": "2025-06-16 05:32:03.966",
      "normalized_name": "Moe-throws-Barney/Moe-throws-Barney",
      "meme_name": "Moe-throws-Barney",
      "post_id": 37,
      "english_label": "others",
      "response_time_ms": 1804
    },
    {
      "image_path": "Thats-a-paddlin/Thats-a-paddlin_23.png",
      "label": "憤怒",
      "response_time": "00:00:02.600",
      "timestamp_unix": 1750051926,
      "timestamp_unix_ms": 1750051926644,
      "timestamp_readable": "2025-06-16 05:32:06.644",
      "normalized_name": "Thats-a-paddlin/Thats-a-paddlin",
      "meme_name": "Thats-a-paddlin",
      "post_id": 23,
      "english_label": "anger",
      "response_time_ms": 2600
    },
    {
      "image_path": "Surprised-Pikachu/Surprised-Pikachu_46.png",
      "label": "其他",
      "response_time": "00:00:04.300",
      "timestamp_unix": 1750051931,
      "timestamp_unix_ms": 1750051931146,
      "timestamp_readable": "2025-06-16 05:32:11.146",
      "normalized_name": "Surprised-Pikachu/Surprised-Pikachu",
      "meme_name": "Surprised-Pikachu",
      "post_id": 46,
      "english_label": "others",
      "response_time_ms": 4300
    },
    {
      "image_path": "Khan/Khan_1.png",
      "label": "厭惡",
      "response_time": "00:00:17.903",
      "timestamp_unix": 1750051949,
      "timestamp_unix_ms": 1750051949141,
      "timestamp_readable": "2025-06-16 05:32:29.141",
      "normalized_name": "Khan/Khan",
      "meme_name": "Khan",
      "post_id": 1,
      "english_label": "disgust",
      "response_time_ms": 17903
    },
    {
      "image_path": "Dave-chappelle/Dave-chappelle_29.png",
      "label": "其他",
      "response_time": "00:00:02.106",
      "timestamp_unix": 1750051951,
      "timestamp_unix_ms": 1750051951344,
      "timestamp_readable": "2025-06-16 05:32:31.344",
      "normalized_name": "Dave-chappelle/Dave-chappelle",
      "meme_name": "Dave-chappelle",
      "post_id": 29,
      "english_label": "others",
      "response_time_ms": 2106
    },
    {
      "image_path": "Table-Flip-Guy/Table-Flip-Guy_13.png",
      "label": "憤怒",
      "response_time": "00:00:02.201",
      "timestamp_unix": 1750051953,
      "timestamp_unix_ms": 1750051953666,
      "timestamp_readable": "2025-06-16 05:32:33.666",
      "normalized_name": "Table-Flip-Guy/Table-Flip-Guy",
      "meme_name": "Table-Flip-Guy",
      "post_id": 13,
      "english_label": "anger",
      "response_time_ms": 2201
    },
    {
      "image_path": "Drake-NoYes/Drake-NoYes_19.png",
      "label": "其他",
      "response_time": "00:00:02.103",
      "timestamp_unix": 1750051955,
      "timestamp_unix_ms": 1750051955884,
      "timestamp_readable": "2025-06-16 05:32:35.884",
      "normalized_name": "Drake-NoYes/Drake-NoYes",
      "meme_name": "Drake-NoYes",
      "post_id": 19,
      "english_label": "others",
      "response_time_ms": 2103
    },
    {
      "image_path": "Well-Yes-But-Actually-No/Well-Yes-But-Actually-No_24.png",
      "label": "其他",
      "response_time": "00:00:01.806",
      "timestamp_unix": 1750051957,
      "timestamp_unix_ms": 1750051957749,
      "timestamp_readable": "2025-06-16 05:32:37.749",
      "normalized_name": "Well-Yes-But-Actually-No/Well-Yes-But-Actually-No",
      "meme_name": "Well-Yes-But-Actually-No",
      "post_id": 24,
      "english_label": "others",
      "response_time_ms": 1806
    },
    {
      "image_path": "Leonardo-Dicaprio-Wolf-Of-Wall-Street/Leonardo-Dicaprio-Wolf-Of-Wall-Street_48.png",
      "label": "其他",
      "response_time": "00:00:01.604",
      "timestamp_unix": 1750051959,
      "timestamp_unix_ms": 1750051959444,
      "timestamp_readable": "2025-06-16 05:32:39.444",
      "normalized_name": "Leonardo-Dicaprio-Wolf-Of-Wall-Street/Leonardo-Dicaprio-Wolf-Of-Wall-Street",
      "meme_name": "Leonardo-Dicaprio-Wolf-Of-Wall-Street",
      "post_id": 48,
      "english_label": "others",
      "response_time_ms": 1604
    },
    {
      "image_path": "I-am-once-again-asking/I-am-once-again-asking_28.png",
      "label": "厭惡",
      "response_time": "00:00:04.903",
      "timestamp_unix": 1750051964,
      "timestamp_unix_ms": 1750051964406,
      "timestamp_readable": "2025-06-16 05:32:44.406",
      "normalized_name": "I-am-once-again-asking/I-am-once-again-asking",
      "meme_name": "I-am-once-again-asking",
      "post_id": 28,
      "english_label": "disgust",
      "response_time_ms": 4903
    },
    {
      "image_path": "Chill-guy/Chill-guy_20.png",
      "label": "其他",
      "response_time": "00:00:01.401",
      "timestamp_unix": 1750051965,
      "timestamp_unix_ms": 1750051965886,
      "timestamp_readable": "2025-06-16 05:32:45.886",
      "normalized_name": "Chill-guy/Chill-guy",
      "meme_name": "Chill-guy",
      "post_id": 20,
      "english_label": "others",
      "response_time_ms": 1401
    },
    {
      "image_path": "Kevin-Hart/Kevin-Hart_38.png",
      "label": "其他",
      "response_time": "00:00:02.806",
      "timestamp_unix": 1750051968,
      "timestamp_unix_ms": 1750051968864,
      "timestamp_readable": "2025-06-16 05:32:48.864",
      "normalized_name": "Kevin-Hart/Kevin-Hart",
      "meme_name": "Kevin-Hart",
      "post_id": 38,
      "english_label": "others",
      "response_time_ms": 2806
    },
    {
      "image_path": "Archer/Archer_42.png",
      "label": "其他",
      "response_time": "00:00:01.600",
      "timestamp_unix": 1750051970,
      "timestamp_unix_ms": 1750051970604,
      "timestamp_readable": "2025-06-16 05:32:50.604",
      "normalized_name": "Archer/Archer",
      "meme_name": "Archer",
      "post_id": 42,
      "english_label": "others",
      "response_time_ms": 1600
    },
    {
      "image_path": "You-The-Real-MVP/You-The-Real-MVP_8.png",
      "label": "其他",
      "response_time": "00:00:01.102",
      "timestamp_unix": 1750051971,
      "timestamp_unix_ms": 1750051971830,
      "timestamp_readable": "2025-06-16 05:32:51.830",
      "normalized_name": "You-The-Real-MVP/You-The-Real-MVP",
      "meme_name": "You-The-Real-MVP",
      "post_id": 8,
      "english_label": "others",
      "response_time_ms": 1102
    },
    {
      "image_path": "Mr-incredible-mad/Mr-incredible-mad_7.png",
      "label": "其他",
      "response_time": "00:00:01.100",
      "timestamp_unix": 1750051973,
      "timestamp_unix_ms": 1750051973074,
      "timestamp_readable": "2025-06-16 05:32:53.074",
      "normalized_name": "Mr-incredible-mad/Mr-incredible-mad",
      "meme_name": "Mr-incredible-mad",
      "post_id": 7,
      "english_label": "others",
      "response_time_ms": 1100
    },
    {
      "image_path": "Obi-Wan-Kenobi/Obi-Wan-Kenobi_31.png",
      "label": "其他",
      "response_time": "00:00:04.300",
      "timestamp_unix": 1750051977,
      "timestamp_unix_ms": 1750051977487,
      "timestamp_readable": "2025-06-16 05:32:57.487",
      "normalized_name": "Obi-Wan-Kenobi/Obi-Wan-Kenobi",
      "meme_name": "Obi-Wan-Kenobi",
      "post_id": 31,
      "english_label": "others",
      "response_time_ms": 4300
    },
    {
      "image_path": "DJ-Pauly-D/DJ-Pauly-D_25.png",
      "label": "其他",
      "response_time": "00:00:03.605",
      "timestamp_unix": 1750051981,
      "timestamp_unix_ms": 1750051981206,
      "timestamp_readable": "2025-06-16 05:33:01.206",
      "normalized_name": "DJ-Pauly-D/DJ-Pauly-D",
      "meme_name": "DJ-Pauly-D",
      "post_id": 25,
      "english_label": "others",
      "response_time_ms": 3605
    },
    {
      "image_path": "Laughing-wolf/Laughing-wolf_44.png",
      "label": "其他",
      "response_time": "00:00:05.402",
      "timestamp_unix": 1750051986,
      "timestamp_unix_ms": 1750051986691,
      "timestamp_readable": "2025-06-16 05:33:06.691",
      "normalized_name": "Laughing-wolf/Laughing-wolf",
      "meme_name": "Laughing-wolf",
      "post_id": 44,
      "english_label": "others",
      "response_time_ms": 5402
    },
    {
      "image_path": "Angry-Baby/Angry-Baby_6.png",
      "label": "憤怒",
      "response_time": "00:00:04.202",
      "timestamp_unix": 1750051991,
      "timestamp_unix_ms": 1750051991046,
      "timestamp_readable": "2025-06-16 05:33:11.046",
      "normalized_name": "Angry-Baby/Angry-Baby",
      "meme_name": "Angry-Baby",
      "post_id": 6,
      "english_label": "anger",
      "response_time_ms": 4202
    },
    {
      "image_path": "Dinkleberg/Dinkleberg_2.png",
      "label": "其他",
      "response_time": "00:00:13.405",
      "timestamp_unix": 1750052004,
      "timestamp_unix_ms": 1750052004584,
      "timestamp_readable": "2025-06-16 05:33:24.584",
      "normalized_name": "Dinkleberg/Dinkleberg",
      "meme_name": "Dinkleberg",
      "post_id": 2,
      "english_label": "others",
      "response_time_ms": 13405
    },
    {
      "image_path": "attention_check/attention_check_Anger.png",
      "label": "憤怒",
      "response_time": "00:00:02.200",
      "timestamp_unix": 1750052006,
      "timestamp_unix_ms": 1750052006881,
      "timestamp_readable": "2025-06-16 05:33:26.881",
      "normalized_name": "attention_check/attention_check_Anger.png",
      "meme_name": "attention_check",
      "post_id": null,
      "english_label": "anger",
      "response_time_ms": 2200
    },
    {
      "image_path": "Hold-fart/Hold-fart_43.png",
      "label": "輕蔑",
      "response_time": "00:00:04.802",
      "timestamp_unix": 1750052011,
      "timestamp_unix_ms": 1750052011826,
      "timestamp_readable": "2025-06-16 05:33:31.826",
      "normalized_name": "Hold-fart/Hold-fart",
      "meme_name": "Hold-fart",
      "post_id": 43,
      "english_label": "contempt",
      "response_time_ms": 4802
    }
  ],
  "session_start_unix": 1750051720,
  "session_status": "completed",
  "last_updated_unix": 1750052026,
  "image_order": [
    "Spiderman-Hospital/Spiderman-Hospital_11.png",
    "Happy--Shock/Happy--Shock_45.png",
    "Chill-guy/Chill-guy_20.png",
    "I-am-once-again-asking/I-am-once-again-asking_28.png",
    "Math-ladyConfused-lady/Math-ladyConfused-lady_50.png",
    "Archer/Archer_42.png",
    "Leonardo-Dicaprio-Wolf-Of-Wall-Street/Leonardo-Dicaprio-Wolf-Of-Wall-Street_48.png",
    "Mocking-Spongebob/Mocking-Spongebob_14.png",
    "Afraid-To-Ask-Andy/Afraid-To-Ask-Andy_40.png",
    "Charlie-Day/Charlie-Day_17.png",
    "Always-Has-Been/Always-Has-Been_15.png",
    "Picard-Wtf/Picard-Wtf_41.png",
    "Batman-Slapping-Robin/Batman-Slapping-Robin_5.png",
    "For-the-better-right-blank/For-the-better-right-blank_36.png",
    "Drake-NoYes/Drake-NoYes_19.png",
    "Laughing-wolf/Laughing-wolf_44.png",
    "DJ-Pauly-D/DJ-Pauly-D_25.png",
    "Always-you-three/Always-you-three_30.png",
    "Disappointed-Man/Disappointed-Man_34.png",
    "Smudge-the-cat/Smudge-the-cat_12.png",
    "Thats-a-paddlin/Thats-a-paddlin_23.png",
    "Hide-the-Pain-Harold/Hide-the-Pain-Harold_32.png",
    "Hold-fart/Hold-fart_43.png",
    "Im-The-Captain-Now/Im-The-Captain-Now_35.png",
    "Obi-Wan-Kenobi/Obi-Wan-Kenobi_31.png",
    "attention_check/attention_check_Contempt.png",
    "Spongebob-Yelling/Spongebob-Yelling_22.png",
    "Nuclear-Explosion/Nuclear-Explosion_39.png",
    "Dinkleberg/Dinkleberg_2.png",
    "Scooby-doo-mask-reveal/Scooby-doo-mask-reveal_49.png",
    "Disaster-Girl/Disaster-Girl_33.png",
    "Black-guy-hiding-behind-tree/Black-guy-hiding-behind-tree_47.png",
    "You-The-Real-MVP/You-The-Real-MVP_8.png",
    "Moe-throws-Barney/Moe-throws-Barney_37.png",
    "Ill-Have-You-Know-Spongebob/Ill-Have-You-Know-Spongebob_9.png",
    "Futurama-Fry/Futurama-Fry_27.png",
    "Monkey-Puppet/Monkey-Puppet_18.png",
    "Confused-Gandalf/Confused-Gandalf_4.png",
    "Mr-incredible-mad/Mr-incredible-mad_7.png",
    "Dave-chappelle/Dave-chappelle_29.png",
    "Surprised-Pikachu/Surprised-Pikachu_46.png",
    "Table-Flip-Guy/Table-Flip-Guy_13.png",
    "Kevin-Hart/Kevin-Hart_38.png",
    "Well-Yes-But-Actually-No/Well-Yes-But-Actually-No_24.png",
    "Mr-McMahon-reaction/Mr-McMahon-reaction_3.png",
    "Gru-Gun/Gru-Gun_10.png",
    "Persian-Cat-Room-Guardian/Persian-Cat-Room-Guardian_21.png",
    "Put-It-Somewhere-Else-Patrick/Put-It-Somewhere-Else-Patrick_16.png",
    "Angry-Baby/Angry-Baby_6.png",
    "Arthur-Fist/Arthur-Fist_26.png",
    "attention_check/attention_check_Anger.png",
    "Khan/Khan_1.png"
  ],
  "completion_status": {
    "practice_completed": true,
    "game_started": true,
    "game_completed": true,
    "summary_viewed": true,
    "email_submitted": true
  },
  "timestamps_unix": {
    "registration_completed": 1750051720,
    "practice_started": 1750051720,
    "practice_completed": 1750051771,
    "game_started": 1750051771,
    "first_label": 1750051775,
    "last_label": 1750052011,
    "game_completed": 1750052013,
    "summary_viewed": 1750052013,
    "email_submitted": 1750052026,
    "session_end": 1750052026,
    "last_updated": 1750052026
  },
  "timestamps_unix_ms": {
    "registration_completed_ms": 1750051720108,
    "practice_started_ms": 1750051720160,
    "practice_completed_ms": 1750051771333,
    "game_started_ms": 1750051771362,
    "first_label_ms": 1750051775344,
    "last_label_ms": 1750052011826,
    "game_completed_ms": 1750052013950,
    "summary_viewed_ms": 1750052013966,
    "email_submitted_ms": 1750052026022,
    "session_end_ms": 1750052026022,
    "last_updated_ms": 1750052026022
  },
  "duration_stats_ms": {
    "total_session_duration_ms": 305914,
    "practice_duration_ms": 51173,
    "game_duration_ms": 242588,
    "labeling_duration_ms": 236482,
    "email_submission_duration_ms": 12056
  },
  "filename_updated_unix": 1750052013,
  "original_filename": "user_55c7ea",
  "completion_status_in_filename": "email_submitted"
}