{
  "user_id": "user_6ab7d3",
  "file_name": "user_6ab7d3_1750613932_1750614532_fullycomplete",
  "unix_start_time": 1750613932,
  "unix_start_time_ms": 1750613932449,
  "unix_end_time": 1750614532,
  "unix_end_time_ms": 1750614532030,
  "age": "25-29",
  "gender": "female",
  "user_agent": "Mozilla/5.0 (Windows NT 10.0; Win64; x64) AppleWebKit/537.36 (KHTML, like Gecko) Chrome/137.0.0.0 Safari/537.36",
  "user_ip": "118.171.175.23",
  "status": "complete",
  "email_provided": "complete",
  "attention_passed": true,
  "start_time_readable": "2025-06-22 17:38:52.449",
  "end_time_readable": "2025-06-22 17:48:52.030",
  "total_labels": 52,
  "emotion_summary": {
    "anger": 10,
    "contempt": 15,
    "disgust": 12,
    "others": 15
  },
  "email": "0975379853d@gmail.com",
  "participation": "yes",
  "total_responses": 52,
  "responses": [
    {
      "image_path": "Archer/Archer_4.png",
      "label": "厭惡",
      "response_time": "00:00:22.611",
      "timestamp_unix": 1750614033,
      "timestamp_unix_ms": 1750614033676,
      "timestamp_readable": "2025-06-22 17:40:33.676",
      "normalized_name": "Archer/Archer",
      "meme_name": "Archer",
      "post_id": 4,
      "english_label": "disgust",
      "response_time_ms": 22611
    },
    {
      "image_path": "Disappointed-Man/Disappointed-Man_31.png",
      "label": "其他",
      "response_time": "00:00:08.406",
      "timestamp_unix": 1750614042,
      "timestamp_unix_ms": 1750614042169,
      "timestamp_readable": "2025-06-22 17:40:42.169",
      "normalized_name": "Disappointed-Man/Disappointed-Man",
      "meme_name": "Disappointed-Man",
      "post_id": 31,
      "english_label": "others",
      "response_time_ms": 8406
    },
    {
      "image_path": "Dinkleberg/Dinkleberg_2.png",
      "label": "其他",
      "response_time": "00:00:20.207",
      "timestamp_unix": 1750614062,
      "timestamp_unix_ms": 1750614062404,
      "timestamp_readable": "2025-06-22 17:41:02.404",
      "normalized_name": "Dinkleberg/Dinkleberg",
      "meme_name": "Dinkleberg",
      "post_id": 2,
      "english_label": "others",
      "response_time_ms": 20207
    },
    {
      "image_path": "DJ-Pauly-D/DJ-Pauly-D_47.png",
      "label": "憤怒",
      "response_time": "00:00:11.505",
      "timestamp_unix": 1750614073,
      "timestamp_unix_ms": 1750614073986,
      "timestamp_readable": "2025-06-22 17:41:13.986",
      "normalized_name": "DJ-Pauly-D/DJ-Pauly-D",
      "meme_name": "DJ-Pauly-D",
      "post_id": 47,
      "english_label": "anger",
      "response_time_ms": 11505
    },
    {
      "image_path": "Afraid-To-Ask-Andy/Afraid-To-Ask-Andy_9.png",
      "label": "其他",
      "response_time": "00:00:06.807",
      "timestamp_unix": 1750614080,
      "timestamp_unix_ms": 1750614080853,
      "timestamp_readable": "2025-06-22 17:41:20.853",
      "normalized_name": "Afraid-To-Ask-Andy/Afraid-To-Ask-Andy",
      "meme_name": "Afraid-To-Ask-Andy",
      "post_id": 9,
      "english_label": "others",
      "response_time_ms": 6807
    },
    {
      "image_path": "Spiderman-Hospital/Spiderman-Hospital_1.png",
      "label": "輕蔑",
      "response_time": "00:00:10.705",
      "timestamp_unix": 1750614091,
      "timestamp_unix_ms": 1750614091602,
      "timestamp_readable": "2025-06-22 17:41:31.602",
      "normalized_name": "Spiderman-Hospital/Spiderman-Hospital",
      "meme_name": "Spiderman-Hospital",
      "post_id": 1,
      "english_label": "contempt",
      "response_time_ms": 10705
    },
    {
      "image_path": "Thats-a-paddlin/Thats-a-paddlin_13.png",
      "label": "憤怒",
      "response_time": "00:00:07.901",
      "timestamp_unix": 1750614099,
      "timestamp_unix_ms": 1750614099583,
      "timestamp_readable": "2025-06-22 17:41:39.583",
      "normalized_name": "Thats-a-paddlin/Thats-a-paddlin",
      "meme_name": "Thats-a-paddlin",
      "post_id": 13,
      "english_label": "anger",
      "response_time_ms": 7901
    },
    {
      "image_path": "Persian-Cat-Room-Guardian/Persian-Cat-Room-Guardian_38.png",
      "label": "厭惡",
      "response_time": "00:00:08.405",
      "timestamp_unix": 1750614108,
      "timestamp_unix_ms": 1750614108034,
      "timestamp_readable": "2025-06-22 17:41:48.034",
      "normalized_name": "Persian-Cat-Room-Guardian/Persian-Cat-Room-Guardian",
      "meme_name": "Persian-Cat-Room-Guardian",
      "post_id": 38,
      "english_label": "disgust",
      "response_time_ms": 8405
    },
    {
      "image_path": "Charlie-Day/Charlie-Day_24.png",
      "label": "厭惡",
      "response_time": "00:00:31.200",
      "timestamp_unix": 1750614139,
      "timestamp_unix_ms": 1750614139278,
      "timestamp_readable": "2025-06-22 17:42:19.278",
      "normalized_name": "Charlie-Day/Charlie-Day",
      "meme_name": "Charlie-Day",
      "post_id": 24,
      "english_label": "disgust",
      "response_time_ms": 31200
    },
    {
      "image_path": "Math-ladyConfused-lady/Math-ladyConfused-lady_36.png",
      "label": "其他",
      "response_time": "00:00:08.009",
      "timestamp_unix": 1750614147,
      "timestamp_unix_ms": 1750614147346,
      "timestamp_readable": "2025-06-22 17:42:27.346",
      "normalized_name": "Math-ladyConfused-lady/Math-ladyConfused-lady",
      "meme_name": "Math-ladyConfused-lady",
      "post_id": 36,
      "english_label": "others",
      "response_time_ms": 8009
    },
    {
      "image_path": "Picard-Wtf/Picard-Wtf_37.png",
      "label": "憤怒",
      "response_time": "00:00:13.206",
      "timestamp_unix": 1750614160,
      "timestamp_unix_ms": 1750614160594,
      "timestamp_readable": "2025-06-22 17:42:40.594",
      "normalized_name": "Picard-Wtf/Picard-Wtf",
      "meme_name": "Picard-Wtf",
      "post_id": 37,
      "english_label": "anger",
      "response_time_ms": 13206
    },
    {
      "image_path": "For-the-better-right-blank/For-the-better-right-blank_20.png",
      "label": "其他",
      "response_time": "00:00:19.704",
      "timestamp_unix": 1750614180,
      "timestamp_unix_ms": 1750614180372,
      "timestamp_readable": "2025-06-22 17:43:00.372",
      "normalized_name": "For-the-better-right-blank/For-the-better-right-blank",
      "meme_name": "For-the-better-right-blank",
      "post_id": 20,
      "english_label": "others",
      "response_time_ms": 19704
    },
    {
      "image_path": "Ill-Have-You-Know-Spongebob/Ill-Have-You-Know-Spongebob_43.png",
      "label": "輕蔑",
      "response_time": "00:00:07.509",
      "timestamp_unix": 1750614187,
      "timestamp_unix_ms": 1750614187990,
      "timestamp_readable": "2025-06-22 17:43:07.990",
      "normalized_name": "Ill-Have-You-Know-Spongebob/Ill-Have-You-Know-Spongebob",
      "meme_name": "Ill-Have-You-Know-Spongebob",
      "post_id": 43,
      "english_label": "contempt",
      "response_time_ms": 7509
    },
    {
      "image_path": "Always-Has-Been/Always-Has-Been_33.png",
      "label": "輕蔑",
      "response_time": "00:00:15.707",
      "timestamp_unix": 1750614203,
      "timestamp_unix_ms": 1750614203823,
      "timestamp_readable": "2025-06-22 17:43:23.823",
      "normalized_name": "Always-Has-Been/Always-Has-Been",
      "meme_name": "Always-Has-Been",
      "post_id": 33,
      "english_label": "contempt",
      "response_time_ms": 15707
    },
    {
      "image_path": "Im-The-Captain-Now/Im-The-Captain-Now_45.png",
      "label": "憤怒",
      "response_time": "00:00:18.203",
      "timestamp_unix": 1750614222,
      "timestamp_unix_ms": 1750614222138,
      "timestamp_readable": "2025-06-22 17:43:42.138",
      "normalized_name": "Im-The-Captain-Now/Im-The-Captain-Now",
      "meme_name": "Im-The-Captain-Now",
      "post_id": 45,
      "english_label": "anger",
      "response_time_ms": 18203
    },
    {
      "image_path": "Nuclear-Explosion/Nuclear-Explosion_5.png",
      "label": "憤怒",
      "response_time": "00:00:04.507",
      "timestamp_unix": 1750614226,
      "timestamp_unix_ms": 1750614226719,
      "timestamp_readable": "2025-06-22 17:43:46.719",
      "normalized_name": "Nuclear-Explosion/Nuclear-Explosion",
      "meme_name": "Nuclear-Explosion",
      "post_id": 5,
      "english_label": "anger",
      "response_time_ms": 4507
    },
    {
      "image_path": "Surprised-Pikachu/Surprised-Pikachu_42.png",
      "label": "其他",
      "response_time": "00:00:06.605",
      "timestamp_unix": 1750614233,
      "timestamp_unix_ms": 1750614233402,
      "timestamp_readable": "2025-06-22 17:43:53.402",
      "normalized_name": "Surprised-Pikachu/Surprised-Pikachu",
      "meme_name": "Surprised-Pikachu",
      "post_id": 42,
      "english_label": "others",
      "response_time_ms": 6605
    },
    {
      "image_path": "Confused-Gandalf/Confused-Gandalf_12.png",
      "label": "其他",
      "response_time": "00:00:09.807",
      "timestamp_unix": 1750614243,
      "timestamp_unix_ms": 1750614243284,
      "timestamp_readable": "2025-06-22 17:44:03.284",
      "normalized_name": "Confused-Gandalf/Confused-Gandalf",
      "meme_name": "Confused-Gandalf",
      "post_id": 12,
      "english_label": "others",
      "response_time_ms": 9807
    },
    {
      "image_path": "Well-Yes-But-Actually-No/Well-Yes-But-Actually-No_48.png",
      "label": "輕蔑",
      "response_time": "00:00:10.006",
      "timestamp_unix": 1750614253,
      "timestamp_unix_ms": 1750614253383,
      "timestamp_readable": "2025-06-22 17:44:13.383",
      "normalized_name": "Well-Yes-But-Actually-No/Well-Yes-But-Actually-No",
      "meme_name": "Well-Yes-But-Actually-No",
      "post_id": 48,
      "english_label": "contempt",
      "response_time_ms": 10006
    },
    {
      "image_path": "Moe-throws-Barney/Moe-throws-Barney_29.png",
      "label": "厭惡",
      "response_time": "00:00:10.003",
      "timestamp_unix": 1750614263,
      "timestamp_unix_ms": 1750614263413,
      "timestamp_readable": "2025-06-22 17:44:23.413",
      "normalized_name": "Moe-throws-Barney/Moe-throws-Barney",
      "meme_name": "Moe-throws-Barney",
      "post_id": 29,
      "english_label": "disgust",
      "response_time_ms": 10003
    },
    {
      "image_path": "Hold-fart/Hold-fart_21.png",
      "label": "厭惡",
      "response_time": "00:00:05.705",
      "timestamp_unix": 1750614269,
      "timestamp_unix_ms": 1750614269165,
      "timestamp_readable": "2025-06-22 17:44:29.165",
      "normalized_name": "Hold-fart/Hold-fart",
      "meme_name": "Hold-fart",
      "post_id": 21,
      "english_label": "disgust",
      "response_time_ms": 5705
    },
    {
      "image_path": "Leonardo-Dicaprio-Wolf-Of-Wall-Street/Leonardo-Dicaprio-Wolf-Of-Wall-Street_46.png",
      "label": "輕蔑",
      "response_time": "00:00:14.604",
      "timestamp_unix": 1750614283,
      "timestamp_unix_ms": 1750614283848,
      "timestamp_readable": "2025-06-22 17:44:43.848",
      "normalized_name": "Leonardo-Dicaprio-Wolf-Of-Wall-Street/Leonardo-Dicaprio-Wolf-Of-Wall-Street",
      "meme_name": "Leonardo-Dicaprio-Wolf-Of-Wall-Street",
      "post_id": 46,
      "english_label": "contempt",
      "response_time_ms": 14604
    },
    {
      "image_path": "Black-guy-hiding-behind-tree/Black-guy-hiding-behind-tree_30.png",
      "label": "其他",
      "response_time": "00:00:06.803",
      "timestamp_unix": 1750614290,
      "timestamp_unix_ms": 1750614290695,
      "timestamp_readable": "2025-06-22 17:44:50.695",
      "normalized_name": "Black-guy-hiding-behind-tree/Black-guy-hiding-behind-tree",
      "meme_name": "Black-guy-hiding-behind-tree",
      "post_id": 30,
      "english_label": "others",
      "response_time_ms": 6803
    },
    {
      "image_path": "Dave-chappelle/Dave-chappelle_32.png",
      "label": "其他",
      "response_time": "00:00:06.007",
      "timestamp_unix": 1750614296,
      "timestamp_unix_ms": 1750614296779,
      "timestamp_readable": "2025-06-22 17:44:56.779",
      "normalized_name": "Dave-chappelle/Dave-chappelle",
      "meme_name": "Dave-chappelle",
      "post_id": 32,
      "english_label": "others",
      "response_time_ms": 6007
    },
    {
      "image_path": "attention_check/attention_check_Contempt.png",
      "label": "輕蔑",
      "response_time": "00:00:06.306",
      "timestamp_unix": 1750614303,
      "timestamp_unix_ms": 1750614303144,
      "timestamp_readable": "2025-06-22 17:45:03.144",
      "normalized_name": "attention_check/attention_check_Contempt.png",
      "meme_name": "attention_check",
      "post_id": null,
      "english_label": "contempt",
      "response_time_ms": 6306
    },
    {
      "image_path": "Table-Flip-Guy/Table-Flip-Guy_44.png",
      "label": "厭惡",
      "response_time": "00:00:06.807",
      "timestamp_unix": 1750614309,
      "timestamp_unix_ms": 1750614309991,
      "timestamp_readable": "2025-06-22 17:45:09.991",
      "normalized_name": "Table-Flip-Guy/Table-Flip-Guy",
      "meme_name": "Table-Flip-Guy",
      "post_id": 44,
      "english_label": "disgust",
      "response_time_ms": 6807
    },
    {
      "image_path": "Scooby-doo-mask-reveal/Scooby-doo-mask-reveal_50.png",
      "label": "其他",
      "response_time": "00:00:14.010",
      "timestamp_unix": 1750614324,
      "timestamp_unix_ms": 1750614324059,
      "timestamp_readable": "2025-06-22 17:45:24.059",
      "normalized_name": "Scooby-doo-mask-reveal/Scooby-doo-mask-reveal",
      "meme_name": "Scooby-doo-mask-reveal",
      "post_id": 50,
      "english_label": "others",
      "response_time_ms": 14010
    },
    {
      "image_path": "Obi-Wan-Kenobi/Obi-Wan-Kenobi_49.png",
      "label": "輕蔑",
      "response_time": "00:00:07.605",
      "timestamp_unix": 1750614331,
      "timestamp_unix_ms": 1750614331774,
      "timestamp_readable": "2025-06-22 17:45:31.774",
      "normalized_name": "Obi-Wan-Kenobi/Obi-Wan-Kenobi",
      "meme_name": "Obi-Wan-Kenobi",
      "post_id": 49,
      "english_label": "contempt",
      "response_time_ms": 7605
    },
    {
      "image_path": "Mr-incredible-mad/Mr-incredible-mad_27.png",
      "label": "厭惡",
      "response_time": "00:00:05.704",
      "timestamp_unix": 1750614337,
      "timestamp_unix_ms": 1750614337607,
      "timestamp_readable": "2025-06-22 17:45:37.607",
      "normalized_name": "Mr-incredible-mad/Mr-incredible-mad",
      "meme_name": "Mr-incredible-mad",
      "post_id": 27,
      "english_label": "disgust",
      "response_time_ms": 5704
    },
    {
      "image_path": "Arthur-Fist/Arthur-Fist_26.png",
      "label": "憤怒",
      "response_time": "00:00:06.305",
      "timestamp_unix": 1750614344,
      "timestamp_unix_ms": 1750614344024,
      "timestamp_readable": "2025-06-22 17:45:44.024",
      "normalized_name": "Arthur-Fist/Arthur-Fist",
      "meme_name": "Arthur-Fist",
      "post_id": 26,
      "english_label": "anger",
      "response_time_ms": 6305
    },
    {
      "image_path": "Mocking-Spongebob/Mocking-Spongebob_19.png",
      "label": "憤怒",
      "response_time": "00:00:08.205",
      "timestamp_unix": 1750614352,
      "timestamp_unix_ms": 1750614352289,
      "timestamp_readable": "2025-06-22 17:45:52.289",
      "normalized_name": "Mocking-Spongebob/Mocking-Spongebob",
      "meme_name": "Mocking-Spongebob",
      "post_id": 19,
      "english_label": "anger",
      "response_time_ms": 8205
    },
    {
      "image_path": "Khan/Khan_41.png",
      "label": "其他",
      "response_time": "00:00:08.106",
      "timestamp_unix": 1750614360,
      "timestamp_unix_ms": 1750614360505,
      "timestamp_readable": "2025-06-22 17:46:00.505",
      "normalized_name": "Khan/Khan",
      "meme_name": "Khan",
      "post_id": 41,
      "english_label": "others",
      "response_time_ms": 8106
    },
    {
      "image_path": "Put-It-Somewhere-Else-Patrick/Put-It-Somewhere-Else-Patrick_28.png",
      "label": "輕蔑",
      "response_time": "00:00:07.805",
      "timestamp_unix": 1750614368,
      "timestamp_unix_ms": 1750614368437,
      "timestamp_readable": "2025-06-22 17:46:08.437",
      "normalized_name": "Put-It-Somewhere-Else-Patrick/Put-It-Somewhere-Else-Patrick",
      "meme_name": "Put-It-Somewhere-Else-Patrick",
      "post_id": 28,
      "english_label": "contempt",
      "response_time_ms": 7805
    },
    {
      "image_path": "Drake-NoYes/Drake-NoYes_10.png",
      "label": "其他",
      "response_time": "00:00:05.607",
      "timestamp_unix": 1750614374,
      "timestamp_unix_ms": 1750614374120,
      "timestamp_readable": "2025-06-22 17:46:14.120",
      "normalized_name": "Drake-NoYes/Drake-NoYes",
      "meme_name": "Drake-NoYes",
      "post_id": 10,
      "english_label": "others",
      "response_time_ms": 5607
    },
    {
      "image_path": "Futurama-Fry/Futurama-Fry_16.png",
      "label": "輕蔑",
      "response_time": "00:00:10.002",
      "timestamp_unix": 1750614384,
      "timestamp_unix_ms": 1750614384185,
      "timestamp_readable": "2025-06-22 17:46:24.185",
      "normalized_name": "Futurama-Fry/Futurama-Fry",
      "meme_name": "Futurama-Fry",
      "post_id": 16,
      "english_label": "contempt",
      "response_time_ms": 10002
    },
    {
      "image_path": "Angry-Baby/Angry-Baby_35.png",
      "label": "其他",
      "response_time": "00:00:07.705",
      "timestamp_unix": 1750614391,
      "timestamp_unix_ms": 1750614391985,
      "timestamp_readable": "2025-06-22 17:46:31.985",
      "normalized_name": "Angry-Baby/Angry-Baby",
      "meme_name": "Angry-Baby",
      "post_id": 35,
      "english_label": "others",
      "response_time_ms": 7705
    },
    {
      "image_path": "Chill-guy/Chill-guy_3.png",
      "label": "厭惡",
      "response_time": "00:00:09.905",
      "timestamp_unix": 1750614402,
      "timestamp_unix_ms": 1750614402018,
      "timestamp_readable": "2025-06-22 17:46:42.018",
      "normalized_name": "Chill-guy/Chill-guy",
      "meme_name": "Chill-guy",
      "post_id": 3,
      "english_label": "disgust",
      "response_time_ms": 9905
    },
    {
      "image_path": "Happy--Shock/Happy--Shock_8.png",
      "label": "厭惡",
      "response_time": "00:00:07.104",
      "timestamp_unix": 1750614409,
      "timestamp_unix_ms": 1750614409231,
      "timestamp_readable": "2025-06-22 17:46:49.231",
      "normalized_name": "Happy--Shock/Happy--Shock",
      "meme_name": "Happy--Shock",
      "post_id": 8,
      "english_label": "disgust",
      "response_time_ms": 7104
    },
    {
      "image_path": "Disaster-Girl/Disaster-Girl_18.png",
      "label": "輕蔑",
      "response_time": "00:00:05.103",
      "timestamp_unix": 1750614414,
      "timestamp_unix_ms": 1750614414463,
      "timestamp_readable": "2025-06-22 17:46:54.463",
      "normalized_name": "Disaster-Girl/Disaster-Girl",
      "meme_name": "Disaster-Girl",
      "post_id": 18,
      "english_label": "contempt",
      "response_time_ms": 5103
    },
    {
      "image_path": "Laughing-wolf/Laughing-wolf_34.png",
      "label": "輕蔑",
      "response_time": "00:00:15.106",
      "timestamp_unix": 1750614429,
      "timestamp_unix_ms": 1750614429631,
      "timestamp_readable": "2025-06-22 17:47:09.631",
      "normalized_name": "Laughing-wolf/Laughing-wolf",
      "meme_name": "Laughing-wolf",
      "post_id": 34,
      "english_label": "contempt",
      "response_time_ms": 15106
    },
    {
      "image_path": "Hide-the-Pain-Harold/Hide-the-Pain-Harold_25.png",
      "label": "厭惡",
      "response_time": "00:00:07.305",
      "timestamp_unix": 1750614437,
      "timestamp_unix_ms": 1750614437063,
      "timestamp_readable": "2025-06-22 17:47:17.063",
      "normalized_name": "Hide-the-Pain-Harold/Hide-the-Pain-Harold",
      "meme_name": "Hide-the-Pain-Harold",
      "post_id": 25,
      "english_label": "disgust",
      "response_time_ms": 7305
    },
    {
      "image_path": "Mr-McMahon-reaction/Mr-McMahon-reaction_7.png",
      "label": "憤怒",
      "response_time": "00:00:06.806",
      "timestamp_unix": 1750614443,
      "timestamp_unix_ms": 1750614443911,
      "timestamp_readable": "2025-06-22 17:47:23.911",
      "normalized_name": "Mr-McMahon-reaction/Mr-McMahon-reaction",
      "meme_name": "Mr-McMahon-reaction",
      "post_id": 7,
      "english_label": "anger",
      "response_time_ms": 6806
    },
    {
      "image_path": "Batman-Slapping-Robin/Batman-Slapping-Robin_11.png",
      "label": "憤怒",
      "response_time": "00:00:05.105",
      "timestamp_unix": 1750614449,
      "timestamp_unix_ms": 1750614449112,
      "timestamp_readable": "2025-06-22 17:47:29.112",
      "normalized_name": "Batman-Slapping-Robin/Batman-Slapping-Robin",
      "meme_name": "Batman-Slapping-Robin",
      "post_id": 11,
      "english_label": "anger",
      "response_time_ms": 5105
    },
    {
      "image_path": "Kevin-Hart/Kevin-Hart_23.png",
      "label": "輕蔑",
      "response_time": "00:00:09.404",
      "timestamp_unix": 1750614458,
      "timestamp_unix_ms": 1750614458560,
      "timestamp_readable": "2025-06-22 17:47:38.560",
      "normalized_name": "Kevin-Hart/Kevin-Hart",
      "meme_name": "Kevin-Hart",
      "post_id": 23,
      "english_label": "contempt",
      "response_time_ms": 9404
    },
    {
      "image_path": "Always-you-three/Always-you-three_14.png",
      "label": "輕蔑",
      "response_time": "00:00:08.601",
      "timestamp_unix": 1750614467,
      "timestamp_unix_ms": 1750614467259,
      "timestamp_readable": "2025-06-22 17:47:47.259",
      "normalized_name": "Always-you-three/Always-you-three",
      "meme_name": "Always-you-three",
      "post_id": 14,
      "english_label": "contempt",
      "response_time_ms": 8601
    },
    {
      "image_path": "Spongebob-Yelling/Spongebob-Yelling_15.png",
      "label": "其他",
      "response_time": "00:00:08.007",
      "timestamp_unix": 1750614475,
      "timestamp_unix_ms": 1750614475376,
      "timestamp_readable": "2025-06-22 17:47:55.376",
      "normalized_name": "Spongebob-Yelling/Spongebob-Yelling",
      "meme_name": "Spongebob-Yelling",
      "post_id": 15,
      "english_label": "others",
      "response_time_ms": 8007
    },
    {
      "image_path": "Gru-Gun/Gru-Gun_40.png",
      "label": "憤怒",
      "response_time": "00:00:05.905",
      "timestamp_unix": 1750614481,
      "timestamp_unix_ms": 1750614481309,
      "timestamp_readable": "2025-06-22 17:48:01.309",
      "normalized_name": "Gru-Gun/Gru-Gun",
      "meme_name": "Gru-Gun",
      "post_id": 40,
      "english_label": "anger",
      "response_time_ms": 5905
    },
    {
      "image_path": "I-am-once-again-asking/I-am-once-again-asking_39.png",
      "label": "輕蔑",
      "response_time": "00:00:06.204",
      "timestamp_unix": 1750614487,
      "timestamp_unix_ms": 1750614487624,
      "timestamp_readable": "2025-06-22 17:48:07.624",
      "normalized_name": "I-am-once-again-asking/I-am-once-again-asking",
      "meme_name": "I-am-once-again-asking",
      "post_id": 39,
      "english_label": "contempt",
      "response_time_ms": 6204
    },
    {
      "image_path": "Smudge-the-cat/Smudge-the-cat_6.png",
      "label": "厭惡",
      "response_time": "00:00:11.702",
      "timestamp_unix": 1750614499,
      "timestamp_unix_ms": 1750614499404,
      "timestamp_readable": "2025-06-22 17:48:19.404",
      "normalized_name": "Smudge-the-cat/Smudge-the-cat",
      "meme_name": "Smudge-the-cat",
      "post_id": 6,
      "english_label": "disgust",
      "response_time_ms": 11702
    },
    {
      "image_path": "You-The-Real-MVP/You-The-Real-MVP_17.png",
      "label": "輕蔑",
      "response_time": "00:00:06.408",
      "timestamp_unix": 1750614505,
      "timestamp_unix_ms": 1750614505896,
      "timestamp_readable": "2025-06-22 17:48:25.896",
      "normalized_name": "You-The-Real-MVP/You-The-Real-MVP",
      "meme_name": "You-The-Real-MVP",
      "post_id": 17,
      "english_label": "contempt",
      "response_time_ms": 6408
    },
    {
      "image_path": "attention_check/attention_check_Others.png",
      "label": "其他",
      "response_time": "00:00:02.509",
      "timestamp_unix": 1750614508,
      "timestamp_unix_ms": 1750614508505,
      "timestamp_readable": "2025-06-22 17:48:28.505",
      "normalized_name": "attention_check/attention_check_Others.png",
      "meme_name": "attention_check",
      "post_id": null,
      "english_label": "others",
      "response_time_ms": 2509
    },
    {
      "image_path": "Monkey-Puppet/Monkey-Puppet_22.png",
      "label": "厭惡",
      "response_time": "00:00:06.505",
      "timestamp_unix": 1750614515,
      "timestamp_unix_ms": 1750614515085,
      "timestamp_readable": "2025-06-22 17:48:35.085",
      "normalized_name": "Monkey-Puppet/Monkey-Puppet",
      "meme_name": "Monkey-Puppet",
      "post_id": 22,
      "english_label": "disgust",
      "response_time_ms": 6505
    }
  ],
  "session_start_unix": 1750613932,
  "session_status": "completed",
  "last_updated_unix": 1750614532,
  "image_order": [
    "Spiderman-Hospital/Spiderman-Hospital_1.png",
    "Happy--Shock/Happy--Shock_8.png",
    "Chill-guy/Chill-guy_3.png",
    "I-am-once-again-asking/I-am-once-again-asking_39.png",
    "Math-ladyConfused-lady/Math-ladyConfused-lady_36.png",
    "Archer/Archer_4.png",
    "Leonardo-Dicaprio-Wolf-Of-Wall-Street/Leonardo-Dicaprio-Wolf-Of-Wall-Street_46.png",
    "Mocking-Spongebob/Mocking-Spongebob_19.png",
    "Afraid-To-Ask-Andy/Afraid-To-Ask-Andy_9.png",
    "Charlie-Day/Charlie-Day_24.png",
    "Always-Has-Been/Always-Has-Been_33.png",
    "Picard-Wtf/Picard-Wtf_37.png",
    "Batman-Slapping-Robin/Batman-Slapping-Robin_11.png",
    "For-the-better-right-blank/For-the-better-right-blank_20.png",
    "Drake-NoYes/Drake-NoYes_10.png",
    "Laughing-wolf/Laughing-wolf_34.png",
    "DJ-Pauly-D/DJ-Pauly-D_47.png",
    "Always-you-three/Always-you-three_14.png",
    "Disappointed-Man/Disappointed-Man_31.png",
    "Smudge-the-cat/Smudge-the-cat_6.png",
    "Thats-a-paddlin/Thats-a-paddlin_13.png",
    "Hide-the-Pain-Harold/Hide-the-Pain-Harold_25.png",
    "Hold-fart/Hold-fart_21.png",
    "Im-The-Captain-Now/Im-The-Captain-Now_45.png",
    "attention_check/attention_check_Contempt.png",
    "Obi-Wan-Kenobi/Obi-Wan-Kenobi_49.png",
    "Spongebob-Yelling/Spongebob-Yelling_15.png",
    "Nuclear-Explosion/Nuclear-Explosion_5.png",
    "Dinkleberg/Dinkleberg_2.png",
    "Scooby-doo-mask-reveal/Scooby-doo-mask-reveal_50.png",
    "Disaster-Girl/Disaster-Girl_18.png",
    "Black-guy-hiding-behind-tree/Black-guy-hiding-behind-tree_30.png",
    "You-The-Real-MVP/You-The-Real-MVP_17.png",
    "Moe-throws-Barney/Moe-throws-Barney_29.png",
    "Ill-Have-You-Know-Spongebob/Ill-Have-You-Know-Spongebob_43.png",
    "Futurama-Fry/Futurama-Fry_16.png",
    "Monkey-Puppet/Monkey-Puppet_22.png",
    "Confused-Gandalf/Confused-Gandalf_12.png",
    "Mr-incredible-mad/Mr-incredible-mad_27.png",
    "Dave-chappelle/Dave-chappelle_32.png",
    "Surprised-Pikachu/Surprised-Pikachu_42.png",
    "Table-Flip-Guy/Table-Flip-Guy_44.png",
    "Kevin-Hart/Kevin-Hart_23.png",
    "Well-Yes-But-Actually-No/Well-Yes-But-Actually-No_48.png",
    "Mr-McMahon-reaction/Mr-McMahon-reaction_7.png",
    "Gru-Gun/Gru-Gun_40.png",
    "Persian-Cat-Room-Guardian/Persian-Cat-Room-Guardian_38.png",
    "Put-It-Somewhere-Else-Patrick/Put-It-Somewhere-Else-Patrick_28.png",
    "Angry-Baby/Angry-Baby_35.png",
    "Arthur-Fist/Arthur-Fist_26.png",
    "attention_check/attention_check_Others.png",
    "Khan/Khan_41.png"
  ],
  "completion_status": {
    "practice_completed": true,
    "game_started": true,
    "game_completed": true,
    "summary_viewed": true,
    "email_submitted": true
  },
  "timestamps_unix": {
    "registration_completed": 1750613932,
    "practice_started": 1750613932,
    "practice_completed": 1750614010,
    "game_started": 1750614010,
    "first_label": 1750614033,
    "last_label": 1750614515,
    "game_completed": 1750614518,
    "summary_viewed": 1750614518,
    "email_submitted": 1750614532,
    "session_end": 1750614532,
    "last_updated": 1750614532
  },
  "timestamps_unix_ms": {
    "registration_completed_ms": 1750613932449,
    "practice_started_ms": 1750613932482,
    "practice_completed_ms": 1750614010887,
    "game_started_ms": 1750614010892,
    "first_label_ms": 1750614033676,
    "last_label_ms": 1750614515085,
    "game_completed_ms": 1750614518577,
    "summary_viewed_ms": 1750614518582,
    "email_submitted_ms": 1750614532025,
    "session_end_ms": 1750614532025,
    "last_updated_ms": 1750614532025
  },
  "duration_stats_ms": {
    "total_session_duration_ms": 599576,
    "practice_duration_ms": 78405,
    "game_duration_ms": 507685,
    "labeling_duration_ms": 481409,
    "email_submission_duration_ms": 13443
  },
  "filename_updated_unix": 1750614518,
  "original_filename": "user_6ab7d3",
  "completion_status_in_filename": "email_submitted"
}