{
  "user_id": "user_25c776",
  "file_name": "user_25c776_1750055442_1750055865_fullycomplete",
  "unix_start_time": 1750055442,
  "unix_start_time_ms": 1750055442854,
  "unix_end_time": 1750055865,
  "unix_end_time_ms": 1750055865621,
  "age": "40-44",
  "gender": "female",
  "user_agent": "Mozilla/5.0 (Windows NT 10.0; Win64; x64) AppleWebKit/537.36 (KHTML, like Gecko) Chrome/137.0.0.0 Safari/537.36",
  "user_ip": "125.227.26.181",
  "status": "complete",
  "email_provided": "complete",
  "attention_passed": true,
  "start_time_readable": "2025-06-16 06:30:42.854",
  "end_time_readable": "2025-06-16 06:37:45.621",
  "total_labels": 52,
  "emotion_summary": {
    "anger": 6,
    "contempt": 6,
    "disgust": 1,
    "others": 39
  },
  "email": "marenahidezo@yahoo.com.tw",
  "participation": "no",
  "total_responses": 52,
  "responses": [
    {
      "image_path": "Archer/Archer_34.png",
      "label": "其他",
      "response_time": "00:00:07.805",
      "timestamp_unix": 1750055500,
      "timestamp_unix_ms": 1750055500126,
      "timestamp_readable": "2025-06-16 06:31:40.126",
      "normalized_name": "Archer/Archer",
      "meme_name": "Archer",
      "post_id": 34,
      "english_label": "others",
      "response_time_ms": 7805
    },
    {
      "image_path": "Dave-chappelle/Dave-chappelle_2.png",
      "label": "其他",
      "response_time": "00:00:02.700",
      "timestamp_unix": 1750055502,
      "timestamp_unix_ms": 1750055502910,
      "timestamp_readable": "2025-06-16 06:31:42.910",
      "normalized_name": "Dave-chappelle/Dave-chappelle",
      "meme_name": "Dave-chappelle",
      "post_id": 2,
      "english_label": "others",
      "response_time_ms": 2700
    },
    {
      "image_path": "For-the-better-right-blank/For-the-better-right-blank_42.png",
      "label": "其他",
      "response_time": "00:00:03.813",
      "timestamp_unix": 1750055506,
      "timestamp_unix_ms": 1750055506786,
      "timestamp_readable": "2025-06-16 06:31:46.786",
      "normalized_name": "For-the-better-right-blank/For-the-better-right-blank",
      "meme_name": "For-the-better-right-blank",
      "post_id": 42,
      "english_label": "others",
      "response_time_ms": 3813
    },
    {
      "image_path": "Angry-Baby/Angry-Baby_6.png",
      "label": "憤怒",
      "response_time": "00:00:04.700",
      "timestamp_unix": 1750055511,
      "timestamp_unix_ms": 1750055511638,
      "timestamp_readable": "2025-06-16 06:31:51.638",
      "normalized_name": "Angry-Baby/Angry-Baby",
      "meme_name": "Angry-Baby",
      "post_id": 6,
      "english_label": "anger",
      "response_time_ms": 4700
    },
    {
      "image_path": "Confused-Gandalf/Confused-Gandalf_27.png",
      "label": "其他",
      "response_time": "00:00:06.707",
      "timestamp_unix": 1750055518,
      "timestamp_unix_ms": 1750055518411,
      "timestamp_readable": "2025-06-16 06:31:58.411",
      "normalized_name": "Confused-Gandalf/Confused-Gandalf",
      "meme_name": "Confused-Gandalf",
      "post_id": 27,
      "english_label": "others",
      "response_time_ms": 6707
    },
    {
      "image_path": "Drake-NoYes/Drake-NoYes_40.png",
      "label": "其他",
      "response_time": "00:00:06.307",
      "timestamp_unix": 1750055524,
      "timestamp_unix_ms": 1750055524846,
      "timestamp_readable": "2025-06-16 06:32:04.846",
      "normalized_name": "Drake-NoYes/Drake-NoYes",
      "meme_name": "Drake-NoYes",
      "post_id": 40,
      "english_label": "others",
      "response_time_ms": 6307
    },
    {
      "image_path": "Table-Flip-Guy/Table-Flip-Guy_36.png",
      "label": "憤怒",
      "response_time": "00:00:04.407",
      "timestamp_unix": 1750055529,
      "timestamp_unix_ms": 1750055529394,
      "timestamp_readable": "2025-06-16 06:32:09.394",
      "normalized_name": "Table-Flip-Guy/Table-Flip-Guy",
      "meme_name": "Table-Flip-Guy",
      "post_id": 36,
      "english_label": "anger",
      "response_time_ms": 4407
    },
    {
      "image_path": "Mr-McMahon-reaction/Mr-McMahon-reaction_17.png",
      "label": "其他",
      "response_time": "00:00:07.806",
      "timestamp_unix": 1750055537,
      "timestamp_unix_ms": 1750055537263,
      "timestamp_readable": "2025-06-16 06:32:17.263",
      "normalized_name": "Mr-McMahon-reaction/Mr-McMahon-reaction",
      "meme_name": "Mr-McMahon-reaction",
      "post_id": 17,
      "english_label": "others",
      "response_time_ms": 7806
    },
    {
      "image_path": "Disaster-Girl/Disaster-Girl_15.png",
      "label": "其他",
      "response_time": "00:00:05.803",
      "timestamp_unix": 1750055543,
      "timestamp_unix_ms": 1750055543182,
      "timestamp_readable": "2025-06-16 06:32:23.182",
      "normalized_name": "Disaster-Girl/Disaster-Girl",
      "meme_name": "Disaster-Girl",
      "post_id": 15,
      "english_label": "others",
      "response_time_ms": 5803
    },
    {
      "image_path": "Moe-throws-Barney/Moe-throws-Barney_44.png",
      "label": "其他",
      "response_time": "00:00:11.714",
      "timestamp_unix": 1750055554,
      "timestamp_unix_ms": 1750055554998,
      "timestamp_readable": "2025-06-16 06:32:34.998",
      "normalized_name": "Moe-throws-Barney/Moe-throws-Barney",
      "meme_name": "Moe-throws-Barney",
      "post_id": 44,
      "english_label": "others",
      "response_time_ms": 11714
    },
    {
      "image_path": "Black-guy-hiding-behind-tree/Black-guy-hiding-behind-tree_9.png",
      "label": "其他",
      "response_time": "00:00:07.707",
      "timestamp_unix": 1750055562,
      "timestamp_unix_ms": 1750055562794,
      "timestamp_readable": "2025-06-16 06:32:42.794",
      "normalized_name": "Black-guy-hiding-behind-tree/Black-guy-hiding-behind-tree",
      "meme_name": "Black-guy-hiding-behind-tree",
      "post_id": 9,
      "english_label": "others",
      "response_time_ms": 7707
    },
    {
      "image_path": "Chill-guy/Chill-guy_35.png",
      "label": "其他",
      "response_time": "00:00:04.212",
      "timestamp_unix": 1750055567,
      "timestamp_unix_ms": 1750055567063,
      "timestamp_readable": "2025-06-16 06:32:47.063",
      "normalized_name": "Chill-guy/Chill-guy",
      "meme_name": "Chill-guy",
      "post_id": 35,
      "english_label": "others",
      "response_time_ms": 4212
    },
    {
      "image_path": "Well-Yes-But-Actually-No/Well-Yes-But-Actually-No_26.png",
      "label": "其他",
      "response_time": "00:00:09.606",
      "timestamp_unix": 1750055576,
      "timestamp_unix_ms": 1750055576758,
      "timestamp_readable": "2025-06-16 06:32:56.758",
      "normalized_name": "Well-Yes-But-Actually-No/Well-Yes-But-Actually-No",
      "meme_name": "Well-Yes-But-Actually-No",
      "post_id": 26,
      "english_label": "others",
      "response_time_ms": 9606
    },
    {
      "image_path": "Hold-fart/Hold-fart_3.png",
      "label": "其他",
      "response_time": "00:00:04.611",
      "timestamp_unix": 1750055581,
      "timestamp_unix_ms": 1750055581502,
      "timestamp_readable": "2025-06-16 06:33:01.502",
      "normalized_name": "Hold-fart/Hold-fart",
      "meme_name": "Hold-fart",
      "post_id": 3,
      "english_label": "others",
      "response_time_ms": 4611
    },
    {
      "image_path": "Put-It-Somewhere-Else-Patrick/Put-It-Somewhere-Else-Patrick_1.png",
      "label": "其他",
      "response_time": "00:00:06.409",
      "timestamp_unix": 1750055588,
      "timestamp_unix_ms": 1750055588018,
      "timestamp_readable": "2025-06-16 06:33:08.018",
      "normalized_name": "Put-It-Somewhere-Else-Patrick/Put-It-Somewhere-Else-Patrick",
      "meme_name": "Put-It-Somewhere-Else-Patrick",
      "post_id": 1,
      "english_label": "others",
      "response_time_ms": 6409
    },
    {
      "image_path": "You-The-Real-MVP/You-The-Real-MVP_43.png",
      "label": "輕蔑",
      "response_time": "00:00:07.113",
      "timestamp_unix": 1750055595,
      "timestamp_unix_ms": 1750055595203,
      "timestamp_readable": "2025-06-16 06:33:15.203",
      "normalized_name": "You-The-Real-MVP/You-The-Real-MVP",
      "meme_name": "You-The-Real-MVP",
      "post_id": 43,
      "english_label": "contempt",
      "response_time_ms": 7113
    },
    {
      "image_path": "DJ-Pauly-D/DJ-Pauly-D_23.png",
      "label": "其他",
      "response_time": "00:00:09.812",
      "timestamp_unix": 1750055605,
      "timestamp_unix_ms": 1750055605110,
      "timestamp_readable": "2025-06-16 06:33:25.110",
      "normalized_name": "DJ-Pauly-D/DJ-Pauly-D",
      "meme_name": "DJ-Pauly-D",
      "post_id": 23,
      "english_label": "others",
      "response_time_ms": 9812
    },
    {
      "image_path": "Obi-Wan-Kenobi/Obi-Wan-Kenobi_37.png",
      "label": "其他",
      "response_time": "00:00:22.206",
      "timestamp_unix": 1750055627,
      "timestamp_unix_ms": 1750055627402,
      "timestamp_readable": "2025-06-16 06:33:47.402",
      "normalized_name": "Obi-Wan-Kenobi/Obi-Wan-Kenobi",
      "meme_name": "Obi-Wan-Kenobi",
      "post_id": 37,
      "english_label": "others",
      "response_time_ms": 22206
    },
    {
      "image_path": "Mr-incredible-mad/Mr-incredible-mad_21.png",
      "label": "其他",
      "response_time": "00:00:04.901",
      "timestamp_unix": 1750055632,
      "timestamp_unix_ms": 1750055632374,
      "timestamp_readable": "2025-06-16 06:33:52.374",
      "normalized_name": "Mr-incredible-mad/Mr-incredible-mad",
      "meme_name": "Mr-incredible-mad",
      "post_id": 21,
      "english_label": "others",
      "response_time_ms": 4901
    },
    {
      "image_path": "Arthur-Fist/Arthur-Fist_32.png",
      "label": "憤怒",
      "response_time": "00:00:05.109",
      "timestamp_unix": 1750055637,
      "timestamp_unix_ms": 1750055637558,
      "timestamp_readable": "2025-06-16 06:33:57.558",
      "normalized_name": "Arthur-Fist/Arthur-Fist",
      "meme_name": "Arthur-Fist",
      "post_id": 32,
      "english_label": "anger",
      "response_time_ms": 5109
    },
    {
      "image_path": "Spongebob-Yelling/Spongebob-Yelling_5.png",
      "label": "其他",
      "response_time": "00:00:12.512",
      "timestamp_unix": 1750055650,
      "timestamp_unix_ms": 1750055650223,
      "timestamp_readable": "2025-06-16 06:34:10.223",
      "normalized_name": "Spongebob-Yelling/Spongebob-Yelling",
      "meme_name": "Spongebob-Yelling",
      "post_id": 5,
      "english_label": "others",
      "response_time_ms": 12512
    },
    {
      "image_path": "Surprised-Pikachu/Surprised-Pikachu_8.png",
      "label": "其他",
      "response_time": "00:00:03.210",
      "timestamp_unix": 1750055653,
      "timestamp_unix_ms": 1750055653522,
      "timestamp_readable": "2025-06-16 06:34:13.522",
      "normalized_name": "Surprised-Pikachu/Surprised-Pikachu",
      "meme_name": "Surprised-Pikachu",
      "post_id": 8,
      "english_label": "others",
      "response_time_ms": 3210
    },
    {
      "image_path": "Hide-the-Pain-Harold/Hide-the-Pain-Harold_16.png",
      "label": "其他",
      "response_time": "00:00:09.206",
      "timestamp_unix": 1750055662,
      "timestamp_unix_ms": 1750055662854,
      "timestamp_readable": "2025-06-16 06:34:22.854",
      "normalized_name": "Hide-the-Pain-Harold/Hide-the-Pain-Harold",
      "meme_name": "Hide-the-Pain-Harold",
      "post_id": 16,
      "english_label": "others",
      "response_time_ms": 9206
    },
    {
      "image_path": "attention_check/attention_check_Others.png",
      "label": "其他",
      "response_time": "00:00:03.007",
      "timestamp_unix": 1750055665,
      "timestamp_unix_ms": 1750055665946,
      "timestamp_readable": "2025-06-16 06:34:25.946",
      "normalized_name": "attention_check/attention_check_Others.png",
      "meme_name": "attention_check",
      "post_id": null,
      "english_label": "others",
      "response_time_ms": 3007
    },
    {
      "image_path": "Charlie-Day/Charlie-Day_41.png",
      "label": "其他",
      "response_time": "00:00:05.408",
      "timestamp_unix": 1750055671,
      "timestamp_unix_ms": 1750055671434,
      "timestamp_readable": "2025-06-16 06:34:31.434",
      "normalized_name": "Charlie-Day/Charlie-Day",
      "meme_name": "Charlie-Day",
      "post_id": 41,
      "english_label": "others",
      "response_time_ms": 5408
    },
    {
      "image_path": "Khan/Khan_29.png",
      "label": "憤怒",
      "response_time": "00:00:03.301",
      "timestamp_unix": 1750055674,
      "timestamp_unix_ms": 1750055674890,
      "timestamp_readable": "2025-06-16 06:34:34.890",
      "normalized_name": "Khan/Khan",
      "meme_name": "Khan",
      "post_id": 29,
      "english_label": "anger",
      "response_time_ms": 3301
    },
    {
      "image_path": "I-am-once-again-asking/I-am-once-again-asking_50.png",
      "label": "其他",
      "response_time": "00:00:08.504",
      "timestamp_unix": 1750055683,
      "timestamp_unix_ms": 1750055683527,
      "timestamp_readable": "2025-06-16 06:34:43.527",
      "normalized_name": "I-am-once-again-asking/I-am-once-again-asking",
      "meme_name": "I-am-once-again-asking",
      "post_id": 50,
      "english_label": "others",
      "response_time_ms": 8504
    },
    {
      "image_path": "Nuclear-Explosion/Nuclear-Explosion_4.png",
      "label": "憤怒",
      "response_time": "00:00:04.910",
      "timestamp_unix": 1750055688,
      "timestamp_unix_ms": 1750055688542,
      "timestamp_readable": "2025-06-16 06:34:48.542",
      "normalized_name": "Nuclear-Explosion/Nuclear-Explosion",
      "meme_name": "Nuclear-Explosion",
      "post_id": 4,
      "english_label": "anger",
      "response_time_ms": 4910
    },
    {
      "image_path": "Picard-Wtf/Picard-Wtf_14.png",
      "label": "其他",
      "response_time": "00:00:06.512",
      "timestamp_unix": 1750055695,
      "timestamp_unix_ms": 1750055695118,
      "timestamp_readable": "2025-06-16 06:34:55.118",
      "normalized_name": "Picard-Wtf/Picard-Wtf",
      "meme_name": "Picard-Wtf",
      "post_id": 14,
      "english_label": "others",
      "response_time_ms": 6512
    },
    {
      "image_path": "Mocking-Spongebob/Mocking-Spongebob_38.png",
      "label": "其他",
      "response_time": "00:00:06.915",
      "timestamp_unix": 1750055702,
      "timestamp_unix_ms": 1750055702082,
      "timestamp_readable": "2025-06-16 06:35:02.082",
      "normalized_name": "Mocking-Spongebob/Mocking-Spongebob",
      "meme_name": "Mocking-Spongebob",
      "post_id": 38,
      "english_label": "others",
      "response_time_ms": 6915
    },
    {
      "image_path": "Disappointed-Man/Disappointed-Man_20.png",
      "label": "厭惡",
      "response_time": "00:00:09.905",
      "timestamp_unix": 1750055712,
      "timestamp_unix_ms": 1750055712082,
      "timestamp_readable": "2025-06-16 06:35:12.082",
      "normalized_name": "Disappointed-Man/Disappointed-Man",
      "meme_name": "Disappointed-Man",
      "post_id": 20,
      "english_label": "disgust",
      "response_time_ms": 9905
    },
    {
      "image_path": "Batman-Slapping-Robin/Batman-Slapping-Robin_13.png",
      "label": "憤怒",
      "response_time": "00:00:09.110",
      "timestamp_unix": 1750055721,
      "timestamp_unix_ms": 1750055721338,
      "timestamp_readable": "2025-06-16 06:35:21.338",
      "normalized_name": "Batman-Slapping-Robin/Batman-Slapping-Robin",
      "meme_name": "Batman-Slapping-Robin",
      "post_id": 13,
      "english_label": "anger",
      "response_time_ms": 9110
    },
    {
      "image_path": "Laughing-wolf/Laughing-wolf_28.png",
      "label": "輕蔑",
      "response_time": "00:00:05.811",
      "timestamp_unix": 1750055727,
      "timestamp_unix_ms": 1750055727246,
      "timestamp_readable": "2025-06-16 06:35:27.246",
      "normalized_name": "Laughing-wolf/Laughing-wolf",
      "meme_name": "Laughing-wolf",
      "post_id": 28,
      "english_label": "contempt",
      "response_time_ms": 5811
    },
    {
      "image_path": "Leonardo-Dicaprio-Wolf-Of-Wall-Street/Leonardo-Dicaprio-Wolf-Of-Wall-Street_24.png",
      "label": "其他",
      "response_time": "00:00:07.511",
      "timestamp_unix": 1750055734,
      "timestamp_unix_ms": 1750055734898,
      "timestamp_readable": "2025-06-16 06:35:34.898",
      "normalized_name": "Leonardo-Dicaprio-Wolf-Of-Wall-Street/Leonardo-Dicaprio-Wolf-Of-Wall-Street",
      "meme_name": "Leonardo-Dicaprio-Wolf-Of-Wall-Street",
      "post_id": 24,
      "english_label": "others",
      "response_time_ms": 7511
    },
    {
      "image_path": "Afraid-To-Ask-Andy/Afraid-To-Ask-Andy_19.png",
      "label": "其他",
      "response_time": "00:00:05.909",
      "timestamp_unix": 1750055740,
      "timestamp_unix_ms": 1750055740958,
      "timestamp_readable": "2025-06-16 06:35:40.958",
      "normalized_name": "Afraid-To-Ask-Andy/Afraid-To-Ask-Andy",
      "meme_name": "Afraid-To-Ask-Andy",
      "post_id": 19,
      "english_label": "others",
      "response_time_ms": 5909
    },
    {
      "image_path": "Thats-a-paddlin/Thats-a-paddlin_33.png",
      "label": "其他",
      "response_time": "00:00:04.501",
      "timestamp_unix": 1750055745,
      "timestamp_unix_ms": 1750055745578,
      "timestamp_readable": "2025-06-16 06:35:45.578",
      "normalized_name": "Thats-a-paddlin/Thats-a-paddlin",
      "meme_name": "Thats-a-paddlin",
      "post_id": 33,
      "english_label": "others",
      "response_time_ms": 4501
    },
    {
      "image_path": "Spiderman-Hospital/Spiderman-Hospital_45.png",
      "label": "其他",
      "response_time": "00:00:04.101",
      "timestamp_unix": 1750055749,
      "timestamp_unix_ms": 1750055749831,
      "timestamp_readable": "2025-06-16 06:35:49.831",
      "normalized_name": "Spiderman-Hospital/Spiderman-Hospital",
      "meme_name": "Spiderman-Hospital",
      "post_id": 45,
      "english_label": "others",
      "response_time_ms": 4101
    },
    {
      "image_path": "Kevin-Hart/Kevin-Hart_10.png",
      "label": "其他",
      "response_time": "00:00:07.200",
      "timestamp_unix": 1750055757,
      "timestamp_unix_ms": 1750055757166,
      "timestamp_readable": "2025-06-16 06:35:57.166",
      "normalized_name": "Kevin-Hart/Kevin-Hart",
      "meme_name": "Kevin-Hart",
      "post_id": 10,
      "english_label": "others",
      "response_time_ms": 7200
    },
    {
      "image_path": "Smudge-the-cat/Smudge-the-cat_18.png",
      "label": "其他",
      "response_time": "00:00:04.211",
      "timestamp_unix": 1750055761,
      "timestamp_unix_ms": 1750055761502,
      "timestamp_readable": "2025-06-16 06:36:01.502",
      "normalized_name": "Smudge-the-cat/Smudge-the-cat",
      "meme_name": "Smudge-the-cat",
      "post_id": 18,
      "english_label": "others",
      "response_time_ms": 4211
    },
    {
      "image_path": "Always-Has-Been/Always-Has-Been_39.png",
      "label": "其他",
      "response_time": "00:00:03.604",
      "timestamp_unix": 1750055765,
      "timestamp_unix_ms": 1750055765197,
      "timestamp_readable": "2025-06-16 06:36:05.197",
      "normalized_name": "Always-Has-Been/Always-Has-Been",
      "meme_name": "Always-Has-Been",
      "post_id": 39,
      "english_label": "others",
      "response_time_ms": 3604
    },
    {
      "image_path": "Dinkleberg/Dinkleberg_47.png",
      "label": "輕蔑",
      "response_time": "00:00:05.211",
      "timestamp_unix": 1750055770,
      "timestamp_unix_ms": 1750055770550,
      "timestamp_readable": "2025-06-16 06:36:10.550",
      "normalized_name": "Dinkleberg/Dinkleberg",
      "meme_name": "Dinkleberg",
      "post_id": 47,
      "english_label": "contempt",
      "response_time_ms": 5211
    },
    {
      "image_path": "Math-ladyConfused-lady/Math-ladyConfused-lady_25.png",
      "label": "其他",
      "response_time": "00:00:06.204",
      "timestamp_unix": 1750055776,
      "timestamp_unix_ms": 1750055776894,
      "timestamp_readable": "2025-06-16 06:36:16.894",
      "normalized_name": "Math-ladyConfused-lady/Math-ladyConfused-lady",
      "meme_name": "Math-ladyConfused-lady",
      "post_id": 25,
      "english_label": "others",
      "response_time_ms": 6204
    },
    {
      "image_path": "Ill-Have-You-Know-Spongebob/Ill-Have-You-Know-Spongebob_7.png",
      "label": "輕蔑",
      "response_time": "00:00:08.502",
      "timestamp_unix": 1750055785,
      "timestamp_unix_ms": 1750055785539,
      "timestamp_readable": "2025-06-16 06:36:25.539",
      "normalized_name": "Ill-Have-You-Know-Spongebob/Ill-Have-You-Know-Spongebob",
      "meme_name": "Ill-Have-You-Know-Spongebob",
      "post_id": 7,
      "english_label": "contempt",
      "response_time_ms": 8502
    },
    {
      "image_path": "Always-you-three/Always-you-three_11.png",
      "label": "其他",
      "response_time": "00:00:04.813",
      "timestamp_unix": 1750055790,
      "timestamp_unix_ms": 1750055790486,
      "timestamp_readable": "2025-06-16 06:36:30.486",
      "normalized_name": "Always-you-three/Always-you-three",
      "meme_name": "Always-you-three",
      "post_id": 11,
      "english_label": "others",
      "response_time_ms": 4813
    },
    {
      "image_path": "Futurama-Fry/Futurama-Fry_22.png",
      "label": "輕蔑",
      "response_time": "00:00:04.108",
      "timestamp_unix": 1750055794,
      "timestamp_unix_ms": 1750055794758,
      "timestamp_readable": "2025-06-16 06:36:34.758",
      "normalized_name": "Futurama-Fry/Futurama-Fry",
      "meme_name": "Futurama-Fry",
      "post_id": 22,
      "english_label": "contempt",
      "response_time_ms": 4108
    },
    {
      "image_path": "attention_check/attention_check_Contempt.png",
      "label": "輕蔑",
      "response_time": "00:00:02.514",
      "timestamp_unix": 1750055797,
      "timestamp_unix_ms": 1750055797406,
      "timestamp_readable": "2025-06-16 06:36:37.406",
      "normalized_name": "attention_check/attention_check_Contempt.png",
      "meme_name": "attention_check",
      "post_id": null,
      "english_label": "contempt",
      "response_time_ms": 2514
    },
    {
      "image_path": "Monkey-Puppet/Monkey-Puppet_46.png",
      "label": "其他",
      "response_time": "00:00:05.601",
      "timestamp_unix": 1750055803,
      "timestamp_unix_ms": 1750055803142,
      "timestamp_readable": "2025-06-16 06:36:43.142",
      "normalized_name": "Monkey-Puppet/Monkey-Puppet",
      "meme_name": "Monkey-Puppet",
      "post_id": 46,
      "english_label": "others",
      "response_time_ms": 5601
    },
    {
      "image_path": "Happy--Shock/Happy--Shock_49.png",
      "label": "其他",
      "response_time": "00:00:11.710",
      "timestamp_unix": 1750055814,
      "timestamp_unix_ms": 1750055814962,
      "timestamp_readable": "2025-06-16 06:36:54.962",
      "normalized_name": "Happy--Shock/Happy--Shock",
      "meme_name": "Happy--Shock",
      "post_id": 49,
      "english_label": "others",
      "response_time_ms": 11710
    },
    {
      "image_path": "Persian-Cat-Room-Guardian/Persian-Cat-Room-Guardian_48.png",
      "label": "其他",
      "response_time": "00:00:08.701",
      "timestamp_unix": 1750055823,
      "timestamp_unix_ms": 1750055823863,
      "timestamp_readable": "2025-06-16 06:37:03.863",
      "normalized_name": "Persian-Cat-Room-Guardian/Persian-Cat-Room-Guardian",
      "meme_name": "Persian-Cat-Room-Guardian",
      "post_id": 48,
      "english_label": "others",
      "response_time_ms": 8701
    },
    {
      "image_path": "Scooby-doo-mask-reveal/Scooby-doo-mask-reveal_12.png",
      "label": "其他",
      "response_time": "00:00:05.600",
      "timestamp_unix": 1750055829,
      "timestamp_unix_ms": 1750055829534,
      "timestamp_readable": "2025-06-16 06:37:09.534",
      "normalized_name": "Scooby-doo-mask-reveal/Scooby-doo-mask-reveal",
      "meme_name": "Scooby-doo-mask-reveal",
      "post_id": 12,
      "english_label": "others",
      "response_time_ms": 5600
    },
    {
      "image_path": "Gru-Gun/Gru-Gun_30.png",
      "label": "其他",
      "response_time": "00:00:06.915",
      "timestamp_unix": 1750055836,
      "timestamp_unix_ms": 1750055836542,
      "timestamp_readable": "2025-06-16 06:37:16.542",
      "normalized_name": "Gru-Gun/Gru-Gun",
      "meme_name": "Gru-Gun",
      "post_id": 30,
      "english_label": "others",
      "response_time_ms": 6915
    },
    {
      "image_path": "Im-The-Captain-Now/Im-The-Captain-Now_31.png",
      "label": "其他",
      "response_time": "00:00:05.700",
      "timestamp_unix": 1750055842,
      "timestamp_unix_ms": 1750055842395,
      "timestamp_readable": "2025-06-16 06:37:22.395",
      "normalized_name": "Im-The-Captain-Now/Im-The-Captain-Now",
      "meme_name": "Im-The-Captain-Now",
      "post_id": 31,
      "english_label": "others",
      "response_time_ms": 5700
    }
  ],
  "session_start_unix": 1750055442,
  "session_status": "completed",
  "last_updated_unix": 1750055865,
  "image_order": [
    "Spiderman-Hospital/Spiderman-Hospital_45.png",
    "Happy--Shock/Happy--Shock_49.png",
    "Chill-guy/Chill-guy_35.png",
    "I-am-once-again-asking/I-am-once-again-asking_50.png",
    "Math-ladyConfused-lady/Math-ladyConfused-lady_25.png",
    "Archer/Archer_34.png",
    "Leonardo-Dicaprio-Wolf-Of-Wall-Street/Leonardo-Dicaprio-Wolf-Of-Wall-Street_24.png",
    "Mocking-Spongebob/Mocking-Spongebob_38.png",
    "Afraid-To-Ask-Andy/Afraid-To-Ask-Andy_19.png",
    "Charlie-Day/Charlie-Day_41.png",
    "Always-Has-Been/Always-Has-Been_39.png",
    "Picard-Wtf/Picard-Wtf_14.png",
    "Batman-Slapping-Robin/Batman-Slapping-Robin_13.png",
    "For-the-better-right-blank/For-the-better-right-blank_42.png",
    "Drake-NoYes/Drake-NoYes_40.png",
    "Laughing-wolf/Laughing-wolf_28.png",
    "DJ-Pauly-D/DJ-Pauly-D_23.png",
    "Always-you-three/Always-you-three_11.png",
    "Disappointed-Man/Disappointed-Man_20.png",
    "Smudge-the-cat/Smudge-the-cat_18.png",
    "Thats-a-paddlin/Thats-a-paddlin_33.png",
    "Hide-the-Pain-Harold/Hide-the-Pain-Harold_16.png",
    "Hold-fart/Hold-fart_3.png",
    "attention_check/attention_check_Others.png",
    "Im-The-Captain-Now/Im-The-Captain-Now_31.png",
    "Obi-Wan-Kenobi/Obi-Wan-Kenobi_37.png",
    "Spongebob-Yelling/Spongebob-Yelling_5.png",
    "Nuclear-Explosion/Nuclear-Explosion_4.png",
    "Dinkleberg/Dinkleberg_47.png",
    "Scooby-doo-mask-reveal/Scooby-doo-mask-reveal_12.png",
    "Disaster-Girl/Disaster-Girl_15.png",
    "Black-guy-hiding-behind-tree/Black-guy-hiding-behind-tree_9.png",
    "You-The-Real-MVP/You-The-Real-MVP_43.png",
    "Moe-throws-Barney/Moe-throws-Barney_44.png",
    "Ill-Have-You-Know-Spongebob/Ill-Have-You-Know-Spongebob_7.png",
    "Futurama-Fry/Futurama-Fry_22.png",
    "Monkey-Puppet/Monkey-Puppet_46.png",
    "Confused-Gandalf/Confused-Gandalf_27.png",
    "Mr-incredible-mad/Mr-incredible-mad_21.png",
    "Dave-chappelle/Dave-chappelle_2.png",
    "Surprised-Pikachu/Surprised-Pikachu_8.png",
    "Table-Flip-Guy/Table-Flip-Guy_36.png",
    "Kevin-Hart/Kevin-Hart_10.png",
    "Well-Yes-But-Actually-No/Well-Yes-But-Actually-No_26.png",
    "Mr-McMahon-reaction/Mr-McMahon-reaction_17.png",
    "attention_check/attention_check_Contempt.png",
    "Gru-Gun/Gru-Gun_30.png",
    "Persian-Cat-Room-Guardian/Persian-Cat-Room-Guardian_48.png",
    "Put-It-Somewhere-Else-Patrick/Put-It-Somewhere-Else-Patrick_1.png",
    "Angry-Baby/Angry-Baby_6.png",
    "Arthur-Fist/Arthur-Fist_32.png",
    "Khan/Khan_29.png"
  ],
  "completion_status": {
    "practice_completed": true,
    "game_started": true,
    "game_completed": true,
    "summary_viewed": true,
    "email_submitted": true
  },
  "timestamps_unix": {
    "registration_completed": 1750055442,
    "practice_started": 1750055442,
    "practice_completed": 1750055492,
    "game_started": 1750055492,
    "first_label": 1750055500,
    "last_label": 1750055842,
    "game_completed": 1750055845,
    "summary_viewed": 1750055845,
    "email_submitted": 1750055865,
    "session_end": 1750055865,
    "last_updated": 1750055865
  },
  "timestamps_unix_ms": {
    "registration_completed_ms": 1750055442854,
    "practice_started_ms": 1750055442901,
    "practice_completed_ms": 1750055492097,
    "game_started_ms": 1750055492116,
    "first_label_ms": 1750055500126,
    "last_label_ms": 1750055842395,
    "game_completed_ms": 1750055845336,
    "summary_viewed_ms": 1750055845357,
    "email_submitted_ms": 1750055865602,
    "session_end_ms": 1750055865602,
    "last_updated_ms": 1750055865602
  },
  "duration_stats_ms": {
    "total_session_duration_ms": 422748,
    "practice_duration_ms": 49196,
    "game_duration_ms": 353220,
    "labeling_duration_ms": 342269,
    "email_submission_duration_ms": 20245
  },
  "filename_updated_unix": 1750055845,
  "original_filename": "user_25c776",
  "completion_status_in_filename": "email_submitted"
}