{
  "user_id": "user_427bdd",
  "file_name": "user_427bdd_1751642891_1751643711_fullycomplete",
  "unix_start_time": 1751642891,
  "unix_start_time_ms": 1751642891865,
  "unix_end_time": 1751643711,
  "unix_end_time_ms": 1751643711376,
  "age": "18-24",
  "gender": "female",
  "user_agent": "Mozilla/5.0 (Windows NT 10.0; Win64; x64) AppleWebKit/537.36 (KHTML, like Gecko) Chrome/138.0.0.0 Safari/537.36",
  "user_ip": "36.226.191.151",
  "status": "complete",
  "email_provided": "complete",
  "attention_passed": true,
  "start_time_readable": "2025-07-04 15:28:11.865",
  "end_time_readable": "2025-07-04 15:41:51.376",
  "total_labels": 52,
  "emotion_summary": {
    "anger": 8,
    "contempt": 17,
    "disgust": 7,
    "others": 20
  },
  "email": "pengminwen1@gmail.com",
  "participation": "yes",
  "total_responses": 52,
  "responses": [
    {
      "image_path": "Hide-the-Pain-Harold/Hide-the-Pain-Harold_14.png",
      "label": "輕蔑",
      "response_time": "00:00:08.003",
      "timestamp_unix": 1751643148,
      "timestamp_unix_ms": 1751643148814,
      "timestamp_readable": "2025-07-04 15:32:28.814",
      "normalized_name": "Hide-the-Pain-Harold/Hide-the-Pain-Harold",
      "meme_name": "Hide-the-Pain-Harold",
      "post_id": 14,
      "english_label": "contempt",
      "response_time_ms": 8003
    },
    {
      "image_path": "Disaster-Girl/Disaster-Girl_50.png",
      "label": "憤怒",
      "response_time": "00:00:07.405",
      "timestamp_unix": 1751643156,
      "timestamp_unix_ms": 1751643156279,
      "timestamp_readable": "2025-07-04 15:32:36.279",
      "normalized_name": "Disaster-Girl/Disaster-Girl",
      "meme_name": "Disaster-Girl",
      "post_id": 50,
      "english_label": "anger",
      "response_time_ms": 7405
    },
    {
      "image_path": "Math-ladyConfused-lady/Math-ladyConfused-lady_9.png",
      "label": "其他",
      "response_time": "00:00:06.502",
      "timestamp_unix": 1751643162,
      "timestamp_unix_ms": 1751643162824,
      "timestamp_readable": "2025-07-04 15:32:42.824",
      "normalized_name": "Math-ladyConfused-lady/Math-ladyConfused-lady",
      "meme_name": "Math-ladyConfused-lady",
      "post_id": 9,
      "english_label": "others",
      "response_time_ms": 6502
    },
    {
      "image_path": "Spiderman-Hospital/Spiderman-Hospital_25.png",
      "label": "其他",
      "response_time": "00:00:08.807",
      "timestamp_unix": 1751643171,
      "timestamp_unix_ms": 1751643171674,
      "timestamp_readable": "2025-07-04 15:32:51.674",
      "normalized_name": "Spiderman-Hospital/Spiderman-Hospital",
      "meme_name": "Spiderman-Hospital",
      "post_id": 25,
      "english_label": "others",
      "response_time_ms": 8807
    },
    {
      "image_path": "Spongebob-Yelling/Spongebob-Yelling_33.png",
      "label": "輕蔑",
      "response_time": "00:00:16.404",
      "timestamp_unix": 1751643188,
      "timestamp_unix_ms": 1751643188124,
      "timestamp_readable": "2025-07-04 15:33:08.124",
      "normalized_name": "Spongebob-Yelling/Spongebob-Yelling",
      "meme_name": "Spongebob-Yelling",
      "post_id": 33,
      "english_label": "contempt",
      "response_time_ms": 16404
    },
    {
      "image_path": "Obi-Wan-Kenobi/Obi-Wan-Kenobi_16.png",
      "label": "其他",
      "response_time": "00:00:07.201",
      "timestamp_unix": 1751643195,
      "timestamp_unix_ms": 1751643195406,
      "timestamp_readable": "2025-07-04 15:33:15.406",
      "normalized_name": "Obi-Wan-Kenobi/Obi-Wan-Kenobi",
      "meme_name": "Obi-Wan-Kenobi",
      "post_id": 16,
      "english_label": "others",
      "response_time_ms": 7201
    },
    {
      "image_path": "Dinkleberg/Dinkleberg_21.png",
      "label": "厭惡",
      "response_time": "00:00:04.409",
      "timestamp_unix": 1751643199,
      "timestamp_unix_ms": 1751643199933,
      "timestamp_readable": "2025-07-04 15:33:19.933",
      "normalized_name": "Dinkleberg/Dinkleberg",
      "meme_name": "Dinkleberg",
      "post_id": 21,
      "english_label": "disgust",
      "response_time_ms": 4409
    },
    {
      "image_path": "I-am-once-again-asking/I-am-once-again-asking_19.png",
      "label": "憤怒",
      "response_time": "00:00:15.803",
      "timestamp_unix": 1751643215,
      "timestamp_unix_ms": 1751643215833,
      "timestamp_readable": "2025-07-04 15:33:35.833",
      "normalized_name": "I-am-once-again-asking/I-am-once-again-asking",
      "meme_name": "I-am-once-again-asking",
      "post_id": 19,
      "english_label": "anger",
      "response_time_ms": 15803
    },
    {
      "image_path": "Batman-Slapping-Robin/Batman-Slapping-Robin_40.png",
      "label": "厭惡",
      "response_time": "00:00:11.003",
      "timestamp_unix": 1751643226,
      "timestamp_unix_ms": 1751643226885,
      "timestamp_readable": "2025-07-04 15:33:46.885",
      "normalized_name": "Batman-Slapping-Robin/Batman-Slapping-Robin",
      "meme_name": "Batman-Slapping-Robin",
      "post_id": 40,
      "english_label": "disgust",
      "response_time_ms": 11003
    },
    {
      "image_path": "Gru-Gun/Gru-Gun_2.png",
      "label": "憤怒",
      "response_time": "00:00:13.908",
      "timestamp_unix": 1751643240,
      "timestamp_unix_ms": 1751643240846,
      "timestamp_readable": "2025-07-04 15:34:00.846",
      "normalized_name": "Gru-Gun/Gru-Gun",
      "meme_name": "Gru-Gun",
      "post_id": 2,
      "english_label": "anger",
      "response_time_ms": 13908
    },
    {
      "image_path": "Always-you-three/Always-you-three_31.png",
      "label": "其他",
      "response_time": "00:00:07.302",
      "timestamp_unix": 1751643248,
      "timestamp_unix_ms": 1751643248213,
      "timestamp_readable": "2025-07-04 15:34:08.213",
      "normalized_name": "Always-you-three/Always-you-three",
      "meme_name": "Always-you-three",
      "post_id": 31,
      "english_label": "others",
      "response_time_ms": 7302
    },
    {
      "image_path": "Confused-Gandalf/Confused-Gandalf_23.png",
      "label": "其他",
      "response_time": "00:00:08.406",
      "timestamp_unix": 1751643256,
      "timestamp_unix_ms": 1751643256742,
      "timestamp_readable": "2025-07-04 15:34:16.742",
      "normalized_name": "Confused-Gandalf/Confused-Gandalf",
      "meme_name": "Confused-Gandalf",
      "post_id": 23,
      "english_label": "others",
      "response_time_ms": 8406
    },
    {
      "image_path": "DJ-Pauly-D/DJ-Pauly-D_43.png",
      "label": "輕蔑",
      "response_time": "00:00:06.006",
      "timestamp_unix": 1751643262,
      "timestamp_unix_ms": 1751643262870,
      "timestamp_readable": "2025-07-04 15:34:22.870",
      "normalized_name": "DJ-Pauly-D/DJ-Pauly-D",
      "meme_name": "DJ-Pauly-D",
      "post_id": 43,
      "english_label": "contempt",
      "response_time_ms": 6006
    },
    {
      "image_path": "Drake-NoYes/Drake-NoYes_11.png",
      "label": "輕蔑",
      "response_time": "00:00:09.612",
      "timestamp_unix": 1751643272,
      "timestamp_unix_ms": 1751643272510,
      "timestamp_readable": "2025-07-04 15:34:32.510",
      "normalized_name": "Drake-NoYes/Drake-NoYes",
      "meme_name": "Drake-NoYes",
      "post_id": 11,
      "english_label": "contempt",
      "response_time_ms": 9612
    },
    {
      "image_path": "Kevin-Hart/Kevin-Hart_13.png",
      "label": "其他",
      "response_time": "00:00:11.404",
      "timestamp_unix": 1751643283,
      "timestamp_unix_ms": 1751643283976,
      "timestamp_readable": "2025-07-04 15:34:43.976",
      "normalized_name": "Kevin-Hart/Kevin-Hart",
      "meme_name": "Kevin-Hart",
      "post_id": 13,
      "english_label": "others",
      "response_time_ms": 11404
    },
    {
      "image_path": "Happy--Shock/Happy--Shock_17.png",
      "label": "輕蔑",
      "response_time": "00:00:08.300",
      "timestamp_unix": 1751643292,
      "timestamp_unix_ms": 1751643292405,
      "timestamp_readable": "2025-07-04 15:34:52.405",
      "normalized_name": "Happy--Shock/Happy--Shock",
      "meme_name": "Happy--Shock",
      "post_id": 17,
      "english_label": "contempt",
      "response_time_ms": 8300
    },
    {
      "image_path": "Put-It-Somewhere-Else-Patrick/Put-It-Somewhere-Else-Patrick_4.png",
      "label": "憤怒",
      "response_time": "00:00:08.214",
      "timestamp_unix": 1751643300,
      "timestamp_unix_ms": 1751643300663,
      "timestamp_readable": "2025-07-04 15:35:00.663",
      "normalized_name": "Put-It-Somewhere-Else-Patrick/Put-It-Somewhere-Else-Patrick",
      "meme_name": "Put-It-Somewhere-Else-Patrick",
      "post_id": 4,
      "english_label": "anger",
      "response_time_ms": 8214
    },
    {
      "image_path": "Picard-Wtf/Picard-Wtf_1.png",
      "label": "輕蔑",
      "response_time": "00:00:03.901",
      "timestamp_unix": 1751643304,
      "timestamp_unix_ms": 1751643304681,
      "timestamp_readable": "2025-07-04 15:35:04.681",
      "normalized_name": "Picard-Wtf/Picard-Wtf",
      "meme_name": "Picard-Wtf",
      "post_id": 1,
      "english_label": "contempt",
      "response_time_ms": 3901
    },
    {
      "image_path": "Scooby-doo-mask-reveal/Scooby-doo-mask-reveal_18.png",
      "label": "其他",
      "response_time": "00:00:08.510",
      "timestamp_unix": 1751643313,
      "timestamp_unix_ms": 1751643313302,
      "timestamp_readable": "2025-07-04 15:35:13.302",
      "normalized_name": "Scooby-doo-mask-reveal/Scooby-doo-mask-reveal",
      "meme_name": "Scooby-doo-mask-reveal",
      "post_id": 18,
      "english_label": "others",
      "response_time_ms": 8510
    },
    {
      "image_path": "Ill-Have-You-Know-Spongebob/Ill-Have-You-Know-Spongebob_12.png",
      "label": "厭惡",
      "response_time": "00:00:04.901",
      "timestamp_unix": 1751643318,
      "timestamp_unix_ms": 1751643318251,
      "timestamp_readable": "2025-07-04 15:35:18.251",
      "normalized_name": "Ill-Have-You-Know-Spongebob/Ill-Have-You-Know-Spongebob",
      "meme_name": "Ill-Have-You-Know-Spongebob",
      "post_id": 12,
      "english_label": "disgust",
      "response_time_ms": 4901
    },
    {
      "image_path": "Smudge-the-cat/Smudge-the-cat_34.png",
      "label": "其他",
      "response_time": "00:00:12.306",
      "timestamp_unix": 1751643330,
      "timestamp_unix_ms": 1751643330641,
      "timestamp_readable": "2025-07-04 15:35:30.641",
      "normalized_name": "Smudge-the-cat/Smudge-the-cat",
      "meme_name": "Smudge-the-cat",
      "post_id": 34,
      "english_label": "others",
      "response_time_ms": 12306
    },
    {
      "image_path": "attention_check/attention_check_Disgust.png",
      "label": "厭惡",
      "response_time": "00:00:03.009",
      "timestamp_unix": 1751643333,
      "timestamp_unix_ms": 1751643333732,
      "timestamp_readable": "2025-07-04 15:35:33.732",
      "normalized_name": "attention_check/attention_check_Disgust.png",
      "meme_name": "attention_check",
      "post_id": null,
      "english_label": "disgust",
      "response_time_ms": 3009
    },
    {
      "image_path": "Persian-Cat-Room-Guardian/Persian-Cat-Room-Guardian_6.png",
      "label": "輕蔑",
      "response_time": "00:00:12.805",
      "timestamp_unix": 1751643346,
      "timestamp_unix_ms": 1751643346589,
      "timestamp_readable": "2025-07-04 15:35:46.589",
      "normalized_name": "Persian-Cat-Room-Guardian/Persian-Cat-Room-Guardian",
      "meme_name": "Persian-Cat-Room-Guardian",
      "post_id": 6,
      "english_label": "contempt",
      "response_time_ms": 12805
    },
    {
      "image_path": "Charlie-Day/Charlie-Day_48.png",
      "label": "輕蔑",
      "response_time": "00:00:07.007",
      "timestamp_unix": 1751643353,
      "timestamp_unix_ms": 1751643353674,
      "timestamp_readable": "2025-07-04 15:35:53.674",
      "normalized_name": "Charlie-Day/Charlie-Day",
      "meme_name": "Charlie-Day",
      "post_id": 48,
      "english_label": "contempt",
      "response_time_ms": 7007
    },
    {
      "image_path": "Table-Flip-Guy/Table-Flip-Guy_44.png",
      "label": "輕蔑",
      "response_time": "00:00:14.501",
      "timestamp_unix": 1751643368,
      "timestamp_unix_ms": 1751643368274,
      "timestamp_readable": "2025-07-04 15:36:08.274",
      "normalized_name": "Table-Flip-Guy/Table-Flip-Guy",
      "meme_name": "Table-Flip-Guy",
      "post_id": 44,
      "english_label": "contempt",
      "response_time_ms": 14501
    },
    {
      "image_path": "Mr-McMahon-reaction/Mr-McMahon-reaction_15.png",
      "label": "其他",
      "response_time": "00:00:08.401",
      "timestamp_unix": 1751643376,
      "timestamp_unix_ms": 1751643376806,
      "timestamp_readable": "2025-07-04 15:36:16.806",
      "normalized_name": "Mr-McMahon-reaction/Mr-McMahon-reaction",
      "meme_name": "Mr-McMahon-reaction",
      "post_id": 15,
      "english_label": "others",
      "response_time_ms": 8401
    },
    {
      "image_path": "Archer/Archer_7.png",
      "label": "其他",
      "response_time": "00:00:17.900",
      "timestamp_unix": 1751643394,
      "timestamp_unix_ms": 1751643394768,
      "timestamp_readable": "2025-07-04 15:36:34.768",
      "normalized_name": "Archer/Archer",
      "meme_name": "Archer",
      "post_id": 7,
      "english_label": "others",
      "response_time_ms": 17900
    },
    {
      "image_path": "Moe-throws-Barney/Moe-throws-Barney_32.png",
      "label": "憤怒",
      "response_time": "00:00:07.405",
      "timestamp_unix": 1751643402,
      "timestamp_unix_ms": 1751643402284,
      "timestamp_readable": "2025-07-04 15:36:42.284",
      "normalized_name": "Moe-throws-Barney/Moe-throws-Barney",
      "meme_name": "Moe-throws-Barney",
      "post_id": 32,
      "english_label": "anger",
      "response_time_ms": 7405
    },
    {
      "image_path": "Khan/Khan_39.png",
      "label": "其他",
      "response_time": "00:00:08.113",
      "timestamp_unix": 1751643410,
      "timestamp_unix_ms": 1751643410517,
      "timestamp_readable": "2025-07-04 15:36:50.517",
      "normalized_name": "Khan/Khan",
      "meme_name": "Khan",
      "post_id": 39,
      "english_label": "others",
      "response_time_ms": 8113
    },
    {
      "image_path": "Laughing-wolf/Laughing-wolf_8.png",
      "label": "輕蔑",
      "response_time": "00:00:10.309",
      "timestamp_unix": 1751643420,
      "timestamp_unix_ms": 1751643420931,
      "timestamp_readable": "2025-07-04 15:37:00.931",
      "normalized_name": "Laughing-wolf/Laughing-wolf",
      "meme_name": "Laughing-wolf",
      "post_id": 8,
      "english_label": "contempt",
      "response_time_ms": 10309
    },
    {
      "image_path": "Chill-guy/Chill-guy_10.png",
      "label": "其他",
      "response_time": "00:00:07.401",
      "timestamp_unix": 1751643428,
      "timestamp_unix_ms": 1751643428413,
      "timestamp_readable": "2025-07-04 15:37:08.413",
      "normalized_name": "Chill-guy/Chill-guy",
      "meme_name": "Chill-guy",
      "post_id": 10,
      "english_label": "others",
      "response_time_ms": 7401
    },
    {
      "image_path": "Arthur-Fist/Arthur-Fist_42.png",
      "label": "憤怒",
      "response_time": "00:00:15.700",
      "timestamp_unix": 1751643444,
      "timestamp_unix_ms": 1751643444409,
      "timestamp_readable": "2025-07-04 15:37:24.409",
      "normalized_name": "Arthur-Fist/Arthur-Fist",
      "meme_name": "Arthur-Fist",
      "post_id": 42,
      "english_label": "anger",
      "response_time_ms": 15700
    },
    {
      "image_path": "Dave-chappelle/Dave-chappelle_27.png",
      "label": "其他",
      "response_time": "00:00:12.207",
      "timestamp_unix": 1751643456,
      "timestamp_unix_ms": 1751643456743,
      "timestamp_readable": "2025-07-04 15:37:36.743",
      "normalized_name": "Dave-chappelle/Dave-chappelle",
      "meme_name": "Dave-chappelle",
      "post_id": 27,
      "english_label": "others",
      "response_time_ms": 12207
    },
    {
      "image_path": "Futurama-Fry/Futurama-Fry_46.png",
      "label": "厭惡",
      "response_time": "00:00:13.503",
      "timestamp_unix": 1751643470,
      "timestamp_unix_ms": 1751643470354,
      "timestamp_readable": "2025-07-04 15:37:50.354",
      "normalized_name": "Futurama-Fry/Futurama-Fry",
      "meme_name": "Futurama-Fry",
      "post_id": 46,
      "english_label": "disgust",
      "response_time_ms": 13503
    },
    {
      "image_path": "Surprised-Pikachu/Surprised-Pikachu_24.png",
      "label": "輕蔑",
      "response_time": "00:00:08.912",
      "timestamp_unix": 1751643479,
      "timestamp_unix_ms": 1751643479386,
      "timestamp_readable": "2025-07-04 15:37:59.386",
      "normalized_name": "Surprised-Pikachu/Surprised-Pikachu",
      "meme_name": "Surprised-Pikachu",
      "post_id": 24,
      "english_label": "contempt",
      "response_time_ms": 8912
    },
    {
      "image_path": "Nuclear-Explosion/Nuclear-Explosion_28.png",
      "label": "憤怒",
      "response_time": "00:00:05.401",
      "timestamp_unix": 1751643484,
      "timestamp_unix_ms": 1751643484899,
      "timestamp_readable": "2025-07-04 15:38:04.899",
      "normalized_name": "Nuclear-Explosion/Nuclear-Explosion",
      "meme_name": "Nuclear-Explosion",
      "post_id": 28,
      "english_label": "anger",
      "response_time_ms": 5401
    },
    {
      "image_path": "Mr-incredible-mad/Mr-incredible-mad_49.png",
      "label": "憤怒",
      "response_time": "00:00:02.805",
      "timestamp_unix": 1751643487,
      "timestamp_unix_ms": 1751643487813,
      "timestamp_readable": "2025-07-04 15:38:07.813",
      "normalized_name": "Mr-incredible-mad/Mr-incredible-mad",
      "meme_name": "Mr-incredible-mad",
      "post_id": 49,
      "english_label": "anger",
      "response_time_ms": 2805
    },
    {
      "image_path": "Mocking-Spongebob/Mocking-Spongebob_37.png",
      "label": "輕蔑",
      "response_time": "00:00:06.809",
      "timestamp_unix": 1751643494,
      "timestamp_unix_ms": 1751643494669,
      "timestamp_readable": "2025-07-04 15:38:14.669",
      "normalized_name": "Mocking-Spongebob/Mocking-Spongebob",
      "meme_name": "Mocking-Spongebob",
      "post_id": 37,
      "english_label": "contempt",
      "response_time_ms": 6809
    },
    {
      "image_path": "Hold-fart/Hold-fart_45.png",
      "label": "其他",
      "response_time": "00:00:06.907",
      "timestamp_unix": 1751643501,
      "timestamp_unix_ms": 1751643501668,
      "timestamp_readable": "2025-07-04 15:38:21.668",
      "normalized_name": "Hold-fart/Hold-fart",
      "meme_name": "Hold-fart",
      "post_id": 45,
      "english_label": "others",
      "response_time_ms": 6907
    },
    {
      "image_path": "Angry-Baby/Angry-Baby_30.png",
      "label": "其他",
      "response_time": "00:00:05.205",
      "timestamp_unix": 1751643507,
      "timestamp_unix_ms": 1751643507015,
      "timestamp_readable": "2025-07-04 15:38:27.015",
      "normalized_name": "Angry-Baby/Angry-Baby",
      "meme_name": "Angry-Baby",
      "post_id": 30,
      "english_label": "others",
      "response_time_ms": 5205
    },
    {
      "image_path": "Always-Has-Been/Always-Has-Been_38.png",
      "label": "輕蔑",
      "response_time": "00:00:07.603",
      "timestamp_unix": 1751643514,
      "timestamp_unix_ms": 1751643514699,
      "timestamp_readable": "2025-07-04 15:38:34.699",
      "normalized_name": "Always-Has-Been/Always-Has-Been",
      "meme_name": "Always-Has-Been",
      "post_id": 38,
      "english_label": "contempt",
      "response_time_ms": 7603
    },
    {
      "image_path": "Leonardo-Dicaprio-Wolf-Of-Wall-Street/Leonardo-Dicaprio-Wolf-Of-Wall-Street_29.png",
      "label": "輕蔑",
      "response_time": "00:00:07.014",
      "timestamp_unix": 1751643521,
      "timestamp_unix_ms": 1751643521763,
      "timestamp_readable": "2025-07-04 15:38:41.763",
      "normalized_name": "Leonardo-Dicaprio-Wolf-Of-Wall-Street/Leonardo-Dicaprio-Wolf-Of-Wall-Street",
      "meme_name": "Leonardo-Dicaprio-Wolf-Of-Wall-Street",
      "post_id": 29,
      "english_label": "contempt",
      "response_time_ms": 7014
    },
    {
      "image_path": "For-the-better-right-blank/For-the-better-right-blank_3.png",
      "label": "其他",
      "response_time": "00:00:07.000",
      "timestamp_unix": 1751643528,
      "timestamp_unix_ms": 1751643528894,
      "timestamp_readable": "2025-07-04 15:38:48.894",
      "normalized_name": "For-the-better-right-blank/For-the-better-right-blank",
      "meme_name": "For-the-better-right-blank",
      "post_id": 3,
      "english_label": "others",
      "response_time_ms": 7000
    },
    {
      "image_path": "attention_check/attention_check_Others.png",
      "label": "其他",
      "response_time": "00:00:03.102",
      "timestamp_unix": 1751643532,
      "timestamp_unix_ms": 1751643532060,
      "timestamp_readable": "2025-07-04 15:38:52.060",
      "normalized_name": "attention_check/attention_check_Others.png",
      "meme_name": "attention_check",
      "post_id": null,
      "english_label": "others",
      "response_time_ms": 3102
    },
    {
      "image_path": "Disappointed-Man/Disappointed-Man_41.png",
      "label": "厭惡",
      "response_time": "00:00:07.902",
      "timestamp_unix": 1751643540,
      "timestamp_unix_ms": 1751643540061,
      "timestamp_readable": "2025-07-04 15:39:00.061",
      "normalized_name": "Disappointed-Man/Disappointed-Man",
      "meme_name": "Disappointed-Man",
      "post_id": 41,
      "english_label": "disgust",
      "response_time_ms": 7902
    },
    {
      "image_path": "Monkey-Puppet/Monkey-Puppet_47.png",
      "label": "其他",
      "response_time": "00:00:04.401",
      "timestamp_unix": 1751643544,
      "timestamp_unix_ms": 1751643544925,
      "timestamp_readable": "2025-07-04 15:39:04.925",
      "normalized_name": "Monkey-Puppet/Monkey-Puppet",
      "meme_name": "Monkey-Puppet",
      "post_id": 47,
      "english_label": "others",
      "response_time_ms": 4401
    },
    {
      "image_path": "Well-Yes-But-Actually-No/Well-Yes-But-Actually-No_35.png",
      "label": "輕蔑",
      "response_time": "00:00:11.206",
      "timestamp_unix": 1751643556,
      "timestamp_unix_ms": 1751643556174,
      "timestamp_readable": "2025-07-04 15:39:16.174",
      "normalized_name": "Well-Yes-But-Actually-No/Well-Yes-But-Actually-No",
      "meme_name": "Well-Yes-But-Actually-No",
      "post_id": 35,
      "english_label": "contempt",
      "response_time_ms": 11206
    },
    {
      "image_path": "Thats-a-paddlin/Thats-a-paddlin_22.png",
      "label": "厭惡",
      "response_time": "00:00:09.112",
      "timestamp_unix": 1751643565,
      "timestamp_unix_ms": 1751643565321,
      "timestamp_readable": "2025-07-04 15:39:25.321",
      "normalized_name": "Thats-a-paddlin/Thats-a-paddlin",
      "meme_name": "Thats-a-paddlin",
      "post_id": 22,
      "english_label": "disgust",
      "response_time_ms": 9112
    },
    {
      "image_path": "You-The-Real-MVP/You-The-Real-MVP_5.png",
      "label": "輕蔑",
      "response_time": "00:00:16.104",
      "timestamp_unix": 1751643581,
      "timestamp_unix_ms": 1751643581893,
      "timestamp_readable": "2025-07-04 15:39:41.893",
      "normalized_name": "You-The-Real-MVP/You-The-Real-MVP",
      "meme_name": "You-The-Real-MVP",
      "post_id": 5,
      "english_label": "contempt",
      "response_time_ms": 16104
    },
    {
      "image_path": "Im-The-Captain-Now/Im-The-Captain-Now_20.png",
      "label": "其他",
      "response_time": "00:00:48.404",
      "timestamp_unix": 1751643630,
      "timestamp_unix_ms": 1751643630738,
      "timestamp_readable": "2025-07-04 15:40:30.738",
      "normalized_name": "Im-The-Captain-Now/Im-The-Captain-Now",
      "meme_name": "Im-The-Captain-Now",
      "post_id": 20,
      "english_label": "others",
      "response_time_ms": 48404
    },
    {
      "image_path": "Black-guy-hiding-behind-tree/Black-guy-hiding-behind-tree_36.png",
      "label": "其他",
      "response_time": "00:00:06.909",
      "timestamp_unix": 1751643637,
      "timestamp_unix_ms": 1751643637724,
      "timestamp_readable": "2025-07-04 15:40:37.724",
      "normalized_name": "Black-guy-hiding-behind-tree/Black-guy-hiding-behind-tree",
      "meme_name": "Black-guy-hiding-behind-tree",
      "post_id": 36,
      "english_label": "others",
      "response_time_ms": 6909
    },
    {
      "image_path": "Afraid-To-Ask-Andy/Afraid-To-Ask-Andy_26.png",
      "label": "輕蔑",
      "response_time": "00:00:08.200",
      "timestamp_unix": 1751643645,
      "timestamp_unix_ms": 1751643645989,
      "timestamp_readable": "2025-07-04 15:40:45.989",
      "normalized_name": "Afraid-To-Ask-Andy/Afraid-To-Ask-Andy",
      "meme_name": "Afraid-To-Ask-Andy",
      "post_id": 26,
      "english_label": "contempt",
      "response_time_ms": 8200
    }
  ],
  "session_start_unix": 1751642891,
  "session_status": "completed",
  "last_updated_unix": 1751643711,
  "image_order": [
    "Spiderman-Hospital/Spiderman-Hospital_25.png",
    "Happy--Shock/Happy--Shock_17.png",
    "Chill-guy/Chill-guy_10.png",
    "I-am-once-again-asking/I-am-once-again-asking_19.png",
    "Math-ladyConfused-lady/Math-ladyConfused-lady_9.png",
    "Archer/Archer_7.png",
    "Leonardo-Dicaprio-Wolf-Of-Wall-Street/Leonardo-Dicaprio-Wolf-Of-Wall-Street_29.png",
    "Mocking-Spongebob/Mocking-Spongebob_37.png",
    "Afraid-To-Ask-Andy/Afraid-To-Ask-Andy_26.png",
    "Charlie-Day/Charlie-Day_48.png",
    "Always-Has-Been/Always-Has-Been_38.png",
    "Picard-Wtf/Picard-Wtf_1.png",
    "Batman-Slapping-Robin/Batman-Slapping-Robin_40.png",
    "For-the-better-right-blank/For-the-better-right-blank_3.png",
    "Drake-NoYes/Drake-NoYes_11.png",
    "Laughing-wolf/Laughing-wolf_8.png",
    "DJ-Pauly-D/DJ-Pauly-D_43.png",
    "Always-you-three/Always-you-three_31.png",
    "Disappointed-Man/Disappointed-Man_41.png",
    "Smudge-the-cat/Smudge-the-cat_34.png",
    "Thats-a-paddlin/Thats-a-paddlin_22.png",
    "attention_check/attention_check_Disgust.png",
    "Hide-the-Pain-Harold/Hide-the-Pain-Harold_14.png",
    "Hold-fart/Hold-fart_45.png",
    "Im-The-Captain-Now/Im-The-Captain-Now_20.png",
    "Obi-Wan-Kenobi/Obi-Wan-Kenobi_16.png",
    "Spongebob-Yelling/Spongebob-Yelling_33.png",
    "Nuclear-Explosion/Nuclear-Explosion_28.png",
    "Dinkleberg/Dinkleberg_21.png",
    "Scooby-doo-mask-reveal/Scooby-doo-mask-reveal_18.png",
    "Disaster-Girl/Disaster-Girl_50.png",
    "Black-guy-hiding-behind-tree/Black-guy-hiding-behind-tree_36.png",
    "You-The-Real-MVP/You-The-Real-MVP_5.png",
    "Moe-throws-Barney/Moe-throws-Barney_32.png",
    "Ill-Have-You-Know-Spongebob/Ill-Have-You-Know-Spongebob_12.png",
    "Futurama-Fry/Futurama-Fry_46.png",
    "Monkey-Puppet/Monkey-Puppet_47.png",
    "Confused-Gandalf/Confused-Gandalf_23.png",
    "Mr-incredible-mad/Mr-incredible-mad_49.png",
    "Dave-chappelle/Dave-chappelle_27.png",
    "Surprised-Pikachu/Surprised-Pikachu_24.png",
    "Table-Flip-Guy/Table-Flip-Guy_44.png",
    "Kevin-Hart/Kevin-Hart_13.png",
    "attention_check/attention_check_Others.png",
    "Well-Yes-But-Actually-No/Well-Yes-But-Actually-No_35.png",
    "Mr-McMahon-reaction/Mr-McMahon-reaction_15.png",
    "Gru-Gun/Gru-Gun_2.png",
    "Persian-Cat-Room-Guardian/Persian-Cat-Room-Guardian_6.png",
    "Put-It-Somewhere-Else-Patrick/Put-It-Somewhere-Else-Patrick_4.png",
    "Angry-Baby/Angry-Baby_30.png",
    "Arthur-Fist/Arthur-Fist_42.png",
    "Khan/Khan_39.png"
  ],
  "completion_status": {
    "practice_completed": true,
    "game_started": true,
    "game_completed": true,
    "summary_viewed": true,
    "email_submitted": true
  },
  "timestamps_unix": {
    "registration_completed": 1751642891,
    "practice_started": 1751642891,
    "practice_completed": 1751643140,
    "game_started": 1751643140,
    "first_label": 1751643148,
    "last_label": 1751643645,
    "game_completed": 1751643648,
    "summary_viewed": 1751643648,
    "email_submitted": 1751643711,
    "session_end": 1751643711,
    "last_updated": 1751643711
  },
  "timestamps_unix_ms": {
    "registration_completed_ms": 1751642891865,
    "practice_started_ms": 1751642891894,
    "practice_completed_ms": 1751643140649,
    "game_started_ms": 1751643140655,
    "first_label_ms": 1751643148814,
    "last_label_ms": 1751643645989,
    "game_completed_ms": 1751643648490,
    "summary_viewed_ms": 1751643648496,
    "email_submitted_ms": 1751643711368,
    "session_end_ms": 1751643711368,
    "last_updated_ms": 1751643711368
  },
  "duration_stats_ms": {
    "total_session_duration_ms": 819503,
    "practice_duration_ms": 248755,
    "game_duration_ms": 507835,
    "labeling_duration_ms": 497175,
    "email_submission_duration_ms": 62872
  },
  "filename_updated_unix": 1751643648,
  "original_filename": "user_427bdd",
  "completion_status_in_filename": "email_submitted"
}