{
  "user_id": "user_07f9f7",
  "file_name": "user_07f9f7_1751340428_1751340798_fullycomplete",
  "unix_start_time": 1751340428,
  "unix_start_time_ms": 1751340428225,
  "unix_end_time": 1751340798,
  "unix_end_time_ms": 1751340798459,
  "age": "18-24",
  "gender": "male",
  "user_agent": "Mozilla/5.0 (Macintosh; Intel Mac OS X 10_15_7) AppleWebKit/537.36 (KHTML, like Gecko) Chrome/112.0.0.0 Safari/537.36",
  "user_ip": "1.169.57.183",
  "status": "complete",
  "email_provided": "complete",
  "attention_passed": true,
  "start_time_readable": "2025-07-01 03:27:08.225",
  "end_time_readable": "2025-07-01 03:33:18.459",
  "total_labels": 52,
  "emotion_summary": {
    "anger": 13,
    "contempt": 17,
    "disgust": 13,
    "others": 9
  },
  "email": "ching-chi.chou@epfl.ch",
  "participation": "yes",
  "total_responses": 52,
  "responses": [
    {
      "image_path": "Confused-Gandalf/Confused-Gandalf_49.png",
      "label": "輕蔑",
      "response_time": "00:00:08.302",
      "timestamp_unix": 1751340497,
      "timestamp_unix_ms": 1751340497930,
      "timestamp_readable": "2025-07-01 03:28:17.930",
      "normalized_name": "Confused-Gandalf/Confused-Gandalf",
      "meme_name": "Confused-Gandalf",
      "post_id": 49,
      "english_label": "contempt",
      "response_time_ms": 8302
    },
    {
      "image_path": "Moe-throws-Barney/Moe-throws-Barney_44.png",
      "label": "厭惡",
      "response_time": "00:00:04.606",
      "timestamp_unix": 1751340502,
      "timestamp_unix_ms": 1751340502636,
      "timestamp_readable": "2025-07-01 03:28:22.636",
      "normalized_name": "Moe-throws-Barney/Moe-throws-Barney",
      "meme_name": "Moe-throws-Barney",
      "post_id": 44,
      "english_label": "disgust",
      "response_time_ms": 4606
    },
    {
      "image_path": "Leonardo-Dicaprio-Wolf-Of-Wall-Street/Leonardo-Dicaprio-Wolf-Of-Wall-Street_48.png",
      "label": "輕蔑",
      "response_time": "00:00:03.105",
      "timestamp_unix": 1751340505,
      "timestamp_unix_ms": 1751340505887,
      "timestamp_readable": "2025-07-01 03:28:25.887",
      "normalized_name": "Leonardo-Dicaprio-Wolf-Of-Wall-Street/Leonardo-Dicaprio-Wolf-Of-Wall-Street",
      "meme_name": "Leonardo-Dicaprio-Wolf-Of-Wall-Street",
      "post_id": 48,
      "english_label": "contempt",
      "response_time_ms": 3105
    },
    {
      "image_path": "Obi-Wan-Kenobi/Obi-Wan-Kenobi_9.png",
      "label": "厭惡",
      "response_time": "00:00:04.501",
      "timestamp_unix": 1751340510,
      "timestamp_unix_ms": 1751340510597,
      "timestamp_readable": "2025-07-01 03:28:30.597",
      "normalized_name": "Obi-Wan-Kenobi/Obi-Wan-Kenobi",
      "meme_name": "Obi-Wan-Kenobi",
      "post_id": 9,
      "english_label": "disgust",
      "response_time_ms": 4501
    },
    {
      "image_path": "Picard-Wtf/Picard-Wtf_3.png",
      "label": "厭惡",
      "response_time": "00:00:03.802",
      "timestamp_unix": 1751340514,
      "timestamp_unix_ms": 1751340514551,
      "timestamp_readable": "2025-07-01 03:28:34.551",
      "normalized_name": "Picard-Wtf/Picard-Wtf",
      "meme_name": "Picard-Wtf",
      "post_id": 3,
      "english_label": "disgust",
      "response_time_ms": 3802
    },
    {
      "image_path": "Monkey-Puppet/Monkey-Puppet_34.png",
      "label": "其他",
      "response_time": "00:00:04.704",
      "timestamp_unix": 1751340519,
      "timestamp_unix_ms": 1751340519391,
      "timestamp_readable": "2025-07-01 03:28:39.391",
      "normalized_name": "Monkey-Puppet/Monkey-Puppet",
      "meme_name": "Monkey-Puppet",
      "post_id": 34,
      "english_label": "others",
      "response_time_ms": 4704
    },
    {
      "image_path": "Always-you-three/Always-you-three_18.png",
      "label": "其他",
      "response_time": "00:00:05.301",
      "timestamp_unix": 1751340524,
      "timestamp_unix_ms": 1751340524827,
      "timestamp_readable": "2025-07-01 03:28:44.827",
      "normalized_name": "Always-you-three/Always-you-three",
      "meme_name": "Always-you-three",
      "post_id": 18,
      "english_label": "others",
      "response_time_ms": 5301
    },
    {
      "image_path": "Surprised-Pikachu/Surprised-Pikachu_13.png",
      "label": "其他",
      "response_time": "00:00:05.805",
      "timestamp_unix": 1751340530,
      "timestamp_unix_ms": 1751340530942,
      "timestamp_readable": "2025-07-01 03:28:50.942",
      "normalized_name": "Surprised-Pikachu/Surprised-Pikachu",
      "meme_name": "Surprised-Pikachu",
      "post_id": 13,
      "english_label": "others",
      "response_time_ms": 5805
    },
    {
      "image_path": "Spiderman-Hospital/Spiderman-Hospital_21.png",
      "label": "厭惡",
      "response_time": "00:00:04.608",
      "timestamp_unix": 1751340535,
      "timestamp_unix_ms": 1751340535685,
      "timestamp_readable": "2025-07-01 03:28:55.685",
      "normalized_name": "Spiderman-Hospital/Spiderman-Hospital",
      "meme_name": "Spiderman-Hospital",
      "post_id": 21,
      "english_label": "disgust",
      "response_time_ms": 4608
    },
    {
      "image_path": "Afraid-To-Ask-Andy/Afraid-To-Ask-Andy_19.png",
      "label": "厭惡",
      "response_time": "00:00:03.601",
      "timestamp_unix": 1751340539,
      "timestamp_unix_ms": 1751340539433,
      "timestamp_readable": "2025-07-01 03:28:59.433",
      "normalized_name": "Afraid-To-Ask-Andy/Afraid-To-Ask-Andy",
      "meme_name": "Afraid-To-Ask-Andy",
      "post_id": 19,
      "english_label": "disgust",
      "response_time_ms": 3601
    },
    {
      "image_path": "Archer/Archer_29.png",
      "label": "輕蔑",
      "response_time": "00:00:05.804",
      "timestamp_unix": 1751340545,
      "timestamp_unix_ms": 1751340545279,
      "timestamp_readable": "2025-07-01 03:29:05.279",
      "normalized_name": "Archer/Archer",
      "meme_name": "Archer",
      "post_id": 29,
      "english_label": "contempt",
      "response_time_ms": 5804
    },
    {
      "image_path": "Thats-a-paddlin/Thats-a-paddlin_27.png",
      "label": "憤怒",
      "response_time": "00:00:03.808",
      "timestamp_unix": 1751340549,
      "timestamp_unix_ms": 1751340549204,
      "timestamp_readable": "2025-07-01 03:29:09.204",
      "normalized_name": "Thats-a-paddlin/Thats-a-paddlin",
      "meme_name": "Thats-a-paddlin",
      "post_id": 27,
      "english_label": "anger",
      "response_time_ms": 3808
    },
    {
      "image_path": "Black-guy-hiding-behind-tree/Black-guy-hiding-behind-tree_20.png",
      "label": "其他",
      "response_time": "00:00:04.600",
      "timestamp_unix": 1751340553,
      "timestamp_unix_ms": 1751340553870,
      "timestamp_readable": "2025-07-01 03:29:13.870",
      "normalized_name": "Black-guy-hiding-behind-tree/Black-guy-hiding-behind-tree",
      "meme_name": "Black-guy-hiding-behind-tree",
      "post_id": 20,
      "english_label": "others",
      "response_time_ms": 4600
    },
    {
      "image_path": "You-The-Real-MVP/You-The-Real-MVP_8.png",
      "label": "輕蔑",
      "response_time": "00:00:05.106",
      "timestamp_unix": 1751340559,
      "timestamp_unix_ms": 1751340559075,
      "timestamp_readable": "2025-07-01 03:29:19.075",
      "normalized_name": "You-The-Real-MVP/You-The-Real-MVP",
      "meme_name": "You-The-Real-MVP",
      "post_id": 8,
      "english_label": "contempt",
      "response_time_ms": 5106
    },
    {
      "image_path": "Scooby-doo-mask-reveal/Scooby-doo-mask-reveal_10.png",
      "label": "輕蔑",
      "response_time": "00:00:03.411",
      "timestamp_unix": 1751340562,
      "timestamp_unix_ms": 1751340562650,
      "timestamp_readable": "2025-07-01 03:29:22.650",
      "normalized_name": "Scooby-doo-mask-reveal/Scooby-doo-mask-reveal",
      "meme_name": "Scooby-doo-mask-reveal",
      "post_id": 10,
      "english_label": "contempt",
      "response_time_ms": 3411
    },
    {
      "image_path": "Nuclear-Explosion/Nuclear-Explosion_33.png",
      "label": "其他",
      "response_time": "00:00:07.202",
      "timestamp_unix": 1751340569,
      "timestamp_unix_ms": 1751340569977,
      "timestamp_readable": "2025-07-01 03:29:29.977",
      "normalized_name": "Nuclear-Explosion/Nuclear-Explosion",
      "meme_name": "Nuclear-Explosion",
      "post_id": 33,
      "english_label": "others",
      "response_time_ms": 7202
    },
    {
      "image_path": "Disaster-Girl/Disaster-Girl_47.png",
      "label": "其他",
      "response_time": "00:00:04.003",
      "timestamp_unix": 1751340574,
      "timestamp_unix_ms": 1751340574096,
      "timestamp_readable": "2025-07-01 03:29:34.096",
      "normalized_name": "Disaster-Girl/Disaster-Girl",
      "meme_name": "Disaster-Girl",
      "post_id": 47,
      "english_label": "others",
      "response_time_ms": 4003
    },
    {
      "image_path": "Disappointed-Man/Disappointed-Man_38.png",
      "label": "輕蔑",
      "response_time": "00:00:08.712",
      "timestamp_unix": 1751340582,
      "timestamp_unix_ms": 1751340582864,
      "timestamp_readable": "2025-07-01 03:29:42.864",
      "normalized_name": "Disappointed-Man/Disappointed-Man",
      "meme_name": "Disappointed-Man",
      "post_id": 38,
      "english_label": "contempt",
      "response_time_ms": 8712
    },
    {
      "image_path": "Dave-chappelle/Dave-chappelle_15.png",
      "label": "其他",
      "response_time": "00:00:03.407",
      "timestamp_unix": 1751340586,
      "timestamp_unix_ms": 1751340586348,
      "timestamp_readable": "2025-07-01 03:29:46.348",
      "normalized_name": "Dave-chappelle/Dave-chappelle",
      "meme_name": "Dave-chappelle",
      "post_id": 15,
      "english_label": "others",
      "response_time_ms": 3407
    },
    {
      "image_path": "Gru-Gun/Gru-Gun_17.png",
      "label": "憤怒",
      "response_time": "00:00:03.205",
      "timestamp_unix": 1751340589,
      "timestamp_unix_ms": 1751340589699,
      "timestamp_readable": "2025-07-01 03:29:49.699",
      "normalized_name": "Gru-Gun/Gru-Gun",
      "meme_name": "Gru-Gun",
      "post_id": 17,
      "english_label": "anger",
      "response_time_ms": 3205
    },
    {
      "image_path": "attention_check/attention_check_Contempt.png",
      "label": "輕蔑",
      "response_time": "00:00:03.007",
      "timestamp_unix": 1751340592,
      "timestamp_unix_ms": 1751340592809,
      "timestamp_readable": "2025-07-01 03:29:52.809",
      "normalized_name": "attention_check/attention_check_Contempt.png",
      "meme_name": "attention_check",
      "post_id": null,
      "english_label": "contempt",
      "response_time_ms": 3007
    },
    {
      "image_path": "DJ-Pauly-D/DJ-Pauly-D_22.png",
      "label": "憤怒",
      "response_time": "00:00:11.810",
      "timestamp_unix": 1751340604,
      "timestamp_unix_ms": 1751340604761,
      "timestamp_readable": "2025-07-01 03:30:04.761",
      "normalized_name": "DJ-Pauly-D/DJ-Pauly-D",
      "meme_name": "DJ-Pauly-D",
      "post_id": 22,
      "english_label": "anger",
      "response_time_ms": 11810
    },
    {
      "image_path": "Charlie-Day/Charlie-Day_14.png",
      "label": "厭惡",
      "response_time": "00:00:02.805",
      "timestamp_unix": 1751340607,
      "timestamp_unix_ms": 1751340607675,
      "timestamp_readable": "2025-07-01 03:30:07.675",
      "normalized_name": "Charlie-Day/Charlie-Day",
      "meme_name": "Charlie-Day",
      "post_id": 14,
      "english_label": "disgust",
      "response_time_ms": 2805
    },
    {
      "image_path": "Drake-NoYes/Drake-NoYes_12.png",
      "label": "厭惡",
      "response_time": "00:00:02.606",
      "timestamp_unix": 1751340610,
      "timestamp_unix_ms": 1751340610341,
      "timestamp_readable": "2025-07-01 03:30:10.341",
      "normalized_name": "Drake-NoYes/Drake-NoYes",
      "meme_name": "Drake-NoYes",
      "post_id": 12,
      "english_label": "disgust",
      "response_time_ms": 2606
    },
    {
      "image_path": "Math-ladyConfused-lady/Math-ladyConfused-lady_36.png",
      "label": "輕蔑",
      "response_time": "00:00:06.307",
      "timestamp_unix": 1751340616,
      "timestamp_unix_ms": 1751340616716,
      "timestamp_readable": "2025-07-01 03:30:16.716",
      "normalized_name": "Math-ladyConfused-lady/Math-ladyConfused-lady",
      "meme_name": "Math-ladyConfused-lady",
      "post_id": 36,
      "english_label": "contempt",
      "response_time_ms": 6307
    },
    {
      "image_path": "Laughing-wolf/Laughing-wolf_7.png",
      "label": "厭惡",
      "response_time": "00:00:05.305",
      "timestamp_unix": 1751340622,
      "timestamp_unix_ms": 1751340622158,
      "timestamp_readable": "2025-07-01 03:30:22.158",
      "normalized_name": "Laughing-wolf/Laughing-wolf",
      "meme_name": "Laughing-wolf",
      "post_id": 7,
      "english_label": "disgust",
      "response_time_ms": 5305
    },
    {
      "image_path": "Im-The-Captain-Now/Im-The-Captain-Now_26.png",
      "label": "憤怒",
      "response_time": "00:00:05.802",
      "timestamp_unix": 1751340628,
      "timestamp_unix_ms": 1751340628015,
      "timestamp_readable": "2025-07-01 03:30:28.015",
      "normalized_name": "Im-The-Captain-Now/Im-The-Captain-Now",
      "meme_name": "Im-The-Captain-Now",
      "post_id": 26,
      "english_label": "anger",
      "response_time_ms": 5802
    },
    {
      "image_path": "Arthur-Fist/Arthur-Fist_46.png",
      "label": "憤怒",
      "response_time": "00:00:02.006",
      "timestamp_unix": 1751340630,
      "timestamp_unix_ms": 1751340630100,
      "timestamp_readable": "2025-07-01 03:30:30.100",
      "normalized_name": "Arthur-Fist/Arthur-Fist",
      "meme_name": "Arthur-Fist",
      "post_id": 46,
      "english_label": "anger",
      "response_time_ms": 2006
    },
    {
      "image_path": "Mr-incredible-mad/Mr-incredible-mad_43.png",
      "label": "憤怒",
      "response_time": "00:00:01.710",
      "timestamp_unix": 1751340631,
      "timestamp_unix_ms": 1751340631934,
      "timestamp_readable": "2025-07-01 03:30:31.934",
      "normalized_name": "Mr-incredible-mad/Mr-incredible-mad",
      "meme_name": "Mr-incredible-mad",
      "post_id": 43,
      "english_label": "anger",
      "response_time_ms": 1710
    },
    {
      "image_path": "Angry-Baby/Angry-Baby_28.png",
      "label": "憤怒",
      "response_time": "00:00:03.900",
      "timestamp_unix": 1751340635,
      "timestamp_unix_ms": 1751340635986,
      "timestamp_readable": "2025-07-01 03:30:35.986",
      "normalized_name": "Angry-Baby/Angry-Baby",
      "meme_name": "Angry-Baby",
      "post_id": 28,
      "english_label": "anger",
      "response_time_ms": 3900
    },
    {
      "image_path": "Well-Yes-But-Actually-No/Well-Yes-But-Actually-No_45.png",
      "label": "輕蔑",
      "response_time": "00:00:06.004",
      "timestamp_unix": 1751340642,
      "timestamp_unix_ms": 1751340642074,
      "timestamp_readable": "2025-07-01 03:30:42.074",
      "normalized_name": "Well-Yes-But-Actually-No/Well-Yes-But-Actually-No",
      "meme_name": "Well-Yes-But-Actually-No",
      "post_id": 45,
      "english_label": "contempt",
      "response_time_ms": 6004
    },
    {
      "image_path": "For-the-better-right-blank/For-the-better-right-blank_25.png",
      "label": "輕蔑",
      "response_time": "00:00:02.710",
      "timestamp_unix": 1751340644,
      "timestamp_unix_ms": 1751340644910,
      "timestamp_readable": "2025-07-01 03:30:44.910",
      "normalized_name": "For-the-better-right-blank/For-the-better-right-blank",
      "meme_name": "For-the-better-right-blank",
      "post_id": 25,
      "english_label": "contempt",
      "response_time_ms": 2710
    },
    {
      "image_path": "Happy--Shock/Happy--Shock_4.png",
      "label": "其他",
      "response_time": "00:00:04.001",
      "timestamp_unix": 1751340648,
      "timestamp_unix_ms": 1751340648984,
      "timestamp_readable": "2025-07-01 03:30:48.984",
      "normalized_name": "Happy--Shock/Happy--Shock",
      "meme_name": "Happy--Shock",
      "post_id": 4,
      "english_label": "others",
      "response_time_ms": 4001
    },
    {
      "image_path": "Kevin-Hart/Kevin-Hart_24.png",
      "label": "厭惡",
      "response_time": "00:00:05.405",
      "timestamp_unix": 1751340654,
      "timestamp_unix_ms": 1751340654483,
      "timestamp_readable": "2025-07-01 03:30:54.483",
      "normalized_name": "Kevin-Hart/Kevin-Hart",
      "meme_name": "Kevin-Hart",
      "post_id": 24,
      "english_label": "disgust",
      "response_time_ms": 5405
    },
    {
      "image_path": "Dinkleberg/Dinkleberg_32.png",
      "label": "輕蔑",
      "response_time": "00:00:03.006",
      "timestamp_unix": 1751340657,
      "timestamp_unix_ms": 1751340657552,
      "timestamp_readable": "2025-07-01 03:30:57.552",
      "normalized_name": "Dinkleberg/Dinkleberg",
      "meme_name": "Dinkleberg",
      "post_id": 32,
      "english_label": "contempt",
      "response_time_ms": 3006
    },
    {
      "image_path": "Batman-Slapping-Robin/Batman-Slapping-Robin_39.png",
      "label": "憤怒",
      "response_time": "00:00:05.004",
      "timestamp_unix": 1751340662,
      "timestamp_unix_ms": 1751340662667,
      "timestamp_readable": "2025-07-01 03:31:02.667",
      "normalized_name": "Batman-Slapping-Robin/Batman-Slapping-Robin",
      "meme_name": "Batman-Slapping-Robin",
      "post_id": 39,
      "english_label": "anger",
      "response_time_ms": 5004
    },
    {
      "image_path": "Hold-fart/Hold-fart_40.png",
      "label": "輕蔑",
      "response_time": "00:00:04.102",
      "timestamp_unix": 1751340666,
      "timestamp_unix_ms": 1751340666893,
      "timestamp_readable": "2025-07-01 03:31:06.893",
      "normalized_name": "Hold-fart/Hold-fart",
      "meme_name": "Hold-fart",
      "post_id": 40,
      "english_label": "contempt",
      "response_time_ms": 4102
    },
    {
      "image_path": "Futurama-Fry/Futurama-Fry_11.png",
      "label": "輕蔑",
      "response_time": "00:00:02.709",
      "timestamp_unix": 1751340669,
      "timestamp_unix_ms": 1751340669730,
      "timestamp_readable": "2025-07-01 03:31:09.730",
      "normalized_name": "Futurama-Fry/Futurama-Fry",
      "meme_name": "Futurama-Fry",
      "post_id": 11,
      "english_label": "contempt",
      "response_time_ms": 2709
    },
    {
      "image_path": "Smudge-the-cat/Smudge-the-cat_31.png",
      "label": "憤怒",
      "response_time": "00:00:03.809",
      "timestamp_unix": 1751340673,
      "timestamp_unix_ms": 1751340673586,
      "timestamp_readable": "2025-07-01 03:31:13.586",
      "normalized_name": "Smudge-the-cat/Smudge-the-cat",
      "meme_name": "Smudge-the-cat",
      "post_id": 31,
      "english_label": "anger",
      "response_time_ms": 3809
    },
    {
      "image_path": "Mocking-Spongebob/Mocking-Spongebob_23.png",
      "label": "厭惡",
      "response_time": "00:00:03.702",
      "timestamp_unix": 1751340677,
      "timestamp_unix_ms": 1751340677375,
      "timestamp_readable": "2025-07-01 03:31:17.375",
      "normalized_name": "Mocking-Spongebob/Mocking-Spongebob",
      "meme_name": "Mocking-Spongebob",
      "post_id": 23,
      "english_label": "disgust",
      "response_time_ms": 3702
    },
    {
      "image_path": "Put-It-Somewhere-Else-Patrick/Put-It-Somewhere-Else-Patrick_1.png",
      "label": "厭惡",
      "response_time": "00:00:10.612",
      "timestamp_unix": 1751340688,
      "timestamp_unix_ms": 1751340688115,
      "timestamp_readable": "2025-07-01 03:31:28.115",
      "normalized_name": "Put-It-Somewhere-Else-Patrick/Put-It-Somewhere-Else-Patrick",
      "meme_name": "Put-It-Somewhere-Else-Patrick",
      "post_id": 1,
      "english_label": "disgust",
      "response_time_ms": 10612
    },
    {
      "image_path": "Khan/Khan_35.png",
      "label": "厭惡",
      "response_time": "00:00:05.101",
      "timestamp_unix": 1751340693,
      "timestamp_unix_ms": 1751340693306,
      "timestamp_readable": "2025-07-01 03:31:33.306",
      "normalized_name": "Khan/Khan",
      "meme_name": "Khan",
      "post_id": 35,
      "english_label": "disgust",
      "response_time_ms": 5101
    },
    {
      "image_path": "Chill-guy/Chill-guy_41.png",
      "label": "厭惡",
      "response_time": "00:00:08.608",
      "timestamp_unix": 1751340701,
      "timestamp_unix_ms": 1751340701993,
      "timestamp_readable": "2025-07-01 03:31:41.993",
      "normalized_name": "Chill-guy/Chill-guy",
      "meme_name": "Chill-guy",
      "post_id": 41,
      "english_label": "disgust",
      "response_time_ms": 8608
    },
    {
      "image_path": "attention_check/attention_check_Others.png",
      "label": "其他",
      "response_time": "00:00:02.303",
      "timestamp_unix": 1751340704,
      "timestamp_unix_ms": 1751340704381,
      "timestamp_readable": "2025-07-01 03:31:44.381",
      "normalized_name": "attention_check/attention_check_Others.png",
      "meme_name": "attention_check",
      "post_id": null,
      "english_label": "others",
      "response_time_ms": 2303
    },
    {
      "image_path": "Mr-McMahon-reaction/Mr-McMahon-reaction_5.png",
      "label": "憤怒",
      "response_time": "00:00:11.103",
      "timestamp_unix": 1751340715,
      "timestamp_unix_ms": 1751340715605,
      "timestamp_readable": "2025-07-01 03:31:55.605",
      "normalized_name": "Mr-McMahon-reaction/Mr-McMahon-reaction",
      "meme_name": "Mr-McMahon-reaction",
      "post_id": 5,
      "english_label": "anger",
      "response_time_ms": 11103
    },
    {
      "image_path": "Ill-Have-You-Know-Spongebob/Ill-Have-You-Know-Spongebob_42.png",
      "label": "輕蔑",
      "response_time": "00:00:12.502",
      "timestamp_unix": 1751340728,
      "timestamp_unix_ms": 1751340728189,
      "timestamp_readable": "2025-07-01 03:32:08.189",
      "normalized_name": "Ill-Have-You-Know-Spongebob/Ill-Have-You-Know-Spongebob",
      "meme_name": "Ill-Have-You-Know-Spongebob",
      "post_id": 42,
      "english_label": "contempt",
      "response_time_ms": 12502
    },
    {
      "image_path": "Hide-the-Pain-Harold/Hide-the-Pain-Harold_37.png",
      "label": "輕蔑",
      "response_time": "00:00:05.501",
      "timestamp_unix": 1751340733,
      "timestamp_unix_ms": 1751340733736,
      "timestamp_readable": "2025-07-01 03:32:13.736",
      "normalized_name": "Hide-the-Pain-Harold/Hide-the-Pain-Harold",
      "meme_name": "Hide-the-Pain-Harold",
      "post_id": 37,
      "english_label": "contempt",
      "response_time_ms": 5501
    },
    {
      "image_path": "Spongebob-Yelling/Spongebob-Yelling_30.png",
      "label": "憤怒",
      "response_time": "00:00:04.003",
      "timestamp_unix": 1751340737,
      "timestamp_unix_ms": 1751340737846,
      "timestamp_readable": "2025-07-01 03:32:17.846",
      "normalized_name": "Spongebob-Yelling/Spongebob-Yelling",
      "meme_name": "Spongebob-Yelling",
      "post_id": 30,
      "english_label": "anger",
      "response_time_ms": 4003
    },
    {
      "image_path": "Table-Flip-Guy/Table-Flip-Guy_50.png",
      "label": "憤怒",
      "response_time": "00:00:01.905",
      "timestamp_unix": 1751340739,
      "timestamp_unix_ms": 1751340739820,
      "timestamp_readable": "2025-07-01 03:32:19.820",
      "normalized_name": "Table-Flip-Guy/Table-Flip-Guy",
      "meme_name": "Table-Flip-Guy",
      "post_id": 50,
      "english_label": "anger",
      "response_time_ms": 1905
    },
    {
      "image_path": "Always-Has-Been/Always-Has-Been_2.png",
      "label": "憤怒",
      "response_time": "00:00:02.202",
      "timestamp_unix": 1751340742,
      "timestamp_unix_ms": 1751340742125,
      "timestamp_readable": "2025-07-01 03:32:22.125",
      "normalized_name": "Always-Has-Been/Always-Has-Been",
      "meme_name": "Always-Has-Been",
      "post_id": 2,
      "english_label": "anger",
      "response_time_ms": 2202
    },
    {
      "image_path": "Persian-Cat-Room-Guardian/Persian-Cat-Room-Guardian_16.png",
      "label": "輕蔑",
      "response_time": "00:00:02.800",
      "timestamp_unix": 1751340745,
      "timestamp_unix_ms": 1751340745026,
      "timestamp_readable": "2025-07-01 03:32:25.026",
      "normalized_name": "Persian-Cat-Room-Guardian/Persian-Cat-Room-Guardian",
      "meme_name": "Persian-Cat-Room-Guardian",
      "post_id": 16,
      "english_label": "contempt",
      "response_time_ms": 2800
    },
    {
      "image_path": "I-am-once-again-asking/I-am-once-again-asking_6.png",
      "label": "輕蔑",
      "response_time": "00:00:01.603",
      "timestamp_unix": 1751340746,
      "timestamp_unix_ms": 1751340746706,
      "timestamp_readable": "2025-07-01 03:32:26.706",
      "normalized_name": "I-am-once-again-asking/I-am-once-again-asking",
      "meme_name": "I-am-once-again-asking",
      "post_id": 6,
      "english_label": "contempt",
      "response_time_ms": 1603
    }
  ],
  "session_start_unix": 1751340428,
  "session_status": "completed",
  "last_updated_unix": 1751340798,
  "image_order": [
    "Spiderman-Hospital/Spiderman-Hospital_21.png",
    "Happy--Shock/Happy--Shock_4.png",
    "Chill-guy/Chill-guy_41.png",
    "I-am-once-again-asking/I-am-once-again-asking_6.png",
    "Math-ladyConfused-lady/Math-ladyConfused-lady_36.png",
    "Archer/Archer_29.png",
    "Leonardo-Dicaprio-Wolf-Of-Wall-Street/Leonardo-Dicaprio-Wolf-Of-Wall-Street_48.png",
    "Mocking-Spongebob/Mocking-Spongebob_23.png",
    "Afraid-To-Ask-Andy/Afraid-To-Ask-Andy_19.png",
    "Charlie-Day/Charlie-Day_14.png",
    "Always-Has-Been/Always-Has-Been_2.png",
    "Picard-Wtf/Picard-Wtf_3.png",
    "Batman-Slapping-Robin/Batman-Slapping-Robin_39.png",
    "For-the-better-right-blank/For-the-better-right-blank_25.png",
    "Drake-NoYes/Drake-NoYes_12.png",
    "Laughing-wolf/Laughing-wolf_7.png",
    "DJ-Pauly-D/DJ-Pauly-D_22.png",
    "Always-you-three/Always-you-three_18.png",
    "Disappointed-Man/Disappointed-Man_38.png",
    "Smudge-the-cat/Smudge-the-cat_31.png",
    "attention_check/attention_check_Contempt.png",
    "Thats-a-paddlin/Thats-a-paddlin_27.png",
    "Hide-the-Pain-Harold/Hide-the-Pain-Harold_37.png",
    "Hold-fart/Hold-fart_40.png",
    "Im-The-Captain-Now/Im-The-Captain-Now_26.png",
    "Obi-Wan-Kenobi/Obi-Wan-Kenobi_9.png",
    "Spongebob-Yelling/Spongebob-Yelling_30.png",
    "Nuclear-Explosion/Nuclear-Explosion_33.png",
    "Dinkleberg/Dinkleberg_32.png",
    "Scooby-doo-mask-reveal/Scooby-doo-mask-reveal_10.png",
    "Disaster-Girl/Disaster-Girl_47.png",
    "Black-guy-hiding-behind-tree/Black-guy-hiding-behind-tree_20.png",
    "You-The-Real-MVP/You-The-Real-MVP_8.png",
    "Moe-throws-Barney/Moe-throws-Barney_44.png",
    "Ill-Have-You-Know-Spongebob/Ill-Have-You-Know-Spongebob_42.png",
    "Futurama-Fry/Futurama-Fry_11.png",
    "Monkey-Puppet/Monkey-Puppet_34.png",
    "Confused-Gandalf/Confused-Gandalf_49.png",
    "Mr-incredible-mad/Mr-incredible-mad_43.png",
    "Dave-chappelle/Dave-chappelle_15.png",
    "Surprised-Pikachu/Surprised-Pikachu_13.png",
    "Table-Flip-Guy/Table-Flip-Guy_50.png",
    "Kevin-Hart/Kevin-Hart_24.png",
    "attention_check/attention_check_Others.png",
    "Well-Yes-But-Actually-No/Well-Yes-But-Actually-No_45.png",
    "Mr-McMahon-reaction/Mr-McMahon-reaction_5.png",
    "Gru-Gun/Gru-Gun_17.png",
    "Persian-Cat-Room-Guardian/Persian-Cat-Room-Guardian_16.png",
    "Put-It-Somewhere-Else-Patrick/Put-It-Somewhere-Else-Patrick_1.png",
    "Angry-Baby/Angry-Baby_28.png",
    "Arthur-Fist/Arthur-Fist_46.png",
    "Khan/Khan_35.png"
  ],
  "completion_status": {
    "practice_completed": true,
    "game_started": true,
    "game_completed": true,
    "summary_viewed": true,
    "email_submitted": true
  },
  "timestamps_unix": {
    "registration_completed": 1751340428,
    "practice_started": 1751340428,
    "practice_completed": 1751340489,
    "game_started": 1751340489,
    "first_label": 1751340497,
    "last_label": 1751340746,
    "game_completed": 1751340751,
    "summary_viewed": 1751340751,
    "email_submitted": 1751340798,
    "session_end": 1751340798,
    "last_updated": 1751340798
  },
  "timestamps_unix_ms": {
    "registration_completed_ms": 1751340428225,
    "practice_started_ms": 1751340428318,
    "practice_completed_ms": 1751340489332,
    "game_started_ms": 1751340489343,
    "first_label_ms": 1751340497930,
    "last_label_ms": 1751340746706,
    "game_completed_ms": 1751340751156,
    "summary_viewed_ms": 1751340751167,
    "email_submitted_ms": 1751340798448,
    "session_end_ms": 1751340798448,
    "last_updated_ms": 1751340798448
  },
  "duration_stats_ms": {
    "total_session_duration_ms": 370223,
    "practice_duration_ms": 61014,
    "game_duration_ms": 261813,
    "labeling_duration_ms": 248776,
    "email_submission_duration_ms": 47281
  },
  "filename_updated_unix": 1751340751,
  "original_filename": "user_07f9f7",
  "completion_status_in_filename": "email_submitted"
}