{
  "user_id": "user_8a3e9b",
  "file_name": "user_8a3e9b_1749781181_1749781435_fullycomplete",
  "unix_start_time": 1749781181,
  "unix_start_time_ms": 1749781181596,
  "unix_end_time": 1749781435,
  "unix_end_time_ms": 1749781435667,
  "age": "25-29",
  "gender": "male",
  "user_agent": "Mozilla/5.0 (Windows NT 10.0; Win64; x64) AppleWebKit/537.36 (KHTML, like Gecko) Chrome/137.0.0.0 Safari/537.36 Edg/137.0.0.0",
  "user_ip": "113.61.199.123",
  "status": "complete",
  "email_provided": "complete",
  "attention_passed": true,
  "start_time_readable": "2025-06-13 02:19:41.596",
  "end_time_readable": "2025-06-13 02:23:55.667",
  "total_labels": 52,
  "emotion_summary": {
    "anger": 14,
    "contempt": 28,
    "disgust": 7,
    "others": 3
  },
  "email": "j3186ster@gmail.com",
  "participation": "yes",
  "total_responses": 52,
  "responses": [
    {
      "image_path": "Chill-guy/Chill-guy_4.png",
      "label": "輕蔑",
      "response_time": "00:00:03.721",
      "timestamp_unix": 1749781227,
      "timestamp_unix_ms": 1749781227432,
      "timestamp_readable": "2025-06-13 02:20:27.432",
      "normalized_name": "Chill-guy/Chill-guy",
      "meme_name": "Chill-guy",
      "post_id": 4,
      "english_label": "contempt",
      "response_time_ms": 3721
    },
    {
      "image_path": "Gru-Gun/Gru-Gun_29.png",
      "label": "厭惡",
      "response_time": "00:00:05.010",
      "timestamp_unix": 1749781232,
      "timestamp_unix_ms": 1749781232616,
      "timestamp_readable": "2025-06-13 02:20:32.616",
      "normalized_name": "Gru-Gun/Gru-Gun",
      "meme_name": "Gru-Gun",
      "post_id": 29,
      "english_label": "disgust",
      "response_time_ms": 5010
    },
    {
      "image_path": "Put-It-Somewhere-Else-Patrick/Put-It-Somewhere-Else-Patrick_28.png",
      "label": "憤怒",
      "response_time": "00:00:07.207",
      "timestamp_unix": 1749781239,
      "timestamp_unix_ms": 1749781239896,
      "timestamp_readable": "2025-06-13 02:20:39.896",
      "normalized_name": "Put-It-Somewhere-Else-Patrick/Put-It-Somewhere-Else-Patrick",
      "meme_name": "Put-It-Somewhere-Else-Patrick",
      "post_id": 28,
      "english_label": "anger",
      "response_time_ms": 7207
    },
    {
      "image_path": "Thats-a-paddlin/Thats-a-paddlin_17.png",
      "label": "憤怒",
      "response_time": "00:00:02.209",
      "timestamp_unix": 1749781242,
      "timestamp_unix_ms": 1749781242212,
      "timestamp_readable": "2025-06-13 02:20:42.212",
      "normalized_name": "Thats-a-paddlin/Thats-a-paddlin",
      "meme_name": "Thats-a-paddlin",
      "post_id": 17,
      "english_label": "anger",
      "response_time_ms": 2209
    },
    {
      "image_path": "Archer/Archer_39.png",
      "label": "輕蔑",
      "response_time": "00:00:03.211",
      "timestamp_unix": 1749781245,
      "timestamp_unix_ms": 1749781245512,
      "timestamp_readable": "2025-06-13 02:20:45.512",
      "normalized_name": "Archer/Archer",
      "meme_name": "Archer",
      "post_id": 39,
      "english_label": "contempt",
      "response_time_ms": 3211
    },
    {
      "image_path": "Black-guy-hiding-behind-tree/Black-guy-hiding-behind-tree_20.png",
      "label": "輕蔑",
      "response_time": "00:00:02.912",
      "timestamp_unix": 1749781248,
      "timestamp_unix_ms": 1749781248596,
      "timestamp_readable": "2025-06-13 02:20:48.596",
      "normalized_name": "Black-guy-hiding-behind-tree/Black-guy-hiding-behind-tree",
      "meme_name": "Black-guy-hiding-behind-tree",
      "post_id": 20,
      "english_label": "contempt",
      "response_time_ms": 2912
    },
    {
      "image_path": "Futurama-Fry/Futurama-Fry_11.png",
      "label": "輕蔑",
      "response_time": "00:00:01.403",
      "timestamp_unix": 1749781250,
      "timestamp_unix_ms": 1749781250111,
      "timestamp_readable": "2025-06-13 02:20:50.111",
      "normalized_name": "Futurama-Fry/Futurama-Fry",
      "meme_name": "Futurama-Fry",
      "post_id": 11,
      "english_label": "contempt",
      "response_time_ms": 1403
    },
    {
      "image_path": "Hide-the-Pain-Harold/Hide-the-Pain-Harold_26.png",
      "label": "輕蔑",
      "response_time": "00:00:02.104",
      "timestamp_unix": 1749781252,
      "timestamp_unix_ms": 1749781252372,
      "timestamp_readable": "2025-06-13 02:20:52.372",
      "normalized_name": "Hide-the-Pain-Harold/Hide-the-Pain-Harold",
      "meme_name": "Hide-the-Pain-Harold",
      "post_id": 26,
      "english_label": "contempt",
      "response_time_ms": 2104
    },
    {
      "image_path": "DJ-Pauly-D/DJ-Pauly-D_47.png",
      "label": "厭惡",
      "response_time": "00:00:04.808",
      "timestamp_unix": 1749781257,
      "timestamp_unix_ms": 1749781257252,
      "timestamp_readable": "2025-06-13 02:20:57.252",
      "normalized_name": "DJ-Pauly-D/DJ-Pauly-D",
      "meme_name": "DJ-Pauly-D",
      "post_id": 47,
      "english_label": "disgust",
      "response_time_ms": 4808
    },
    {
      "image_path": "Smudge-the-cat/Smudge-the-cat_7.png",
      "label": "憤怒",
      "response_time": "00:00:02.713",
      "timestamp_unix": 1749781260,
      "timestamp_unix_ms": 1749781260116,
      "timestamp_readable": "2025-06-13 02:21:00.116",
      "normalized_name": "Smudge-the-cat/Smudge-the-cat",
      "meme_name": "Smudge-the-cat",
      "post_id": 7,
      "english_label": "anger",
      "response_time_ms": 2713
    },
    {
      "image_path": "Nuclear-Explosion/Nuclear-Explosion_33.png",
      "label": "憤怒",
      "response_time": "00:00:01.414",
      "timestamp_unix": 1749781261,
      "timestamp_unix_ms": 1749781261692,
      "timestamp_readable": "2025-06-13 02:21:01.692",
      "normalized_name": "Nuclear-Explosion/Nuclear-Explosion",
      "meme_name": "Nuclear-Explosion",
      "post_id": 33,
      "english_label": "anger",
      "response_time_ms": 1414
    },
    {
      "image_path": "Mr-incredible-mad/Mr-incredible-mad_32.png",
      "label": "憤怒",
      "response_time": "00:00:01.304",
      "timestamp_unix": 1749781263,
      "timestamp_unix_ms": 1749781263052,
      "timestamp_readable": "2025-06-13 02:21:03.052",
      "normalized_name": "Mr-incredible-mad/Mr-incredible-mad",
      "meme_name": "Mr-incredible-mad",
      "post_id": 32,
      "english_label": "anger",
      "response_time_ms": 1304
    },
    {
      "image_path": "Disaster-Girl/Disaster-Girl_31.png",
      "label": "輕蔑",
      "response_time": "00:00:03.608",
      "timestamp_unix": 1749781266,
      "timestamp_unix_ms": 1749781266796,
      "timestamp_readable": "2025-06-13 02:21:06.796",
      "normalized_name": "Disaster-Girl/Disaster-Girl",
      "meme_name": "Disaster-Girl",
      "post_id": 31,
      "english_label": "contempt",
      "response_time_ms": 3608
    },
    {
      "image_path": "Ill-Have-You-Know-Spongebob/Ill-Have-You-Know-Spongebob_34.png",
      "label": "輕蔑",
      "response_time": "00:00:03.509",
      "timestamp_unix": 1749781270,
      "timestamp_unix_ms": 1749781270440,
      "timestamp_readable": "2025-06-13 02:21:10.440",
      "normalized_name": "Ill-Have-You-Know-Spongebob/Ill-Have-You-Know-Spongebob",
      "meme_name": "Ill-Have-You-Know-Spongebob",
      "post_id": 34,
      "english_label": "contempt",
      "response_time_ms": 3509
    },
    {
      "image_path": "Spiderman-Hospital/Spiderman-Hospital_36.png",
      "label": "輕蔑",
      "response_time": "00:00:04.904",
      "timestamp_unix": 1749781275,
      "timestamp_unix_ms": 1749781275456,
      "timestamp_readable": "2025-06-13 02:21:15.456",
      "normalized_name": "Spiderman-Hospital/Spiderman-Hospital",
      "meme_name": "Spiderman-Hospital",
      "post_id": 36,
      "english_label": "contempt",
      "response_time_ms": 4904
    },
    {
      "image_path": "Always-you-three/Always-you-three_49.png",
      "label": "其他",
      "response_time": "00:00:05.710",
      "timestamp_unix": 1749781281,
      "timestamp_unix_ms": 1749781281280,
      "timestamp_readable": "2025-06-13 02:21:21.280",
      "normalized_name": "Always-you-three/Always-you-three",
      "meme_name": "Always-you-three",
      "post_id": 49,
      "english_label": "others",
      "response_time_ms": 5710
    },
    {
      "image_path": "For-the-better-right-blank/For-the-better-right-blank_41.png",
      "label": "輕蔑",
      "response_time": "00:00:03.203",
      "timestamp_unix": 1749781284,
      "timestamp_unix_ms": 1749781284577,
      "timestamp_readable": "2025-06-13 02:21:24.577",
      "normalized_name": "For-the-better-right-blank/For-the-better-right-blank",
      "meme_name": "For-the-better-right-blank",
      "post_id": 41,
      "english_label": "contempt",
      "response_time_ms": 3203
    },
    {
      "image_path": "Obi-Wan-Kenobi/Obi-Wan-Kenobi_21.png",
      "label": "輕蔑",
      "response_time": "00:00:02.810",
      "timestamp_unix": 1749781287,
      "timestamp_unix_ms": 1749781287501,
      "timestamp_readable": "2025-06-13 02:21:27.501",
      "normalized_name": "Obi-Wan-Kenobi/Obi-Wan-Kenobi",
      "meme_name": "Obi-Wan-Kenobi",
      "post_id": 21,
      "english_label": "contempt",
      "response_time_ms": 2810
    },
    {
      "image_path": "Angry-Baby/Angry-Baby_14.png",
      "label": "憤怒",
      "response_time": "00:00:01.605",
      "timestamp_unix": 1749781289,
      "timestamp_unix_ms": 1749781289200,
      "timestamp_readable": "2025-06-13 02:21:29.200",
      "normalized_name": "Angry-Baby/Angry-Baby",
      "meme_name": "Angry-Baby",
      "post_id": 14,
      "english_label": "anger",
      "response_time_ms": 1605
    },
    {
      "image_path": "Im-The-Captain-Now/Im-The-Captain-Now_40.png",
      "label": "輕蔑",
      "response_time": "00:00:02.005",
      "timestamp_unix": 1749781291,
      "timestamp_unix_ms": 1749781291336,
      "timestamp_readable": "2025-06-13 02:21:31.336",
      "normalized_name": "Im-The-Captain-Now/Im-The-Captain-Now",
      "meme_name": "Im-The-Captain-Now",
      "post_id": 40,
      "english_label": "contempt",
      "response_time_ms": 2005
    },
    {
      "image_path": "Table-Flip-Guy/Table-Flip-Guy_24.png",
      "label": "憤怒",
      "response_time": "00:00:02.206",
      "timestamp_unix": 1749781293,
      "timestamp_unix_ms": 1749781293621,
      "timestamp_readable": "2025-06-13 02:21:33.621",
      "normalized_name": "Table-Flip-Guy/Table-Flip-Guy",
      "meme_name": "Table-Flip-Guy",
      "post_id": 24,
      "english_label": "anger",
      "response_time_ms": 2206
    },
    {
      "image_path": "Scooby-doo-mask-reveal/Scooby-doo-mask-reveal_35.png",
      "label": "輕蔑",
      "response_time": "00:00:03.705",
      "timestamp_unix": 1749781297,
      "timestamp_unix_ms": 1749781297417,
      "timestamp_readable": "2025-06-13 02:21:37.417",
      "normalized_name": "Scooby-doo-mask-reveal/Scooby-doo-mask-reveal",
      "meme_name": "Scooby-doo-mask-reveal",
      "post_id": 35,
      "english_label": "contempt",
      "response_time_ms": 3705
    },
    {
      "image_path": "Charlie-Day/Charlie-Day_38.png",
      "label": "厭惡",
      "response_time": "00:00:03.108",
      "timestamp_unix": 1749781300,
      "timestamp_unix_ms": 1749781300696,
      "timestamp_readable": "2025-06-13 02:21:40.696",
      "normalized_name": "Charlie-Day/Charlie-Day",
      "meme_name": "Charlie-Day",
      "post_id": 38,
      "english_label": "disgust",
      "response_time_ms": 3108
    },
    {
      "image_path": "attention_check/attention_check_Disgust.png",
      "label": "厭惡",
      "response_time": "00:00:04.411",
      "timestamp_unix": 1749781305,
      "timestamp_unix_ms": 1749781305201,
      "timestamp_readable": "2025-06-13 02:21:45.201",
      "normalized_name": "attention_check/attention_check_Disgust.png",
      "meme_name": "attention_check",
      "post_id": null,
      "english_label": "disgust",
      "response_time_ms": 4411
    },
    {
      "image_path": "Dave-chappelle/Dave-chappelle_30.png",
      "label": "輕蔑",
      "response_time": "00:00:03.010",
      "timestamp_unix": 1749781308,
      "timestamp_unix_ms": 1749781308308,
      "timestamp_readable": "2025-06-13 02:21:48.308",
      "normalized_name": "Dave-chappelle/Dave-chappelle",
      "meme_name": "Dave-chappelle",
      "post_id": 30,
      "english_label": "contempt",
      "response_time_ms": 3010
    },
    {
      "image_path": "Leonardo-Dicaprio-Wolf-Of-Wall-Street/Leonardo-Dicaprio-Wolf-Of-Wall-Street_3.png",
      "label": "輕蔑",
      "response_time": "00:00:02.611",
      "timestamp_unix": 1749781311,
      "timestamp_unix_ms": 1749781311060,
      "timestamp_readable": "2025-06-13 02:21:51.060",
      "normalized_name": "Leonardo-Dicaprio-Wolf-Of-Wall-Street/Leonardo-Dicaprio-Wolf-Of-Wall-Street",
      "meme_name": "Leonardo-Dicaprio-Wolf-Of-Wall-Street",
      "post_id": 3,
      "english_label": "contempt",
      "response_time_ms": 2611
    },
    {
      "image_path": "Always-Has-Been/Always-Has-Been_2.png",
      "label": "其他",
      "response_time": "00:00:04.211",
      "timestamp_unix": 1749781315,
      "timestamp_unix_ms": 1749781315425,
      "timestamp_readable": "2025-06-13 02:21:55.425",
      "normalized_name": "Always-Has-Been/Always-Has-Been",
      "meme_name": "Always-Has-Been",
      "post_id": 2,
      "english_label": "others",
      "response_time_ms": 4211
    },
    {
      "image_path": "Confused-Gandalf/Confused-Gandalf_44.png",
      "label": "輕蔑",
      "response_time": "00:00:06.809",
      "timestamp_unix": 1749781322,
      "timestamp_unix_ms": 1749781322388,
      "timestamp_readable": "2025-06-13 02:22:02.388",
      "normalized_name": "Confused-Gandalf/Confused-Gandalf",
      "meme_name": "Confused-Gandalf",
      "post_id": 44,
      "english_label": "contempt",
      "response_time_ms": 6809
    },
    {
      "image_path": "Arthur-Fist/Arthur-Fist_48.png",
      "label": "憤怒",
      "response_time": "00:00:01.501",
      "timestamp_unix": 1749781324,
      "timestamp_unix_ms": 1749781324004,
      "timestamp_readable": "2025-06-13 02:22:04.004",
      "normalized_name": "Arthur-Fist/Arthur-Fist",
      "meme_name": "Arthur-Fist",
      "post_id": 48,
      "english_label": "anger",
      "response_time_ms": 1501
    },
    {
      "image_path": "Moe-throws-Barney/Moe-throws-Barney_8.png",
      "label": "輕蔑",
      "response_time": "00:00:03.206",
      "timestamp_unix": 1749781327,
      "timestamp_unix_ms": 1749781327340,
      "timestamp_readable": "2025-06-13 02:22:07.340",
      "normalized_name": "Moe-throws-Barney/Moe-throws-Barney",
      "meme_name": "Moe-throws-Barney",
      "post_id": 8,
      "english_label": "contempt",
      "response_time_ms": 3206
    },
    {
      "image_path": "Mocking-Spongebob/Mocking-Spongebob_18.png",
      "label": "輕蔑",
      "response_time": "00:00:05.101",
      "timestamp_unix": 1749781332,
      "timestamp_unix_ms": 1749781332568,
      "timestamp_readable": "2025-06-13 02:22:12.568",
      "normalized_name": "Mocking-Spongebob/Mocking-Spongebob",
      "meme_name": "Mocking-Spongebob",
      "post_id": 18,
      "english_label": "contempt",
      "response_time_ms": 5101
    },
    {
      "image_path": "Afraid-To-Ask-Andy/Afraid-To-Ask-Andy_1.png",
      "label": "輕蔑",
      "response_time": "00:00:05.708",
      "timestamp_unix": 1749781338,
      "timestamp_unix_ms": 1749781338389,
      "timestamp_readable": "2025-06-13 02:22:18.389",
      "normalized_name": "Afraid-To-Ask-Andy/Afraid-To-Ask-Andy",
      "meme_name": "Afraid-To-Ask-Andy",
      "post_id": 1,
      "english_label": "contempt",
      "response_time_ms": 5708
    },
    {
      "image_path": "Surprised-Pikachu/Surprised-Pikachu_27.png",
      "label": "輕蔑",
      "response_time": "00:00:03.002",
      "timestamp_unix": 1749781341,
      "timestamp_unix_ms": 1749781341548,
      "timestamp_readable": "2025-06-13 02:22:21.548",
      "normalized_name": "Surprised-Pikachu/Surprised-Pikachu",
      "meme_name": "Surprised-Pikachu",
      "post_id": 27,
      "english_label": "contempt",
      "response_time_ms": 3002
    },
    {
      "image_path": "Well-Yes-But-Actually-No/Well-Yes-But-Actually-No_42.png",
      "label": "厭惡",
      "response_time": "00:00:04.903",
      "timestamp_unix": 1749781346,
      "timestamp_unix_ms": 1749781346580,
      "timestamp_readable": "2025-06-13 02:22:26.580",
      "normalized_name": "Well-Yes-But-Actually-No/Well-Yes-But-Actually-No",
      "meme_name": "Well-Yes-But-Actually-No",
      "post_id": 42,
      "english_label": "disgust",
      "response_time_ms": 4903
    },
    {
      "image_path": "Drake-NoYes/Drake-NoYes_15.png",
      "label": "輕蔑",
      "response_time": "00:00:02.309",
      "timestamp_unix": 1749781348,
      "timestamp_unix_ms": 1749781348988,
      "timestamp_readable": "2025-06-13 02:22:28.988",
      "normalized_name": "Drake-NoYes/Drake-NoYes",
      "meme_name": "Drake-NoYes",
      "post_id": 15,
      "english_label": "contempt",
      "response_time_ms": 2309
    },
    {
      "image_path": "Kevin-Hart/Kevin-Hart_25.png",
      "label": "憤怒",
      "response_time": "00:00:02.209",
      "timestamp_unix": 1749781351,
      "timestamp_unix_ms": 1749781351344,
      "timestamp_readable": "2025-06-13 02:22:31.344",
      "normalized_name": "Kevin-Hart/Kevin-Hart",
      "meme_name": "Kevin-Hart",
      "post_id": 25,
      "english_label": "anger",
      "response_time_ms": 2209
    },
    {
      "image_path": "Khan/Khan_10.png",
      "label": "憤怒",
      "response_time": "00:00:02.005",
      "timestamp_unix": 1749781353,
      "timestamp_unix_ms": 1749781353424,
      "timestamp_readable": "2025-06-13 02:22:33.424",
      "normalized_name": "Khan/Khan",
      "meme_name": "Khan",
      "post_id": 10,
      "english_label": "anger",
      "response_time_ms": 2005
    },
    {
      "image_path": "Hold-fart/Hold-fart_5.png",
      "label": "輕蔑",
      "response_time": "00:00:01.806",
      "timestamp_unix": 1749781355,
      "timestamp_unix_ms": 1749781355308,
      "timestamp_readable": "2025-06-13 02:22:35.308",
      "normalized_name": "Hold-fart/Hold-fart",
      "meme_name": "Hold-fart",
      "post_id": 5,
      "english_label": "contempt",
      "response_time_ms": 1806
    },
    {
      "image_path": "Spongebob-Yelling/Spongebob-Yelling_23.png",
      "label": "憤怒",
      "response_time": "00:00:01.406",
      "timestamp_unix": 1749781356,
      "timestamp_unix_ms": 1749781356785,
      "timestamp_readable": "2025-06-13 02:22:36.785",
      "normalized_name": "Spongebob-Yelling/Spongebob-Yelling",
      "meme_name": "Spongebob-Yelling",
      "post_id": 23,
      "english_label": "anger",
      "response_time_ms": 1406
    },
    {
      "image_path": "Picard-Wtf/Picard-Wtf_50.png",
      "label": "輕蔑",
      "response_time": "00:00:01.715",
      "timestamp_unix": 1749781358,
      "timestamp_unix_ms": 1749781358568,
      "timestamp_readable": "2025-06-13 02:22:38.568",
      "normalized_name": "Picard-Wtf/Picard-Wtf",
      "meme_name": "Picard-Wtf",
      "post_id": 50,
      "english_label": "contempt",
      "response_time_ms": 1715
    },
    {
      "image_path": "Mr-McMahon-reaction/Mr-McMahon-reaction_6.png",
      "label": "憤怒",
      "response_time": "00:00:02.519",
      "timestamp_unix": 1749781361,
      "timestamp_unix_ms": 1749781361149,
      "timestamp_readable": "2025-06-13 02:22:41.149",
      "normalized_name": "Mr-McMahon-reaction/Mr-McMahon-reaction",
      "meme_name": "Mr-McMahon-reaction",
      "post_id": 6,
      "english_label": "anger",
      "response_time_ms": 2519
    },
    {
      "image_path": "Laughing-wolf/Laughing-wolf_9.png",
      "label": "輕蔑",
      "response_time": "00:00:03.408",
      "timestamp_unix": 1749781364,
      "timestamp_unix_ms": 1749781364708,
      "timestamp_readable": "2025-06-13 02:22:44.708",
      "normalized_name": "Laughing-wolf/Laughing-wolf",
      "meme_name": "Laughing-wolf",
      "post_id": 9,
      "english_label": "contempt",
      "response_time_ms": 3408
    },
    {
      "image_path": "Happy--Shock/Happy--Shock_45.png",
      "label": "厭惡",
      "response_time": "00:00:03.005",
      "timestamp_unix": 1749781367,
      "timestamp_unix_ms": 1749781367848,
      "timestamp_readable": "2025-06-13 02:22:47.848",
      "normalized_name": "Happy--Shock/Happy--Shock",
      "meme_name": "Happy--Shock",
      "post_id": 45,
      "english_label": "disgust",
      "response_time_ms": 3005
    },
    {
      "image_path": "Batman-Slapping-Robin/Batman-Slapping-Robin_46.png",
      "label": "憤怒",
      "response_time": "00:00:01.610",
      "timestamp_unix": 1749781369,
      "timestamp_unix_ms": 1749781369608,
      "timestamp_readable": "2025-06-13 02:22:49.608",
      "normalized_name": "Batman-Slapping-Robin/Batman-Slapping-Robin",
      "meme_name": "Batman-Slapping-Robin",
      "post_id": 46,
      "english_label": "anger",
      "response_time_ms": 1610
    },
    {
      "image_path": "Dinkleberg/Dinkleberg_13.png",
      "label": "憤怒",
      "response_time": "00:00:01.613",
      "timestamp_unix": 1749781371,
      "timestamp_unix_ms": 1749781371268,
      "timestamp_readable": "2025-06-13 02:22:51.268",
      "normalized_name": "Dinkleberg/Dinkleberg",
      "meme_name": "Dinkleberg",
      "post_id": 13,
      "english_label": "anger",
      "response_time_ms": 1613
    },
    {
      "image_path": "Monkey-Puppet/Monkey-Puppet_43.png",
      "label": "輕蔑",
      "response_time": "00:00:02.509",
      "timestamp_unix": 1749781373,
      "timestamp_unix_ms": 1749781373849,
      "timestamp_readable": "2025-06-13 02:22:53.849",
      "normalized_name": "Monkey-Puppet/Monkey-Puppet",
      "meme_name": "Monkey-Puppet",
      "post_id": 43,
      "english_label": "contempt",
      "response_time_ms": 2509
    },
    {
      "image_path": "attention_check/attention_check_Others.png",
      "label": "其他",
      "response_time": "00:00:01.800",
      "timestamp_unix": 1749781375,
      "timestamp_unix_ms": 1749781375789,
      "timestamp_readable": "2025-06-13 02:22:55.789",
      "normalized_name": "attention_check/attention_check_Others.png",
      "meme_name": "attention_check",
      "post_id": null,
      "english_label": "others",
      "response_time_ms": 1800
    },
    {
      "image_path": "I-am-once-again-asking/I-am-once-again-asking_12.png",
      "label": "輕蔑",
      "response_time": "00:00:04.007",
      "timestamp_unix": 1749781379,
      "timestamp_unix_ms": 1749781379913,
      "timestamp_readable": "2025-06-13 02:22:59.913",
      "normalized_name": "I-am-once-again-asking/I-am-once-again-asking",
      "meme_name": "I-am-once-again-asking",
      "post_id": 12,
      "english_label": "contempt",
      "response_time_ms": 4007
    },
    {
      "image_path": "Disappointed-Man/Disappointed-Man_22.png",
      "label": "厭惡",
      "response_time": "00:00:02.904",
      "timestamp_unix": 1749781382,
      "timestamp_unix_ms": 1749781382969,
      "timestamp_readable": "2025-06-13 02:23:02.969",
      "normalized_name": "Disappointed-Man/Disappointed-Man",
      "meme_name": "Disappointed-Man",
      "post_id": 22,
      "english_label": "disgust",
      "response_time_ms": 2904
    },
    {
      "image_path": "You-The-Real-MVP/You-The-Real-MVP_19.png",
      "label": "輕蔑",
      "response_time": "00:00:01.708",
      "timestamp_unix": 1749781384,
      "timestamp_unix_ms": 1749781384812,
      "timestamp_readable": "2025-06-13 02:23:04.812",
      "normalized_name": "You-The-Real-MVP/You-The-Real-MVP",
      "meme_name": "You-The-Real-MVP",
      "post_id": 19,
      "english_label": "contempt",
      "response_time_ms": 1708
    },
    {
      "image_path": "Persian-Cat-Room-Guardian/Persian-Cat-Room-Guardian_16.png",
      "label": "輕蔑",
      "response_time": "00:00:02.204",
      "timestamp_unix": 1749781387,
      "timestamp_unix_ms": 1749781387109,
      "timestamp_readable": "2025-06-13 02:23:07.109",
      "normalized_name": "Persian-Cat-Room-Guardian/Persian-Cat-Room-Guardian",
      "meme_name": "Persian-Cat-Room-Guardian",
      "post_id": 16,
      "english_label": "contempt",
      "response_time_ms": 2204
    },
    {
      "image_path": "Math-ladyConfused-lady/Math-ladyConfused-lady_37.png",
      "label": "輕蔑",
      "response_time": "00:00:01.410",
      "timestamp_unix": 1749781388,
      "timestamp_unix_ms": 1749781388633,
      "timestamp_readable": "2025-06-13 02:23:08.633",
      "normalized_name": "Math-ladyConfused-lady/Math-ladyConfused-lady",
      "meme_name": "Math-ladyConfused-lady",
      "post_id": 37,
      "english_label": "contempt",
      "response_time_ms": 1410
    }
  ],
  "session_start_unix": 1749781181,
  "session_status": "completed",
  "last_updated_unix": 1749781435,
  "image_order": [
    "Spiderman-Hospital/Spiderman-Hospital_36.png",
    "Happy--Shock/Happy--Shock_45.png",
    "Chill-guy/Chill-guy_4.png",
    "I-am-once-again-asking/I-am-once-again-asking_12.png",
    "Math-ladyConfused-lady/Math-ladyConfused-lady_37.png",
    "Archer/Archer_39.png",
    "Leonardo-Dicaprio-Wolf-Of-Wall-Street/Leonardo-Dicaprio-Wolf-Of-Wall-Street_3.png",
    "Mocking-Spongebob/Mocking-Spongebob_18.png",
    "Afraid-To-Ask-Andy/Afraid-To-Ask-Andy_1.png",
    "Charlie-Day/Charlie-Day_38.png",
    "Always-Has-Been/Always-Has-Been_2.png",
    "Picard-Wtf/Picard-Wtf_50.png",
    "Batman-Slapping-Robin/Batman-Slapping-Robin_46.png",
    "For-the-better-right-blank/For-the-better-right-blank_41.png",
    "Drake-NoYes/Drake-NoYes_15.png",
    "Laughing-wolf/Laughing-wolf_9.png",
    "DJ-Pauly-D/DJ-Pauly-D_47.png",
    "Always-you-three/Always-you-three_49.png",
    "Disappointed-Man/Disappointed-Man_22.png",
    "Smudge-the-cat/Smudge-the-cat_7.png",
    "Thats-a-paddlin/Thats-a-paddlin_17.png",
    "Hide-the-Pain-Harold/Hide-the-Pain-Harold_26.png",
    "Hold-fart/Hold-fart_5.png",
    "attention_check/attention_check_Disgust.png",
    "Im-The-Captain-Now/Im-The-Captain-Now_40.png",
    "Obi-Wan-Kenobi/Obi-Wan-Kenobi_21.png",
    "Spongebob-Yelling/Spongebob-Yelling_23.png",
    "Nuclear-Explosion/Nuclear-Explosion_33.png",
    "Dinkleberg/Dinkleberg_13.png",
    "Scooby-doo-mask-reveal/Scooby-doo-mask-reveal_35.png",
    "Disaster-Girl/Disaster-Girl_31.png",
    "Black-guy-hiding-behind-tree/Black-guy-hiding-behind-tree_20.png",
    "You-The-Real-MVP/You-The-Real-MVP_19.png",
    "Moe-throws-Barney/Moe-throws-Barney_8.png",
    "Ill-Have-You-Know-Spongebob/Ill-Have-You-Know-Spongebob_34.png",
    "Futurama-Fry/Futurama-Fry_11.png",
    "Monkey-Puppet/Monkey-Puppet_43.png",
    "Confused-Gandalf/Confused-Gandalf_44.png",
    "Mr-incredible-mad/Mr-incredible-mad_32.png",
    "Dave-chappelle/Dave-chappelle_30.png",
    "Surprised-Pikachu/Surprised-Pikachu_27.png",
    "Table-Flip-Guy/Table-Flip-Guy_24.png",
    "Kevin-Hart/Kevin-Hart_25.png",
    "Well-Yes-But-Actually-No/Well-Yes-But-Actually-No_42.png",
    "Mr-McMahon-reaction/Mr-McMahon-reaction_6.png",
    "Gru-Gun/Gru-Gun_29.png",
    "attention_check/attention_check_Others.png",
    "Persian-Cat-Room-Guardian/Persian-Cat-Room-Guardian_16.png",
    "Put-It-Somewhere-Else-Patrick/Put-It-Somewhere-Else-Patrick_28.png",
    "Angry-Baby/Angry-Baby_14.png",
    "Arthur-Fist/Arthur-Fist_48.png",
    "Khan/Khan_10.png"
  ],
  "completion_status": {
    "practice_completed": true,
    "game_started": true,
    "game_completed": true,
    "summary_viewed": true,
    "email_submitted": true
  },
  "timestamps_unix": {
    "registration_completed": 1749781181,
    "practice_started": 1749781181,
    "practice_completed": 1749781223,
    "game_started": 1749781223,
    "first_label": 1749781227,
    "last_label": 1749781388,
    "game_completed": 1749781391,
    "summary_viewed": 1749781391,
    "email_submitted": 1749781435,
    "session_end": 1749781435,
    "last_updated": 1749781435
  },
  "timestamps_unix_ms": {
    "registration_completed_ms": 1749781181596,
    "practice_started_ms": 1749781181720,
    "practice_completed_ms": 1749781223456,
    "game_started_ms": 1749781223472,
    "first_label_ms": 1749781227432,
    "last_label_ms": 1749781388633,
    "game_completed_ms": 1749781391136,
    "summary_viewed_ms": 1749781391155,
    "email_submitted_ms": 1749781435648,
    "session_end_ms": 1749781435648,
    "last_updated_ms": 1749781435648
  },
  "duration_stats_ms": {
    "total_session_duration_ms": 254052,
    "practice_duration_ms": 41736,
    "game_duration_ms": 167664,
    "labeling_duration_ms": 161201,
    "email_submission_duration_ms": 44493
  },
  "filename_updated_unix": 1749781391,
  "original_filename": "user_8a3e9b",
  "completion_status_in_filename": "email_submitted"
}