{
  "user_id": "user_6735cb",
  "file_name": "user_6735cb_1751720718_1751721201_fullycomplete",
  "unix_start_time": 1751720718,
  "unix_start_time_ms": 1751720718177,
  "unix_end_time": 1751721201,
  "unix_end_time_ms": 1751721201488,
  "age": "25-29",
  "gender": "female",
  "user_agent": "Mozilla/5.0 (Macintosh; Intel Mac OS X 10_15_7) AppleWebKit/605.1.15 (KHTML, like Gecko) Version/18.5 Safari/605.1.15",
  "user_ip": "223.137.4.217",
  "status": "complete",
  "email_provided": "complete",
  "attention_passed": true,
  "start_time_readable": "2025-07-05 13:05:18.177",
  "end_time_readable": "2025-07-05 13:13:21.488",
  "total_labels": 52,
  "emotion_summary": {
    "anger": 15,
    "contempt": 9,
    "disgust": 11,
    "others": 17
  },
  "email": "nike850822@gmail.com",
  "participation": "yes",
  "total_responses": 52,
  "responses": [
    {
      "image_path": "Black-guy-hiding-behind-tree/Black-guy-hiding-behind-tree_25.png",
      "label": "輕蔑",
      "response_time": "00:00:13.526",
      "timestamp_unix": 1751720795,
      "timestamp_unix_ms": 1751720795411,
      "timestamp_readable": "2025-07-05 13:06:35.411",
      "normalized_name": "Black-guy-hiding-behind-tree/Black-guy-hiding-behind-tree",
      "meme_name": "Black-guy-hiding-behind-tree",
      "post_id": 25,
      "english_label": "contempt",
      "response_time_ms": 13526
    },
    {
      "image_path": "Afraid-To-Ask-Andy/Afraid-To-Ask-Andy_27.png",
      "label": "其他",
      "response_time": "00:00:08.065",
      "timestamp_unix": 1751720803,
      "timestamp_unix_ms": 1751720803645,
      "timestamp_readable": "2025-07-05 13:06:43.645",
      "normalized_name": "Afraid-To-Ask-Andy/Afraid-To-Ask-Andy",
      "meme_name": "Afraid-To-Ask-Andy",
      "post_id": 27,
      "english_label": "others",
      "response_time_ms": 8065
    },
    {
      "image_path": "Scooby-doo-mask-reveal/Scooby-doo-mask-reveal_5.png",
      "label": "憤怒",
      "response_time": "00:00:11.295",
      "timestamp_unix": 1751720815,
      "timestamp_unix_ms": 1751720815055,
      "timestamp_readable": "2025-07-05 13:06:55.055",
      "normalized_name": "Scooby-doo-mask-reveal/Scooby-doo-mask-reveal",
      "meme_name": "Scooby-doo-mask-reveal",
      "post_id": 5,
      "english_label": "anger",
      "response_time_ms": 11295
    },
    {
      "image_path": "Always-you-three/Always-you-three_13.png",
      "label": "輕蔑",
      "response_time": "00:00:16.238",
      "timestamp_unix": 1751720831,
      "timestamp_unix_ms": 1751720831453,
      "timestamp_readable": "2025-07-05 13:07:11.453",
      "normalized_name": "Always-you-three/Always-you-three",
      "meme_name": "Always-you-three",
      "post_id": 13,
      "english_label": "contempt",
      "response_time_ms": 16238
    },
    {
      "image_path": "Always-Has-Been/Always-Has-Been_15.png",
      "label": "其他",
      "response_time": "00:00:12.813",
      "timestamp_unix": 1751720844,
      "timestamp_unix_ms": 1751720844368,
      "timestamp_readable": "2025-07-05 13:07:24.368",
      "normalized_name": "Always-Has-Been/Always-Has-Been",
      "meme_name": "Always-Has-Been",
      "post_id": 15,
      "english_label": "others",
      "response_time_ms": 12813
    },
    {
      "image_path": "Disappointed-Man/Disappointed-Man_20.png",
      "label": "憤怒",
      "response_time": "00:00:09.279",
      "timestamp_unix": 1751720853,
      "timestamp_unix_ms": 1751720853814,
      "timestamp_readable": "2025-07-05 13:07:33.814",
      "normalized_name": "Disappointed-Man/Disappointed-Man",
      "meme_name": "Disappointed-Man",
      "post_id": 20,
      "english_label": "anger",
      "response_time_ms": 9279
    },
    {
      "image_path": "Charlie-Day/Charlie-Day_24.png",
      "label": "厭惡",
      "response_time": "00:00:10.385",
      "timestamp_unix": 1751720864,
      "timestamp_unix_ms": 1751720864377,
      "timestamp_readable": "2025-07-05 13:07:44.377",
      "normalized_name": "Charlie-Day/Charlie-Day",
      "meme_name": "Charlie-Day",
      "post_id": 24,
      "english_label": "disgust",
      "response_time_ms": 10385
    },
    {
      "image_path": "Thats-a-paddlin/Thats-a-paddlin_39.png",
      "label": "憤怒",
      "response_time": "00:00:08.877",
      "timestamp_unix": 1751720873,
      "timestamp_unix_ms": 1751720873373,
      "timestamp_readable": "2025-07-05 13:07:53.373",
      "normalized_name": "Thats-a-paddlin/Thats-a-paddlin",
      "meme_name": "Thats-a-paddlin",
      "post_id": 39,
      "english_label": "anger",
      "response_time_ms": 8877
    },
    {
      "image_path": "Nuclear-Explosion/Nuclear-Explosion_8.png",
      "label": "憤怒",
      "response_time": "00:00:06.258",
      "timestamp_unix": 1751720879,
      "timestamp_unix_ms": 1751720879789,
      "timestamp_readable": "2025-07-05 13:07:59.789",
      "normalized_name": "Nuclear-Explosion/Nuclear-Explosion",
      "meme_name": "Nuclear-Explosion",
      "post_id": 8,
      "english_label": "anger",
      "response_time_ms": 6258
    },
    {
      "image_path": "Drake-NoYes/Drake-NoYes_23.png",
      "label": "輕蔑",
      "response_time": "00:00:10.085",
      "timestamp_unix": 1751720889,
      "timestamp_unix_ms": 1751720889964,
      "timestamp_readable": "2025-07-05 13:08:09.964",
      "normalized_name": "Drake-NoYes/Drake-NoYes",
      "meme_name": "Drake-NoYes",
      "post_id": 23,
      "english_label": "contempt",
      "response_time_ms": 10085
    },
    {
      "image_path": "Hold-fart/Hold-fart_28.png",
      "label": "憤怒",
      "response_time": "00:00:06.745",
      "timestamp_unix": 1751720896,
      "timestamp_unix_ms": 1751720896860,
      "timestamp_readable": "2025-07-05 13:08:16.860",
      "normalized_name": "Hold-fart/Hold-fart",
      "meme_name": "Hold-fart",
      "post_id": 28,
      "english_label": "anger",
      "response_time_ms": 6745
    },
    {
      "image_path": "Mr-McMahon-reaction/Mr-McMahon-reaction_34.png",
      "label": "其他",
      "response_time": "00:00:09.984",
      "timestamp_unix": 1751720906,
      "timestamp_unix_ms": 1751720906972,
      "timestamp_readable": "2025-07-05 13:08:26.972",
      "normalized_name": "Mr-McMahon-reaction/Mr-McMahon-reaction",
      "meme_name": "Mr-McMahon-reaction",
      "post_id": 34,
      "english_label": "others",
      "response_time_ms": 9984
    },
    {
      "image_path": "Spongebob-Yelling/Spongebob-Yelling_36.png",
      "label": "其他",
      "response_time": "00:00:08.771",
      "timestamp_unix": 1751720915,
      "timestamp_unix_ms": 1751720915859,
      "timestamp_readable": "2025-07-05 13:08:35.859",
      "normalized_name": "Spongebob-Yelling/Spongebob-Yelling",
      "meme_name": "Spongebob-Yelling",
      "post_id": 36,
      "english_label": "others",
      "response_time_ms": 8771
    },
    {
      "image_path": "Table-Flip-Guy/Table-Flip-Guy_44.png",
      "label": "憤怒",
      "response_time": "00:00:03.426",
      "timestamp_unix": 1751720919,
      "timestamp_unix_ms": 1751720919394,
      "timestamp_readable": "2025-07-05 13:08:39.394",
      "normalized_name": "Table-Flip-Guy/Table-Flip-Guy",
      "meme_name": "Table-Flip-Guy",
      "post_id": 44,
      "english_label": "anger",
      "response_time_ms": 3426
    },
    {
      "image_path": "Khan/Khan_1.png",
      "label": "憤怒",
      "response_time": "00:00:05.038",
      "timestamp_unix": 1751720924,
      "timestamp_unix_ms": 1751720924551,
      "timestamp_readable": "2025-07-05 13:08:44.551",
      "normalized_name": "Khan/Khan",
      "meme_name": "Khan",
      "post_id": 1,
      "english_label": "anger",
      "response_time_ms": 5038
    },
    {
      "image_path": "Chill-guy/Chill-guy_26.png",
      "label": "輕蔑",
      "response_time": "00:00:04.437",
      "timestamp_unix": 1751720929,
      "timestamp_unix_ms": 1751720929178,
      "timestamp_readable": "2025-07-05 13:08:49.178",
      "normalized_name": "Chill-guy/Chill-guy",
      "meme_name": "Chill-guy",
      "post_id": 26,
      "english_label": "contempt",
      "response_time_ms": 4437
    },
    {
      "image_path": "Happy--Shock/Happy--Shock_33.png",
      "label": "其他",
      "response_time": "00:00:06.158",
      "timestamp_unix": 1751720935,
      "timestamp_unix_ms": 1751720935510,
      "timestamp_readable": "2025-07-05 13:08:55.510",
      "normalized_name": "Happy--Shock/Happy--Shock",
      "meme_name": "Happy--Shock",
      "post_id": 33,
      "english_label": "others",
      "response_time_ms": 6158
    },
    {
      "image_path": "Futurama-Fry/Futurama-Fry_14.png",
      "label": "厭惡",
      "response_time": "00:00:10.386",
      "timestamp_unix": 1751720946,
      "timestamp_unix_ms": 1751720946034,
      "timestamp_readable": "2025-07-05 13:09:06.034",
      "normalized_name": "Futurama-Fry/Futurama-Fry",
      "meme_name": "Futurama-Fry",
      "post_id": 14,
      "english_label": "disgust",
      "response_time_ms": 10386
    },
    {
      "image_path": "Ill-Have-You-Know-Spongebob/Ill-Have-You-Know-Spongebob_4.png",
      "label": "厭惡",
      "response_time": "00:00:05.644",
      "timestamp_unix": 1751720951,
      "timestamp_unix_ms": 1751720951859,
      "timestamp_readable": "2025-07-05 13:09:11.859",
      "normalized_name": "Ill-Have-You-Know-Spongebob/Ill-Have-You-Know-Spongebob",
      "meme_name": "Ill-Have-You-Know-Spongebob",
      "post_id": 4,
      "english_label": "disgust",
      "response_time_ms": 5644
    },
    {
      "image_path": "Obi-Wan-Kenobi/Obi-Wan-Kenobi_2.png",
      "label": "其他",
      "response_time": "00:00:04.742",
      "timestamp_unix": 1751720956,
      "timestamp_unix_ms": 1751720956808,
      "timestamp_readable": "2025-07-05 13:09:16.808",
      "normalized_name": "Obi-Wan-Kenobi/Obi-Wan-Kenobi",
      "meme_name": "Obi-Wan-Kenobi",
      "post_id": 2,
      "english_label": "others",
      "response_time_ms": 4742
    },
    {
      "image_path": "Laughing-wolf/Laughing-wolf_45.png",
      "label": "輕蔑",
      "response_time": "00:00:08.876",
      "timestamp_unix": 1751720965,
      "timestamp_unix_ms": 1751720965849,
      "timestamp_readable": "2025-07-05 13:09:25.849",
      "normalized_name": "Laughing-wolf/Laughing-wolf",
      "meme_name": "Laughing-wolf",
      "post_id": 45,
      "english_label": "contempt",
      "response_time_ms": 8876
    },
    {
      "image_path": "attention_check/attention_check_Others.png",
      "label": "其他",
      "response_time": "00:00:06.956",
      "timestamp_unix": 1751720973,
      "timestamp_unix_ms": 1751720973132,
      "timestamp_readable": "2025-07-05 13:09:33.132",
      "normalized_name": "attention_check/attention_check_Others.png",
      "meme_name": "attention_check",
      "post_id": null,
      "english_label": "others",
      "response_time_ms": 6956
    },
    {
      "image_path": "Surprised-Pikachu/Surprised-Pikachu_50.png",
      "label": "憤怒",
      "response_time": "00:00:11.294",
      "timestamp_unix": 1751720984,
      "timestamp_unix_ms": 1751720984612,
      "timestamp_readable": "2025-07-05 13:09:44.612",
      "normalized_name": "Surprised-Pikachu/Surprised-Pikachu",
      "meme_name": "Surprised-Pikachu",
      "post_id": 50,
      "english_label": "anger",
      "response_time_ms": 11294
    },
    {
      "image_path": "For-the-better-right-blank/For-the-better-right-blank_47.png",
      "label": "厭惡",
      "response_time": "00:00:07.567",
      "timestamp_unix": 1751720992,
      "timestamp_unix_ms": 1751720992308,
      "timestamp_readable": "2025-07-05 13:09:52.308",
      "normalized_name": "For-the-better-right-blank/For-the-better-right-blank",
      "meme_name": "For-the-better-right-blank",
      "post_id": 47,
      "english_label": "disgust",
      "response_time_ms": 7567
    },
    {
      "image_path": "Archer/Archer_43.png",
      "label": "輕蔑",
      "response_time": "00:00:04.634",
      "timestamp_unix": 1751720997,
      "timestamp_unix_ms": 1751720997080,
      "timestamp_readable": "2025-07-05 13:09:57.080",
      "normalized_name": "Archer/Archer",
      "meme_name": "Archer",
      "post_id": 43,
      "english_label": "contempt",
      "response_time_ms": 4634
    },
    {
      "image_path": "Mocking-Spongebob/Mocking-Spongebob_48.png",
      "label": "厭惡",
      "response_time": "00:00:05.746",
      "timestamp_unix": 1751721002,
      "timestamp_unix_ms": 1751721002939,
      "timestamp_readable": "2025-07-05 13:10:02.939",
      "normalized_name": "Mocking-Spongebob/Mocking-Spongebob",
      "meme_name": "Mocking-Spongebob",
      "post_id": 48,
      "english_label": "disgust",
      "response_time_ms": 5746
    },
    {
      "image_path": "Smudge-the-cat/Smudge-the-cat_19.png",
      "label": "憤怒",
      "response_time": "00:00:08.056",
      "timestamp_unix": 1751721011,
      "timestamp_unix_ms": 1751721011188,
      "timestamp_readable": "2025-07-05 13:10:11.188",
      "normalized_name": "Smudge-the-cat/Smudge-the-cat",
      "meme_name": "Smudge-the-cat",
      "post_id": 19,
      "english_label": "anger",
      "response_time_ms": 8056
    },
    {
      "image_path": "Monkey-Puppet/Monkey-Puppet_29.png",
      "label": "其他",
      "response_time": "00:00:05.339",
      "timestamp_unix": 1751721016,
      "timestamp_unix_ms": 1751721016678,
      "timestamp_readable": "2025-07-05 13:10:16.678",
      "normalized_name": "Monkey-Puppet/Monkey-Puppet",
      "meme_name": "Monkey-Puppet",
      "post_id": 29,
      "english_label": "others",
      "response_time_ms": 5339
    },
    {
      "image_path": "Persian-Cat-Room-Guardian/Persian-Cat-Room-Guardian_32.png",
      "label": "其他",
      "response_time": "00:00:05.747",
      "timestamp_unix": 1751721022,
      "timestamp_unix_ms": 1751721022611,
      "timestamp_readable": "2025-07-05 13:10:22.611",
      "normalized_name": "Persian-Cat-Room-Guardian/Persian-Cat-Room-Guardian",
      "meme_name": "Persian-Cat-Room-Guardian",
      "post_id": 32,
      "english_label": "others",
      "response_time_ms": 5747
    },
    {
      "image_path": "You-The-Real-MVP/You-The-Real-MVP_17.png",
      "label": "其他",
      "response_time": "00:00:07.661",
      "timestamp_unix": 1751721030,
      "timestamp_unix_ms": 1751721030473,
      "timestamp_readable": "2025-07-05 13:10:30.473",
      "normalized_name": "You-The-Real-MVP/You-The-Real-MVP",
      "meme_name": "You-The-Real-MVP",
      "post_id": 17,
      "english_label": "others",
      "response_time_ms": 7661
    },
    {
      "image_path": "Math-ladyConfused-lady/Math-ladyConfused-lady_12.png",
      "label": "其他",
      "response_time": "00:00:11.490",
      "timestamp_unix": 1751721042,
      "timestamp_unix_ms": 1751721042073,
      "timestamp_readable": "2025-07-05 13:10:42.073",
      "normalized_name": "Math-ladyConfused-lady/Math-ladyConfused-lady",
      "meme_name": "Math-ladyConfused-lady",
      "post_id": 12,
      "english_label": "others",
      "response_time_ms": 11490
    },
    {
      "image_path": "Gru-Gun/Gru-Gun_9.png",
      "label": "憤怒",
      "response_time": "00:00:03.732",
      "timestamp_unix": 1751721045,
      "timestamp_unix_ms": 1751721045938,
      "timestamp_readable": "2025-07-05 13:10:45.938",
      "normalized_name": "Gru-Gun/Gru-Gun",
      "meme_name": "Gru-Gun",
      "post_id": 9,
      "english_label": "anger",
      "response_time_ms": 3732
    },
    {
      "image_path": "Mr-incredible-mad/Mr-incredible-mad_38.png",
      "label": "憤怒",
      "response_time": "00:00:05.344",
      "timestamp_unix": 1751721051,
      "timestamp_unix_ms": 1751721051418,
      "timestamp_readable": "2025-07-05 13:10:51.418",
      "normalized_name": "Mr-incredible-mad/Mr-incredible-mad",
      "meme_name": "Mr-incredible-mad",
      "post_id": 38,
      "english_label": "anger",
      "response_time_ms": 5344
    },
    {
      "image_path": "Put-It-Somewhere-Else-Patrick/Put-It-Somewhere-Else-Patrick_10.png",
      "label": "厭惡",
      "response_time": "00:00:08.268",
      "timestamp_unix": 1751721059,
      "timestamp_unix_ms": 1751721059886,
      "timestamp_readable": "2025-07-05 13:10:59.886",
      "normalized_name": "Put-It-Somewhere-Else-Patrick/Put-It-Somewhere-Else-Patrick",
      "meme_name": "Put-It-Somewhere-Else-Patrick",
      "post_id": 10,
      "english_label": "disgust",
      "response_time_ms": 8268
    },
    {
      "image_path": "Disaster-Girl/Disaster-Girl_41.png",
      "label": "輕蔑",
      "response_time": "00:00:04.531",
      "timestamp_unix": 1751721064,
      "timestamp_unix_ms": 1751721064561,
      "timestamp_readable": "2025-07-05 13:11:04.561",
      "normalized_name": "Disaster-Girl/Disaster-Girl",
      "meme_name": "Disaster-Girl",
      "post_id": 41,
      "english_label": "contempt",
      "response_time_ms": 4531
    },
    {
      "image_path": "Well-Yes-But-Actually-No/Well-Yes-But-Actually-No_22.png",
      "label": "厭惡",
      "response_time": "00:00:10.986",
      "timestamp_unix": 1751721075,
      "timestamp_unix_ms": 1751721075741,
      "timestamp_readable": "2025-07-05 13:11:15.741",
      "normalized_name": "Well-Yes-But-Actually-No/Well-Yes-But-Actually-No",
      "meme_name": "Well-Yes-But-Actually-No",
      "post_id": 22,
      "english_label": "disgust",
      "response_time_ms": 10986
    },
    {
      "image_path": "Hide-the-Pain-Harold/Hide-the-Pain-Harold_30.png",
      "label": "其他",
      "response_time": "00:00:06.959",
      "timestamp_unix": 1751721082,
      "timestamp_unix_ms": 1751721082872,
      "timestamp_readable": "2025-07-05 13:11:22.872",
      "normalized_name": "Hide-the-Pain-Harold/Hide-the-Pain-Harold",
      "meme_name": "Hide-the-Pain-Harold",
      "post_id": 30,
      "english_label": "others",
      "response_time_ms": 6959
    },
    {
      "image_path": "Leonardo-Dicaprio-Wolf-Of-Wall-Street/Leonardo-Dicaprio-Wolf-Of-Wall-Street_42.png",
      "label": "其他",
      "response_time": "00:00:07.065",
      "timestamp_unix": 1751721090,
      "timestamp_unix_ms": 1751721090092,
      "timestamp_readable": "2025-07-05 13:11:30.092",
      "normalized_name": "Leonardo-Dicaprio-Wolf-Of-Wall-Street/Leonardo-Dicaprio-Wolf-Of-Wall-Street",
      "meme_name": "Leonardo-Dicaprio-Wolf-Of-Wall-Street",
      "post_id": 42,
      "english_label": "others",
      "response_time_ms": 7065
    },
    {
      "image_path": "Confused-Gandalf/Confused-Gandalf_7.png",
      "label": "輕蔑",
      "response_time": "00:00:05.141",
      "timestamp_unix": 1751721095,
      "timestamp_unix_ms": 1751721095413,
      "timestamp_readable": "2025-07-05 13:11:35.413",
      "normalized_name": "Confused-Gandalf/Confused-Gandalf",
      "meme_name": "Confused-Gandalf",
      "post_id": 7,
      "english_label": "contempt",
      "response_time_ms": 5141
    },
    {
      "image_path": "Picard-Wtf/Picard-Wtf_31.png",
      "label": "其他",
      "response_time": "00:00:13.409",
      "timestamp_unix": 1751721109,
      "timestamp_unix_ms": 1751721109001,
      "timestamp_readable": "2025-07-05 13:11:49.001",
      "normalized_name": "Picard-Wtf/Picard-Wtf",
      "meme_name": "Picard-Wtf",
      "post_id": 31,
      "english_label": "others",
      "response_time_ms": 13409
    },
    {
      "image_path": "Kevin-Hart/Kevin-Hart_46.png",
      "label": "其他",
      "response_time": "00:00:08.980",
      "timestamp_unix": 1751721118,
      "timestamp_unix_ms": 1751721118158,
      "timestamp_readable": "2025-07-05 13:11:58.158",
      "normalized_name": "Kevin-Hart/Kevin-Hart",
      "meme_name": "Kevin-Hart",
      "post_id": 46,
      "english_label": "others",
      "response_time_ms": 8980
    },
    {
      "image_path": "Dave-chappelle/Dave-chappelle_49.png",
      "label": "厭惡",
      "response_time": "00:00:08.069",
      "timestamp_unix": 1751721126,
      "timestamp_unix_ms": 1751721126333,
      "timestamp_readable": "2025-07-05 13:12:06.333",
      "normalized_name": "Dave-chappelle/Dave-chappelle",
      "meme_name": "Dave-chappelle",
      "post_id": 49,
      "english_label": "disgust",
      "response_time_ms": 8069
    },
    {
      "image_path": "Spiderman-Hospital/Spiderman-Hospital_16.png",
      "label": "厭惡",
      "response_time": "00:00:06.761",
      "timestamp_unix": 1751721133,
      "timestamp_unix_ms": 1751721133228,
      "timestamp_readable": "2025-07-05 13:12:13.228",
      "normalized_name": "Spiderman-Hospital/Spiderman-Hospital",
      "meme_name": "Spiderman-Hospital",
      "post_id": 16,
      "english_label": "disgust",
      "response_time_ms": 6761
    },
    {
      "image_path": "Arthur-Fist/Arthur-Fist_35.png",
      "label": "憤怒",
      "response_time": "00:00:02.620",
      "timestamp_unix": 1751721136,
      "timestamp_unix_ms": 1751721136042,
      "timestamp_readable": "2025-07-05 13:12:16.042",
      "normalized_name": "Arthur-Fist/Arthur-Fist",
      "meme_name": "Arthur-Fist",
      "post_id": 35,
      "english_label": "anger",
      "response_time_ms": 2620
    },
    {
      "image_path": "Moe-throws-Barney/Moe-throws-Barney_18.png",
      "label": "其他",
      "response_time": "00:00:06.652",
      "timestamp_unix": 1751721142,
      "timestamp_unix_ms": 1751721142860,
      "timestamp_readable": "2025-07-05 13:12:22.860",
      "normalized_name": "Moe-throws-Barney/Moe-throws-Barney",
      "meme_name": "Moe-throws-Barney",
      "post_id": 18,
      "english_label": "others",
      "response_time_ms": 6652
    },
    {
      "image_path": "attention_check/attention_check_Disgust.png",
      "label": "厭惡",
      "response_time": "00:00:01.814",
      "timestamp_unix": 1751721144,
      "timestamp_unix_ms": 1751721144808,
      "timestamp_readable": "2025-07-05 13:12:24.808",
      "normalized_name": "attention_check/attention_check_Disgust.png",
      "meme_name": "attention_check",
      "post_id": null,
      "english_label": "disgust",
      "response_time_ms": 1814
    },
    {
      "image_path": "I-am-once-again-asking/I-am-once-again-asking_6.png",
      "label": "憤怒",
      "response_time": "00:00:03.527",
      "timestamp_unix": 1751721148,
      "timestamp_unix_ms": 1751721148504,
      "timestamp_readable": "2025-07-05 13:12:28.504",
      "normalized_name": "I-am-once-again-asking/I-am-once-again-asking",
      "meme_name": "I-am-once-again-asking",
      "post_id": 6,
      "english_label": "anger",
      "response_time_ms": 3527
    },
    {
      "image_path": "DJ-Pauly-D/DJ-Pauly-D_11.png",
      "label": "憤怒",
      "response_time": "00:00:07.059",
      "timestamp_unix": 1751721155,
      "timestamp_unix_ms": 1751721155688,
      "timestamp_readable": "2025-07-05 13:12:35.688",
      "normalized_name": "DJ-Pauly-D/DJ-Pauly-D",
      "meme_name": "DJ-Pauly-D",
      "post_id": 11,
      "english_label": "anger",
      "response_time_ms": 7059
    },
    {
      "image_path": "Angry-Baby/Angry-Baby_40.png",
      "label": "憤怒",
      "response_time": "00:00:02.417",
      "timestamp_unix": 1751721158,
      "timestamp_unix_ms": 1751721158234,
      "timestamp_readable": "2025-07-05 13:12:38.234",
      "normalized_name": "Angry-Baby/Angry-Baby",
      "meme_name": "Angry-Baby",
      "post_id": 40,
      "english_label": "anger",
      "response_time_ms": 2417
    },
    {
      "image_path": "Im-The-Captain-Now/Im-The-Captain-Now_3.png",
      "label": "其他",
      "response_time": "00:00:09.175",
      "timestamp_unix": 1751721167,
      "timestamp_unix_ms": 1751721167547,
      "timestamp_readable": "2025-07-05 13:12:47.547",
      "normalized_name": "Im-The-Captain-Now/Im-The-Captain-Now",
      "meme_name": "Im-The-Captain-Now",
      "post_id": 3,
      "english_label": "others",
      "response_time_ms": 9175
    },
    {
      "image_path": "Dinkleberg/Dinkleberg_37.png",
      "label": "厭惡",
      "response_time": "00:00:08.063",
      "timestamp_unix": 1751721175,
      "timestamp_unix_ms": 1751721175778,
      "timestamp_readable": "2025-07-05 13:12:55.778",
      "normalized_name": "Dinkleberg/Dinkleberg",
      "meme_name": "Dinkleberg",
      "post_id": 37,
      "english_label": "disgust",
      "response_time_ms": 8063
    },
    {
      "image_path": "Batman-Slapping-Robin/Batman-Slapping-Robin_21.png",
      "label": "輕蔑",
      "response_time": "00:00:05.245",
      "timestamp_unix": 1751721181,
      "timestamp_unix_ms": 1751721181170,
      "timestamp_readable": "2025-07-05 13:13:01.170",
      "normalized_name": "Batman-Slapping-Robin/Batman-Slapping-Robin",
      "meme_name": "Batman-Slapping-Robin",
      "post_id": 21,
      "english_label": "contempt",
      "response_time_ms": 5245
    }
  ],
  "session_start_unix": 1751720718,
  "session_status": "completed",
  "last_updated_unix": 1751721201,
  "image_order": [
    "Spiderman-Hospital/Spiderman-Hospital_16.png",
    "Happy--Shock/Happy--Shock_33.png",
    "Chill-guy/Chill-guy_26.png",
    "I-am-once-again-asking/I-am-once-again-asking_6.png",
    "Math-ladyConfused-lady/Math-ladyConfused-lady_12.png",
    "Archer/Archer_43.png",
    "Leonardo-Dicaprio-Wolf-Of-Wall-Street/Leonardo-Dicaprio-Wolf-Of-Wall-Street_42.png",
    "Mocking-Spongebob/Mocking-Spongebob_48.png",
    "Afraid-To-Ask-Andy/Afraid-To-Ask-Andy_27.png",
    "Charlie-Day/Charlie-Day_24.png",
    "Always-Has-Been/Always-Has-Been_15.png",
    "Picard-Wtf/Picard-Wtf_31.png",
    "Batman-Slapping-Robin/Batman-Slapping-Robin_21.png",
    "For-the-better-right-blank/For-the-better-right-blank_47.png",
    "Drake-NoYes/Drake-NoYes_23.png",
    "Laughing-wolf/Laughing-wolf_45.png",
    "DJ-Pauly-D/DJ-Pauly-D_11.png",
    "Always-you-three/Always-you-three_13.png",
    "Disappointed-Man/Disappointed-Man_20.png",
    "Smudge-the-cat/Smudge-the-cat_19.png",
    "Thats-a-paddlin/Thats-a-paddlin_39.png",
    "attention_check/attention_check_Others.png",
    "Hide-the-Pain-Harold/Hide-the-Pain-Harold_30.png",
    "Hold-fart/Hold-fart_28.png",
    "Im-The-Captain-Now/Im-The-Captain-Now_3.png",
    "Obi-Wan-Kenobi/Obi-Wan-Kenobi_2.png",
    "Spongebob-Yelling/Spongebob-Yelling_36.png",
    "Nuclear-Explosion/Nuclear-Explosion_8.png",
    "Dinkleberg/Dinkleberg_37.png",
    "Scooby-doo-mask-reveal/Scooby-doo-mask-reveal_5.png",
    "Disaster-Girl/Disaster-Girl_41.png",
    "Black-guy-hiding-behind-tree/Black-guy-hiding-behind-tree_25.png",
    "You-The-Real-MVP/You-The-Real-MVP_17.png",
    "Moe-throws-Barney/Moe-throws-Barney_18.png",
    "Ill-Have-You-Know-Spongebob/Ill-Have-You-Know-Spongebob_4.png",
    "Futurama-Fry/Futurama-Fry_14.png",
    "Monkey-Puppet/Monkey-Puppet_29.png",
    "Confused-Gandalf/Confused-Gandalf_7.png",
    "Mr-incredible-mad/Mr-incredible-mad_38.png",
    "Dave-chappelle/Dave-chappelle_49.png",
    "Surprised-Pikachu/Surprised-Pikachu_50.png",
    "Table-Flip-Guy/Table-Flip-Guy_44.png",
    "Kevin-Hart/Kevin-Hart_46.png",
    "Well-Yes-But-Actually-No/Well-Yes-But-Actually-No_22.png",
    "Mr-McMahon-reaction/Mr-McMahon-reaction_34.png",
    "attention_check/attention_check_Disgust.png",
    "Gru-Gun/Gru-Gun_9.png",
    "Persian-Cat-Room-Guardian/Persian-Cat-Room-Guardian_32.png",
    "Put-It-Somewhere-Else-Patrick/Put-It-Somewhere-Else-Patrick_10.png",
    "Angry-Baby/Angry-Baby_40.png",
    "Arthur-Fist/Arthur-Fist_35.png",
    "Khan/Khan_1.png"
  ],
  "completion_status": {
    "practice_completed": true,
    "game_started": true,
    "game_completed": true,
    "summary_viewed": true,
    "email_submitted": true
  },
  "timestamps_unix": {
    "registration_completed": 1751720718,
    "practice_started": 1751720718,
    "practice_completed": 1751720781,
    "game_started": 1751720781,
    "first_label": 1751720795,
    "last_label": 1751721181,
    "game_completed": 1751721182,
    "summary_viewed": 1751721182,
    "email_submitted": 1751721201,
    "session_end": 1751721201,
    "last_updated": 1751721201
  },
  "timestamps_unix_ms": {
    "registration_completed_ms": 1751720718177,
    "practice_started_ms": 1751720718239,
    "practice_completed_ms": 1751720781523,
    "game_started_ms": 1751720781528,
    "first_label_ms": 1751720795411,
    "last_label_ms": 1751721181170,
    "game_completed_ms": 1751721182519,
    "summary_viewed_ms": 1751721182525,
    "email_submitted_ms": 1751721201482,
    "session_end_ms": 1751721201482,
    "last_updated_ms": 1751721201482
  },
  "duration_stats_ms": {
    "total_session_duration_ms": 483305,
    "practice_duration_ms": 63284,
    "game_duration_ms": 400991,
    "labeling_duration_ms": 385759,
    "email_submission_duration_ms": 18957
  },
  "filename_updated_unix": 1751721182,
  "original_filename": "user_6735cb",
  "completion_status_in_filename": "email_submitted"
}