{
  "user_id": "user_7eef4a",
  "file_name": "user_7eef4a_1751641671_1751642727_fullycomplete",
  "unix_start_time": 1751641671,
  "unix_start_time_ms": 1751641671296,
  "unix_end_time": 1751642727,
  "unix_end_time_ms": 1751642727389,
  "age": "50-54",
  "gender": "female",
  "user_agent": "Mozilla/5.0 (Windows NT 10.0; Win64; x64) AppleWebKit/537.36 (KHTML, like Gecko) Chrome/138.0.0.0 Safari/537.36",
  "user_ip": "36.226.191.151",
  "status": "complete",
  "email_provided": "complete",
  "attention_passed": true,
  "start_time_readable": "2025-07-04 15:07:51.296",
  "end_time_readable": "2025-07-04 15:25:27.389",
  "total_labels": 52,
  "emotion_summary": {
    "anger": 10,
    "contempt": 7,
    "disgust": 12,
    "others": 23
  },
  "email": "franny.chucy@gmail.com",
  "participation": "yes",
  "total_responses": 52,
  "responses": [
    {
      "image_path": "Chill-guy/Chill-guy_16.png",
      "label": "輕蔑",
      "response_time": "00:00:27.907",
      "timestamp_unix": 1751641873,
      "timestamp_unix_ms": 1751641873405,
      "timestamp_readable": "2025-07-04 15:11:13.405",
      "normalized_name": "Chill-guy/Chill-guy",
      "meme_name": "Chill-guy",
      "post_id": 16,
      "english_label": "contempt",
      "response_time_ms": 27907
    },
    {
      "image_path": "Scooby-doo-mask-reveal/Scooby-doo-mask-reveal_46.png",
      "label": "其他",
      "response_time": "00:00:27.202",
      "timestamp_unix": 1751641900,
      "timestamp_unix_ms": 1751641900700,
      "timestamp_readable": "2025-07-04 15:11:40.700",
      "normalized_name": "Scooby-doo-mask-reveal/Scooby-doo-mask-reveal",
      "meme_name": "Scooby-doo-mask-reveal",
      "post_id": 46,
      "english_label": "others",
      "response_time_ms": 27202
    },
    {
      "image_path": "Mocking-Spongebob/Mocking-Spongebob_27.png",
      "label": "厭惡",
      "response_time": "00:00:07.704",
      "timestamp_unix": 1751641908,
      "timestamp_unix_ms": 1751641908538,
      "timestamp_readable": "2025-07-04 15:11:48.538",
      "normalized_name": "Mocking-Spongebob/Mocking-Spongebob",
      "meme_name": "Mocking-Spongebob",
      "post_id": 27,
      "english_label": "disgust",
      "response_time_ms": 7704
    },
    {
      "image_path": "Disappointed-Man/Disappointed-Man_19.png",
      "label": "憤怒",
      "response_time": "00:00:09.800",
      "timestamp_unix": 1751641918,
      "timestamp_unix_ms": 1751641918445,
      "timestamp_readable": "2025-07-04 15:11:58.445",
      "normalized_name": "Disappointed-Man/Disappointed-Man",
      "meme_name": "Disappointed-Man",
      "post_id": 19,
      "english_label": "anger",
      "response_time_ms": 9800
    },
    {
      "image_path": "Thats-a-paddlin/Thats-a-paddlin_20.png",
      "label": "厭惡",
      "response_time": "00:00:08.407",
      "timestamp_unix": 1751641926,
      "timestamp_unix_ms": 1751641926944,
      "timestamp_readable": "2025-07-04 15:12:06.944",
      "normalized_name": "Thats-a-paddlin/Thats-a-paddlin",
      "meme_name": "Thats-a-paddlin",
      "post_id": 20,
      "english_label": "disgust",
      "response_time_ms": 8407
    },
    {
      "image_path": "Drake-NoYes/Drake-NoYes_4.png",
      "label": "其他",
      "response_time": "00:00:13.013",
      "timestamp_unix": 1751641939,
      "timestamp_unix_ms": 1751641939993,
      "timestamp_readable": "2025-07-04 15:12:19.993",
      "normalized_name": "Drake-NoYes/Drake-NoYes",
      "meme_name": "Drake-NoYes",
      "post_id": 4,
      "english_label": "others",
      "response_time_ms": 13013
    },
    {
      "image_path": "Laughing-wolf/Laughing-wolf_2.png",
      "label": "輕蔑",
      "response_time": "00:00:18.603",
      "timestamp_unix": 1751641958,
      "timestamp_unix_ms": 1751641958721,
      "timestamp_readable": "2025-07-04 15:12:38.721",
      "normalized_name": "Laughing-wolf/Laughing-wolf",
      "meme_name": "Laughing-wolf",
      "post_id": 2,
      "english_label": "contempt",
      "response_time_ms": 18603
    },
    {
      "image_path": "Angry-Baby/Angry-Baby_12.png",
      "label": "厭惡",
      "response_time": "00:00:09.103",
      "timestamp_unix": 1751641967,
      "timestamp_unix_ms": 1751641967902,
      "timestamp_readable": "2025-07-04 15:12:47.902",
      "normalized_name": "Angry-Baby/Angry-Baby",
      "meme_name": "Angry-Baby",
      "post_id": 12,
      "english_label": "disgust",
      "response_time_ms": 9103
    },
    {
      "image_path": "Put-It-Somewhere-Else-Patrick/Put-It-Somewhere-Else-Patrick_33.png",
      "label": "其他",
      "response_time": "00:00:14.407",
      "timestamp_unix": 1751641982,
      "timestamp_unix_ms": 1751641982401,
      "timestamp_readable": "2025-07-04 15:13:02.401",
      "normalized_name": "Put-It-Somewhere-Else-Patrick/Put-It-Somewhere-Else-Patrick",
      "meme_name": "Put-It-Somewhere-Else-Patrick",
      "post_id": 33,
      "english_label": "others",
      "response_time_ms": 14407
    },
    {
      "image_path": "Arthur-Fist/Arthur-Fist_8.png",
      "label": "憤怒",
      "response_time": "00:00:04.406",
      "timestamp_unix": 1751641986,
      "timestamp_unix_ms": 1751641986900,
      "timestamp_readable": "2025-07-04 15:13:06.900",
      "normalized_name": "Arthur-Fist/Arthur-Fist",
      "meme_name": "Arthur-Fist",
      "post_id": 8,
      "english_label": "anger",
      "response_time_ms": 4406
    },
    {
      "image_path": "Batman-Slapping-Robin/Batman-Slapping-Robin_45.png",
      "label": "其他",
      "response_time": "00:00:16.005",
      "timestamp_unix": 1751642003,
      "timestamp_unix_ms": 1751642003023,
      "timestamp_readable": "2025-07-04 15:13:23.023",
      "normalized_name": "Batman-Slapping-Robin/Batman-Slapping-Robin",
      "meme_name": "Batman-Slapping-Robin",
      "post_id": 45,
      "english_label": "others",
      "response_time_ms": 16005
    },
    {
      "image_path": "Hold-fart/Hold-fart_6.png",
      "label": "其他",
      "response_time": "00:00:15.403",
      "timestamp_unix": 1751642018,
      "timestamp_unix_ms": 1751642018544,
      "timestamp_readable": "2025-07-04 15:13:38.544",
      "normalized_name": "Hold-fart/Hold-fart",
      "meme_name": "Hold-fart",
      "post_id": 6,
      "english_label": "others",
      "response_time_ms": 15403
    },
    {
      "image_path": "Mr-incredible-mad/Mr-incredible-mad_32.png",
      "label": "憤怒",
      "response_time": "00:00:06.106",
      "timestamp_unix": 1751642024,
      "timestamp_unix_ms": 1751642024743,
      "timestamp_readable": "2025-07-04 15:13:44.743",
      "normalized_name": "Mr-incredible-mad/Mr-incredible-mad",
      "meme_name": "Mr-incredible-mad",
      "post_id": 32,
      "english_label": "anger",
      "response_time_ms": 6106
    },
    {
      "image_path": "Nuclear-Explosion/Nuclear-Explosion_9.png",
      "label": "憤怒",
      "response_time": "00:00:10.802",
      "timestamp_unix": 1751642035,
      "timestamp_unix_ms": 1751642035626,
      "timestamp_readable": "2025-07-04 15:13:55.626",
      "normalized_name": "Nuclear-Explosion/Nuclear-Explosion",
      "meme_name": "Nuclear-Explosion",
      "post_id": 9,
      "english_label": "anger",
      "response_time_ms": 10802
    },
    {
      "image_path": "Spongebob-Yelling/Spongebob-Yelling_35.png",
      "label": "其他",
      "response_time": "00:00:13.202",
      "timestamp_unix": 1751642048,
      "timestamp_unix_ms": 1751642048889,
      "timestamp_readable": "2025-07-04 15:14:08.889",
      "normalized_name": "Spongebob-Yelling/Spongebob-Yelling",
      "meme_name": "Spongebob-Yelling",
      "post_id": 35,
      "english_label": "others",
      "response_time_ms": 13202
    },
    {
      "image_path": "Mr-McMahon-reaction/Mr-McMahon-reaction_14.png",
      "label": "其他",
      "response_time": "00:00:26.902",
      "timestamp_unix": 1751642075,
      "timestamp_unix_ms": 1751642075935,
      "timestamp_readable": "2025-07-04 15:14:35.935",
      "normalized_name": "Mr-McMahon-reaction/Mr-McMahon-reaction",
      "meme_name": "Mr-McMahon-reaction",
      "post_id": 14,
      "english_label": "others",
      "response_time_ms": 26902
    },
    {
      "image_path": "Hide-the-Pain-Harold/Hide-the-Pain-Harold_18.png",
      "label": "其他",
      "response_time": "00:00:14.504",
      "timestamp_unix": 1751642090,
      "timestamp_unix_ms": 1751642090513,
      "timestamp_readable": "2025-07-04 15:14:50.513",
      "normalized_name": "Hide-the-Pain-Harold/Hide-the-Pain-Harold",
      "meme_name": "Hide-the-Pain-Harold",
      "post_id": 18,
      "english_label": "others",
      "response_time_ms": 14504
    },
    {
      "image_path": "Happy--Shock/Happy--Shock_1.png",
      "label": "輕蔑",
      "response_time": "00:00:21.904",
      "timestamp_unix": 1751642112,
      "timestamp_unix_ms": 1751642112561,
      "timestamp_readable": "2025-07-04 15:15:12.561",
      "normalized_name": "Happy--Shock/Happy--Shock",
      "meme_name": "Happy--Shock",
      "post_id": 1,
      "english_label": "contempt",
      "response_time_ms": 21904
    },
    {
      "image_path": "Picard-Wtf/Picard-Wtf_29.png",
      "label": "憤怒",
      "response_time": "00:00:17.101",
      "timestamp_unix": 1751642129,
      "timestamp_unix_ms": 1751642129774,
      "timestamp_readable": "2025-07-04 15:15:29.774",
      "normalized_name": "Picard-Wtf/Picard-Wtf",
      "meme_name": "Picard-Wtf",
      "post_id": 29,
      "english_label": "anger",
      "response_time_ms": 17101
    },
    {
      "image_path": "Gru-Gun/Gru-Gun_41.png",
      "label": "厭惡",
      "response_time": "00:00:10.610",
      "timestamp_unix": 1751642140,
      "timestamp_unix_ms": 1751642140422,
      "timestamp_readable": "2025-07-04 15:15:40.422",
      "normalized_name": "Gru-Gun/Gru-Gun",
      "meme_name": "Gru-Gun",
      "post_id": 41,
      "english_label": "disgust",
      "response_time_ms": 10610
    },
    {
      "image_path": "Leonardo-Dicaprio-Wolf-Of-Wall-Street/Leonardo-Dicaprio-Wolf-Of-Wall-Street_7.png",
      "label": "輕蔑",
      "response_time": "00:00:09.501",
      "timestamp_unix": 1751642150,
      "timestamp_unix_ms": 1751642150019,
      "timestamp_readable": "2025-07-04 15:15:50.019",
      "normalized_name": "Leonardo-Dicaprio-Wolf-Of-Wall-Street/Leonardo-Dicaprio-Wolf-Of-Wall-Street",
      "meme_name": "Leonardo-Dicaprio-Wolf-Of-Wall-Street",
      "post_id": 7,
      "english_label": "contempt",
      "response_time_ms": 9501
    },
    {
      "image_path": "Smudge-the-cat/Smudge-the-cat_28.png",
      "label": "憤怒",
      "response_time": "00:00:29.606",
      "timestamp_unix": 1751642179,
      "timestamp_unix_ms": 1751642179749,
      "timestamp_readable": "2025-07-04 15:16:19.749",
      "normalized_name": "Smudge-the-cat/Smudge-the-cat",
      "meme_name": "Smudge-the-cat",
      "post_id": 28,
      "english_label": "anger",
      "response_time_ms": 29606
    },
    {
      "image_path": "DJ-Pauly-D/DJ-Pauly-D_37.png",
      "label": "憤怒",
      "response_time": "00:00:22.607",
      "timestamp_unix": 1751642202,
      "timestamp_unix_ms": 1751642202441,
      "timestamp_readable": "2025-07-04 15:16:42.441",
      "normalized_name": "DJ-Pauly-D/DJ-Pauly-D",
      "meme_name": "DJ-Pauly-D",
      "post_id": 37,
      "english_label": "anger",
      "response_time_ms": 22607
    },
    {
      "image_path": "attention_check/attention_check_Others.png",
      "label": "其他",
      "response_time": "00:00:13.814",
      "timestamp_unix": 1751642216,
      "timestamp_unix_ms": 1751642216354,
      "timestamp_readable": "2025-07-04 15:16:56.354",
      "normalized_name": "attention_check/attention_check_Others.png",
      "meme_name": "attention_check",
      "post_id": null,
      "english_label": "others",
      "response_time_ms": 13814
    },
    {
      "image_path": "For-the-better-right-blank/For-the-better-right-blank_25.png",
      "label": "其他",
      "response_time": "00:00:34.608",
      "timestamp_unix": 1751642251,
      "timestamp_unix_ms": 1751642251075,
      "timestamp_readable": "2025-07-04 15:17:31.075",
      "normalized_name": "For-the-better-right-blank/For-the-better-right-blank",
      "meme_name": "For-the-better-right-blank",
      "post_id": 25,
      "english_label": "others",
      "response_time_ms": 34608
    },
    {
      "image_path": "Monkey-Puppet/Monkey-Puppet_15.png",
      "label": "厭惡",
      "response_time": "00:00:20.802",
      "timestamp_unix": 1751642271,
      "timestamp_unix_ms": 1751642271994,
      "timestamp_readable": "2025-07-04 15:17:51.994",
      "normalized_name": "Monkey-Puppet/Monkey-Puppet",
      "meme_name": "Monkey-Puppet",
      "post_id": 15,
      "english_label": "disgust",
      "response_time_ms": 20802
    },
    {
      "image_path": "Khan/Khan_39.png",
      "label": "憤怒",
      "response_time": "00:00:06.915",
      "timestamp_unix": 1751642279,
      "timestamp_unix_ms": 1751642279009,
      "timestamp_readable": "2025-07-04 15:17:59.009",
      "normalized_name": "Khan/Khan",
      "meme_name": "Khan",
      "post_id": 39,
      "english_label": "anger",
      "response_time_ms": 6915
    },
    {
      "image_path": "Dave-chappelle/Dave-chappelle_3.png",
      "label": "其他",
      "response_time": "00:00:12.803",
      "timestamp_unix": 1751642291,
      "timestamp_unix_ms": 1751642291926,
      "timestamp_readable": "2025-07-04 15:18:11.926",
      "normalized_name": "Dave-chappelle/Dave-chappelle",
      "meme_name": "Dave-chappelle",
      "post_id": 3,
      "english_label": "others",
      "response_time_ms": 12803
    },
    {
      "image_path": "Im-The-Captain-Now/Im-The-Captain-Now_24.png",
      "label": "憤怒",
      "response_time": "00:00:14.309",
      "timestamp_unix": 1751642306,
      "timestamp_unix_ms": 1751642306273,
      "timestamp_readable": "2025-07-04 15:18:26.273",
      "normalized_name": "Im-The-Captain-Now/Im-The-Captain-Now",
      "meme_name": "Im-The-Captain-Now",
      "post_id": 24,
      "english_label": "anger",
      "response_time_ms": 14309
    },
    {
      "image_path": "Black-guy-hiding-behind-tree/Black-guy-hiding-behind-tree_11.png",
      "label": "其他",
      "response_time": "00:00:12.101",
      "timestamp_unix": 1751642318,
      "timestamp_unix_ms": 1751642318453,
      "timestamp_readable": "2025-07-04 15:18:38.453",
      "normalized_name": "Black-guy-hiding-behind-tree/Black-guy-hiding-behind-tree",
      "meme_name": "Black-guy-hiding-behind-tree",
      "post_id": 11,
      "english_label": "others",
      "response_time_ms": 12101
    },
    {
      "image_path": "Archer/Archer_23.png",
      "label": "其他",
      "response_time": "00:00:28.401",
      "timestamp_unix": 1751642347,
      "timestamp_unix_ms": 1751642347164,
      "timestamp_readable": "2025-07-04 15:19:07.164",
      "normalized_name": "Archer/Archer",
      "meme_name": "Archer",
      "post_id": 23,
      "english_label": "others",
      "response_time_ms": 28401
    },
    {
      "image_path": "Table-Flip-Guy/Table-Flip-Guy_26.png",
      "label": "厭惡",
      "response_time": "00:00:17.900",
      "timestamp_unix": 1751642365,
      "timestamp_unix_ms": 1751642365336,
      "timestamp_readable": "2025-07-04 15:19:25.336",
      "normalized_name": "Table-Flip-Guy/Table-Flip-Guy",
      "meme_name": "Table-Flip-Guy",
      "post_id": 26,
      "english_label": "disgust",
      "response_time_ms": 17900
    },
    {
      "image_path": "Ill-Have-You-Know-Spongebob/Ill-Have-You-Know-Spongebob_43.png",
      "label": "輕蔑",
      "response_time": "00:00:09.305",
      "timestamp_unix": 1751642374,
      "timestamp_unix_ms": 1751642374744,
      "timestamp_readable": "2025-07-04 15:19:34.744",
      "normalized_name": "Ill-Have-You-Know-Spongebob/Ill-Have-You-Know-Spongebob",
      "meme_name": "Ill-Have-You-Know-Spongebob",
      "post_id": 43,
      "english_label": "contempt",
      "response_time_ms": 9305
    },
    {
      "image_path": "Math-ladyConfused-lady/Math-ladyConfused-lady_36.png",
      "label": "其他",
      "response_time": "00:00:18.402",
      "timestamp_unix": 1751642393,
      "timestamp_unix_ms": 1751642393456,
      "timestamp_readable": "2025-07-04 15:19:53.456",
      "normalized_name": "Math-ladyConfused-lady/Math-ladyConfused-lady",
      "meme_name": "Math-ladyConfused-lady",
      "post_id": 36,
      "english_label": "others",
      "response_time_ms": 18402
    },
    {
      "image_path": "Obi-Wan-Kenobi/Obi-Wan-Kenobi_5.png",
      "label": "其他",
      "response_time": "00:00:07.706",
      "timestamp_unix": 1751642401,
      "timestamp_unix_ms": 1751642401237,
      "timestamp_readable": "2025-07-04 15:20:01.237",
      "normalized_name": "Obi-Wan-Kenobi/Obi-Wan-Kenobi",
      "meme_name": "Obi-Wan-Kenobi",
      "post_id": 5,
      "english_label": "others",
      "response_time_ms": 7706
    },
    {
      "image_path": "Disaster-Girl/Disaster-Girl_31.png",
      "label": "厭惡",
      "response_time": "00:00:07.804",
      "timestamp_unix": 1751642409,
      "timestamp_unix_ms": 1751642409103,
      "timestamp_readable": "2025-07-04 15:20:09.103",
      "normalized_name": "Disaster-Girl/Disaster-Girl",
      "meme_name": "Disaster-Girl",
      "post_id": 31,
      "english_label": "disgust",
      "response_time_ms": 7804
    },
    {
      "image_path": "Spiderman-Hospital/Spiderman-Hospital_40.png",
      "label": "其他",
      "response_time": "00:00:13.306",
      "timestamp_unix": 1751642422,
      "timestamp_unix_ms": 1751642422555,
      "timestamp_readable": "2025-07-04 15:20:22.555",
      "normalized_name": "Spiderman-Hospital/Spiderman-Hospital",
      "meme_name": "Spiderman-Hospital",
      "post_id": 40,
      "english_label": "others",
      "response_time_ms": 13306
    },
    {
      "image_path": "Surprised-Pikachu/Surprised-Pikachu_44.png",
      "label": "其他",
      "response_time": "00:00:11.001",
      "timestamp_unix": 1751642433,
      "timestamp_unix_ms": 1751642433650,
      "timestamp_readable": "2025-07-04 15:20:33.650",
      "normalized_name": "Surprised-Pikachu/Surprised-Pikachu",
      "meme_name": "Surprised-Pikachu",
      "post_id": 44,
      "english_label": "others",
      "response_time_ms": 11001
    },
    {
      "image_path": "Dinkleberg/Dinkleberg_34.png",
      "label": "厭惡",
      "response_time": "00:00:22.501",
      "timestamp_unix": 1751642456,
      "timestamp_unix_ms": 1751642456510,
      "timestamp_readable": "2025-07-04 15:20:56.510",
      "normalized_name": "Dinkleberg/Dinkleberg",
      "meme_name": "Dinkleberg",
      "post_id": 34,
      "english_label": "disgust",
      "response_time_ms": 22501
    },
    {
      "image_path": "Afraid-To-Ask-Andy/Afraid-To-Ask-Andy_48.png",
      "label": "厭惡",
      "response_time": "00:00:27.304",
      "timestamp_unix": 1751642484,
      "timestamp_unix_ms": 1751642484134,
      "timestamp_readable": "2025-07-04 15:21:24.134",
      "normalized_name": "Afraid-To-Ask-Andy/Afraid-To-Ask-Andy",
      "meme_name": "Afraid-To-Ask-Andy",
      "post_id": 48,
      "english_label": "disgust",
      "response_time_ms": 27304
    },
    {
      "image_path": "Always-Has-Been/Always-Has-Been_50.png",
      "label": "其他",
      "response_time": "00:00:09.106",
      "timestamp_unix": 1751642493,
      "timestamp_unix_ms": 1751642493306,
      "timestamp_readable": "2025-07-04 15:21:33.306",
      "normalized_name": "Always-Has-Been/Always-Has-Been",
      "meme_name": "Always-Has-Been",
      "post_id": 50,
      "english_label": "others",
      "response_time_ms": 9106
    },
    {
      "image_path": "I-am-once-again-asking/I-am-once-again-asking_17.png",
      "label": "憤怒",
      "response_time": "00:00:11.311",
      "timestamp_unix": 1751642504,
      "timestamp_unix_ms": 1751642504657,
      "timestamp_readable": "2025-07-04 15:21:44.657",
      "normalized_name": "I-am-once-again-asking/I-am-once-again-asking",
      "meme_name": "I-am-once-again-asking",
      "post_id": 17,
      "english_label": "anger",
      "response_time_ms": 11311
    },
    {
      "image_path": "Always-you-three/Always-you-three_10.png",
      "label": "其他",
      "response_time": "00:00:12.105",
      "timestamp_unix": 1751642516,
      "timestamp_unix_ms": 1751642516903,
      "timestamp_readable": "2025-07-04 15:21:56.903",
      "normalized_name": "Always-you-three/Always-you-three",
      "meme_name": "Always-you-three",
      "post_id": 10,
      "english_label": "others",
      "response_time_ms": 12105
    },
    {
      "image_path": "Persian-Cat-Room-Guardian/Persian-Cat-Room-Guardian_38.png",
      "label": "輕蔑",
      "response_time": "00:00:15.204",
      "timestamp_unix": 1751642532,
      "timestamp_unix_ms": 1751642532214,
      "timestamp_readable": "2025-07-04 15:22:12.214",
      "normalized_name": "Persian-Cat-Room-Guardian/Persian-Cat-Room-Guardian",
      "meme_name": "Persian-Cat-Room-Guardian",
      "post_id": 38,
      "english_label": "contempt",
      "response_time_ms": 15204
    },
    {
      "image_path": "Well-Yes-But-Actually-No/Well-Yes-But-Actually-No_49.png",
      "label": "其他",
      "response_time": "00:00:18.105",
      "timestamp_unix": 1751642550,
      "timestamp_unix_ms": 1751642550679,
      "timestamp_readable": "2025-07-04 15:22:30.679",
      "normalized_name": "Well-Yes-But-Actually-No/Well-Yes-But-Actually-No",
      "meme_name": "Well-Yes-But-Actually-No",
      "post_id": 49,
      "english_label": "others",
      "response_time_ms": 18105
    },
    {
      "image_path": "Charlie-Day/Charlie-Day_47.png",
      "label": "厭惡",
      "response_time": "00:00:36.110",
      "timestamp_unix": 1751642587,
      "timestamp_unix_ms": 1751642587073,
      "timestamp_readable": "2025-07-04 15:23:07.073",
      "normalized_name": "Charlie-Day/Charlie-Day",
      "meme_name": "Charlie-Day",
      "post_id": 47,
      "english_label": "disgust",
      "response_time_ms": 36110
    },
    {
      "image_path": "attention_check/attention_check_Disgust.png",
      "label": "厭惡",
      "response_time": "00:00:05.402",
      "timestamp_unix": 1751642592,
      "timestamp_unix_ms": 1751642592604,
      "timestamp_readable": "2025-07-04 15:23:12.604",
      "normalized_name": "attention_check/attention_check_Disgust.png",
      "meme_name": "attention_check",
      "post_id": null,
      "english_label": "disgust",
      "response_time_ms": 5402
    },
    {
      "image_path": "Confused-Gandalf/Confused-Gandalf_21.png",
      "label": "輕蔑",
      "response_time": "00:00:08.806",
      "timestamp_unix": 1751642601,
      "timestamp_unix_ms": 1751642601512,
      "timestamp_readable": "2025-07-04 15:23:21.512",
      "normalized_name": "Confused-Gandalf/Confused-Gandalf",
      "meme_name": "Confused-Gandalf",
      "post_id": 21,
      "english_label": "contempt",
      "response_time_ms": 8806
    },
    {
      "image_path": "You-The-Real-MVP/You-The-Real-MVP_13.png",
      "label": "其他",
      "response_time": "00:00:12.903",
      "timestamp_unix": 1751642614,
      "timestamp_unix_ms": 1751642614466,
      "timestamp_readable": "2025-07-04 15:23:34.466",
      "normalized_name": "You-The-Real-MVP/You-The-Real-MVP",
      "meme_name": "You-The-Real-MVP",
      "post_id": 13,
      "english_label": "others",
      "response_time_ms": 12903
    },
    {
      "image_path": "Futurama-Fry/Futurama-Fry_42.png",
      "label": "其他",
      "response_time": "00:00:17.400",
      "timestamp_unix": 1751642632,
      "timestamp_unix_ms": 1751642632151,
      "timestamp_readable": "2025-07-04 15:23:52.151",
      "normalized_name": "Futurama-Fry/Futurama-Fry",
      "meme_name": "Futurama-Fry",
      "post_id": 42,
      "english_label": "others",
      "response_time_ms": 17400
    },
    {
      "image_path": "Moe-throws-Barney/Moe-throws-Barney_30.png",
      "label": "其他",
      "response_time": "00:00:16.702",
      "timestamp_unix": 1751642649,
      "timestamp_unix_ms": 1751642649133,
      "timestamp_readable": "2025-07-04 15:24:09.133",
      "normalized_name": "Moe-throws-Barney/Moe-throws-Barney",
      "meme_name": "Moe-throws-Barney",
      "post_id": 30,
      "english_label": "others",
      "response_time_ms": 16702
    },
    {
      "image_path": "Kevin-Hart/Kevin-Hart_22.png",
      "label": "厭惡",
      "response_time": "00:00:12.303",
      "timestamp_unix": 1751642661,
      "timestamp_unix_ms": 1751642661574,
      "timestamp_readable": "2025-07-04 15:24:21.574",
      "normalized_name": "Kevin-Hart/Kevin-Hart",
      "meme_name": "Kevin-Hart",
      "post_id": 22,
      "english_label": "disgust",
      "response_time_ms": 12303
    }
  ],
  "session_start_unix": 1751641671,
  "session_status": "completed",
  "last_updated_unix": 1751642727,
  "image_order": [
    "Spiderman-Hospital/Spiderman-Hospital_40.png",
    "Happy--Shock/Happy--Shock_1.png",
    "Chill-guy/Chill-guy_16.png",
    "I-am-once-again-asking/I-am-once-again-asking_17.png",
    "Math-ladyConfused-lady/Math-ladyConfused-lady_36.png",
    "Archer/Archer_23.png",
    "Leonardo-Dicaprio-Wolf-Of-Wall-Street/Leonardo-Dicaprio-Wolf-Of-Wall-Street_7.png",
    "Mocking-Spongebob/Mocking-Spongebob_27.png",
    "Afraid-To-Ask-Andy/Afraid-To-Ask-Andy_48.png",
    "Charlie-Day/Charlie-Day_47.png",
    "Always-Has-Been/Always-Has-Been_50.png",
    "Picard-Wtf/Picard-Wtf_29.png",
    "Batman-Slapping-Robin/Batman-Slapping-Robin_45.png",
    "For-the-better-right-blank/For-the-better-right-blank_25.png",
    "Drake-NoYes/Drake-NoYes_4.png",
    "Laughing-wolf/Laughing-wolf_2.png",
    "DJ-Pauly-D/DJ-Pauly-D_37.png",
    "Always-you-three/Always-you-three_10.png",
    "Disappointed-Man/Disappointed-Man_19.png",
    "Smudge-the-cat/Smudge-the-cat_28.png",
    "Thats-a-paddlin/Thats-a-paddlin_20.png",
    "Hide-the-Pain-Harold/Hide-the-Pain-Harold_18.png",
    "Hold-fart/Hold-fart_6.png",
    "attention_check/attention_check_Others.png",
    "Im-The-Captain-Now/Im-The-Captain-Now_24.png",
    "Obi-Wan-Kenobi/Obi-Wan-Kenobi_5.png",
    "Spongebob-Yelling/Spongebob-Yelling_35.png",
    "Nuclear-Explosion/Nuclear-Explosion_9.png",
    "Dinkleberg/Dinkleberg_34.png",
    "Scooby-doo-mask-reveal/Scooby-doo-mask-reveal_46.png",
    "Disaster-Girl/Disaster-Girl_31.png",
    "Black-guy-hiding-behind-tree/Black-guy-hiding-behind-tree_11.png",
    "You-The-Real-MVP/You-The-Real-MVP_13.png",
    "Moe-throws-Barney/Moe-throws-Barney_30.png",
    "Ill-Have-You-Know-Spongebob/Ill-Have-You-Know-Spongebob_43.png",
    "Futurama-Fry/Futurama-Fry_42.png",
    "Monkey-Puppet/Monkey-Puppet_15.png",
    "Confused-Gandalf/Confused-Gandalf_21.png",
    "Mr-incredible-mad/Mr-incredible-mad_32.png",
    "Dave-chappelle/Dave-chappelle_3.png",
    "Surprised-Pikachu/Surprised-Pikachu_44.png",
    "Table-Flip-Guy/Table-Flip-Guy_26.png",
    "Kevin-Hart/Kevin-Hart_22.png",
    "Well-Yes-But-Actually-No/Well-Yes-But-Actually-No_49.png",
    "Mr-McMahon-reaction/Mr-McMahon-reaction_14.png",
    "Gru-Gun/Gru-Gun_41.png",
    "attention_check/attention_check_Disgust.png",
    "Persian-Cat-Room-Guardian/Persian-Cat-Room-Guardian_38.png",
    "Put-It-Somewhere-Else-Patrick/Put-It-Somewhere-Else-Patrick_33.png",
    "Angry-Baby/Angry-Baby_12.png",
    "Arthur-Fist/Arthur-Fist_8.png",
    "Khan/Khan_39.png"
  ],
  "completion_status": {
    "practice_completed": true,
    "game_started": true,
    "game_completed": true,
    "summary_viewed": true,
    "email_submitted": true
  },
  "timestamps_unix": {
    "registration_completed": 1751641671,
    "practice_started": 1751641671,
    "practice_completed": 1751641845,
    "game_started": 1751641845,
    "first_label": 1751641873,
    "last_label": 1751642661,
    "game_completed": 1751642662,
    "summary_viewed": 1751642662,
    "email_submitted": 1751642727,
    "session_end": 1751642727,
    "last_updated": 1751642727
  },
  "timestamps_unix_ms": {
    "registration_completed_ms": 1751641671296,
    "practice_started_ms": 1751641671325,
    "practice_completed_ms": 1751641845320,
    "game_started_ms": 1751641845326,
    "first_label_ms": 1751641873405,
    "last_label_ms": 1751642661574,
    "game_completed_ms": 1751642662982,
    "summary_viewed_ms": 1751642662989,
    "email_submitted_ms": 1751642727384,
    "session_end_ms": 1751642727384,
    "last_updated_ms": 1751642727384
  },
  "duration_stats_ms": {
    "total_session_duration_ms": 1056088,
    "practice_duration_ms": 173995,
    "game_duration_ms": 817656,
    "labeling_duration_ms": 788169,
    "email_submission_duration_ms": 64395
  },
  "filename_updated_unix": 1751642662,
  "original_filename": "user_7eef4a",
  "completion_status_in_filename": "email_submitted"
}