{
  "user_id": "user_733c04",
  "file_name": "user_733c04_1751820274_1751820647_fullycomplete",
  "unix_start_time": 1751820274,
  "unix_start_time_ms": 1751820274920,
  "unix_end_time": 1751820647,
  "unix_end_time_ms": 1751820647452,
  "age": "25-29",
  "gender": "male",
  "user_agent": "Mozilla/5.0 (Linux; Android 10; K) AppleWebKit/537.36 (KHTML, like Gecko) Chrome/129.0.0.0 Safari/537.36",
  "user_ip": "111.243.177.137",
  "status": "complete",
  "email_provided": "complete",
  "attention_passed": true,
  "start_time_readable": "2025-07-06 16:44:34.920",
  "end_time_readable": "2025-07-06 16:50:47.452",
  "total_labels": 52,
  "emotion_summary": {
    "anger": 17,
    "contempt": 24,
    "disgust": 7,
    "others": 4
  },
  "email": "aa030710@gmail.com",
  "participation": "yes",
  "total_responses": 52,
  "responses": [
    {
      "image_path": "Confused-Gandalf/Confused-Gandalf_26.png",
      "label": "輕蔑",
      "response_time": "00:00:19.300",
      "timestamp_unix": 1751820352,
      "timestamp_unix_ms": 1751820352241,
      "timestamp_readable": "2025-07-06 16:45:52.241",
      "normalized_name": "Confused-Gandalf/Confused-Gandalf",
      "meme_name": "Confused-Gandalf",
      "post_id": 26,
      "english_label": "contempt",
      "response_time_ms": 19300
    },
    {
      "image_path": "Spongebob-Yelling/Spongebob-Yelling_45.png",
      "label": "憤怒",
      "response_time": "00:00:05.100",
      "timestamp_unix": 1751820357,
      "timestamp_unix_ms": 1751820357413,
      "timestamp_readable": "2025-07-06 16:45:57.413",
      "normalized_name": "Spongebob-Yelling/Spongebob-Yelling",
      "meme_name": "Spongebob-Yelling",
      "post_id": 45,
      "english_label": "anger",
      "response_time_ms": 5100
    },
    {
      "image_path": "Table-Flip-Guy/Table-Flip-Guy_4.png",
      "label": "憤怒",
      "response_time": "00:00:03.000",
      "timestamp_unix": 1751820360,
      "timestamp_unix_ms": 1751820360463,
      "timestamp_readable": "2025-07-06 16:46:00.463",
      "normalized_name": "Table-Flip-Guy/Table-Flip-Guy",
      "meme_name": "Table-Flip-Guy",
      "post_id": 4,
      "english_label": "anger",
      "response_time_ms": 3000
    },
    {
      "image_path": "Dinkleberg/Dinkleberg_28.png",
      "label": "厭惡",
      "response_time": "00:00:04.800",
      "timestamp_unix": 1751820365,
      "timestamp_unix_ms": 1751820365381,
      "timestamp_readable": "2025-07-06 16:46:05.381",
      "normalized_name": "Dinkleberg/Dinkleberg",
      "meme_name": "Dinkleberg",
      "post_id": 28,
      "english_label": "disgust",
      "response_time_ms": 4800
    },
    {
      "image_path": "For-the-better-right-blank/For-the-better-right-blank_40.png",
      "label": "輕蔑",
      "response_time": "00:00:06.000",
      "timestamp_unix": 1751820371,
      "timestamp_unix_ms": 1751820371539,
      "timestamp_readable": "2025-07-06 16:46:11.539",
      "normalized_name": "For-the-better-right-blank/For-the-better-right-blank",
      "meme_name": "For-the-better-right-blank",
      "post_id": 40,
      "english_label": "contempt",
      "response_time_ms": 6000
    },
    {
      "image_path": "Afraid-To-Ask-Andy/Afraid-To-Ask-Andy_35.png",
      "label": "輕蔑",
      "response_time": "00:00:03.400",
      "timestamp_unix": 1751820375,
      "timestamp_unix_ms": 1751820375065,
      "timestamp_readable": "2025-07-06 16:46:15.065",
      "normalized_name": "Afraid-To-Ask-Andy/Afraid-To-Ask-Andy",
      "meme_name": "Afraid-To-Ask-Andy",
      "post_id": 35,
      "english_label": "contempt",
      "response_time_ms": 3400
    },
    {
      "image_path": "Math-ladyConfused-lady/Math-ladyConfused-lady_39.png",
      "label": "輕蔑",
      "response_time": "00:00:03.800",
      "timestamp_unix": 1751820378,
      "timestamp_unix_ms": 1751820378974,
      "timestamp_readable": "2025-07-06 16:46:18.974",
      "normalized_name": "Math-ladyConfused-lady/Math-ladyConfused-lady",
      "meme_name": "Math-ladyConfused-lady",
      "post_id": 39,
      "english_label": "contempt",
      "response_time_ms": 3800
    },
    {
      "image_path": "Leonardo-Dicaprio-Wolf-Of-Wall-Street/Leonardo-Dicaprio-Wolf-Of-Wall-Street_29.png",
      "label": "輕蔑",
      "response_time": "00:00:04.900",
      "timestamp_unix": 1751820383,
      "timestamp_unix_ms": 1751820383929,
      "timestamp_readable": "2025-07-06 16:46:23.929",
      "normalized_name": "Leonardo-Dicaprio-Wolf-Of-Wall-Street/Leonardo-Dicaprio-Wolf-Of-Wall-Street",
      "meme_name": "Leonardo-Dicaprio-Wolf-Of-Wall-Street",
      "post_id": 29,
      "english_label": "contempt",
      "response_time_ms": 4900
    },
    {
      "image_path": "Khan/Khan_7.png",
      "label": "厭惡",
      "response_time": "00:00:03.400",
      "timestamp_unix": 1751820387,
      "timestamp_unix_ms": 1751820387457,
      "timestamp_readable": "2025-07-06 16:46:27.457",
      "normalized_name": "Khan/Khan",
      "meme_name": "Khan",
      "post_id": 7,
      "english_label": "disgust",
      "response_time_ms": 3400
    },
    {
      "image_path": "Angry-Baby/Angry-Baby_47.png",
      "label": "憤怒",
      "response_time": "00:00:01.900",
      "timestamp_unix": 1751820389,
      "timestamp_unix_ms": 1751820389450,
      "timestamp_readable": "2025-07-06 16:46:29.450",
      "normalized_name": "Angry-Baby/Angry-Baby",
      "meme_name": "Angry-Baby",
      "post_id": 47,
      "english_label": "anger",
      "response_time_ms": 1900
    },
    {
      "image_path": "Surprised-Pikachu/Surprised-Pikachu_27.png",
      "label": "其他",
      "response_time": "00:00:02.800",
      "timestamp_unix": 1751820392,
      "timestamp_unix_ms": 1751820392429,
      "timestamp_readable": "2025-07-06 16:46:32.429",
      "normalized_name": "Surprised-Pikachu/Surprised-Pikachu",
      "meme_name": "Surprised-Pikachu",
      "post_id": 27,
      "english_label": "others",
      "response_time_ms": 2800
    },
    {
      "image_path": "Always-you-three/Always-you-three_37.png",
      "label": "輕蔑",
      "response_time": "00:00:07.900",
      "timestamp_unix": 1751820400,
      "timestamp_unix_ms": 1751820400431,
      "timestamp_readable": "2025-07-06 16:46:40.431",
      "normalized_name": "Always-you-three/Always-you-three",
      "meme_name": "Always-you-three",
      "post_id": 37,
      "english_label": "contempt",
      "response_time_ms": 7900
    },
    {
      "image_path": "Hold-fart/Hold-fart_18.png",
      "label": "憤怒",
      "response_time": "00:00:08.200",
      "timestamp_unix": 1751820408,
      "timestamp_unix_ms": 1751820408731,
      "timestamp_readable": "2025-07-06 16:46:48.731",
      "normalized_name": "Hold-fart/Hold-fart",
      "meme_name": "Hold-fart",
      "post_id": 18,
      "english_label": "anger",
      "response_time_ms": 8200
    },
    {
      "image_path": "Laughing-wolf/Laughing-wolf_33.png",
      "label": "輕蔑",
      "response_time": "00:00:02.600",
      "timestamp_unix": 1751820411,
      "timestamp_unix_ms": 1751820411442,
      "timestamp_readable": "2025-07-06 16:46:51.442",
      "normalized_name": "Laughing-wolf/Laughing-wolf",
      "meme_name": "Laughing-wolf",
      "post_id": 33,
      "english_label": "contempt",
      "response_time_ms": 2600
    },
    {
      "image_path": "Scooby-doo-mask-reveal/Scooby-doo-mask-reveal_19.png",
      "label": "輕蔑",
      "response_time": "00:00:02.000",
      "timestamp_unix": 1751820413,
      "timestamp_unix_ms": 1751820413578,
      "timestamp_readable": "2025-07-06 16:46:53.578",
      "normalized_name": "Scooby-doo-mask-reveal/Scooby-doo-mask-reveal",
      "meme_name": "Scooby-doo-mask-reveal",
      "post_id": 19,
      "english_label": "contempt",
      "response_time_ms": 2000
    },
    {
      "image_path": "Moe-throws-Barney/Moe-throws-Barney_6.png",
      "label": "憤怒",
      "response_time": "00:00:02.300",
      "timestamp_unix": 1751820416,
      "timestamp_unix_ms": 1751820416004,
      "timestamp_readable": "2025-07-06 16:46:56.004",
      "normalized_name": "Moe-throws-Barney/Moe-throws-Barney",
      "meme_name": "Moe-throws-Barney",
      "post_id": 6,
      "english_label": "anger",
      "response_time_ms": 2300
    },
    {
      "image_path": "Smudge-the-cat/Smudge-the-cat_38.png",
      "label": "憤怒",
      "response_time": "00:00:02.400",
      "timestamp_unix": 1751820418,
      "timestamp_unix_ms": 1751820418451,
      "timestamp_readable": "2025-07-06 16:46:58.451",
      "normalized_name": "Smudge-the-cat/Smudge-the-cat",
      "meme_name": "Smudge-the-cat",
      "post_id": 38,
      "english_label": "anger",
      "response_time_ms": 2400
    },
    {
      "image_path": "Always-Has-Been/Always-Has-Been_50.png",
      "label": "輕蔑",
      "response_time": "00:00:02.102",
      "timestamp_unix": 1751820420,
      "timestamp_unix_ms": 1751820420603,
      "timestamp_readable": "2025-07-06 16:47:00.603",
      "normalized_name": "Always-Has-Been/Always-Has-Been",
      "meme_name": "Always-Has-Been",
      "post_id": 50,
      "english_label": "contempt",
      "response_time_ms": 2102
    },
    {
      "image_path": "Picard-Wtf/Picard-Wtf_3.png",
      "label": "厭惡",
      "response_time": "00:00:01.700",
      "timestamp_unix": 1751820422,
      "timestamp_unix_ms": 1751820422396,
      "timestamp_readable": "2025-07-06 16:47:02.396",
      "normalized_name": "Picard-Wtf/Picard-Wtf",
      "meme_name": "Picard-Wtf",
      "post_id": 3,
      "english_label": "disgust",
      "response_time_ms": 1700
    },
    {
      "image_path": "Dave-chappelle/Dave-chappelle_44.png",
      "label": "厭惡",
      "response_time": "00:00:03.000",
      "timestamp_unix": 1751820425,
      "timestamp_unix_ms": 1751820425539,
      "timestamp_readable": "2025-07-06 16:47:05.539",
      "normalized_name": "Dave-chappelle/Dave-chappelle",
      "meme_name": "Dave-chappelle",
      "post_id": 44,
      "english_label": "disgust",
      "response_time_ms": 3000
    },
    {
      "image_path": "Hide-the-Pain-Harold/Hide-the-Pain-Harold_41.png",
      "label": "輕蔑",
      "response_time": "00:00:01.701",
      "timestamp_unix": 1751820427,
      "timestamp_unix_ms": 1751820427414,
      "timestamp_readable": "2025-07-06 16:47:07.414",
      "normalized_name": "Hide-the-Pain-Harold/Hide-the-Pain-Harold",
      "meme_name": "Hide-the-Pain-Harold",
      "post_id": 41,
      "english_label": "contempt",
      "response_time_ms": 1701
    },
    {
      "image_path": "Futurama-Fry/Futurama-Fry_17.png",
      "label": "輕蔑",
      "response_time": "00:00:01.000",
      "timestamp_unix": 1751820428,
      "timestamp_unix_ms": 1751820428475,
      "timestamp_readable": "2025-07-06 16:47:08.475",
      "normalized_name": "Futurama-Fry/Futurama-Fry",
      "meme_name": "Futurama-Fry",
      "post_id": 17,
      "english_label": "contempt",
      "response_time_ms": 1000
    },
    {
      "image_path": "Batman-Slapping-Robin/Batman-Slapping-Robin_30.png",
      "label": "憤怒",
      "response_time": "00:00:02.700",
      "timestamp_unix": 1751820431,
      "timestamp_unix_ms": 1751820431318,
      "timestamp_readable": "2025-07-06 16:47:11.318",
      "normalized_name": "Batman-Slapping-Robin/Batman-Slapping-Robin",
      "meme_name": "Batman-Slapping-Robin",
      "post_id": 30,
      "english_label": "anger",
      "response_time_ms": 2700
    },
    {
      "image_path": "Drake-NoYes/Drake-NoYes_24.png",
      "label": "輕蔑",
      "response_time": "00:00:01.900",
      "timestamp_unix": 1751820433,
      "timestamp_unix_ms": 1751820433278,
      "timestamp_readable": "2025-07-06 16:47:13.278",
      "normalized_name": "Drake-NoYes/Drake-NoYes",
      "meme_name": "Drake-NoYes",
      "post_id": 24,
      "english_label": "contempt",
      "response_time_ms": 1900
    },
    {
      "image_path": "attention_check/attention_check_Disgust.png",
      "label": "厭惡",
      "response_time": "00:00:04.301",
      "timestamp_unix": 1751820437,
      "timestamp_unix_ms": 1751820437709,
      "timestamp_readable": "2025-07-06 16:47:17.709",
      "normalized_name": "attention_check/attention_check_Disgust.png",
      "meme_name": "attention_check",
      "post_id": null,
      "english_label": "disgust",
      "response_time_ms": 4301
    },
    {
      "image_path": "Monkey-Puppet/Monkey-Puppet_34.png",
      "label": "輕蔑",
      "response_time": "00:00:06.200",
      "timestamp_unix": 1751820444,
      "timestamp_unix_ms": 1751820444002,
      "timestamp_readable": "2025-07-06 16:47:24.002",
      "normalized_name": "Monkey-Puppet/Monkey-Puppet",
      "meme_name": "Monkey-Puppet",
      "post_id": 34,
      "english_label": "contempt",
      "response_time_ms": 6200
    },
    {
      "image_path": "Put-It-Somewhere-Else-Patrick/Put-It-Somewhere-Else-Patrick_9.png",
      "label": "憤怒",
      "response_time": "00:00:05.100",
      "timestamp_unix": 1751820449,
      "timestamp_unix_ms": 1751820449213,
      "timestamp_readable": "2025-07-06 16:47:29.213",
      "normalized_name": "Put-It-Somewhere-Else-Patrick/Put-It-Somewhere-Else-Patrick",
      "meme_name": "Put-It-Somewhere-Else-Patrick",
      "post_id": 9,
      "english_label": "anger",
      "response_time_ms": 5100
    },
    {
      "image_path": "Ill-Have-You-Know-Spongebob/Ill-Have-You-Know-Spongebob_49.png",
      "label": "輕蔑",
      "response_time": "00:00:03.300",
      "timestamp_unix": 1751820452,
      "timestamp_unix_ms": 1751820452565,
      "timestamp_readable": "2025-07-06 16:47:32.565",
      "normalized_name": "Ill-Have-You-Know-Spongebob/Ill-Have-You-Know-Spongebob",
      "meme_name": "Ill-Have-You-Know-Spongebob",
      "post_id": 49,
      "english_label": "contempt",
      "response_time_ms": 3300
    },
    {
      "image_path": "Thats-a-paddlin/Thats-a-paddlin_25.png",
      "label": "憤怒",
      "response_time": "00:00:03.700",
      "timestamp_unix": 1751820456,
      "timestamp_unix_ms": 1751820456326,
      "timestamp_readable": "2025-07-06 16:47:36.326",
      "normalized_name": "Thats-a-paddlin/Thats-a-paddlin",
      "meme_name": "Thats-a-paddlin",
      "post_id": 25,
      "english_label": "anger",
      "response_time_ms": 3700
    },
    {
      "image_path": "I-am-once-again-asking/I-am-once-again-asking_48.png",
      "label": "憤怒",
      "response_time": "00:00:17.800",
      "timestamp_unix": 1751820474,
      "timestamp_unix_ms": 1751820474216,
      "timestamp_readable": "2025-07-06 16:47:54.216",
      "normalized_name": "I-am-once-again-asking/I-am-once-again-asking",
      "meme_name": "I-am-once-again-asking",
      "post_id": 48,
      "english_label": "anger",
      "response_time_ms": 17800
    },
    {
      "image_path": "Charlie-Day/Charlie-Day_15.png",
      "label": "厭惡",
      "response_time": "00:00:03.800",
      "timestamp_unix": 1751820478,
      "timestamp_unix_ms": 1751820478149,
      "timestamp_readable": "2025-07-06 16:47:58.149",
      "normalized_name": "Charlie-Day/Charlie-Day",
      "meme_name": "Charlie-Day",
      "post_id": 15,
      "english_label": "disgust",
      "response_time_ms": 3800
    },
    {
      "image_path": "Mr-McMahon-reaction/Mr-McMahon-reaction_32.png",
      "label": "輕蔑",
      "response_time": "00:00:02.600",
      "timestamp_unix": 1751820480,
      "timestamp_unix_ms": 1751820480855,
      "timestamp_readable": "2025-07-06 16:48:00.855",
      "normalized_name": "Mr-McMahon-reaction/Mr-McMahon-reaction",
      "meme_name": "Mr-McMahon-reaction",
      "post_id": 32,
      "english_label": "contempt",
      "response_time_ms": 2600
    },
    {
      "image_path": "Happy--Shock/Happy--Shock_46.png",
      "label": "輕蔑",
      "response_time": "00:00:03.201",
      "timestamp_unix": 1751820484,
      "timestamp_unix_ms": 1751820484133,
      "timestamp_readable": "2025-07-06 16:48:04.133",
      "normalized_name": "Happy--Shock/Happy--Shock",
      "meme_name": "Happy--Shock",
      "post_id": 46,
      "english_label": "contempt",
      "response_time_ms": 3201
    },
    {
      "image_path": "Mocking-Spongebob/Mocking-Spongebob_21.png",
      "label": "輕蔑",
      "response_time": "00:00:03.500",
      "timestamp_unix": 1751820487,
      "timestamp_unix_ms": 1751820487685,
      "timestamp_readable": "2025-07-06 16:48:07.685",
      "normalized_name": "Mocking-Spongebob/Mocking-Spongebob",
      "meme_name": "Mocking-Spongebob",
      "post_id": 21,
      "english_label": "contempt",
      "response_time_ms": 3500
    },
    {
      "image_path": "Arthur-Fist/Arthur-Fist_16.png",
      "label": "憤怒",
      "response_time": "00:00:02.000",
      "timestamp_unix": 1751820489,
      "timestamp_unix_ms": 1751820489815,
      "timestamp_readable": "2025-07-06 16:48:09.815",
      "normalized_name": "Arthur-Fist/Arthur-Fist",
      "meme_name": "Arthur-Fist",
      "post_id": 16,
      "english_label": "anger",
      "response_time_ms": 2000
    },
    {
      "image_path": "Obi-Wan-Kenobi/Obi-Wan-Kenobi_20.png",
      "label": "輕蔑",
      "response_time": "00:00:01.900",
      "timestamp_unix": 1751820491,
      "timestamp_unix_ms": 1751820491840,
      "timestamp_readable": "2025-07-06 16:48:11.840",
      "normalized_name": "Obi-Wan-Kenobi/Obi-Wan-Kenobi",
      "meme_name": "Obi-Wan-Kenobi",
      "post_id": 20,
      "english_label": "contempt",
      "response_time_ms": 1900
    },
    {
      "image_path": "Kevin-Hart/Kevin-Hart_1.png",
      "label": "厭惡",
      "response_time": "00:00:01.900",
      "timestamp_unix": 1751820493,
      "timestamp_unix_ms": 1751820493809,
      "timestamp_readable": "2025-07-06 16:48:13.809",
      "normalized_name": "Kevin-Hart/Kevin-Hart",
      "meme_name": "Kevin-Hart",
      "post_id": 1,
      "english_label": "disgust",
      "response_time_ms": 1900
    },
    {
      "image_path": "DJ-Pauly-D/DJ-Pauly-D_42.png",
      "label": "憤怒",
      "response_time": "00:00:01.500",
      "timestamp_unix": 1751820495,
      "timestamp_unix_ms": 1751820495422,
      "timestamp_readable": "2025-07-06 16:48:15.422",
      "normalized_name": "DJ-Pauly-D/DJ-Pauly-D",
      "meme_name": "DJ-Pauly-D",
      "post_id": 42,
      "english_label": "anger",
      "response_time_ms": 1500
    },
    {
      "image_path": "Disaster-Girl/Disaster-Girl_10.png",
      "label": "輕蔑",
      "response_time": "00:00:03.201",
      "timestamp_unix": 1751820498,
      "timestamp_unix_ms": 1751820498751,
      "timestamp_readable": "2025-07-06 16:48:18.751",
      "normalized_name": "Disaster-Girl/Disaster-Girl",
      "meme_name": "Disaster-Girl",
      "post_id": 10,
      "english_label": "contempt",
      "response_time_ms": 3201
    },
    {
      "image_path": "Nuclear-Explosion/Nuclear-Explosion_13.png",
      "label": "憤怒",
      "response_time": "00:00:01.900",
      "timestamp_unix": 1751820500,
      "timestamp_unix_ms": 1751820500703,
      "timestamp_readable": "2025-07-06 16:48:20.703",
      "normalized_name": "Nuclear-Explosion/Nuclear-Explosion",
      "meme_name": "Nuclear-Explosion",
      "post_id": 13,
      "english_label": "anger",
      "response_time_ms": 1900
    },
    {
      "image_path": "Well-Yes-But-Actually-No/Well-Yes-But-Actually-No_31.png",
      "label": "輕蔑",
      "response_time": "00:00:02.400",
      "timestamp_unix": 1751820503,
      "timestamp_unix_ms": 1751820503215,
      "timestamp_readable": "2025-07-06 16:48:23.215",
      "normalized_name": "Well-Yes-But-Actually-No/Well-Yes-But-Actually-No",
      "meme_name": "Well-Yes-But-Actually-No",
      "post_id": 31,
      "english_label": "contempt",
      "response_time_ms": 2400
    },
    {
      "image_path": "Mr-incredible-mad/Mr-incredible-mad_14.png",
      "label": "憤怒",
      "response_time": "00:00:01.800",
      "timestamp_unix": 1751820505,
      "timestamp_unix_ms": 1751820505134,
      "timestamp_readable": "2025-07-06 16:48:25.134",
      "normalized_name": "Mr-incredible-mad/Mr-incredible-mad",
      "meme_name": "Mr-incredible-mad",
      "post_id": 14,
      "english_label": "anger",
      "response_time_ms": 1800
    },
    {
      "image_path": "Spiderman-Hospital/Spiderman-Hospital_36.png",
      "label": "輕蔑",
      "response_time": "00:00:02.101",
      "timestamp_unix": 1751820507,
      "timestamp_unix_ms": 1751820507336,
      "timestamp_readable": "2025-07-06 16:48:27.336",
      "normalized_name": "Spiderman-Hospital/Spiderman-Hospital",
      "meme_name": "Spiderman-Hospital",
      "post_id": 36,
      "english_label": "contempt",
      "response_time_ms": 2101
    },
    {
      "image_path": "Persian-Cat-Room-Guardian/Persian-Cat-Room-Guardian_11.png",
      "label": "其他",
      "response_time": "00:00:02.600",
      "timestamp_unix": 1751820510,
      "timestamp_unix_ms": 1751820510060,
      "timestamp_readable": "2025-07-06 16:48:30.060",
      "normalized_name": "Persian-Cat-Room-Guardian/Persian-Cat-Room-Guardian",
      "meme_name": "Persian-Cat-Room-Guardian",
      "post_id": 11,
      "english_label": "others",
      "response_time_ms": 2600
    },
    {
      "image_path": "Archer/Archer_23.png",
      "label": "輕蔑",
      "response_time": "00:00:06.600",
      "timestamp_unix": 1751820516,
      "timestamp_unix_ms": 1751820516810,
      "timestamp_readable": "2025-07-06 16:48:36.810",
      "normalized_name": "Archer/Archer",
      "meme_name": "Archer",
      "post_id": 23,
      "english_label": "contempt",
      "response_time_ms": 6600
    },
    {
      "image_path": "Im-The-Captain-Now/Im-The-Captain-Now_22.png",
      "label": "憤怒",
      "response_time": "00:00:03.101",
      "timestamp_unix": 1751820520,
      "timestamp_unix_ms": 1751820520075,
      "timestamp_readable": "2025-07-06 16:48:40.075",
      "normalized_name": "Im-The-Captain-Now/Im-The-Captain-Now",
      "meme_name": "Im-The-Captain-Now",
      "post_id": 22,
      "english_label": "anger",
      "response_time_ms": 3101
    },
    {
      "image_path": "Black-guy-hiding-behind-tree/Black-guy-hiding-behind-tree_2.png",
      "label": "輕蔑",
      "response_time": "00:00:02.301",
      "timestamp_unix": 1751820522,
      "timestamp_unix_ms": 1751820522515,
      "timestamp_readable": "2025-07-06 16:48:42.515",
      "normalized_name": "Black-guy-hiding-behind-tree/Black-guy-hiding-behind-tree",
      "meme_name": "Black-guy-hiding-behind-tree",
      "post_id": 2,
      "english_label": "contempt",
      "response_time_ms": 2301
    },
    {
      "image_path": "Gru-Gun/Gru-Gun_12.png",
      "label": "憤怒",
      "response_time": "00:00:03.001",
      "timestamp_unix": 1751820525,
      "timestamp_unix_ms": 1751820525617,
      "timestamp_readable": "2025-07-06 16:48:45.617",
      "normalized_name": "Gru-Gun/Gru-Gun",
      "meme_name": "Gru-Gun",
      "post_id": 12,
      "english_label": "anger",
      "response_time_ms": 3001
    },
    {
      "image_path": "Chill-guy/Chill-guy_5.png",
      "label": "其他",
      "response_time": "00:00:16.500",
      "timestamp_unix": 1751820542,
      "timestamp_unix_ms": 1751820542201,
      "timestamp_readable": "2025-07-06 16:49:02.201",
      "normalized_name": "Chill-guy/Chill-guy",
      "meme_name": "Chill-guy",
      "post_id": 5,
      "english_label": "others",
      "response_time_ms": 16500
    },
    {
      "image_path": "You-The-Real-MVP/You-The-Real-MVP_43.png",
      "label": "輕蔑",
      "response_time": "00:00:08.400",
      "timestamp_unix": 1751820550,
      "timestamp_unix_ms": 1751820550742,
      "timestamp_readable": "2025-07-06 16:49:10.742",
      "normalized_name": "You-The-Real-MVP/You-The-Real-MVP",
      "meme_name": "You-The-Real-MVP",
      "post_id": 43,
      "english_label": "contempt",
      "response_time_ms": 8400
    },
    {
      "image_path": "attention_check/attention_check_Others.png",
      "label": "其他",
      "response_time": "00:00:03.301",
      "timestamp_unix": 1751820554,
      "timestamp_unix_ms": 1751820554124,
      "timestamp_readable": "2025-07-06 16:49:14.124",
      "normalized_name": "attention_check/attention_check_Others.png",
      "meme_name": "attention_check",
      "post_id": null,
      "english_label": "others",
      "response_time_ms": 3301
    },
    {
      "image_path": "Disappointed-Man/Disappointed-Man_8.png",
      "label": "憤怒",
      "response_time": "00:00:03.200",
      "timestamp_unix": 1751820557,
      "timestamp_unix_ms": 1751820557482,
      "timestamp_readable": "2025-07-06 16:49:17.482",
      "normalized_name": "Disappointed-Man/Disappointed-Man",
      "meme_name": "Disappointed-Man",
      "post_id": 8,
      "english_label": "anger",
      "response_time_ms": 3200
    }
  ],
  "session_start_unix": 1751820274,
  "session_status": "completed",
  "last_updated_unix": 1751820647,
  "image_order": [
    "Spiderman-Hospital/Spiderman-Hospital_36.png",
    "Happy--Shock/Happy--Shock_46.png",
    "Chill-guy/Chill-guy_5.png",
    "I-am-once-again-asking/I-am-once-again-asking_48.png",
    "Math-ladyConfused-lady/Math-ladyConfused-lady_39.png",
    "Archer/Archer_23.png",
    "Leonardo-Dicaprio-Wolf-Of-Wall-Street/Leonardo-Dicaprio-Wolf-Of-Wall-Street_29.png",
    "Mocking-Spongebob/Mocking-Spongebob_21.png",
    "Afraid-To-Ask-Andy/Afraid-To-Ask-Andy_35.png",
    "Charlie-Day/Charlie-Day_15.png",
    "Always-Has-Been/Always-Has-Been_50.png",
    "Picard-Wtf/Picard-Wtf_3.png",
    "Batman-Slapping-Robin/Batman-Slapping-Robin_30.png",
    "For-the-better-right-blank/For-the-better-right-blank_40.png",
    "Drake-NoYes/Drake-NoYes_24.png",
    "Laughing-wolf/Laughing-wolf_33.png",
    "DJ-Pauly-D/DJ-Pauly-D_42.png",
    "Always-you-three/Always-you-three_37.png",
    "Disappointed-Man/Disappointed-Man_8.png",
    "Smudge-the-cat/Smudge-the-cat_38.png",
    "Thats-a-paddlin/Thats-a-paddlin_25.png",
    "Hide-the-Pain-Harold/Hide-the-Pain-Harold_41.png",
    "Hold-fart/Hold-fart_18.png",
    "Im-The-Captain-Now/Im-The-Captain-Now_22.png",
    "attention_check/attention_check_Disgust.png",
    "Obi-Wan-Kenobi/Obi-Wan-Kenobi_20.png",
    "Spongebob-Yelling/Spongebob-Yelling_45.png",
    "Nuclear-Explosion/Nuclear-Explosion_13.png",
    "Dinkleberg/Dinkleberg_28.png",
    "Scooby-doo-mask-reveal/Scooby-doo-mask-reveal_19.png",
    "Disaster-Girl/Disaster-Girl_10.png",
    "Black-guy-hiding-behind-tree/Black-guy-hiding-behind-tree_2.png",
    "You-The-Real-MVP/You-The-Real-MVP_43.png",
    "Moe-throws-Barney/Moe-throws-Barney_6.png",
    "Ill-Have-You-Know-Spongebob/Ill-Have-You-Know-Spongebob_49.png",
    "Futurama-Fry/Futurama-Fry_17.png",
    "Monkey-Puppet/Monkey-Puppet_34.png",
    "Confused-Gandalf/Confused-Gandalf_26.png",
    "Mr-incredible-mad/Mr-incredible-mad_14.png",
    "Dave-chappelle/Dave-chappelle_44.png",
    "Surprised-Pikachu/Surprised-Pikachu_27.png",
    "Table-Flip-Guy/Table-Flip-Guy_4.png",
    "Kevin-Hart/Kevin-Hart_1.png",
    "Well-Yes-But-Actually-No/Well-Yes-But-Actually-No_31.png",
    "Mr-McMahon-reaction/Mr-McMahon-reaction_32.png",
    "Gru-Gun/Gru-Gun_12.png",
    "Persian-Cat-Room-Guardian/Persian-Cat-Room-Guardian_11.png",
    "Put-It-Somewhere-Else-Patrick/Put-It-Somewhere-Else-Patrick_9.png",
    "Angry-Baby/Angry-Baby_47.png",
    "Arthur-Fist/Arthur-Fist_16.png",
    "attention_check/attention_check_Others.png",
    "Khan/Khan_7.png"
  ],
  "completion_status": {
    "practice_completed": true,
    "game_started": true,
    "game_completed": true,
    "summary_viewed": true,
    "email_submitted": true
  },
  "timestamps_unix": {
    "registration_completed": 1751820274,
    "practice_started": 1751820275,
    "practice_completed": 1751820332,
    "game_started": 1751820332,
    "first_label": 1751820352,
    "last_label": 1751820557,
    "game_completed": 1751820561,
    "summary_viewed": 1751820561,
    "email_submitted": 1751820647,
    "session_end": 1751820647,
    "last_updated": 1751820647
  },
  "timestamps_unix_ms": {
    "registration_completed_ms": 1751820274920,
    "practice_started_ms": 1751820275018,
    "practice_completed_ms": 1751820332603,
    "game_started_ms": 1751820332610,
    "first_label_ms": 1751820352241,
    "last_label_ms": 1751820557482,
    "game_completed_ms": 1751820561341,
    "summary_viewed_ms": 1751820561374,
    "email_submitted_ms": 1751820647436,
    "session_end_ms": 1751820647436,
    "last_updated_ms": 1751820647436
  },
  "duration_stats_ms": {
    "total_session_duration_ms": 372516,
    "practice_duration_ms": 57585,
    "game_duration_ms": 228731,
    "labeling_duration_ms": 205241,
    "email_submission_duration_ms": 86062
  },
  "filename_updated_unix": 1751820561,
  "original_filename": "user_733c04",
  "completion_status_in_filename": "email_submitted"
}