{
  "user_id": "user_b0ec24",
  "file_name": "user_b0ec24",
  "unix_start_time": 1749803468,
  "unix_start_time_ms": 1749803468510,
  "unix_end_time": null,
  "unix_end_time_ms": null,
  "age": "40-44",
  "gender": "female",
  "user_agent": "Mozilla/5.0 (Linux; Android 10; K) AppleWebKit/537.36 (KHTML, like Gecko) Chrome/133.0.0.0 Mobile Safari/537.36",
  "user_ip": "106.64.145.175",
  "status": "incomplete",
  "email_provided": "incomplete",
  "attention_passed": null,
  "start_time_readable": "2025-06-13 08:31:08.510",
  "end_time_readable": null,
  "total_labels": 0,
  "emotion_summary": {
    "anger": 0,
    "contempt": 0,
    "disgust": 0,
    "others": 0
  },
  "email": null,
  "participation": null,
  "total_responses": 0,
  "responses": [],
  "session_start_unix": 1749803468,
  "session_status": "active",
  "last_updated_unix": 1749803468,
  "image_order": [],
  "completion_status": {
    "practice_completed": false,
    "game_started": false,
    "game_completed": false,
    "summary_viewed": false,
    "email_submitted": false
  },
  "timestamps_unix": {
    "registration_completed": 1749803468,
    "practice_started": 1749803468,
    "practice_completed": null,
    "game_started": null,
    "first_label": null,
    "last_label": null,
    "game_completed": null,
    "summary_viewed": null,
    "email_submitted": null,
    "session_end": null,
    "last_updated": 1749803468
  },
  "timestamps_unix_ms": {
    "registration_completed_ms": 1749803468510,
    "practice_started_ms": 1749803468575,
    "practice_completed_ms": null,
    "game_started_ms": null,
    "first_label_ms": null,
    "last_label_ms": null,
    "game_completed_ms": null,
    "summary_viewed_ms": null,
    "email_submitted_ms": null,
    "session_end_ms": null,
    "last_updated_ms": 1749803468575
  },
  "duration_stats_ms": {
    "total_session_duration_ms": null,
    "practice_duration_ms": null,
    "game_duration_ms": null,
    "labeling_duration_ms": null,
    "email_submission_duration_ms": null
  }
}