{
  "user_id": "user_9e840b",
  "file_name": "user_9e840b_1749706558_1749706668_fullycomplete",
  "unix_start_time": 1749706558,
  "unix_start_time_ms": 1749706558627,
  "unix_end_time": 1749706668,
  "unix_end_time_ms": 1749706668095,
  "age": "18-24",
  "gender": "male",
  "user_agent": "Mozilla/5.0 (Windows NT 10.0; Win64; x64) AppleWebKit/537.36 (KHTML, like Gecko) Chrome/137.0.0.0 Safari/537.36",
  "user_ip": "1.34.91.151",
  "status": "complete",
  "email_provided": "complete",
  "attention_passed": true,
  "start_time_readable": "2025-06-12 05:35:58.627",
  "end_time_readable": "2025-06-12 05:37:48.095",
  "total_labels": 52,
  "emotion_summary": {
    "anger": 11,
    "contempt": 11,
    "disgust": 15,
    "others": 15
  },
  "email": "wenchen1225@gmail.com",
  "participation": "yes",
  "total_responses": 52,
  "responses": [
    {
      "image_path": "Arthur-Fist/Arthur-Fist_12.png",
      "label": "憤怒",
      "response_time": "00:00:02.400",
      "timestamp_unix": 1749706597,
      "timestamp_unix_ms": 1749706597301,
      "timestamp_readable": "2025-06-12 05:36:37.301",
      "normalized_name": "Arthur-Fist/Arthur-Fist",
      "meme_name": "Arthur-Fist",
      "post_id": 12,
      "english_label": "anger",
      "response_time_ms": 2400
    },
    {
      "image_path": "Charlie-Day/Charlie-Day_34.png",
      "label": "厭惡",
      "response_time": "00:00:02.306",
      "timestamp_unix": 1749706599,
      "timestamp_unix_ms": 1749706599700,
      "timestamp_readable": "2025-06-12 05:36:39.700",
      "normalized_name": "Charlie-Day/Charlie-Day",
      "meme_name": "Charlie-Day",
      "post_id": 34,
      "english_label": "disgust",
      "response_time_ms": 2306
    },
    {
      "image_path": "Drake-NoYes/Drake-NoYes_46.png",
      "label": "輕蔑",
      "response_time": "00:00:01.205",
      "timestamp_unix": 1749706600,
      "timestamp_unix_ms": 1749706600950,
      "timestamp_readable": "2025-06-12 05:36:40.950",
      "normalized_name": "Drake-NoYes/Drake-NoYes",
      "meme_name": "Drake-NoYes",
      "post_id": 46,
      "english_label": "contempt",
      "response_time_ms": 1205
    },
    {
      "image_path": "Laughing-wolf/Laughing-wolf_35.png",
      "label": "輕蔑",
      "response_time": "00:00:01.605",
      "timestamp_unix": 1749706602,
      "timestamp_unix_ms": 1749706602600,
      "timestamp_readable": "2025-06-12 05:36:42.600",
      "normalized_name": "Laughing-wolf/Laughing-wolf",
      "meme_name": "Laughing-wolf",
      "post_id": 35,
      "english_label": "contempt",
      "response_time_ms": 1605
    },
    {
      "image_path": "Moe-throws-Barney/Moe-throws-Barney_36.png",
      "label": "其他",
      "response_time": "00:00:03.905",
      "timestamp_unix": 1749706606,
      "timestamp_unix_ms": 1749706606567,
      "timestamp_readable": "2025-06-12 05:36:46.567",
      "normalized_name": "Moe-throws-Barney/Moe-throws-Barney",
      "meme_name": "Moe-throws-Barney",
      "post_id": 36,
      "english_label": "others",
      "response_time_ms": 3905
    },
    {
      "image_path": "Spongebob-Yelling/Spongebob-Yelling_15.png",
      "label": "憤怒",
      "response_time": "00:00:01.806",
      "timestamp_unix": 1749706608,
      "timestamp_unix_ms": 1749706608450,
      "timestamp_readable": "2025-06-12 05:36:48.450",
      "normalized_name": "Spongebob-Yelling/Spongebob-Yelling",
      "meme_name": "Spongebob-Yelling",
      "post_id": 15,
      "english_label": "anger",
      "response_time_ms": 1806
    },
    {
      "image_path": "You-The-Real-MVP/You-The-Real-MVP_13.png",
      "label": "憤怒",
      "response_time": "00:00:02.105",
      "timestamp_unix": 1749706610,
      "timestamp_unix_ms": 1749706610601,
      "timestamp_readable": "2025-06-12 05:36:50.601",
      "normalized_name": "You-The-Real-MVP/You-The-Real-MVP",
      "meme_name": "You-The-Real-MVP",
      "post_id": 13,
      "english_label": "anger",
      "response_time_ms": 2105
    },
    {
      "image_path": "Happy--Shock/Happy--Shock_24.png",
      "label": "輕蔑",
      "response_time": "00:00:01.405",
      "timestamp_unix": 1749706612,
      "timestamp_unix_ms": 1749706612117,
      "timestamp_readable": "2025-06-12 05:36:52.117",
      "normalized_name": "Happy--Shock/Happy--Shock",
      "meme_name": "Happy--Shock",
      "post_id": 24,
      "english_label": "contempt",
      "response_time_ms": 1405
    },
    {
      "image_path": "Afraid-To-Ask-Andy/Afraid-To-Ask-Andy_9.png",
      "label": "厭惡",
      "response_time": "00:00:01.506",
      "timestamp_unix": 1749706613,
      "timestamp_unix_ms": 1749706613684,
      "timestamp_readable": "2025-06-12 05:36:53.684",
      "normalized_name": "Afraid-To-Ask-Andy/Afraid-To-Ask-Andy",
      "meme_name": "Afraid-To-Ask-Andy",
      "post_id": 9,
      "english_label": "disgust",
      "response_time_ms": 1506
    },
    {
      "image_path": "Leonardo-Dicaprio-Wolf-Of-Wall-Street/Leonardo-Dicaprio-Wolf-Of-Wall-Street_42.png",
      "label": "其他",
      "response_time": "00:00:02.403",
      "timestamp_unix": 1749706616,
      "timestamp_unix_ms": 1749706616150,
      "timestamp_readable": "2025-06-12 05:36:56.150",
      "normalized_name": "Leonardo-Dicaprio-Wolf-Of-Wall-Street/Leonardo-Dicaprio-Wolf-Of-Wall-Street",
      "meme_name": "Leonardo-Dicaprio-Wolf-Of-Wall-Street",
      "post_id": 42,
      "english_label": "others",
      "response_time_ms": 2403
    },
    {
      "image_path": "Spiderman-Hospital/Spiderman-Hospital_4.png",
      "label": "憤怒",
      "response_time": "00:00:02.005",
      "timestamp_unix": 1749706618,
      "timestamp_unix_ms": 1749706618217,
      "timestamp_readable": "2025-06-12 05:36:58.217",
      "normalized_name": "Spiderman-Hospital/Spiderman-Hospital",
      "meme_name": "Spiderman-Hospital",
      "post_id": 4,
      "english_label": "anger",
      "response_time_ms": 2005
    },
    {
      "image_path": "Hold-fart/Hold-fart_39.png",
      "label": "輕蔑",
      "response_time": "00:00:02.005",
      "timestamp_unix": 1749706620,
      "timestamp_unix_ms": 1749706620268,
      "timestamp_readable": "2025-06-12 05:37:00.268",
      "normalized_name": "Hold-fart/Hold-fart",
      "meme_name": "Hold-fart",
      "post_id": 39,
      "english_label": "contempt",
      "response_time_ms": 2005
    },
    {
      "image_path": "Khan/Khan_30.png",
      "label": "厭惡",
      "response_time": "00:00:02.007",
      "timestamp_unix": 1749706622,
      "timestamp_unix_ms": 1749706622333,
      "timestamp_readable": "2025-06-12 05:37:02.333",
      "normalized_name": "Khan/Khan",
      "meme_name": "Khan",
      "post_id": 30,
      "english_label": "disgust",
      "response_time_ms": 2007
    },
    {
      "image_path": "Math-ladyConfused-lady/Math-ladyConfused-lady_41.png",
      "label": "其他",
      "response_time": "00:00:02.107",
      "timestamp_unix": 1749706624,
      "timestamp_unix_ms": 1749706624567,
      "timestamp_readable": "2025-06-12 05:37:04.567",
      "normalized_name": "Math-ladyConfused-lady/Math-ladyConfused-lady",
      "meme_name": "Math-ladyConfused-lady",
      "post_id": 41,
      "english_label": "others",
      "response_time_ms": 2107
    },
    {
      "image_path": "Scooby-doo-mask-reveal/Scooby-doo-mask-reveal_22.png",
      "label": "厭惡",
      "response_time": "00:00:02.705",
      "timestamp_unix": 1749706627,
      "timestamp_unix_ms": 1749706627367,
      "timestamp_readable": "2025-06-12 05:37:07.367",
      "normalized_name": "Scooby-doo-mask-reveal/Scooby-doo-mask-reveal",
      "meme_name": "Scooby-doo-mask-reveal",
      "post_id": 22,
      "english_label": "disgust",
      "response_time_ms": 2705
    },
    {
      "image_path": "Angry-Baby/Angry-Baby_18.png",
      "label": "其他",
      "response_time": "00:00:00.806",
      "timestamp_unix": 1749706628,
      "timestamp_unix_ms": 1749706628233,
      "timestamp_readable": "2025-06-12 05:37:08.233",
      "normalized_name": "Angry-Baby/Angry-Baby",
      "meme_name": "Angry-Baby",
      "post_id": 18,
      "english_label": "others",
      "response_time_ms": 806
    },
    {
      "image_path": "Surprised-Pikachu/Surprised-Pikachu_1.png",
      "label": "憤怒",
      "response_time": "00:00:00.506",
      "timestamp_unix": 1749706628,
      "timestamp_unix_ms": 1749706628783,
      "timestamp_readable": "2025-06-12 05:37:08.783",
      "normalized_name": "Surprised-Pikachu/Surprised-Pikachu",
      "meme_name": "Surprised-Pikachu",
      "post_id": 1,
      "english_label": "anger",
      "response_time_ms": 506
    },
    {
      "image_path": "Confused-Gandalf/Confused-Gandalf_26.png",
      "label": "輕蔑",
      "response_time": "00:00:00.507",
      "timestamp_unix": 1749706629,
      "timestamp_unix_ms": 1749706629333,
      "timestamp_readable": "2025-06-12 05:37:09.333",
      "normalized_name": "Confused-Gandalf/Confused-Gandalf",
      "meme_name": "Confused-Gandalf",
      "post_id": 26,
      "english_label": "contempt",
      "response_time_ms": 507
    },
    {
      "image_path": "Always-you-three/Always-you-three_19.png",
      "label": "厭惡",
      "response_time": "00:00:00.806",
      "timestamp_unix": 1749706630,
      "timestamp_unix_ms": 1749706630250,
      "timestamp_readable": "2025-06-12 05:37:10.250",
      "normalized_name": "Always-you-three/Always-you-three",
      "meme_name": "Always-you-three",
      "post_id": 19,
      "english_label": "disgust",
      "response_time_ms": 806
    },
    {
      "image_path": "I-am-once-again-asking/I-am-once-again-asking_47.png",
      "label": "憤怒",
      "response_time": "00:00:00.603",
      "timestamp_unix": 1749706630,
      "timestamp_unix_ms": 1749706630950,
      "timestamp_readable": "2025-06-12 05:37:10.950",
      "normalized_name": "I-am-once-again-asking/I-am-once-again-asking",
      "meme_name": "I-am-once-again-asking",
      "post_id": 47,
      "english_label": "anger",
      "response_time_ms": 603
    },
    {
      "image_path": "Disappointed-Man/Disappointed-Man_37.png",
      "label": "其他",
      "response_time": "00:00:00.605",
      "timestamp_unix": 1749706631,
      "timestamp_unix_ms": 1749706631617,
      "timestamp_readable": "2025-06-12 05:37:11.617",
      "normalized_name": "Disappointed-Man/Disappointed-Man",
      "meme_name": "Disappointed-Man",
      "post_id": 37,
      "english_label": "others",
      "response_time_ms": 605
    },
    {
      "image_path": "Nuclear-Explosion/Nuclear-Explosion_31.png",
      "label": "厭惡",
      "response_time": "00:00:00.401",
      "timestamp_unix": 1749706632,
      "timestamp_unix_ms": 1749706632133,
      "timestamp_readable": "2025-06-12 05:37:12.133",
      "normalized_name": "Nuclear-Explosion/Nuclear-Explosion",
      "meme_name": "Nuclear-Explosion",
      "post_id": 31,
      "english_label": "disgust",
      "response_time_ms": 401
    },
    {
      "image_path": "Gru-Gun/Gru-Gun_6.png",
      "label": "輕蔑",
      "response_time": "00:00:00.804",
      "timestamp_unix": 1749706632,
      "timestamp_unix_ms": 1749706632984,
      "timestamp_readable": "2025-06-12 05:37:12.984",
      "normalized_name": "Gru-Gun/Gru-Gun",
      "meme_name": "Gru-Gun",
      "post_id": 6,
      "english_label": "contempt",
      "response_time_ms": 804
    },
    {
      "image_path": "Monkey-Puppet/Monkey-Puppet_25.png",
      "label": "憤怒",
      "response_time": "00:00:00.406",
      "timestamp_unix": 1749706633,
      "timestamp_unix_ms": 1749706633517,
      "timestamp_readable": "2025-06-12 05:37:13.517",
      "normalized_name": "Monkey-Puppet/Monkey-Puppet",
      "meme_name": "Monkey-Puppet",
      "post_id": 25,
      "english_label": "anger",
      "response_time_ms": 406
    },
    {
      "image_path": "Ill-Have-You-Know-Spongebob/Ill-Have-You-Know-Spongebob_7.png",
      "label": "其他",
      "response_time": "00:00:00.307",
      "timestamp_unix": 1749706633,
      "timestamp_unix_ms": 1749706633900,
      "timestamp_readable": "2025-06-12 05:37:13.900",
      "normalized_name": "Ill-Have-You-Know-Spongebob/Ill-Have-You-Know-Spongebob",
      "meme_name": "Ill-Have-You-Know-Spongebob",
      "post_id": 7,
      "english_label": "others",
      "response_time_ms": 307
    },
    {
      "image_path": "attention_check/attention_check_Disgust.png",
      "label": "厭惡",
      "response_time": "00:00:00.801",
      "timestamp_unix": 1749706634,
      "timestamp_unix_ms": 1749706634750,
      "timestamp_readable": "2025-06-12 05:37:14.750",
      "normalized_name": "attention_check/attention_check_Disgust.png",
      "meme_name": "attention_check",
      "post_id": null,
      "english_label": "disgust",
      "response_time_ms": 801
    },
    {
      "image_path": "Dave-chappelle/Dave-chappelle_43.png",
      "label": "其他",
      "response_time": "00:00:00.606",
      "timestamp_unix": 1749706635,
      "timestamp_unix_ms": 1749706635400,
      "timestamp_readable": "2025-06-12 05:37:15.400",
      "normalized_name": "Dave-chappelle/Dave-chappelle",
      "meme_name": "Dave-chappelle",
      "post_id": 43,
      "english_label": "others",
      "response_time_ms": 606
    },
    {
      "image_path": "For-the-better-right-blank/For-the-better-right-blank_2.png",
      "label": "憤怒",
      "response_time": "00:00:00.404",
      "timestamp_unix": 1749706635,
      "timestamp_unix_ms": 1749706635884,
      "timestamp_readable": "2025-06-12 05:37:15.884",
      "normalized_name": "For-the-better-right-blank/For-the-better-right-blank",
      "meme_name": "For-the-better-right-blank",
      "post_id": 2,
      "english_label": "anger",
      "response_time_ms": 404
    },
    {
      "image_path": "Well-Yes-But-Actually-No/Well-Yes-But-Actually-No_21.png",
      "label": "其他",
      "response_time": "00:00:00.506",
      "timestamp_unix": 1749706636,
      "timestamp_unix_ms": 1749706636451,
      "timestamp_readable": "2025-06-12 05:37:16.451",
      "normalized_name": "Well-Yes-But-Actually-No/Well-Yes-But-Actually-No",
      "meme_name": "Well-Yes-But-Actually-No",
      "post_id": 21,
      "english_label": "others",
      "response_time_ms": 506
    },
    {
      "image_path": "Persian-Cat-Room-Guardian/Persian-Cat-Room-Guardian_27.png",
      "label": "厭惡",
      "response_time": "00:00:00.305",
      "timestamp_unix": 1749706636,
      "timestamp_unix_ms": 1749706636817,
      "timestamp_readable": "2025-06-12 05:37:16.817",
      "normalized_name": "Persian-Cat-Room-Guardian/Persian-Cat-Room-Guardian",
      "meme_name": "Persian-Cat-Room-Guardian",
      "post_id": 27,
      "english_label": "disgust",
      "response_time_ms": 305
    },
    {
      "image_path": "Mr-McMahon-reaction/Mr-McMahon-reaction_29.png",
      "label": "其他",
      "response_time": "00:00:00.707",
      "timestamp_unix": 1749706637,
      "timestamp_unix_ms": 1749706637567,
      "timestamp_readable": "2025-06-12 05:37:17.567",
      "normalized_name": "Mr-McMahon-reaction/Mr-McMahon-reaction",
      "meme_name": "Mr-McMahon-reaction",
      "post_id": 29,
      "english_label": "others",
      "response_time_ms": 707
    },
    {
      "image_path": "Futurama-Fry/Futurama-Fry_49.png",
      "label": "厭惡",
      "response_time": "00:00:00.507",
      "timestamp_unix": 1749706638,
      "timestamp_unix_ms": 1749706638117,
      "timestamp_readable": "2025-06-12 05:37:18.117",
      "normalized_name": "Futurama-Fry/Futurama-Fry",
      "meme_name": "Futurama-Fry",
      "post_id": 49,
      "english_label": "disgust",
      "response_time_ms": 507
    },
    {
      "image_path": "Mr-incredible-mad/Mr-incredible-mad_10.png",
      "label": "憤怒",
      "response_time": "00:00:00.406",
      "timestamp_unix": 1749706638,
      "timestamp_unix_ms": 1749706638651,
      "timestamp_readable": "2025-06-12 05:37:18.651",
      "normalized_name": "Mr-incredible-mad/Mr-incredible-mad",
      "meme_name": "Mr-incredible-mad",
      "post_id": 10,
      "english_label": "anger",
      "response_time_ms": 406
    },
    {
      "image_path": "Im-The-Captain-Now/Im-The-Captain-Now_50.png",
      "label": "其他",
      "response_time": "00:00:00.604",
      "timestamp_unix": 1749706639,
      "timestamp_unix_ms": 1749706639301,
      "timestamp_readable": "2025-06-12 05:37:19.301",
      "normalized_name": "Im-The-Captain-Now/Im-The-Captain-Now",
      "meme_name": "Im-The-Captain-Now",
      "post_id": 50,
      "english_label": "others",
      "response_time_ms": 604
    },
    {
      "image_path": "Black-guy-hiding-behind-tree/Black-guy-hiding-behind-tree_5.png",
      "label": "其他",
      "response_time": "00:00:00.304",
      "timestamp_unix": 1749706639,
      "timestamp_unix_ms": 1749706639667,
      "timestamp_readable": "2025-06-12 05:37:19.667",
      "normalized_name": "Black-guy-hiding-behind-tree/Black-guy-hiding-behind-tree",
      "meme_name": "Black-guy-hiding-behind-tree",
      "post_id": 5,
      "english_label": "others",
      "response_time_ms": 304
    },
    {
      "image_path": "Smudge-the-cat/Smudge-the-cat_20.png",
      "label": "厭惡",
      "response_time": "00:00:00.404",
      "timestamp_unix": 1749706640,
      "timestamp_unix_ms": 1749706640201,
      "timestamp_readable": "2025-06-12 05:37:20.201",
      "normalized_name": "Smudge-the-cat/Smudge-the-cat",
      "meme_name": "Smudge-the-cat",
      "post_id": 20,
      "english_label": "disgust",
      "response_time_ms": 404
    },
    {
      "image_path": "Always-Has-Been/Always-Has-Been_14.png",
      "label": "厭惡",
      "response_time": "00:00:00.305",
      "timestamp_unix": 1749706640,
      "timestamp_unix_ms": 1749706640584,
      "timestamp_readable": "2025-06-12 05:37:20.584",
      "normalized_name": "Always-Has-Been/Always-Has-Been",
      "meme_name": "Always-Has-Been",
      "post_id": 14,
      "english_label": "disgust",
      "response_time_ms": 305
    },
    {
      "image_path": "Obi-Wan-Kenobi/Obi-Wan-Kenobi_44.png",
      "label": "其他",
      "response_time": "00:00:00.602",
      "timestamp_unix": 1749706641,
      "timestamp_unix_ms": 1749706641251,
      "timestamp_readable": "2025-06-12 05:37:21.251",
      "normalized_name": "Obi-Wan-Kenobi/Obi-Wan-Kenobi",
      "meme_name": "Obi-Wan-Kenobi",
      "post_id": 44,
      "english_label": "others",
      "response_time_ms": 602
    },
    {
      "image_path": "Hide-the-Pain-Harold/Hide-the-Pain-Harold_16.png",
      "label": "憤怒",
      "response_time": "00:00:00.503",
      "timestamp_unix": 1749706641,
      "timestamp_unix_ms": 1749706641851,
      "timestamp_readable": "2025-06-12 05:37:21.851",
      "normalized_name": "Hide-the-Pain-Harold/Hide-the-Pain-Harold",
      "meme_name": "Hide-the-Pain-Harold",
      "post_id": 16,
      "english_label": "anger",
      "response_time_ms": 503
    },
    {
      "image_path": "Table-Flip-Guy/Table-Flip-Guy_33.png",
      "label": "輕蔑",
      "response_time": "00:00:00.404",
      "timestamp_unix": 1749706642,
      "timestamp_unix_ms": 1749706642334,
      "timestamp_readable": "2025-06-12 05:37:22.334",
      "normalized_name": "Table-Flip-Guy/Table-Flip-Guy",
      "meme_name": "Table-Flip-Guy",
      "post_id": 33,
      "english_label": "contempt",
      "response_time_ms": 404
    },
    {
      "image_path": "Batman-Slapping-Robin/Batman-Slapping-Robin_38.png",
      "label": "輕蔑",
      "response_time": "00:00:00.305",
      "timestamp_unix": 1749706642,
      "timestamp_unix_ms": 1749706642767,
      "timestamp_readable": "2025-06-12 05:37:22.767",
      "normalized_name": "Batman-Slapping-Robin/Batman-Slapping-Robin",
      "meme_name": "Batman-Slapping-Robin",
      "post_id": 38,
      "english_label": "contempt",
      "response_time_ms": 305
    },
    {
      "image_path": "Archer/Archer_3.png",
      "label": "其他",
      "response_time": "00:00:00.505",
      "timestamp_unix": 1749706643,
      "timestamp_unix_ms": 1749706643351,
      "timestamp_readable": "2025-06-12 05:37:23.351",
      "normalized_name": "Archer/Archer",
      "meme_name": "Archer",
      "post_id": 3,
      "english_label": "others",
      "response_time_ms": 505
    },
    {
      "image_path": "Put-It-Somewhere-Else-Patrick/Put-It-Somewhere-Else-Patrick_32.png",
      "label": "厭惡",
      "response_time": "00:00:00.705",
      "timestamp_unix": 1749706644,
      "timestamp_unix_ms": 1749706644117,
      "timestamp_readable": "2025-06-12 05:37:24.117",
      "normalized_name": "Put-It-Somewhere-Else-Patrick/Put-It-Somewhere-Else-Patrick",
      "meme_name": "Put-It-Somewhere-Else-Patrick",
      "post_id": 32,
      "english_label": "disgust",
      "response_time_ms": 705
    },
    {
      "image_path": "Chill-guy/Chill-guy_8.png",
      "label": "厭惡",
      "response_time": "00:00:01.003",
      "timestamp_unix": 1749706645,
      "timestamp_unix_ms": 1749706645234,
      "timestamp_readable": "2025-06-12 05:37:25.234",
      "normalized_name": "Chill-guy/Chill-guy",
      "meme_name": "Chill-guy",
      "post_id": 8,
      "english_label": "disgust",
      "response_time_ms": 1003
    },
    {
      "image_path": "Kevin-Hart/Kevin-Hart_23.png",
      "label": "厭惡",
      "response_time": "00:00:00.604",
      "timestamp_unix": 1749706645,
      "timestamp_unix_ms": 1749706645884,
      "timestamp_readable": "2025-06-12 05:37:25.884",
      "normalized_name": "Kevin-Hart/Kevin-Hart",
      "meme_name": "Kevin-Hart",
      "post_id": 23,
      "english_label": "disgust",
      "response_time_ms": 604
    },
    {
      "image_path": "Thats-a-paddlin/Thats-a-paddlin_40.png",
      "label": "厭惡",
      "response_time": "00:00:00.904",
      "timestamp_unix": 1749706646,
      "timestamp_unix_ms": 1749706646885,
      "timestamp_readable": "2025-06-12 05:37:26.885",
      "normalized_name": "Thats-a-paddlin/Thats-a-paddlin",
      "meme_name": "Thats-a-paddlin",
      "post_id": 40,
      "english_label": "disgust",
      "response_time_ms": 904
    },
    {
      "image_path": "Dinkleberg/Dinkleberg_11.png",
      "label": "其他",
      "response_time": "00:00:00.704",
      "timestamp_unix": 1749706647,
      "timestamp_unix_ms": 1749706647667,
      "timestamp_readable": "2025-06-12 05:37:27.667",
      "normalized_name": "Dinkleberg/Dinkleberg",
      "meme_name": "Dinkleberg",
      "post_id": 11,
      "english_label": "others",
      "response_time_ms": 704
    },
    {
      "image_path": "Picard-Wtf/Picard-Wtf_17.png",
      "label": "憤怒",
      "response_time": "00:00:01.404",
      "timestamp_unix": 1749706649,
      "timestamp_unix_ms": 1749706649134,
      "timestamp_readable": "2025-06-12 05:37:29.134",
      "normalized_name": "Picard-Wtf/Picard-Wtf",
      "meme_name": "Picard-Wtf",
      "post_id": 17,
      "english_label": "anger",
      "response_time_ms": 1404
    },
    {
      "image_path": "DJ-Pauly-D/DJ-Pauly-D_45.png",
      "label": "其他",
      "response_time": "00:00:00.704",
      "timestamp_unix": 1749706649,
      "timestamp_unix_ms": 1749706649917,
      "timestamp_readable": "2025-06-12 05:37:29.917",
      "normalized_name": "DJ-Pauly-D/DJ-Pauly-D",
      "meme_name": "DJ-Pauly-D",
      "post_id": 45,
      "english_label": "others",
      "response_time_ms": 704
    },
    {
      "image_path": "Disaster-Girl/Disaster-Girl_48.png",
      "label": "輕蔑",
      "response_time": "00:00:01.005",
      "timestamp_unix": 1749706650,
      "timestamp_unix_ms": 1749706650984,
      "timestamp_readable": "2025-06-12 05:37:30.984",
      "normalized_name": "Disaster-Girl/Disaster-Girl",
      "meme_name": "Disaster-Girl",
      "post_id": 48,
      "english_label": "contempt",
      "response_time_ms": 1005
    },
    {
      "image_path": "attention_check/attention_check_Contempt.png",
      "label": "輕蔑",
      "response_time": "00:00:01.105",
      "timestamp_unix": 1749706652,
      "timestamp_unix_ms": 1749706652167,
      "timestamp_readable": "2025-06-12 05:37:32.167",
      "normalized_name": "attention_check/attention_check_Contempt.png",
      "meme_name": "attention_check",
      "post_id": null,
      "english_label": "contempt",
      "response_time_ms": 1105
    },
    {
      "image_path": "Mocking-Spongebob/Mocking-Spongebob_28.png",
      "label": "輕蔑",
      "response_time": "00:00:05.101",
      "timestamp_unix": 1749706657,
      "timestamp_unix_ms": 1749706657400,
      "timestamp_readable": "2025-06-12 05:37:37.400",
      "normalized_name": "Mocking-Spongebob/Mocking-Spongebob",
      "meme_name": "Mocking-Spongebob",
      "post_id": 28,
      "english_label": "contempt",
      "response_time_ms": 5101
    }
  ],
  "session_start_unix": 1749706558,
  "session_status": "completed",
  "last_updated_unix": 1749706668,
  "image_order": [
    "Spiderman-Hospital/Spiderman-Hospital_4.png",
    "Happy--Shock/Happy--Shock_24.png",
    "Chill-guy/Chill-guy_8.png",
    "I-am-once-again-asking/I-am-once-again-asking_47.png",
    "Math-ladyConfused-lady/Math-ladyConfused-lady_41.png",
    "Archer/Archer_3.png",
    "Leonardo-Dicaprio-Wolf-Of-Wall-Street/Leonardo-Dicaprio-Wolf-Of-Wall-Street_42.png",
    "Mocking-Spongebob/Mocking-Spongebob_28.png",
    "Afraid-To-Ask-Andy/Afraid-To-Ask-Andy_9.png",
    "Charlie-Day/Charlie-Day_34.png",
    "Always-Has-Been/Always-Has-Been_14.png",
    "Picard-Wtf/Picard-Wtf_17.png",
    "Batman-Slapping-Robin/Batman-Slapping-Robin_38.png",
    "For-the-better-right-blank/For-the-better-right-blank_2.png",
    "Drake-NoYes/Drake-NoYes_46.png",
    "Laughing-wolf/Laughing-wolf_35.png",
    "DJ-Pauly-D/DJ-Pauly-D_45.png",
    "Always-you-three/Always-you-three_19.png",
    "Disappointed-Man/Disappointed-Man_37.png",
    "Smudge-the-cat/Smudge-the-cat_20.png",
    "Thats-a-paddlin/Thats-a-paddlin_40.png",
    "Hide-the-Pain-Harold/Hide-the-Pain-Harold_16.png",
    "Hold-fart/Hold-fart_39.png",
    "Im-The-Captain-Now/Im-The-Captain-Now_50.png",
    "Obi-Wan-Kenobi/Obi-Wan-Kenobi_44.png",
    "attention_check/attention_check_Disgust.png",
    "Spongebob-Yelling/Spongebob-Yelling_15.png",
    "Nuclear-Explosion/Nuclear-Explosion_31.png",
    "Dinkleberg/Dinkleberg_11.png",
    "Scooby-doo-mask-reveal/Scooby-doo-mask-reveal_22.png",
    "Disaster-Girl/Disaster-Girl_48.png",
    "Black-guy-hiding-behind-tree/Black-guy-hiding-behind-tree_5.png",
    "You-The-Real-MVP/You-The-Real-MVP_13.png",
    "Moe-throws-Barney/Moe-throws-Barney_36.png",
    "Ill-Have-You-Know-Spongebob/Ill-Have-You-Know-Spongebob_7.png",
    "Futurama-Fry/Futurama-Fry_49.png",
    "Monkey-Puppet/Monkey-Puppet_25.png",
    "Confused-Gandalf/Confused-Gandalf_26.png",
    "Mr-incredible-mad/Mr-incredible-mad_10.png",
    "Dave-chappelle/Dave-chappelle_43.png",
    "Surprised-Pikachu/Surprised-Pikachu_1.png",
    "Table-Flip-Guy/Table-Flip-Guy_33.png",
    "Kevin-Hart/Kevin-Hart_23.png",
    "Well-Yes-But-Actually-No/Well-Yes-But-Actually-No_21.png",
    "Mr-McMahon-reaction/Mr-McMahon-reaction_29.png",
    "Gru-Gun/Gru-Gun_6.png",
    "Persian-Cat-Room-Guardian/Persian-Cat-Room-Guardian_27.png",
    "Put-It-Somewhere-Else-Patrick/Put-It-Somewhere-Else-Patrick_32.png",
    "Angry-Baby/Angry-Baby_18.png",
    "Arthur-Fist/Arthur-Fist_12.png",
    "attention_check/attention_check_Contempt.png",
    "Khan/Khan_30.png"
  ],
  "completion_status": {
    "practice_completed": true,
    "game_started": true,
    "game_completed": true,
    "summary_viewed": true,
    "email_submitted": true
  },
  "timestamps_unix": {
    "registration_completed": 1749706558,
    "practice_started": 1749706558,
    "practice_completed": 1749706594,
    "game_started": 1749706594,
    "first_label": 1749706597,
    "last_label": 1749706657,
    "game_completed": 1749706659,
    "summary_viewed": 1749706659,
    "email_submitted": 1749706668,
    "session_end": 1749706668,
    "last_updated": 1749706668
  },
  "timestamps_unix_ms": {
    "registration_completed_ms": 1749706558627,
    "practice_started_ms": 1749706558659,
    "practice_completed_ms": 1749706594653,
    "game_started_ms": 1749706594658,
    "first_label_ms": 1749706597301,
    "last_label_ms": 1749706657400,
    "game_completed_ms": 1749706659465,
    "summary_viewed_ms": 1749706659473,
    "email_submitted_ms": 1749706668089,
    "session_end_ms": 1749706668089,
    "last_updated_ms": 1749706668089
  },
  "duration_stats_ms": {
    "total_session_duration_ms": 109462,
    "practice_duration_ms": 35994,
    "game_duration_ms": 64807,
    "labeling_duration_ms": 60099,
    "email_submission_duration_ms": 8616
  },
  "filename_updated_unix": 1749706659,
  "original_filename": "user_9e840b",
  "completion_status_in_filename": "email_submitted"
}