{
  "user_id": "user_24aa18",
  "file_name": "user_24aa18_1750139786_1750140253_fullycomplete",
  "unix_start_time": 1750139786,
  "unix_start_time_ms": 1750139786753,
  "unix_end_time": 1750140253,
  "unix_end_time_ms": 1750140253318,
  "age": "45-49",
  "gender": "female",
  "user_agent": "Mozilla/5.0 (Windows NT 10.0; Win64; x64) AppleWebKit/537.36 (KHTML, like Gecko) Chrome/137.0.0.0 Safari/537.36",
  "user_ip": "61.228.193.51",
  "status": "complete",
  "email_provided": "complete",
  "attention_passed": true,
  "start_time_readable": "2025-06-17 05:56:26.753",
  "end_time_readable": "2025-06-17 06:04:13.318",
  "total_labels": 52,
  "emotion_summary": {
    "anger": 18,
    "contempt": 18,
    "disgust": 7,
    "others": 9
  },
  "email": "s86108025@yahoo.com.tw",
  "participation": "yes",
  "total_responses": 52,
  "responses": [
    {
      "image_path": "For-the-better-right-blank/For-the-better-right-blank_43.png",
      "label": "輕蔑",
      "response_time": "00:00:06.801",
      "timestamp_unix": 1750139865,
      "timestamp_unix_ms": 1750139865991,
      "timestamp_readable": "2025-06-17 05:57:45.991",
      "normalized_name": "For-the-better-right-blank/For-the-better-right-blank",
      "meme_name": "For-the-better-right-blank",
      "post_id": 43,
      "english_label": "contempt",
      "response_time_ms": 6801
    },
    {
      "image_path": "Spongebob-Yelling/Spongebob-Yelling_50.png",
      "label": "憤怒",
      "response_time": "00:00:08.612",
      "timestamp_unix": 1750139874,
      "timestamp_unix_ms": 1750139874672,
      "timestamp_readable": "2025-06-17 05:57:54.672",
      "normalized_name": "Spongebob-Yelling/Spongebob-Yelling",
      "meme_name": "Spongebob-Yelling",
      "post_id": 50,
      "english_label": "anger",
      "response_time_ms": 8612
    },
    {
      "image_path": "Mr-incredible-mad/Mr-incredible-mad_31.png",
      "label": "憤怒",
      "response_time": "00:00:12.912",
      "timestamp_unix": 1750139887,
      "timestamp_unix_ms": 1750139887701,
      "timestamp_readable": "2025-06-17 05:58:07.701",
      "normalized_name": "Mr-incredible-mad/Mr-incredible-mad",
      "meme_name": "Mr-incredible-mad",
      "post_id": 31,
      "english_label": "anger",
      "response_time_ms": 12912
    },
    {
      "image_path": "Batman-Slapping-Robin/Batman-Slapping-Robin_41.png",
      "label": "其他",
      "response_time": "00:00:06.701",
      "timestamp_unix": 1750139894,
      "timestamp_unix_ms": 1750139894467,
      "timestamp_readable": "2025-06-17 05:58:14.467",
      "normalized_name": "Batman-Slapping-Robin/Batman-Slapping-Robin",
      "meme_name": "Batman-Slapping-Robin",
      "post_id": 41,
      "english_label": "others",
      "response_time_ms": 6701
    },
    {
      "image_path": "Im-The-Captain-Now/Im-The-Captain-Now_28.png",
      "label": "輕蔑",
      "response_time": "00:00:05.214",
      "timestamp_unix": 1750139899,
      "timestamp_unix_ms": 1750139899799,
      "timestamp_readable": "2025-06-17 05:58:19.799",
      "normalized_name": "Im-The-Captain-Now/Im-The-Captain-Now",
      "meme_name": "Im-The-Captain-Now",
      "post_id": 28,
      "english_label": "contempt",
      "response_time_ms": 5214
    },
    {
      "image_path": "Picard-Wtf/Picard-Wtf_9.png",
      "label": "厭惡",
      "response_time": "00:00:05.413",
      "timestamp_unix": 1750139905,
      "timestamp_unix_ms": 1750139905315,
      "timestamp_readable": "2025-06-17 05:58:25.315",
      "normalized_name": "Picard-Wtf/Picard-Wtf",
      "meme_name": "Picard-Wtf",
      "post_id": 9,
      "english_label": "disgust",
      "response_time_ms": 5413
    },
    {
      "image_path": "Smudge-the-cat/Smudge-the-cat_21.png",
      "label": "憤怒",
      "response_time": "00:00:06.506",
      "timestamp_unix": 1750139911,
      "timestamp_unix_ms": 1750139911880,
      "timestamp_readable": "2025-06-17 05:58:31.880",
      "normalized_name": "Smudge-the-cat/Smudge-the-cat",
      "meme_name": "Smudge-the-cat",
      "post_id": 21,
      "english_label": "anger",
      "response_time_ms": 6506
    },
    {
      "image_path": "Ill-Have-You-Know-Spongebob/Ill-Have-You-Know-Spongebob_11.png",
      "label": "輕蔑",
      "response_time": "00:00:04.811",
      "timestamp_unix": 1750139916,
      "timestamp_unix_ms": 1750139916812,
      "timestamp_readable": "2025-06-17 05:58:36.812",
      "normalized_name": "Ill-Have-You-Know-Spongebob/Ill-Have-You-Know-Spongebob",
      "meme_name": "Ill-Have-You-Know-Spongebob",
      "post_id": 11,
      "english_label": "contempt",
      "response_time_ms": 4811
    },
    {
      "image_path": "Laughing-wolf/Laughing-wolf_5.png",
      "label": "其他",
      "response_time": "00:00:10.312",
      "timestamp_unix": 1750139927,
      "timestamp_unix_ms": 1750139927227,
      "timestamp_readable": "2025-06-17 05:58:47.227",
      "normalized_name": "Laughing-wolf/Laughing-wolf",
      "meme_name": "Laughing-wolf",
      "post_id": 5,
      "english_label": "others",
      "response_time_ms": 10312
    },
    {
      "image_path": "DJ-Pauly-D/DJ-Pauly-D_29.png",
      "label": "厭惡",
      "response_time": "00:00:05.211",
      "timestamp_unix": 1750139932,
      "timestamp_unix_ms": 1750139932509,
      "timestamp_readable": "2025-06-17 05:58:52.509",
      "normalized_name": "DJ-Pauly-D/DJ-Pauly-D",
      "meme_name": "DJ-Pauly-D",
      "post_id": 29,
      "english_label": "disgust",
      "response_time_ms": 5211
    },
    {
      "image_path": "Dave-chappelle/Dave-chappelle_22.png",
      "label": "輕蔑",
      "response_time": "00:00:04.312",
      "timestamp_unix": 1750139936,
      "timestamp_unix_ms": 1750139936908,
      "timestamp_readable": "2025-06-17 05:58:56.908",
      "normalized_name": "Dave-chappelle/Dave-chappelle",
      "meme_name": "Dave-chappelle",
      "post_id": 22,
      "english_label": "contempt",
      "response_time_ms": 4312
    },
    {
      "image_path": "Afraid-To-Ask-Andy/Afraid-To-Ask-Andy_24.png",
      "label": "輕蔑",
      "response_time": "00:00:08.612",
      "timestamp_unix": 1750139945,
      "timestamp_unix_ms": 1750139945639,
      "timestamp_readable": "2025-06-17 05:59:05.639",
      "normalized_name": "Afraid-To-Ask-Andy/Afraid-To-Ask-Andy",
      "meme_name": "Afraid-To-Ask-Andy",
      "post_id": 24,
      "english_label": "contempt",
      "response_time_ms": 8612
    },
    {
      "image_path": "Disaster-Girl/Disaster-Girl_35.png",
      "label": "輕蔑",
      "response_time": "00:00:07.612",
      "timestamp_unix": 1750139953,
      "timestamp_unix_ms": 1750139953370,
      "timestamp_readable": "2025-06-17 05:59:13.370",
      "normalized_name": "Disaster-Girl/Disaster-Girl",
      "meme_name": "Disaster-Girl",
      "post_id": 35,
      "english_label": "contempt",
      "response_time_ms": 7612
    },
    {
      "image_path": "You-The-Real-MVP/You-The-Real-MVP_15.png",
      "label": "憤怒",
      "response_time": "00:00:07.213",
      "timestamp_unix": 1750139960,
      "timestamp_unix_ms": 1750139960669,
      "timestamp_readable": "2025-06-17 05:59:20.669",
      "normalized_name": "You-The-Real-MVP/You-The-Real-MVP",
      "meme_name": "You-The-Real-MVP",
      "post_id": 15,
      "english_label": "anger",
      "response_time_ms": 7213
    },
    {
      "image_path": "Mr-McMahon-reaction/Mr-McMahon-reaction_12.png",
      "label": "憤怒",
      "response_time": "00:00:03.514",
      "timestamp_unix": 1750139964,
      "timestamp_unix_ms": 1750139964217,
      "timestamp_readable": "2025-06-17 05:59:24.217",
      "normalized_name": "Mr-McMahon-reaction/Mr-McMahon-reaction",
      "meme_name": "Mr-McMahon-reaction",
      "post_id": 12,
      "english_label": "anger",
      "response_time_ms": 3514
    },
    {
      "image_path": "Black-guy-hiding-behind-tree/Black-guy-hiding-behind-tree_18.png",
      "label": "其他",
      "response_time": "00:00:08.413",
      "timestamp_unix": 1750139972,
      "timestamp_unix_ms": 1750139972699,
      "timestamp_readable": "2025-06-17 05:59:32.699",
      "normalized_name": "Black-guy-hiding-behind-tree/Black-guy-hiding-behind-tree",
      "meme_name": "Black-guy-hiding-behind-tree",
      "post_id": 18,
      "english_label": "others",
      "response_time_ms": 8413
    },
    {
      "image_path": "Archer/Archer_6.png",
      "label": "厭惡",
      "response_time": "00:00:06.313",
      "timestamp_unix": 1750139979,
      "timestamp_unix_ms": 1750139979065,
      "timestamp_readable": "2025-06-17 05:59:39.065",
      "normalized_name": "Archer/Archer",
      "meme_name": "Archer",
      "post_id": 6,
      "english_label": "disgust",
      "response_time_ms": 6313
    },
    {
      "image_path": "Charlie-Day/Charlie-Day_4.png",
      "label": "憤怒",
      "response_time": "00:00:07.813",
      "timestamp_unix": 1750139986,
      "timestamp_unix_ms": 1750139986947,
      "timestamp_readable": "2025-06-17 05:59:46.947",
      "normalized_name": "Charlie-Day/Charlie-Day",
      "meme_name": "Charlie-Day",
      "post_id": 4,
      "english_label": "anger",
      "response_time_ms": 7813
    },
    {
      "image_path": "I-am-once-again-asking/I-am-once-again-asking_20.png",
      "label": "輕蔑",
      "response_time": "00:00:05.712",
      "timestamp_unix": 1750139992,
      "timestamp_unix_ms": 1750139992712,
      "timestamp_readable": "2025-06-17 05:59:52.712",
      "normalized_name": "I-am-once-again-asking/I-am-once-again-asking",
      "meme_name": "I-am-once-again-asking",
      "post_id": 20,
      "english_label": "contempt",
      "response_time_ms": 5712
    },
    {
      "image_path": "Moe-throws-Barney/Moe-throws-Barney_37.png",
      "label": "憤怒",
      "response_time": "00:00:11.611",
      "timestamp_unix": 1750140004,
      "timestamp_unix_ms": 1750140004443,
      "timestamp_readable": "2025-06-17 06:00:04.443",
      "normalized_name": "Moe-throws-Barney/Moe-throws-Barney",
      "meme_name": "Moe-throws-Barney",
      "post_id": 37,
      "english_label": "anger",
      "response_time_ms": 11611
    },
    {
      "image_path": "Monkey-Puppet/Monkey-Puppet_34.png",
      "label": "厭惡",
      "response_time": "00:00:08.211",
      "timestamp_unix": 1750140012,
      "timestamp_unix_ms": 1750140012757,
      "timestamp_readable": "2025-06-17 06:00:12.757",
      "normalized_name": "Monkey-Puppet/Monkey-Puppet",
      "meme_name": "Monkey-Puppet",
      "post_id": 34,
      "english_label": "disgust",
      "response_time_ms": 8211
    },
    {
      "image_path": "attention_check/attention_check_Contempt.png",
      "label": "輕蔑",
      "response_time": "00:00:04.403",
      "timestamp_unix": 1750140017,
      "timestamp_unix_ms": 1750140017239,
      "timestamp_readable": "2025-06-17 06:00:17.239",
      "normalized_name": "attention_check/attention_check_Contempt.png",
      "meme_name": "attention_check",
      "post_id": null,
      "english_label": "contempt",
      "response_time_ms": 4403
    },
    {
      "image_path": "Arthur-Fist/Arthur-Fist_10.png",
      "label": "憤怒",
      "response_time": "00:00:08.512",
      "timestamp_unix": 1750140025,
      "timestamp_unix_ms": 1750140025821,
      "timestamp_readable": "2025-06-17 06:00:25.821",
      "normalized_name": "Arthur-Fist/Arthur-Fist",
      "meme_name": "Arthur-Fist",
      "post_id": 10,
      "english_label": "anger",
      "response_time_ms": 8512
    },
    {
      "image_path": "Table-Flip-Guy/Table-Flip-Guy_1.png",
      "label": "憤怒",
      "response_time": "00:00:02.512",
      "timestamp_unix": 1750140028,
      "timestamp_unix_ms": 1750140028420,
      "timestamp_readable": "2025-06-17 06:00:28.420",
      "normalized_name": "Table-Flip-Guy/Table-Flip-Guy",
      "meme_name": "Table-Flip-Guy",
      "post_id": 1,
      "english_label": "anger",
      "response_time_ms": 2512
    },
    {
      "image_path": "Khan/Khan_38.png",
      "label": "憤怒",
      "response_time": "00:00:02.713",
      "timestamp_unix": 1750140031,
      "timestamp_unix_ms": 1750140031169,
      "timestamp_readable": "2025-06-17 06:00:31.169",
      "normalized_name": "Khan/Khan",
      "meme_name": "Khan",
      "post_id": 38,
      "english_label": "anger",
      "response_time_ms": 2713
    },
    {
      "image_path": "Persian-Cat-Room-Guardian/Persian-Cat-Room-Guardian_39.png",
      "label": "厭惡",
      "response_time": "00:00:08.512",
      "timestamp_unix": 1750140039,
      "timestamp_unix_ms": 1750140039734,
      "timestamp_readable": "2025-06-17 06:00:39.734",
      "normalized_name": "Persian-Cat-Room-Guardian/Persian-Cat-Room-Guardian",
      "meme_name": "Persian-Cat-Room-Guardian",
      "post_id": 39,
      "english_label": "disgust",
      "response_time_ms": 8512
    },
    {
      "image_path": "Hide-the-Pain-Harold/Hide-the-Pain-Harold_27.png",
      "label": "輕蔑",
      "response_time": "00:00:06.112",
      "timestamp_unix": 1750140045,
      "timestamp_unix_ms": 1750140045949,
      "timestamp_readable": "2025-06-17 06:00:45.949",
      "normalized_name": "Hide-the-Pain-Harold/Hide-the-Pain-Harold",
      "meme_name": "Hide-the-Pain-Harold",
      "post_id": 27,
      "english_label": "contempt",
      "response_time_ms": 6112
    },
    {
      "image_path": "Thats-a-paddlin/Thats-a-paddlin_26.png",
      "label": "輕蔑",
      "response_time": "00:00:06.113",
      "timestamp_unix": 1750140052,
      "timestamp_unix_ms": 1750140052182,
      "timestamp_readable": "2025-06-17 06:00:52.182",
      "normalized_name": "Thats-a-paddlin/Thats-a-paddlin",
      "meme_name": "Thats-a-paddlin",
      "post_id": 26,
      "english_label": "contempt",
      "response_time_ms": 6113
    },
    {
      "image_path": "Disappointed-Man/Disappointed-Man_16.png",
      "label": "憤怒",
      "response_time": "00:00:11.208",
      "timestamp_unix": 1750140063,
      "timestamp_unix_ms": 1750140063512,
      "timestamp_readable": "2025-06-17 06:01:03.512",
      "normalized_name": "Disappointed-Man/Disappointed-Man",
      "meme_name": "Disappointed-Man",
      "post_id": 16,
      "english_label": "anger",
      "response_time_ms": 11208
    },
    {
      "image_path": "Dinkleberg/Dinkleberg_30.png",
      "label": "其他",
      "response_time": "00:00:09.910",
      "timestamp_unix": 1750140073,
      "timestamp_unix_ms": 1750140073561,
      "timestamp_readable": "2025-06-17 06:01:13.561",
      "normalized_name": "Dinkleberg/Dinkleberg",
      "meme_name": "Dinkleberg",
      "post_id": 30,
      "english_label": "others",
      "response_time_ms": 9910
    },
    {
      "image_path": "Obi-Wan-Kenobi/Obi-Wan-Kenobi_32.png",
      "label": "輕蔑",
      "response_time": "00:00:05.311",
      "timestamp_unix": 1750140079,
      "timestamp_unix_ms": 1750140079008,
      "timestamp_readable": "2025-06-17 06:01:19.008",
      "normalized_name": "Obi-Wan-Kenobi/Obi-Wan-Kenobi",
      "meme_name": "Obi-Wan-Kenobi",
      "post_id": 32,
      "english_label": "contempt",
      "response_time_ms": 5311
    },
    {
      "image_path": "Well-Yes-But-Actually-No/Well-Yes-But-Actually-No_13.png",
      "label": "輕蔑",
      "response_time": "00:00:18.709",
      "timestamp_unix": 1750140097,
      "timestamp_unix_ms": 1750140097771,
      "timestamp_readable": "2025-06-17 06:01:37.771",
      "normalized_name": "Well-Yes-But-Actually-No/Well-Yes-But-Actually-No",
      "meme_name": "Well-Yes-But-Actually-No",
      "post_id": 13,
      "english_label": "contempt",
      "response_time_ms": 18709
    },
    {
      "image_path": "Gru-Gun/Gru-Gun_2.png",
      "label": "輕蔑",
      "response_time": "00:00:06.512",
      "timestamp_unix": 1750140104,
      "timestamp_unix_ms": 1750140104384,
      "timestamp_readable": "2025-06-17 06:01:44.384",
      "normalized_name": "Gru-Gun/Gru-Gun",
      "meme_name": "Gru-Gun",
      "post_id": 2,
      "english_label": "contempt",
      "response_time_ms": 6512
    },
    {
      "image_path": "Scooby-doo-mask-reveal/Scooby-doo-mask-reveal_49.png",
      "label": "憤怒",
      "response_time": "00:00:04.614",
      "timestamp_unix": 1750140109,
      "timestamp_unix_ms": 1750140109052,
      "timestamp_readable": "2025-06-17 06:01:49.052",
      "normalized_name": "Scooby-doo-mask-reveal/Scooby-doo-mask-reveal",
      "meme_name": "Scooby-doo-mask-reveal",
      "post_id": 49,
      "english_label": "anger",
      "response_time_ms": 4614
    },
    {
      "image_path": "Always-Has-Been/Always-Has-Been_23.png",
      "label": "憤怒",
      "response_time": "00:00:04.213",
      "timestamp_unix": 1750140113,
      "timestamp_unix_ms": 1750140113400,
      "timestamp_readable": "2025-06-17 06:01:53.400",
      "normalized_name": "Always-Has-Been/Always-Has-Been",
      "meme_name": "Always-Has-Been",
      "post_id": 23,
      "english_label": "anger",
      "response_time_ms": 4213
    },
    {
      "image_path": "Futurama-Fry/Futurama-Fry_33.png",
      "label": "其他",
      "response_time": "00:00:04.507",
      "timestamp_unix": 1750140118,
      "timestamp_unix_ms": 1750140118016,
      "timestamp_readable": "2025-06-17 06:01:58.016",
      "normalized_name": "Futurama-Fry/Futurama-Fry",
      "meme_name": "Futurama-Fry",
      "post_id": 33,
      "english_label": "others",
      "response_time_ms": 4507
    },
    {
      "image_path": "Confused-Gandalf/Confused-Gandalf_45.png",
      "label": "輕蔑",
      "response_time": "00:00:08.512",
      "timestamp_unix": 1750140126,
      "timestamp_unix_ms": 1750140126598,
      "timestamp_readable": "2025-06-17 06:02:06.598",
      "normalized_name": "Confused-Gandalf/Confused-Gandalf",
      "meme_name": "Confused-Gandalf",
      "post_id": 45,
      "english_label": "contempt",
      "response_time_ms": 8512
    },
    {
      "image_path": "Spiderman-Hospital/Spiderman-Hospital_42.png",
      "label": "其他",
      "response_time": "00:00:08.211",
      "timestamp_unix": 1750140134,
      "timestamp_unix_ms": 1750140134913,
      "timestamp_readable": "2025-06-17 06:02:14.913",
      "normalized_name": "Spiderman-Hospital/Spiderman-Hospital",
      "meme_name": "Spiderman-Hospital",
      "post_id": 42,
      "english_label": "others",
      "response_time_ms": 8211
    },
    {
      "image_path": "Always-you-three/Always-you-three_40.png",
      "label": "憤怒",
      "response_time": "00:00:08.709",
      "timestamp_unix": 1750140143,
      "timestamp_unix_ms": 1750140143677,
      "timestamp_readable": "2025-06-17 06:02:23.677",
      "normalized_name": "Always-you-three/Always-you-three",
      "meme_name": "Always-you-three",
      "post_id": 40,
      "english_label": "anger",
      "response_time_ms": 8709
    },
    {
      "image_path": "Hold-fart/Hold-fart_48.png",
      "label": "輕蔑",
      "response_time": "00:00:07.909",
      "timestamp_unix": 1750140151,
      "timestamp_unix_ms": 1750140151675,
      "timestamp_readable": "2025-06-17 06:02:31.675",
      "normalized_name": "Hold-fart/Hold-fart",
      "meme_name": "Hold-fart",
      "post_id": 48,
      "english_label": "contempt",
      "response_time_ms": 7909
    },
    {
      "image_path": "Surprised-Pikachu/Surprised-Pikachu_46.png",
      "label": "其他",
      "response_time": "00:00:13.610",
      "timestamp_unix": 1750140165,
      "timestamp_unix_ms": 1750140165403,
      "timestamp_readable": "2025-06-17 06:02:45.403",
      "normalized_name": "Surprised-Pikachu/Surprised-Pikachu",
      "meme_name": "Surprised-Pikachu",
      "post_id": 46,
      "english_label": "others",
      "response_time_ms": 13610
    },
    {
      "image_path": "Put-It-Somewhere-Else-Patrick/Put-It-Somewhere-Else-Patrick_25.png",
      "label": "輕蔑",
      "response_time": "00:00:05.813",
      "timestamp_unix": 1750140171,
      "timestamp_unix_ms": 1750140171287,
      "timestamp_readable": "2025-06-17 06:02:51.287",
      "normalized_name": "Put-It-Somewhere-Else-Patrick/Put-It-Somewhere-Else-Patrick",
      "meme_name": "Put-It-Somewhere-Else-Patrick",
      "post_id": 25,
      "english_label": "contempt",
      "response_time_ms": 5813
    },
    {
      "image_path": "Nuclear-Explosion/Nuclear-Explosion_14.png",
      "label": "憤怒",
      "response_time": "00:00:03.213",
      "timestamp_unix": 1750140174,
      "timestamp_unix_ms": 1750140174603,
      "timestamp_readable": "2025-06-17 06:02:54.603",
      "normalized_name": "Nuclear-Explosion/Nuclear-Explosion",
      "meme_name": "Nuclear-Explosion",
      "post_id": 14,
      "english_label": "anger",
      "response_time_ms": 3213
    },
    {
      "image_path": "Leonardo-Dicaprio-Wolf-Of-Wall-Street/Leonardo-Dicaprio-Wolf-Of-Wall-Street_19.png",
      "label": "憤怒",
      "response_time": "00:00:05.312",
      "timestamp_unix": 1750140180,
      "timestamp_unix_ms": 1750140180002,
      "timestamp_readable": "2025-06-17 06:03:00.002",
      "normalized_name": "Leonardo-Dicaprio-Wolf-Of-Wall-Street/Leonardo-Dicaprio-Wolf-Of-Wall-Street",
      "meme_name": "Leonardo-Dicaprio-Wolf-Of-Wall-Street",
      "post_id": 19,
      "english_label": "anger",
      "response_time_ms": 5312
    },
    {
      "image_path": "Mocking-Spongebob/Mocking-Spongebob_17.png",
      "label": "厭惡",
      "response_time": "00:00:13.811",
      "timestamp_unix": 1750140193,
      "timestamp_unix_ms": 1750140193899,
      "timestamp_readable": "2025-06-17 06:03:13.899",
      "normalized_name": "Mocking-Spongebob/Mocking-Spongebob",
      "meme_name": "Mocking-Spongebob",
      "post_id": 17,
      "english_label": "disgust",
      "response_time_ms": 13811
    },
    {
      "image_path": "Happy--Shock/Happy--Shock_3.png",
      "label": "其他",
      "response_time": "00:00:05.811",
      "timestamp_unix": 1750140199,
      "timestamp_unix_ms": 1750140199831,
      "timestamp_readable": "2025-06-17 06:03:19.831",
      "normalized_name": "Happy--Shock/Happy--Shock",
      "meme_name": "Happy--Shock",
      "post_id": 3,
      "english_label": "others",
      "response_time_ms": 5811
    },
    {
      "image_path": "Drake-NoYes/Drake-NoYes_8.png",
      "label": "輕蔑",
      "response_time": "00:00:08.511",
      "timestamp_unix": 1750140208,
      "timestamp_unix_ms": 1750140208463,
      "timestamp_readable": "2025-06-17 06:03:28.463",
      "normalized_name": "Drake-NoYes/Drake-NoYes",
      "meme_name": "Drake-NoYes",
      "post_id": 8,
      "english_label": "contempt",
      "response_time_ms": 8511
    },
    {
      "image_path": "attention_check/attention_check_Disgust.png",
      "label": "厭惡",
      "response_time": "00:00:03.610",
      "timestamp_unix": 1750140212,
      "timestamp_unix_ms": 1750140212161,
      "timestamp_readable": "2025-06-17 06:03:32.161",
      "normalized_name": "attention_check/attention_check_Disgust.png",
      "meme_name": "attention_check",
      "post_id": null,
      "english_label": "disgust",
      "response_time_ms": 3610
    },
    {
      "image_path": "Math-ladyConfused-lady/Math-ladyConfused-lady_47.png",
      "label": "輕蔑",
      "response_time": "00:00:06.612",
      "timestamp_unix": 1750140218,
      "timestamp_unix_ms": 1750140218828,
      "timestamp_readable": "2025-06-17 06:03:38.828",
      "normalized_name": "Math-ladyConfused-lady/Math-ladyConfused-lady",
      "meme_name": "Math-ladyConfused-lady",
      "post_id": 47,
      "english_label": "contempt",
      "response_time_ms": 6612
    },
    {
      "image_path": "Angry-Baby/Angry-Baby_44.png",
      "label": "憤怒",
      "response_time": "00:00:04.209",
      "timestamp_unix": 1750140223,
      "timestamp_unix_ms": 1750140223123,
      "timestamp_readable": "2025-06-17 06:03:43.123",
      "normalized_name": "Angry-Baby/Angry-Baby",
      "meme_name": "Angry-Baby",
      "post_id": 44,
      "english_label": "anger",
      "response_time_ms": 4209
    },
    {
      "image_path": "Chill-guy/Chill-guy_36.png",
      "label": "其他",
      "response_time": "00:00:08.911",
      "timestamp_unix": 1750140232,
      "timestamp_unix_ms": 1750140232107,
      "timestamp_readable": "2025-06-17 06:03:52.107",
      "normalized_name": "Chill-guy/Chill-guy",
      "meme_name": "Chill-guy",
      "post_id": 36,
      "english_label": "others",
      "response_time_ms": 8911
    },
    {
      "image_path": "Kevin-Hart/Kevin-Hart_7.png",
      "label": "憤怒",
      "response_time": "00:00:03.710",
      "timestamp_unix": 1750140235,
      "timestamp_unix_ms": 1750140235889,
      "timestamp_readable": "2025-06-17 06:03:55.889",
      "normalized_name": "Kevin-Hart/Kevin-Hart",
      "meme_name": "Kevin-Hart",
      "post_id": 7,
      "english_label": "anger",
      "response_time_ms": 3710
    }
  ],
  "session_start_unix": 1750139786,
  "session_status": "completed",
  "last_updated_unix": 1750140253,
  "image_order": [
    "Spiderman-Hospital/Spiderman-Hospital_42.png",
    "Happy--Shock/Happy--Shock_3.png",
    "Chill-guy/Chill-guy_36.png",
    "I-am-once-again-asking/I-am-once-again-asking_20.png",
    "Math-ladyConfused-lady/Math-ladyConfused-lady_47.png",
    "Archer/Archer_6.png",
    "Leonardo-Dicaprio-Wolf-Of-Wall-Street/Leonardo-Dicaprio-Wolf-Of-Wall-Street_19.png",
    "Mocking-Spongebob/Mocking-Spongebob_17.png",
    "Afraid-To-Ask-Andy/Afraid-To-Ask-Andy_24.png",
    "Charlie-Day/Charlie-Day_4.png",
    "Always-Has-Been/Always-Has-Been_23.png",
    "Picard-Wtf/Picard-Wtf_9.png",
    "Batman-Slapping-Robin/Batman-Slapping-Robin_41.png",
    "For-the-better-right-blank/For-the-better-right-blank_43.png",
    "Drake-NoYes/Drake-NoYes_8.png",
    "Laughing-wolf/Laughing-wolf_5.png",
    "DJ-Pauly-D/DJ-Pauly-D_29.png",
    "Always-you-three/Always-you-three_40.png",
    "Disappointed-Man/Disappointed-Man_16.png",
    "Smudge-the-cat/Smudge-the-cat_21.png",
    "Thats-a-paddlin/Thats-a-paddlin_26.png",
    "attention_check/attention_check_Contempt.png",
    "Hide-the-Pain-Harold/Hide-the-Pain-Harold_27.png",
    "Hold-fart/Hold-fart_48.png",
    "Im-The-Captain-Now/Im-The-Captain-Now_28.png",
    "Obi-Wan-Kenobi/Obi-Wan-Kenobi_32.png",
    "Spongebob-Yelling/Spongebob-Yelling_50.png",
    "Nuclear-Explosion/Nuclear-Explosion_14.png",
    "Dinkleberg/Dinkleberg_30.png",
    "Scooby-doo-mask-reveal/Scooby-doo-mask-reveal_49.png",
    "Disaster-Girl/Disaster-Girl_35.png",
    "Black-guy-hiding-behind-tree/Black-guy-hiding-behind-tree_18.png",
    "You-The-Real-MVP/You-The-Real-MVP_15.png",
    "Moe-throws-Barney/Moe-throws-Barney_37.png",
    "Ill-Have-You-Know-Spongebob/Ill-Have-You-Know-Spongebob_11.png",
    "Futurama-Fry/Futurama-Fry_33.png",
    "Monkey-Puppet/Monkey-Puppet_34.png",
    "Confused-Gandalf/Confused-Gandalf_45.png",
    "Mr-incredible-mad/Mr-incredible-mad_31.png",
    "Dave-chappelle/Dave-chappelle_22.png",
    "Surprised-Pikachu/Surprised-Pikachu_46.png",
    "Table-Flip-Guy/Table-Flip-Guy_1.png",
    "Kevin-Hart/Kevin-Hart_7.png",
    "Well-Yes-But-Actually-No/Well-Yes-But-Actually-No_13.png",
    "Mr-McMahon-reaction/Mr-McMahon-reaction_12.png",
    "Gru-Gun/Gru-Gun_2.png",
    "Persian-Cat-Room-Guardian/Persian-Cat-Room-Guardian_39.png",
    "attention_check/attention_check_Disgust.png",
    "Put-It-Somewhere-Else-Patrick/Put-It-Somewhere-Else-Patrick_25.png",
    "Angry-Baby/Angry-Baby_44.png",
    "Arthur-Fist/Arthur-Fist_10.png",
    "Khan/Khan_38.png"
  ],
  "completion_status": {
    "practice_completed": true,
    "game_started": true,
    "game_completed": true,
    "summary_viewed": true,
    "email_submitted": true
  },
  "timestamps_unix": {
    "registration_completed": 1750139786,
    "practice_started": 1750139786,
    "practice_completed": 1750139858,
    "game_started": 1750139859,
    "first_label": 1750139865,
    "last_label": 1750140235,
    "game_completed": 1750140237,
    "summary_viewed": 1750140237,
    "email_submitted": 1750140253,
    "session_end": 1750140253,
    "last_updated": 1750140253
  },
  "timestamps_unix_ms": {
    "registration_completed_ms": 1750139786753,
    "practice_started_ms": 1750139786796,
    "practice_completed_ms": 1750139858993,
    "game_started_ms": 1750139859012,
    "first_label_ms": 1750139865991,
    "last_label_ms": 1750140235889,
    "game_completed_ms": 1750140237364,
    "summary_viewed_ms": 1750140237382,
    "email_submitted_ms": 1750140253299,
    "session_end_ms": 1750140253299,
    "last_updated_ms": 1750140253299
  },
  "duration_stats_ms": {
    "total_session_duration_ms": 466546,
    "practice_duration_ms": 72197,
    "game_duration_ms": 378352,
    "labeling_duration_ms": 369898,
    "email_submission_duration_ms": 15917
  },
  "filename_updated_unix": 1750140237,
  "original_filename": "user_24aa18",
  "completion_status_in_filename": "email_submitted"
}