{
  "user_id": "user_6466d6",
  "file_name": "user_6466d6_1749706748_1749706837_fullycomplete",
  "unix_start_time": 1749706748,
  "unix_start_time_ms": 1749706748402,
  "unix_end_time": 1749706837,
  "unix_end_time_ms": 1749706837987,
  "age": "18-24",
  "gender": "female",
  "user_agent": "Mozilla/5.0 (Windows NT 10.0; Win64; x64; rv:139.0) Gecko/20100101 Firefox/139.0",
  "user_ip": "1.34.91.151",
  "status": "complete",
  "email_provided": "complete",
  "attention_passed": true,
  "start_time_readable": "2025-06-12 05:39:08.402",
  "end_time_readable": "2025-06-12 05:40:37.987",
  "total_labels": 52,
  "emotion_summary": {
    "anger": 13,
    "contempt": 17,
    "disgust": 11,
    "others": 11
  },
  "email": "zhaolingjie255@gmail.com",
  "participation": "yes",
  "total_responses": 52,
  "responses": [
    {
      "image_path": "Scooby-doo-mask-reveal/Scooby-doo-mask-reveal_49.png",
      "label": "輕蔑",
      "response_time": "00:00:01.628",
      "timestamp_unix": 1749706757,
      "timestamp_unix_ms": 1749706757868,
      "timestamp_readable": "2025-06-12 05:39:17.868",
      "normalized_name": "Scooby-doo-mask-reveal/Scooby-doo-mask-reveal",
      "meme_name": "Scooby-doo-mask-reveal",
      "post_id": 49,
      "english_label": "contempt",
      "response_time_ms": 1628
    },
    {
      "image_path": "Leonardo-Dicaprio-Wolf-Of-Wall-Street/Leonardo-Dicaprio-Wolf-Of-Wall-Street_44.png",
      "label": "憤怒",
      "response_time": "00:00:00.542",
      "timestamp_unix": 1749706758,
      "timestamp_unix_ms": 1749706758468,
      "timestamp_readable": "2025-06-12 05:39:18.468",
      "normalized_name": "Leonardo-Dicaprio-Wolf-Of-Wall-Street/Leonardo-Dicaprio-Wolf-Of-Wall-Street",
      "meme_name": "Leonardo-Dicaprio-Wolf-Of-Wall-Street",
      "post_id": 44,
      "english_label": "anger",
      "response_time_ms": 542
    },
    {
      "image_path": "Laughing-wolf/Laughing-wolf_31.png",
      "label": "其他",
      "response_time": "00:00:00.436",
      "timestamp_unix": 1749706758,
      "timestamp_unix_ms": 1749706758987,
      "timestamp_readable": "2025-06-12 05:39:18.987",
      "normalized_name": "Laughing-wolf/Laughing-wolf",
      "meme_name": "Laughing-wolf",
      "post_id": 31,
      "english_label": "others",
      "response_time_ms": 436
    },
    {
      "image_path": "I-am-once-again-asking/I-am-once-again-asking_30.png",
      "label": "厭惡",
      "response_time": "00:00:00.319",
      "timestamp_unix": 1749706759,
      "timestamp_unix_ms": 1749706759428,
      "timestamp_readable": "2025-06-12 05:39:19.428",
      "normalized_name": "I-am-once-again-asking/I-am-once-again-asking",
      "meme_name": "I-am-once-again-asking",
      "post_id": 30,
      "english_label": "disgust",
      "response_time_ms": 319
    },
    {
      "image_path": "Math-ladyConfused-lady/Math-ladyConfused-lady_13.png",
      "label": "憤怒",
      "response_time": "00:00:00.541",
      "timestamp_unix": 1749706760,
      "timestamp_unix_ms": 1749706760019,
      "timestamp_readable": "2025-06-12 05:39:20.019",
      "normalized_name": "Math-ladyConfused-lady/Math-ladyConfused-lady",
      "meme_name": "Math-ladyConfused-lady",
      "post_id": 13,
      "english_label": "anger",
      "response_time_ms": 541
    },
    {
      "image_path": "Futurama-Fry/Futurama-Fry_21.png",
      "label": "輕蔑",
      "response_time": "00:00:00.643",
      "timestamp_unix": 1749706760,
      "timestamp_unix_ms": 1749706760755,
      "timestamp_readable": "2025-06-12 05:39:20.755",
      "normalized_name": "Futurama-Fry/Futurama-Fry",
      "meme_name": "Futurama-Fry",
      "post_id": 21,
      "english_label": "contempt",
      "response_time_ms": 643
    },
    {
      "image_path": "Dave-chappelle/Dave-chappelle_27.png",
      "label": "其他",
      "response_time": "00:00:00.648",
      "timestamp_unix": 1749706761,
      "timestamp_unix_ms": 1749706761430,
      "timestamp_readable": "2025-06-12 05:39:21.430",
      "normalized_name": "Dave-chappelle/Dave-chappelle",
      "meme_name": "Dave-chappelle",
      "post_id": 27,
      "english_label": "others",
      "response_time_ms": 648
    },
    {
      "image_path": "Confused-Gandalf/Confused-Gandalf_18.png",
      "label": "厭惡",
      "response_time": "00:00:00.541",
      "timestamp_unix": 1749706762,
      "timestamp_unix_ms": 1749706762044,
      "timestamp_readable": "2025-06-12 05:39:22.044",
      "normalized_name": "Confused-Gandalf/Confused-Gandalf",
      "meme_name": "Confused-Gandalf",
      "post_id": 18,
      "english_label": "disgust",
      "response_time_ms": 541
    },
    {
      "image_path": "Smudge-the-cat/Smudge-the-cat_35.png",
      "label": "憤怒",
      "response_time": "00:00:00.667",
      "timestamp_unix": 1749706762,
      "timestamp_unix_ms": 1749706762772,
      "timestamp_readable": "2025-06-12 05:39:22.772",
      "normalized_name": "Smudge-the-cat/Smudge-the-cat",
      "meme_name": "Smudge-the-cat",
      "post_id": 35,
      "english_label": "anger",
      "response_time_ms": 667
    },
    {
      "image_path": "Always-Has-Been/Always-Has-Been_5.png",
      "label": "輕蔑",
      "response_time": "00:00:00.435",
      "timestamp_unix": 1749706763,
      "timestamp_unix_ms": 1749706763332,
      "timestamp_readable": "2025-06-12 05:39:23.332",
      "normalized_name": "Always-Has-Been/Always-Has-Been",
      "meme_name": "Always-Has-Been",
      "post_id": 5,
      "english_label": "contempt",
      "response_time_ms": 435
    },
    {
      "image_path": "Archer/Archer_2.png",
      "label": "厭惡",
      "response_time": "00:00:00.657",
      "timestamp_unix": 1749706764,
      "timestamp_unix_ms": 1749706764084,
      "timestamp_readable": "2025-06-12 05:39:24.084",
      "normalized_name": "Archer/Archer",
      "meme_name": "Archer",
      "post_id": 2,
      "english_label": "disgust",
      "response_time_ms": 657
    },
    {
      "image_path": "Gru-Gun/Gru-Gun_20.png",
      "label": "其他",
      "response_time": "00:00:00.450",
      "timestamp_unix": 1749706764,
      "timestamp_unix_ms": 1749706764628,
      "timestamp_readable": "2025-06-12 05:39:24.628",
      "normalized_name": "Gru-Gun/Gru-Gun",
      "meme_name": "Gru-Gun",
      "post_id": 20,
      "english_label": "others",
      "response_time_ms": 450
    },
    {
      "image_path": "Ill-Have-You-Know-Spongebob/Ill-Have-You-Know-Spongebob_29.png",
      "label": "憤怒",
      "response_time": "00:00:00.643",
      "timestamp_unix": 1749706765,
      "timestamp_unix_ms": 1749706765364,
      "timestamp_readable": "2025-06-12 05:39:25.364",
      "normalized_name": "Ill-Have-You-Know-Spongebob/Ill-Have-You-Know-Spongebob",
      "meme_name": "Ill-Have-You-Know-Spongebob",
      "post_id": 29,
      "english_label": "anger",
      "response_time_ms": 643
    },
    {
      "image_path": "Persian-Cat-Room-Guardian/Persian-Cat-Room-Guardian_17.png",
      "label": "輕蔑",
      "response_time": "00:00:00.432",
      "timestamp_unix": 1749706765,
      "timestamp_unix_ms": 1749706765916,
      "timestamp_readable": "2025-06-12 05:39:25.916",
      "normalized_name": "Persian-Cat-Room-Guardian/Persian-Cat-Room-Guardian",
      "meme_name": "Persian-Cat-Room-Guardian",
      "post_id": 17,
      "english_label": "contempt",
      "response_time_ms": 432
    },
    {
      "image_path": "Hide-the-Pain-Harold/Hide-the-Pain-Harold_14.png",
      "label": "厭惡",
      "response_time": "00:00:00.652",
      "timestamp_unix": 1749706766,
      "timestamp_unix_ms": 1749706766653,
      "timestamp_readable": "2025-06-12 05:39:26.653",
      "normalized_name": "Hide-the-Pain-Harold/Hide-the-Pain-Harold",
      "meme_name": "Hide-the-Pain-Harold",
      "post_id": 14,
      "english_label": "disgust",
      "response_time_ms": 652
    },
    {
      "image_path": "Kevin-Hart/Kevin-Hart_16.png",
      "label": "其他",
      "response_time": "00:00:00.530",
      "timestamp_unix": 1749706767,
      "timestamp_unix_ms": 1749706767228,
      "timestamp_readable": "2025-06-12 05:39:27.228",
      "normalized_name": "Kevin-Hart/Kevin-Hart",
      "meme_name": "Kevin-Hart",
      "post_id": 16,
      "english_label": "others",
      "response_time_ms": 530
    },
    {
      "image_path": "Table-Flip-Guy/Table-Flip-Guy_43.png",
      "label": "憤怒",
      "response_time": "00:00:00.754",
      "timestamp_unix": 1749706768,
      "timestamp_unix_ms": 1749706768044,
      "timestamp_readable": "2025-06-12 05:39:28.044",
      "normalized_name": "Table-Flip-Guy/Table-Flip-Guy",
      "meme_name": "Table-Flip-Guy",
      "post_id": 43,
      "english_label": "anger",
      "response_time_ms": 754
    },
    {
      "image_path": "Always-you-three/Always-you-three_42.png",
      "label": "輕蔑",
      "response_time": "00:00:00.539",
      "timestamp_unix": 1749706768,
      "timestamp_unix_ms": 1749706768685,
      "timestamp_readable": "2025-06-12 05:39:28.685",
      "normalized_name": "Always-you-three/Always-you-three",
      "meme_name": "Always-you-three",
      "post_id": 42,
      "english_label": "contempt",
      "response_time_ms": 539
    },
    {
      "image_path": "Arthur-Fist/Arthur-Fist_15.png",
      "label": "厭惡",
      "response_time": "00:00:00.763",
      "timestamp_unix": 1749706769,
      "timestamp_unix_ms": 1749706769556,
      "timestamp_readable": "2025-06-12 05:39:29.556",
      "normalized_name": "Arthur-Fist/Arthur-Fist",
      "meme_name": "Arthur-Fist",
      "post_id": 15,
      "english_label": "disgust",
      "response_time_ms": 763
    },
    {
      "image_path": "Black-guy-hiding-behind-tree/Black-guy-hiding-behind-tree_25.png",
      "label": "憤怒",
      "response_time": "00:00:00.860",
      "timestamp_unix": 1749706770,
      "timestamp_unix_ms": 1749706770500,
      "timestamp_readable": "2025-06-12 05:39:30.500",
      "normalized_name": "Black-guy-hiding-behind-tree/Black-guy-hiding-behind-tree",
      "meme_name": "Black-guy-hiding-behind-tree",
      "post_id": 25,
      "english_label": "anger",
      "response_time_ms": 860
    },
    {
      "image_path": "Spongebob-Yelling/Spongebob-Yelling_32.png",
      "label": "其他",
      "response_time": "00:00:00.765",
      "timestamp_unix": 1749706771,
      "timestamp_unix_ms": 1749706771356,
      "timestamp_readable": "2025-06-12 05:39:31.356",
      "normalized_name": "Spongebob-Yelling/Spongebob-Yelling",
      "meme_name": "Spongebob-Yelling",
      "post_id": 32,
      "english_label": "others",
      "response_time_ms": 765
    },
    {
      "image_path": "Disaster-Girl/Disaster-Girl_28.png",
      "label": "輕蔑",
      "response_time": "00:00:00.651",
      "timestamp_unix": 1749706772,
      "timestamp_unix_ms": 1749706772101,
      "timestamp_readable": "2025-06-12 05:39:32.101",
      "normalized_name": "Disaster-Girl/Disaster-Girl",
      "meme_name": "Disaster-Girl",
      "post_id": 28,
      "english_label": "contempt",
      "response_time_ms": 651
    },
    {
      "image_path": "Happy--Shock/Happy--Shock_39.png",
      "label": "輕蔑",
      "response_time": "00:00:00.754",
      "timestamp_unix": 1749706772,
      "timestamp_unix_ms": 1749706772940,
      "timestamp_readable": "2025-06-12 05:39:32.940",
      "normalized_name": "Happy--Shock/Happy--Shock",
      "meme_name": "Happy--Shock",
      "post_id": 39,
      "english_label": "contempt",
      "response_time_ms": 754
    },
    {
      "image_path": "attention_check/attention_check_Contempt.png",
      "label": "輕蔑",
      "response_time": "00:00:03.872",
      "timestamp_unix": 1749706776,
      "timestamp_unix_ms": 1749706776885,
      "timestamp_readable": "2025-06-12 05:39:36.885",
      "normalized_name": "attention_check/attention_check_Contempt.png",
      "meme_name": "attention_check",
      "post_id": null,
      "english_label": "contempt",
      "response_time_ms": 3872
    },
    {
      "image_path": "Hold-fart/Hold-fart_1.png",
      "label": "輕蔑",
      "response_time": "00:00:00.974",
      "timestamp_unix": 1749706777,
      "timestamp_unix_ms": 1749706777948,
      "timestamp_readable": "2025-06-12 05:39:37.948",
      "normalized_name": "Hold-fart/Hold-fart",
      "meme_name": "Hold-fart",
      "post_id": 1,
      "english_label": "contempt",
      "response_time_ms": 974
    },
    {
      "image_path": "Charlie-Day/Charlie-Day_10.png",
      "label": "輕蔑",
      "response_time": "00:00:00.652",
      "timestamp_unix": 1749706778,
      "timestamp_unix_ms": 1749706778668,
      "timestamp_readable": "2025-06-12 05:39:38.668",
      "normalized_name": "Charlie-Day/Charlie-Day",
      "meme_name": "Charlie-Day",
      "post_id": 10,
      "english_label": "contempt",
      "response_time_ms": 652
    },
    {
      "image_path": "Disappointed-Man/Disappointed-Man_26.png",
      "label": "厭惡",
      "response_time": "00:00:00.550",
      "timestamp_unix": 1749706779,
      "timestamp_unix_ms": 1749706779292,
      "timestamp_readable": "2025-06-12 05:39:39.292",
      "normalized_name": "Disappointed-Man/Disappointed-Man",
      "meme_name": "Disappointed-Man",
      "post_id": 26,
      "english_label": "disgust",
      "response_time_ms": 550
    },
    {
      "image_path": "Mr-incredible-mad/Mr-incredible-mad_48.png",
      "label": "其他",
      "response_time": "00:00:00.539",
      "timestamp_unix": 1749706779,
      "timestamp_unix_ms": 1749706779924,
      "timestamp_readable": "2025-06-12 05:39:39.924",
      "normalized_name": "Mr-incredible-mad/Mr-incredible-mad",
      "meme_name": "Mr-incredible-mad",
      "post_id": 48,
      "english_label": "others",
      "response_time_ms": 539
    },
    {
      "image_path": "Mr-McMahon-reaction/Mr-McMahon-reaction_41.png",
      "label": "憤怒",
      "response_time": "00:00:00.645",
      "timestamp_unix": 1749706780,
      "timestamp_unix_ms": 1749706780604,
      "timestamp_readable": "2025-06-12 05:39:40.604",
      "normalized_name": "Mr-McMahon-reaction/Mr-McMahon-reaction",
      "meme_name": "Mr-McMahon-reaction",
      "post_id": 41,
      "english_label": "anger",
      "response_time_ms": 645
    },
    {
      "image_path": "For-the-better-right-blank/For-the-better-right-blank_7.png",
      "label": "憤怒",
      "response_time": "00:00:00.749",
      "timestamp_unix": 1749706781,
      "timestamp_unix_ms": 1749706781428,
      "timestamp_readable": "2025-06-12 05:39:41.428",
      "normalized_name": "For-the-better-right-blank/For-the-better-right-blank",
      "meme_name": "For-the-better-right-blank",
      "post_id": 7,
      "english_label": "anger",
      "response_time_ms": 749
    },
    {
      "image_path": "Afraid-To-Ask-Andy/Afraid-To-Ask-Andy_11.png",
      "label": "其他",
      "response_time": "00:00:00.650",
      "timestamp_unix": 1749706782,
      "timestamp_unix_ms": 1749706782117,
      "timestamp_readable": "2025-06-12 05:39:42.117",
      "normalized_name": "Afraid-To-Ask-Andy/Afraid-To-Ask-Andy",
      "meme_name": "Afraid-To-Ask-Andy",
      "post_id": 11,
      "english_label": "others",
      "response_time_ms": 650
    },
    {
      "image_path": "Surprised-Pikachu/Surprised-Pikachu_3.png",
      "label": "厭惡",
      "response_time": "00:00:00.531",
      "timestamp_unix": 1749706782,
      "timestamp_unix_ms": 1749706782679,
      "timestamp_readable": "2025-06-12 05:39:42.679",
      "normalized_name": "Surprised-Pikachu/Surprised-Pikachu",
      "meme_name": "Surprised-Pikachu",
      "post_id": 3,
      "english_label": "disgust",
      "response_time_ms": 531
    },
    {
      "image_path": "Dinkleberg/Dinkleberg_34.png",
      "label": "輕蔑",
      "response_time": "00:00:00.648",
      "timestamp_unix": 1749706783,
      "timestamp_unix_ms": 1749706783404,
      "timestamp_readable": "2025-06-12 05:39:43.404",
      "normalized_name": "Dinkleberg/Dinkleberg",
      "meme_name": "Dinkleberg",
      "post_id": 34,
      "english_label": "contempt",
      "response_time_ms": 648
    },
    {
      "image_path": "Spiderman-Hospital/Spiderman-Hospital_40.png",
      "label": "憤怒",
      "response_time": "00:00:00.750",
      "timestamp_unix": 1749706784,
      "timestamp_unix_ms": 1749706784220,
      "timestamp_readable": "2025-06-12 05:39:44.220",
      "normalized_name": "Spiderman-Hospital/Spiderman-Hospital",
      "meme_name": "Spiderman-Hospital",
      "post_id": 40,
      "english_label": "anger",
      "response_time_ms": 750
    },
    {
      "image_path": "Picard-Wtf/Picard-Wtf_12.png",
      "label": "其他",
      "response_time": "00:00:00.749",
      "timestamp_unix": 1749706785,
      "timestamp_unix_ms": 1749706785036,
      "timestamp_readable": "2025-06-12 05:39:45.036",
      "normalized_name": "Picard-Wtf/Picard-Wtf",
      "meme_name": "Picard-Wtf",
      "post_id": 12,
      "english_label": "others",
      "response_time_ms": 749
    },
    {
      "image_path": "Put-It-Somewhere-Else-Patrick/Put-It-Somewhere-Else-Patrick_47.png",
      "label": "厭惡",
      "response_time": "00:00:00.645",
      "timestamp_unix": 1749706785,
      "timestamp_unix_ms": 1749706785796,
      "timestamp_readable": "2025-06-12 05:39:45.796",
      "normalized_name": "Put-It-Somewhere-Else-Patrick/Put-It-Somewhere-Else-Patrick",
      "meme_name": "Put-It-Somewhere-Else-Patrick",
      "post_id": 47,
      "english_label": "disgust",
      "response_time_ms": 645
    },
    {
      "image_path": "Well-Yes-But-Actually-No/Well-Yes-But-Actually-No_46.png",
      "label": "輕蔑",
      "response_time": "00:00:00.855",
      "timestamp_unix": 1749706786,
      "timestamp_unix_ms": 1749706786741,
      "timestamp_readable": "2025-06-12 05:39:46.741",
      "normalized_name": "Well-Yes-But-Actually-No/Well-Yes-But-Actually-No",
      "meme_name": "Well-Yes-But-Actually-No",
      "post_id": 46,
      "english_label": "contempt",
      "response_time_ms": 855
    },
    {
      "image_path": "You-The-Real-MVP/You-The-Real-MVP_38.png",
      "label": "憤怒",
      "response_time": "00:00:00.754",
      "timestamp_unix": 1749706787,
      "timestamp_unix_ms": 1749706787581,
      "timestamp_readable": "2025-06-12 05:39:47.581",
      "normalized_name": "You-The-Real-MVP/You-The-Real-MVP",
      "meme_name": "You-The-Real-MVP",
      "post_id": 38,
      "english_label": "anger",
      "response_time_ms": 754
    },
    {
      "image_path": "Monkey-Puppet/Monkey-Puppet_4.png",
      "label": "其他",
      "response_time": "00:00:00.971",
      "timestamp_unix": 1749706788,
      "timestamp_unix_ms": 1749706788588,
      "timestamp_readable": "2025-06-12 05:39:48.588",
      "normalized_name": "Monkey-Puppet/Monkey-Puppet",
      "meme_name": "Monkey-Puppet",
      "post_id": 4,
      "english_label": "others",
      "response_time_ms": 971
    },
    {
      "image_path": "Im-The-Captain-Now/Im-The-Captain-Now_37.png",
      "label": "厭惡",
      "response_time": "00:00:00.747",
      "timestamp_unix": 1749706789,
      "timestamp_unix_ms": 1749706789445,
      "timestamp_readable": "2025-06-12 05:39:49.445",
      "normalized_name": "Im-The-Captain-Now/Im-The-Captain-Now",
      "meme_name": "Im-The-Captain-Now",
      "post_id": 37,
      "english_label": "disgust",
      "response_time_ms": 747
    },
    {
      "image_path": "Khan/Khan_19.png",
      "label": "輕蔑",
      "response_time": "00:00:00.755",
      "timestamp_unix": 1749706790,
      "timestamp_unix_ms": 1749706790229,
      "timestamp_readable": "2025-06-12 05:39:50.229",
      "normalized_name": "Khan/Khan",
      "meme_name": "Khan",
      "post_id": 19,
      "english_label": "contempt",
      "response_time_ms": 755
    },
    {
      "image_path": "Mocking-Spongebob/Mocking-Spongebob_6.png",
      "label": "憤怒",
      "response_time": "00:00:00.866",
      "timestamp_unix": 1749706791,
      "timestamp_unix_ms": 1749706791140,
      "timestamp_readable": "2025-06-12 05:39:51.140",
      "normalized_name": "Mocking-Spongebob/Mocking-Spongebob",
      "meme_name": "Mocking-Spongebob",
      "post_id": 6,
      "english_label": "anger",
      "response_time_ms": 866
    },
    {
      "image_path": "Drake-NoYes/Drake-NoYes_36.png",
      "label": "輕蔑",
      "response_time": "00:00:01.186",
      "timestamp_unix": 1749706792,
      "timestamp_unix_ms": 1749706792356,
      "timestamp_readable": "2025-06-12 05:39:52.356",
      "normalized_name": "Drake-NoYes/Drake-NoYes",
      "meme_name": "Drake-NoYes",
      "post_id": 36,
      "english_label": "contempt",
      "response_time_ms": 1186
    },
    {
      "image_path": "Angry-Baby/Angry-Baby_33.png",
      "label": "輕蔑",
      "response_time": "00:00:00.860",
      "timestamp_unix": 1749706793,
      "timestamp_unix_ms": 1749706793269,
      "timestamp_readable": "2025-06-12 05:39:53.269",
      "normalized_name": "Angry-Baby/Angry-Baby",
      "meme_name": "Angry-Baby",
      "post_id": 33,
      "english_label": "contempt",
      "response_time_ms": 860
    },
    {
      "image_path": "Obi-Wan-Kenobi/Obi-Wan-Kenobi_8.png",
      "label": "輕蔑",
      "response_time": "00:00:01.074",
      "timestamp_unix": 1749706794,
      "timestamp_unix_ms": 1749706794396,
      "timestamp_readable": "2025-06-12 05:39:54.396",
      "normalized_name": "Obi-Wan-Kenobi/Obi-Wan-Kenobi",
      "meme_name": "Obi-Wan-Kenobi",
      "post_id": 8,
      "english_label": "contempt",
      "response_time_ms": 1074
    },
    {
      "image_path": "attention_check/attention_check_Anger.png",
      "label": "憤怒",
      "response_time": "00:00:01.625",
      "timestamp_unix": 1749706796,
      "timestamp_unix_ms": 1749706796132,
      "timestamp_readable": "2025-06-12 05:39:56.132",
      "normalized_name": "attention_check/attention_check_Anger.png",
      "meme_name": "attention_check",
      "post_id": null,
      "english_label": "anger",
      "response_time_ms": 1625
    },
    {
      "image_path": "Chill-guy/Chill-guy_24.png",
      "label": "其他",
      "response_time": "00:00:00.964",
      "timestamp_unix": 1749706797,
      "timestamp_unix_ms": 1749706797124,
      "timestamp_readable": "2025-06-12 05:39:57.124",
      "normalized_name": "Chill-guy/Chill-guy",
      "meme_name": "Chill-guy",
      "post_id": 24,
      "english_label": "others",
      "response_time_ms": 964
    },
    {
      "image_path": "Thats-a-paddlin/Thats-a-paddlin_23.png",
      "label": "厭惡",
      "response_time": "00:00:01.184",
      "timestamp_unix": 1749706798,
      "timestamp_unix_ms": 1749706798420,
      "timestamp_readable": "2025-06-12 05:39:58.420",
      "normalized_name": "Thats-a-paddlin/Thats-a-paddlin",
      "meme_name": "Thats-a-paddlin",
      "post_id": 23,
      "english_label": "disgust",
      "response_time_ms": 1184
    },
    {
      "image_path": "Nuclear-Explosion/Nuclear-Explosion_45.png",
      "label": "其他",
      "response_time": "00:00:00.861",
      "timestamp_unix": 1749706799,
      "timestamp_unix_ms": 1749706799396,
      "timestamp_readable": "2025-06-12 05:39:59.396",
      "normalized_name": "Nuclear-Explosion/Nuclear-Explosion",
      "meme_name": "Nuclear-Explosion",
      "post_id": 45,
      "english_label": "others",
      "response_time_ms": 861
    },
    {
      "image_path": "DJ-Pauly-D/DJ-Pauly-D_22.png",
      "label": "憤怒",
      "response_time": "00:00:00.859",
      "timestamp_unix": 1749706800,
      "timestamp_unix_ms": 1749706800286,
      "timestamp_readable": "2025-06-12 05:40:00.286",
      "normalized_name": "DJ-Pauly-D/DJ-Pauly-D",
      "meme_name": "DJ-Pauly-D",
      "post_id": 22,
      "english_label": "anger",
      "response_time_ms": 859
    },
    {
      "image_path": "Moe-throws-Barney/Moe-throws-Barney_9.png",
      "label": "輕蔑",
      "response_time": "00:00:00.864",
      "timestamp_unix": 1749706801,
      "timestamp_unix_ms": 1749706801180,
      "timestamp_readable": "2025-06-12 05:40:01.180",
      "normalized_name": "Moe-throws-Barney/Moe-throws-Barney",
      "meme_name": "Moe-throws-Barney",
      "post_id": 9,
      "english_label": "contempt",
      "response_time_ms": 864
    },
    {
      "image_path": "Batman-Slapping-Robin/Batman-Slapping-Robin_50.png",
      "label": "厭惡",
      "response_time": "00:00:00.865",
      "timestamp_unix": 1749706802,
      "timestamp_unix_ms": 1749706802100,
      "timestamp_readable": "2025-06-12 05:40:02.100",
      "normalized_name": "Batman-Slapping-Robin/Batman-Slapping-Robin",
      "meme_name": "Batman-Slapping-Robin",
      "post_id": 50,
      "english_label": "disgust",
      "response_time_ms": 865
    }
  ],
  "session_start_unix": 1749706748,
  "session_status": "completed",
  "last_updated_unix": 1749706837,
  "image_order": [
    "Spiderman-Hospital/Spiderman-Hospital_40.png",
    "Happy--Shock/Happy--Shock_39.png",
    "Chill-guy/Chill-guy_24.png",
    "I-am-once-again-asking/I-am-once-again-asking_30.png",
    "Math-ladyConfused-lady/Math-ladyConfused-lady_13.png",
    "Archer/Archer_2.png",
    "Leonardo-Dicaprio-Wolf-Of-Wall-Street/Leonardo-Dicaprio-Wolf-Of-Wall-Street_44.png",
    "Mocking-Spongebob/Mocking-Spongebob_6.png",
    "Afraid-To-Ask-Andy/Afraid-To-Ask-Andy_11.png",
    "Charlie-Day/Charlie-Day_10.png",
    "Always-Has-Been/Always-Has-Been_5.png",
    "Picard-Wtf/Picard-Wtf_12.png",
    "Batman-Slapping-Robin/Batman-Slapping-Robin_50.png",
    "For-the-better-right-blank/For-the-better-right-blank_7.png",
    "Drake-NoYes/Drake-NoYes_36.png",
    "Laughing-wolf/Laughing-wolf_31.png",
    "DJ-Pauly-D/DJ-Pauly-D_22.png",
    "Always-you-three/Always-you-three_42.png",
    "Disappointed-Man/Disappointed-Man_26.png",
    "Smudge-the-cat/Smudge-the-cat_35.png",
    "Thats-a-paddlin/Thats-a-paddlin_23.png",
    "Hide-the-Pain-Harold/Hide-the-Pain-Harold_14.png",
    "Hold-fart/Hold-fart_1.png",
    "attention_check/attention_check_Contempt.png",
    "Im-The-Captain-Now/Im-The-Captain-Now_37.png",
    "Obi-Wan-Kenobi/Obi-Wan-Kenobi_8.png",
    "Spongebob-Yelling/Spongebob-Yelling_32.png",
    "Nuclear-Explosion/Nuclear-Explosion_45.png",
    "Dinkleberg/Dinkleberg_34.png",
    "Scooby-doo-mask-reveal/Scooby-doo-mask-reveal_49.png",
    "Disaster-Girl/Disaster-Girl_28.png",
    "Black-guy-hiding-behind-tree/Black-guy-hiding-behind-tree_25.png",
    "You-The-Real-MVP/You-The-Real-MVP_38.png",
    "Moe-throws-Barney/Moe-throws-Barney_9.png",
    "Ill-Have-You-Know-Spongebob/Ill-Have-You-Know-Spongebob_29.png",
    "Futurama-Fry/Futurama-Fry_21.png",
    "Monkey-Puppet/Monkey-Puppet_4.png",
    "Confused-Gandalf/Confused-Gandalf_18.png",
    "Mr-incredible-mad/Mr-incredible-mad_48.png",
    "Dave-chappelle/Dave-chappelle_27.png",
    "Surprised-Pikachu/Surprised-Pikachu_3.png",
    "Table-Flip-Guy/Table-Flip-Guy_43.png",
    "Kevin-Hart/Kevin-Hart_16.png",
    "Well-Yes-But-Actually-No/Well-Yes-But-Actually-No_46.png",
    "Mr-McMahon-reaction/Mr-McMahon-reaction_41.png",
    "attention_check/attention_check_Anger.png",
    "Gru-Gun/Gru-Gun_20.png",
    "Persian-Cat-Room-Guardian/Persian-Cat-Room-Guardian_17.png",
    "Put-It-Somewhere-Else-Patrick/Put-It-Somewhere-Else-Patrick_47.png",
    "Angry-Baby/Angry-Baby_33.png",
    "Arthur-Fist/Arthur-Fist_15.png",
    "Khan/Khan_19.png"
  ],
  "completion_status": {
    "practice_completed": true,
    "game_started": true,
    "game_completed": true,
    "summary_viewed": true,
    "email_submitted": true
  },
  "timestamps_unix": {
    "registration_completed": 1749706748,
    "practice_started": 1749706748,
    "practice_completed": 1749706756,
    "game_started": 1749706756,
    "first_label": 1749706757,
    "last_label": 1749706802,
    "game_completed": 1749706803,
    "summary_viewed": 1749706803,
    "email_submitted": 1749706837,
    "session_end": 1749706837,
    "last_updated": 1749706837
  },
  "timestamps_unix_ms": {
    "registration_completed_ms": 1749706748402,
    "practice_started_ms": 1749706748434,
    "practice_completed_ms": 1749706756046,
    "game_started_ms": 1749706756052,
    "first_label_ms": 1749706757868,
    "last_label_ms": 1749706802100,
    "game_completed_ms": 1749706803974,
    "summary_viewed_ms": 1749706803981,
    "email_submitted_ms": 1749706837980,
    "session_end_ms": 1749706837980,
    "last_updated_ms": 1749706837980
  },
  "duration_stats_ms": {
    "total_session_duration_ms": 89578,
    "practice_duration_ms": 7612,
    "game_duration_ms": 47922,
    "labeling_duration_ms": 44232,
    "email_submission_duration_ms": 33999
  },
  "filename_updated_unix": 1749706803,
  "original_filename": "user_6466d6",
  "completion_status_in_filename": "email_submitted"
}