{
  "user_id": "user_ef1cd8",
  "file_name": "user_ef1cd8_1750149596_1750150164_fullycomplete",
  "unix_start_time": 1750149596,
  "unix_start_time_ms": 1750149596320,
  "unix_end_time": 1750150164,
  "unix_end_time_ms": 1750150164884,
  "age": "40-44",
  "gender": "male",
  "user_agent": "Mozilla/5.0 (Windows NT 10.0; Win64; x64) AppleWebKit/537.36 (KHTML, like Gecko) Chrome/137.0.0.0 Safari/537.36",
  "user_ip": "118.163.154.66",
  "status": "complete",
  "email_provided": "complete",
  "attention_passed": true,
  "start_time_readable": "2025-06-17 08:39:56.320",
  "end_time_readable": "2025-06-17 08:49:24.884",
  "total_labels": 52,
  "emotion_summary": {
    "anger": 6,
    "contempt": 27,
    "disgust": 15,
    "others": 4
  },
  "email": "etstarkimo@gmail.com",
  "participation": "yes",
  "total_responses": 52,
  "responses": [
    {
      "image_path": "Spongebob-Yelling/Spongebob-Yelling_42.png",
      "label": "輕蔑",
      "response_time": "00:00:08.112",
      "timestamp_unix": 1750149665,
      "timestamp_unix_ms": 1750149665246,
      "timestamp_readable": "2025-06-17 08:41:05.246",
      "normalized_name": "Spongebob-Yelling/Spongebob-Yelling",
      "meme_name": "Spongebob-Yelling",
      "post_id": 42,
      "english_label": "contempt",
      "response_time_ms": 8112
    },
    {
      "image_path": "Mr-McMahon-reaction/Mr-McMahon-reaction_23.png",
      "label": "厭惡",
      "response_time": "00:00:07.111",
      "timestamp_unix": 1750149672,
      "timestamp_unix_ms": 1750149672468,
      "timestamp_readable": "2025-06-17 08:41:12.468",
      "normalized_name": "Mr-McMahon-reaction/Mr-McMahon-reaction",
      "meme_name": "Mr-McMahon-reaction",
      "post_id": 23,
      "english_label": "disgust",
      "response_time_ms": 7111
    },
    {
      "image_path": "For-the-better-right-blank/For-the-better-right-blank_46.png",
      "label": "輕蔑",
      "response_time": "00:02:41.803",
      "timestamp_unix": 1750149834,
      "timestamp_unix_ms": 1750149834492,
      "timestamp_readable": "2025-06-17 08:43:54.492",
      "normalized_name": "For-the-better-right-blank/For-the-better-right-blank",
      "meme_name": "For-the-better-right-blank",
      "post_id": 46,
      "english_label": "contempt",
      "response_time_ms": 161803
    },
    {
      "image_path": "You-The-Real-MVP/You-The-Real-MVP_9.png",
      "label": "厭惡",
      "response_time": "00:00:06.604",
      "timestamp_unix": 1750149841,
      "timestamp_unix_ms": 1750149841169,
      "timestamp_readable": "2025-06-17 08:44:01.169",
      "normalized_name": "You-The-Real-MVP/You-The-Real-MVP",
      "meme_name": "You-The-Real-MVP",
      "post_id": 9,
      "english_label": "disgust",
      "response_time_ms": 6604
    },
    {
      "image_path": "Monkey-Puppet/Monkey-Puppet_11.png",
      "label": "其他",
      "response_time": "00:00:03.701",
      "timestamp_unix": 1750149845,
      "timestamp_unix_ms": 1750149845007,
      "timestamp_readable": "2025-06-17 08:44:05.007",
      "normalized_name": "Monkey-Puppet/Monkey-Puppet",
      "meme_name": "Monkey-Puppet",
      "post_id": 11,
      "english_label": "others",
      "response_time_ms": 3701
    },
    {
      "image_path": "Happy--Shock/Happy--Shock_33.png",
      "label": "其他",
      "response_time": "00:00:08.901",
      "timestamp_unix": 1750149854,
      "timestamp_unix_ms": 1750149854051,
      "timestamp_readable": "2025-06-17 08:44:14.051",
      "normalized_name": "Happy--Shock/Happy--Shock",
      "meme_name": "Happy--Shock",
      "post_id": 33,
      "english_label": "others",
      "response_time_ms": 8901
    },
    {
      "image_path": "Khan/Khan_24.png",
      "label": "輕蔑",
      "response_time": "00:00:07.909",
      "timestamp_unix": 1750149862,
      "timestamp_unix_ms": 1750149862062,
      "timestamp_readable": "2025-06-17 08:44:22.062",
      "normalized_name": "Khan/Khan",
      "meme_name": "Khan",
      "post_id": 24,
      "english_label": "contempt",
      "response_time_ms": 7909
    },
    {
      "image_path": "DJ-Pauly-D/DJ-Pauly-D_1.png",
      "label": "輕蔑",
      "response_time": "00:00:08.109",
      "timestamp_unix": 1750149870,
      "timestamp_unix_ms": 1750149870296,
      "timestamp_readable": "2025-06-17 08:44:30.296",
      "normalized_name": "DJ-Pauly-D/DJ-Pauly-D",
      "meme_name": "DJ-Pauly-D",
      "post_id": 1,
      "english_label": "contempt",
      "response_time_ms": 8109
    },
    {
      "image_path": "Gru-Gun/Gru-Gun_34.png",
      "label": "厭惡",
      "response_time": "00:00:06.406",
      "timestamp_unix": 1750149876,
      "timestamp_unix_ms": 1750149876841,
      "timestamp_readable": "2025-06-17 08:44:36.841",
      "normalized_name": "Gru-Gun/Gru-Gun",
      "meme_name": "Gru-Gun",
      "post_id": 34,
      "english_label": "disgust",
      "response_time_ms": 6406
    },
    {
      "image_path": "Black-guy-hiding-behind-tree/Black-guy-hiding-behind-tree_37.png",
      "label": "輕蔑",
      "response_time": "00:00:08.704",
      "timestamp_unix": 1750149885,
      "timestamp_unix_ms": 1750149885681,
      "timestamp_readable": "2025-06-17 08:44:45.681",
      "normalized_name": "Black-guy-hiding-behind-tree/Black-guy-hiding-behind-tree",
      "meme_name": "Black-guy-hiding-behind-tree",
      "post_id": 37,
      "english_label": "contempt",
      "response_time_ms": 8704
    },
    {
      "image_path": "Afraid-To-Ask-Andy/Afraid-To-Ask-Andy_14.png",
      "label": "輕蔑",
      "response_time": "00:00:04.105",
      "timestamp_unix": 1750149889,
      "timestamp_unix_ms": 1750149889866,
      "timestamp_readable": "2025-06-17 08:44:49.866",
      "normalized_name": "Afraid-To-Ask-Andy/Afraid-To-Ask-Andy",
      "meme_name": "Afraid-To-Ask-Andy",
      "post_id": 14,
      "english_label": "contempt",
      "response_time_ms": 4105
    },
    {
      "image_path": "Scooby-doo-mask-reveal/Scooby-doo-mask-reveal_29.png",
      "label": "輕蔑",
      "response_time": "00:00:05.703",
      "timestamp_unix": 1750149895,
      "timestamp_unix_ms": 1750149895657,
      "timestamp_readable": "2025-06-17 08:44:55.658",
      "normalized_name": "Scooby-doo-mask-reveal/Scooby-doo-mask-reveal",
      "meme_name": "Scooby-doo-mask-reveal",
      "post_id": 29,
      "english_label": "contempt",
      "response_time_ms": 5703
    },
    {
      "image_path": "Math-ladyConfused-lady/Math-ladyConfused-lady_8.png",
      "label": "輕蔑",
      "response_time": "00:00:09.001",
      "timestamp_unix": 1750149904,
      "timestamp_unix_ms": 1750149904732,
      "timestamp_readable": "2025-06-17 08:45:04.732",
      "normalized_name": "Math-ladyConfused-lady/Math-ladyConfused-lady",
      "meme_name": "Math-ladyConfused-lady",
      "post_id": 8,
      "english_label": "contempt",
      "response_time_ms": 9001
    },
    {
      "image_path": "Disaster-Girl/Disaster-Girl_25.png",
      "label": "厭惡",
      "response_time": "00:00:05.401",
      "timestamp_unix": 1750149910,
      "timestamp_unix_ms": 1750149910850,
      "timestamp_readable": "2025-06-17 08:45:10.850",
      "normalized_name": "Disaster-Girl/Disaster-Girl",
      "meme_name": "Disaster-Girl",
      "post_id": 25,
      "english_label": "disgust",
      "response_time_ms": 5401
    },
    {
      "image_path": "Drake-NoYes/Drake-NoYes_6.png",
      "label": "憤怒",
      "response_time": "00:00:10.405",
      "timestamp_unix": 1750149921,
      "timestamp_unix_ms": 1750149921336,
      "timestamp_readable": "2025-06-17 08:45:21.336",
      "normalized_name": "Drake-NoYes/Drake-NoYes",
      "meme_name": "Drake-NoYes",
      "post_id": 6,
      "english_label": "anger",
      "response_time_ms": 10405
    },
    {
      "image_path": "Dave-chappelle/Dave-chappelle_20.png",
      "label": "厭惡",
      "response_time": "00:00:04.613",
      "timestamp_unix": 1750149926,
      "timestamp_unix_ms": 1750149926006,
      "timestamp_readable": "2025-06-17 08:45:26.006",
      "normalized_name": "Dave-chappelle/Dave-chappelle",
      "meme_name": "Dave-chappelle",
      "post_id": 20,
      "english_label": "disgust",
      "response_time_ms": 4613
    },
    {
      "image_path": "Smudge-the-cat/Smudge-the-cat_40.png",
      "label": "厭惡",
      "response_time": "00:00:07.611",
      "timestamp_unix": 1750149933,
      "timestamp_unix_ms": 1750149933675,
      "timestamp_readable": "2025-06-17 08:45:33.675",
      "normalized_name": "Smudge-the-cat/Smudge-the-cat",
      "meme_name": "Smudge-the-cat",
      "post_id": 40,
      "english_label": "disgust",
      "response_time_ms": 7611
    },
    {
      "image_path": "Disappointed-Man/Disappointed-Man_5.png",
      "label": "厭惡",
      "response_time": "00:00:10.004",
      "timestamp_unix": 1750149943,
      "timestamp_unix_ms": 1750149943736,
      "timestamp_readable": "2025-06-17 08:45:43.736",
      "normalized_name": "Disappointed-Man/Disappointed-Man",
      "meme_name": "Disappointed-Man",
      "post_id": 5,
      "english_label": "disgust",
      "response_time_ms": 10004
    },
    {
      "image_path": "Im-The-Captain-Now/Im-The-Captain-Now_10.png",
      "label": "輕蔑",
      "response_time": "00:00:05.402",
      "timestamp_unix": 1750149949,
      "timestamp_unix_ms": 1750149949246,
      "timestamp_readable": "2025-06-17 08:45:49.246",
      "normalized_name": "Im-The-Captain-Now/Im-The-Captain-Now",
      "meme_name": "Im-The-Captain-Now",
      "post_id": 10,
      "english_label": "contempt",
      "response_time_ms": 5402
    },
    {
      "image_path": "Thats-a-paddlin/Thats-a-paddlin_43.png",
      "label": "輕蔑",
      "response_time": "00:00:05.600",
      "timestamp_unix": 1750149954,
      "timestamp_unix_ms": 1750149954968,
      "timestamp_readable": "2025-06-17 08:45:54.968",
      "normalized_name": "Thats-a-paddlin/Thats-a-paddlin",
      "meme_name": "Thats-a-paddlin",
      "post_id": 43,
      "english_label": "contempt",
      "response_time_ms": 5600
    },
    {
      "image_path": "Kevin-Hart/Kevin-Hart_38.png",
      "label": "輕蔑",
      "response_time": "00:00:06.101",
      "timestamp_unix": 1750149961,
      "timestamp_unix_ms": 1750149961209,
      "timestamp_readable": "2025-06-17 08:46:01.209",
      "normalized_name": "Kevin-Hart/Kevin-Hart",
      "meme_name": "Kevin-Hart",
      "post_id": 38,
      "english_label": "contempt",
      "response_time_ms": 6101
    },
    {
      "image_path": "Mocking-Spongebob/Mocking-Spongebob_27.png",
      "label": "厭惡",
      "response_time": "00:00:05.306",
      "timestamp_unix": 1750149966,
      "timestamp_unix_ms": 1750149966614,
      "timestamp_readable": "2025-06-17 08:46:06.614",
      "normalized_name": "Mocking-Spongebob/Mocking-Spongebob",
      "meme_name": "Mocking-Spongebob",
      "post_id": 27,
      "english_label": "disgust",
      "response_time_ms": 5306
    },
    {
      "image_path": "Confused-Gandalf/Confused-Gandalf_19.png",
      "label": "輕蔑",
      "response_time": "00:00:08.201",
      "timestamp_unix": 1750149974,
      "timestamp_unix_ms": 1750149974916,
      "timestamp_readable": "2025-06-17 08:46:14.916",
      "normalized_name": "Confused-Gandalf/Confused-Gandalf",
      "meme_name": "Confused-Gandalf",
      "post_id": 19,
      "english_label": "contempt",
      "response_time_ms": 8201
    },
    {
      "image_path": "attention_check/attention_check_Others.png",
      "label": "其他",
      "response_time": "00:00:05.803",
      "timestamp_unix": 1750149980,
      "timestamp_unix_ms": 1750149980860,
      "timestamp_readable": "2025-06-17 08:46:20.860",
      "normalized_name": "attention_check/attention_check_Others.png",
      "meme_name": "attention_check",
      "post_id": null,
      "english_label": "others",
      "response_time_ms": 5803
    },
    {
      "image_path": "Hold-fart/Hold-fart_22.png",
      "label": "輕蔑",
      "response_time": "00:00:04.506",
      "timestamp_unix": 1750149985,
      "timestamp_unix_ms": 1750149985499,
      "timestamp_readable": "2025-06-17 08:46:25.499",
      "normalized_name": "Hold-fart/Hold-fart",
      "meme_name": "Hold-fart",
      "post_id": 22,
      "english_label": "contempt",
      "response_time_ms": 4506
    },
    {
      "image_path": "Laughing-wolf/Laughing-wolf_13.png",
      "label": "厭惡",
      "response_time": "00:00:07.302",
      "timestamp_unix": 1750149992,
      "timestamp_unix_ms": 1750149992850,
      "timestamp_readable": "2025-06-17 08:46:32.850",
      "normalized_name": "Laughing-wolf/Laughing-wolf",
      "meme_name": "Laughing-wolf",
      "post_id": 13,
      "english_label": "disgust",
      "response_time_ms": 7302
    },
    {
      "image_path": "Spiderman-Hospital/Spiderman-Hospital_49.png",
      "label": "憤怒",
      "response_time": "00:00:05.005",
      "timestamp_unix": 1750149997,
      "timestamp_unix_ms": 1750149997941,
      "timestamp_readable": "2025-06-17 08:46:37.941",
      "normalized_name": "Spiderman-Hospital/Spiderman-Hospital",
      "meme_name": "Spiderman-Hospital",
      "post_id": 49,
      "english_label": "anger",
      "response_time_ms": 5005
    },
    {
      "image_path": "Always-you-three/Always-you-three_17.png",
      "label": "厭惡",
      "response_time": "00:00:05.800",
      "timestamp_unix": 1750150003,
      "timestamp_unix_ms": 1750150003829,
      "timestamp_readable": "2025-06-17 08:46:43.829",
      "normalized_name": "Always-you-three/Always-you-three",
      "meme_name": "Always-you-three",
      "post_id": 17,
      "english_label": "disgust",
      "response_time_ms": 5800
    },
    {
      "image_path": "Persian-Cat-Room-Guardian/Persian-Cat-Room-Guardian_31.png",
      "label": "輕蔑",
      "response_time": "00:00:08.405",
      "timestamp_unix": 1750150012,
      "timestamp_unix_ms": 1750150012373,
      "timestamp_readable": "2025-06-17 08:46:52.373",
      "normalized_name": "Persian-Cat-Room-Guardian/Persian-Cat-Room-Guardian",
      "meme_name": "Persian-Cat-Room-Guardian",
      "post_id": 31,
      "english_label": "contempt",
      "response_time_ms": 8405
    },
    {
      "image_path": "Nuclear-Explosion/Nuclear-Explosion_15.png",
      "label": "憤怒",
      "response_time": "00:00:05.202",
      "timestamp_unix": 1750150017,
      "timestamp_unix_ms": 1750150017663,
      "timestamp_readable": "2025-06-17 08:46:57.663",
      "normalized_name": "Nuclear-Explosion/Nuclear-Explosion",
      "meme_name": "Nuclear-Explosion",
      "post_id": 15,
      "english_label": "anger",
      "response_time_ms": 5202
    },
    {
      "image_path": "Leonardo-Dicaprio-Wolf-Of-Wall-Street/Leonardo-Dicaprio-Wolf-Of-Wall-Street_47.png",
      "label": "輕蔑",
      "response_time": "00:00:04.206",
      "timestamp_unix": 1750150021,
      "timestamp_unix_ms": 1750150021964,
      "timestamp_readable": "2025-06-17 08:47:01.964",
      "normalized_name": "Leonardo-Dicaprio-Wolf-Of-Wall-Street/Leonardo-Dicaprio-Wolf-Of-Wall-Street",
      "meme_name": "Leonardo-Dicaprio-Wolf-Of-Wall-Street",
      "post_id": 47,
      "english_label": "contempt",
      "response_time_ms": 4206
    },
    {
      "image_path": "Charlie-Day/Charlie-Day_26.png",
      "label": "憤怒",
      "response_time": "00:00:09.802",
      "timestamp_unix": 1750150031,
      "timestamp_unix_ms": 1750150031830,
      "timestamp_readable": "2025-06-17 08:47:11.830",
      "normalized_name": "Charlie-Day/Charlie-Day",
      "meme_name": "Charlie-Day",
      "post_id": 26,
      "english_label": "anger",
      "response_time_ms": 9802
    },
    {
      "image_path": "Archer/Archer_12.png",
      "label": "厭惡",
      "response_time": "00:00:03.811",
      "timestamp_unix": 1750150035,
      "timestamp_unix_ms": 1750150035748,
      "timestamp_readable": "2025-06-17 08:47:15.748",
      "normalized_name": "Archer/Archer",
      "meme_name": "Archer",
      "post_id": 12,
      "english_label": "disgust",
      "response_time_ms": 3811
    },
    {
      "image_path": "Mr-incredible-mad/Mr-incredible-mad_28.png",
      "label": "輕蔑",
      "response_time": "00:00:04.913",
      "timestamp_unix": 1750150040,
      "timestamp_unix_ms": 1750150040787,
      "timestamp_readable": "2025-06-17 08:47:20.787",
      "normalized_name": "Mr-incredible-mad/Mr-incredible-mad",
      "meme_name": "Mr-incredible-mad",
      "post_id": 28,
      "english_label": "contempt",
      "response_time_ms": 4913
    },
    {
      "image_path": "Dinkleberg/Dinkleberg_44.png",
      "label": "憤怒",
      "response_time": "00:00:05.501",
      "timestamp_unix": 1750150046,
      "timestamp_unix_ms": 1750150046391,
      "timestamp_readable": "2025-06-17 08:47:26.391",
      "normalized_name": "Dinkleberg/Dinkleberg",
      "meme_name": "Dinkleberg",
      "post_id": 44,
      "english_label": "anger",
      "response_time_ms": 5501
    },
    {
      "image_path": "Moe-throws-Barney/Moe-throws-Barney_36.png",
      "label": "輕蔑",
      "response_time": "00:00:06.412",
      "timestamp_unix": 1750150052,
      "timestamp_unix_ms": 1750150052947,
      "timestamp_readable": "2025-06-17 08:47:32.947",
      "normalized_name": "Moe-throws-Barney/Moe-throws-Barney",
      "meme_name": "Moe-throws-Barney",
      "post_id": 36,
      "english_label": "contempt",
      "response_time_ms": 6412
    },
    {
      "image_path": "Batman-Slapping-Robin/Batman-Slapping-Robin_21.png",
      "label": "厭惡",
      "response_time": "00:00:05.803",
      "timestamp_unix": 1750150058,
      "timestamp_unix_ms": 1750150058834,
      "timestamp_readable": "2025-06-17 08:47:38.834",
      "normalized_name": "Batman-Slapping-Robin/Batman-Slapping-Robin",
      "meme_name": "Batman-Slapping-Robin",
      "post_id": 21,
      "english_label": "disgust",
      "response_time_ms": 5803
    },
    {
      "image_path": "I-am-once-again-asking/I-am-once-again-asking_16.png",
      "label": "輕蔑",
      "response_time": "00:00:07.505",
      "timestamp_unix": 1750150066,
      "timestamp_unix_ms": 1750150066447,
      "timestamp_readable": "2025-06-17 08:47:46.447",
      "normalized_name": "I-am-once-again-asking/I-am-once-again-asking",
      "meme_name": "I-am-once-again-asking",
      "post_id": 16,
      "english_label": "contempt",
      "response_time_ms": 7505
    },
    {
      "image_path": "Picard-Wtf/Picard-Wtf_41.png",
      "label": "輕蔑",
      "response_time": "00:00:05.205",
      "timestamp_unix": 1750150071,
      "timestamp_unix_ms": 1750150071715,
      "timestamp_readable": "2025-06-17 08:47:51.715",
      "normalized_name": "Picard-Wtf/Picard-Wtf",
      "meme_name": "Picard-Wtf",
      "post_id": 41,
      "english_label": "contempt",
      "response_time_ms": 5205
    },
    {
      "image_path": "Surprised-Pikachu/Surprised-Pikachu_7.png",
      "label": "厭惡",
      "response_time": "00:00:04.303",
      "timestamp_unix": 1750150076,
      "timestamp_unix_ms": 1750150076121,
      "timestamp_readable": "2025-06-17 08:47:56.121",
      "normalized_name": "Surprised-Pikachu/Surprised-Pikachu",
      "meme_name": "Surprised-Pikachu",
      "post_id": 7,
      "english_label": "disgust",
      "response_time_ms": 4303
    },
    {
      "image_path": "Angry-Baby/Angry-Baby_48.png",
      "label": "憤怒",
      "response_time": "00:00:07.201",
      "timestamp_unix": 1750150083,
      "timestamp_unix_ms": 1750150083412,
      "timestamp_readable": "2025-06-17 08:48:03.412",
      "normalized_name": "Angry-Baby/Angry-Baby",
      "meme_name": "Angry-Baby",
      "post_id": 48,
      "english_label": "anger",
      "response_time_ms": 7201
    },
    {
      "image_path": "Chill-guy/Chill-guy_30.png",
      "label": "輕蔑",
      "response_time": "00:00:04.600",
      "timestamp_unix": 1750150088,
      "timestamp_unix_ms": 1750150088086,
      "timestamp_readable": "2025-06-17 08:48:08.086",
      "normalized_name": "Chill-guy/Chill-guy",
      "meme_name": "Chill-guy",
      "post_id": 30,
      "english_label": "contempt",
      "response_time_ms": 4600
    },
    {
      "image_path": "Arthur-Fist/Arthur-Fist_39.png",
      "label": "厭惡",
      "response_time": "00:00:04.313",
      "timestamp_unix": 1750150092,
      "timestamp_unix_ms": 1750150092440,
      "timestamp_readable": "2025-06-17 08:48:12.440",
      "normalized_name": "Arthur-Fist/Arthur-Fist",
      "meme_name": "Arthur-Fist",
      "post_id": 39,
      "english_label": "disgust",
      "response_time_ms": 4313
    },
    {
      "image_path": "Futurama-Fry/Futurama-Fry_35.png",
      "label": "輕蔑",
      "response_time": "00:00:04.700",
      "timestamp_unix": 1750150097,
      "timestamp_unix_ms": 1750150097207,
      "timestamp_readable": "2025-06-17 08:48:17.207",
      "normalized_name": "Futurama-Fry/Futurama-Fry",
      "meme_name": "Futurama-Fry",
      "post_id": 35,
      "english_label": "contempt",
      "response_time_ms": 4700
    },
    {
      "image_path": "Put-It-Somewhere-Else-Patrick/Put-It-Somewhere-Else-Patrick_50.png",
      "label": "厭惡",
      "response_time": "00:00:06.111",
      "timestamp_unix": 1750150103,
      "timestamp_unix_ms": 1750150103447,
      "timestamp_readable": "2025-06-17 08:48:23.447",
      "normalized_name": "Put-It-Somewhere-Else-Patrick/Put-It-Somewhere-Else-Patrick",
      "meme_name": "Put-It-Somewhere-Else-Patrick",
      "post_id": 50,
      "english_label": "disgust",
      "response_time_ms": 6111
    },
    {
      "image_path": "Table-Flip-Guy/Table-Flip-Guy_3.png",
      "label": "其他",
      "response_time": "00:00:05.704",
      "timestamp_unix": 1750150109,
      "timestamp_unix_ms": 1750150109187,
      "timestamp_readable": "2025-06-17 08:48:29.187",
      "normalized_name": "Table-Flip-Guy/Table-Flip-Guy",
      "meme_name": "Table-Flip-Guy",
      "post_id": 3,
      "english_label": "others",
      "response_time_ms": 5704
    },
    {
      "image_path": "Well-Yes-But-Actually-No/Well-Yes-But-Actually-No_18.png",
      "label": "輕蔑",
      "response_time": "00:00:04.902",
      "timestamp_unix": 1750150114,
      "timestamp_unix_ms": 1750150114208,
      "timestamp_readable": "2025-06-17 08:48:34.208",
      "normalized_name": "Well-Yes-But-Actually-No/Well-Yes-But-Actually-No",
      "meme_name": "Well-Yes-But-Actually-No",
      "post_id": 18,
      "english_label": "contempt",
      "response_time_ms": 4902
    },
    {
      "image_path": "Always-Has-Been/Always-Has-Been_4.png",
      "label": "輕蔑",
      "response_time": "00:00:04.400",
      "timestamp_unix": 1750150118,
      "timestamp_unix_ms": 1750150118730,
      "timestamp_readable": "2025-06-17 08:48:38.730",
      "normalized_name": "Always-Has-Been/Always-Has-Been",
      "meme_name": "Always-Has-Been",
      "post_id": 4,
      "english_label": "contempt",
      "response_time_ms": 4400
    },
    {
      "image_path": "attention_check/attention_check_Contempt.png",
      "label": "輕蔑",
      "response_time": "00:00:03.114",
      "timestamp_unix": 1750150121,
      "timestamp_unix_ms": 1750150121946,
      "timestamp_readable": "2025-06-17 08:48:41.946",
      "normalized_name": "attention_check/attention_check_Contempt.png",
      "meme_name": "attention_check",
      "post_id": null,
      "english_label": "contempt",
      "response_time_ms": 3114
    },
    {
      "image_path": "Ill-Have-You-Know-Spongebob/Ill-Have-You-Know-Spongebob_2.png",
      "label": "輕蔑",
      "response_time": "00:00:07.701",
      "timestamp_unix": 1750150129,
      "timestamp_unix_ms": 1750150129772,
      "timestamp_readable": "2025-06-17 08:48:49.772",
      "normalized_name": "Ill-Have-You-Know-Spongebob/Ill-Have-You-Know-Spongebob",
      "meme_name": "Ill-Have-You-Know-Spongebob",
      "post_id": 2,
      "english_label": "contempt",
      "response_time_ms": 7701
    },
    {
      "image_path": "Hide-the-Pain-Harold/Hide-the-Pain-Harold_45.png",
      "label": "輕蔑",
      "response_time": "00:00:06.801",
      "timestamp_unix": 1750150136,
      "timestamp_unix_ms": 1750150136714,
      "timestamp_readable": "2025-06-17 08:48:56.714",
      "normalized_name": "Hide-the-Pain-Harold/Hide-the-Pain-Harold",
      "meme_name": "Hide-the-Pain-Harold",
      "post_id": 45,
      "english_label": "contempt",
      "response_time_ms": 6801
    },
    {
      "image_path": "Obi-Wan-Kenobi/Obi-Wan-Kenobi_32.png",
      "label": "輕蔑",
      "response_time": "00:00:04.600",
      "timestamp_unix": 1750150141,
      "timestamp_unix_ms": 1750150141386,
      "timestamp_readable": "2025-06-17 08:49:01.386",
      "normalized_name": "Obi-Wan-Kenobi/Obi-Wan-Kenobi",
      "meme_name": "Obi-Wan-Kenobi",
      "post_id": 32,
      "english_label": "contempt",
      "response_time_ms": 4600
    }
  ],
  "session_start_unix": 1750149596,
  "session_status": "completed",
  "last_updated_unix": 1750150164,
  "image_order": [
    "Spiderman-Hospital/Spiderman-Hospital_49.png",
    "Happy--Shock/Happy--Shock_33.png",
    "Chill-guy/Chill-guy_30.png",
    "I-am-once-again-asking/I-am-once-again-asking_16.png",
    "Math-ladyConfused-lady/Math-ladyConfused-lady_8.png",
    "Archer/Archer_12.png",
    "Leonardo-Dicaprio-Wolf-Of-Wall-Street/Leonardo-Dicaprio-Wolf-Of-Wall-Street_47.png",
    "Mocking-Spongebob/Mocking-Spongebob_27.png",
    "Afraid-To-Ask-Andy/Afraid-To-Ask-Andy_14.png",
    "Charlie-Day/Charlie-Day_26.png",
    "Always-Has-Been/Always-Has-Been_4.png",
    "Picard-Wtf/Picard-Wtf_41.png",
    "Batman-Slapping-Robin/Batman-Slapping-Robin_21.png",
    "For-the-better-right-blank/For-the-better-right-blank_46.png",
    "Drake-NoYes/Drake-NoYes_6.png",
    "Laughing-wolf/Laughing-wolf_13.png",
    "DJ-Pauly-D/DJ-Pauly-D_1.png",
    "Always-you-three/Always-you-three_17.png",
    "Disappointed-Man/Disappointed-Man_5.png",
    "Smudge-the-cat/Smudge-the-cat_40.png",
    "Thats-a-paddlin/Thats-a-paddlin_43.png",
    "Hide-the-Pain-Harold/Hide-the-Pain-Harold_45.png",
    "Hold-fart/Hold-fart_22.png",
    "attention_check/attention_check_Others.png",
    "Im-The-Captain-Now/Im-The-Captain-Now_10.png",
    "Obi-Wan-Kenobi/Obi-Wan-Kenobi_32.png",
    "Spongebob-Yelling/Spongebob-Yelling_42.png",
    "Nuclear-Explosion/Nuclear-Explosion_15.png",
    "Dinkleberg/Dinkleberg_44.png",
    "Scooby-doo-mask-reveal/Scooby-doo-mask-reveal_29.png",
    "Disaster-Girl/Disaster-Girl_25.png",
    "Black-guy-hiding-behind-tree/Black-guy-hiding-behind-tree_37.png",
    "You-The-Real-MVP/You-The-Real-MVP_9.png",
    "Moe-throws-Barney/Moe-throws-Barney_36.png",
    "Ill-Have-You-Know-Spongebob/Ill-Have-You-Know-Spongebob_2.png",
    "Futurama-Fry/Futurama-Fry_35.png",
    "Monkey-Puppet/Monkey-Puppet_11.png",
    "Confused-Gandalf/Confused-Gandalf_19.png",
    "Mr-incredible-mad/Mr-incredible-mad_28.png",
    "Dave-chappelle/Dave-chappelle_20.png",
    "Surprised-Pikachu/Surprised-Pikachu_7.png",
    "Table-Flip-Guy/Table-Flip-Guy_3.png",
    "Kevin-Hart/Kevin-Hart_38.png",
    "Well-Yes-But-Actually-No/Well-Yes-But-Actually-No_18.png",
    "Mr-McMahon-reaction/Mr-McMahon-reaction_23.png",
    "Gru-Gun/Gru-Gun_34.png",
    "Persian-Cat-Room-Guardian/Persian-Cat-Room-Guardian_31.png",
    "Put-It-Somewhere-Else-Patrick/Put-It-Somewhere-Else-Patrick_50.png",
    "attention_check/attention_check_Contempt.png",
    "Angry-Baby/Angry-Baby_48.png",
    "Arthur-Fist/Arthur-Fist_39.png",
    "Khan/Khan_24.png"
  ],
  "completion_status": {
    "practice_completed": true,
    "game_started": true,
    "game_completed": true,
    "summary_viewed": true,
    "email_submitted": true
  },
  "timestamps_unix": {
    "registration_completed": 1750149596,
    "practice_started": 1750149596,
    "practice_completed": 1750149656,
    "game_started": 1750149656,
    "first_label": 1750149665,
    "last_label": 1750150141,
    "game_completed": 1750150144,
    "summary_viewed": 1750150144,
    "email_submitted": 1750150164,
    "session_end": 1750150164,
    "last_updated": 1750150164
  },
  "timestamps_unix_ms": {
    "registration_completed_ms": 1750149596320,
    "practice_started_ms": 1750149596363,
    "practice_completed_ms": 1750149656906,
    "game_started_ms": 1750149656922,
    "first_label_ms": 1750149665246,
    "last_label_ms": 1750150141386,
    "game_completed_ms": 1750150144895,
    "summary_viewed_ms": 1750150144911,
    "email_submitted_ms": 1750150164867,
    "session_end_ms": 1750150164867,
    "last_updated_ms": 1750150164867
  },
  "duration_stats_ms": {
    "total_session_duration_ms": 568547,
    "practice_duration_ms": 60543,
    "game_duration_ms": 487973,
    "labeling_duration_ms": 476140,
    "email_submission_duration_ms": 19956
  },
  "filename_updated_unix": 1750150144,
  "original_filename": "user_ef1cd8",
  "completion_status_in_filename": "email_submitted"
}