{
  "user_id": "user_852f29",
  "file_name": "user_852f29_1750683002_1750683856_fullycomplete",
  "unix_start_time": 1750683002,
  "unix_start_time_ms": 1750683002541,
  "unix_end_time": 1750683856,
  "unix_end_time_ms": 1750683856071,
  "age": "18-24",
  "gender": "female",
  "user_agent": "Mozilla/5.0 (Macintosh; Intel Mac OS X 10_15_7) AppleWebKit/537.36 (KHTML, like Gecko) Chrome/137.0.0.0 Safari/537.36",
  "user_ip": "219.91.36.112",
  "status": "complete",
  "email_provided": "complete",
  "attention_passed": true,
  "start_time_readable": "2025-06-23 12:50:02.541",
  "end_time_readable": "2025-06-23 13:04:16.071",
  "total_labels": 52,
  "emotion_summary": {
    "anger": 15,
    "contempt": 12,
    "disgust": 3,
    "others": 22
  },
  "email": "zjz15870@gapp.nthu.edu.tw",
  "participation": "no",
  "total_responses": 52,
  "responses": [
    {
      "image_path": "Scooby-doo-mask-reveal/Scooby-doo-mask-reveal_8.png",
      "label": "其他",
      "response_time": "00:00:33.403",
      "timestamp_unix": 1750683117,
      "timestamp_unix_ms": 1750683117354,
      "timestamp_readable": "2025-06-23 12:51:57.354",
      "normalized_name": "Scooby-doo-mask-reveal/Scooby-doo-mask-reveal",
      "meme_name": "Scooby-doo-mask-reveal",
      "post_id": 8,
      "english_label": "others",
      "response_time_ms": 33403
    },
    {
      "image_path": "Khan/Khan_45.png",
      "label": "其他",
      "response_time": "00:00:49.802",
      "timestamp_unix": 1750683167,
      "timestamp_unix_ms": 1750683167278,
      "timestamp_readable": "2025-06-23 12:52:47.278",
      "normalized_name": "Khan/Khan",
      "meme_name": "Khan",
      "post_id": 45,
      "english_label": "others",
      "response_time_ms": 49802
    },
    {
      "image_path": "Obi-Wan-Kenobi/Obi-Wan-Kenobi_48.png",
      "label": "輕蔑",
      "response_time": "00:00:07.501",
      "timestamp_unix": 1750683174,
      "timestamp_unix_ms": 1750683174914,
      "timestamp_readable": "2025-06-23 12:52:54.914",
      "normalized_name": "Obi-Wan-Kenobi/Obi-Wan-Kenobi",
      "meme_name": "Obi-Wan-Kenobi",
      "post_id": 48,
      "english_label": "contempt",
      "response_time_ms": 7501
    },
    {
      "image_path": "Smudge-the-cat/Smudge-the-cat_7.png",
      "label": "憤怒",
      "response_time": "00:00:14.101",
      "timestamp_unix": 1750683189,
      "timestamp_unix_ms": 1750683189161,
      "timestamp_readable": "2025-06-23 12:53:09.161",
      "normalized_name": "Smudge-the-cat/Smudge-the-cat",
      "meme_name": "Smudge-the-cat",
      "post_id": 7,
      "english_label": "anger",
      "response_time_ms": 14101
    },
    {
      "image_path": "Batman-Slapping-Robin/Batman-Slapping-Robin_13.png",
      "label": "憤怒",
      "response_time": "00:00:08.100",
      "timestamp_unix": 1750683197,
      "timestamp_unix_ms": 1750683197406,
      "timestamp_readable": "2025-06-23 12:53:17.406",
      "normalized_name": "Batman-Slapping-Robin/Batman-Slapping-Robin",
      "meme_name": "Batman-Slapping-Robin",
      "post_id": 13,
      "english_label": "anger",
      "response_time_ms": 8100
    },
    {
      "image_path": "You-The-Real-MVP/You-The-Real-MVP_46.png",
      "label": "其他",
      "response_time": "00:00:21.101",
      "timestamp_unix": 1750683218,
      "timestamp_unix_ms": 1750683218708,
      "timestamp_readable": "2025-06-23 12:53:38.708",
      "normalized_name": "You-The-Real-MVP/You-The-Real-MVP",
      "meme_name": "You-The-Real-MVP",
      "post_id": 46,
      "english_label": "others",
      "response_time_ms": 21101
    },
    {
      "image_path": "Surprised-Pikachu/Surprised-Pikachu_25.png",
      "label": "其他",
      "response_time": "00:00:13.802",
      "timestamp_unix": 1750683232,
      "timestamp_unix_ms": 1750683232997,
      "timestamp_readable": "2025-06-23 12:53:52.997",
      "normalized_name": "Surprised-Pikachu/Surprised-Pikachu",
      "meme_name": "Surprised-Pikachu",
      "post_id": 25,
      "english_label": "others",
      "response_time_ms": 13802
    },
    {
      "image_path": "Afraid-To-Ask-Andy/Afraid-To-Ask-Andy_11.png",
      "label": "輕蔑",
      "response_time": "00:00:14.201",
      "timestamp_unix": 1750683247,
      "timestamp_unix_ms": 1750683247279,
      "timestamp_readable": "2025-06-23 12:54:07.279",
      "normalized_name": "Afraid-To-Ask-Andy/Afraid-To-Ask-Andy",
      "meme_name": "Afraid-To-Ask-Andy",
      "post_id": 11,
      "english_label": "contempt",
      "response_time_ms": 14201
    },
    {
      "image_path": "Picard-Wtf/Picard-Wtf_40.png",
      "label": "憤怒",
      "response_time": "00:00:24.501",
      "timestamp_unix": 1750683271,
      "timestamp_unix_ms": 1750683271928,
      "timestamp_readable": "2025-06-23 12:54:31.928",
      "normalized_name": "Picard-Wtf/Picard-Wtf",
      "meme_name": "Picard-Wtf",
      "post_id": 40,
      "english_label": "anger",
      "response_time_ms": 24501
    },
    {
      "image_path": "Arthur-Fist/Arthur-Fist_49.png",
      "label": "憤怒",
      "response_time": "00:00:18.301",
      "timestamp_unix": 1750683290,
      "timestamp_unix_ms": 1750683290349,
      "timestamp_readable": "2025-06-23 12:54:50.349",
      "normalized_name": "Arthur-Fist/Arthur-Fist",
      "meme_name": "Arthur-Fist",
      "post_id": 49,
      "english_label": "anger",
      "response_time_ms": 18301
    },
    {
      "image_path": "Persian-Cat-Room-Guardian/Persian-Cat-Room-Guardian_22.png",
      "label": "輕蔑",
      "response_time": "00:00:07.903",
      "timestamp_unix": 1750683298,
      "timestamp_unix_ms": 1750683298399,
      "timestamp_readable": "2025-06-23 12:54:58.399",
      "normalized_name": "Persian-Cat-Room-Guardian/Persian-Cat-Room-Guardian",
      "meme_name": "Persian-Cat-Room-Guardian",
      "post_id": 22,
      "english_label": "contempt",
      "response_time_ms": 7903
    },
    {
      "image_path": "Always-you-three/Always-you-three_27.png",
      "label": "輕蔑",
      "response_time": "00:00:11.300",
      "timestamp_unix": 1750683309,
      "timestamp_unix_ms": 1750683309764,
      "timestamp_readable": "2025-06-23 12:55:09.764",
      "normalized_name": "Always-you-three/Always-you-three",
      "meme_name": "Always-you-three",
      "post_id": 27,
      "english_label": "contempt",
      "response_time_ms": 11300
    },
    {
      "image_path": "Mocking-Spongebob/Mocking-Spongebob_26.png",
      "label": "其他",
      "response_time": "00:00:13.201",
      "timestamp_unix": 1750683323,
      "timestamp_unix_ms": 1750683323176,
      "timestamp_readable": "2025-06-23 12:55:23.176",
      "normalized_name": "Mocking-Spongebob/Mocking-Spongebob",
      "meme_name": "Mocking-Spongebob",
      "post_id": 26,
      "english_label": "others",
      "response_time_ms": 13201
    },
    {
      "image_path": "Always-Has-Been/Always-Has-Been_41.png",
      "label": "其他",
      "response_time": "00:00:11.901",
      "timestamp_unix": 1750683335,
      "timestamp_unix_ms": 1750683335229,
      "timestamp_readable": "2025-06-23 12:55:35.229",
      "normalized_name": "Always-Has-Been/Always-Has-Been",
      "meme_name": "Always-Has-Been",
      "post_id": 41,
      "english_label": "others",
      "response_time_ms": 11901
    },
    {
      "image_path": "Hide-the-Pain-Harold/Hide-the-Pain-Harold_19.png",
      "label": "其他",
      "response_time": "00:00:21.801",
      "timestamp_unix": 1750683357,
      "timestamp_unix_ms": 1750683357116,
      "timestamp_readable": "2025-06-23 12:55:57.116",
      "normalized_name": "Hide-the-Pain-Harold/Hide-the-Pain-Harold",
      "meme_name": "Hide-the-Pain-Harold",
      "post_id": 19,
      "english_label": "others",
      "response_time_ms": 21801
    },
    {
      "image_path": "Drake-NoYes/Drake-NoYes_17.png",
      "label": "其他",
      "response_time": "00:00:10.900",
      "timestamp_unix": 1750683368,
      "timestamp_unix_ms": 1750683368289,
      "timestamp_readable": "2025-06-23 12:56:08.289",
      "normalized_name": "Drake-NoYes/Drake-NoYes",
      "meme_name": "Drake-NoYes",
      "post_id": 17,
      "english_label": "others",
      "response_time_ms": 10900
    },
    {
      "image_path": "Moe-throws-Barney/Moe-throws-Barney_33.png",
      "label": "其他",
      "response_time": "00:00:13.202",
      "timestamp_unix": 1750683381,
      "timestamp_unix_ms": 1750683381576,
      "timestamp_readable": "2025-06-23 12:56:21.576",
      "normalized_name": "Moe-throws-Barney/Moe-throws-Barney",
      "meme_name": "Moe-throws-Barney",
      "post_id": 33,
      "english_label": "others",
      "response_time_ms": 13202
    },
    {
      "image_path": "For-the-better-right-blank/For-the-better-right-blank_4.png",
      "label": "輕蔑",
      "response_time": "00:00:39.002",
      "timestamp_unix": 1750683420,
      "timestamp_unix_ms": 1750683420716,
      "timestamp_readable": "2025-06-23 12:57:00.716",
      "normalized_name": "For-the-better-right-blank/For-the-better-right-blank",
      "meme_name": "For-the-better-right-blank",
      "post_id": 4,
      "english_label": "contempt",
      "response_time_ms": 39002
    },
    {
      "image_path": "Leonardo-Dicaprio-Wolf-Of-Wall-Street/Leonardo-Dicaprio-Wolf-Of-Wall-Street_20.png",
      "label": "其他",
      "response_time": "00:00:12.501",
      "timestamp_unix": 1750683433,
      "timestamp_unix_ms": 1750683433351,
      "timestamp_readable": "2025-06-23 12:57:13.351",
      "normalized_name": "Leonardo-Dicaprio-Wolf-Of-Wall-Street/Leonardo-Dicaprio-Wolf-Of-Wall-Street",
      "meme_name": "Leonardo-Dicaprio-Wolf-Of-Wall-Street",
      "post_id": 20,
      "english_label": "others",
      "response_time_ms": 12501
    },
    {
      "image_path": "Dinkleberg/Dinkleberg_6.png",
      "label": "輕蔑",
      "response_time": "00:00:05.502",
      "timestamp_unix": 1750683439,
      "timestamp_unix_ms": 1750683439038,
      "timestamp_readable": "2025-06-23 12:57:19.038",
      "normalized_name": "Dinkleberg/Dinkleberg",
      "meme_name": "Dinkleberg",
      "post_id": 6,
      "english_label": "contempt",
      "response_time_ms": 5502
    },
    {
      "image_path": "Hold-fart/Hold-fart_9.png",
      "label": "憤怒",
      "response_time": "00:00:08.601",
      "timestamp_unix": 1750683447,
      "timestamp_unix_ms": 1750683447954,
      "timestamp_readable": "2025-06-23 12:57:27.954",
      "normalized_name": "Hold-fart/Hold-fart",
      "meme_name": "Hold-fart",
      "post_id": 9,
      "english_label": "anger",
      "response_time_ms": 8601
    },
    {
      "image_path": "attention_check/attention_check_Anger.png",
      "label": "憤怒",
      "response_time": "00:00:05.701",
      "timestamp_unix": 1750683453,
      "timestamp_unix_ms": 1750683453776,
      "timestamp_readable": "2025-06-23 12:57:33.776",
      "normalized_name": "attention_check/attention_check_Anger.png",
      "meme_name": "attention_check",
      "post_id": null,
      "english_label": "anger",
      "response_time_ms": 5701
    },
    {
      "image_path": "Futurama-Fry/Futurama-Fry_36.png",
      "label": "輕蔑",
      "response_time": "00:00:16.601",
      "timestamp_unix": 1750683470,
      "timestamp_unix_ms": 1750683470496,
      "timestamp_readable": "2025-06-23 12:57:50.496",
      "normalized_name": "Futurama-Fry/Futurama-Fry",
      "meme_name": "Futurama-Fry",
      "post_id": 36,
      "english_label": "contempt",
      "response_time_ms": 16601
    },
    {
      "image_path": "Laughing-wolf/Laughing-wolf_23.png",
      "label": "其他",
      "response_time": "00:00:12.302",
      "timestamp_unix": 1750683482,
      "timestamp_unix_ms": 1750683482946,
      "timestamp_readable": "2025-06-23 12:58:02.946",
      "normalized_name": "Laughing-wolf/Laughing-wolf",
      "meme_name": "Laughing-wolf",
      "post_id": 23,
      "english_label": "others",
      "response_time_ms": 12302
    },
    {
      "image_path": "DJ-Pauly-D/DJ-Pauly-D_44.png",
      "label": "憤怒",
      "response_time": "00:00:04.101",
      "timestamp_unix": 1750683487,
      "timestamp_unix_ms": 1750683487160,
      "timestamp_readable": "2025-06-23 12:58:07.160",
      "normalized_name": "DJ-Pauly-D/DJ-Pauly-D",
      "meme_name": "DJ-Pauly-D",
      "post_id": 44,
      "english_label": "anger",
      "response_time_ms": 4101
    },
    {
      "image_path": "Chill-guy/Chill-guy_5.png",
      "label": "其他",
      "response_time": "00:00:08.702",
      "timestamp_unix": 1750683496,
      "timestamp_unix_ms": 1750683496186,
      "timestamp_readable": "2025-06-23 12:58:16.186",
      "normalized_name": "Chill-guy/Chill-guy",
      "meme_name": "Chill-guy",
      "post_id": 5,
      "english_label": "others",
      "response_time_ms": 8702
    },
    {
      "image_path": "Mr-incredible-mad/Mr-incredible-mad_18.png",
      "label": "憤怒",
      "response_time": "00:00:07.502",
      "timestamp_unix": 1750683503,
      "timestamp_unix_ms": 1750683503808,
      "timestamp_readable": "2025-06-23 12:58:23.808",
      "normalized_name": "Mr-incredible-mad/Mr-incredible-mad",
      "meme_name": "Mr-incredible-mad",
      "post_id": 18,
      "english_label": "anger",
      "response_time_ms": 7502
    },
    {
      "image_path": "Table-Flip-Guy/Table-Flip-Guy_37.png",
      "label": "憤怒",
      "response_time": "00:00:08.301",
      "timestamp_unix": 1750683512,
      "timestamp_unix_ms": 1750683512640,
      "timestamp_readable": "2025-06-23 12:58:32.640",
      "normalized_name": "Table-Flip-Guy/Table-Flip-Guy",
      "meme_name": "Table-Flip-Guy",
      "post_id": 37,
      "english_label": "anger",
      "response_time_ms": 8301
    },
    {
      "image_path": "Put-It-Somewhere-Else-Patrick/Put-It-Somewhere-Else-Patrick_29.png",
      "label": "輕蔑",
      "response_time": "00:00:13.101",
      "timestamp_unix": 1750683525,
      "timestamp_unix_ms": 1750683525938,
      "timestamp_readable": "2025-06-23 12:58:45.938",
      "normalized_name": "Put-It-Somewhere-Else-Patrick/Put-It-Somewhere-Else-Patrick",
      "meme_name": "Put-It-Somewhere-Else-Patrick",
      "post_id": 29,
      "english_label": "contempt",
      "response_time_ms": 13101
    },
    {
      "image_path": "Disappointed-Man/Disappointed-Man_12.png",
      "label": "厭惡",
      "response_time": "00:00:07.802",
      "timestamp_unix": 1750683533,
      "timestamp_unix_ms": 1750683533936,
      "timestamp_readable": "2025-06-23 12:58:53.936",
      "normalized_name": "Disappointed-Man/Disappointed-Man",
      "meme_name": "Disappointed-Man",
      "post_id": 12,
      "english_label": "disgust",
      "response_time_ms": 7802
    },
    {
      "image_path": "Black-guy-hiding-behind-tree/Black-guy-hiding-behind-tree_15.png",
      "label": "其他",
      "response_time": "00:00:06.802",
      "timestamp_unix": 1750683540,
      "timestamp_unix_ms": 1750683540830,
      "timestamp_readable": "2025-06-23 12:59:00.830",
      "normalized_name": "Black-guy-hiding-behind-tree/Black-guy-hiding-behind-tree",
      "meme_name": "Black-guy-hiding-behind-tree",
      "post_id": 15,
      "english_label": "others",
      "response_time_ms": 6802
    },
    {
      "image_path": "Happy--Shock/Happy--Shock_21.png",
      "label": "輕蔑",
      "response_time": "00:00:14.902",
      "timestamp_unix": 1750683555,
      "timestamp_unix_ms": 1750683555971,
      "timestamp_readable": "2025-06-23 12:59:15.971",
      "normalized_name": "Happy--Shock/Happy--Shock",
      "meme_name": "Happy--Shock",
      "post_id": 21,
      "english_label": "contempt",
      "response_time_ms": 14902
    },
    {
      "image_path": "Confused-Gandalf/Confused-Gandalf_3.png",
      "label": "其他",
      "response_time": "00:00:06.801",
      "timestamp_unix": 1750683562,
      "timestamp_unix_ms": 1750683562877,
      "timestamp_readable": "2025-06-23 12:59:22.877",
      "normalized_name": "Confused-Gandalf/Confused-Gandalf",
      "meme_name": "Confused-Gandalf",
      "post_id": 3,
      "english_label": "others",
      "response_time_ms": 6801
    },
    {
      "image_path": "Thats-a-paddlin/Thats-a-paddlin_32.png",
      "label": "憤怒",
      "response_time": "00:00:06.602",
      "timestamp_unix": 1750683569,
      "timestamp_unix_ms": 1750683569590,
      "timestamp_readable": "2025-06-23 12:59:29.590",
      "normalized_name": "Thats-a-paddlin/Thats-a-paddlin",
      "meme_name": "Thats-a-paddlin",
      "post_id": 32,
      "english_label": "anger",
      "response_time_ms": 6602
    },
    {
      "image_path": "I-am-once-again-asking/I-am-once-again-asking_16.png",
      "label": "其他",
      "response_time": "00:00:06.901",
      "timestamp_unix": 1750683576,
      "timestamp_unix_ms": 1750683576601,
      "timestamp_readable": "2025-06-23 12:59:36.601",
      "normalized_name": "I-am-once-again-asking/I-am-once-again-asking",
      "meme_name": "I-am-once-again-asking",
      "post_id": 16,
      "english_label": "others",
      "response_time_ms": 6901
    },
    {
      "image_path": "Im-The-Captain-Now/Im-The-Captain-Now_10.png",
      "label": "憤怒",
      "response_time": "00:00:09.202",
      "timestamp_unix": 1750683585,
      "timestamp_unix_ms": 1750683585955,
      "timestamp_readable": "2025-06-23 12:59:45.955",
      "normalized_name": "Im-The-Captain-Now/Im-The-Captain-Now",
      "meme_name": "Im-The-Captain-Now",
      "post_id": 10,
      "english_label": "anger",
      "response_time_ms": 9202
    },
    {
      "image_path": "Spongebob-Yelling/Spongebob-Yelling_43.png",
      "label": "憤怒",
      "response_time": "00:00:07.201",
      "timestamp_unix": 1750683593,
      "timestamp_unix_ms": 1750683593313,
      "timestamp_readable": "2025-06-23 12:59:53.313",
      "normalized_name": "Spongebob-Yelling/Spongebob-Yelling",
      "meme_name": "Spongebob-Yelling",
      "post_id": 43,
      "english_label": "anger",
      "response_time_ms": 7201
    },
    {
      "image_path": "Ill-Have-You-Know-Spongebob/Ill-Have-You-Know-Spongebob_31.png",
      "label": "輕蔑",
      "response_time": "00:00:14.201",
      "timestamp_unix": 1750683607,
      "timestamp_unix_ms": 1750683607735,
      "timestamp_readable": "2025-06-23 13:00:07.735",
      "normalized_name": "Ill-Have-You-Know-Spongebob/Ill-Have-You-Know-Spongebob",
      "meme_name": "Ill-Have-You-Know-Spongebob",
      "post_id": 31,
      "english_label": "contempt",
      "response_time_ms": 14201
    },
    {
      "image_path": "Monkey-Puppet/Monkey-Puppet_24.png",
      "label": "其他",
      "response_time": "00:00:13.201",
      "timestamp_unix": 1750683621,
      "timestamp_unix_ms": 1750683621161,
      "timestamp_readable": "2025-06-23 13:00:21.161",
      "normalized_name": "Monkey-Puppet/Monkey-Puppet",
      "meme_name": "Monkey-Puppet",
      "post_id": 24,
      "english_label": "others",
      "response_time_ms": 13201
    },
    {
      "image_path": "Disaster-Girl/Disaster-Girl_14.png",
      "label": "其他",
      "response_time": "00:00:13.601",
      "timestamp_unix": 1750683634,
      "timestamp_unix_ms": 1750683634806,
      "timestamp_readable": "2025-06-23 13:00:34.806",
      "normalized_name": "Disaster-Girl/Disaster-Girl",
      "meme_name": "Disaster-Girl",
      "post_id": 14,
      "english_label": "others",
      "response_time_ms": 13601
    },
    {
      "image_path": "Charlie-Day/Charlie-Day_42.png",
      "label": "憤怒",
      "response_time": "00:00:08.702",
      "timestamp_unix": 1750683643,
      "timestamp_unix_ms": 1750683643566,
      "timestamp_readable": "2025-06-23 13:00:43.566",
      "normalized_name": "Charlie-Day/Charlie-Day",
      "meme_name": "Charlie-Day",
      "post_id": 42,
      "english_label": "anger",
      "response_time_ms": 8702
    },
    {
      "image_path": "Dave-chappelle/Dave-chappelle_28.png",
      "label": "其他",
      "response_time": "00:00:09.201",
      "timestamp_unix": 1750683653,
      "timestamp_unix_ms": 1750683653151,
      "timestamp_readable": "2025-06-23 13:00:53.151",
      "normalized_name": "Dave-chappelle/Dave-chappelle",
      "meme_name": "Dave-chappelle",
      "post_id": 28,
      "english_label": "others",
      "response_time_ms": 9201
    },
    {
      "image_path": "Archer/Archer_30.png",
      "label": "其他",
      "response_time": "00:00:08.101",
      "timestamp_unix": 1750683661,
      "timestamp_unix_ms": 1750683661339,
      "timestamp_readable": "2025-06-23 13:01:01.339",
      "normalized_name": "Archer/Archer",
      "meme_name": "Archer",
      "post_id": 30,
      "english_label": "others",
      "response_time_ms": 8101
    },
    {
      "image_path": "attention_check/attention_check_Disgust.png",
      "label": "厭惡",
      "response_time": "00:00:03.002",
      "timestamp_unix": 1750683664,
      "timestamp_unix_ms": 1750683664509,
      "timestamp_readable": "2025-06-23 13:01:04.509",
      "normalized_name": "attention_check/attention_check_Disgust.png",
      "meme_name": "attention_check",
      "post_id": null,
      "english_label": "disgust",
      "response_time_ms": 3002
    },
    {
      "image_path": "Mr-McMahon-reaction/Mr-McMahon-reaction_2.png",
      "label": "其他",
      "response_time": "00:00:20.501",
      "timestamp_unix": 1750683685,
      "timestamp_unix_ms": 1750683685125,
      "timestamp_readable": "2025-06-23 13:01:25.125",
      "normalized_name": "Mr-McMahon-reaction/Mr-McMahon-reaction",
      "meme_name": "Mr-McMahon-reaction",
      "post_id": 2,
      "english_label": "others",
      "response_time_ms": 20501
    },
    {
      "image_path": "Gru-Gun/Gru-Gun_35.png",
      "label": "厭惡",
      "response_time": "00:00:08.602",
      "timestamp_unix": 1750683693,
      "timestamp_unix_ms": 1750683693847,
      "timestamp_readable": "2025-06-23 13:01:33.847",
      "normalized_name": "Gru-Gun/Gru-Gun",
      "meme_name": "Gru-Gun",
      "post_id": 35,
      "english_label": "disgust",
      "response_time_ms": 8602
    },
    {
      "image_path": "Kevin-Hart/Kevin-Hart_1.png",
      "label": "輕蔑",
      "response_time": "00:00:09.601",
      "timestamp_unix": 1750683703,
      "timestamp_unix_ms": 1750683703827,
      "timestamp_readable": "2025-06-23 13:01:43.827",
      "normalized_name": "Kevin-Hart/Kevin-Hart",
      "meme_name": "Kevin-Hart",
      "post_id": 1,
      "english_label": "contempt",
      "response_time_ms": 9601
    },
    {
      "image_path": "Angry-Baby/Angry-Baby_39.png",
      "label": "憤怒",
      "response_time": "00:00:06.401",
      "timestamp_unix": 1750683710,
      "timestamp_unix_ms": 1750683710358,
      "timestamp_readable": "2025-06-23 13:01:50.358",
      "normalized_name": "Angry-Baby/Angry-Baby",
      "meme_name": "Angry-Baby",
      "post_id": 39,
      "english_label": "anger",
      "response_time_ms": 6401
    },
    {
      "image_path": "Nuclear-Explosion/Nuclear-Explosion_50.png",
      "label": "憤怒",
      "response_time": "00:00:06.601",
      "timestamp_unix": 1750683717,
      "timestamp_unix_ms": 1750683717089,
      "timestamp_readable": "2025-06-23 13:01:57.089",
      "normalized_name": "Nuclear-Explosion/Nuclear-Explosion",
      "meme_name": "Nuclear-Explosion",
      "post_id": 50,
      "english_label": "anger",
      "response_time_ms": 6601
    },
    {
      "image_path": "Spiderman-Hospital/Spiderman-Hospital_34.png",
      "label": "其他",
      "response_time": "00:00:06.601",
      "timestamp_unix": 1750683723,
      "timestamp_unix_ms": 1750683723796,
      "timestamp_readable": "2025-06-23 13:02:03.796",
      "normalized_name": "Spiderman-Hospital/Spiderman-Hospital",
      "meme_name": "Spiderman-Hospital",
      "post_id": 34,
      "english_label": "others",
      "response_time_ms": 6601
    },
    {
      "image_path": "Math-ladyConfused-lady/Math-ladyConfused-lady_47.png",
      "label": "其他",
      "response_time": "00:00:07.401",
      "timestamp_unix": 1750683731,
      "timestamp_unix_ms": 1750683731307,
      "timestamp_readable": "2025-06-23 13:02:11.307",
      "normalized_name": "Math-ladyConfused-lady/Math-ladyConfused-lady",
      "meme_name": "Math-ladyConfused-lady",
      "post_id": 47,
      "english_label": "others",
      "response_time_ms": 7401
    },
    {
      "image_path": "Well-Yes-But-Actually-No/Well-Yes-But-Actually-No_38.png",
      "label": "輕蔑",
      "response_time": "00:00:15.902",
      "timestamp_unix": 1750683747,
      "timestamp_unix_ms": 1750683747369,
      "timestamp_readable": "2025-06-23 13:02:27.369",
      "normalized_name": "Well-Yes-But-Actually-No/Well-Yes-But-Actually-No",
      "meme_name": "Well-Yes-But-Actually-No",
      "post_id": 38,
      "english_label": "contempt",
      "response_time_ms": 15902
    }
  ],
  "session_start_unix": 1750683002,
  "session_status": "completed",
  "last_updated_unix": 1750683856,
  "image_order": [
    "Spiderman-Hospital/Spiderman-Hospital_34.png",
    "Happy--Shock/Happy--Shock_21.png",
    "Chill-guy/Chill-guy_5.png",
    "I-am-once-again-asking/I-am-once-again-asking_16.png",
    "Math-ladyConfused-lady/Math-ladyConfused-lady_47.png",
    "Archer/Archer_30.png",
    "Leonardo-Dicaprio-Wolf-Of-Wall-Street/Leonardo-Dicaprio-Wolf-Of-Wall-Street_20.png",
    "Mocking-Spongebob/Mocking-Spongebob_26.png",
    "Afraid-To-Ask-Andy/Afraid-To-Ask-Andy_11.png",
    "Charlie-Day/Charlie-Day_42.png",
    "Always-Has-Been/Always-Has-Been_41.png",
    "Picard-Wtf/Picard-Wtf_40.png",
    "Batman-Slapping-Robin/Batman-Slapping-Robin_13.png",
    "For-the-better-right-blank/For-the-better-right-blank_4.png",
    "Drake-NoYes/Drake-NoYes_17.png",
    "Laughing-wolf/Laughing-wolf_23.png",
    "DJ-Pauly-D/DJ-Pauly-D_44.png",
    "Always-you-three/Always-you-three_27.png",
    "Disappointed-Man/Disappointed-Man_12.png",
    "Smudge-the-cat/Smudge-the-cat_7.png",
    "Thats-a-paddlin/Thats-a-paddlin_32.png",
    "attention_check/attention_check_Anger.png",
    "Hide-the-Pain-Harold/Hide-the-Pain-Harold_19.png",
    "Hold-fart/Hold-fart_9.png",
    "Im-The-Captain-Now/Im-The-Captain-Now_10.png",
    "Obi-Wan-Kenobi/Obi-Wan-Kenobi_48.png",
    "Spongebob-Yelling/Spongebob-Yelling_43.png",
    "Nuclear-Explosion/Nuclear-Explosion_50.png",
    "Dinkleberg/Dinkleberg_6.png",
    "Scooby-doo-mask-reveal/Scooby-doo-mask-reveal_8.png",
    "Disaster-Girl/Disaster-Girl_14.png",
    "Black-guy-hiding-behind-tree/Black-guy-hiding-behind-tree_15.png",
    "You-The-Real-MVP/You-The-Real-MVP_46.png",
    "Moe-throws-Barney/Moe-throws-Barney_33.png",
    "Ill-Have-You-Know-Spongebob/Ill-Have-You-Know-Spongebob_31.png",
    "Futurama-Fry/Futurama-Fry_36.png",
    "Monkey-Puppet/Monkey-Puppet_24.png",
    "Confused-Gandalf/Confused-Gandalf_3.png",
    "Mr-incredible-mad/Mr-incredible-mad_18.png",
    "Dave-chappelle/Dave-chappelle_28.png",
    "Surprised-Pikachu/Surprised-Pikachu_25.png",
    "Table-Flip-Guy/Table-Flip-Guy_37.png",
    "Kevin-Hart/Kevin-Hart_1.png",
    "attention_check/attention_check_Disgust.png",
    "Well-Yes-But-Actually-No/Well-Yes-But-Actually-No_38.png",
    "Mr-McMahon-reaction/Mr-McMahon-reaction_2.png",
    "Gru-Gun/Gru-Gun_35.png",
    "Persian-Cat-Room-Guardian/Persian-Cat-Room-Guardian_22.png",
    "Put-It-Somewhere-Else-Patrick/Put-It-Somewhere-Else-Patrick_29.png",
    "Angry-Baby/Angry-Baby_39.png",
    "Arthur-Fist/Arthur-Fist_49.png",
    "Khan/Khan_45.png"
  ],
  "completion_status": {
    "practice_completed": true,
    "game_started": true,
    "game_completed": true,
    "summary_viewed": true,
    "email_submitted": true
  },
  "timestamps_unix": {
    "registration_completed": 1750683002,
    "practice_started": 1750683002,
    "practice_completed": 1750683083,
    "game_started": 1750683083,
    "first_label": 1750683117,
    "last_label": 1750683747,
    "game_completed": 1750683748,
    "summary_viewed": 1750683748,
    "email_submitted": 1750683856,
    "session_end": 1750683856,
    "last_updated": 1750683856
  },
  "timestamps_unix_ms": {
    "registration_completed_ms": 1750683002541,
    "practice_started_ms": 1750683002714,
    "practice_completed_ms": 1750683083568,
    "game_started_ms": 1750683083578,
    "first_label_ms": 1750683117354,
    "last_label_ms": 1750683747369,
    "game_completed_ms": 1750683748911,
    "summary_viewed_ms": 1750683748923,
    "email_submitted_ms": 1750683856060,
    "session_end_ms": 1750683856060,
    "last_updated_ms": 1750683856060
  },
  "duration_stats_ms": {
    "total_session_duration_ms": 853519,
    "practice_duration_ms": 80854,
    "game_duration_ms": 665333,
    "labeling_duration_ms": 630015,
    "email_submission_duration_ms": 107137
  },
  "filename_updated_unix": 1750683748,
  "original_filename": "user_852f29",
  "completion_status_in_filename": "email_submitted"
}