{
  "user_id": "user_a08316",
  "file_name": "user_a08316",
  "unix_start_time": 1751428291,
  "unix_start_time_ms": 1751428291320,
  "unix_end_time": null,
  "unix_end_time_ms": null,
  "age": "18-24",
  "gender": "female",
  "user_agent": "Mozilla/5.0 (Macintosh; Intel Mac OS X 10_15_7) AppleWebKit/537.36 (KHTML, like Gecko) Chrome/137.0.0.0 Safari/537.36",
  "user_ip": "58.114.104.156",
  "status": "incomplete",
  "email_provided": "incomplete",
  "attention_passed": null,
  "start_time_readable": "2025-07-02 03:51:31.319",
  "end_time_readable": null,
  "total_labels": 3,
  "emotion_summary": {
    "anger": 2,
    "contempt": 1,
    "disgust": 0,
    "others": 0
  },
  "email": null,
  "participation": null,
  "total_responses": 3,
  "responses": [
    {
      "image_path": "For-the-better-right-blank/For-the-better-right-blank_13.png",
      "label": "輕蔑",
      "response_time": "00:00:08.701",
      "timestamp_unix": 1751428361,
      "timestamp_unix_ms": 1751428361058,
      "timestamp_readable": "2025-07-02 03:52:41.058",
      "normalized_name": "For-the-better-right-blank/For-the-better-right-blank",
      "meme_name": "For-the-better-right-blank",
      "post_id": 13,
      "english_label": "contempt",
      "response_time_ms": 8701
    },
    {
      "image_path": "Hold-fart/Hold-fart_35.png",
      "label": "憤怒",
      "response_time": "00:00:12.701",
      "timestamp_unix": 1751428373,
      "timestamp_unix_ms": 1751428373874,
      "timestamp_readable": "2025-07-02 03:52:53.874",
      "normalized_name": "Hold-fart/Hold-fart",
      "meme_name": "Hold-fart",
      "post_id": 35,
      "english_label": "anger",
      "response_time_ms": 12701
    },
    {
      "image_path": "Batman-Slapping-Robin/Batman-Slapping-Robin_31.png",
      "label": "憤怒",
      "response_time": "00:00:07.900",
      "timestamp_unix": 1751428381,
      "timestamp_unix_ms": 1751428381843,
      "timestamp_readable": "2025-07-02 03:53:01.843",
      "normalized_name": "Batman-Slapping-Robin/Batman-Slapping-Robin",
      "meme_name": "Batman-Slapping-Robin",
      "post_id": 31,
      "english_label": "anger",
      "response_time_ms": 7900
    }
  ],
  "session_start_unix": 1751428291,
  "session_status": "active",
  "last_updated_unix": 1751428381,
  "image_order": [
    "Spiderman-Hospital/Spiderman-Hospital_14.png",
    "Happy--Shock/Happy--Shock_12.png",
    "Chill-guy/Chill-guy_22.png",
    "I-am-once-again-asking/I-am-once-again-asking_39.png",
    "Math-ladyConfused-lady/Math-ladyConfused-lady_28.png",
    "Archer/Archer_49.png",
    "Leonardo-Dicaprio-Wolf-Of-Wall-Street/Leonardo-Dicaprio-Wolf-Of-Wall-Street_7.png",
    "Mocking-Spongebob/Mocking-Spongebob_33.png",
    "Afraid-To-Ask-Andy/Afraid-To-Ask-Andy_42.png",
    "Charlie-Day/Charlie-Day_37.png",
    "Always-Has-Been/Always-Has-Been_4.png",
    "Picard-Wtf/Picard-Wtf_32.png",
    "Batman-Slapping-Robin/Batman-Slapping-Robin_31.png",
    "For-the-better-right-blank/For-the-better-right-blank_13.png",
    "Drake-NoYes/Drake-NoYes_10.png",
    "Laughing-wolf/Laughing-wolf_11.png",
    "DJ-Pauly-D/DJ-Pauly-D_18.png",
    "Always-you-three/Always-you-three_2.png",
    "Disappointed-Man/Disappointed-Man_27.png",
    "Smudge-the-cat/Smudge-the-cat_3.png",
    "Thats-a-paddlin/Thats-a-paddlin_25.png",
    "attention_check/attention_check_Disgust.png",
    "Hide-the-Pain-Harold/Hide-the-Pain-Harold_43.png",
    "Hold-fart/Hold-fart_35.png",
    "Im-The-Captain-Now/Im-The-Captain-Now_20.png",
    "Obi-Wan-Kenobi/Obi-Wan-Kenobi_36.png",
    "Spongebob-Yelling/Spongebob-Yelling_15.png",
    "Nuclear-Explosion/Nuclear-Explosion_16.png",
    "Dinkleberg/Dinkleberg_26.png",
    "Scooby-doo-mask-reveal/Scooby-doo-mask-reveal_24.png",
    "Disaster-Girl/Disaster-Girl_6.png",
    "Black-guy-hiding-behind-tree/Black-guy-hiding-behind-tree_1.png",
    "You-The-Real-MVP/You-The-Real-MVP_30.png",
    "Moe-throws-Barney/Moe-throws-Barney_47.png",
    "Ill-Have-You-Know-Spongebob/Ill-Have-You-Know-Spongebob_8.png",
    "Futurama-Fry/Futurama-Fry_50.png",
    "Monkey-Puppet/Monkey-Puppet_5.png",
    "Confused-Gandalf/Confused-Gandalf_17.png",
    "Mr-incredible-mad/Mr-incredible-mad_45.png",
    "Dave-chappelle/Dave-chappelle_44.png",
    "Surprised-Pikachu/Surprised-Pikachu_46.png",
    "Table-Flip-Guy/Table-Flip-Guy_9.png",
    "Kevin-Hart/Kevin-Hart_19.png",
    "Well-Yes-But-Actually-No/Well-Yes-But-Actually-No_48.png",
    "Mr-McMahon-reaction/Mr-McMahon-reaction_34.png",
    "Gru-Gun/Gru-Gun_41.png",
    "Persian-Cat-Room-Guardian/Persian-Cat-Room-Guardian_21.png",
    "Put-It-Somewhere-Else-Patrick/Put-It-Somewhere-Else-Patrick_29.png",
    "attention_check/attention_check_Anger.png",
    "Angry-Baby/Angry-Baby_23.png",
    "Arthur-Fist/Arthur-Fist_38.png",
    "Khan/Khan_40.png"
  ],
  "completion_status": {
    "practice_completed": true,
    "game_started": true,
    "game_completed": false,
    "summary_viewed": false,
    "email_submitted": false
  },
  "timestamps_unix": {
    "registration_completed": 1751428291,
    "practice_started": 1751428291,
    "practice_completed": 1751428352,
    "game_started": 1751428352,
    "first_label": 1751428361,
    "last_label": 1751428381,
    "game_completed": null,
    "summary_viewed": null,
    "email_submitted": null,
    "session_end": null,
    "last_updated": 1751428381
  },
  "timestamps_unix_ms": {
    "registration_completed_ms": 1751428291320,
    "practice_started_ms": 1751428291367,
    "practice_completed_ms": 1751428352107,
    "game_started_ms": 1751428352115,
    "first_label_ms": 1751428361058,
    "last_label_ms": 1751428381843,
    "game_completed_ms": null,
    "summary_viewed_ms": null,
    "email_submitted_ms": null,
    "session_end_ms": null,
    "last_updated_ms": 1751428381843
  },
  "duration_stats_ms": {
    "total_session_duration_ms": null,
    "practice_duration_ms": 60740,
    "game_duration_ms": null,
    "labeling_duration_ms": null,
    "email_submission_duration_ms": null
  }
}