{
  "user_id": "user_65d220",
  "file_name": "user_65d220_1750051821_1750052542_fullycomplete",
  "unix_start_time": 1750051821,
  "unix_start_time_ms": 1750051821354,
  "unix_end_time": 1750052542,
  "unix_end_time_ms": 1750052542021,
  "age": "25-29",
  "gender": "male",
  "user_agent": "Mozilla/5.0 (Windows NT 10.0; Win64; x64) AppleWebKit/537.36 (KHTML, like Gecko) Chrome/137.0.0.0 Safari/537.36",
  "user_ip": "120.113.201.152",
  "status": "complete",
  "email_provided": "complete",
  "attention_passed": true,
  "start_time_readable": "2025-06-16 05:30:21.354",
  "end_time_readable": "2025-06-16 05:42:22.021",
  "total_labels": 52,
  "emotion_summary": {
    "anger": 8,
    "contempt": 20,
    "disgust": 9,
    "others": 15
  },
  "email": "40845437@gm.nfu.edu.tw",
  "participation": "no",
  "total_responses": 52,
  "responses": [
    {
      "image_path": "Smudge-the-cat/Smudge-the-cat_5.png",
      "label": "憤怒",
      "response_time": "00:00:32.508",
      "timestamp_unix": 1750051920,
      "timestamp_unix_ms": 1750051920725,
      "timestamp_readable": "2025-06-16 05:32:00.725",
      "normalized_name": "Smudge-the-cat/Smudge-the-cat",
      "meme_name": "Smudge-the-cat",
      "post_id": 5,
      "english_label": "anger",
      "response_time_ms": 32508
    },
    {
      "image_path": "Nuclear-Explosion/Nuclear-Explosion_30.png",
      "label": "其他",
      "response_time": "00:00:09.611",
      "timestamp_unix": 1750051930,
      "timestamp_unix_ms": 1750051930422,
      "timestamp_readable": "2025-06-16 05:32:10.422",
      "normalized_name": "Nuclear-Explosion/Nuclear-Explosion",
      "meme_name": "Nuclear-Explosion",
      "post_id": 30,
      "english_label": "others",
      "response_time_ms": 9611
    },
    {
      "image_path": "Obi-Wan-Kenobi/Obi-Wan-Kenobi_1.png",
      "label": "輕蔑",
      "response_time": "00:00:07.211",
      "timestamp_unix": 1750051937,
      "timestamp_unix_ms": 1750051937669,
      "timestamp_readable": "2025-06-16 05:32:17.669",
      "normalized_name": "Obi-Wan-Kenobi/Obi-Wan-Kenobi",
      "meme_name": "Obi-Wan-Kenobi",
      "post_id": 1,
      "english_label": "contempt",
      "response_time_ms": 7211
    },
    {
      "image_path": "Mr-incredible-mad/Mr-incredible-mad_24.png",
      "label": "憤怒",
      "response_time": "00:00:14.008",
      "timestamp_unix": 1750051951,
      "timestamp_unix_ms": 1750051951765,
      "timestamp_readable": "2025-06-16 05:32:31.765",
      "normalized_name": "Mr-incredible-mad/Mr-incredible-mad",
      "meme_name": "Mr-incredible-mad",
      "post_id": 24,
      "english_label": "anger",
      "response_time_ms": 14008
    },
    {
      "image_path": "Thats-a-paddlin/Thats-a-paddlin_42.png",
      "label": "輕蔑",
      "response_time": "00:00:05.210",
      "timestamp_unix": 1750051957,
      "timestamp_unix_ms": 1750051957045,
      "timestamp_readable": "2025-06-16 05:32:37.045",
      "normalized_name": "Thats-a-paddlin/Thats-a-paddlin",
      "meme_name": "Thats-a-paddlin",
      "post_id": 42,
      "english_label": "contempt",
      "response_time_ms": 5210
    },
    {
      "image_path": "Khan/Khan_4.png",
      "label": "憤怒",
      "response_time": "00:00:03.412",
      "timestamp_unix": 1750051960,
      "timestamp_unix_ms": 1750051960527,
      "timestamp_readable": "2025-06-16 05:32:40.527",
      "normalized_name": "Khan/Khan",
      "meme_name": "Khan",
      "post_id": 4,
      "english_label": "anger",
      "response_time_ms": 3412
    },
    {
      "image_path": "Laughing-wolf/Laughing-wolf_31.png",
      "label": "輕蔑",
      "response_time": "00:00:05.712",
      "timestamp_unix": 1750051966,
      "timestamp_unix_ms": 1750051966359,
      "timestamp_readable": "2025-06-16 05:32:46.359",
      "normalized_name": "Laughing-wolf/Laughing-wolf",
      "meme_name": "Laughing-wolf",
      "post_id": 31,
      "english_label": "contempt",
      "response_time_ms": 5712
    },
    {
      "image_path": "Batman-Slapping-Robin/Batman-Slapping-Robin_33.png",
      "label": "厭惡",
      "response_time": "00:00:09.610",
      "timestamp_unix": 1750051976,
      "timestamp_unix_ms": 1750051976023,
      "timestamp_readable": "2025-06-16 05:32:56.023",
      "normalized_name": "Batman-Slapping-Robin/Batman-Slapping-Robin",
      "meme_name": "Batman-Slapping-Robin",
      "post_id": 33,
      "english_label": "disgust",
      "response_time_ms": 9610
    },
    {
      "image_path": "Put-It-Somewhere-Else-Patrick/Put-It-Somewhere-Else-Patrick_11.png",
      "label": "輕蔑",
      "response_time": "00:00:07.510",
      "timestamp_unix": 1750051983,
      "timestamp_unix_ms": 1750051983657,
      "timestamp_readable": "2025-06-16 05:33:03.657",
      "normalized_name": "Put-It-Somewhere-Else-Patrick/Put-It-Somewhere-Else-Patrick",
      "meme_name": "Put-It-Somewhere-Else-Patrick",
      "post_id": 11,
      "english_label": "contempt",
      "response_time_ms": 7510
    },
    {
      "image_path": "Chill-guy/Chill-guy_32.png",
      "label": "其他",
      "response_time": "00:00:04.006",
      "timestamp_unix": 1750051987,
      "timestamp_unix_ms": 1750051987835,
      "timestamp_readable": "2025-06-16 05:33:07.835",
      "normalized_name": "Chill-guy/Chill-guy",
      "meme_name": "Chill-guy",
      "post_id": 32,
      "english_label": "others",
      "response_time_ms": 4006
    },
    {
      "image_path": "Spiderman-Hospital/Spiderman-Hospital_10.png",
      "label": "其他",
      "response_time": "00:00:12.910",
      "timestamp_unix": 1750052000,
      "timestamp_unix_ms": 1750052000814,
      "timestamp_readable": "2025-06-16 05:33:20.814",
      "normalized_name": "Spiderman-Hospital/Spiderman-Hospital",
      "meme_name": "Spiderman-Hospital",
      "post_id": 10,
      "english_label": "others",
      "response_time_ms": 12910
    },
    {
      "image_path": "Black-guy-hiding-behind-tree/Black-guy-hiding-behind-tree_28.png",
      "label": "輕蔑",
      "response_time": "00:00:10.010",
      "timestamp_unix": 1750052010,
      "timestamp_unix_ms": 1750052010894,
      "timestamp_readable": "2025-06-16 05:33:30.894",
      "normalized_name": "Black-guy-hiding-behind-tree/Black-guy-hiding-behind-tree",
      "meme_name": "Black-guy-hiding-behind-tree",
      "post_id": 28,
      "english_label": "contempt",
      "response_time_ms": 10010
    },
    {
      "image_path": "Im-The-Captain-Now/Im-The-Captain-Now_45.png",
      "label": "輕蔑",
      "response_time": "00:00:07.711",
      "timestamp_unix": 1750052018,
      "timestamp_unix_ms": 1750052018675,
      "timestamp_readable": "2025-06-16 05:33:38.675",
      "normalized_name": "Im-The-Captain-Now/Im-The-Captain-Now",
      "meme_name": "Im-The-Captain-Now",
      "post_id": 45,
      "english_label": "contempt",
      "response_time_ms": 7711
    },
    {
      "image_path": "Mr-McMahon-reaction/Mr-McMahon-reaction_21.png",
      "label": "其他",
      "response_time": "00:00:10.509",
      "timestamp_unix": 1750052029,
      "timestamp_unix_ms": 1750052029288,
      "timestamp_readable": "2025-06-16 05:33:49.288",
      "normalized_name": "Mr-McMahon-reaction/Mr-McMahon-reaction",
      "meme_name": "Mr-McMahon-reaction",
      "post_id": 21,
      "english_label": "others",
      "response_time_ms": 10509
    },
    {
      "image_path": "Confused-Gandalf/Confused-Gandalf_26.png",
      "label": "輕蔑",
      "response_time": "00:00:09.210",
      "timestamp_unix": 1750052038,
      "timestamp_unix_ms": 1750052038553,
      "timestamp_readable": "2025-06-16 05:33:58.553",
      "normalized_name": "Confused-Gandalf/Confused-Gandalf",
      "meme_name": "Confused-Gandalf",
      "post_id": 26,
      "english_label": "contempt",
      "response_time_ms": 9210
    },
    {
      "image_path": "Mocking-Spongebob/Mocking-Spongebob_47.png",
      "label": "輕蔑",
      "response_time": "00:00:03.409",
      "timestamp_unix": 1750052042,
      "timestamp_unix_ms": 1750052042084,
      "timestamp_readable": "2025-06-16 05:34:02.084",
      "normalized_name": "Mocking-Spongebob/Mocking-Spongebob",
      "meme_name": "Mocking-Spongebob",
      "post_id": 47,
      "english_label": "contempt",
      "response_time_ms": 3409
    },
    {
      "image_path": "Afraid-To-Ask-Andy/Afraid-To-Ask-Andy_23.png",
      "label": "輕蔑",
      "response_time": "00:00:10.411",
      "timestamp_unix": 1750052052,
      "timestamp_unix_ms": 1750052052533,
      "timestamp_readable": "2025-06-16 05:34:12.533",
      "normalized_name": "Afraid-To-Ask-Andy/Afraid-To-Ask-Andy",
      "meme_name": "Afraid-To-Ask-Andy",
      "post_id": 23,
      "english_label": "contempt",
      "response_time_ms": 10411
    },
    {
      "image_path": "Moe-throws-Barney/Moe-throws-Barney_36.png",
      "label": "其他",
      "response_time": "00:00:22.402",
      "timestamp_unix": 1750052075,
      "timestamp_unix_ms": 1750052075073,
      "timestamp_readable": "2025-06-16 05:34:35.073",
      "normalized_name": "Moe-throws-Barney/Moe-throws-Barney",
      "meme_name": "Moe-throws-Barney",
      "post_id": 36,
      "english_label": "others",
      "response_time_ms": 22402
    },
    {
      "image_path": "Disappointed-Man/Disappointed-Man_22.png",
      "label": "厭惡",
      "response_time": "00:00:07.509",
      "timestamp_unix": 1750052082,
      "timestamp_unix_ms": 1750052082707,
      "timestamp_readable": "2025-06-16 05:34:42.707",
      "normalized_name": "Disappointed-Man/Disappointed-Man",
      "meme_name": "Disappointed-Man",
      "post_id": 22,
      "english_label": "disgust",
      "response_time_ms": 7509
    },
    {
      "image_path": "Picard-Wtf/Picard-Wtf_39.png",
      "label": "輕蔑",
      "response_time": "00:00:13.503",
      "timestamp_unix": 1750052096,
      "timestamp_unix_ms": 1750052096344,
      "timestamp_readable": "2025-06-16 05:34:56.344",
      "normalized_name": "Picard-Wtf/Picard-Wtf",
      "meme_name": "Picard-Wtf",
      "post_id": 39,
      "english_label": "contempt",
      "response_time_ms": 13503
    },
    {
      "image_path": "Ill-Have-You-Know-Spongebob/Ill-Have-You-Know-Spongebob_3.png",
      "label": "輕蔑",
      "response_time": "00:00:09.501",
      "timestamp_unix": 1750052105,
      "timestamp_unix_ms": 1750052105954,
      "timestamp_readable": "2025-06-16 05:35:05.954",
      "normalized_name": "Ill-Have-You-Know-Spongebob/Ill-Have-You-Know-Spongebob",
      "meme_name": "Ill-Have-You-Know-Spongebob",
      "post_id": 3,
      "english_label": "contempt",
      "response_time_ms": 9501
    },
    {
      "image_path": "For-the-better-right-blank/For-the-better-right-blank_6.png",
      "label": "其他",
      "response_time": "00:00:21.112",
      "timestamp_unix": 1750052127,
      "timestamp_unix_ms": 1750052127214,
      "timestamp_readable": "2025-06-16 05:35:27.214",
      "normalized_name": "For-the-better-right-blank/For-the-better-right-blank",
      "meme_name": "For-the-better-right-blank",
      "post_id": 6,
      "english_label": "others",
      "response_time_ms": 21112
    },
    {
      "image_path": "attention_check/attention_check_Disgust.png",
      "label": "厭惡",
      "response_time": "00:00:04.302",
      "timestamp_unix": 1750052131,
      "timestamp_unix_ms": 1750052131653,
      "timestamp_readable": "2025-06-16 05:35:31.653",
      "normalized_name": "attention_check/attention_check_Disgust.png",
      "meme_name": "attention_check",
      "post_id": null,
      "english_label": "disgust",
      "response_time_ms": 4302
    },
    {
      "image_path": "Gru-Gun/Gru-Gun_49.png",
      "label": "厭惡",
      "response_time": "00:00:09.511",
      "timestamp_unix": 1750052141,
      "timestamp_unix_ms": 1750052141233,
      "timestamp_readable": "2025-06-16 05:35:41.233",
      "normalized_name": "Gru-Gun/Gru-Gun",
      "meme_name": "Gru-Gun",
      "post_id": 49,
      "english_label": "disgust",
      "response_time_ms": 9511
    },
    {
      "image_path": "Futurama-Fry/Futurama-Fry_8.png",
      "label": "輕蔑",
      "response_time": "00:00:16.306",
      "timestamp_unix": 1750052157,
      "timestamp_unix_ms": 1750052157628,
      "timestamp_readable": "2025-06-16 05:35:57.628",
      "normalized_name": "Futurama-Fry/Futurama-Fry",
      "meme_name": "Futurama-Fry",
      "post_id": 8,
      "english_label": "contempt",
      "response_time_ms": 16306
    },
    {
      "image_path": "Well-Yes-But-Actually-No/Well-Yes-But-Actually-No_41.png",
      "label": "其他",
      "response_time": "00:00:44.214",
      "timestamp_unix": 1750052201,
      "timestamp_unix_ms": 1750052201913,
      "timestamp_readable": "2025-06-16 05:36:41.913",
      "normalized_name": "Well-Yes-But-Actually-No/Well-Yes-But-Actually-No",
      "meme_name": "Well-Yes-But-Actually-No",
      "post_id": 41,
      "english_label": "others",
      "response_time_ms": 44214
    },
    {
      "image_path": "Charlie-Day/Charlie-Day_16.png",
      "label": "其他",
      "response_time": "00:00:12.008",
      "timestamp_unix": 1750052214,
      "timestamp_unix_ms": 1750052214042,
      "timestamp_readable": "2025-06-16 05:36:54.042",
      "normalized_name": "Charlie-Day/Charlie-Day",
      "meme_name": "Charlie-Day",
      "post_id": 16,
      "english_label": "others",
      "response_time_ms": 12008
    },
    {
      "image_path": "Hide-the-Pain-Harold/Hide-the-Pain-Harold_25.png",
      "label": "輕蔑",
      "response_time": "00:00:08.409",
      "timestamp_unix": 1750052222,
      "timestamp_unix_ms": 1750052222559,
      "timestamp_readable": "2025-06-16 05:37:02.559",
      "normalized_name": "Hide-the-Pain-Harold/Hide-the-Pain-Harold",
      "meme_name": "Hide-the-Pain-Harold",
      "post_id": 25,
      "english_label": "contempt",
      "response_time_ms": 8409
    },
    {
      "image_path": "Monkey-Puppet/Monkey-Puppet_38.png",
      "label": "其他",
      "response_time": "00:00:13.203",
      "timestamp_unix": 1750052235,
      "timestamp_unix_ms": 1750052235818,
      "timestamp_readable": "2025-06-16 05:37:15.818",
      "normalized_name": "Monkey-Puppet/Monkey-Puppet",
      "meme_name": "Monkey-Puppet",
      "post_id": 38,
      "english_label": "others",
      "response_time_ms": 13203
    },
    {
      "image_path": "Disaster-Girl/Disaster-Girl_12.png",
      "label": "憤怒",
      "response_time": "00:00:11.108",
      "timestamp_unix": 1750052247,
      "timestamp_unix_ms": 1750052247047,
      "timestamp_readable": "2025-06-16 05:37:27.047",
      "normalized_name": "Disaster-Girl/Disaster-Girl",
      "meme_name": "Disaster-Girl",
      "post_id": 12,
      "english_label": "anger",
      "response_time_ms": 11108
    },
    {
      "image_path": "Leonardo-Dicaprio-Wolf-Of-Wall-Street/Leonardo-Dicaprio-Wolf-Of-Wall-Street_29.png",
      "label": "輕蔑",
      "response_time": "00:00:07.608",
      "timestamp_unix": 1750052254,
      "timestamp_unix_ms": 1750052254779,
      "timestamp_readable": "2025-06-16 05:37:34.779",
      "normalized_name": "Leonardo-Dicaprio-Wolf-Of-Wall-Street/Leonardo-Dicaprio-Wolf-Of-Wall-Street",
      "meme_name": "Leonardo-Dicaprio-Wolf-Of-Wall-Street",
      "post_id": 29,
      "english_label": "contempt",
      "response_time_ms": 7608
    },
    {
      "image_path": "Spongebob-Yelling/Spongebob-Yelling_19.png",
      "label": "其他",
      "response_time": "00:00:13.408",
      "timestamp_unix": 1750052268,
      "timestamp_unix_ms": 1750052268323,
      "timestamp_readable": "2025-06-16 05:37:48.323",
      "normalized_name": "Spongebob-Yelling/Spongebob-Yelling",
      "meme_name": "Spongebob-Yelling",
      "post_id": 19,
      "english_label": "others",
      "response_time_ms": 13408
    },
    {
      "image_path": "Drake-NoYes/Drake-NoYes_7.png",
      "label": "輕蔑",
      "response_time": "00:00:06.611",
      "timestamp_unix": 1750052275,
      "timestamp_unix_ms": 1750052275054,
      "timestamp_readable": "2025-06-16 05:37:55.054",
      "normalized_name": "Drake-NoYes/Drake-NoYes",
      "meme_name": "Drake-NoYes",
      "post_id": 7,
      "english_label": "contempt",
      "response_time_ms": 6611
    },
    {
      "image_path": "Hold-fart/Hold-fart_15.png",
      "label": "憤怒",
      "response_time": "00:00:04.210",
      "timestamp_unix": 1750052279,
      "timestamp_unix_ms": 1750052279402,
      "timestamp_readable": "2025-06-16 05:37:59.402",
      "normalized_name": "Hold-fart/Hold-fart",
      "meme_name": "Hold-fart",
      "post_id": 15,
      "english_label": "anger",
      "response_time_ms": 4210
    },
    {
      "image_path": "Arthur-Fist/Arthur-Fist_50.png",
      "label": "憤怒",
      "response_time": "00:00:03.111",
      "timestamp_unix": 1750052282,
      "timestamp_unix_ms": 1750052282650,
      "timestamp_readable": "2025-06-16 05:38:02.650",
      "normalized_name": "Arthur-Fist/Arthur-Fist",
      "meme_name": "Arthur-Fist",
      "post_id": 50,
      "english_label": "anger",
      "response_time_ms": 3111
    },
    {
      "image_path": "Scooby-doo-mask-reveal/Scooby-doo-mask-reveal_44.png",
      "label": "厭惡",
      "response_time": "00:00:13.509",
      "timestamp_unix": 1750052296,
      "timestamp_unix_ms": 1750052296196,
      "timestamp_readable": "2025-06-16 05:38:16.196",
      "normalized_name": "Scooby-doo-mask-reveal/Scooby-doo-mask-reveal",
      "meme_name": "Scooby-doo-mask-reveal",
      "post_id": 44,
      "english_label": "disgust",
      "response_time_ms": 13509
    },
    {
      "image_path": "DJ-Pauly-D/DJ-Pauly-D_2.png",
      "label": "憤怒",
      "response_time": "00:00:12.308",
      "timestamp_unix": 1750052308,
      "timestamp_unix_ms": 1750052308626,
      "timestamp_readable": "2025-06-16 05:38:28.626",
      "normalized_name": "DJ-Pauly-D/DJ-Pauly-D",
      "meme_name": "DJ-Pauly-D",
      "post_id": 2,
      "english_label": "anger",
      "response_time_ms": 12308
    },
    {
      "image_path": "Persian-Cat-Room-Guardian/Persian-Cat-Room-Guardian_37.png",
      "label": "厭惡",
      "response_time": "00:00:24.904",
      "timestamp_unix": 1750052333,
      "timestamp_unix_ms": 1750052333566,
      "timestamp_readable": "2025-06-16 05:38:53.566",
      "normalized_name": "Persian-Cat-Room-Guardian/Persian-Cat-Room-Guardian",
      "meme_name": "Persian-Cat-Room-Guardian",
      "post_id": 37,
      "english_label": "disgust",
      "response_time_ms": 24904
    },
    {
      "image_path": "Archer/Archer_35.png",
      "label": "其他",
      "response_time": "00:00:10.509",
      "timestamp_unix": 1750052344,
      "timestamp_unix_ms": 1750052344163,
      "timestamp_readable": "2025-06-16 05:39:04.163",
      "normalized_name": "Archer/Archer",
      "meme_name": "Archer",
      "post_id": 35,
      "english_label": "others",
      "response_time_ms": 10509
    },
    {
      "image_path": "I-am-once-again-asking/I-am-once-again-asking_20.png",
      "label": "輕蔑",
      "response_time": "00:00:14.407",
      "timestamp_unix": 1750052358,
      "timestamp_unix_ms": 1750052358692,
      "timestamp_readable": "2025-06-16 05:39:18.692",
      "normalized_name": "I-am-once-again-asking/I-am-once-again-asking",
      "meme_name": "I-am-once-again-asking",
      "post_id": 20,
      "english_label": "contempt",
      "response_time_ms": 14407
    },
    {
      "image_path": "Angry-Baby/Angry-Baby_34.png",
      "label": "其他",
      "response_time": "00:00:09.009",
      "timestamp_unix": 1750052367,
      "timestamp_unix_ms": 1750052367738,
      "timestamp_readable": "2025-06-16 05:39:27.738",
      "normalized_name": "Angry-Baby/Angry-Baby",
      "meme_name": "Angry-Baby",
      "post_id": 34,
      "english_label": "others",
      "response_time_ms": 9009
    },
    {
      "image_path": "Always-you-three/Always-you-three_27.png",
      "label": "輕蔑",
      "response_time": "00:00:08.111",
      "timestamp_unix": 1750052375,
      "timestamp_unix_ms": 1750052375986,
      "timestamp_readable": "2025-06-16 05:39:35.986",
      "normalized_name": "Always-you-three/Always-you-three",
      "meme_name": "Always-you-three",
      "post_id": 27,
      "english_label": "contempt",
      "response_time_ms": 8111
    },
    {
      "image_path": "Kevin-Hart/Kevin-Hart_13.png",
      "label": "輕蔑",
      "response_time": "00:00:07.109",
      "timestamp_unix": 1750052383,
      "timestamp_unix_ms": 1750052383150,
      "timestamp_readable": "2025-06-16 05:39:43.150",
      "normalized_name": "Kevin-Hart/Kevin-Hart",
      "meme_name": "Kevin-Hart",
      "post_id": 13,
      "english_label": "contempt",
      "response_time_ms": 7109
    },
    {
      "image_path": "Happy--Shock/Happy--Shock_43.png",
      "label": "輕蔑",
      "response_time": "00:00:16.706",
      "timestamp_unix": 1750052399,
      "timestamp_unix_ms": 1750052399960,
      "timestamp_readable": "2025-06-16 05:39:59.960",
      "normalized_name": "Happy--Shock/Happy--Shock",
      "meme_name": "Happy--Shock",
      "post_id": 43,
      "english_label": "contempt",
      "response_time_ms": 16706
    },
    {
      "image_path": "attention_check/attention_check_Others.png",
      "label": "其他",
      "response_time": "00:00:02.511",
      "timestamp_unix": 1750052402,
      "timestamp_unix_ms": 1750052402593,
      "timestamp_readable": "2025-06-16 05:40:02.593",
      "normalized_name": "attention_check/attention_check_Others.png",
      "meme_name": "attention_check",
      "post_id": null,
      "english_label": "others",
      "response_time_ms": 2511
    },
    {
      "image_path": "Surprised-Pikachu/Surprised-Pikachu_46.png",
      "label": "其他",
      "response_time": "00:00:10.610",
      "timestamp_unix": 1750052413,
      "timestamp_unix_ms": 1750052413323,
      "timestamp_readable": "2025-06-16 05:40:13.323",
      "normalized_name": "Surprised-Pikachu/Surprised-Pikachu",
      "meme_name": "Surprised-Pikachu",
      "post_id": 46,
      "english_label": "others",
      "response_time_ms": 10610
    },
    {
      "image_path": "Always-Has-Been/Always-Has-Been_14.png",
      "label": "厭惡",
      "response_time": "00:00:10.506",
      "timestamp_unix": 1750052423,
      "timestamp_unix_ms": 1750052423885,
      "timestamp_readable": "2025-06-16 05:40:23.885",
      "normalized_name": "Always-Has-Been/Always-Has-Been",
      "meme_name": "Always-Has-Been",
      "post_id": 14,
      "english_label": "disgust",
      "response_time_ms": 10506
    },
    {
      "image_path": "Math-ladyConfused-lady/Math-ladyConfused-lady_18.png",
      "label": "其他",
      "response_time": "00:00:07.509",
      "timestamp_unix": 1750052431,
      "timestamp_unix_ms": 1750052431467,
      "timestamp_readable": "2025-06-16 05:40:31.467",
      "normalized_name": "Math-ladyConfused-lady/Math-ladyConfused-lady",
      "meme_name": "Math-ladyConfused-lady",
      "post_id": 18,
      "english_label": "others",
      "response_time_ms": 7509
    },
    {
      "image_path": "Dave-chappelle/Dave-chappelle_48.png",
      "label": "輕蔑",
      "response_time": "00:00:06.910",
      "timestamp_unix": 1750052438,
      "timestamp_unix_ms": 1750052438448,
      "timestamp_readable": "2025-06-16 05:40:38.448",
      "normalized_name": "Dave-chappelle/Dave-chappelle",
      "meme_name": "Dave-chappelle",
      "post_id": 48,
      "english_label": "contempt",
      "response_time_ms": 6910
    },
    {
      "image_path": "Table-Flip-Guy/Table-Flip-Guy_40.png",
      "label": "憤怒",
      "response_time": "00:00:10.007",
      "timestamp_unix": 1750052448,
      "timestamp_unix_ms": 1750052448511,
      "timestamp_readable": "2025-06-16 05:40:48.511",
      "normalized_name": "Table-Flip-Guy/Table-Flip-Guy",
      "meme_name": "Table-Flip-Guy",
      "post_id": 40,
      "english_label": "anger",
      "response_time_ms": 10007
    },
    {
      "image_path": "You-The-Real-MVP/You-The-Real-MVP_17.png",
      "label": "厭惡",
      "response_time": "00:00:13.008",
      "timestamp_unix": 1750052461,
      "timestamp_unix_ms": 1750052461573,
      "timestamp_readable": "2025-06-16 05:41:01.573",
      "normalized_name": "You-The-Real-MVP/You-The-Real-MVP",
      "meme_name": "You-The-Real-MVP",
      "post_id": 17,
      "english_label": "disgust",
      "response_time_ms": 13008
    },
    {
      "image_path": "Dinkleberg/Dinkleberg_9.png",
      "label": "厭惡",
      "response_time": "00:00:05.611",
      "timestamp_unix": 1750052467,
      "timestamp_unix_ms": 1750052467221,
      "timestamp_readable": "2025-06-16 05:41:07.221",
      "normalized_name": "Dinkleberg/Dinkleberg",
      "meme_name": "Dinkleberg",
      "post_id": 9,
      "english_label": "disgust",
      "response_time_ms": 5611
    }
  ],
  "session_start_unix": 1750051821,
  "session_status": "completed",
  "last_updated_unix": 1750052542,
  "image_order": [
    "Spiderman-Hospital/Spiderman-Hospital_10.png",
    "Happy--Shock/Happy--Shock_43.png",
    "Chill-guy/Chill-guy_32.png",
    "I-am-once-again-asking/I-am-once-again-asking_20.png",
    "Math-ladyConfused-lady/Math-ladyConfused-lady_18.png",
    "Archer/Archer_35.png",
    "Leonardo-Dicaprio-Wolf-Of-Wall-Street/Leonardo-Dicaprio-Wolf-Of-Wall-Street_29.png",
    "Mocking-Spongebob/Mocking-Spongebob_47.png",
    "Afraid-To-Ask-Andy/Afraid-To-Ask-Andy_23.png",
    "Charlie-Day/Charlie-Day_16.png",
    "Always-Has-Been/Always-Has-Been_14.png",
    "Picard-Wtf/Picard-Wtf_39.png",
    "Batman-Slapping-Robin/Batman-Slapping-Robin_33.png",
    "For-the-better-right-blank/For-the-better-right-blank_6.png",
    "Drake-NoYes/Drake-NoYes_7.png",
    "Laughing-wolf/Laughing-wolf_31.png",
    "DJ-Pauly-D/DJ-Pauly-D_2.png",
    "Always-you-three/Always-you-three_27.png",
    "Disappointed-Man/Disappointed-Man_22.png",
    "Smudge-the-cat/Smudge-the-cat_5.png",
    "Thats-a-paddlin/Thats-a-paddlin_42.png",
    "Hide-the-Pain-Harold/Hide-the-Pain-Harold_25.png",
    "attention_check/attention_check_Disgust.png",
    "Hold-fart/Hold-fart_15.png",
    "Im-The-Captain-Now/Im-The-Captain-Now_45.png",
    "Obi-Wan-Kenobi/Obi-Wan-Kenobi_1.png",
    "Spongebob-Yelling/Spongebob-Yelling_19.png",
    "Nuclear-Explosion/Nuclear-Explosion_30.png",
    "Dinkleberg/Dinkleberg_9.png",
    "Scooby-doo-mask-reveal/Scooby-doo-mask-reveal_44.png",
    "Disaster-Girl/Disaster-Girl_12.png",
    "Black-guy-hiding-behind-tree/Black-guy-hiding-behind-tree_28.png",
    "You-The-Real-MVP/You-The-Real-MVP_17.png",
    "Moe-throws-Barney/Moe-throws-Barney_36.png",
    "Ill-Have-You-Know-Spongebob/Ill-Have-You-Know-Spongebob_3.png",
    "Futurama-Fry/Futurama-Fry_8.png",
    "Monkey-Puppet/Monkey-Puppet_38.png",
    "Confused-Gandalf/Confused-Gandalf_26.png",
    "Mr-incredible-mad/Mr-incredible-mad_24.png",
    "Dave-chappelle/Dave-chappelle_48.png",
    "Surprised-Pikachu/Surprised-Pikachu_46.png",
    "Table-Flip-Guy/Table-Flip-Guy_40.png",
    "Kevin-Hart/Kevin-Hart_13.png",
    "Well-Yes-But-Actually-No/Well-Yes-But-Actually-No_41.png",
    "attention_check/attention_check_Others.png",
    "Mr-McMahon-reaction/Mr-McMahon-reaction_21.png",
    "Gru-Gun/Gru-Gun_49.png",
    "Persian-Cat-Room-Guardian/Persian-Cat-Room-Guardian_37.png",
    "Put-It-Somewhere-Else-Patrick/Put-It-Somewhere-Else-Patrick_11.png",
    "Angry-Baby/Angry-Baby_34.png",
    "Arthur-Fist/Arthur-Fist_50.png",
    "Khan/Khan_4.png"
  ],
  "completion_status": {
    "practice_completed": true,
    "game_started": true,
    "game_completed": true,
    "summary_viewed": true,
    "email_submitted": true
  },
  "timestamps_unix": {
    "registration_completed": 1750051821,
    "practice_started": 1750051821,
    "practice_completed": 1750051888,
    "game_started": 1750051888,
    "first_label": 1750051920,
    "last_label": 1750052467,
    "game_completed": 1750052469,
    "summary_viewed": 1750052469,
    "email_submitted": 1750052542,
    "session_end": 1750052542,
    "last_updated": 1750052542
  },
  "timestamps_unix_ms": {
    "registration_completed_ms": 1750051821354,
    "practice_started_ms": 1750051821397,
    "practice_completed_ms": 1750051888015,
    "game_started_ms": 1750051888033,
    "first_label_ms": 1750051920725,
    "last_label_ms": 1750052467221,
    "game_completed_ms": 1750052469749,
    "summary_viewed_ms": 1750052469765,
    "email_submitted_ms": 1750052542004,
    "session_end_ms": 1750052542004,
    "last_updated_ms": 1750052542004
  },
  "duration_stats_ms": {
    "total_session_duration_ms": 720650,
    "practice_duration_ms": 66618,
    "game_duration_ms": 581716,
    "labeling_duration_ms": 546496,
    "email_submission_duration_ms": 72239
  },
  "filename_updated_unix": 1750052469,
  "original_filename": "user_65d220",
  "completion_status_in_filename": "email_submitted"
}