{
  "user_id": "user_c2bd80",
  "file_name": "user_c2bd80_1750056833_1750057493_fullycomplete",
  "unix_start_time": 1750056833,
  "unix_start_time_ms": 1750056833703,
  "unix_end_time": 1750057493,
  "unix_end_time_ms": 1750057493487,
  "age": "25-29",
  "gender": "female",
  "user_agent": "Mozilla/5.0 (Windows NT 10.0; Win64; x64) AppleWebKit/537.36 (KHTML, like Gecko) Chrome/137.0.0.0 Safari/537.36",
  "user_ip": "223.139.92.151",
  "status": "complete",
  "email_provided": "complete",
  "attention_passed": true,
  "start_time_readable": "2025-06-16 06:53:53.703",
  "end_time_readable": "2025-06-16 07:04:53.487",
  "total_labels": 52,
  "emotion_summary": {
    "anger": 13,
    "contempt": 12,
    "disgust": 3,
    "others": 24
  },
  "email": "cindy6526275@gmail.com",
  "participation": "no",
  "total_responses": 52,
  "responses": [
    {
      "image_path": "Ill-Have-You-Know-Spongebob/Ill-Have-You-Know-Spongebob_9.png",
      "label": "輕蔑",
      "response_time": "00:00:04.400",
      "timestamp_unix": 1750056900,
      "timestamp_unix_ms": 1750056900755,
      "timestamp_readable": "2025-06-16 06:55:00.755",
      "normalized_name": "Ill-Have-You-Know-Spongebob/Ill-Have-You-Know-Spongebob",
      "meme_name": "Ill-Have-You-Know-Spongebob",
      "post_id": 9,
      "english_label": "contempt",
      "response_time_ms": 4400
    },
    {
      "image_path": "Picard-Wtf/Picard-Wtf_24.png",
      "label": "輕蔑",
      "response_time": "00:00:10.201",
      "timestamp_unix": 1750056911,
      "timestamp_unix_ms": 1750056911066,
      "timestamp_readable": "2025-06-16 06:55:11.066",
      "normalized_name": "Picard-Wtf/Picard-Wtf",
      "meme_name": "Picard-Wtf",
      "post_id": 24,
      "english_label": "contempt",
      "response_time_ms": 10201
    },
    {
      "image_path": "Angry-Baby/Angry-Baby_45.png",
      "label": "憤怒",
      "response_time": "00:00:06.901",
      "timestamp_unix": 1750056918,
      "timestamp_unix_ms": 1750056918076,
      "timestamp_readable": "2025-06-16 06:55:18.076",
      "normalized_name": "Angry-Baby/Angry-Baby",
      "meme_name": "Angry-Baby",
      "post_id": 45,
      "english_label": "anger",
      "response_time_ms": 6901
    },
    {
      "image_path": "Happy--Shock/Happy--Shock_34.png",
      "label": "其他",
      "response_time": "00:00:12.806",
      "timestamp_unix": 1750056931,
      "timestamp_unix_ms": 1750056931045,
      "timestamp_readable": "2025-06-16 06:55:31.045",
      "normalized_name": "Happy--Shock/Happy--Shock",
      "meme_name": "Happy--Shock",
      "post_id": 34,
      "english_label": "others",
      "response_time_ms": 12806
    },
    {
      "image_path": "For-the-better-right-blank/For-the-better-right-blank_17.png",
      "label": "其他",
      "response_time": "00:04:29.205",
      "timestamp_unix": 1750057200,
      "timestamp_unix_ms": 1750057200666,
      "timestamp_readable": "2025-06-16 07:00:00.666",
      "normalized_name": "For-the-better-right-blank/For-the-better-right-blank",
      "meme_name": "For-the-better-right-blank",
      "post_id": 17,
      "english_label": "others",
      "response_time_ms": 269205
    },
    {
      "image_path": "Dave-chappelle/Dave-chappelle_2.png",
      "label": "其他",
      "response_time": "00:00:06.903",
      "timestamp_unix": 1750057207,
      "timestamp_unix_ms": 1750057207715,
      "timestamp_readable": "2025-06-16 07:00:07.715",
      "normalized_name": "Dave-chappelle/Dave-chappelle",
      "meme_name": "Dave-chappelle",
      "post_id": 2,
      "english_label": "others",
      "response_time_ms": 6903
    },
    {
      "image_path": "Disappointed-Man/Disappointed-Man_20.png",
      "label": "憤怒",
      "response_time": "00:00:07.402",
      "timestamp_unix": 1750057215,
      "timestamp_unix_ms": 1750057215222,
      "timestamp_readable": "2025-06-16 07:00:15.222",
      "normalized_name": "Disappointed-Man/Disappointed-Man",
      "meme_name": "Disappointed-Man",
      "post_id": 20,
      "english_label": "anger",
      "response_time_ms": 7402
    },
    {
      "image_path": "Batman-Slapping-Robin/Batman-Slapping-Robin_44.png",
      "label": "憤怒",
      "response_time": "00:00:04.003",
      "timestamp_unix": 1750057219,
      "timestamp_unix_ms": 1750057219366,
      "timestamp_readable": "2025-06-16 07:00:19.366",
      "normalized_name": "Batman-Slapping-Robin/Batman-Slapping-Robin",
      "meme_name": "Batman-Slapping-Robin",
      "post_id": 44,
      "english_label": "anger",
      "response_time_ms": 4003
    },
    {
      "image_path": "Futurama-Fry/Futurama-Fry_26.png",
      "label": "輕蔑",
      "response_time": "00:00:03.114",
      "timestamp_unix": 1750057222,
      "timestamp_unix_ms": 1750057222555,
      "timestamp_readable": "2025-06-16 07:00:22.555",
      "normalized_name": "Futurama-Fry/Futurama-Fry",
      "meme_name": "Futurama-Fry",
      "post_id": 26,
      "english_label": "contempt",
      "response_time_ms": 3114
    },
    {
      "image_path": "Khan/Khan_32.png",
      "label": "憤怒",
      "response_time": "00:00:04.005",
      "timestamp_unix": 1750057226,
      "timestamp_unix_ms": 1750057226696,
      "timestamp_readable": "2025-06-16 07:00:26.696",
      "normalized_name": "Khan/Khan",
      "meme_name": "Khan",
      "post_id": 32,
      "english_label": "anger",
      "response_time_ms": 4005
    },
    {
      "image_path": "Afraid-To-Ask-Andy/Afraid-To-Ask-Andy_6.png",
      "label": "其他",
      "response_time": "00:00:04.802",
      "timestamp_unix": 1750057231,
      "timestamp_unix_ms": 1750057231615,
      "timestamp_readable": "2025-06-16 07:00:31.615",
      "normalized_name": "Afraid-To-Ask-Andy/Afraid-To-Ask-Andy",
      "meme_name": "Afraid-To-Ask-Andy",
      "post_id": 6,
      "english_label": "others",
      "response_time_ms": 4802
    },
    {
      "image_path": "Table-Flip-Guy/Table-Flip-Guy_40.png",
      "label": "憤怒",
      "response_time": "00:00:05.600",
      "timestamp_unix": 1750057237,
      "timestamp_unix_ms": 1750057237395,
      "timestamp_readable": "2025-06-16 07:00:37.395",
      "normalized_name": "Table-Flip-Guy/Table-Flip-Guy",
      "meme_name": "Table-Flip-Guy",
      "post_id": 40,
      "english_label": "anger",
      "response_time_ms": 5600
    },
    {
      "image_path": "Chill-guy/Chill-guy_48.png",
      "label": "輕蔑",
      "response_time": "00:00:05.412",
      "timestamp_unix": 1750057242,
      "timestamp_unix_ms": 1750057242966,
      "timestamp_readable": "2025-06-16 07:00:42.966",
      "normalized_name": "Chill-guy/Chill-guy",
      "meme_name": "Chill-guy",
      "post_id": 48,
      "english_label": "contempt",
      "response_time_ms": 5412
    },
    {
      "image_path": "Moe-throws-Barney/Moe-throws-Barney_39.png",
      "label": "其他",
      "response_time": "00:00:13.007",
      "timestamp_unix": 1750057256,
      "timestamp_unix_ms": 1750057256066,
      "timestamp_readable": "2025-06-16 07:00:56.066",
      "normalized_name": "Moe-throws-Barney/Moe-throws-Barney",
      "meme_name": "Moe-throws-Barney",
      "post_id": 39,
      "english_label": "others",
      "response_time_ms": 13007
    },
    {
      "image_path": "Mr-McMahon-reaction/Mr-McMahon-reaction_23.png",
      "label": "憤怒",
      "response_time": "00:00:11.602",
      "timestamp_unix": 1750057267,
      "timestamp_unix_ms": 1750057267835,
      "timestamp_readable": "2025-06-16 07:01:07.835",
      "normalized_name": "Mr-McMahon-reaction/Mr-McMahon-reaction",
      "meme_name": "Mr-McMahon-reaction",
      "post_id": 23,
      "english_label": "anger",
      "response_time_ms": 11602
    },
    {
      "image_path": "Nuclear-Explosion/Nuclear-Explosion_35.png",
      "label": "憤怒",
      "response_time": "00:00:04.904",
      "timestamp_unix": 1750057272,
      "timestamp_unix_ms": 1750057272862,
      "timestamp_readable": "2025-06-16 07:01:12.862",
      "normalized_name": "Nuclear-Explosion/Nuclear-Explosion",
      "meme_name": "Nuclear-Explosion",
      "post_id": 35,
      "english_label": "anger",
      "response_time_ms": 4904
    },
    {
      "image_path": "Laughing-wolf/Laughing-wolf_42.png",
      "label": "輕蔑",
      "response_time": "00:00:06.103",
      "timestamp_unix": 1750057279,
      "timestamp_unix_ms": 1750057279124,
      "timestamp_readable": "2025-06-16 07:01:19.124",
      "normalized_name": "Laughing-wolf/Laughing-wolf",
      "meme_name": "Laughing-wolf",
      "post_id": 42,
      "english_label": "contempt",
      "response_time_ms": 6103
    },
    {
      "image_path": "Dinkleberg/Dinkleberg_43.png",
      "label": "輕蔑",
      "response_time": "00:00:04.401",
      "timestamp_unix": 1750057283,
      "timestamp_unix_ms": 1750057283714,
      "timestamp_readable": "2025-06-16 07:01:23.714",
      "normalized_name": "Dinkleberg/Dinkleberg",
      "meme_name": "Dinkleberg",
      "post_id": 43,
      "english_label": "contempt",
      "response_time_ms": 4401
    },
    {
      "image_path": "Arthur-Fist/Arthur-Fist_5.png",
      "label": "憤怒",
      "response_time": "00:00:04.010",
      "timestamp_unix": 1750057287,
      "timestamp_unix_ms": 1750057287853,
      "timestamp_readable": "2025-06-16 07:01:27.853",
      "normalized_name": "Arthur-Fist/Arthur-Fist",
      "meme_name": "Arthur-Fist",
      "post_id": 5,
      "english_label": "anger",
      "response_time_ms": 4010
    },
    {
      "image_path": "Kevin-Hart/Kevin-Hart_29.png",
      "label": "其他",
      "response_time": "00:00:03.801",
      "timestamp_unix": 1750057291,
      "timestamp_unix_ms": 1750057291757,
      "timestamp_readable": "2025-06-16 07:01:31.757",
      "normalized_name": "Kevin-Hart/Kevin-Hart",
      "meme_name": "Kevin-Hart",
      "post_id": 29,
      "english_label": "others",
      "response_time_ms": 3801
    },
    {
      "image_path": "Drake-NoYes/Drake-NoYes_13.png",
      "label": "輕蔑",
      "response_time": "00:00:04.009",
      "timestamp_unix": 1750057295,
      "timestamp_unix_ms": 1750057295923,
      "timestamp_readable": "2025-06-16 07:01:35.923",
      "normalized_name": "Drake-NoYes/Drake-NoYes",
      "meme_name": "Drake-NoYes",
      "post_id": 13,
      "english_label": "contempt",
      "response_time_ms": 4009
    },
    {
      "image_path": "Hold-fart/Hold-fart_47.png",
      "label": "憤怒",
      "response_time": "00:00:04.108",
      "timestamp_unix": 1750057300,
      "timestamp_unix_ms": 1750057300197,
      "timestamp_readable": "2025-06-16 07:01:40.197",
      "normalized_name": "Hold-fart/Hold-fart",
      "meme_name": "Hold-fart",
      "post_id": 47,
      "english_label": "anger",
      "response_time_ms": 4108
    },
    {
      "image_path": "Surprised-Pikachu/Surprised-Pikachu_49.png",
      "label": "其他",
      "response_time": "00:00:03.807",
      "timestamp_unix": 1750057304,
      "timestamp_unix_ms": 1750057304113,
      "timestamp_readable": "2025-06-16 07:01:44.113",
      "normalized_name": "Surprised-Pikachu/Surprised-Pikachu",
      "meme_name": "Surprised-Pikachu",
      "post_id": 49,
      "english_label": "others",
      "response_time_ms": 3807
    },
    {
      "image_path": "Math-ladyConfused-lady/Math-ladyConfused-lady_38.png",
      "label": "其他",
      "response_time": "00:00:03.205",
      "timestamp_unix": 1750057307,
      "timestamp_unix_ms": 1750057307497,
      "timestamp_readable": "2025-06-16 07:01:47.497",
      "normalized_name": "Math-ladyConfused-lady/Math-ladyConfused-lady",
      "meme_name": "Math-ladyConfused-lady",
      "post_id": 38,
      "english_label": "others",
      "response_time_ms": 3205
    },
    {
      "image_path": "Thats-a-paddlin/Thats-a-paddlin_15.png",
      "label": "憤怒",
      "response_time": "00:00:03.705",
      "timestamp_unix": 1750057311,
      "timestamp_unix_ms": 1750057311334,
      "timestamp_readable": "2025-06-16 07:01:51.334",
      "normalized_name": "Thats-a-paddlin/Thats-a-paddlin",
      "meme_name": "Thats-a-paddlin",
      "post_id": 15,
      "english_label": "anger",
      "response_time_ms": 3705
    },
    {
      "image_path": "attention_check/attention_check_Anger.png",
      "label": "憤怒",
      "response_time": "00:00:09.000",
      "timestamp_unix": 1750057320,
      "timestamp_unix_ms": 1750057320486,
      "timestamp_readable": "2025-06-16 07:02:00.486",
      "normalized_name": "attention_check/attention_check_Anger.png",
      "meme_name": "attention_check",
      "post_id": null,
      "english_label": "anger",
      "response_time_ms": 9000
    },
    {
      "image_path": "Obi-Wan-Kenobi/Obi-Wan-Kenobi_30.png",
      "label": "其他",
      "response_time": "00:00:10.004",
      "timestamp_unix": 1750057330,
      "timestamp_unix_ms": 1750057330668,
      "timestamp_readable": "2025-06-16 07:02:10.668",
      "normalized_name": "Obi-Wan-Kenobi/Obi-Wan-Kenobi",
      "meme_name": "Obi-Wan-Kenobi",
      "post_id": 30,
      "english_label": "others",
      "response_time_ms": 10004
    },
    {
      "image_path": "Gru-Gun/Gru-Gun_27.png",
      "label": "厭惡",
      "response_time": "00:00:05.902",
      "timestamp_unix": 1750057336,
      "timestamp_unix_ms": 1750057336742,
      "timestamp_readable": "2025-06-16 07:02:16.742",
      "normalized_name": "Gru-Gun/Gru-Gun",
      "meme_name": "Gru-Gun",
      "post_id": 27,
      "english_label": "disgust",
      "response_time_ms": 5902
    },
    {
      "image_path": "Confused-Gandalf/Confused-Gandalf_4.png",
      "label": "其他",
      "response_time": "00:00:05.302",
      "timestamp_unix": 1750057342,
      "timestamp_unix_ms": 1750057342182,
      "timestamp_readable": "2025-06-16 07:02:22.182",
      "normalized_name": "Confused-Gandalf/Confused-Gandalf",
      "meme_name": "Confused-Gandalf",
      "post_id": 4,
      "english_label": "others",
      "response_time_ms": 5302
    },
    {
      "image_path": "Scooby-doo-mask-reveal/Scooby-doo-mask-reveal_21.png",
      "label": "其他",
      "response_time": "00:00:07.901",
      "timestamp_unix": 1750057350,
      "timestamp_unix_ms": 1750057350205,
      "timestamp_readable": "2025-06-16 07:02:30.205",
      "normalized_name": "Scooby-doo-mask-reveal/Scooby-doo-mask-reveal",
      "meme_name": "Scooby-doo-mask-reveal",
      "post_id": 21,
      "english_label": "others",
      "response_time_ms": 7901
    },
    {
      "image_path": "DJ-Pauly-D/DJ-Pauly-D_1.png",
      "label": "厭惡",
      "response_time": "00:00:06.405",
      "timestamp_unix": 1750057356,
      "timestamp_unix_ms": 1750057356726,
      "timestamp_readable": "2025-06-16 07:02:36.726",
      "normalized_name": "DJ-Pauly-D/DJ-Pauly-D",
      "meme_name": "DJ-Pauly-D",
      "post_id": 1,
      "english_label": "disgust",
      "response_time_ms": 6405
    },
    {
      "image_path": "Mr-incredible-mad/Mr-incredible-mad_46.png",
      "label": "憤怒",
      "response_time": "00:00:03.401",
      "timestamp_unix": 1750057360,
      "timestamp_unix_ms": 1750057360269,
      "timestamp_readable": "2025-06-16 07:02:40.269",
      "normalized_name": "Mr-incredible-mad/Mr-incredible-mad",
      "meme_name": "Mr-incredible-mad",
      "post_id": 46,
      "english_label": "anger",
      "response_time_ms": 3401
    },
    {
      "image_path": "Hide-the-Pain-Harold/Hide-the-Pain-Harold_3.png",
      "label": "其他",
      "response_time": "00:00:03.315",
      "timestamp_unix": 1750057363,
      "timestamp_unix_ms": 1750057363665,
      "timestamp_readable": "2025-06-16 07:02:43.665",
      "normalized_name": "Hide-the-Pain-Harold/Hide-the-Pain-Harold",
      "meme_name": "Hide-the-Pain-Harold",
      "post_id": 3,
      "english_label": "others",
      "response_time_ms": 3315
    },
    {
      "image_path": "Monkey-Puppet/Monkey-Puppet_14.png",
      "label": "其他",
      "response_time": "00:00:05.706",
      "timestamp_unix": 1750057369,
      "timestamp_unix_ms": 1750057369489,
      "timestamp_readable": "2025-06-16 07:02:49.489",
      "normalized_name": "Monkey-Puppet/Monkey-Puppet",
      "meme_name": "Monkey-Puppet",
      "post_id": 14,
      "english_label": "others",
      "response_time_ms": 5706
    },
    {
      "image_path": "Always-you-three/Always-you-three_28.png",
      "label": "其他",
      "response_time": "00:00:04.101",
      "timestamp_unix": 1750057373,
      "timestamp_unix_ms": 1750057373756,
      "timestamp_readable": "2025-06-16 07:02:53.756",
      "normalized_name": "Always-you-three/Always-you-three",
      "meme_name": "Always-you-three",
      "post_id": 28,
      "english_label": "others",
      "response_time_ms": 4101
    },
    {
      "image_path": "You-The-Real-MVP/You-The-Real-MVP_50.png",
      "label": "輕蔑",
      "response_time": "00:00:08.801",
      "timestamp_unix": 1750057382,
      "timestamp_unix_ms": 1750057382665,
      "timestamp_readable": "2025-06-16 07:03:02.665",
      "normalized_name": "You-The-Real-MVP/You-The-Real-MVP",
      "meme_name": "You-The-Real-MVP",
      "post_id": 50,
      "english_label": "contempt",
      "response_time_ms": 8801
    },
    {
      "image_path": "Leonardo-Dicaprio-Wolf-Of-Wall-Street/Leonardo-Dicaprio-Wolf-Of-Wall-Street_12.png",
      "label": "其他",
      "response_time": "00:00:04.701",
      "timestamp_unix": 1750057387,
      "timestamp_unix_ms": 1750057387542,
      "timestamp_readable": "2025-06-16 07:03:07.542",
      "normalized_name": "Leonardo-Dicaprio-Wolf-Of-Wall-Street/Leonardo-Dicaprio-Wolf-Of-Wall-Street",
      "meme_name": "Leonardo-Dicaprio-Wolf-Of-Wall-Street",
      "post_id": 12,
      "english_label": "others",
      "response_time_ms": 4701
    },
    {
      "image_path": "Put-It-Somewhere-Else-Patrick/Put-It-Somewhere-Else-Patrick_16.png",
      "label": "其他",
      "response_time": "00:00:07.503",
      "timestamp_unix": 1750057395,
      "timestamp_unix_ms": 1750057395193,
      "timestamp_readable": "2025-06-16 07:03:15.193",
      "normalized_name": "Put-It-Somewhere-Else-Patrick/Put-It-Somewhere-Else-Patrick",
      "meme_name": "Put-It-Somewhere-Else-Patrick",
      "post_id": 16,
      "english_label": "others",
      "response_time_ms": 7503
    },
    {
      "image_path": "Persian-Cat-Room-Guardian/Persian-Cat-Room-Guardian_33.png",
      "label": "其他",
      "response_time": "00:00:04.501",
      "timestamp_unix": 1750057399,
      "timestamp_unix_ms": 1750057399899,
      "timestamp_readable": "2025-06-16 07:03:19.899",
      "normalized_name": "Persian-Cat-Room-Guardian/Persian-Cat-Room-Guardian",
      "meme_name": "Persian-Cat-Room-Guardian",
      "post_id": 33,
      "english_label": "others",
      "response_time_ms": 4501
    },
    {
      "image_path": "Well-Yes-But-Actually-No/Well-Yes-But-Actually-No_25.png",
      "label": "其他",
      "response_time": "00:00:07.404",
      "timestamp_unix": 1750057407,
      "timestamp_unix_ms": 1750057407463,
      "timestamp_readable": "2025-06-16 07:03:27.463",
      "normalized_name": "Well-Yes-But-Actually-No/Well-Yes-But-Actually-No",
      "meme_name": "Well-Yes-But-Actually-No",
      "post_id": 25,
      "english_label": "others",
      "response_time_ms": 7404
    },
    {
      "image_path": "Smudge-the-cat/Smudge-the-cat_37.png",
      "label": "其他",
      "response_time": "00:00:06.204",
      "timestamp_unix": 1750057413,
      "timestamp_unix_ms": 1750057413799,
      "timestamp_readable": "2025-06-16 07:03:33.799",
      "normalized_name": "Smudge-the-cat/Smudge-the-cat",
      "meme_name": "Smudge-the-cat",
      "post_id": 37,
      "english_label": "others",
      "response_time_ms": 6204
    },
    {
      "image_path": "Spiderman-Hospital/Spiderman-Hospital_41.png",
      "label": "其他",
      "response_time": "00:00:03.500",
      "timestamp_unix": 1750057417,
      "timestamp_unix_ms": 1750057417472,
      "timestamp_readable": "2025-06-16 07:03:37.472",
      "normalized_name": "Spiderman-Hospital/Spiderman-Hospital",
      "meme_name": "Spiderman-Hospital",
      "post_id": 41,
      "english_label": "others",
      "response_time_ms": 3500
    },
    {
      "image_path": "Spongebob-Yelling/Spongebob-Yelling_18.png",
      "label": "憤怒",
      "response_time": "00:00:09.907",
      "timestamp_unix": 1750057427,
      "timestamp_unix_ms": 1750057427575,
      "timestamp_readable": "2025-06-16 07:03:47.575",
      "normalized_name": "Spongebob-Yelling/Spongebob-Yelling",
      "meme_name": "Spongebob-Yelling",
      "post_id": 18,
      "english_label": "anger",
      "response_time_ms": 9907
    },
    {
      "image_path": "I-am-once-again-asking/I-am-once-again-asking_8.png",
      "label": "其他",
      "response_time": "00:00:09.411",
      "timestamp_unix": 1750057437,
      "timestamp_unix_ms": 1750057437106,
      "timestamp_readable": "2025-06-16 07:03:57.106",
      "normalized_name": "I-am-once-again-asking/I-am-once-again-asking",
      "meme_name": "I-am-once-again-asking",
      "post_id": 8,
      "english_label": "others",
      "response_time_ms": 9411
    },
    {
      "image_path": "Archer/Archer_22.png",
      "label": "輕蔑",
      "response_time": "00:00:03.612",
      "timestamp_unix": 1750057440,
      "timestamp_unix_ms": 1750057440805,
      "timestamp_readable": "2025-06-16 07:04:00.805",
      "normalized_name": "Archer/Archer",
      "meme_name": "Archer",
      "post_id": 22,
      "english_label": "contempt",
      "response_time_ms": 3612
    },
    {
      "image_path": "Black-guy-hiding-behind-tree/Black-guy-hiding-behind-tree_19.png",
      "label": "輕蔑",
      "response_time": "00:00:05.907",
      "timestamp_unix": 1750057446,
      "timestamp_unix_ms": 1750057446887,
      "timestamp_readable": "2025-06-16 07:04:06.887",
      "normalized_name": "Black-guy-hiding-behind-tree/Black-guy-hiding-behind-tree",
      "meme_name": "Black-guy-hiding-behind-tree",
      "post_id": 19,
      "english_label": "contempt",
      "response_time_ms": 5907
    },
    {
      "image_path": "Charlie-Day/Charlie-Day_10.png",
      "label": "其他",
      "response_time": "00:00:06.701",
      "timestamp_unix": 1750057453,
      "timestamp_unix_ms": 1750057453763,
      "timestamp_readable": "2025-06-16 07:04:13.763",
      "normalized_name": "Charlie-Day/Charlie-Day",
      "meme_name": "Charlie-Day",
      "post_id": 10,
      "english_label": "others",
      "response_time_ms": 6701
    },
    {
      "image_path": "Im-The-Captain-Now/Im-The-Captain-Now_36.png",
      "label": "厭惡",
      "response_time": "00:00:06.308",
      "timestamp_unix": 1750057460,
      "timestamp_unix_ms": 1750057460259,
      "timestamp_readable": "2025-06-16 07:04:20.259",
      "normalized_name": "Im-The-Captain-Now/Im-The-Captain-Now",
      "meme_name": "Im-The-Captain-Now",
      "post_id": 36,
      "english_label": "disgust",
      "response_time_ms": 6308
    },
    {
      "image_path": "Disaster-Girl/Disaster-Girl_7.png",
      "label": "輕蔑",
      "response_time": "00:00:06.701",
      "timestamp_unix": 1750057467,
      "timestamp_unix_ms": 1750057467133,
      "timestamp_readable": "2025-06-16 07:04:27.133",
      "normalized_name": "Disaster-Girl/Disaster-Girl",
      "meme_name": "Disaster-Girl",
      "post_id": 7,
      "english_label": "contempt",
      "response_time_ms": 6701
    },
    {
      "image_path": "attention_check/attention_check_Others.png",
      "label": "其他",
      "response_time": "00:00:02.912",
      "timestamp_unix": 1750057470,
      "timestamp_unix_ms": 1750057470196,
      "timestamp_readable": "2025-06-16 07:04:30.196",
      "normalized_name": "attention_check/attention_check_Others.png",
      "meme_name": "attention_check",
      "post_id": null,
      "english_label": "others",
      "response_time_ms": 2912
    },
    {
      "image_path": "Always-Has-Been/Always-Has-Been_11.png",
      "label": "其他",
      "response_time": "00:00:03.801",
      "timestamp_unix": 1750057474,
      "timestamp_unix_ms": 1750057474122,
      "timestamp_readable": "2025-06-16 07:04:34.122",
      "normalized_name": "Always-Has-Been/Always-Has-Been",
      "meme_name": "Always-Has-Been",
      "post_id": 11,
      "english_label": "others",
      "response_time_ms": 3801
    },
    {
      "image_path": "Mocking-Spongebob/Mocking-Spongebob_31.png",
      "label": "輕蔑",
      "response_time": "00:00:04.004",
      "timestamp_unix": 1750057478,
      "timestamp_unix_ms": 1750057478323,
      "timestamp_readable": "2025-06-16 07:04:38.323",
      "normalized_name": "Mocking-Spongebob/Mocking-Spongebob",
      "meme_name": "Mocking-Spongebob",
      "post_id": 31,
      "english_label": "contempt",
      "response_time_ms": 4004
    }
  ],
  "session_start_unix": 1750056833,
  "session_status": "completed",
  "last_updated_unix": 1750057493,
  "image_order": [
    "Spiderman-Hospital/Spiderman-Hospital_41.png",
    "Happy--Shock/Happy--Shock_34.png",
    "Chill-guy/Chill-guy_48.png",
    "I-am-once-again-asking/I-am-once-again-asking_8.png",
    "Math-ladyConfused-lady/Math-ladyConfused-lady_38.png",
    "Archer/Archer_22.png",
    "Leonardo-Dicaprio-Wolf-Of-Wall-Street/Leonardo-Dicaprio-Wolf-Of-Wall-Street_12.png",
    "Mocking-Spongebob/Mocking-Spongebob_31.png",
    "Afraid-To-Ask-Andy/Afraid-To-Ask-Andy_6.png",
    "Charlie-Day/Charlie-Day_10.png",
    "Always-Has-Been/Always-Has-Been_11.png",
    "Picard-Wtf/Picard-Wtf_24.png",
    "Batman-Slapping-Robin/Batman-Slapping-Robin_44.png",
    "For-the-better-right-blank/For-the-better-right-blank_17.png",
    "Drake-NoYes/Drake-NoYes_13.png",
    "Laughing-wolf/Laughing-wolf_42.png",
    "DJ-Pauly-D/DJ-Pauly-D_1.png",
    "Always-you-three/Always-you-three_28.png",
    "Disappointed-Man/Disappointed-Man_20.png",
    "Smudge-the-cat/Smudge-the-cat_37.png",
    "Thats-a-paddlin/Thats-a-paddlin_15.png",
    "Hide-the-Pain-Harold/Hide-the-Pain-Harold_3.png",
    "Hold-fart/Hold-fart_47.png",
    "Im-The-Captain-Now/Im-The-Captain-Now_36.png",
    "Obi-Wan-Kenobi/Obi-Wan-Kenobi_30.png",
    "attention_check/attention_check_Anger.png",
    "Spongebob-Yelling/Spongebob-Yelling_18.png",
    "Nuclear-Explosion/Nuclear-Explosion_35.png",
    "Dinkleberg/Dinkleberg_43.png",
    "Scooby-doo-mask-reveal/Scooby-doo-mask-reveal_21.png",
    "Disaster-Girl/Disaster-Girl_7.png",
    "Black-guy-hiding-behind-tree/Black-guy-hiding-behind-tree_19.png",
    "You-The-Real-MVP/You-The-Real-MVP_50.png",
    "Moe-throws-Barney/Moe-throws-Barney_39.png",
    "Ill-Have-You-Know-Spongebob/Ill-Have-You-Know-Spongebob_9.png",
    "Futurama-Fry/Futurama-Fry_26.png",
    "Monkey-Puppet/Monkey-Puppet_14.png",
    "Confused-Gandalf/Confused-Gandalf_4.png",
    "Mr-incredible-mad/Mr-incredible-mad_46.png",
    "Dave-chappelle/Dave-chappelle_2.png",
    "Surprised-Pikachu/Surprised-Pikachu_49.png",
    "Table-Flip-Guy/Table-Flip-Guy_40.png",
    "Kevin-Hart/Kevin-Hart_29.png",
    "Well-Yes-But-Actually-No/Well-Yes-But-Actually-No_25.png",
    "Mr-McMahon-reaction/Mr-McMahon-reaction_23.png",
    "Gru-Gun/Gru-Gun_27.png",
    "Persian-Cat-Room-Guardian/Persian-Cat-Room-Guardian_33.png",
    "Put-It-Somewhere-Else-Patrick/Put-It-Somewhere-Else-Patrick_16.png",
    "Angry-Baby/Angry-Baby_45.png",
    "attention_check/attention_check_Others.png",
    "Arthur-Fist/Arthur-Fist_5.png",
    "Khan/Khan_32.png"
  ],
  "completion_status": {
    "practice_completed": true,
    "game_started": true,
    "game_completed": true,
    "summary_viewed": true,
    "email_submitted": true
  },
  "timestamps_unix": {
    "registration_completed": 1750056833,
    "practice_started": 1750056833,
    "practice_completed": 1750056896,
    "game_started": 1750056896,
    "first_label": 1750056900,
    "last_label": 1750057478,
    "game_completed": 1750057480,
    "summary_viewed": 1750057480,
    "email_submitted": 1750057493,
    "session_end": 1750057493,
    "last_updated": 1750057493
  },
  "timestamps_unix_ms": {
    "registration_completed_ms": 1750056833703,
    "practice_started_ms": 1750056833794,
    "practice_completed_ms": 1750056896070,
    "game_started_ms": 1750056896089,
    "first_label_ms": 1750056900755,
    "last_label_ms": 1750057478323,
    "game_completed_ms": 1750057480200,
    "summary_viewed_ms": 1750057480221,
    "email_submitted_ms": 1750057493466,
    "session_end_ms": 1750057493466,
    "last_updated_ms": 1750057493466
  },
  "duration_stats_ms": {
    "total_session_duration_ms": 659763,
    "practice_duration_ms": 62276,
    "game_duration_ms": 584111,
    "labeling_duration_ms": 577568,
    "email_submission_duration_ms": 13245
  },
  "filename_updated_unix": 1750057480,
  "original_filename": "user_c2bd80",
  "completion_status_in_filename": "email_submitted"
}