{
  "user_id": "user_653c48",
  "file_name": "user_653c48_1751344902_1751345167_fullycomplete",
  "unix_start_time": 1751344902,
  "unix_start_time_ms": 1751344902907,
  "unix_end_time": 1751345167,
  "unix_end_time_ms": 1751345167883,
  "age": "35-39",
  "gender": "male",
  "user_agent": "Mozilla/5.0 (Windows NT 10.0; Win64; x64) AppleWebKit/537.36 (KHTML, like Gecko) Chrome/137.0.0.0 Safari/537.36",
  "user_ip": "60.250.54.101",
  "status": "complete",
  "email_provided": "complete",
  "attention_passed": true,
  "start_time_readable": "2025-07-01 04:41:42.907",
  "end_time_readable": "2025-07-01 04:46:07.883",
  "total_labels": 52,
  "emotion_summary": {
    "anger": 12,
    "contempt": 19,
    "disgust": 8,
    "others": 13
  },
  "email": "oaf0462@gmail.com",
  "participation": "yes",
  "total_responses": 52,
  "responses": [
    {
      "image_path": "Smudge-the-cat/Smudge-the-cat_50.png",
      "label": "輕蔑",
      "response_time": "00:00:06.112",
      "timestamp_unix": 1751344937,
      "timestamp_unix_ms": 1751344937572,
      "timestamp_readable": "2025-07-01 04:42:17.572",
      "normalized_name": "Smudge-the-cat/Smudge-the-cat",
      "meme_name": "Smudge-the-cat",
      "post_id": 50,
      "english_label": "contempt",
      "response_time_ms": 6112
    },
    {
      "image_path": "Im-The-Captain-Now/Im-The-Captain-Now_14.png",
      "label": "輕蔑",
      "response_time": "00:00:02.810",
      "timestamp_unix": 1751344940,
      "timestamp_unix_ms": 1751344940405,
      "timestamp_readable": "2025-07-01 04:42:20.405",
      "normalized_name": "Im-The-Captain-Now/Im-The-Captain-Now",
      "meme_name": "Im-The-Captain-Now",
      "post_id": 14,
      "english_label": "contempt",
      "response_time_ms": 2810
    },
    {
      "image_path": "Put-It-Somewhere-Else-Patrick/Put-It-Somewhere-Else-Patrick_6.png",
      "label": "厭惡",
      "response_time": "00:00:05.408",
      "timestamp_unix": 1751344945,
      "timestamp_unix_ms": 1751344945871,
      "timestamp_readable": "2025-07-01 04:42:25.871",
      "normalized_name": "Put-It-Somewhere-Else-Patrick/Put-It-Somewhere-Else-Patrick",
      "meme_name": "Put-It-Somewhere-Else-Patrick",
      "post_id": 6,
      "english_label": "disgust",
      "response_time_ms": 5408
    },
    {
      "image_path": "Persian-Cat-Room-Guardian/Persian-Cat-Room-Guardian_23.png",
      "label": "輕蔑",
      "response_time": "00:00:02.007",
      "timestamp_unix": 1751344947,
      "timestamp_unix_ms": 1751344947938,
      "timestamp_readable": "2025-07-01 04:42:27.938",
      "normalized_name": "Persian-Cat-Room-Guardian/Persian-Cat-Room-Guardian",
      "meme_name": "Persian-Cat-Room-Guardian",
      "post_id": 23,
      "english_label": "contempt",
      "response_time_ms": 2007
    },
    {
      "image_path": "Always-Has-Been/Always-Has-Been_37.png",
      "label": "厭惡",
      "response_time": "00:00:08.908",
      "timestamp_unix": 1751344956,
      "timestamp_unix_ms": 1751344956952,
      "timestamp_readable": "2025-07-01 04:42:36.952",
      "normalized_name": "Always-Has-Been/Always-Has-Been",
      "meme_name": "Always-Has-Been",
      "post_id": 37,
      "english_label": "disgust",
      "response_time_ms": 8908
    },
    {
      "image_path": "Archer/Archer_15.png",
      "label": "輕蔑",
      "response_time": "00:00:02.510",
      "timestamp_unix": 1751344959,
      "timestamp_unix_ms": 1751344959569,
      "timestamp_readable": "2025-07-01 04:42:39.569",
      "normalized_name": "Archer/Archer",
      "meme_name": "Archer",
      "post_id": 15,
      "english_label": "contempt",
      "response_time_ms": 2510
    },
    {
      "image_path": "Drake-NoYes/Drake-NoYes_43.png",
      "label": "其他",
      "response_time": "00:00:03.511",
      "timestamp_unix": 1751344963,
      "timestamp_unix_ms": 1751344963102,
      "timestamp_readable": "2025-07-01 04:42:43.102",
      "normalized_name": "Drake-NoYes/Drake-NoYes",
      "meme_name": "Drake-NoYes",
      "post_id": 43,
      "english_label": "others",
      "response_time_ms": 3511
    },
    {
      "image_path": "Hold-fart/Hold-fart_12.png",
      "label": "憤怒",
      "response_time": "00:00:02.209",
      "timestamp_unix": 1751344965,
      "timestamp_unix_ms": 1751344965401,
      "timestamp_readable": "2025-07-01 04:42:45.401",
      "normalized_name": "Hold-fart/Hold-fart",
      "meme_name": "Hold-fart",
      "post_id": 12,
      "english_label": "anger",
      "response_time_ms": 2209
    },
    {
      "image_path": "Batman-Slapping-Robin/Batman-Slapping-Robin_45.png",
      "label": "憤怒",
      "response_time": "00:00:01.210",
      "timestamp_unix": 1751344966,
      "timestamp_unix_ms": 1751344966718,
      "timestamp_readable": "2025-07-01 04:42:46.718",
      "normalized_name": "Batman-Slapping-Robin/Batman-Slapping-Robin",
      "meme_name": "Batman-Slapping-Robin",
      "post_id": 45,
      "english_label": "anger",
      "response_time_ms": 1210
    },
    {
      "image_path": "Moe-throws-Barney/Moe-throws-Barney_3.png",
      "label": "輕蔑",
      "response_time": "00:00:01.509",
      "timestamp_unix": 1751344968,
      "timestamp_unix_ms": 1751344968318,
      "timestamp_readable": "2025-07-01 04:42:48.318",
      "normalized_name": "Moe-throws-Barney/Moe-throws-Barney",
      "meme_name": "Moe-throws-Barney",
      "post_id": 3,
      "english_label": "contempt",
      "response_time_ms": 1509
    },
    {
      "image_path": "Dave-chappelle/Dave-chappelle_4.png",
      "label": "其他",
      "response_time": "00:00:02.807",
      "timestamp_unix": 1751344971,
      "timestamp_unix_ms": 1751344971200,
      "timestamp_readable": "2025-07-01 04:42:51.200",
      "normalized_name": "Dave-chappelle/Dave-chappelle",
      "meme_name": "Dave-chappelle",
      "post_id": 4,
      "english_label": "others",
      "response_time_ms": 2807
    },
    {
      "image_path": "Mr-incredible-mad/Mr-incredible-mad_1.png",
      "label": "憤怒",
      "response_time": "00:00:01.709",
      "timestamp_unix": 1751344972,
      "timestamp_unix_ms": 1751344972968,
      "timestamp_readable": "2025-07-01 04:42:52.968",
      "normalized_name": "Mr-incredible-mad/Mr-incredible-mad",
      "meme_name": "Mr-incredible-mad",
      "post_id": 1,
      "english_label": "anger",
      "response_time_ms": 1709
    },
    {
      "image_path": "Black-guy-hiding-behind-tree/Black-guy-hiding-behind-tree_11.png",
      "label": "其他",
      "response_time": "00:00:02.208",
      "timestamp_unix": 1751344975,
      "timestamp_unix_ms": 1751344975233,
      "timestamp_readable": "2025-07-01 04:42:55.233",
      "normalized_name": "Black-guy-hiding-behind-tree/Black-guy-hiding-behind-tree",
      "meme_name": "Black-guy-hiding-behind-tree",
      "post_id": 11,
      "english_label": "others",
      "response_time_ms": 2208
    },
    {
      "image_path": "Futurama-Fry/Futurama-Fry_48.png",
      "label": "輕蔑",
      "response_time": "00:00:01.411",
      "timestamp_unix": 1751344976,
      "timestamp_unix_ms": 1751344976667,
      "timestamp_readable": "2025-07-01 04:42:56.667",
      "normalized_name": "Futurama-Fry/Futurama-Fry",
      "meme_name": "Futurama-Fry",
      "post_id": 48,
      "english_label": "contempt",
      "response_time_ms": 1411
    },
    {
      "image_path": "Happy--Shock/Happy--Shock_22.png",
      "label": "輕蔑",
      "response_time": "00:00:03.607",
      "timestamp_unix": 1751344980,
      "timestamp_unix_ms": 1751344980350,
      "timestamp_readable": "2025-07-01 04:43:00.350",
      "normalized_name": "Happy--Shock/Happy--Shock",
      "meme_name": "Happy--Shock",
      "post_id": 22,
      "english_label": "contempt",
      "response_time_ms": 3607
    },
    {
      "image_path": "Spiderman-Hospital/Spiderman-Hospital_8.png",
      "label": "其他",
      "response_time": "00:00:04.508",
      "timestamp_unix": 1751344984,
      "timestamp_unix_ms": 1751344984916,
      "timestamp_readable": "2025-07-01 04:43:04.916",
      "normalized_name": "Spiderman-Hospital/Spiderman-Hospital",
      "meme_name": "Spiderman-Hospital",
      "post_id": 8,
      "english_label": "others",
      "response_time_ms": 4508
    },
    {
      "image_path": "Thats-a-paddlin/Thats-a-paddlin_40.png",
      "label": "憤怒",
      "response_time": "00:00:01.708",
      "timestamp_unix": 1751344986,
      "timestamp_unix_ms": 1751344986699,
      "timestamp_readable": "2025-07-01 04:43:06.699",
      "normalized_name": "Thats-a-paddlin/Thats-a-paddlin",
      "meme_name": "Thats-a-paddlin",
      "post_id": 40,
      "english_label": "anger",
      "response_time_ms": 1708
    },
    {
      "image_path": "Khan/Khan_18.png",
      "label": "憤怒",
      "response_time": "00:00:01.208",
      "timestamp_unix": 1751344988,
      "timestamp_unix_ms": 1751344988016,
      "timestamp_readable": "2025-07-01 04:43:08.016",
      "normalized_name": "Khan/Khan",
      "meme_name": "Khan",
      "post_id": 18,
      "english_label": "anger",
      "response_time_ms": 1208
    },
    {
      "image_path": "Surprised-Pikachu/Surprised-Pikachu_39.png",
      "label": "其他",
      "response_time": "00:00:05.307",
      "timestamp_unix": 1751344993,
      "timestamp_unix_ms": 1751344993348,
      "timestamp_readable": "2025-07-01 04:43:13.348",
      "normalized_name": "Surprised-Pikachu/Surprised-Pikachu",
      "meme_name": "Surprised-Pikachu",
      "post_id": 39,
      "english_label": "others",
      "response_time_ms": 5307
    },
    {
      "image_path": "I-am-once-again-asking/I-am-once-again-asking_2.png",
      "label": "憤怒",
      "response_time": "00:00:03.908",
      "timestamp_unix": 1751344997,
      "timestamp_unix_ms": 1751344997364,
      "timestamp_readable": "2025-07-01 04:43:17.364",
      "normalized_name": "I-am-once-again-asking/I-am-once-again-asking",
      "meme_name": "I-am-once-again-asking",
      "post_id": 2,
      "english_label": "anger",
      "response_time_ms": 3908
    },
    {
      "image_path": "Angry-Baby/Angry-Baby_34.png",
      "label": "憤怒",
      "response_time": "00:00:01.010",
      "timestamp_unix": 1751344998,
      "timestamp_unix_ms": 1751344998481,
      "timestamp_readable": "2025-07-01 04:43:18.481",
      "normalized_name": "Angry-Baby/Angry-Baby",
      "meme_name": "Angry-Baby",
      "post_id": 34,
      "english_label": "anger",
      "response_time_ms": 1010
    },
    {
      "image_path": "attention_check/attention_check_Disgust.png",
      "label": "厭惡",
      "response_time": "00:00:02.608",
      "timestamp_unix": 1751345001,
      "timestamp_unix_ms": 1751345001214,
      "timestamp_readable": "2025-07-01 04:43:21.214",
      "normalized_name": "attention_check/attention_check_Disgust.png",
      "meme_name": "attention_check",
      "post_id": null,
      "english_label": "disgust",
      "response_time_ms": 2608
    },
    {
      "image_path": "Dinkleberg/Dinkleberg_25.png",
      "label": "輕蔑",
      "response_time": "00:00:04.309",
      "timestamp_unix": 1751345005,
      "timestamp_unix_ms": 1751345005647,
      "timestamp_readable": "2025-07-01 04:43:25.647",
      "normalized_name": "Dinkleberg/Dinkleberg",
      "meme_name": "Dinkleberg",
      "post_id": 25,
      "english_label": "contempt",
      "response_time_ms": 4309
    },
    {
      "image_path": "Mr-McMahon-reaction/Mr-McMahon-reaction_36.png",
      "label": "其他",
      "response_time": "00:00:13.507",
      "timestamp_unix": 1751345019,
      "timestamp_unix_ms": 1751345019246,
      "timestamp_readable": "2025-07-01 04:43:39.246",
      "normalized_name": "Mr-McMahon-reaction/Mr-McMahon-reaction",
      "meme_name": "Mr-McMahon-reaction",
      "post_id": 36,
      "english_label": "others",
      "response_time_ms": 13507
    },
    {
      "image_path": "Ill-Have-You-Know-Spongebob/Ill-Have-You-Know-Spongebob_42.png",
      "label": "其他",
      "response_time": "00:00:16.404",
      "timestamp_unix": 1751345035,
      "timestamp_unix_ms": 1751345035743,
      "timestamp_readable": "2025-07-01 04:43:55.743",
      "normalized_name": "Ill-Have-You-Know-Spongebob/Ill-Have-You-Know-Spongebob",
      "meme_name": "Ill-Have-You-Know-Spongebob",
      "post_id": 42,
      "english_label": "others",
      "response_time_ms": 16404
    },
    {
      "image_path": "Scooby-doo-mask-reveal/Scooby-doo-mask-reveal_49.png",
      "label": "厭惡",
      "response_time": "00:00:03.407",
      "timestamp_unix": 1751345039,
      "timestamp_unix_ms": 1751345039193,
      "timestamp_readable": "2025-07-01 04:43:59.193",
      "normalized_name": "Scooby-doo-mask-reveal/Scooby-doo-mask-reveal",
      "meme_name": "Scooby-doo-mask-reveal",
      "post_id": 49,
      "english_label": "disgust",
      "response_time_ms": 3407
    },
    {
      "image_path": "Charlie-Day/Charlie-Day_29.png",
      "label": "輕蔑",
      "response_time": "00:00:07.707",
      "timestamp_unix": 1751345046,
      "timestamp_unix_ms": 1751345046975,
      "timestamp_readable": "2025-07-01 04:44:06.975",
      "normalized_name": "Charlie-Day/Charlie-Day",
      "meme_name": "Charlie-Day",
      "post_id": 29,
      "english_label": "contempt",
      "response_time_ms": 7707
    },
    {
      "image_path": "You-The-Real-MVP/You-The-Real-MVP_38.png",
      "label": "輕蔑",
      "response_time": "00:00:07.406",
      "timestamp_unix": 1751345054,
      "timestamp_unix_ms": 1751345054475,
      "timestamp_readable": "2025-07-01 04:44:14.475",
      "normalized_name": "You-The-Real-MVP/You-The-Real-MVP",
      "meme_name": "You-The-Real-MVP",
      "post_id": 38,
      "english_label": "contempt",
      "response_time_ms": 7406
    },
    {
      "image_path": "Confused-Gandalf/Confused-Gandalf_41.png",
      "label": "其他",
      "response_time": "00:00:05.105",
      "timestamp_unix": 1751345059,
      "timestamp_unix_ms": 1751345059624,
      "timestamp_readable": "2025-07-01 04:44:19.624",
      "normalized_name": "Confused-Gandalf/Confused-Gandalf",
      "meme_name": "Confused-Gandalf",
      "post_id": 41,
      "english_label": "others",
      "response_time_ms": 5105
    },
    {
      "image_path": "Mocking-Spongebob/Mocking-Spongebob_13.png",
      "label": "輕蔑",
      "response_time": "00:00:03.006",
      "timestamp_unix": 1751345062,
      "timestamp_unix_ms": 1751345062757,
      "timestamp_readable": "2025-07-01 04:44:22.757",
      "normalized_name": "Mocking-Spongebob/Mocking-Spongebob",
      "meme_name": "Mocking-Spongebob",
      "post_id": 13,
      "english_label": "contempt",
      "response_time_ms": 3006
    },
    {
      "image_path": "Leonardo-Dicaprio-Wolf-Of-Wall-Street/Leonardo-Dicaprio-Wolf-Of-Wall-Street_28.png",
      "label": "輕蔑",
      "response_time": "00:00:03.508",
      "timestamp_unix": 1751345066,
      "timestamp_unix_ms": 1751345066289,
      "timestamp_readable": "2025-07-01 04:44:26.289",
      "normalized_name": "Leonardo-Dicaprio-Wolf-Of-Wall-Street/Leonardo-Dicaprio-Wolf-Of-Wall-Street",
      "meme_name": "Leonardo-Dicaprio-Wolf-Of-Wall-Street",
      "post_id": 28,
      "english_label": "contempt",
      "response_time_ms": 3508
    },
    {
      "image_path": "Disappointed-Man/Disappointed-Man_26.png",
      "label": "輕蔑",
      "response_time": "00:00:03.305",
      "timestamp_unix": 1751345069,
      "timestamp_unix_ms": 1751345069689,
      "timestamp_readable": "2025-07-01 04:44:29.689",
      "normalized_name": "Disappointed-Man/Disappointed-Man",
      "meme_name": "Disappointed-Man",
      "post_id": 26,
      "english_label": "contempt",
      "response_time_ms": 3305
    },
    {
      "image_path": "DJ-Pauly-D/DJ-Pauly-D_7.png",
      "label": "憤怒",
      "response_time": "00:00:02.007",
      "timestamp_unix": 1751345071,
      "timestamp_unix_ms": 1751345071772,
      "timestamp_readable": "2025-07-01 04:44:31.772",
      "normalized_name": "DJ-Pauly-D/DJ-Pauly-D",
      "meme_name": "DJ-Pauly-D",
      "post_id": 7,
      "english_label": "anger",
      "response_time_ms": 2007
    },
    {
      "image_path": "For-the-better-right-blank/For-the-better-right-blank_44.png",
      "label": "厭惡",
      "response_time": "00:00:06.406",
      "timestamp_unix": 1751345078,
      "timestamp_unix_ms": 1751345078304,
      "timestamp_readable": "2025-07-01 04:44:38.304",
      "normalized_name": "For-the-better-right-blank/For-the-better-right-blank",
      "meme_name": "For-the-better-right-blank",
      "post_id": 44,
      "english_label": "disgust",
      "response_time_ms": 6406
    },
    {
      "image_path": "Table-Flip-Guy/Table-Flip-Guy_33.png",
      "label": "輕蔑",
      "response_time": "00:00:05.006",
      "timestamp_unix": 1751345083,
      "timestamp_unix_ms": 1751345083353,
      "timestamp_readable": "2025-07-01 04:44:43.353",
      "normalized_name": "Table-Flip-Guy/Table-Flip-Guy",
      "meme_name": "Table-Flip-Guy",
      "post_id": 33,
      "english_label": "contempt",
      "response_time_ms": 5006
    },
    {
      "image_path": "Nuclear-Explosion/Nuclear-Explosion_46.png",
      "label": "憤怒",
      "response_time": "00:00:02.907",
      "timestamp_unix": 1751345086,
      "timestamp_unix_ms": 1751345086303,
      "timestamp_readable": "2025-07-01 04:44:46.303",
      "normalized_name": "Nuclear-Explosion/Nuclear-Explosion",
      "meme_name": "Nuclear-Explosion",
      "post_id": 46,
      "english_label": "anger",
      "response_time_ms": 2907
    },
    {
      "image_path": "Gru-Gun/Gru-Gun_27.png",
      "label": "憤怒",
      "response_time": "00:00:02.508",
      "timestamp_unix": 1751345088,
      "timestamp_unix_ms": 1751345088886,
      "timestamp_readable": "2025-07-01 04:44:48.886",
      "normalized_name": "Gru-Gun/Gru-Gun",
      "meme_name": "Gru-Gun",
      "post_id": 27,
      "english_label": "anger",
      "response_time_ms": 2508
    },
    {
      "image_path": "Hide-the-Pain-Harold/Hide-the-Pain-Harold_32.png",
      "label": "其他",
      "response_time": "00:00:03.809",
      "timestamp_unix": 1751345092,
      "timestamp_unix_ms": 1751345092720,
      "timestamp_readable": "2025-07-01 04:44:52.720",
      "normalized_name": "Hide-the-Pain-Harold/Hide-the-Pain-Harold",
      "meme_name": "Hide-the-Pain-Harold",
      "post_id": 32,
      "english_label": "others",
      "response_time_ms": 3809
    },
    {
      "image_path": "Disaster-Girl/Disaster-Girl_47.png",
      "label": "其他",
      "response_time": "00:00:02.607",
      "timestamp_unix": 1751345095,
      "timestamp_unix_ms": 1751345095418,
      "timestamp_readable": "2025-07-01 04:44:55.418",
      "normalized_name": "Disaster-Girl/Disaster-Girl",
      "meme_name": "Disaster-Girl",
      "post_id": 47,
      "english_label": "others",
      "response_time_ms": 2607
    },
    {
      "image_path": "Well-Yes-But-Actually-No/Well-Yes-But-Actually-No_31.png",
      "label": "輕蔑",
      "response_time": "00:00:06.708",
      "timestamp_unix": 1751345102,
      "timestamp_unix_ms": 1751345102232,
      "timestamp_readable": "2025-07-01 04:45:02.232",
      "normalized_name": "Well-Yes-But-Actually-No/Well-Yes-But-Actually-No",
      "meme_name": "Well-Yes-But-Actually-No",
      "post_id": 31,
      "english_label": "contempt",
      "response_time_ms": 6708
    },
    {
      "image_path": "Spongebob-Yelling/Spongebob-Yelling_16.png",
      "label": "其他",
      "response_time": "00:00:05.010",
      "timestamp_unix": 1751345107,
      "timestamp_unix_ms": 1751345107318,
      "timestamp_readable": "2025-07-01 04:45:07.318",
      "normalized_name": "Spongebob-Yelling/Spongebob-Yelling",
      "meme_name": "Spongebob-Yelling",
      "post_id": 16,
      "english_label": "others",
      "response_time_ms": 5010
    },
    {
      "image_path": "Picard-Wtf/Picard-Wtf_10.png",
      "label": "輕蔑",
      "response_time": "00:00:03.006",
      "timestamp_unix": 1751345110,
      "timestamp_unix_ms": 1751345110366,
      "timestamp_readable": "2025-07-01 04:45:10.366",
      "normalized_name": "Picard-Wtf/Picard-Wtf",
      "meme_name": "Picard-Wtf",
      "post_id": 10,
      "english_label": "contempt",
      "response_time_ms": 3006
    },
    {
      "image_path": "Kevin-Hart/Kevin-Hart_21.png",
      "label": "厭惡",
      "response_time": "00:00:06.008",
      "timestamp_unix": 1751345116,
      "timestamp_unix_ms": 1751345116482,
      "timestamp_readable": "2025-07-01 04:45:16.482",
      "normalized_name": "Kevin-Hart/Kevin-Hart",
      "meme_name": "Kevin-Hart",
      "post_id": 21,
      "english_label": "disgust",
      "response_time_ms": 6008
    },
    {
      "image_path": "Obi-Wan-Kenobi/Obi-Wan-Kenobi_17.png",
      "label": "其他",
      "response_time": "00:00:06.008",
      "timestamp_unix": 1751345122,
      "timestamp_unix_ms": 1751345122532,
      "timestamp_readable": "2025-07-01 04:45:22.532",
      "normalized_name": "Obi-Wan-Kenobi/Obi-Wan-Kenobi",
      "meme_name": "Obi-Wan-Kenobi",
      "post_id": 17,
      "english_label": "others",
      "response_time_ms": 6008
    },
    {
      "image_path": "Arthur-Fist/Arthur-Fist_24.png",
      "label": "憤怒",
      "response_time": "00:00:01.706",
      "timestamp_unix": 1751345124,
      "timestamp_unix_ms": 1751345124364,
      "timestamp_readable": "2025-07-01 04:45:24.364",
      "normalized_name": "Arthur-Fist/Arthur-Fist",
      "meme_name": "Arthur-Fist",
      "post_id": 24,
      "english_label": "anger",
      "response_time_ms": 1706
    },
    {
      "image_path": "Afraid-To-Ask-Andy/Afraid-To-Ask-Andy_30.png",
      "label": "輕蔑",
      "response_time": "00:00:08.607",
      "timestamp_unix": 1751345133,
      "timestamp_unix_ms": 1751345133080,
      "timestamp_readable": "2025-07-01 04:45:33.080",
      "normalized_name": "Afraid-To-Ask-Andy/Afraid-To-Ask-Andy",
      "meme_name": "Afraid-To-Ask-Andy",
      "post_id": 30,
      "english_label": "contempt",
      "response_time_ms": 8607
    },
    {
      "image_path": "Chill-guy/Chill-guy_35.png",
      "label": "其他",
      "response_time": "00:00:03.507",
      "timestamp_unix": 1751345136,
      "timestamp_unix_ms": 1751345136680,
      "timestamp_readable": "2025-07-01 04:45:36.680",
      "normalized_name": "Chill-guy/Chill-guy",
      "meme_name": "Chill-guy",
      "post_id": 35,
      "english_label": "others",
      "response_time_ms": 3507
    },
    {
      "image_path": "attention_check/attention_check_Anger.png",
      "label": "憤怒",
      "response_time": "00:00:01.906",
      "timestamp_unix": 1751345138,
      "timestamp_unix_ms": 1751345138663,
      "timestamp_readable": "2025-07-01 04:45:38.663",
      "normalized_name": "attention_check/attention_check_Anger.png",
      "meme_name": "attention_check",
      "post_id": null,
      "english_label": "anger",
      "response_time_ms": 1906
    },
    {
      "image_path": "Always-you-three/Always-you-three_5.png",
      "label": "輕蔑",
      "response_time": "00:00:04.007",
      "timestamp_unix": 1751345142,
      "timestamp_unix_ms": 1751345142712,
      "timestamp_readable": "2025-07-01 04:45:42.712",
      "normalized_name": "Always-you-three/Always-you-three",
      "meme_name": "Always-you-three",
      "post_id": 5,
      "english_label": "contempt",
      "response_time_ms": 4007
    },
    {
      "image_path": "Math-ladyConfused-lady/Math-ladyConfused-lady_20.png",
      "label": "厭惡",
      "response_time": "00:00:05.608",
      "timestamp_unix": 1751345148,
      "timestamp_unix_ms": 1751345148412,
      "timestamp_readable": "2025-07-01 04:45:48.412",
      "normalized_name": "Math-ladyConfused-lady/Math-ladyConfused-lady",
      "meme_name": "Math-ladyConfused-lady",
      "post_id": 20,
      "english_label": "disgust",
      "response_time_ms": 5608
    },
    {
      "image_path": "Monkey-Puppet/Monkey-Puppet_19.png",
      "label": "厭惡",
      "response_time": "00:00:04.107",
      "timestamp_unix": 1751345152,
      "timestamp_unix_ms": 1751345152624,
      "timestamp_readable": "2025-07-01 04:45:52.624",
      "normalized_name": "Monkey-Puppet/Monkey-Puppet",
      "meme_name": "Monkey-Puppet",
      "post_id": 19,
      "english_label": "disgust",
      "response_time_ms": 4107
    },
    {
      "image_path": "Laughing-wolf/Laughing-wolf_9.png",
      "label": "輕蔑",
      "response_time": "00:00:04.610",
      "timestamp_unix": 1751345157,
      "timestamp_unix_ms": 1751345157310,
      "timestamp_readable": "2025-07-01 04:45:57.310",
      "normalized_name": "Laughing-wolf/Laughing-wolf",
      "meme_name": "Laughing-wolf",
      "post_id": 9,
      "english_label": "contempt",
      "response_time_ms": 4610
    }
  ],
  "session_start_unix": 1751344902,
  "session_status": "completed",
  "last_updated_unix": 1751345167,
  "image_order": [
    "Spiderman-Hospital/Spiderman-Hospital_8.png",
    "Happy--Shock/Happy--Shock_22.png",
    "Chill-guy/Chill-guy_35.png",
    "I-am-once-again-asking/I-am-once-again-asking_2.png",
    "Math-ladyConfused-lady/Math-ladyConfused-lady_20.png",
    "Archer/Archer_15.png",
    "Leonardo-Dicaprio-Wolf-Of-Wall-Street/Leonardo-Dicaprio-Wolf-Of-Wall-Street_28.png",
    "Mocking-Spongebob/Mocking-Spongebob_13.png",
    "Afraid-To-Ask-Andy/Afraid-To-Ask-Andy_30.png",
    "Charlie-Day/Charlie-Day_29.png",
    "Always-Has-Been/Always-Has-Been_37.png",
    "Picard-Wtf/Picard-Wtf_10.png",
    "Batman-Slapping-Robin/Batman-Slapping-Robin_45.png",
    "For-the-better-right-blank/For-the-better-right-blank_44.png",
    "Drake-NoYes/Drake-NoYes_43.png",
    "Laughing-wolf/Laughing-wolf_9.png",
    "DJ-Pauly-D/DJ-Pauly-D_7.png",
    "Always-you-three/Always-you-three_5.png",
    "Disappointed-Man/Disappointed-Man_26.png",
    "Smudge-the-cat/Smudge-the-cat_50.png",
    "Thats-a-paddlin/Thats-a-paddlin_40.png",
    "attention_check/attention_check_Disgust.png",
    "Hide-the-Pain-Harold/Hide-the-Pain-Harold_32.png",
    "Hold-fart/Hold-fart_12.png",
    "Im-The-Captain-Now/Im-The-Captain-Now_14.png",
    "Obi-Wan-Kenobi/Obi-Wan-Kenobi_17.png",
    "Spongebob-Yelling/Spongebob-Yelling_16.png",
    "Nuclear-Explosion/Nuclear-Explosion_46.png",
    "Dinkleberg/Dinkleberg_25.png",
    "Scooby-doo-mask-reveal/Scooby-doo-mask-reveal_49.png",
    "Disaster-Girl/Disaster-Girl_47.png",
    "Black-guy-hiding-behind-tree/Black-guy-hiding-behind-tree_11.png",
    "You-The-Real-MVP/You-The-Real-MVP_38.png",
    "Moe-throws-Barney/Moe-throws-Barney_3.png",
    "Ill-Have-You-Know-Spongebob/Ill-Have-You-Know-Spongebob_42.png",
    "Futurama-Fry/Futurama-Fry_48.png",
    "Monkey-Puppet/Monkey-Puppet_19.png",
    "Confused-Gandalf/Confused-Gandalf_41.png",
    "Mr-incredible-mad/Mr-incredible-mad_1.png",
    "Dave-chappelle/Dave-chappelle_4.png",
    "Surprised-Pikachu/Surprised-Pikachu_39.png",
    "Table-Flip-Guy/Table-Flip-Guy_33.png",
    "Kevin-Hart/Kevin-Hart_21.png",
    "Well-Yes-But-Actually-No/Well-Yes-But-Actually-No_31.png",
    "Mr-McMahon-reaction/Mr-McMahon-reaction_36.png",
    "Gru-Gun/Gru-Gun_27.png",
    "Persian-Cat-Room-Guardian/Persian-Cat-Room-Guardian_23.png",
    "attention_check/attention_check_Anger.png",
    "Put-It-Somewhere-Else-Patrick/Put-It-Somewhere-Else-Patrick_6.png",
    "Angry-Baby/Angry-Baby_34.png",
    "Arthur-Fist/Arthur-Fist_24.png",
    "Khan/Khan_18.png"
  ],
  "completion_status": {
    "practice_completed": true,
    "game_started": true,
    "game_completed": true,
    "summary_viewed": true,
    "email_submitted": true
  },
  "timestamps_unix": {
    "registration_completed": 1751344902,
    "practice_started": 1751344902,
    "practice_completed": 1751344931,
    "game_started": 1751344931,
    "first_label": 1751344937,
    "last_label": 1751345157,
    "game_completed": 1751345160,
    "summary_viewed": 1751345160,
    "email_submitted": 1751345167,
    "session_end": 1751345167,
    "last_updated": 1751345167
  },
  "timestamps_unix_ms": {
    "registration_completed_ms": 1751344902907,
    "practice_started_ms": 1751344902935,
    "practice_completed_ms": 1751344931367,
    "game_started_ms": 1751344931379,
    "first_label_ms": 1751344937572,
    "last_label_ms": 1751345157310,
    "game_completed_ms": 1751345160051,
    "summary_viewed_ms": 1751345160063,
    "email_submitted_ms": 1751345167872,
    "session_end_ms": 1751345167872,
    "last_updated_ms": 1751345167872
  },
  "duration_stats_ms": {
    "total_session_duration_ms": 264965,
    "practice_duration_ms": 28432,
    "game_duration_ms": 228672,
    "labeling_duration_ms": 219738,
    "email_submission_duration_ms": 7809
  },
  "filename_updated_unix": 1751345160,
  "original_filename": "user_653c48",
  "completion_status_in_filename": "email_submitted"
}