{
  "user_id": "user_ad9836",
  "file_name": "user_ad9836_1749865615_1749866140_fullycomplete",
  "unix_start_time": 1749865615,
  "unix_start_time_ms": 1749865615462,
  "unix_end_time": 1749866140,
  "unix_end_time_ms": 1749866140927,
  "age": "55+",
  "gender": "male",
  "user_agent": "Mozilla/5.0 (Windows NT 10.0; Win64; x64) AppleWebKit/537.36 (KHTML, like Gecko) Chrome/137.0.0.0 Safari/537.36",
  "user_ip": "140.174.187.13",
  "status": "complete",
  "email_provided": "complete",
  "attention_passed": true,
  "start_time_readable": "2025-06-14 01:46:55.462",
  "end_time_readable": "2025-06-14 01:55:40.927",
  "total_labels": 52,
  "emotion_summary": {
    "anger": 16,
    "contempt": 10,
    "disgust": 8,
    "others": 18
  },
  "email": "wfec1324979@gmail.com",
  "participation": "yes",
  "total_responses": 52,
  "responses": [
    {
      "image_path": "Leonardo-Dicaprio-Wolf-Of-Wall-Street/Leonardo-Dicaprio-Wolf-Of-Wall-Street_38.png",
      "label": "輕蔑",
      "response_time": "00:00:08.601",
      "timestamp_unix": 1749865641,
      "timestamp_unix_ms": 1749865641962,
      "timestamp_readable": "2025-06-14 01:47:21.962",
      "normalized_name": "Leonardo-Dicaprio-Wolf-Of-Wall-Street/Leonardo-Dicaprio-Wolf-Of-Wall-Street",
      "meme_name": "Leonardo-Dicaprio-Wolf-Of-Wall-Street",
      "post_id": 38,
      "english_label": "contempt",
      "response_time_ms": 8601
    },
    {
      "image_path": "Well-Yes-But-Actually-No/Well-Yes-But-Actually-No_29.png",
      "label": "其他",
      "response_time": "00:00:09.800",
      "timestamp_unix": 1749865652,
      "timestamp_unix_ms": 1749865652467,
      "timestamp_readable": "2025-06-14 01:47:32.467",
      "normalized_name": "Well-Yes-But-Actually-No/Well-Yes-But-Actually-No",
      "meme_name": "Well-Yes-But-Actually-No",
      "post_id": 29,
      "english_label": "others",
      "response_time_ms": 9800
    },
    {
      "image_path": "Smudge-the-cat/Smudge-the-cat_44.png",
      "label": "憤怒",
      "response_time": "00:00:04.601",
      "timestamp_unix": 1749865657,
      "timestamp_unix_ms": 1749865657735,
      "timestamp_readable": "2025-06-14 01:47:37.735",
      "normalized_name": "Smudge-the-cat/Smudge-the-cat",
      "meme_name": "Smudge-the-cat",
      "post_id": 44,
      "english_label": "anger",
      "response_time_ms": 4601
    },
    {
      "image_path": "Angry-Baby/Angry-Baby_35.png",
      "label": "憤怒",
      "response_time": "00:00:05.701",
      "timestamp_unix": 1749865664,
      "timestamp_unix_ms": 1749865664139,
      "timestamp_readable": "2025-06-14 01:47:44.139",
      "normalized_name": "Angry-Baby/Angry-Baby",
      "meme_name": "Angry-Baby",
      "post_id": 35,
      "english_label": "anger",
      "response_time_ms": 5701
    },
    {
      "image_path": "Confused-Gandalf/Confused-Gandalf_4.png",
      "label": "其他",
      "response_time": "00:00:02.915",
      "timestamp_unix": 1749865667,
      "timestamp_unix_ms": 1749865667671,
      "timestamp_readable": "2025-06-14 01:47:47.671",
      "normalized_name": "Confused-Gandalf/Confused-Gandalf",
      "meme_name": "Confused-Gandalf",
      "post_id": 4,
      "english_label": "others",
      "response_time_ms": 2915
    },
    {
      "image_path": "For-the-better-right-blank/For-the-better-right-blank_20.png",
      "label": "輕蔑",
      "response_time": "00:00:04.201",
      "timestamp_unix": 1749865672,
      "timestamp_unix_ms": 1749865672591,
      "timestamp_readable": "2025-06-14 01:47:52.591",
      "normalized_name": "For-the-better-right-blank/For-the-better-right-blank",
      "meme_name": "For-the-better-right-blank",
      "post_id": 20,
      "english_label": "contempt",
      "response_time_ms": 4201
    },
    {
      "image_path": "Kevin-Hart/Kevin-Hart_24.png",
      "label": "其他",
      "response_time": "00:00:06.402",
      "timestamp_unix": 1749865679,
      "timestamp_unix_ms": 1749865679643,
      "timestamp_readable": "2025-06-14 01:47:59.643",
      "normalized_name": "Kevin-Hart/Kevin-Hart",
      "meme_name": "Kevin-Hart",
      "post_id": 24,
      "english_label": "others",
      "response_time_ms": 6402
    },
    {
      "image_path": "Happy--Shock/Happy--Shock_6.png",
      "label": "輕蔑",
      "response_time": "00:00:04.701",
      "timestamp_unix": 1749865685,
      "timestamp_unix_ms": 1749865685044,
      "timestamp_readable": "2025-06-14 01:48:05.044",
      "normalized_name": "Happy--Shock/Happy--Shock",
      "meme_name": "Happy--Shock",
      "post_id": 6,
      "english_label": "contempt",
      "response_time_ms": 4701
    },
    {
      "image_path": "Mr-incredible-mad/Mr-incredible-mad_49.png",
      "label": "憤怒",
      "response_time": "00:00:04.601",
      "timestamp_unix": 1749865690,
      "timestamp_unix_ms": 1749865690296,
      "timestamp_readable": "2025-06-14 01:48:10.296",
      "normalized_name": "Mr-incredible-mad/Mr-incredible-mad",
      "meme_name": "Mr-incredible-mad",
      "post_id": 49,
      "english_label": "anger",
      "response_time_ms": 4601
    },
    {
      "image_path": "Black-guy-hiding-behind-tree/Black-guy-hiding-behind-tree_46.png",
      "label": "厭惡",
      "response_time": "00:00:06.601",
      "timestamp_unix": 1749865697,
      "timestamp_unix_ms": 1749865697620,
      "timestamp_readable": "2025-06-14 01:48:17.620",
      "normalized_name": "Black-guy-hiding-behind-tree/Black-guy-hiding-behind-tree",
      "meme_name": "Black-guy-hiding-behind-tree",
      "post_id": 46,
      "english_label": "disgust",
      "response_time_ms": 6601
    },
    {
      "image_path": "Dave-chappelle/Dave-chappelle_34.png",
      "label": "其他",
      "response_time": "00:00:04.101",
      "timestamp_unix": 1749865702,
      "timestamp_unix_ms": 1749865702368,
      "timestamp_readable": "2025-06-14 01:48:22.368",
      "normalized_name": "Dave-chappelle/Dave-chappelle",
      "meme_name": "Dave-chappelle",
      "post_id": 34,
      "english_label": "others",
      "response_time_ms": 4101
    },
    {
      "image_path": "Disaster-Girl/Disaster-Girl_28.png",
      "label": "憤怒",
      "response_time": "00:00:05.102",
      "timestamp_unix": 1749865708,
      "timestamp_unix_ms": 1749865708105,
      "timestamp_readable": "2025-06-14 01:48:28.105",
      "normalized_name": "Disaster-Girl/Disaster-Girl",
      "meme_name": "Disaster-Girl",
      "post_id": 28,
      "english_label": "anger",
      "response_time_ms": 5102
    },
    {
      "image_path": "Mr-McMahon-reaction/Mr-McMahon-reaction_41.png",
      "label": "其他",
      "response_time": "00:00:05.416",
      "timestamp_unix": 1749865714,
      "timestamp_unix_ms": 1749865714136,
      "timestamp_readable": "2025-06-14 01:48:34.136",
      "normalized_name": "Mr-McMahon-reaction/Mr-McMahon-reaction",
      "meme_name": "Mr-McMahon-reaction",
      "post_id": 41,
      "english_label": "others",
      "response_time_ms": 5416
    },
    {
      "image_path": "Hide-the-Pain-Harold/Hide-the-Pain-Harold_11.png",
      "label": "其他",
      "response_time": "00:00:03.901",
      "timestamp_unix": 1749865718,
      "timestamp_unix_ms": 1749865718755,
      "timestamp_readable": "2025-06-14 01:48:38.755",
      "normalized_name": "Hide-the-Pain-Harold/Hide-the-Pain-Harold",
      "meme_name": "Hide-the-Pain-Harold",
      "post_id": 11,
      "english_label": "others",
      "response_time_ms": 3901
    },
    {
      "image_path": "Always-Has-Been/Always-Has-Been_9.png",
      "label": "厭惡",
      "response_time": "00:00:05.901",
      "timestamp_unix": 1749865725,
      "timestamp_unix_ms": 1749865725375,
      "timestamp_readable": "2025-06-14 01:48:45.375",
      "normalized_name": "Always-Has-Been/Always-Has-Been",
      "meme_name": "Always-Has-Been",
      "post_id": 9,
      "english_label": "disgust",
      "response_time_ms": 5901
    },
    {
      "image_path": "Moe-throws-Barney/Moe-throws-Barney_48.png",
      "label": "其他",
      "response_time": "00:00:05.101",
      "timestamp_unix": 1749865731,
      "timestamp_unix_ms": 1749865731179,
      "timestamp_readable": "2025-06-14 01:48:51.179",
      "normalized_name": "Moe-throws-Barney/Moe-throws-Barney",
      "meme_name": "Moe-throws-Barney",
      "post_id": 48,
      "english_label": "others",
      "response_time_ms": 5101
    },
    {
      "image_path": "You-The-Real-MVP/You-The-Real-MVP_42.png",
      "label": "其他",
      "response_time": "00:00:04.401",
      "timestamp_unix": 1749865736,
      "timestamp_unix_ms": 1749865736211,
      "timestamp_readable": "2025-06-14 01:48:56.211",
      "normalized_name": "You-The-Real-MVP/You-The-Real-MVP",
      "meme_name": "You-The-Real-MVP",
      "post_id": 42,
      "english_label": "others",
      "response_time_ms": 4401
    },
    {
      "image_path": "Khan/Khan_25.png",
      "label": "憤怒",
      "response_time": "00:00:03.201",
      "timestamp_unix": 1749865740,
      "timestamp_unix_ms": 1749865740100,
      "timestamp_readable": "2025-06-14 01:49:00.100",
      "normalized_name": "Khan/Khan",
      "meme_name": "Khan",
      "post_id": 25,
      "english_label": "anger",
      "response_time_ms": 3201
    },
    {
      "image_path": "Monkey-Puppet/Monkey-Puppet_50.png",
      "label": "輕蔑",
      "response_time": "00:00:03.502",
      "timestamp_unix": 1749865744,
      "timestamp_unix_ms": 1749865744299,
      "timestamp_readable": "2025-06-14 01:49:04.299",
      "normalized_name": "Monkey-Puppet/Monkey-Puppet",
      "meme_name": "Monkey-Puppet",
      "post_id": 50,
      "english_label": "contempt",
      "response_time_ms": 3502
    },
    {
      "image_path": "Arthur-Fist/Arthur-Fist_32.png",
      "label": "憤怒",
      "response_time": "00:00:03.901",
      "timestamp_unix": 1749865748,
      "timestamp_unix_ms": 1749865748884,
      "timestamp_readable": "2025-06-14 01:49:08.884",
      "normalized_name": "Arthur-Fist/Arthur-Fist",
      "meme_name": "Arthur-Fist",
      "post_id": 32,
      "english_label": "anger",
      "response_time_ms": 3901
    },
    {
      "image_path": "Laughing-wolf/Laughing-wolf_43.png",
      "label": "輕蔑",
      "response_time": "00:00:04.001",
      "timestamp_unix": 1749865753,
      "timestamp_unix_ms": 1749865753536,
      "timestamp_readable": "2025-06-14 01:49:13.536",
      "normalized_name": "Laughing-wolf/Laughing-wolf",
      "meme_name": "Laughing-wolf",
      "post_id": 43,
      "english_label": "contempt",
      "response_time_ms": 4001
    },
    {
      "image_path": "Batman-Slapping-Robin/Batman-Slapping-Robin_12.png",
      "label": "憤怒",
      "response_time": "00:00:03.501",
      "timestamp_unix": 1749865757,
      "timestamp_unix_ms": 1749865757754,
      "timestamp_readable": "2025-06-14 01:49:17.754",
      "normalized_name": "Batman-Slapping-Robin/Batman-Slapping-Robin",
      "meme_name": "Batman-Slapping-Robin",
      "post_id": 12,
      "english_label": "anger",
      "response_time_ms": 3501
    },
    {
      "image_path": "Dinkleberg/Dinkleberg_1.png",
      "label": "厭惡",
      "response_time": "00:00:03.300",
      "timestamp_unix": 1749865761,
      "timestamp_unix_ms": 1749865761755,
      "timestamp_readable": "2025-06-14 01:49:21.755",
      "normalized_name": "Dinkleberg/Dinkleberg",
      "meme_name": "Dinkleberg",
      "post_id": 1,
      "english_label": "disgust",
      "response_time_ms": 3300
    },
    {
      "image_path": "attention_check/attention_check_Disgust.png",
      "label": "厭惡",
      "response_time": "00:00:04.600",
      "timestamp_unix": 1749865767,
      "timestamp_unix_ms": 1749865767059,
      "timestamp_readable": "2025-06-14 01:49:27.059",
      "normalized_name": "attention_check/attention_check_Disgust.png",
      "meme_name": "attention_check",
      "post_id": null,
      "english_label": "disgust",
      "response_time_ms": 4600
    },
    {
      "image_path": "Charlie-Day/Charlie-Day_13.png",
      "label": "憤怒",
      "response_time": "00:00:04.501",
      "timestamp_unix": 1749865772,
      "timestamp_unix_ms": 1749865772259,
      "timestamp_readable": "2025-06-14 01:49:32.259",
      "normalized_name": "Charlie-Day/Charlie-Day",
      "meme_name": "Charlie-Day",
      "post_id": 13,
      "english_label": "anger",
      "response_time_ms": 4501
    },
    {
      "image_path": "Futurama-Fry/Futurama-Fry_21.png",
      "label": "輕蔑",
      "response_time": "00:00:03.501",
      "timestamp_unix": 1749865776,
      "timestamp_unix_ms": 1749865776444,
      "timestamp_readable": "2025-06-14 01:49:36.444",
      "normalized_name": "Futurama-Fry/Futurama-Fry",
      "meme_name": "Futurama-Fry",
      "post_id": 21,
      "english_label": "contempt",
      "response_time_ms": 3501
    },
    {
      "image_path": "Nuclear-Explosion/Nuclear-Explosion_7.png",
      "label": "憤怒",
      "response_time": "00:00:03.500",
      "timestamp_unix": 1749865780,
      "timestamp_unix_ms": 1749865780663,
      "timestamp_readable": "2025-06-14 01:49:40.663",
      "normalized_name": "Nuclear-Explosion/Nuclear-Explosion",
      "meme_name": "Nuclear-Explosion",
      "post_id": 7,
      "english_label": "anger",
      "response_time_ms": 3500
    },
    {
      "image_path": "Afraid-To-Ask-Andy/Afraid-To-Ask-Andy_8.png",
      "label": "其他",
      "response_time": "00:00:04.201",
      "timestamp_unix": 1749865785,
      "timestamp_unix_ms": 1749865785516,
      "timestamp_readable": "2025-06-14 01:49:45.516",
      "normalized_name": "Afraid-To-Ask-Andy/Afraid-To-Ask-Andy",
      "meme_name": "Afraid-To-Ask-Andy",
      "post_id": 8,
      "english_label": "others",
      "response_time_ms": 4201
    },
    {
      "image_path": "Ill-Have-You-Know-Spongebob/Ill-Have-You-Know-Spongebob_5.png",
      "label": "其他",
      "response_time": "00:00:04.602",
      "timestamp_unix": 1749865790,
      "timestamp_unix_ms": 1749865790815,
      "timestamp_readable": "2025-06-14 01:49:50.815",
      "normalized_name": "Ill-Have-You-Know-Spongebob/Ill-Have-You-Know-Spongebob",
      "meme_name": "Ill-Have-You-Know-Spongebob",
      "post_id": 5,
      "english_label": "others",
      "response_time_ms": 4602
    },
    {
      "image_path": "Thats-a-paddlin/Thats-a-paddlin_3.png",
      "label": "輕蔑",
      "response_time": "00:00:03.102",
      "timestamp_unix": 1749865794,
      "timestamp_unix_ms": 1749865794534,
      "timestamp_readable": "2025-06-14 01:49:54.534",
      "normalized_name": "Thats-a-paddlin/Thats-a-paddlin",
      "meme_name": "Thats-a-paddlin",
      "post_id": 3,
      "english_label": "contempt",
      "response_time_ms": 3102
    },
    {
      "image_path": "Gru-Gun/Gru-Gun_15.png",
      "label": "憤怒",
      "response_time": "00:00:03.502",
      "timestamp_unix": 1749865798,
      "timestamp_unix_ms": 1749865798721,
      "timestamp_readable": "2025-06-14 01:49:58.721",
      "normalized_name": "Gru-Gun/Gru-Gun",
      "meme_name": "Gru-Gun",
      "post_id": 15,
      "english_label": "anger",
      "response_time_ms": 3502
    },
    {
      "image_path": "Mocking-Spongebob/Mocking-Spongebob_40.png",
      "label": "其他",
      "response_time": "00:00:04.100",
      "timestamp_unix": 1749865803,
      "timestamp_unix_ms": 1749865803472,
      "timestamp_readable": "2025-06-14 01:50:03.472",
      "normalized_name": "Mocking-Spongebob/Mocking-Spongebob",
      "meme_name": "Mocking-Spongebob",
      "post_id": 40,
      "english_label": "others",
      "response_time_ms": 4100
    },
    {
      "image_path": "Archer/Archer_26.png",
      "label": "其他",
      "response_time": "00:00:06.500",
      "timestamp_unix": 1749865810,
      "timestamp_unix_ms": 1749865810688,
      "timestamp_readable": "2025-06-14 01:50:10.688",
      "normalized_name": "Archer/Archer",
      "meme_name": "Archer",
      "post_id": 26,
      "english_label": "others",
      "response_time_ms": 6500
    },
    {
      "image_path": "Hold-fart/Hold-fart_45.png",
      "label": "輕蔑",
      "response_time": "00:00:05.201",
      "timestamp_unix": 1749865816,
      "timestamp_unix_ms": 1749865816561,
      "timestamp_readable": "2025-06-14 01:50:16.561",
      "normalized_name": "Hold-fart/Hold-fart",
      "meme_name": "Hold-fart",
      "post_id": 45,
      "english_label": "contempt",
      "response_time_ms": 5201
    },
    {
      "image_path": "Surprised-Pikachu/Surprised-Pikachu_33.png",
      "label": "其他",
      "response_time": "00:00:06.101",
      "timestamp_unix": 1749865823,
      "timestamp_unix_ms": 1749865823376,
      "timestamp_readable": "2025-06-14 01:50:23.376",
      "normalized_name": "Surprised-Pikachu/Surprised-Pikachu",
      "meme_name": "Surprised-Pikachu",
      "post_id": 33,
      "english_label": "others",
      "response_time_ms": 6101
    },
    {
      "image_path": "Picard-Wtf/Picard-Wtf_39.png",
      "label": "輕蔑",
      "response_time": "00:00:04.501",
      "timestamp_unix": 1749865828,
      "timestamp_unix_ms": 1749865828565,
      "timestamp_readable": "2025-06-14 01:50:28.565",
      "normalized_name": "Picard-Wtf/Picard-Wtf",
      "meme_name": "Picard-Wtf",
      "post_id": 39,
      "english_label": "contempt",
      "response_time_ms": 4501
    },
    {
      "image_path": "Spiderman-Hospital/Spiderman-Hospital_30.png",
      "label": "其他",
      "response_time": "00:00:06.001",
      "timestamp_unix": 1749865835,
      "timestamp_unix_ms": 1749865835201,
      "timestamp_readable": "2025-06-14 01:50:35.201",
      "normalized_name": "Spiderman-Hospital/Spiderman-Hospital",
      "meme_name": "Spiderman-Hospital",
      "post_id": 30,
      "english_label": "others",
      "response_time_ms": 6001
    },
    {
      "image_path": "Im-The-Captain-Now/Im-The-Captain-Now_19.png",
      "label": "厭惡",
      "response_time": "00:00:03.401",
      "timestamp_unix": 1749865839,
      "timestamp_unix_ms": 1749865839268,
      "timestamp_readable": "2025-06-14 01:50:39.268",
      "normalized_name": "Im-The-Captain-Now/Im-The-Captain-Now",
      "meme_name": "Im-The-Captain-Now",
      "post_id": 19,
      "english_label": "disgust",
      "response_time_ms": 3401
    },
    {
      "image_path": "I-am-once-again-asking/I-am-once-again-asking_17.png",
      "label": "厭惡",
      "response_time": "00:00:07.100",
      "timestamp_unix": 1749865847,
      "timestamp_unix_ms": 1749865847087,
      "timestamp_readable": "2025-06-14 01:50:47.087",
      "normalized_name": "I-am-once-again-asking/I-am-once-again-asking",
      "meme_name": "I-am-once-again-asking",
      "post_id": 17,
      "english_label": "disgust",
      "response_time_ms": 7100
    },
    {
      "image_path": "Disappointed-Man/Disappointed-Man_23.png",
      "label": "憤怒",
      "response_time": "00:00:04.200",
      "timestamp_unix": 1749865852,
      "timestamp_unix_ms": 1749865852006,
      "timestamp_readable": "2025-06-14 01:50:52.006",
      "normalized_name": "Disappointed-Man/Disappointed-Man",
      "meme_name": "Disappointed-Man",
      "post_id": 23,
      "english_label": "anger",
      "response_time_ms": 4200
    },
    {
      "image_path": "DJ-Pauly-D/DJ-Pauly-D_36.png",
      "label": "厭惡",
      "response_time": "00:00:05.700",
      "timestamp_unix": 1749865858,
      "timestamp_unix_ms": 1749865858390,
      "timestamp_readable": "2025-06-14 01:50:58.390",
      "normalized_name": "DJ-Pauly-D/DJ-Pauly-D",
      "meme_name": "DJ-Pauly-D",
      "post_id": 36,
      "english_label": "disgust",
      "response_time_ms": 5700
    },
    {
      "image_path": "Drake-NoYes/Drake-NoYes_37.png",
      "label": "其他",
      "response_time": "00:00:04.901",
      "timestamp_unix": 1749865863,
      "timestamp_unix_ms": 1749865863994,
      "timestamp_readable": "2025-06-14 01:51:03.994",
      "normalized_name": "Drake-NoYes/Drake-NoYes",
      "meme_name": "Drake-NoYes",
      "post_id": 37,
      "english_label": "others",
      "response_time_ms": 4901
    },
    {
      "image_path": "Spongebob-Yelling/Spongebob-Yelling_22.png",
      "label": "憤怒",
      "response_time": "00:00:05.601",
      "timestamp_unix": 1749865870,
      "timestamp_unix_ms": 1749865870294,
      "timestamp_readable": "2025-06-14 01:51:10.294",
      "normalized_name": "Spongebob-Yelling/Spongebob-Yelling",
      "meme_name": "Spongebob-Yelling",
      "post_id": 22,
      "english_label": "anger",
      "response_time_ms": 5601
    },
    {
      "image_path": "Table-Flip-Guy/Table-Flip-Guy_47.png",
      "label": "憤怒",
      "response_time": "00:00:03.801",
      "timestamp_unix": 1749865874,
      "timestamp_unix_ms": 1749865874779,
      "timestamp_readable": "2025-06-14 01:51:14.779",
      "normalized_name": "Table-Flip-Guy/Table-Flip-Guy",
      "meme_name": "Table-Flip-Guy",
      "post_id": 47,
      "english_label": "anger",
      "response_time_ms": 3801
    },
    {
      "image_path": "Always-you-three/Always-you-three_10.png",
      "label": "其他",
      "response_time": "00:00:04.801",
      "timestamp_unix": 1749865880,
      "timestamp_unix_ms": 1749865880214,
      "timestamp_readable": "2025-06-14 01:51:20.214",
      "normalized_name": "Always-you-three/Always-you-three",
      "meme_name": "Always-you-three",
      "post_id": 10,
      "english_label": "others",
      "response_time_ms": 4801
    },
    {
      "image_path": "Math-ladyConfused-lady/Math-ladyConfused-lady_2.png",
      "label": "其他",
      "response_time": "00:00:04.100",
      "timestamp_unix": 1749865885,
      "timestamp_unix_ms": 1749865885054,
      "timestamp_readable": "2025-06-14 01:51:25.054",
      "normalized_name": "Math-ladyConfused-lady/Math-ladyConfused-lady",
      "meme_name": "Math-ladyConfused-lady",
      "post_id": 2,
      "english_label": "others",
      "response_time_ms": 4100
    },
    {
      "image_path": "Persian-Cat-Room-Guardian/Persian-Cat-Room-Guardian_14.png",
      "label": "憤怒",
      "response_time": "00:00:03.901",
      "timestamp_unix": 1749865889,
      "timestamp_unix_ms": 1749865889619,
      "timestamp_readable": "2025-06-14 01:51:29.619",
      "normalized_name": "Persian-Cat-Room-Guardian/Persian-Cat-Room-Guardian",
      "meme_name": "Persian-Cat-Room-Guardian",
      "post_id": 14,
      "english_label": "anger",
      "response_time_ms": 3901
    },
    {
      "image_path": "Chill-guy/Chill-guy_16.png",
      "label": "其他",
      "response_time": "00:00:04.601",
      "timestamp_unix": 1749865894,
      "timestamp_unix_ms": 1749865894887,
      "timestamp_readable": "2025-06-14 01:51:34.887",
      "normalized_name": "Chill-guy/Chill-guy",
      "meme_name": "Chill-guy",
      "post_id": 16,
      "english_label": "others",
      "response_time_ms": 4601
    },
    {
      "image_path": "attention_check/attention_check_Contempt.png",
      "label": "輕蔑",
      "response_time": "00:00:04.700",
      "timestamp_unix": 1749865901,
      "timestamp_unix_ms": 1749865901855,
      "timestamp_readable": "2025-06-14 01:51:41.855",
      "normalized_name": "attention_check/attention_check_Contempt.png",
      "meme_name": "attention_check",
      "post_id": null,
      "english_label": "contempt",
      "response_time_ms": 4700
    },
    {
      "image_path": "Scooby-doo-mask-reveal/Scooby-doo-mask-reveal_27.png",
      "label": "憤怒",
      "response_time": "00:00:04.901",
      "timestamp_unix": 1749865907,
      "timestamp_unix_ms": 1749865907443,
      "timestamp_readable": "2025-06-14 01:51:47.443",
      "normalized_name": "Scooby-doo-mask-reveal/Scooby-doo-mask-reveal",
      "meme_name": "Scooby-doo-mask-reveal",
      "post_id": 27,
      "english_label": "anger",
      "response_time_ms": 4901
    },
    {
      "image_path": "Put-It-Somewhere-Else-Patrick/Put-It-Somewhere-Else-Patrick_18.png",
      "label": "憤怒",
      "response_time": "00:00:03.501",
      "timestamp_unix": 1749865911,
      "timestamp_unix_ms": 1749865911643,
      "timestamp_readable": "2025-06-14 01:51:51.643",
      "normalized_name": "Put-It-Somewhere-Else-Patrick/Put-It-Somewhere-Else-Patrick",
      "meme_name": "Put-It-Somewhere-Else-Patrick",
      "post_id": 18,
      "english_label": "anger",
      "response_time_ms": 3501
    },
    {
      "image_path": "Obi-Wan-Kenobi/Obi-Wan-Kenobi_31.png",
      "label": "厭惡",
      "response_time": "00:00:05.501",
      "timestamp_unix": 1749865917,
      "timestamp_unix_ms": 1749865917797,
      "timestamp_readable": "2025-06-14 01:51:57.797",
      "normalized_name": "Obi-Wan-Kenobi/Obi-Wan-Kenobi",
      "meme_name": "Obi-Wan-Kenobi",
      "post_id": 31,
      "english_label": "disgust",
      "response_time_ms": 5501
    }
  ],
  "session_start_unix": 1749865615,
  "session_status": "completed",
  "last_updated_unix": 1749866140,
  "image_order": [
    "Spiderman-Hospital/Spiderman-Hospital_30.png",
    "Happy--Shock/Happy--Shock_6.png",
    "Chill-guy/Chill-guy_16.png",
    "I-am-once-again-asking/I-am-once-again-asking_17.png",
    "Math-ladyConfused-lady/Math-ladyConfused-lady_2.png",
    "Archer/Archer_26.png",
    "Leonardo-Dicaprio-Wolf-Of-Wall-Street/Leonardo-Dicaprio-Wolf-Of-Wall-Street_38.png",
    "Mocking-Spongebob/Mocking-Spongebob_40.png",
    "Afraid-To-Ask-Andy/Afraid-To-Ask-Andy_8.png",
    "Charlie-Day/Charlie-Day_13.png",
    "Always-Has-Been/Always-Has-Been_9.png",
    "Picard-Wtf/Picard-Wtf_39.png",
    "Batman-Slapping-Robin/Batman-Slapping-Robin_12.png",
    "For-the-better-right-blank/For-the-better-right-blank_20.png",
    "Drake-NoYes/Drake-NoYes_37.png",
    "Laughing-wolf/Laughing-wolf_43.png",
    "DJ-Pauly-D/DJ-Pauly-D_36.png",
    "Always-you-three/Always-you-three_10.png",
    "Disappointed-Man/Disappointed-Man_23.png",
    "Smudge-the-cat/Smudge-the-cat_44.png",
    "Thats-a-paddlin/Thats-a-paddlin_3.png",
    "Hide-the-Pain-Harold/Hide-the-Pain-Harold_11.png",
    "Hold-fart/Hold-fart_45.png",
    "attention_check/attention_check_Disgust.png",
    "Im-The-Captain-Now/Im-The-Captain-Now_19.png",
    "Obi-Wan-Kenobi/Obi-Wan-Kenobi_31.png",
    "Spongebob-Yelling/Spongebob-Yelling_22.png",
    "Nuclear-Explosion/Nuclear-Explosion_7.png",
    "Dinkleberg/Dinkleberg_1.png",
    "Scooby-doo-mask-reveal/Scooby-doo-mask-reveal_27.png",
    "Disaster-Girl/Disaster-Girl_28.png",
    "Black-guy-hiding-behind-tree/Black-guy-hiding-behind-tree_46.png",
    "You-The-Real-MVP/You-The-Real-MVP_42.png",
    "Moe-throws-Barney/Moe-throws-Barney_48.png",
    "Ill-Have-You-Know-Spongebob/Ill-Have-You-Know-Spongebob_5.png",
    "Futurama-Fry/Futurama-Fry_21.png",
    "Monkey-Puppet/Monkey-Puppet_50.png",
    "Confused-Gandalf/Confused-Gandalf_4.png",
    "Mr-incredible-mad/Mr-incredible-mad_49.png",
    "Dave-chappelle/Dave-chappelle_34.png",
    "Surprised-Pikachu/Surprised-Pikachu_33.png",
    "Table-Flip-Guy/Table-Flip-Guy_47.png",
    "Kevin-Hart/Kevin-Hart_24.png",
    "Well-Yes-But-Actually-No/Well-Yes-But-Actually-No_29.png",
    "Mr-McMahon-reaction/Mr-McMahon-reaction_41.png",
    "Gru-Gun/Gru-Gun_15.png",
    "Persian-Cat-Room-Guardian/Persian-Cat-Room-Guardian_14.png",
    "Put-It-Somewhere-Else-Patrick/Put-It-Somewhere-Else-Patrick_18.png",
    "attention_check/attention_check_Contempt.png",
    "Angry-Baby/Angry-Baby_35.png",
    "Arthur-Fist/Arthur-Fist_32.png",
    "Khan/Khan_25.png"
  ],
  "completion_status": {
    "practice_completed": true,
    "game_started": true,
    "game_completed": true,
    "summary_viewed": true,
    "email_submitted": true
  },
  "timestamps_unix": {
    "registration_completed": 1749865615,
    "practice_started": 1749865616,
    "practice_completed": 1749865632,
    "game_started": 1749865632,
    "first_label": 1749865641,
    "last_label": 1749865917,
    "game_completed": 1749865921,
    "summary_viewed": 1749865921,
    "email_submitted": 1749866140,
    "session_end": 1749866140,
    "last_updated": 1749866140
  },
  "timestamps_unix_ms": {
    "registration_completed_ms": 1749865615462,
    "practice_started_ms": 1749865616083,
    "practice_completed_ms": 1749865632068,
    "game_started_ms": 1749865632080,
    "first_label_ms": 1749865641962,
    "last_label_ms": 1749865917797,
    "game_completed_ms": 1749865921403,
    "summary_viewed_ms": 1749865921416,
    "email_submitted_ms": 1749866140914,
    "session_end_ms": 1749866140914,
    "last_updated_ms": 1749866140914
  },
  "duration_stats_ms": {
    "total_session_duration_ms": 525452,
    "practice_duration_ms": 15985,
    "game_duration_ms": 289323,
    "labeling_duration_ms": 275835,
    "email_submission_duration_ms": 219498
  },
  "filename_updated_unix": 1749865921,
  "original_filename": "user_ad9836",
  "completion_status_in_filename": "email_submitted"
}