{
  "user_id": "user_2996ff",
  "file_name": "user_2996ff_1750320339_1750320777_fullycomplete",
  "unix_start_time": 1750320339,
  "unix_start_time_ms": 1750320339765,
  "unix_end_time": 1750320777,
  "unix_end_time_ms": 1750320777752,
  "age": "18-24",
  "gender": "female",
  "user_agent": "Mozilla/5.0 (Windows NT 10.0; Win64; x64) AppleWebKit/537.36 (KHTML, like Gecko) Chrome/137.0.0.0 Safari/537.36",
  "user_ip": "27.53.0.56",
  "status": "complete",
  "email_provided": "complete",
  "attention_passed": true,
  "start_time_readable": "2025-06-19 08:05:39.765",
  "end_time_readable": "2025-06-19 08:12:57.752",
  "total_labels": 52,
  "emotion_summary": {
    "anger": 9,
    "contempt": 19,
    "disgust": 8,
    "others": 16
  },
  "email": "xzhou4798@gmail.com",
  "participation": "yes",
  "total_responses": 52,
  "responses": [
    {
      "image_path": "Arthur-Fist/Arthur-Fist_36.png",
      "label": "憤怒",
      "response_time": "00:00:13.806",
      "timestamp_unix": 1750320413,
      "timestamp_unix_ms": 1750320413776,
      "timestamp_readable": "2025-06-19 08:06:53.776",
      "normalized_name": "Arthur-Fist/Arthur-Fist",
      "meme_name": "Arthur-Fist",
      "post_id": 36,
      "english_label": "anger",
      "response_time_ms": 13806
    },
    {
      "image_path": "Futurama-Fry/Futurama-Fry_48.png",
      "label": "輕蔑",
      "response_time": "00:00:09.206",
      "timestamp_unix": 1750320423,
      "timestamp_unix_ms": 1750320423075,
      "timestamp_readable": "2025-06-19 08:07:03.075",
      "normalized_name": "Futurama-Fry/Futurama-Fry",
      "meme_name": "Futurama-Fry",
      "post_id": 48,
      "english_label": "contempt",
      "response_time_ms": 9206
    },
    {
      "image_path": "Khan/Khan_45.png",
      "label": "其他",
      "response_time": "00:00:11.207",
      "timestamp_unix": 1750320434,
      "timestamp_unix_ms": 1750320434393,
      "timestamp_readable": "2025-06-19 08:07:14.393",
      "normalized_name": "Khan/Khan",
      "meme_name": "Khan",
      "post_id": 45,
      "english_label": "others",
      "response_time_ms": 11207
    },
    {
      "image_path": "Gru-Gun/Gru-Gun_43.png",
      "label": "輕蔑",
      "response_time": "00:00:04.007",
      "timestamp_unix": 1750320438,
      "timestamp_unix_ms": 1750320438538,
      "timestamp_readable": "2025-06-19 08:07:18.538",
      "normalized_name": "Gru-Gun/Gru-Gun",
      "meme_name": "Gru-Gun",
      "post_id": 43,
      "english_label": "contempt",
      "response_time_ms": 4007
    },
    {
      "image_path": "Batman-Slapping-Robin/Batman-Slapping-Robin_7.png",
      "label": "厭惡",
      "response_time": "00:00:07.104",
      "timestamp_unix": 1750320445,
      "timestamp_unix_ms": 1750320445704,
      "timestamp_readable": "2025-06-19 08:07:25.704",
      "normalized_name": "Batman-Slapping-Robin/Batman-Slapping-Robin",
      "meme_name": "Batman-Slapping-Robin",
      "post_id": 7,
      "english_label": "disgust",
      "response_time_ms": 7104
    },
    {
      "image_path": "Picard-Wtf/Picard-Wtf_32.png",
      "label": "輕蔑",
      "response_time": "00:00:09.305",
      "timestamp_unix": 1750320455,
      "timestamp_unix_ms": 1750320455095,
      "timestamp_readable": "2025-06-19 08:07:35.095",
      "normalized_name": "Picard-Wtf/Picard-Wtf",
      "meme_name": "Picard-Wtf",
      "post_id": 32,
      "english_label": "contempt",
      "response_time_ms": 9305
    },
    {
      "image_path": "Moe-throws-Barney/Moe-throws-Barney_13.png",
      "label": "憤怒",
      "response_time": "00:00:04.502",
      "timestamp_unix": 1750320459,
      "timestamp_unix_ms": 1750320459725,
      "timestamp_readable": "2025-06-19 08:07:39.725",
      "normalized_name": "Moe-throws-Barney/Moe-throws-Barney",
      "meme_name": "Moe-throws-Barney",
      "post_id": 13,
      "english_label": "anger",
      "response_time_ms": 4502
    },
    {
      "image_path": "Spiderman-Hospital/Spiderman-Hospital_23.png",
      "label": "其他",
      "response_time": "00:00:09.512",
      "timestamp_unix": 1750320469,
      "timestamp_unix_ms": 1750320469335,
      "timestamp_readable": "2025-06-19 08:07:49.335",
      "normalized_name": "Spiderman-Hospital/Spiderman-Hospital",
      "meme_name": "Spiderman-Hospital",
      "post_id": 23,
      "english_label": "others",
      "response_time_ms": 9512
    },
    {
      "image_path": "Hold-fart/Hold-fart_29.png",
      "label": "輕蔑",
      "response_time": "00:00:06.909",
      "timestamp_unix": 1750320476,
      "timestamp_unix_ms": 1750320476353,
      "timestamp_readable": "2025-06-19 08:07:56.353",
      "normalized_name": "Hold-fart/Hold-fart",
      "meme_name": "Hold-fart",
      "post_id": 29,
      "english_label": "contempt",
      "response_time_ms": 6909
    },
    {
      "image_path": "Kevin-Hart/Kevin-Hart_39.png",
      "label": "其他",
      "response_time": "00:00:04.311",
      "timestamp_unix": 1750320480,
      "timestamp_unix_ms": 1750320480782,
      "timestamp_readable": "2025-06-19 08:08:00.782",
      "normalized_name": "Kevin-Hart/Kevin-Hart",
      "meme_name": "Kevin-Hart",
      "post_id": 39,
      "english_label": "others",
      "response_time_ms": 4311
    },
    {
      "image_path": "Laughing-wolf/Laughing-wolf_6.png",
      "label": "輕蔑",
      "response_time": "00:00:07.503",
      "timestamp_unix": 1750320488,
      "timestamp_unix_ms": 1750320488375,
      "timestamp_readable": "2025-06-19 08:08:08.375",
      "normalized_name": "Laughing-wolf/Laughing-wolf",
      "meme_name": "Laughing-wolf",
      "post_id": 6,
      "english_label": "contempt",
      "response_time_ms": 7503
    },
    {
      "image_path": "Dinkleberg/Dinkleberg_21.png",
      "label": "厭惡",
      "response_time": "00:00:04.900",
      "timestamp_unix": 1750320493,
      "timestamp_unix_ms": 1750320493460,
      "timestamp_readable": "2025-06-19 08:08:13.460",
      "normalized_name": "Dinkleberg/Dinkleberg",
      "meme_name": "Dinkleberg",
      "post_id": 21,
      "english_label": "disgust",
      "response_time_ms": 4900
    },
    {
      "image_path": "Always-you-three/Always-you-three_17.png",
      "label": "其他",
      "response_time": "00:00:05.205",
      "timestamp_unix": 1750320498,
      "timestamp_unix_ms": 1750320498735,
      "timestamp_readable": "2025-06-19 08:08:18.735",
      "normalized_name": "Always-you-three/Always-you-three",
      "meme_name": "Always-you-three",
      "post_id": 17,
      "english_label": "others",
      "response_time_ms": 5205
    },
    {
      "image_path": "Math-ladyConfused-lady/Math-ladyConfused-lady_37.png",
      "label": "其他",
      "response_time": "00:00:08.107",
      "timestamp_unix": 1750320506,
      "timestamp_unix_ms": 1750320506935,
      "timestamp_readable": "2025-06-19 08:08:26.935",
      "normalized_name": "Math-ladyConfused-lady/Math-ladyConfused-lady",
      "meme_name": "Math-ladyConfused-lady",
      "post_id": 37,
      "english_label": "others",
      "response_time_ms": 8107
    },
    {
      "image_path": "Always-Has-Been/Always-Has-Been_1.png",
      "label": "厭惡",
      "response_time": "00:00:07.110",
      "timestamp_unix": 1750320514,
      "timestamp_unix_ms": 1750320514185,
      "timestamp_readable": "2025-06-19 08:08:34.185",
      "normalized_name": "Always-Has-Been/Always-Has-Been",
      "meme_name": "Always-Has-Been",
      "post_id": 1,
      "english_label": "disgust",
      "response_time_ms": 7110
    },
    {
      "image_path": "You-The-Real-MVP/You-The-Real-MVP_3.png",
      "label": "輕蔑",
      "response_time": "00:00:05.208",
      "timestamp_unix": 1750320519,
      "timestamp_unix_ms": 1750320519535,
      "timestamp_readable": "2025-06-19 08:08:39.535",
      "normalized_name": "You-The-Real-MVP/You-The-Real-MVP",
      "meme_name": "You-The-Real-MVP",
      "post_id": 3,
      "english_label": "contempt",
      "response_time_ms": 5208
    },
    {
      "image_path": "Drake-NoYes/Drake-NoYes_12.png",
      "label": "輕蔑",
      "response_time": "00:00:06.605",
      "timestamp_unix": 1750320526,
      "timestamp_unix_ms": 1750320526218,
      "timestamp_readable": "2025-06-19 08:08:46.218",
      "normalized_name": "Drake-NoYes/Drake-NoYes",
      "meme_name": "Drake-NoYes",
      "post_id": 12,
      "english_label": "contempt",
      "response_time_ms": 6605
    },
    {
      "image_path": "Happy--Shock/Happy--Shock_35.png",
      "label": "其他",
      "response_time": "00:00:08.013",
      "timestamp_unix": 1750320534,
      "timestamp_unix_ms": 1750320534398,
      "timestamp_readable": "2025-06-19 08:08:54.398",
      "normalized_name": "Happy--Shock/Happy--Shock",
      "meme_name": "Happy--Shock",
      "post_id": 35,
      "english_label": "others",
      "response_time_ms": 8013
    },
    {
      "image_path": "Obi-Wan-Kenobi/Obi-Wan-Kenobi_9.png",
      "label": "憤怒",
      "response_time": "00:00:05.700",
      "timestamp_unix": 1750320540,
      "timestamp_unix_ms": 1750320540198,
      "timestamp_readable": "2025-06-19 08:09:00.198",
      "normalized_name": "Obi-Wan-Kenobi/Obi-Wan-Kenobi",
      "meme_name": "Obi-Wan-Kenobi",
      "post_id": 9,
      "english_label": "anger",
      "response_time_ms": 5700
    },
    {
      "image_path": "Put-It-Somewhere-Else-Patrick/Put-It-Somewhere-Else-Patrick_34.png",
      "label": "其他",
      "response_time": "00:00:06.105",
      "timestamp_unix": 1750320546,
      "timestamp_unix_ms": 1750320546425,
      "timestamp_readable": "2025-06-19 08:09:06.425",
      "normalized_name": "Put-It-Somewhere-Else-Patrick/Put-It-Somewhere-Else-Patrick",
      "meme_name": "Put-It-Somewhere-Else-Patrick",
      "post_id": 34,
      "english_label": "others",
      "response_time_ms": 6105
    },
    {
      "image_path": "Confused-Gandalf/Confused-Gandalf_31.png",
      "label": "輕蔑",
      "response_time": "00:00:05.006",
      "timestamp_unix": 1750320551,
      "timestamp_unix_ms": 1750320551498,
      "timestamp_readable": "2025-06-19 08:09:11.498",
      "normalized_name": "Confused-Gandalf/Confused-Gandalf",
      "meme_name": "Confused-Gandalf",
      "post_id": 31,
      "english_label": "contempt",
      "response_time_ms": 5006
    },
    {
      "image_path": "Monkey-Puppet/Monkey-Puppet_38.png",
      "label": "輕蔑",
      "response_time": "00:00:02.708",
      "timestamp_unix": 1750320554,
      "timestamp_unix_ms": 1750320554295,
      "timestamp_readable": "2025-06-19 08:09:14.295",
      "normalized_name": "Monkey-Puppet/Monkey-Puppet",
      "meme_name": "Monkey-Puppet",
      "post_id": 38,
      "english_label": "contempt",
      "response_time_ms": 2708
    },
    {
      "image_path": "Scooby-doo-mask-reveal/Scooby-doo-mask-reveal_4.png",
      "label": "其他",
      "response_time": "00:00:03.903",
      "timestamp_unix": 1750320558,
      "timestamp_unix_ms": 1750320558260,
      "timestamp_readable": "2025-06-19 08:09:18.260",
      "normalized_name": "Scooby-doo-mask-reveal/Scooby-doo-mask-reveal",
      "meme_name": "Scooby-doo-mask-reveal",
      "post_id": 4,
      "english_label": "others",
      "response_time_ms": 3903
    },
    {
      "image_path": "Mocking-Spongebob/Mocking-Spongebob_5.png",
      "label": "其他",
      "response_time": "00:00:07.306",
      "timestamp_unix": 1750320565,
      "timestamp_unix_ms": 1750320565701,
      "timestamp_readable": "2025-06-19 08:09:25.701",
      "normalized_name": "Mocking-Spongebob/Mocking-Spongebob",
      "meme_name": "Mocking-Spongebob",
      "post_id": 5,
      "english_label": "others",
      "response_time_ms": 7306
    },
    {
      "image_path": "attention_check/attention_check_Others.png",
      "label": "其他",
      "response_time": "00:00:03.401",
      "timestamp_unix": 1750320569,
      "timestamp_unix_ms": 1750320569235,
      "timestamp_readable": "2025-06-19 08:09:29.235",
      "normalized_name": "attention_check/attention_check_Others.png",
      "meme_name": "attention_check",
      "post_id": null,
      "english_label": "others",
      "response_time_ms": 3401
    },
    {
      "image_path": "Smudge-the-cat/Smudge-the-cat_8.png",
      "label": "厭惡",
      "response_time": "00:00:11.312",
      "timestamp_unix": 1750320580,
      "timestamp_unix_ms": 1750320580720,
      "timestamp_readable": "2025-06-19 08:09:40.720",
      "normalized_name": "Smudge-the-cat/Smudge-the-cat",
      "meme_name": "Smudge-the-cat",
      "post_id": 8,
      "english_label": "disgust",
      "response_time_ms": 11312
    },
    {
      "image_path": "Charlie-Day/Charlie-Day_46.png",
      "label": "憤怒",
      "response_time": "00:00:08.408",
      "timestamp_unix": 1750320589,
      "timestamp_unix_ms": 1750320589295,
      "timestamp_readable": "2025-06-19 08:09:49.295",
      "normalized_name": "Charlie-Day/Charlie-Day",
      "meme_name": "Charlie-Day",
      "post_id": 46,
      "english_label": "anger",
      "response_time_ms": 8408
    },
    {
      "image_path": "Hide-the-Pain-Harold/Hide-the-Pain-Harold_22.png",
      "label": "輕蔑",
      "response_time": "00:00:03.802",
      "timestamp_unix": 1750320593,
      "timestamp_unix_ms": 1750320593215,
      "timestamp_readable": "2025-06-19 08:09:53.215",
      "normalized_name": "Hide-the-Pain-Harold/Hide-the-Pain-Harold",
      "meme_name": "Hide-the-Pain-Harold",
      "post_id": 22,
      "english_label": "contempt",
      "response_time_ms": 3802
    },
    {
      "image_path": "Angry-Baby/Angry-Baby_26.png",
      "label": "憤怒",
      "response_time": "00:00:05.112",
      "timestamp_unix": 1750320598,
      "timestamp_unix_ms": 1750320598485,
      "timestamp_readable": "2025-06-19 08:09:58.485",
      "normalized_name": "Angry-Baby/Angry-Baby",
      "meme_name": "Angry-Baby",
      "post_id": 26,
      "english_label": "anger",
      "response_time_ms": 5112
    },
    {
      "image_path": "Nuclear-Explosion/Nuclear-Explosion_2.png",
      "label": "憤怒",
      "response_time": "00:00:03.908",
      "timestamp_unix": 1750320602,
      "timestamp_unix_ms": 1750320602575,
      "timestamp_readable": "2025-06-19 08:10:02.575",
      "normalized_name": "Nuclear-Explosion/Nuclear-Explosion",
      "meme_name": "Nuclear-Explosion",
      "post_id": 2,
      "english_label": "anger",
      "response_time_ms": 3908
    },
    {
      "image_path": "Mr-incredible-mad/Mr-incredible-mad_47.png",
      "label": "厭惡",
      "response_time": "00:00:07.003",
      "timestamp_unix": 1750320609,
      "timestamp_unix_ms": 1750320609735,
      "timestamp_readable": "2025-06-19 08:10:09.735",
      "normalized_name": "Mr-incredible-mad/Mr-incredible-mad",
      "meme_name": "Mr-incredible-mad",
      "post_id": 47,
      "english_label": "disgust",
      "response_time_ms": 7003
    },
    {
      "image_path": "Black-guy-hiding-behind-tree/Black-guy-hiding-behind-tree_20.png",
      "label": "輕蔑",
      "response_time": "00:00:04.109",
      "timestamp_unix": 1750320613,
      "timestamp_unix_ms": 1750320613993,
      "timestamp_readable": "2025-06-19 08:10:13.993",
      "normalized_name": "Black-guy-hiding-behind-tree/Black-guy-hiding-behind-tree",
      "meme_name": "Black-guy-hiding-behind-tree",
      "post_id": 20,
      "english_label": "contempt",
      "response_time_ms": 4109
    },
    {
      "image_path": "Im-The-Captain-Now/Im-The-Captain-Now_40.png",
      "label": "厭惡",
      "response_time": "00:00:05.001",
      "timestamp_unix": 1750320619,
      "timestamp_unix_ms": 1750320619176,
      "timestamp_readable": "2025-06-19 08:10:19.176",
      "normalized_name": "Im-The-Captain-Now/Im-The-Captain-Now",
      "meme_name": "Im-The-Captain-Now",
      "post_id": 40,
      "english_label": "disgust",
      "response_time_ms": 5001
    },
    {
      "image_path": "Well-Yes-But-Actually-No/Well-Yes-But-Actually-No_14.png",
      "label": "厭惡",
      "response_time": "00:00:06.702",
      "timestamp_unix": 1750320626,
      "timestamp_unix_ms": 1750320626056,
      "timestamp_readable": "2025-06-19 08:10:26.056",
      "normalized_name": "Well-Yes-But-Actually-No/Well-Yes-But-Actually-No",
      "meme_name": "Well-Yes-But-Actually-No",
      "post_id": 14,
      "english_label": "disgust",
      "response_time_ms": 6702
    },
    {
      "image_path": "Ill-Have-You-Know-Spongebob/Ill-Have-You-Know-Spongebob_25.png",
      "label": "輕蔑",
      "response_time": "00:00:03.412",
      "timestamp_unix": 1750320629,
      "timestamp_unix_ms": 1750320629656,
      "timestamp_readable": "2025-06-19 08:10:29.656",
      "normalized_name": "Ill-Have-You-Know-Spongebob/Ill-Have-You-Know-Spongebob",
      "meme_name": "Ill-Have-You-Know-Spongebob",
      "post_id": 25,
      "english_label": "contempt",
      "response_time_ms": 3412
    },
    {
      "image_path": "Afraid-To-Ask-Andy/Afraid-To-Ask-Andy_19.png",
      "label": "其他",
      "response_time": "00:00:04.714",
      "timestamp_unix": 1750320634,
      "timestamp_unix_ms": 1750320634491,
      "timestamp_readable": "2025-06-19 08:10:34.491",
      "normalized_name": "Afraid-To-Ask-Andy/Afraid-To-Ask-Andy",
      "meme_name": "Afraid-To-Ask-Andy",
      "post_id": 19,
      "english_label": "others",
      "response_time_ms": 4714
    },
    {
      "image_path": "Disaster-Girl/Disaster-Girl_49.png",
      "label": "輕蔑",
      "response_time": "00:00:03.210",
      "timestamp_unix": 1750320637,
      "timestamp_unix_ms": 1750320637855,
      "timestamp_readable": "2025-06-19 08:10:37.855",
      "normalized_name": "Disaster-Girl/Disaster-Girl",
      "meme_name": "Disaster-Girl",
      "post_id": 49,
      "english_label": "contempt",
      "response_time_ms": 3210
    },
    {
      "image_path": "Thats-a-paddlin/Thats-a-paddlin_28.png",
      "label": "厭惡",
      "response_time": "00:00:05.214",
      "timestamp_unix": 1750320643,
      "timestamp_unix_ms": 1750320643175,
      "timestamp_readable": "2025-06-19 08:10:43.175",
      "normalized_name": "Thats-a-paddlin/Thats-a-paddlin",
      "meme_name": "Thats-a-paddlin",
      "post_id": 28,
      "english_label": "disgust",
      "response_time_ms": 5214
    },
    {
      "image_path": "Leonardo-Dicaprio-Wolf-Of-Wall-Street/Leonardo-Dicaprio-Wolf-Of-Wall-Street_33.png",
      "label": "輕蔑",
      "response_time": "00:00:06.606",
      "timestamp_unix": 1750320649,
      "timestamp_unix_ms": 1750320649888,
      "timestamp_readable": "2025-06-19 08:10:49.888",
      "normalized_name": "Leonardo-Dicaprio-Wolf-Of-Wall-Street/Leonardo-Dicaprio-Wolf-Of-Wall-Street",
      "meme_name": "Leonardo-Dicaprio-Wolf-Of-Wall-Street",
      "post_id": 33,
      "english_label": "contempt",
      "response_time_ms": 6606
    },
    {
      "image_path": "DJ-Pauly-D/DJ-Pauly-D_24.png",
      "label": "憤怒",
      "response_time": "00:00:04.305",
      "timestamp_unix": 1750320654,
      "timestamp_unix_ms": 1750320654340,
      "timestamp_readable": "2025-06-19 08:10:54.340",
      "normalized_name": "DJ-Pauly-D/DJ-Pauly-D",
      "meme_name": "DJ-Pauly-D",
      "post_id": 24,
      "english_label": "anger",
      "response_time_ms": 4305
    },
    {
      "image_path": "For-the-better-right-blank/For-the-better-right-blank_10.png",
      "label": "輕蔑",
      "response_time": "00:00:06.107",
      "timestamp_unix": 1750320660,
      "timestamp_unix_ms": 1750320660559,
      "timestamp_readable": "2025-06-19 08:11:00.559",
      "normalized_name": "For-the-better-right-blank/For-the-better-right-blank",
      "meme_name": "For-the-better-right-blank",
      "post_id": 10,
      "english_label": "contempt",
      "response_time_ms": 6107
    },
    {
      "image_path": "I-am-once-again-asking/I-am-once-again-asking_42.png",
      "label": "其他",
      "response_time": "00:00:18.810",
      "timestamp_unix": 1750320679,
      "timestamp_unix_ms": 1750320679476,
      "timestamp_readable": "2025-06-19 08:11:19.476",
      "normalized_name": "I-am-once-again-asking/I-am-once-again-asking",
      "meme_name": "I-am-once-again-asking",
      "post_id": 42,
      "english_label": "others",
      "response_time_ms": 18810
    },
    {
      "image_path": "Table-Flip-Guy/Table-Flip-Guy_16.png",
      "label": "憤怒",
      "response_time": "00:00:08.805",
      "timestamp_unix": 1750320688,
      "timestamp_unix_ms": 1750320688380,
      "timestamp_readable": "2025-06-19 08:11:28.380",
      "normalized_name": "Table-Flip-Guy/Table-Flip-Guy",
      "meme_name": "Table-Flip-Guy",
      "post_id": 16,
      "english_label": "anger",
      "response_time_ms": 8805
    },
    {
      "image_path": "Dave-chappelle/Dave-chappelle_15.png",
      "label": "輕蔑",
      "response_time": "00:00:06.006",
      "timestamp_unix": 1750320694,
      "timestamp_unix_ms": 1750320694525,
      "timestamp_readable": "2025-06-19 08:11:34.525",
      "normalized_name": "Dave-chappelle/Dave-chappelle",
      "meme_name": "Dave-chappelle",
      "post_id": 15,
      "english_label": "contempt",
      "response_time_ms": 6006
    },
    {
      "image_path": "Spongebob-Yelling/Spongebob-Yelling_11.png",
      "label": "憤怒",
      "response_time": "00:00:04.205",
      "timestamp_unix": 1750320698,
      "timestamp_unix_ms": 1750320698901,
      "timestamp_readable": "2025-06-19 08:11:38.901",
      "normalized_name": "Spongebob-Yelling/Spongebob-Yelling",
      "meme_name": "Spongebob-Yelling",
      "post_id": 11,
      "english_label": "anger",
      "response_time_ms": 4205
    },
    {
      "image_path": "Persian-Cat-Room-Guardian/Persian-Cat-Room-Guardian_44.png",
      "label": "輕蔑",
      "response_time": "00:00:05.509",
      "timestamp_unix": 1750320704,
      "timestamp_unix_ms": 1750320704558,
      "timestamp_readable": "2025-06-19 08:11:44.558",
      "normalized_name": "Persian-Cat-Room-Guardian/Persian-Cat-Room-Guardian",
      "meme_name": "Persian-Cat-Room-Guardian",
      "post_id": 44,
      "english_label": "contempt",
      "response_time_ms": 5509
    },
    {
      "image_path": "Surprised-Pikachu/Surprised-Pikachu_18.png",
      "label": "其他",
      "response_time": "00:00:05.105",
      "timestamp_unix": 1750320709,
      "timestamp_unix_ms": 1750320709916,
      "timestamp_readable": "2025-06-19 08:11:49.916",
      "normalized_name": "Surprised-Pikachu/Surprised-Pikachu",
      "meme_name": "Surprised-Pikachu",
      "post_id": 18,
      "english_label": "others",
      "response_time_ms": 5105
    },
    {
      "image_path": "Disappointed-Man/Disappointed-Man_50.png",
      "label": "其他",
      "response_time": "00:00:08.907",
      "timestamp_unix": 1750320718,
      "timestamp_unix_ms": 1750320718936,
      "timestamp_readable": "2025-06-19 08:11:58.936",
      "normalized_name": "Disappointed-Man/Disappointed-Man",
      "meme_name": "Disappointed-Man",
      "post_id": 50,
      "english_label": "others",
      "response_time_ms": 8907
    },
    {
      "image_path": "Archer/Archer_41.png",
      "label": "其他",
      "response_time": "00:00:04.906",
      "timestamp_unix": 1750320723,
      "timestamp_unix_ms": 1750320723971,
      "timestamp_readable": "2025-06-19 08:12:03.971",
      "normalized_name": "Archer/Archer",
      "meme_name": "Archer",
      "post_id": 41,
      "english_label": "others",
      "response_time_ms": 4906
    },
    {
      "image_path": "Chill-guy/Chill-guy_27.png",
      "label": "輕蔑",
      "response_time": "00:00:04.305",
      "timestamp_unix": 1750320728,
      "timestamp_unix_ms": 1750320728456,
      "timestamp_readable": "2025-06-19 08:12:08.456",
      "normalized_name": "Chill-guy/Chill-guy",
      "meme_name": "Chill-guy",
      "post_id": 27,
      "english_label": "contempt",
      "response_time_ms": 4305
    },
    {
      "image_path": "attention_check/attention_check_Contempt.png",
      "label": "輕蔑",
      "response_time": "00:00:03.302",
      "timestamp_unix": 1750320731,
      "timestamp_unix_ms": 1750320731916,
      "timestamp_readable": "2025-06-19 08:12:11.916",
      "normalized_name": "attention_check/attention_check_Contempt.png",
      "meme_name": "attention_check",
      "post_id": null,
      "english_label": "contempt",
      "response_time_ms": 3302
    },
    {
      "image_path": "Mr-McMahon-reaction/Mr-McMahon-reaction_30.png",
      "label": "其他",
      "response_time": "00:00:05.808",
      "timestamp_unix": 1750320737,
      "timestamp_unix_ms": 1750320737881,
      "timestamp_readable": "2025-06-19 08:12:17.881",
      "normalized_name": "Mr-McMahon-reaction/Mr-McMahon-reaction",
      "meme_name": "Mr-McMahon-reaction",
      "post_id": 30,
      "english_label": "others",
      "response_time_ms": 5808
    }
  ],
  "session_start_unix": 1750320339,
  "session_status": "completed",
  "last_updated_unix": 1750320777,
  "image_order": [
    "Spiderman-Hospital/Spiderman-Hospital_23.png",
    "Happy--Shock/Happy--Shock_35.png",
    "Chill-guy/Chill-guy_27.png",
    "I-am-once-again-asking/I-am-once-again-asking_42.png",
    "Math-ladyConfused-lady/Math-ladyConfused-lady_37.png",
    "Archer/Archer_41.png",
    "Leonardo-Dicaprio-Wolf-Of-Wall-Street/Leonardo-Dicaprio-Wolf-Of-Wall-Street_33.png",
    "Mocking-Spongebob/Mocking-Spongebob_5.png",
    "Afraid-To-Ask-Andy/Afraid-To-Ask-Andy_19.png",
    "Charlie-Day/Charlie-Day_46.png",
    "Always-Has-Been/Always-Has-Been_1.png",
    "Picard-Wtf/Picard-Wtf_32.png",
    "Batman-Slapping-Robin/Batman-Slapping-Robin_7.png",
    "For-the-better-right-blank/For-the-better-right-blank_10.png",
    "Drake-NoYes/Drake-NoYes_12.png",
    "Laughing-wolf/Laughing-wolf_6.png",
    "DJ-Pauly-D/DJ-Pauly-D_24.png",
    "Always-you-three/Always-you-three_17.png",
    "Disappointed-Man/Disappointed-Man_50.png",
    "Smudge-the-cat/Smudge-the-cat_8.png",
    "Thats-a-paddlin/Thats-a-paddlin_28.png",
    "Hide-the-Pain-Harold/Hide-the-Pain-Harold_22.png",
    "Hold-fart/Hold-fart_29.png",
    "Im-The-Captain-Now/Im-The-Captain-Now_40.png",
    "attention_check/attention_check_Others.png",
    "Obi-Wan-Kenobi/Obi-Wan-Kenobi_9.png",
    "Spongebob-Yelling/Spongebob-Yelling_11.png",
    "Nuclear-Explosion/Nuclear-Explosion_2.png",
    "Dinkleberg/Dinkleberg_21.png",
    "Scooby-doo-mask-reveal/Scooby-doo-mask-reveal_4.png",
    "Disaster-Girl/Disaster-Girl_49.png",
    "Black-guy-hiding-behind-tree/Black-guy-hiding-behind-tree_20.png",
    "You-The-Real-MVP/You-The-Real-MVP_3.png",
    "Moe-throws-Barney/Moe-throws-Barney_13.png",
    "Ill-Have-You-Know-Spongebob/Ill-Have-You-Know-Spongebob_25.png",
    "Futurama-Fry/Futurama-Fry_48.png",
    "Monkey-Puppet/Monkey-Puppet_38.png",
    "Confused-Gandalf/Confused-Gandalf_31.png",
    "Mr-incredible-mad/Mr-incredible-mad_47.png",
    "Dave-chappelle/Dave-chappelle_15.png",
    "Surprised-Pikachu/Surprised-Pikachu_18.png",
    "Table-Flip-Guy/Table-Flip-Guy_16.png",
    "Kevin-Hart/Kevin-Hart_39.png",
    "Well-Yes-But-Actually-No/Well-Yes-But-Actually-No_14.png",
    "Mr-McMahon-reaction/Mr-McMahon-reaction_30.png",
    "Gru-Gun/Gru-Gun_43.png",
    "Persian-Cat-Room-Guardian/Persian-Cat-Room-Guardian_44.png",
    "Put-It-Somewhere-Else-Patrick/Put-It-Somewhere-Else-Patrick_34.png",
    "Angry-Baby/Angry-Baby_26.png",
    "Arthur-Fist/Arthur-Fist_36.png",
    "attention_check/attention_check_Contempt.png",
    "Khan/Khan_45.png"
  ],
  "completion_status": {
    "practice_completed": true,
    "game_started": true,
    "game_completed": true,
    "summary_viewed": true,
    "email_submitted": true
  },
  "timestamps_unix": {
    "registration_completed": 1750320339,
    "practice_started": 1750320339,
    "practice_completed": 1750320399,
    "game_started": 1750320399,
    "first_label": 1750320413,
    "last_label": 1750320737,
    "game_completed": 1750320740,
    "summary_viewed": 1750320740,
    "email_submitted": 1750320777,
    "session_end": 1750320777,
    "last_updated": 1750320777
  },
  "timestamps_unix_ms": {
    "registration_completed_ms": 1750320339765,
    "practice_started_ms": 1750320339814,
    "practice_completed_ms": 1750320399663,
    "game_started_ms": 1750320399670,
    "first_label_ms": 1750320413776,
    "last_label_ms": 1750320737881,
    "game_completed_ms": 1750320740085,
    "summary_viewed_ms": 1750320740092,
    "email_submitted_ms": 1750320777744,
    "session_end_ms": 1750320777744,
    "last_updated_ms": 1750320777744
  },
  "duration_stats_ms": {
    "total_session_duration_ms": 437979,
    "practice_duration_ms": 59849,
    "game_duration_ms": 340415,
    "labeling_duration_ms": 324105,
    "email_submission_duration_ms": 37652
  },
  "filename_updated_unix": 1750320740,
  "original_filename": "user_2996ff",
  "completion_status_in_filename": "email_submitted"
}