{
  "user_id": "user_10f554",
  "file_name": "user_10f554_1749817985_1749818548_fullycomplete",
  "unix_start_time": 1749817985,
  "unix_start_time_ms": 1749817985943,
  "unix_end_time": 1749818548,
  "unix_end_time_ms": 1749818548219,
  "age": "25-29",
  "gender": "male",
  "user_agent": "Mozilla/5.0 (Windows NT 10.0; Win64; x64) AppleWebKit/537.36 (KHTML, like Gecko) Chrome/137.0.0.0 Safari/537.36",
  "user_ip": "101.10.238.231",
  "status": "complete",
  "email_provided": "complete",
  "attention_passed": true,
  "start_time_readable": "2025-06-13 12:33:05.943",
  "end_time_readable": "2025-06-13 12:42:28.219",
  "total_labels": 52,
  "emotion_summary": {
    "anger": 12,
    "contempt": 10,
    "disgust": 9,
    "others": 21
  },
  "email": "cwhuang.en12@nycu.edu.tw",
  "participation": "yes",
  "total_responses": 52,
  "responses": [
    {
      "image_path": "For-the-better-right-blank/For-the-better-right-blank_15.png",
      "label": "其他",
      "response_time": "00:00:17.201",
      "timestamp_unix": 1749818096,
      "timestamp_unix_ms": 1749818096751,
      "timestamp_readable": "2025-06-13 12:34:56.751",
      "normalized_name": "For-the-better-right-blank/For-the-better-right-blank",
      "meme_name": "For-the-better-right-blank",
      "post_id": 15,
      "english_label": "others",
      "response_time_ms": 17201
    },
    {
      "image_path": "Always-Has-Been/Always-Has-Been_6.png",
      "label": "憤怒",
      "response_time": "00:00:15.604",
      "timestamp_unix": 1749818112,
      "timestamp_unix_ms": 1749818112441,
      "timestamp_readable": "2025-06-13 12:35:12.441",
      "normalized_name": "Always-Has-Been/Always-Has-Been",
      "meme_name": "Always-Has-Been",
      "post_id": 6,
      "english_label": "anger",
      "response_time_ms": 15604
    },
    {
      "image_path": "Futurama-Fry/Futurama-Fry_20.png",
      "label": "輕蔑",
      "response_time": "00:00:09.603",
      "timestamp_unix": 1749818122,
      "timestamp_unix_ms": 1749818122209,
      "timestamp_readable": "2025-06-13 12:35:22.209",
      "normalized_name": "Futurama-Fry/Futurama-Fry",
      "meme_name": "Futurama-Fry",
      "post_id": 20,
      "english_label": "contempt",
      "response_time_ms": 9603
    },
    {
      "image_path": "Dave-chappelle/Dave-chappelle_36.png",
      "label": "輕蔑",
      "response_time": "00:00:07.103",
      "timestamp_unix": 1749818129,
      "timestamp_unix_ms": 1749818129431,
      "timestamp_readable": "2025-06-13 12:35:29.431",
      "normalized_name": "Dave-chappelle/Dave-chappelle",
      "meme_name": "Dave-chappelle",
      "post_id": 36,
      "english_label": "contempt",
      "response_time_ms": 7103
    },
    {
      "image_path": "Smudge-the-cat/Smudge-the-cat_42.png",
      "label": "憤怒",
      "response_time": "00:00:14.803",
      "timestamp_unix": 1749818144,
      "timestamp_unix_ms": 1749818144389,
      "timestamp_readable": "2025-06-13 12:35:44.389",
      "normalized_name": "Smudge-the-cat/Smudge-the-cat",
      "meme_name": "Smudge-the-cat",
      "post_id": 42,
      "english_label": "anger",
      "response_time_ms": 14803
    },
    {
      "image_path": "Always-you-three/Always-you-three_50.png",
      "label": "憤怒",
      "response_time": "00:00:35.600",
      "timestamp_unix": 1749818181,
      "timestamp_unix_ms": 1749818181480,
      "timestamp_readable": "2025-06-13 12:36:21.480",
      "normalized_name": "Always-you-three/Always-you-three",
      "meme_name": "Always-you-three",
      "post_id": 50,
      "english_label": "anger",
      "response_time_ms": 35600
    },
    {
      "image_path": "Archer/Archer_14.png",
      "label": "其他",
      "response_time": "00:00:09.205",
      "timestamp_unix": 1749818190,
      "timestamp_unix_ms": 1749818190768,
      "timestamp_readable": "2025-06-13 12:36:30.768",
      "normalized_name": "Archer/Archer",
      "meme_name": "Archer",
      "post_id": 14,
      "english_label": "others",
      "response_time_ms": 9205
    },
    {
      "image_path": "Charlie-Day/Charlie-Day_12.png",
      "label": "其他",
      "response_time": "00:00:13.800",
      "timestamp_unix": 1749818204,
      "timestamp_unix_ms": 1749818204661,
      "timestamp_readable": "2025-06-13 12:36:44.661",
      "normalized_name": "Charlie-Day/Charlie-Day",
      "meme_name": "Charlie-Day",
      "post_id": 12,
      "english_label": "others",
      "response_time_ms": 13800
    },
    {
      "image_path": "Khan/Khan_3.png",
      "label": "其他",
      "response_time": "00:00:06.906",
      "timestamp_unix": 1749818211,
      "timestamp_unix_ms": 1749818211731,
      "timestamp_readable": "2025-06-13 12:36:51.731",
      "normalized_name": "Khan/Khan",
      "meme_name": "Khan",
      "post_id": 3,
      "english_label": "others",
      "response_time_ms": 6906
    },
    {
      "image_path": "Scooby-doo-mask-reveal/Scooby-doo-mask-reveal_29.png",
      "label": "其他",
      "response_time": "00:00:10.103",
      "timestamp_unix": 1749818222,
      "timestamp_unix_ms": 1749818222047,
      "timestamp_readable": "2025-06-13 12:37:02.047",
      "normalized_name": "Scooby-doo-mask-reveal/Scooby-doo-mask-reveal",
      "meme_name": "Scooby-doo-mask-reveal",
      "post_id": 29,
      "english_label": "others",
      "response_time_ms": 10103
    },
    {
      "image_path": "Monkey-Puppet/Monkey-Puppet_7.png",
      "label": "其他",
      "response_time": "00:00:07.901",
      "timestamp_unix": 1749818230,
      "timestamp_unix_ms": 1749818230030,
      "timestamp_readable": "2025-06-13 12:37:10.030",
      "normalized_name": "Monkey-Puppet/Monkey-Puppet",
      "meme_name": "Monkey-Puppet",
      "post_id": 7,
      "english_label": "others",
      "response_time_ms": 7901
    },
    {
      "image_path": "Moe-throws-Barney/Moe-throws-Barney_21.png",
      "label": "輕蔑",
      "response_time": "00:00:14.803",
      "timestamp_unix": 1749818245,
      "timestamp_unix_ms": 1749818245321,
      "timestamp_readable": "2025-06-13 12:37:25.321",
      "normalized_name": "Moe-throws-Barney/Moe-throws-Barney",
      "meme_name": "Moe-throws-Barney",
      "post_id": 21,
      "english_label": "contempt",
      "response_time_ms": 14803
    },
    {
      "image_path": "Drake-NoYes/Drake-NoYes_8.png",
      "label": "其他",
      "response_time": "00:00:07.501",
      "timestamp_unix": 1749818253,
      "timestamp_unix_ms": 1749818253153,
      "timestamp_readable": "2025-06-13 12:37:33.153",
      "normalized_name": "Drake-NoYes/Drake-NoYes",
      "meme_name": "Drake-NoYes",
      "post_id": 8,
      "english_label": "others",
      "response_time_ms": 7501
    },
    {
      "image_path": "Thats-a-paddlin/Thats-a-paddlin_24.png",
      "label": "輕蔑",
      "response_time": "00:00:05.104",
      "timestamp_unix": 1749818258,
      "timestamp_unix_ms": 1749818258421,
      "timestamp_readable": "2025-06-13 12:37:38.421",
      "normalized_name": "Thats-a-paddlin/Thats-a-paddlin",
      "meme_name": "Thats-a-paddlin",
      "post_id": 24,
      "english_label": "contempt",
      "response_time_ms": 5104
    },
    {
      "image_path": "Confused-Gandalf/Confused-Gandalf_41.png",
      "label": "其他",
      "response_time": "00:00:04.904",
      "timestamp_unix": 1749818263,
      "timestamp_unix_ms": 1749818263406,
      "timestamp_readable": "2025-06-13 12:37:43.406",
      "normalized_name": "Confused-Gandalf/Confused-Gandalf",
      "meme_name": "Confused-Gandalf",
      "post_id": 41,
      "english_label": "others",
      "response_time_ms": 4904
    },
    {
      "image_path": "Put-It-Somewhere-Else-Patrick/Put-It-Somewhere-Else-Patrick_4.png",
      "label": "其他",
      "response_time": "00:00:10.100",
      "timestamp_unix": 1749818273,
      "timestamp_unix_ms": 1749818273752,
      "timestamp_readable": "2025-06-13 12:37:53.752",
      "normalized_name": "Put-It-Somewhere-Else-Patrick/Put-It-Somewhere-Else-Patrick",
      "meme_name": "Put-It-Somewhere-Else-Patrick",
      "post_id": 4,
      "english_label": "others",
      "response_time_ms": 10100
    },
    {
      "image_path": "Black-guy-hiding-behind-tree/Black-guy-hiding-behind-tree_39.png",
      "label": "憤怒",
      "response_time": "00:00:06.801",
      "timestamp_unix": 1749818280,
      "timestamp_unix_ms": 1749818280882,
      "timestamp_readable": "2025-06-13 12:38:00.882",
      "normalized_name": "Black-guy-hiding-behind-tree/Black-guy-hiding-behind-tree",
      "meme_name": "Black-guy-hiding-behind-tree",
      "post_id": 39,
      "english_label": "anger",
      "response_time_ms": 6801
    },
    {
      "image_path": "Im-The-Captain-Now/Im-The-Captain-Now_38.png",
      "label": "厭惡",
      "response_time": "00:00:05.004",
      "timestamp_unix": 1749818286,
      "timestamp_unix_ms": 1749818286011,
      "timestamp_readable": "2025-06-13 12:38:06.011",
      "normalized_name": "Im-The-Captain-Now/Im-The-Captain-Now",
      "meme_name": "Im-The-Captain-Now",
      "post_id": 38,
      "english_label": "disgust",
      "response_time_ms": 5004
    },
    {
      "image_path": "Disaster-Girl/Disaster-Girl_28.png",
      "label": "輕蔑",
      "response_time": "00:00:02.601",
      "timestamp_unix": 1749818288,
      "timestamp_unix_ms": 1749818288769,
      "timestamp_readable": "2025-06-13 12:38:08.769",
      "normalized_name": "Disaster-Girl/Disaster-Girl",
      "meme_name": "Disaster-Girl",
      "post_id": 28,
      "english_label": "contempt",
      "response_time_ms": 2601
    },
    {
      "image_path": "Hold-fart/Hold-fart_23.png",
      "label": "其他",
      "response_time": "00:00:10.101",
      "timestamp_unix": 1749818299,
      "timestamp_unix_ms": 1749818299142,
      "timestamp_readable": "2025-06-13 12:38:19.142",
      "normalized_name": "Hold-fart/Hold-fart",
      "meme_name": "Hold-fart",
      "post_id": 23,
      "english_label": "others",
      "response_time_ms": 10101
    },
    {
      "image_path": "Disappointed-Man/Disappointed-Man_37.png",
      "label": "厭惡",
      "response_time": "00:00:07.401",
      "timestamp_unix": 1749818306,
      "timestamp_unix_ms": 1749818306837,
      "timestamp_readable": "2025-06-13 12:38:26.837",
      "normalized_name": "Disappointed-Man/Disappointed-Man",
      "meme_name": "Disappointed-Man",
      "post_id": 37,
      "english_label": "disgust",
      "response_time_ms": 7401
    },
    {
      "image_path": "Table-Flip-Guy/Table-Flip-Guy_34.png",
      "label": "憤怒",
      "response_time": "00:00:03.805",
      "timestamp_unix": 1749818310,
      "timestamp_unix_ms": 1749818310801,
      "timestamp_readable": "2025-06-13 12:38:30.801",
      "normalized_name": "Table-Flip-Guy/Table-Flip-Guy",
      "meme_name": "Table-Flip-Guy",
      "post_id": 34,
      "english_label": "anger",
      "response_time_ms": 3805
    },
    {
      "image_path": "Laughing-wolf/Laughing-wolf_2.png",
      "label": "其他",
      "response_time": "00:00:03.305",
      "timestamp_unix": 1749818314,
      "timestamp_unix_ms": 1749818314209,
      "timestamp_readable": "2025-06-13 12:38:34.209",
      "normalized_name": "Laughing-wolf/Laughing-wolf",
      "meme_name": "Laughing-wolf",
      "post_id": 2,
      "english_label": "others",
      "response_time_ms": 3305
    },
    {
      "image_path": "Leonardo-Dicaprio-Wolf-Of-Wall-Street/Leonardo-Dicaprio-Wolf-Of-Wall-Street_45.png",
      "label": "其他",
      "response_time": "00:00:06.507",
      "timestamp_unix": 1749818320,
      "timestamp_unix_ms": 1749818320867,
      "timestamp_readable": "2025-06-13 12:38:40.867",
      "normalized_name": "Leonardo-Dicaprio-Wolf-Of-Wall-Street/Leonardo-Dicaprio-Wolf-Of-Wall-Street",
      "meme_name": "Leonardo-Dicaprio-Wolf-Of-Wall-Street",
      "post_id": 45,
      "english_label": "others",
      "response_time_ms": 6507
    },
    {
      "image_path": "Picard-Wtf/Picard-Wtf_49.png",
      "label": "憤怒",
      "response_time": "00:00:21.104",
      "timestamp_unix": 1749818342,
      "timestamp_unix_ms": 1749818342083,
      "timestamp_readable": "2025-06-13 12:39:02.083",
      "normalized_name": "Picard-Wtf/Picard-Wtf",
      "meme_name": "Picard-Wtf",
      "post_id": 49,
      "english_label": "anger",
      "response_time_ms": 21104
    },
    {
      "image_path": "attention_check/attention_check_Contempt.png",
      "label": "輕蔑",
      "response_time": "00:00:12.803",
      "timestamp_unix": 1749818355,
      "timestamp_unix_ms": 1749818355001,
      "timestamp_readable": "2025-06-13 12:39:15.001",
      "normalized_name": "attention_check/attention_check_Contempt.png",
      "meme_name": "attention_check",
      "post_id": null,
      "english_label": "contempt",
      "response_time_ms": 12803
    },
    {
      "image_path": "Spiderman-Hospital/Spiderman-Hospital_32.png",
      "label": "其他",
      "response_time": "00:00:12.608",
      "timestamp_unix": 1749818367,
      "timestamp_unix_ms": 1749818367712,
      "timestamp_readable": "2025-06-13 12:39:27.712",
      "normalized_name": "Spiderman-Hospital/Spiderman-Hospital",
      "meme_name": "Spiderman-Hospital",
      "post_id": 32,
      "english_label": "others",
      "response_time_ms": 12608
    },
    {
      "image_path": "Obi-Wan-Kenobi/Obi-Wan-Kenobi_35.png",
      "label": "輕蔑",
      "response_time": "00:00:06.203",
      "timestamp_unix": 1749818374,
      "timestamp_unix_ms": 1749818374062,
      "timestamp_readable": "2025-06-13 12:39:34.062",
      "normalized_name": "Obi-Wan-Kenobi/Obi-Wan-Kenobi",
      "meme_name": "Obi-Wan-Kenobi",
      "post_id": 35,
      "english_label": "contempt",
      "response_time_ms": 6203
    },
    {
      "image_path": "Math-ladyConfused-lady/Math-ladyConfused-lady_1.png",
      "label": "厭惡",
      "response_time": "00:00:06.502",
      "timestamp_unix": 1749818380,
      "timestamp_unix_ms": 1749818380684,
      "timestamp_readable": "2025-06-13 12:39:40.684",
      "normalized_name": "Math-ladyConfused-lady/Math-ladyConfused-lady",
      "meme_name": "Math-ladyConfused-lady",
      "post_id": 1,
      "english_label": "disgust",
      "response_time_ms": 6502
    },
    {
      "image_path": "DJ-Pauly-D/DJ-Pauly-D_16.png",
      "label": "厭惡",
      "response_time": "00:00:08.005",
      "timestamp_unix": 1749818388,
      "timestamp_unix_ms": 1749818388763,
      "timestamp_readable": "2025-06-13 12:39:48.763",
      "normalized_name": "DJ-Pauly-D/DJ-Pauly-D",
      "meme_name": "DJ-Pauly-D",
      "post_id": 16,
      "english_label": "disgust",
      "response_time_ms": 8005
    },
    {
      "image_path": "Dinkleberg/Dinkleberg_10.png",
      "label": "輕蔑",
      "response_time": "00:00:05.106",
      "timestamp_unix": 1749818394,
      "timestamp_unix_ms": 1749818394023,
      "timestamp_readable": "2025-06-13 12:39:54.023",
      "normalized_name": "Dinkleberg/Dinkleberg",
      "meme_name": "Dinkleberg",
      "post_id": 10,
      "english_label": "contempt",
      "response_time_ms": 5106
    },
    {
      "image_path": "Gru-Gun/Gru-Gun_30.png",
      "label": "其他",
      "response_time": "00:00:05.800",
      "timestamp_unix": 1749818399,
      "timestamp_unix_ms": 1749818399992,
      "timestamp_readable": "2025-06-13 12:39:59.992",
      "normalized_name": "Gru-Gun/Gru-Gun",
      "meme_name": "Gru-Gun",
      "post_id": 30,
      "english_label": "others",
      "response_time_ms": 5800
    },
    {
      "image_path": "I-am-once-again-asking/I-am-once-again-asking_46.png",
      "label": "憤怒",
      "response_time": "00:00:08.704",
      "timestamp_unix": 1749818408,
      "timestamp_unix_ms": 1749818408831,
      "timestamp_readable": "2025-06-13 12:40:08.831",
      "normalized_name": "I-am-once-again-asking/I-am-once-again-asking",
      "meme_name": "I-am-once-again-asking",
      "post_id": 46,
      "english_label": "anger",
      "response_time_ms": 8704
    },
    {
      "image_path": "Afraid-To-Ask-Andy/Afraid-To-Ask-Andy_9.png",
      "label": "厭惡",
      "response_time": "00:00:03.904",
      "timestamp_unix": 1749818412,
      "timestamp_unix_ms": 1749818412862,
      "timestamp_readable": "2025-06-13 12:40:12.862",
      "normalized_name": "Afraid-To-Ask-Andy/Afraid-To-Ask-Andy",
      "meme_name": "Afraid-To-Ask-Andy",
      "post_id": 9,
      "english_label": "disgust",
      "response_time_ms": 3904
    },
    {
      "image_path": "Hide-the-Pain-Harold/Hide-the-Pain-Harold_48.png",
      "label": "其他",
      "response_time": "00:00:02.901",
      "timestamp_unix": 1749818415,
      "timestamp_unix_ms": 1749818415849,
      "timestamp_readable": "2025-06-13 12:40:15.849",
      "normalized_name": "Hide-the-Pain-Harold/Hide-the-Pain-Harold",
      "meme_name": "Hide-the-Pain-Harold",
      "post_id": 48,
      "english_label": "others",
      "response_time_ms": 2901
    },
    {
      "image_path": "Chill-guy/Chill-guy_5.png",
      "label": "其他",
      "response_time": "00:00:04.002",
      "timestamp_unix": 1749818419,
      "timestamp_unix_ms": 1749818419941,
      "timestamp_readable": "2025-06-13 12:40:19.941",
      "normalized_name": "Chill-guy/Chill-guy",
      "meme_name": "Chill-guy",
      "post_id": 5,
      "english_label": "others",
      "response_time_ms": 4002
    },
    {
      "image_path": "Batman-Slapping-Robin/Batman-Slapping-Robin_43.png",
      "label": "厭惡",
      "response_time": "00:00:06.001",
      "timestamp_unix": 1749818426,
      "timestamp_unix_ms": 1749818426151,
      "timestamp_readable": "2025-06-13 12:40:26.151",
      "normalized_name": "Batman-Slapping-Robin/Batman-Slapping-Robin",
      "meme_name": "Batman-Slapping-Robin",
      "post_id": 43,
      "english_label": "disgust",
      "response_time_ms": 6001
    },
    {
      "image_path": "Spongebob-Yelling/Spongebob-Yelling_26.png",
      "label": "憤怒",
      "response_time": "00:00:05.704",
      "timestamp_unix": 1749818431,
      "timestamp_unix_ms": 1749818431979,
      "timestamp_readable": "2025-06-13 12:40:31.979",
      "normalized_name": "Spongebob-Yelling/Spongebob-Yelling",
      "meme_name": "Spongebob-Yelling",
      "post_id": 26,
      "english_label": "anger",
      "response_time_ms": 5704
    },
    {
      "image_path": "Arthur-Fist/Arthur-Fist_11.png",
      "label": "憤怒",
      "response_time": "00:00:03.703",
      "timestamp_unix": 1749818435,
      "timestamp_unix_ms": 1749818435862,
      "timestamp_readable": "2025-06-13 12:40:35.862",
      "normalized_name": "Arthur-Fist/Arthur-Fist",
      "meme_name": "Arthur-Fist",
      "post_id": 11,
      "english_label": "anger",
      "response_time_ms": 3703
    },
    {
      "image_path": "Mr-incredible-mad/Mr-incredible-mad_13.png",
      "label": "厭惡",
      "response_time": "00:00:07.401",
      "timestamp_unix": 1749818443,
      "timestamp_unix_ms": 1749818443421,
      "timestamp_readable": "2025-06-13 12:40:43.421",
      "normalized_name": "Mr-incredible-mad/Mr-incredible-mad",
      "meme_name": "Mr-incredible-mad",
      "post_id": 13,
      "english_label": "disgust",
      "response_time_ms": 7401
    },
    {
      "image_path": "Surprised-Pikachu/Surprised-Pikachu_40.png",
      "label": "其他",
      "response_time": "00:00:02.903",
      "timestamp_unix": 1749818446,
      "timestamp_unix_ms": 1749818446422,
      "timestamp_readable": "2025-06-13 12:40:46.422",
      "normalized_name": "Surprised-Pikachu/Surprised-Pikachu",
      "meme_name": "Surprised-Pikachu",
      "post_id": 40,
      "english_label": "others",
      "response_time_ms": 2903
    },
    {
      "image_path": "Mocking-Spongebob/Mocking-Spongebob_17.png",
      "label": "輕蔑",
      "response_time": "00:00:03.902",
      "timestamp_unix": 1749818450,
      "timestamp_unix_ms": 1749818450412,
      "timestamp_readable": "2025-06-13 12:40:50.412",
      "normalized_name": "Mocking-Spongebob/Mocking-Spongebob",
      "meme_name": "Mocking-Spongebob",
      "post_id": 17,
      "english_label": "contempt",
      "response_time_ms": 3902
    },
    {
      "image_path": "Well-Yes-But-Actually-No/Well-Yes-But-Actually-No_31.png",
      "label": "其他",
      "response_time": "00:00:11.901",
      "timestamp_unix": 1749818462,
      "timestamp_unix_ms": 1749818462432,
      "timestamp_readable": "2025-06-13 12:41:02.432",
      "normalized_name": "Well-Yes-But-Actually-No/Well-Yes-But-Actually-No",
      "meme_name": "Well-Yes-But-Actually-No",
      "post_id": 31,
      "english_label": "others",
      "response_time_ms": 11901
    },
    {
      "image_path": "Nuclear-Explosion/Nuclear-Explosion_22.png",
      "label": "憤怒",
      "response_time": "00:00:05.502",
      "timestamp_unix": 1749818468,
      "timestamp_unix_ms": 1749818468022,
      "timestamp_readable": "2025-06-13 12:41:08.022",
      "normalized_name": "Nuclear-Explosion/Nuclear-Explosion",
      "meme_name": "Nuclear-Explosion",
      "post_id": 22,
      "english_label": "anger",
      "response_time_ms": 5502
    },
    {
      "image_path": "Ill-Have-You-Know-Spongebob/Ill-Have-You-Know-Spongebob_25.png",
      "label": "輕蔑",
      "response_time": "00:00:07.403",
      "timestamp_unix": 1749818475,
      "timestamp_unix_ms": 1749818475563,
      "timestamp_readable": "2025-06-13 12:41:15.563",
      "normalized_name": "Ill-Have-You-Know-Spongebob/Ill-Have-You-Know-Spongebob",
      "meme_name": "Ill-Have-You-Know-Spongebob",
      "post_id": 25,
      "english_label": "contempt",
      "response_time_ms": 7403
    },
    {
      "image_path": "Angry-Baby/Angry-Baby_19.png",
      "label": "憤怒",
      "response_time": "00:00:03.302",
      "timestamp_unix": 1749818479,
      "timestamp_unix_ms": 1749818479162,
      "timestamp_readable": "2025-06-13 12:41:19.162",
      "normalized_name": "Angry-Baby/Angry-Baby",
      "meme_name": "Angry-Baby",
      "post_id": 19,
      "english_label": "anger",
      "response_time_ms": 3302
    },
    {
      "image_path": "Mr-McMahon-reaction/Mr-McMahon-reaction_44.png",
      "label": "憤怒",
      "response_time": "00:00:05.102",
      "timestamp_unix": 1749818484,
      "timestamp_unix_ms": 1749818484493,
      "timestamp_readable": "2025-06-13 12:41:24.493",
      "normalized_name": "Mr-McMahon-reaction/Mr-McMahon-reaction",
      "meme_name": "Mr-McMahon-reaction",
      "post_id": 44,
      "english_label": "anger",
      "response_time_ms": 5102
    },
    {
      "image_path": "Persian-Cat-Room-Guardian/Persian-Cat-Room-Guardian_27.png",
      "label": "厭惡",
      "response_time": "00:00:07.901",
      "timestamp_unix": 1749818492,
      "timestamp_unix_ms": 1749818492503,
      "timestamp_readable": "2025-06-13 12:41:32.503",
      "normalized_name": "Persian-Cat-Room-Guardian/Persian-Cat-Room-Guardian",
      "meme_name": "Persian-Cat-Room-Guardian",
      "post_id": 27,
      "english_label": "disgust",
      "response_time_ms": 7901
    },
    {
      "image_path": "Happy--Shock/Happy--Shock_33.png",
      "label": "其他",
      "response_time": "00:00:04.504",
      "timestamp_unix": 1749818497,
      "timestamp_unix_ms": 1749818497080,
      "timestamp_readable": "2025-06-13 12:41:37.080",
      "normalized_name": "Happy--Shock/Happy--Shock",
      "meme_name": "Happy--Shock",
      "post_id": 33,
      "english_label": "others",
      "response_time_ms": 4504
    },
    {
      "image_path": "Kevin-Hart/Kevin-Hart_47.png",
      "label": "其他",
      "response_time": "00:00:04.906",
      "timestamp_unix": 1749818502,
      "timestamp_unix_ms": 1749818502052,
      "timestamp_readable": "2025-06-13 12:41:42.052",
      "normalized_name": "Kevin-Hart/Kevin-Hart",
      "meme_name": "Kevin-Hart",
      "post_id": 47,
      "english_label": "others",
      "response_time_ms": 4906
    },
    {
      "image_path": "attention_check/attention_check_Disgust.png",
      "label": "厭惡",
      "response_time": "00:00:02.903",
      "timestamp_unix": 1749818505,
      "timestamp_unix_ms": 1749818505120,
      "timestamp_readable": "2025-06-13 12:41:45.120",
      "normalized_name": "attention_check/attention_check_Disgust.png",
      "meme_name": "attention_check",
      "post_id": null,
      "english_label": "disgust",
      "response_time_ms": 2903
    },
    {
      "image_path": "You-The-Real-MVP/You-The-Real-MVP_18.png",
      "label": "其他",
      "response_time": "00:00:04.802",
      "timestamp_unix": 1749818510,
      "timestamp_unix_ms": 1749818510092,
      "timestamp_readable": "2025-06-13 12:41:50.092",
      "normalized_name": "You-The-Real-MVP/You-The-Real-MVP",
      "meme_name": "You-The-Real-MVP",
      "post_id": 18,
      "english_label": "others",
      "response_time_ms": 4802
    }
  ],
  "session_start_unix": 1749817985,
  "session_status": "completed",
  "last_updated_unix": 1749818548,
  "image_order": [
    "Spiderman-Hospital/Spiderman-Hospital_32.png",
    "Happy--Shock/Happy--Shock_33.png",
    "Chill-guy/Chill-guy_5.png",
    "I-am-once-again-asking/I-am-once-again-asking_46.png",
    "Math-ladyConfused-lady/Math-ladyConfused-lady_1.png",
    "Archer/Archer_14.png",
    "Leonardo-Dicaprio-Wolf-Of-Wall-Street/Leonardo-Dicaprio-Wolf-Of-Wall-Street_45.png",
    "Mocking-Spongebob/Mocking-Spongebob_17.png",
    "Afraid-To-Ask-Andy/Afraid-To-Ask-Andy_9.png",
    "Charlie-Day/Charlie-Day_12.png",
    "Always-Has-Been/Always-Has-Been_6.png",
    "Picard-Wtf/Picard-Wtf_49.png",
    "Batman-Slapping-Robin/Batman-Slapping-Robin_43.png",
    "For-the-better-right-blank/For-the-better-right-blank_15.png",
    "Drake-NoYes/Drake-NoYes_8.png",
    "Laughing-wolf/Laughing-wolf_2.png",
    "DJ-Pauly-D/DJ-Pauly-D_16.png",
    "Always-you-three/Always-you-three_50.png",
    "Disappointed-Man/Disappointed-Man_37.png",
    "Smudge-the-cat/Smudge-the-cat_42.png",
    "Thats-a-paddlin/Thats-a-paddlin_24.png",
    "Hide-the-Pain-Harold/Hide-the-Pain-Harold_48.png",
    "Hold-fart/Hold-fart_23.png",
    "Im-The-Captain-Now/Im-The-Captain-Now_38.png",
    "Obi-Wan-Kenobi/Obi-Wan-Kenobi_35.png",
    "attention_check/attention_check_Contempt.png",
    "Spongebob-Yelling/Spongebob-Yelling_26.png",
    "Nuclear-Explosion/Nuclear-Explosion_22.png",
    "Dinkleberg/Dinkleberg_10.png",
    "Scooby-doo-mask-reveal/Scooby-doo-mask-reveal_29.png",
    "Disaster-Girl/Disaster-Girl_28.png",
    "Black-guy-hiding-behind-tree/Black-guy-hiding-behind-tree_39.png",
    "You-The-Real-MVP/You-The-Real-MVP_18.png",
    "Moe-throws-Barney/Moe-throws-Barney_21.png",
    "Ill-Have-You-Know-Spongebob/Ill-Have-You-Know-Spongebob_25.png",
    "Futurama-Fry/Futurama-Fry_20.png",
    "Monkey-Puppet/Monkey-Puppet_7.png",
    "Confused-Gandalf/Confused-Gandalf_41.png",
    "Mr-incredible-mad/Mr-incredible-mad_13.png",
    "Dave-chappelle/Dave-chappelle_36.png",
    "Surprised-Pikachu/Surprised-Pikachu_40.png",
    "Table-Flip-Guy/Table-Flip-Guy_34.png",
    "Kevin-Hart/Kevin-Hart_47.png",
    "Well-Yes-But-Actually-No/Well-Yes-But-Actually-No_31.png",
    "Mr-McMahon-reaction/Mr-McMahon-reaction_44.png",
    "Gru-Gun/Gru-Gun_30.png",
    "Persian-Cat-Room-Guardian/Persian-Cat-Room-Guardian_27.png",
    "Put-It-Somewhere-Else-Patrick/Put-It-Somewhere-Else-Patrick_4.png",
    "Angry-Baby/Angry-Baby_19.png",
    "Arthur-Fist/Arthur-Fist_11.png",
    "attention_check/attention_check_Disgust.png",
    "Khan/Khan_3.png"
  ],
  "completion_status": {
    "practice_completed": true,
    "game_started": true,
    "game_completed": true,
    "summary_viewed": true,
    "email_submitted": true
  },
  "timestamps_unix": {
    "registration_completed": 1749817985,
    "practice_started": 1749817986,
    "practice_completed": 1749818078,
    "game_started": 1749818078,
    "first_label": 1749818096,
    "last_label": 1749818510,
    "game_completed": 1749818512,
    "summary_viewed": 1749818512,
    "email_submitted": 1749818548,
    "session_end": 1749818548,
    "last_updated": 1749818548
  },
  "timestamps_unix_ms": {
    "registration_completed_ms": 1749817985943,
    "practice_started_ms": 1749817986017,
    "practice_completed_ms": 1749818078111,
    "game_started_ms": 1749818078124,
    "first_label_ms": 1749818096751,
    "last_label_ms": 1749818510092,
    "game_completed_ms": 1749818512457,
    "summary_viewed_ms": 1749818512472,
    "email_submitted_ms": 1749818548203,
    "session_end_ms": 1749818548203,
    "last_updated_ms": 1749818548203
  },
  "duration_stats_ms": {
    "total_session_duration_ms": 562260,
    "practice_duration_ms": 92094,
    "game_duration_ms": 434333,
    "labeling_duration_ms": 413341,
    "email_submission_duration_ms": 35731
  },
  "filename_updated_unix": 1749818512,
  "original_filename": "user_10f554",
  "completion_status_in_filename": "email_submitted"
}