{
  "user_id": "user_9fd0ca",
  "file_name": "user_9fd0ca",
  "unix_start_time": 1749710086,
  "unix_start_time_ms": 1749710086939,
  "unix_end_time": null,
  "unix_end_time_ms": null,
  "age": "40-44",
  "gender": "male",
  "user_agent": "Mozilla/5.0 (Windows NT 10.0; Win64; x64) AppleWebKit/537.36 (KHTML, like Gecko) Chrome/137.0.0.0 Safari/537.36",
  "user_ip": "1.170.94.23",
  "status": "incomplete",
  "email_provided": "incomplete",
  "attention_passed": null,
  "start_time_readable": "2025-06-12 06:34:46.939",
  "end_time_readable": null,
  "total_labels": 51,
  "emotion_summary": {
    "anger": 10,
    "contempt": 7,
    "disgust": 4,
    "others": 30
  },
  "email": null,
  "participation": null,
  "total_responses": 51,
  "responses": [
    {
      "image_path": "Charlie-Day/Charlie-Day_3.png",
      "label": "其他",
      "response_time": "00:00:06.005",
      "timestamp_unix": 1749710143,
      "timestamp_unix_ms": 1749710143529,
      "timestamp_readable": "2025-06-12 06:35:43.529",
      "normalized_name": "Charlie-Day/Charlie-Day",
      "meme_name": "Charlie-Day",
      "post_id": 3,
      "english_label": "others",
      "response_time_ms": 6005
    },
    {
      "image_path": "Disappointed-Man/Disappointed-Man_39.png",
      "label": "憤怒",
      "response_time": "00:00:04.508",
      "timestamp_unix": 1749710148,
      "timestamp_unix_ms": 1749710148100,
      "timestamp_readable": "2025-06-12 06:35:48.100",
      "normalized_name": "Disappointed-Man/Disappointed-Man",
      "meme_name": "Disappointed-Man",
      "post_id": 39,
      "english_label": "anger",
      "response_time_ms": 4508
    },
    {
      "image_path": "Hold-fart/Hold-fart_14.png",
      "label": "憤怒",
      "response_time": "00:00:02.709",
      "timestamp_unix": 1749710150,
      "timestamp_unix_ms": 1749710150844,
      "timestamp_readable": "2025-06-12 06:35:50.844",
      "normalized_name": "Hold-fart/Hold-fart",
      "meme_name": "Hold-fart",
      "post_id": 14,
      "english_label": "anger",
      "response_time_ms": 2709
    },
    {
      "image_path": "Dave-chappelle/Dave-chappelle_24.png",
      "label": "其他",
      "response_time": "00:00:02.804",
      "timestamp_unix": 1749710153,
      "timestamp_unix_ms": 1749710153684,
      "timestamp_readable": "2025-06-12 06:35:53.684",
      "normalized_name": "Dave-chappelle/Dave-chappelle",
      "meme_name": "Dave-chappelle",
      "post_id": 24,
      "english_label": "others",
      "response_time_ms": 2804
    },
    {
      "image_path": "For-the-better-right-blank/For-the-better-right-blank_10.png",
      "label": "輕蔑",
      "response_time": "00:00:03.903",
      "timestamp_unix": 1749710157,
      "timestamp_unix_ms": 1749710157632,
      "timestamp_readable": "2025-06-12 06:35:57.632",
      "normalized_name": "For-the-better-right-blank/For-the-better-right-blank",
      "meme_name": "For-the-better-right-blank",
      "post_id": 10,
      "english_label": "contempt",
      "response_time_ms": 3903
    },
    {
      "image_path": "Drake-NoYes/Drake-NoYes_41.png",
      "label": "其他",
      "response_time": "00:00:02.505",
      "timestamp_unix": 1749710160,
      "timestamp_unix_ms": 1749710160256,
      "timestamp_readable": "2025-06-12 06:36:00.256",
      "normalized_name": "Drake-NoYes/Drake-NoYes",
      "meme_name": "Drake-NoYes",
      "post_id": 41,
      "english_label": "others",
      "response_time_ms": 2505
    },
    {
      "image_path": "Table-Flip-Guy/Table-Flip-Guy_9.png",
      "label": "憤怒",
      "response_time": "00:00:02.800",
      "timestamp_unix": 1749710163,
      "timestamp_unix_ms": 1749710163122,
      "timestamp_readable": "2025-06-12 06:36:03.122",
      "normalized_name": "Table-Flip-Guy/Table-Flip-Guy",
      "meme_name": "Table-Flip-Guy",
      "post_id": 9,
      "english_label": "anger",
      "response_time_ms": 2800
    },
    {
      "image_path": "Laughing-wolf/Laughing-wolf_29.png",
      "label": "輕蔑",
      "response_time": "00:00:03.202",
      "timestamp_unix": 1749710166,
      "timestamp_unix_ms": 1749710166360,
      "timestamp_readable": "2025-06-12 06:36:06.360",
      "normalized_name": "Laughing-wolf/Laughing-wolf",
      "meme_name": "Laughing-wolf",
      "post_id": 29,
      "english_label": "contempt",
      "response_time_ms": 3202
    },
    {
      "image_path": "Always-Has-Been/Always-Has-Been_38.png",
      "label": "其他",
      "response_time": "00:00:03.309",
      "timestamp_unix": 1749710169,
      "timestamp_unix_ms": 1749710169736,
      "timestamp_readable": "2025-06-12 06:36:09.736",
      "normalized_name": "Always-Has-Been/Always-Has-Been",
      "meme_name": "Always-Has-Been",
      "post_id": 38,
      "english_label": "others",
      "response_time_ms": 3309
    },
    {
      "image_path": "Leonardo-Dicaprio-Wolf-Of-Wall-Street/Leonardo-Dicaprio-Wolf-Of-Wall-Street_4.png",
      "label": "輕蔑",
      "response_time": "00:00:02.012",
      "timestamp_unix": 1749710171,
      "timestamp_unix_ms": 1749710171852,
      "timestamp_readable": "2025-06-12 06:36:11.852",
      "normalized_name": "Leonardo-Dicaprio-Wolf-Of-Wall-Street/Leonardo-Dicaprio-Wolf-Of-Wall-Street",
      "meme_name": "Leonardo-Dicaprio-Wolf-Of-Wall-Street",
      "post_id": 4,
      "english_label": "contempt",
      "response_time_ms": 2012
    },
    {
      "image_path": "Disaster-Girl/Disaster-Girl_6.png",
      "label": "輕蔑",
      "response_time": "00:00:01.710",
      "timestamp_unix": 1749710173,
      "timestamp_unix_ms": 1749710173584,
      "timestamp_readable": "2025-06-12 06:36:13.584",
      "normalized_name": "Disaster-Girl/Disaster-Girl",
      "meme_name": "Disaster-Girl",
      "post_id": 6,
      "english_label": "contempt",
      "response_time_ms": 1710
    },
    {
      "image_path": "Obi-Wan-Kenobi/Obi-Wan-Kenobi_8.png",
      "label": "其他",
      "response_time": "00:00:01.204",
      "timestamp_unix": 1749710174,
      "timestamp_unix_ms": 1749710174881,
      "timestamp_readable": "2025-06-12 06:36:14.881",
      "normalized_name": "Obi-Wan-Kenobi/Obi-Wan-Kenobi",
      "meme_name": "Obi-Wan-Kenobi",
      "post_id": 8,
      "english_label": "others",
      "response_time_ms": 1204
    },
    {
      "image_path": "Well-Yes-But-Actually-No/Well-Yes-But-Actually-No_40.png",
      "label": "其他",
      "response_time": "00:00:01.505",
      "timestamp_unix": 1749710176,
      "timestamp_unix_ms": 1749710176451,
      "timestamp_readable": "2025-06-12 06:36:16.451",
      "normalized_name": "Well-Yes-But-Actually-No/Well-Yes-But-Actually-No",
      "meme_name": "Well-Yes-But-Actually-No",
      "post_id": 40,
      "english_label": "others",
      "response_time_ms": 1505
    },
    {
      "image_path": "Persian-Cat-Room-Guardian/Persian-Cat-Room-Guardian_47.png",
      "label": "其他",
      "response_time": "00:00:01.506",
      "timestamp_unix": 1749710178,
      "timestamp_unix_ms": 1749710178039,
      "timestamp_readable": "2025-06-12 06:36:18.039",
      "normalized_name": "Persian-Cat-Room-Guardian/Persian-Cat-Room-Guardian",
      "meme_name": "Persian-Cat-Room-Guardian",
      "post_id": 47,
      "english_label": "others",
      "response_time_ms": 1506
    },
    {
      "image_path": "Math-ladyConfused-lady/Math-ladyConfused-lady_25.png",
      "label": "其他",
      "response_time": "00:00:03.203",
      "timestamp_unix": 1749710181,
      "timestamp_unix_ms": 1749710181329,
      "timestamp_readable": "2025-06-12 06:36:21.329",
      "normalized_name": "Math-ladyConfused-lady/Math-ladyConfused-lady",
      "meme_name": "Math-ladyConfused-lady",
      "post_id": 25,
      "english_label": "others",
      "response_time_ms": 3203
    },
    {
      "image_path": "Mr-incredible-mad/Mr-incredible-mad_30.png",
      "label": "憤怒",
      "response_time": "00:00:01.908",
      "timestamp_unix": 1749710183,
      "timestamp_unix_ms": 1749710183317,
      "timestamp_readable": "2025-06-12 06:36:23.317",
      "normalized_name": "Mr-incredible-mad/Mr-incredible-mad",
      "meme_name": "Mr-incredible-mad",
      "post_id": 30,
      "english_label": "anger",
      "response_time_ms": 1908
    },
    {
      "image_path": "Arthur-Fist/Arthur-Fist_31.png",
      "label": "其他",
      "response_time": "00:00:03.505",
      "timestamp_unix": 1749710186,
      "timestamp_unix_ms": 1749710186873,
      "timestamp_readable": "2025-06-12 06:36:26.873",
      "normalized_name": "Arthur-Fist/Arthur-Fist",
      "meme_name": "Arthur-Fist",
      "post_id": 31,
      "english_label": "others",
      "response_time_ms": 3505
    },
    {
      "image_path": "Mocking-Spongebob/Mocking-Spongebob_35.png",
      "label": "其他",
      "response_time": "00:00:01.710",
      "timestamp_unix": 1749710188,
      "timestamp_unix_ms": 1749710188672,
      "timestamp_readable": "2025-06-12 06:36:28.672",
      "normalized_name": "Mocking-Spongebob/Mocking-Spongebob",
      "meme_name": "Mocking-Spongebob",
      "post_id": 35,
      "english_label": "others",
      "response_time_ms": 1710
    },
    {
      "image_path": "Confused-Gandalf/Confused-Gandalf_12.png",
      "label": "其他",
      "response_time": "00:00:01.108",
      "timestamp_unix": 1749710189,
      "timestamp_unix_ms": 1749710189822,
      "timestamp_readable": "2025-06-12 06:36:29.822",
      "normalized_name": "Confused-Gandalf/Confused-Gandalf",
      "meme_name": "Confused-Gandalf",
      "post_id": 12,
      "english_label": "others",
      "response_time_ms": 1108
    },
    {
      "image_path": "Always-you-three/Always-you-three_46.png",
      "label": "其他",
      "response_time": "00:00:01.001",
      "timestamp_unix": 1749710190,
      "timestamp_unix_ms": 1749710190887,
      "timestamp_readable": "2025-06-12 06:36:30.887",
      "normalized_name": "Always-you-three/Always-you-three",
      "meme_name": "Always-you-three",
      "post_id": 46,
      "english_label": "others",
      "response_time_ms": 1001
    },
    {
      "image_path": "Dinkleberg/Dinkleberg_2.png",
      "label": "其他",
      "response_time": "00:00:01.001",
      "timestamp_unix": 1749710191,
      "timestamp_unix_ms": 1749710191954,
      "timestamp_readable": "2025-06-12 06:36:31.954",
      "normalized_name": "Dinkleberg/Dinkleberg",
      "meme_name": "Dinkleberg",
      "post_id": 2,
      "english_label": "others",
      "response_time_ms": 1001
    },
    {
      "image_path": "Hide-the-Pain-Harold/Hide-the-Pain-Harold_43.png",
      "label": "輕蔑",
      "response_time": "00:00:01.801",
      "timestamp_unix": 1749710193,
      "timestamp_unix_ms": 1749710193822,
      "timestamp_readable": "2025-06-12 06:36:33.822",
      "normalized_name": "Hide-the-Pain-Harold/Hide-the-Pain-Harold",
      "meme_name": "Hide-the-Pain-Harold",
      "post_id": 43,
      "english_label": "contempt",
      "response_time_ms": 1801
    },
    {
      "image_path": "Khan/Khan_23.png",
      "label": "憤怒",
      "response_time": "00:00:02.104",
      "timestamp_unix": 1749710196,
      "timestamp_unix_ms": 1749710196031,
      "timestamp_readable": "2025-06-12 06:36:36.031",
      "normalized_name": "Khan/Khan",
      "meme_name": "Khan",
      "post_id": 23,
      "english_label": "anger",
      "response_time_ms": 2104
    },
    {
      "image_path": "Moe-throws-Barney/Moe-throws-Barney_15.png",
      "label": "厭惡",
      "response_time": "00:00:04.301",
      "timestamp_unix": 1749710200,
      "timestamp_unix_ms": 1749710200376,
      "timestamp_readable": "2025-06-12 06:36:40.376",
      "normalized_name": "Moe-throws-Barney/Moe-throws-Barney",
      "meme_name": "Moe-throws-Barney",
      "post_id": 15,
      "english_label": "disgust",
      "response_time_ms": 4301
    },
    {
      "image_path": "attention_check/attention_check_Anger.png",
      "label": "憤怒",
      "response_time": "00:00:03.602",
      "timestamp_unix": 1749710204,
      "timestamp_unix_ms": 1749710204005,
      "timestamp_readable": "2025-06-12 06:36:44.005",
      "normalized_name": "attention_check/attention_check_Anger.png",
      "meme_name": "attention_check",
      "post_id": null,
      "english_label": "anger",
      "response_time_ms": 3602
    },
    {
      "image_path": "Gru-Gun/Gru-Gun_18.png",
      "label": "其他",
      "response_time": "00:00:01.601",
      "timestamp_unix": 1749710205,
      "timestamp_unix_ms": 1749710205696,
      "timestamp_readable": "2025-06-12 06:36:45.696",
      "normalized_name": "Gru-Gun/Gru-Gun",
      "meme_name": "Gru-Gun",
      "post_id": 18,
      "english_label": "others",
      "response_time_ms": 1601
    },
    {
      "image_path": "Batman-Slapping-Robin/Batman-Slapping-Robin_50.png",
      "label": "其他",
      "response_time": "00:00:03.614",
      "timestamp_unix": 1749710209,
      "timestamp_unix_ms": 1749710209337,
      "timestamp_readable": "2025-06-12 06:36:49.337",
      "normalized_name": "Batman-Slapping-Robin/Batman-Slapping-Robin",
      "meme_name": "Batman-Slapping-Robin",
      "post_id": 50,
      "english_label": "others",
      "response_time_ms": 3614
    },
    {
      "image_path": "Afraid-To-Ask-Andy/Afraid-To-Ask-Andy_48.png",
      "label": "其他",
      "response_time": "00:00:01.106",
      "timestamp_unix": 1749710210,
      "timestamp_unix_ms": 1749710210550,
      "timestamp_readable": "2025-06-12 06:36:50.550",
      "normalized_name": "Afraid-To-Ask-Andy/Afraid-To-Ask-Andy",
      "meme_name": "Afraid-To-Ask-Andy",
      "post_id": 48,
      "english_label": "others",
      "response_time_ms": 1106
    },
    {
      "image_path": "Nuclear-Explosion/Nuclear-Explosion_22.png",
      "label": "憤怒",
      "response_time": "00:00:01.900",
      "timestamp_unix": 1749710212,
      "timestamp_unix_ms": 1749710212573,
      "timestamp_readable": "2025-06-12 06:36:52.573",
      "normalized_name": "Nuclear-Explosion/Nuclear-Explosion",
      "meme_name": "Nuclear-Explosion",
      "post_id": 22,
      "english_label": "anger",
      "response_time_ms": 1900
    },
    {
      "image_path": "Chill-guy/Chill-guy_26.png",
      "label": "輕蔑",
      "response_time": "00:00:02.200",
      "timestamp_unix": 1749710214,
      "timestamp_unix_ms": 1749710214855,
      "timestamp_readable": "2025-06-12 06:36:54.855",
      "normalized_name": "Chill-guy/Chill-guy",
      "meme_name": "Chill-guy",
      "post_id": 26,
      "english_label": "contempt",
      "response_time_ms": 2200
    },
    {
      "image_path": "Smudge-the-cat/Smudge-the-cat_42.png",
      "label": "其他",
      "response_time": "00:00:02.306",
      "timestamp_unix": 1749710217,
      "timestamp_unix_ms": 1749710217212,
      "timestamp_readable": "2025-06-12 06:36:57.212",
      "normalized_name": "Smudge-the-cat/Smudge-the-cat",
      "meme_name": "Smudge-the-cat",
      "post_id": 42,
      "english_label": "others",
      "response_time_ms": 2306
    },
    {
      "image_path": "Futurama-Fry/Futurama-Fry_49.png",
      "label": "輕蔑",
      "response_time": "00:00:01.803",
      "timestamp_unix": 1749710219,
      "timestamp_unix_ms": 1749710219093,
      "timestamp_readable": "2025-06-12 06:36:59.093",
      "normalized_name": "Futurama-Fry/Futurama-Fry",
      "meme_name": "Futurama-Fry",
      "post_id": 49,
      "english_label": "contempt",
      "response_time_ms": 1803
    },
    {
      "image_path": "Picard-Wtf/Picard-Wtf_20.png",
      "label": "其他",
      "response_time": "00:00:01.706",
      "timestamp_unix": 1749710220,
      "timestamp_unix_ms": 1749710220893,
      "timestamp_readable": "2025-06-12 06:37:00.893",
      "normalized_name": "Picard-Wtf/Picard-Wtf",
      "meme_name": "Picard-Wtf",
      "post_id": 20,
      "english_label": "others",
      "response_time_ms": 1706
    },
    {
      "image_path": "Scooby-doo-mask-reveal/Scooby-doo-mask-reveal_16.png",
      "label": "其他",
      "response_time": "00:00:02.306",
      "timestamp_unix": 1749710223,
      "timestamp_unix_ms": 1749710223291,
      "timestamp_readable": "2025-06-12 06:37:03.291",
      "normalized_name": "Scooby-doo-mask-reveal/Scooby-doo-mask-reveal",
      "meme_name": "Scooby-doo-mask-reveal",
      "post_id": 16,
      "english_label": "others",
      "response_time_ms": 2306
    },
    {
      "image_path": "Black-guy-hiding-behind-tree/Black-guy-hiding-behind-tree_13.png",
      "label": "其他",
      "response_time": "00:00:01.201",
      "timestamp_unix": 1749710224,
      "timestamp_unix_ms": 1749710224548,
      "timestamp_readable": "2025-06-12 06:37:04.548",
      "normalized_name": "Black-guy-hiding-behind-tree/Black-guy-hiding-behind-tree",
      "meme_name": "Black-guy-hiding-behind-tree",
      "post_id": 13,
      "english_label": "others",
      "response_time_ms": 1201
    },
    {
      "image_path": "Surprised-Pikachu/Surprised-Pikachu_21.png",
      "label": "其他",
      "response_time": "00:00:02.010",
      "timestamp_unix": 1749710226,
      "timestamp_unix_ms": 1749710226597,
      "timestamp_readable": "2025-06-12 06:37:06.597",
      "normalized_name": "Surprised-Pikachu/Surprised-Pikachu",
      "meme_name": "Surprised-Pikachu",
      "post_id": 21,
      "english_label": "others",
      "response_time_ms": 2010
    },
    {
      "image_path": "You-The-Real-MVP/You-The-Real-MVP_45.png",
      "label": "其他",
      "response_time": "00:00:01.103",
      "timestamp_unix": 1749710227,
      "timestamp_unix_ms": 1749710227813,
      "timestamp_readable": "2025-06-12 06:37:07.813",
      "normalized_name": "You-The-Real-MVP/You-The-Real-MVP",
      "meme_name": "You-The-Real-MVP",
      "post_id": 45,
      "english_label": "others",
      "response_time_ms": 1103
    },
    {
      "image_path": "Thats-a-paddlin/Thats-a-paddlin_27.png",
      "label": "厭惡",
      "response_time": "00:00:03.001",
      "timestamp_unix": 1749710230,
      "timestamp_unix_ms": 1749710230889,
      "timestamp_readable": "2025-06-12 06:37:10.889",
      "normalized_name": "Thats-a-paddlin/Thats-a-paddlin",
      "meme_name": "Thats-a-paddlin",
      "post_id": 27,
      "english_label": "disgust",
      "response_time_ms": 3001
    },
    {
      "image_path": "I-am-once-again-asking/I-am-once-again-asking_5.png",
      "label": "厭惡",
      "response_time": "00:00:04.508",
      "timestamp_unix": 1749710235,
      "timestamp_unix_ms": 1749710235506,
      "timestamp_readable": "2025-06-12 06:37:15.506",
      "normalized_name": "I-am-once-again-asking/I-am-once-again-asking",
      "meme_name": "I-am-once-again-asking",
      "post_id": 5,
      "english_label": "disgust",
      "response_time_ms": 4508
    },
    {
      "image_path": "Monkey-Puppet/Monkey-Puppet_19.png",
      "label": "其他",
      "response_time": "00:00:02.500",
      "timestamp_unix": 1749710238,
      "timestamp_unix_ms": 1749710238112,
      "timestamp_readable": "2025-06-12 06:37:18.112",
      "normalized_name": "Monkey-Puppet/Monkey-Puppet",
      "meme_name": "Monkey-Puppet",
      "post_id": 19,
      "english_label": "others",
      "response_time_ms": 2500
    },
    {
      "image_path": "Im-The-Captain-Now/Im-The-Captain-Now_7.png",
      "label": "其他",
      "response_time": "00:00:02.003",
      "timestamp_unix": 1749710240,
      "timestamp_unix_ms": 1749710240158,
      "timestamp_readable": "2025-06-12 06:37:20.158",
      "normalized_name": "Im-The-Captain-Now/Im-The-Captain-Now",
      "meme_name": "Im-The-Captain-Now",
      "post_id": 7,
      "english_label": "others",
      "response_time_ms": 2003
    },
    {
      "image_path": "Spongebob-Yelling/Spongebob-Yelling_17.png",
      "label": "憤怒",
      "response_time": "00:00:01.807",
      "timestamp_unix": 1749710242,
      "timestamp_unix_ms": 1749710242077,
      "timestamp_readable": "2025-06-12 06:37:22.077",
      "normalized_name": "Spongebob-Yelling/Spongebob-Yelling",
      "meme_name": "Spongebob-Yelling",
      "post_id": 17,
      "english_label": "anger",
      "response_time_ms": 1807
    },
    {
      "image_path": "Ill-Have-You-Know-Spongebob/Ill-Have-You-Know-Spongebob_11.png",
      "label": "其他",
      "response_time": "00:00:02.008",
      "timestamp_unix": 1749710244,
      "timestamp_unix_ms": 1749710244193,
      "timestamp_readable": "2025-06-12 06:37:24.193",
      "normalized_name": "Ill-Have-You-Know-Spongebob/Ill-Have-You-Know-Spongebob",
      "meme_name": "Ill-Have-You-Know-Spongebob",
      "post_id": 11,
      "english_label": "others",
      "response_time_ms": 2008
    },
    {
      "image_path": "Kevin-Hart/Kevin-Hart_36.png",
      "label": "其他",
      "response_time": "00:00:01.411",
      "timestamp_unix": 1749710245,
      "timestamp_unix_ms": 1749710245684,
      "timestamp_readable": "2025-06-12 06:37:25.684",
      "normalized_name": "Kevin-Hart/Kevin-Hart",
      "meme_name": "Kevin-Hart",
      "post_id": 36,
      "english_label": "others",
      "response_time_ms": 1411
    },
    {
      "image_path": "DJ-Pauly-D/DJ-Pauly-D_1.png",
      "label": "其他",
      "response_time": "00:00:04.707",
      "timestamp_unix": 1749710250,
      "timestamp_unix_ms": 1749710250474,
      "timestamp_readable": "2025-06-12 06:37:30.474",
      "normalized_name": "DJ-Pauly-D/DJ-Pauly-D",
      "meme_name": "DJ-Pauly-D",
      "post_id": 1,
      "english_label": "others",
      "response_time_ms": 4707
    },
    {
      "image_path": "Angry-Baby/Angry-Baby_37.png",
      "label": "憤怒",
      "response_time": "00:00:01.201",
      "timestamp_unix": 1749710251,
      "timestamp_unix_ms": 1749710251736,
      "timestamp_readable": "2025-06-12 06:37:31.736",
      "normalized_name": "Angry-Baby/Angry-Baby",
      "meme_name": "Angry-Baby",
      "post_id": 37,
      "english_label": "anger",
      "response_time_ms": 1201
    },
    {
      "image_path": "Mr-McMahon-reaction/Mr-McMahon-reaction_28.png",
      "label": "憤怒",
      "response_time": "00:00:01.508",
      "timestamp_unix": 1749710253,
      "timestamp_unix_ms": 1749710253335,
      "timestamp_readable": "2025-06-12 06:37:33.335",
      "normalized_name": "Mr-McMahon-reaction/Mr-McMahon-reaction",
      "meme_name": "Mr-McMahon-reaction",
      "post_id": 28,
      "english_label": "anger",
      "response_time_ms": 1508
    },
    {
      "image_path": "Spiderman-Hospital/Spiderman-Hospital_34.png",
      "label": "其他",
      "response_time": "00:00:01.201",
      "timestamp_unix": 1749710254,
      "timestamp_unix_ms": 1749710254595,
      "timestamp_readable": "2025-06-12 06:37:34.595",
      "normalized_name": "Spiderman-Hospital/Spiderman-Hospital",
      "meme_name": "Spiderman-Hospital",
      "post_id": 34,
      "english_label": "others",
      "response_time_ms": 1201
    },
    {
      "image_path": "Happy--Shock/Happy--Shock_33.png",
      "label": "其他",
      "response_time": "00:00:04.306",
      "timestamp_unix": 1749710259,
      "timestamp_unix_ms": 1749710259001,
      "timestamp_readable": "2025-06-12 06:37:39.001",
      "normalized_name": "Happy--Shock/Happy--Shock",
      "meme_name": "Happy--Shock",
      "post_id": 33,
      "english_label": "others",
      "response_time_ms": 4306
    },
    {
      "image_path": "Archer/Archer_32.png",
      "label": "其他",
      "response_time": "00:00:01.307",
      "timestamp_unix": 1749710260,
      "timestamp_unix_ms": 1749710260429,
      "timestamp_readable": "2025-06-12 06:37:40.429",
      "normalized_name": "Archer/Archer",
      "meme_name": "Archer",
      "post_id": 32,
      "english_label": "others",
      "response_time_ms": 1307
    },
    {
      "image_path": "attention_check/attention_check_Contempt.png",
      "label": "厭惡",
      "response_time": "00:00:01.904",
      "timestamp_unix": 1749710262,
      "timestamp_unix_ms": 1749710262404,
      "timestamp_readable": "2025-06-12 06:37:42.404",
      "normalized_name": "attention_check/attention_check_Contempt.png",
      "meme_name": "attention_check",
      "post_id": null,
      "english_label": "disgust",
      "response_time_ms": 1904
    }
  ],
  "session_start_unix": 1749710086,
  "session_status": "active",
  "last_updated_unix": 1749710262,
  "image_order": [
    "Spiderman-Hospital/Spiderman-Hospital_34.png",
    "Happy--Shock/Happy--Shock_33.png",
    "Chill-guy/Chill-guy_26.png",
    "I-am-once-again-asking/I-am-once-again-asking_5.png",
    "Math-ladyConfused-lady/Math-ladyConfused-lady_25.png",
    "Archer/Archer_32.png",
    "Leonardo-Dicaprio-Wolf-Of-Wall-Street/Leonardo-Dicaprio-Wolf-Of-Wall-Street_4.png",
    "Mocking-Spongebob/Mocking-Spongebob_35.png",
    "Afraid-To-Ask-Andy/Afraid-To-Ask-Andy_48.png",
    "Charlie-Day/Charlie-Day_3.png",
    "Always-Has-Been/Always-Has-Been_38.png",
    "Picard-Wtf/Picard-Wtf_20.png",
    "Batman-Slapping-Robin/Batman-Slapping-Robin_50.png",
    "For-the-better-right-blank/For-the-better-right-blank_10.png",
    "Drake-NoYes/Drake-NoYes_41.png",
    "Laughing-wolf/Laughing-wolf_29.png",
    "DJ-Pauly-D/DJ-Pauly-D_1.png",
    "Always-you-three/Always-you-three_46.png",
    "Disappointed-Man/Disappointed-Man_39.png",
    "Smudge-the-cat/Smudge-the-cat_42.png",
    "Thats-a-paddlin/Thats-a-paddlin_27.png",
    "Hide-the-Pain-Harold/Hide-the-Pain-Harold_43.png",
    "Hold-fart/Hold-fart_14.png",
    "Im-The-Captain-Now/Im-The-Captain-Now_7.png",
    "attention_check/attention_check_Anger.png",
    "Obi-Wan-Kenobi/Obi-Wan-Kenobi_8.png",
    "Spongebob-Yelling/Spongebob-Yelling_17.png",
    "Nuclear-Explosion/Nuclear-Explosion_22.png",
    "Dinkleberg/Dinkleberg_2.png",
    "Scooby-doo-mask-reveal/Scooby-doo-mask-reveal_16.png",
    "Disaster-Girl/Disaster-Girl_6.png",
    "Black-guy-hiding-behind-tree/Black-guy-hiding-behind-tree_13.png",
    "You-The-Real-MVP/You-The-Real-MVP_45.png",
    "Moe-throws-Barney/Moe-throws-Barney_15.png",
    "Ill-Have-You-Know-Spongebob/Ill-Have-You-Know-Spongebob_11.png",
    "Futurama-Fry/Futurama-Fry_49.png",
    "Monkey-Puppet/Monkey-Puppet_19.png",
    "Confused-Gandalf/Confused-Gandalf_12.png",
    "Mr-incredible-mad/Mr-incredible-mad_30.png",
    "Dave-chappelle/Dave-chappelle_24.png",
    "Surprised-Pikachu/Surprised-Pikachu_21.png",
    "Table-Flip-Guy/Table-Flip-Guy_9.png",
    "Kevin-Hart/Kevin-Hart_36.png",
    "Well-Yes-But-Actually-No/Well-Yes-But-Actually-No_40.png",
    "Mr-McMahon-reaction/Mr-McMahon-reaction_28.png",
    "Gru-Gun/Gru-Gun_18.png",
    "Persian-Cat-Room-Guardian/Persian-Cat-Room-Guardian_47.png",
    "Put-It-Somewhere-Else-Patrick/Put-It-Somewhere-Else-Patrick_44.png",
    "Angry-Baby/Angry-Baby_37.png",
    "Arthur-Fist/Arthur-Fist_31.png",
    "attention_check/attention_check_Contempt.png",
    "Khan/Khan_23.png"
  ],
  "completion_status": {
    "practice_completed": true,
    "game_started": true,
    "game_completed": false,
    "summary_viewed": false,
    "email_submitted": false
  },
  "timestamps_unix": {
    "registration_completed": 1749710086,
    "practice_started": 1749710086,
    "practice_completed": 1749710137,
    "game_started": 1749710137,
    "first_label": 1749710143,
    "last_label": 1749710262,
    "game_completed": null,
    "summary_viewed": null,
    "email_submitted": null,
    "session_end": null,
    "last_updated": 1749710262
  },
  "timestamps_unix_ms": {
    "registration_completed_ms": 1749710086939,
    "practice_started_ms": 1749710086970,
    "practice_completed_ms": 1749710137325,
    "game_started_ms": 1749710137334,
    "first_label_ms": 1749710143529,
    "last_label_ms": 1749710262404,
    "game_completed_ms": null,
    "summary_viewed_ms": null,
    "email_submitted_ms": null,
    "session_end_ms": null,
    "last_updated_ms": 1749710262404
  },
  "duration_stats_ms": {
    "total_session_duration_ms": null,
    "practice_duration_ms": 50355,
    "game_duration_ms": null,
    "labeling_duration_ms": null,
    "email_submission_duration_ms": null
  }
}