{
  "user_id": "user_a5e8c6",
  "file_name": "user_a5e8c6_1749707142_1749707224_fullycomplete",
  "unix_start_time": 1749707142,
  "unix_start_time_ms": 1749707142763,
  "unix_end_time": 1749707224,
  "unix_end_time_ms": 1749707224823,
  "age": "18-24",
  "gender": "male",
  "user_agent": "Mozilla/5.0 (Windows NT 10.0; Win64; x64) AppleWebKit/537.36 (KHTML, like Gecko) Chrome/137.0.0.0 Safari/537.36 Edg/137.0.0.0",
  "user_ip": "1.34.91.151",
  "status": "complete",
  "email_provided": "complete",
  "attention_passed": true,
  "start_time_readable": "2025-06-12 05:45:42.762",
  "end_time_readable": "2025-06-12 05:47:04.823",
  "total_labels": 52,
  "emotion_summary": {
    "anger": 14,
    "contempt": 12,
    "disgust": 12,
    "others": 14
  },
  "email": "asagiri0905@gmail.com",
  "participation": "yes",
  "total_responses": 52,
  "responses": [
    {
      "image_path": "Disaster-Girl/Disaster-Girl_15.png",
      "label": "輕蔑",
      "response_time": "00:00:01.301",
      "timestamp_unix": 1749707169,
      "timestamp_unix_ms": 1749707169367,
      "timestamp_readable": "2025-06-12 05:46:09.367",
      "normalized_name": "Disaster-Girl/Disaster-Girl",
      "meme_name": "Disaster-Girl",
      "post_id": 15,
      "english_label": "contempt",
      "response_time_ms": 1301
    },
    {
      "image_path": "Always-Has-Been/Always-Has-Been_36.png",
      "label": "厭惡",
      "response_time": "00:00:00.604",
      "timestamp_unix": 1749707170,
      "timestamp_unix_ms": 1749707170016,
      "timestamp_readable": "2025-06-12 05:46:10.016",
      "normalized_name": "Always-Has-Been/Always-Has-Been",
      "meme_name": "Always-Has-Been",
      "post_id": 36,
      "english_label": "disgust",
      "response_time_ms": 604
    },
    {
      "image_path": "Spongebob-Yelling/Spongebob-Yelling_16.png",
      "label": "憤怒",
      "response_time": "00:00:00.506",
      "timestamp_unix": 1749707170,
      "timestamp_unix_ms": 1749707170616,
      "timestamp_readable": "2025-06-12 05:46:10.616",
      "normalized_name": "Spongebob-Yelling/Spongebob-Yelling",
      "meme_name": "Spongebob-Yelling",
      "post_id": 16,
      "english_label": "anger",
      "response_time_ms": 506
    },
    {
      "image_path": "Spiderman-Hospital/Spiderman-Hospital_31.png",
      "label": "其他",
      "response_time": "00:00:00.500",
      "timestamp_unix": 1749707171,
      "timestamp_unix_ms": 1749707171166,
      "timestamp_readable": "2025-06-12 05:46:11.166",
      "normalized_name": "Spiderman-Hospital/Spiderman-Hospital",
      "meme_name": "Spiderman-Hospital",
      "post_id": 31,
      "english_label": "others",
      "response_time_ms": 500
    },
    {
      "image_path": "Drake-NoYes/Drake-NoYes_12.png",
      "label": "輕蔑",
      "response_time": "00:00:00.503",
      "timestamp_unix": 1749707171,
      "timestamp_unix_ms": 1749707171716,
      "timestamp_readable": "2025-06-12 05:46:11.716",
      "normalized_name": "Drake-NoYes/Drake-NoYes",
      "meme_name": "Drake-NoYes",
      "post_id": 12,
      "english_label": "contempt",
      "response_time_ms": 503
    },
    {
      "image_path": "Leonardo-Dicaprio-Wolf-Of-Wall-Street/Leonardo-Dicaprio-Wolf-Of-Wall-Street_8.png",
      "label": "厭惡",
      "response_time": "00:00:00.705",
      "timestamp_unix": 1749707172,
      "timestamp_unix_ms": 1749707172466,
      "timestamp_readable": "2025-06-12 05:46:12.466",
      "normalized_name": "Leonardo-Dicaprio-Wolf-Of-Wall-Street/Leonardo-Dicaprio-Wolf-Of-Wall-Street",
      "meme_name": "Leonardo-Dicaprio-Wolf-Of-Wall-Street",
      "post_id": 8,
      "english_label": "disgust",
      "response_time_ms": 705
    },
    {
      "image_path": "Put-It-Somewhere-Else-Patrick/Put-It-Somewhere-Else-Patrick_49.png",
      "label": "其他",
      "response_time": "00:00:00.601",
      "timestamp_unix": 1749707173,
      "timestamp_unix_ms": 1749707173200,
      "timestamp_readable": "2025-06-12 05:46:13.200",
      "normalized_name": "Put-It-Somewhere-Else-Patrick/Put-It-Somewhere-Else-Patrick",
      "meme_name": "Put-It-Somewhere-Else-Patrick",
      "post_id": 49,
      "english_label": "others",
      "response_time_ms": 601
    },
    {
      "image_path": "Dave-chappelle/Dave-chappelle_30.png",
      "label": "憤怒",
      "response_time": "00:00:00.805",
      "timestamp_unix": 1749707174,
      "timestamp_unix_ms": 1749707174099,
      "timestamp_readable": "2025-06-12 05:46:14.099",
      "normalized_name": "Dave-chappelle/Dave-chappelle",
      "meme_name": "Dave-chappelle",
      "post_id": 30,
      "english_label": "anger",
      "response_time_ms": 805
    },
    {
      "image_path": "Afraid-To-Ask-Andy/Afraid-To-Ask-Andy_4.png",
      "label": "其他",
      "response_time": "00:00:00.707",
      "timestamp_unix": 1749707174,
      "timestamp_unix_ms": 1749707174849,
      "timestamp_readable": "2025-06-12 05:46:14.849",
      "normalized_name": "Afraid-To-Ask-Andy/Afraid-To-Ask-Andy",
      "meme_name": "Afraid-To-Ask-Andy",
      "post_id": 4,
      "english_label": "others",
      "response_time_ms": 707
    },
    {
      "image_path": "Moe-throws-Barney/Moe-throws-Barney_24.png",
      "label": "輕蔑",
      "response_time": "00:00:00.607",
      "timestamp_unix": 1749707175,
      "timestamp_unix_ms": 1749707175517,
      "timestamp_readable": "2025-06-12 05:46:15.517",
      "normalized_name": "Moe-throws-Barney/Moe-throws-Barney",
      "meme_name": "Moe-throws-Barney",
      "post_id": 24,
      "english_label": "contempt",
      "response_time_ms": 607
    },
    {
      "image_path": "Happy--Shock/Happy--Shock_7.png",
      "label": "厭惡",
      "response_time": "00:00:00.606",
      "timestamp_unix": 1749707176,
      "timestamp_unix_ms": 1749707176250,
      "timestamp_readable": "2025-06-12 05:46:16.250",
      "normalized_name": "Happy--Shock/Happy--Shock",
      "meme_name": "Happy--Shock",
      "post_id": 7,
      "english_label": "disgust",
      "response_time_ms": 606
    },
    {
      "image_path": "You-The-Real-MVP/You-The-Real-MVP_50.png",
      "label": "憤怒",
      "response_time": "00:00:00.705",
      "timestamp_unix": 1749707177,
      "timestamp_unix_ms": 1749707177034,
      "timestamp_readable": "2025-06-12 05:46:17.034",
      "normalized_name": "You-The-Real-MVP/You-The-Real-MVP",
      "meme_name": "You-The-Real-MVP",
      "post_id": 50,
      "english_label": "anger",
      "response_time_ms": 705
    },
    {
      "image_path": "I-am-once-again-asking/I-am-once-again-asking_2.png",
      "label": "其他",
      "response_time": "00:00:00.602",
      "timestamp_unix": 1749707177,
      "timestamp_unix_ms": 1749707177733,
      "timestamp_readable": "2025-06-12 05:46:17.733",
      "normalized_name": "I-am-once-again-asking/I-am-once-again-asking",
      "meme_name": "I-am-once-again-asking",
      "post_id": 2,
      "english_label": "others",
      "response_time_ms": 602
    },
    {
      "image_path": "Picard-Wtf/Picard-Wtf_5.png",
      "label": "厭惡",
      "response_time": "00:00:00.606",
      "timestamp_unix": 1749707178,
      "timestamp_unix_ms": 1749707178418,
      "timestamp_readable": "2025-06-12 05:46:18.418",
      "normalized_name": "Picard-Wtf/Picard-Wtf",
      "meme_name": "Picard-Wtf",
      "post_id": 5,
      "english_label": "disgust",
      "response_time_ms": 606
    },
    {
      "image_path": "Im-The-Captain-Now/Im-The-Captain-Now_27.png",
      "label": "輕蔑",
      "response_time": "00:00:00.802",
      "timestamp_unix": 1749707179,
      "timestamp_unix_ms": 1749707179301,
      "timestamp_readable": "2025-06-12 05:46:19.301",
      "normalized_name": "Im-The-Captain-Now/Im-The-Captain-Now",
      "meme_name": "Im-The-Captain-Now",
      "post_id": 27,
      "english_label": "contempt",
      "response_time_ms": 802
    },
    {
      "image_path": "Chill-guy/Chill-guy_28.png",
      "label": "憤怒",
      "response_time": "00:00:00.600",
      "timestamp_unix": 1749707180,
      "timestamp_unix_ms": 1749707180017,
      "timestamp_readable": "2025-06-12 05:46:20.017",
      "normalized_name": "Chill-guy/Chill-guy",
      "meme_name": "Chill-guy",
      "post_id": 28,
      "english_label": "anger",
      "response_time_ms": 600
    },
    {
      "image_path": "Angry-Baby/Angry-Baby_47.png",
      "label": "其他",
      "response_time": "00:00:00.604",
      "timestamp_unix": 1749707180,
      "timestamp_unix_ms": 1749707180733,
      "timestamp_readable": "2025-06-12 05:46:20.733",
      "normalized_name": "Angry-Baby/Angry-Baby",
      "meme_name": "Angry-Baby",
      "post_id": 47,
      "english_label": "others",
      "response_time_ms": 604
    },
    {
      "image_path": "Nuclear-Explosion/Nuclear-Explosion_25.png",
      "label": "厭惡",
      "response_time": "00:00:00.805",
      "timestamp_unix": 1749707181,
      "timestamp_unix_ms": 1749707181583,
      "timestamp_readable": "2025-06-12 05:46:21.583",
      "normalized_name": "Nuclear-Explosion/Nuclear-Explosion",
      "meme_name": "Nuclear-Explosion",
      "post_id": 25,
      "english_label": "disgust",
      "response_time_ms": 805
    },
    {
      "image_path": "For-the-better-right-blank/For-the-better-right-blank_17.png",
      "label": "輕蔑",
      "response_time": "00:00:00.805",
      "timestamp_unix": 1749707182,
      "timestamp_unix_ms": 1749707182433,
      "timestamp_readable": "2025-06-12 05:46:22.433",
      "normalized_name": "For-the-better-right-blank/For-the-better-right-blank",
      "meme_name": "For-the-better-right-blank",
      "post_id": 17,
      "english_label": "contempt",
      "response_time_ms": 805
    },
    {
      "image_path": "Black-guy-hiding-behind-tree/Black-guy-hiding-behind-tree_23.png",
      "label": "憤怒",
      "response_time": "00:00:00.706",
      "timestamp_unix": 1749707183,
      "timestamp_unix_ms": 1749707183199,
      "timestamp_readable": "2025-06-12 05:46:23.199",
      "normalized_name": "Black-guy-hiding-behind-tree/Black-guy-hiding-behind-tree",
      "meme_name": "Black-guy-hiding-behind-tree",
      "post_id": 23,
      "english_label": "anger",
      "response_time_ms": 706
    },
    {
      "image_path": "Hold-fart/Hold-fart_9.png",
      "label": "其他",
      "response_time": "00:00:00.706",
      "timestamp_unix": 1749707183,
      "timestamp_unix_ms": 1749707183966,
      "timestamp_readable": "2025-06-12 05:46:23.966",
      "normalized_name": "Hold-fart/Hold-fart",
      "meme_name": "Hold-fart",
      "post_id": 9,
      "english_label": "others",
      "response_time_ms": 706
    },
    {
      "image_path": "Hide-the-Pain-Harold/Hide-the-Pain-Harold_20.png",
      "label": "憤怒",
      "response_time": "00:00:00.806",
      "timestamp_unix": 1749707184,
      "timestamp_unix_ms": 1749707184883,
      "timestamp_readable": "2025-06-12 05:46:24.883",
      "normalized_name": "Hide-the-Pain-Harold/Hide-the-Pain-Harold",
      "meme_name": "Hide-the-Pain-Harold",
      "post_id": 20,
      "english_label": "anger",
      "response_time_ms": 806
    },
    {
      "image_path": "DJ-Pauly-D/DJ-Pauly-D_41.png",
      "label": "其他",
      "response_time": "00:00:00.806",
      "timestamp_unix": 1749707185,
      "timestamp_unix_ms": 1749707185750,
      "timestamp_readable": "2025-06-12 05:46:25.750",
      "normalized_name": "DJ-Pauly-D/DJ-Pauly-D",
      "meme_name": "DJ-Pauly-D",
      "post_id": 41,
      "english_label": "others",
      "response_time_ms": 806
    },
    {
      "image_path": "Arthur-Fist/Arthur-Fist_39.png",
      "label": "厭惡",
      "response_time": "00:00:00.701",
      "timestamp_unix": 1749707186,
      "timestamp_unix_ms": 1749707186583,
      "timestamp_readable": "2025-06-12 05:46:26.583",
      "normalized_name": "Arthur-Fist/Arthur-Fist",
      "meme_name": "Arthur-Fist",
      "post_id": 39,
      "english_label": "disgust",
      "response_time_ms": 701
    },
    {
      "image_path": "attention_check/attention_check_Disgust.png",
      "label": "厭惡",
      "response_time": "00:00:02.705",
      "timestamp_unix": 1749707189,
      "timestamp_unix_ms": 1749707189317,
      "timestamp_readable": "2025-06-12 05:46:29.317",
      "normalized_name": "attention_check/attention_check_Disgust.png",
      "meme_name": "attention_check",
      "post_id": null,
      "english_label": "disgust",
      "response_time_ms": 2705
    },
    {
      "image_path": "Laughing-wolf/Laughing-wolf_10.png",
      "label": "厭惡",
      "response_time": "00:00:01.301",
      "timestamp_unix": 1749707190,
      "timestamp_unix_ms": 1749707190666,
      "timestamp_readable": "2025-06-12 05:46:30.666",
      "normalized_name": "Laughing-wolf/Laughing-wolf",
      "meme_name": "Laughing-wolf",
      "post_id": 10,
      "english_label": "disgust",
      "response_time_ms": 1301
    },
    {
      "image_path": "Mocking-Spongebob/Mocking-Spongebob_3.png",
      "label": "厭惡",
      "response_time": "00:00:00.705",
      "timestamp_unix": 1749707191,
      "timestamp_unix_ms": 1749707191500,
      "timestamp_readable": "2025-06-12 05:46:31.500",
      "normalized_name": "Mocking-Spongebob/Mocking-Spongebob",
      "meme_name": "Mocking-Spongebob",
      "post_id": 3,
      "english_label": "disgust",
      "response_time_ms": 705
    },
    {
      "image_path": "Obi-Wan-Kenobi/Obi-Wan-Kenobi_6.png",
      "label": "輕蔑",
      "response_time": "00:00:00.602",
      "timestamp_unix": 1749707192,
      "timestamp_unix_ms": 1749707192216,
      "timestamp_readable": "2025-06-12 05:46:32.216",
      "normalized_name": "Obi-Wan-Kenobi/Obi-Wan-Kenobi",
      "meme_name": "Obi-Wan-Kenobi",
      "post_id": 6,
      "english_label": "contempt",
      "response_time_ms": 602
    },
    {
      "image_path": "Gru-Gun/Gru-Gun_34.png",
      "label": "輕蔑",
      "response_time": "00:00:00.705",
      "timestamp_unix": 1749707193,
      "timestamp_unix_ms": 1749707193050,
      "timestamp_readable": "2025-06-12 05:46:33.050",
      "normalized_name": "Gru-Gun/Gru-Gun",
      "meme_name": "Gru-Gun",
      "post_id": 34,
      "english_label": "contempt",
      "response_time_ms": 705
    },
    {
      "image_path": "Surprised-Pikachu/Surprised-Pikachu_32.png",
      "label": "憤怒",
      "response_time": "00:00:00.606",
      "timestamp_unix": 1749707193,
      "timestamp_unix_ms": 1749707193733,
      "timestamp_readable": "2025-06-12 05:46:33.733",
      "normalized_name": "Surprised-Pikachu/Surprised-Pikachu",
      "meme_name": "Surprised-Pikachu",
      "post_id": 32,
      "english_label": "anger",
      "response_time_ms": 606
    },
    {
      "image_path": "Mr-McMahon-reaction/Mr-McMahon-reaction_14.png",
      "label": "其他",
      "response_time": "00:00:00.706",
      "timestamp_unix": 1749707194,
      "timestamp_unix_ms": 1749707194500,
      "timestamp_readable": "2025-06-12 05:46:34.500",
      "normalized_name": "Mr-McMahon-reaction/Mr-McMahon-reaction",
      "meme_name": "Mr-McMahon-reaction",
      "post_id": 14,
      "english_label": "others",
      "response_time_ms": 706
    },
    {
      "image_path": "Always-you-three/Always-you-three_11.png",
      "label": "憤怒",
      "response_time": "00:00:00.902",
      "timestamp_unix": 1749707195,
      "timestamp_unix_ms": 1749707195483,
      "timestamp_readable": "2025-06-12 05:46:35.483",
      "normalized_name": "Always-you-three/Always-you-three",
      "meme_name": "Always-you-three",
      "post_id": 11,
      "english_label": "anger",
      "response_time_ms": 902
    },
    {
      "image_path": "Scooby-doo-mask-reveal/Scooby-doo-mask-reveal_29.png",
      "label": "輕蔑",
      "response_time": "00:00:00.805",
      "timestamp_unix": 1749707196,
      "timestamp_unix_ms": 1749707196416,
      "timestamp_readable": "2025-06-12 05:46:36.416",
      "normalized_name": "Scooby-doo-mask-reveal/Scooby-doo-mask-reveal",
      "meme_name": "Scooby-doo-mask-reveal",
      "post_id": 29,
      "english_label": "contempt",
      "response_time_ms": 805
    },
    {
      "image_path": "Kevin-Hart/Kevin-Hart_33.png",
      "label": "其他",
      "response_time": "00:00:00.704",
      "timestamp_unix": 1749707197,
      "timestamp_unix_ms": 1749707197233,
      "timestamp_readable": "2025-06-12 05:46:37.233",
      "normalized_name": "Kevin-Hart/Kevin-Hart",
      "meme_name": "Kevin-Hart",
      "post_id": 33,
      "english_label": "others",
      "response_time_ms": 704
    },
    {
      "image_path": "Batman-Slapping-Robin/Batman-Slapping-Robin_46.png",
      "label": "憤怒",
      "response_time": "00:00:00.806",
      "timestamp_unix": 1749707198,
      "timestamp_unix_ms": 1749707198117,
      "timestamp_readable": "2025-06-12 05:46:38.117",
      "normalized_name": "Batman-Slapping-Robin/Batman-Slapping-Robin",
      "meme_name": "Batman-Slapping-Robin",
      "post_id": 46,
      "english_label": "anger",
      "response_time_ms": 806
    },
    {
      "image_path": "Ill-Have-You-Know-Spongebob/Ill-Have-You-Know-Spongebob_1.png",
      "label": "輕蔑",
      "response_time": "00:00:00.805",
      "timestamp_unix": 1749707198,
      "timestamp_unix_ms": 1749707198984,
      "timestamp_readable": "2025-06-12 05:46:38.984",
      "normalized_name": "Ill-Have-You-Know-Spongebob/Ill-Have-You-Know-Spongebob",
      "meme_name": "Ill-Have-You-Know-Spongebob",
      "post_id": 1,
      "english_label": "contempt",
      "response_time_ms": 805
    },
    {
      "image_path": "Monkey-Puppet/Monkey-Puppet_44.png",
      "label": "厭惡",
      "response_time": "00:00:00.705",
      "timestamp_unix": 1749707199,
      "timestamp_unix_ms": 1749707199800,
      "timestamp_readable": "2025-06-12 05:46:39.800",
      "normalized_name": "Monkey-Puppet/Monkey-Puppet",
      "meme_name": "Monkey-Puppet",
      "post_id": 44,
      "english_label": "disgust",
      "response_time_ms": 705
    },
    {
      "image_path": "Table-Flip-Guy/Table-Flip-Guy_45.png",
      "label": "其他",
      "response_time": "00:00:00.801",
      "timestamp_unix": 1749707200,
      "timestamp_unix_ms": 1749707200667,
      "timestamp_readable": "2025-06-12 05:46:40.667",
      "normalized_name": "Table-Flip-Guy/Table-Flip-Guy",
      "meme_name": "Table-Flip-Guy",
      "post_id": 45,
      "english_label": "others",
      "response_time_ms": 801
    },
    {
      "image_path": "Dinkleberg/Dinkleberg_38.png",
      "label": "憤怒",
      "response_time": "00:00:00.703",
      "timestamp_unix": 1749707201,
      "timestamp_unix_ms": 1749707201466,
      "timestamp_readable": "2025-06-12 05:46:41.466",
      "normalized_name": "Dinkleberg/Dinkleberg",
      "meme_name": "Dinkleberg",
      "post_id": 38,
      "english_label": "anger",
      "response_time_ms": 703
    },
    {
      "image_path": "Khan/Khan_13.png",
      "label": "輕蔑",
      "response_time": "00:00:01.105",
      "timestamp_unix": 1749707202,
      "timestamp_unix_ms": 1749707202650,
      "timestamp_readable": "2025-06-12 05:46:42.650",
      "normalized_name": "Khan/Khan",
      "meme_name": "Khan",
      "post_id": 13,
      "english_label": "contempt",
      "response_time_ms": 1105
    },
    {
      "image_path": "Thats-a-paddlin/Thats-a-paddlin_37.png",
      "label": "輕蔑",
      "response_time": "00:00:00.805",
      "timestamp_unix": 1749707203,
      "timestamp_unix_ms": 1749707203566,
      "timestamp_readable": "2025-06-12 05:46:43.566",
      "normalized_name": "Thats-a-paddlin/Thats-a-paddlin",
      "meme_name": "Thats-a-paddlin",
      "post_id": 37,
      "english_label": "contempt",
      "response_time_ms": 805
    },
    {
      "image_path": "Disappointed-Man/Disappointed-Man_35.png",
      "label": "憤怒",
      "response_time": "00:00:00.803",
      "timestamp_unix": 1749707204,
      "timestamp_unix_ms": 1749707204450,
      "timestamp_readable": "2025-06-12 05:46:44.450",
      "normalized_name": "Disappointed-Man/Disappointed-Man",
      "meme_name": "Disappointed-Man",
      "post_id": 35,
      "english_label": "anger",
      "response_time_ms": 803
    },
    {
      "image_path": "Mr-incredible-mad/Mr-incredible-mad_43.png",
      "label": "憤怒",
      "response_time": "00:00:00.905",
      "timestamp_unix": 1749707205,
      "timestamp_unix_ms": 1749707205433,
      "timestamp_readable": "2025-06-12 05:46:45.433",
      "normalized_name": "Mr-incredible-mad/Mr-incredible-mad",
      "meme_name": "Mr-incredible-mad",
      "post_id": 43,
      "english_label": "anger",
      "response_time_ms": 905
    },
    {
      "image_path": "Well-Yes-But-Actually-No/Well-Yes-But-Actually-No_48.png",
      "label": "其他",
      "response_time": "00:00:00.805",
      "timestamp_unix": 1749707206,
      "timestamp_unix_ms": 1749707206300,
      "timestamp_readable": "2025-06-12 05:46:46.300",
      "normalized_name": "Well-Yes-But-Actually-No/Well-Yes-But-Actually-No",
      "meme_name": "Well-Yes-But-Actually-No",
      "post_id": 48,
      "english_label": "others",
      "response_time_ms": 805
    },
    {
      "image_path": "Charlie-Day/Charlie-Day_26.png",
      "label": "厭惡",
      "response_time": "00:00:00.803",
      "timestamp_unix": 1749707207,
      "timestamp_unix_ms": 1749707207267,
      "timestamp_readable": "2025-06-12 05:46:47.267",
      "normalized_name": "Charlie-Day/Charlie-Day",
      "meme_name": "Charlie-Day",
      "post_id": 26,
      "english_label": "disgust",
      "response_time_ms": 803
    },
    {
      "image_path": "Archer/Archer_42.png",
      "label": "其他",
      "response_time": "00:00:00.804",
      "timestamp_unix": 1749707208,
      "timestamp_unix_ms": 1749707208133,
      "timestamp_readable": "2025-06-12 05:46:48.133",
      "normalized_name": "Archer/Archer",
      "meme_name": "Archer",
      "post_id": 42,
      "english_label": "others",
      "response_time_ms": 804
    },
    {
      "image_path": "attention_check/attention_check_Anger.png",
      "label": "憤怒",
      "response_time": "00:00:01.404",
      "timestamp_unix": 1749707209,
      "timestamp_unix_ms": 1749707209650,
      "timestamp_readable": "2025-06-12 05:46:49.650",
      "normalized_name": "attention_check/attention_check_Anger.png",
      "meme_name": "attention_check",
      "post_id": null,
      "english_label": "anger",
      "response_time_ms": 1404
    },
    {
      "image_path": "Futurama-Fry/Futurama-Fry_40.png",
      "label": "其他",
      "response_time": "00:00:00.803",
      "timestamp_unix": 1749707210,
      "timestamp_unix_ms": 1749707210500,
      "timestamp_readable": "2025-06-12 05:46:50.500",
      "normalized_name": "Futurama-Fry/Futurama-Fry",
      "meme_name": "Futurama-Fry",
      "post_id": 40,
      "english_label": "others",
      "response_time_ms": 803
    },
    {
      "image_path": "Math-ladyConfused-lady/Math-ladyConfused-lady_21.png",
      "label": "憤怒",
      "response_time": "00:00:00.604",
      "timestamp_unix": 1749707211,
      "timestamp_unix_ms": 1749707211234,
      "timestamp_readable": "2025-06-12 05:46:51.234",
      "normalized_name": "Math-ladyConfused-lady/Math-ladyConfused-lady",
      "meme_name": "Math-ladyConfused-lady",
      "post_id": 21,
      "english_label": "anger",
      "response_time_ms": 604
    },
    {
      "image_path": "Persian-Cat-Room-Guardian/Persian-Cat-Room-Guardian_22.png",
      "label": "輕蔑",
      "response_time": "00:00:00.604",
      "timestamp_unix": 1749707211,
      "timestamp_unix_ms": 1749707211916,
      "timestamp_readable": "2025-06-12 05:46:51.916",
      "normalized_name": "Persian-Cat-Room-Guardian/Persian-Cat-Room-Guardian",
      "meme_name": "Persian-Cat-Room-Guardian",
      "post_id": 22,
      "english_label": "contempt",
      "response_time_ms": 604
    },
    {
      "image_path": "Smudge-the-cat/Smudge-the-cat_19.png",
      "label": "厭惡",
      "response_time": "00:00:00.605",
      "timestamp_unix": 1749707212,
      "timestamp_unix_ms": 1749707212617,
      "timestamp_readable": "2025-06-12 05:46:52.617",
      "normalized_name": "Smudge-the-cat/Smudge-the-cat",
      "meme_name": "Smudge-the-cat",
      "post_id": 19,
      "english_label": "disgust",
      "response_time_ms": 605
    },
    {
      "image_path": "Confused-Gandalf/Confused-Gandalf_18.png",
      "label": "其他",
      "response_time": "00:00:00.605",
      "timestamp_unix": 1749707213,
      "timestamp_unix_ms": 1749707213333,
      "timestamp_readable": "2025-06-12 05:46:53.333",
      "normalized_name": "Confused-Gandalf/Confused-Gandalf",
      "meme_name": "Confused-Gandalf",
      "post_id": 18,
      "english_label": "others",
      "response_time_ms": 605
    }
  ],
  "session_start_unix": 1749707142,
  "session_status": "completed",
  "last_updated_unix": 1749707224,
  "image_order": [
    "Spiderman-Hospital/Spiderman-Hospital_31.png",
    "Happy--Shock/Happy--Shock_7.png",
    "Chill-guy/Chill-guy_28.png",
    "I-am-once-again-asking/I-am-once-again-asking_2.png",
    "Math-ladyConfused-lady/Math-ladyConfused-lady_21.png",
    "Archer/Archer_42.png",
    "Leonardo-Dicaprio-Wolf-Of-Wall-Street/Leonardo-Dicaprio-Wolf-Of-Wall-Street_8.png",
    "Mocking-Spongebob/Mocking-Spongebob_3.png",
    "Afraid-To-Ask-Andy/Afraid-To-Ask-Andy_4.png",
    "Charlie-Day/Charlie-Day_26.png",
    "Always-Has-Been/Always-Has-Been_36.png",
    "Picard-Wtf/Picard-Wtf_5.png",
    "Batman-Slapping-Robin/Batman-Slapping-Robin_46.png",
    "For-the-better-right-blank/For-the-better-right-blank_17.png",
    "Drake-NoYes/Drake-NoYes_12.png",
    "Laughing-wolf/Laughing-wolf_10.png",
    "DJ-Pauly-D/DJ-Pauly-D_41.png",
    "Always-you-three/Always-you-three_11.png",
    "Disappointed-Man/Disappointed-Man_35.png",
    "Smudge-the-cat/Smudge-the-cat_19.png",
    "Thats-a-paddlin/Thats-a-paddlin_37.png",
    "Hide-the-Pain-Harold/Hide-the-Pain-Harold_20.png",
    "Hold-fart/Hold-fart_9.png",
    "Im-The-Captain-Now/Im-The-Captain-Now_27.png",
    "attention_check/attention_check_Disgust.png",
    "Obi-Wan-Kenobi/Obi-Wan-Kenobi_6.png",
    "Spongebob-Yelling/Spongebob-Yelling_16.png",
    "Nuclear-Explosion/Nuclear-Explosion_25.png",
    "Dinkleberg/Dinkleberg_38.png",
    "Scooby-doo-mask-reveal/Scooby-doo-mask-reveal_29.png",
    "Disaster-Girl/Disaster-Girl_15.png",
    "Black-guy-hiding-behind-tree/Black-guy-hiding-behind-tree_23.png",
    "You-The-Real-MVP/You-The-Real-MVP_50.png",
    "Moe-throws-Barney/Moe-throws-Barney_24.png",
    "Ill-Have-You-Know-Spongebob/Ill-Have-You-Know-Spongebob_1.png",
    "Futurama-Fry/Futurama-Fry_40.png",
    "Monkey-Puppet/Monkey-Puppet_44.png",
    "Confused-Gandalf/Confused-Gandalf_18.png",
    "Mr-incredible-mad/Mr-incredible-mad_43.png",
    "Dave-chappelle/Dave-chappelle_30.png",
    "Surprised-Pikachu/Surprised-Pikachu_32.png",
    "Table-Flip-Guy/Table-Flip-Guy_45.png",
    "Kevin-Hart/Kevin-Hart_33.png",
    "Well-Yes-But-Actually-No/Well-Yes-But-Actually-No_48.png",
    "Mr-McMahon-reaction/Mr-McMahon-reaction_14.png",
    "Gru-Gun/Gru-Gun_34.png",
    "attention_check/attention_check_Anger.png",
    "Persian-Cat-Room-Guardian/Persian-Cat-Room-Guardian_22.png",
    "Put-It-Somewhere-Else-Patrick/Put-It-Somewhere-Else-Patrick_49.png",
    "Angry-Baby/Angry-Baby_47.png",
    "Arthur-Fist/Arthur-Fist_39.png",
    "Khan/Khan_13.png"
  ],
  "completion_status": {
    "practice_completed": true,
    "game_started": true,
    "game_completed": true,
    "summary_viewed": true,
    "email_submitted": true
  },
  "timestamps_unix": {
    "registration_completed": 1749707142,
    "practice_started": 1749707142,
    "practice_completed": 1749707167,
    "game_started": 1749707167,
    "first_label": 1749707169,
    "last_label": 1749707213,
    "game_completed": 1749707215,
    "summary_viewed": 1749707215,
    "email_submitted": 1749707224,
    "session_end": 1749707224,
    "last_updated": 1749707224
  },
  "timestamps_unix_ms": {
    "registration_completed_ms": 1749707142763,
    "practice_started_ms": 1749707142797,
    "practice_completed_ms": 1749707167932,
    "game_started_ms": 1749707167938,
    "first_label_ms": 1749707169367,
    "last_label_ms": 1749707213333,
    "game_completed_ms": 1749707215255,
    "summary_viewed_ms": 1749707215262,
    "email_submitted_ms": 1749707224816,
    "session_end_ms": 1749707224816,
    "last_updated_ms": 1749707224816
  },
  "duration_stats_ms": {
    "total_session_duration_ms": 82053,
    "practice_duration_ms": 25135,
    "game_duration_ms": 47317,
    "labeling_duration_ms": 43966,
    "email_submission_duration_ms": 9554
  },
  "filename_updated_unix": 1749707215,
  "original_filename": "user_a5e8c6",
  "completion_status_in_filename": "email_submitted"
}