{
  "user_id": "user_0aebf7",
  "file_name": "user_0aebf7_1751820274_1751820647_fullycomplete",
  "unix_start_time": 1751820274,
  "unix_start_time_ms": 1751820274895,
  "unix_end_time": 1751820647,
  "unix_end_time_ms": 1751820647545,
  "age": "25-29",
  "gender": "male",
  "user_agent": "Mozilla/5.0 (Linux; Android 10; K) AppleWebKit/537.36 (KHTML, like Gecko) Chrome/129.0.0.0 Safari/537.36",
  "user_ip": "111.243.177.137",
  "status": "complete",
  "email_provided": "complete",
  "attention_passed": true,
  "start_time_readable": "2025-07-06 16:44:34.895",
  "end_time_readable": "2025-07-06 16:50:47.545",
  "total_labels": 52,
  "emotion_summary": {
    "anger": 17,
    "contempt": 24,
    "disgust": 8,
    "others": 3
  },
  "email": "Linlunulun@gmail.com",
  "participation": "yes",
  "total_responses": 52,
  "responses": [
    {
      "image_path": "You-The-Real-MVP/You-The-Real-MVP_43.png",
      "label": "輕蔑",
      "response_time": "00:00:16.602",
      "timestamp_unix": 1751820352,
      "timestamp_unix_ms": 1751820352329,
      "timestamp_readable": "2025-07-06 16:45:52.329",
      "normalized_name": "You-The-Real-MVP/You-The-Real-MVP",
      "meme_name": "You-The-Real-MVP",
      "post_id": 43,
      "english_label": "contempt",
      "response_time_ms": 16602
    },
    {
      "image_path": "Chill-guy/Chill-guy_16.png",
      "label": "憤怒",
      "response_time": "00:00:05.000",
      "timestamp_unix": 1751820357,
      "timestamp_unix_ms": 1751820357421,
      "timestamp_readable": "2025-07-06 16:45:57.421",
      "normalized_name": "Chill-guy/Chill-guy",
      "meme_name": "Chill-guy",
      "post_id": 16,
      "english_label": "anger",
      "response_time_ms": 5000
    },
    {
      "image_path": "Futurama-Fry/Futurama-Fry_32.png",
      "label": "憤怒",
      "response_time": "00:00:03.001",
      "timestamp_unix": 1751820360,
      "timestamp_unix_ms": 1751820360482,
      "timestamp_readable": "2025-07-06 16:46:00.482",
      "normalized_name": "Futurama-Fry/Futurama-Fry",
      "meme_name": "Futurama-Fry",
      "post_id": 32,
      "english_label": "anger",
      "response_time_ms": 3001
    },
    {
      "image_path": "Ill-Have-You-Know-Spongebob/Ill-Have-You-Know-Spongebob_21.png",
      "label": "厭惡",
      "response_time": "00:00:04.800",
      "timestamp_unix": 1751820365,
      "timestamp_unix_ms": 1751820365366,
      "timestamp_readable": "2025-07-06 16:46:05.366",
      "normalized_name": "Ill-Have-You-Know-Spongebob/Ill-Have-You-Know-Spongebob",
      "meme_name": "Ill-Have-You-Know-Spongebob",
      "post_id": 21,
      "english_label": "disgust",
      "response_time_ms": 4800
    },
    {
      "image_path": "Disaster-Girl/Disaster-Girl_38.png",
      "label": "輕蔑",
      "response_time": "00:00:06.100",
      "timestamp_unix": 1751820371,
      "timestamp_unix_ms": 1751820371532,
      "timestamp_readable": "2025-07-06 16:46:11.532",
      "normalized_name": "Disaster-Girl/Disaster-Girl",
      "meme_name": "Disaster-Girl",
      "post_id": 38,
      "english_label": "contempt",
      "response_time_ms": 6100
    },
    {
      "image_path": "Smudge-the-cat/Smudge-the-cat_33.png",
      "label": "輕蔑",
      "response_time": "00:00:03.400",
      "timestamp_unix": 1751820375,
      "timestamp_unix_ms": 1751820375095,
      "timestamp_readable": "2025-07-06 16:46:15.095",
      "normalized_name": "Smudge-the-cat/Smudge-the-cat",
      "meme_name": "Smudge-the-cat",
      "post_id": 33,
      "english_label": "contempt",
      "response_time_ms": 3400
    },
    {
      "image_path": "Arthur-Fist/Arthur-Fist_45.png",
      "label": "輕蔑",
      "response_time": "00:00:03.800",
      "timestamp_unix": 1751820378,
      "timestamp_unix_ms": 1751820378954,
      "timestamp_readable": "2025-07-06 16:46:18.954",
      "normalized_name": "Arthur-Fist/Arthur-Fist",
      "meme_name": "Arthur-Fist",
      "post_id": 45,
      "english_label": "contempt",
      "response_time_ms": 3800
    },
    {
      "image_path": "Monkey-Puppet/Monkey-Puppet_31.png",
      "label": "輕蔑",
      "response_time": "00:00:04.900",
      "timestamp_unix": 1751820383,
      "timestamp_unix_ms": 1751820383958,
      "timestamp_readable": "2025-07-06 16:46:23.958",
      "normalized_name": "Monkey-Puppet/Monkey-Puppet",
      "meme_name": "Monkey-Puppet",
      "post_id": 31,
      "english_label": "contempt",
      "response_time_ms": 4900
    },
    {
      "image_path": "Picard-Wtf/Picard-Wtf_14.png",
      "label": "厭惡",
      "response_time": "00:00:03.400",
      "timestamp_unix": 1751820387,
      "timestamp_unix_ms": 1751820387479,
      "timestamp_readable": "2025-07-06 16:46:27.479",
      "normalized_name": "Picard-Wtf/Picard-Wtf",
      "meme_name": "Picard-Wtf",
      "post_id": 14,
      "english_label": "disgust",
      "response_time_ms": 3400
    },
    {
      "image_path": "Batman-Slapping-Robin/Batman-Slapping-Robin_12.png",
      "label": "憤怒",
      "response_time": "00:00:01.900",
      "timestamp_unix": 1751820389,
      "timestamp_unix_ms": 1751820389477,
      "timestamp_readable": "2025-07-06 16:46:29.477",
      "normalized_name": "Batman-Slapping-Robin/Batman-Slapping-Robin",
      "meme_name": "Batman-Slapping-Robin",
      "post_id": 12,
      "english_label": "anger",
      "response_time_ms": 1900
    },
    {
      "image_path": "Put-It-Somewhere-Else-Patrick/Put-It-Somewhere-Else-Patrick_25.png",
      "label": "其他",
      "response_time": "00:00:02.800",
      "timestamp_unix": 1751820392,
      "timestamp_unix_ms": 1751820392373,
      "timestamp_readable": "2025-07-06 16:46:32.373",
      "normalized_name": "Put-It-Somewhere-Else-Patrick/Put-It-Somewhere-Else-Patrick",
      "meme_name": "Put-It-Somewhere-Else-Patrick",
      "post_id": 25,
      "english_label": "others",
      "response_time_ms": 2800
    },
    {
      "image_path": "Khan/Khan_37.png",
      "label": "輕蔑",
      "response_time": "00:00:08.000",
      "timestamp_unix": 1751820400,
      "timestamp_unix_ms": 1751820400458,
      "timestamp_readable": "2025-07-06 16:46:40.458",
      "normalized_name": "Khan/Khan",
      "meme_name": "Khan",
      "post_id": 37,
      "english_label": "contempt",
      "response_time_ms": 8000
    },
    {
      "image_path": "Drake-NoYes/Drake-NoYes_29.png",
      "label": "憤怒",
      "response_time": "00:00:08.201",
      "timestamp_unix": 1751820408,
      "timestamp_unix_ms": 1751820408758,
      "timestamp_readable": "2025-07-06 16:46:48.758",
      "normalized_name": "Drake-NoYes/Drake-NoYes",
      "meme_name": "Drake-NoYes",
      "post_id": 29,
      "english_label": "anger",
      "response_time_ms": 8201
    },
    {
      "image_path": "Black-guy-hiding-behind-tree/Black-guy-hiding-behind-tree_36.png",
      "label": "輕蔑",
      "response_time": "00:00:02.600",
      "timestamp_unix": 1751820411,
      "timestamp_unix_ms": 1751820411433,
      "timestamp_readable": "2025-07-06 16:46:51.433",
      "normalized_name": "Black-guy-hiding-behind-tree/Black-guy-hiding-behind-tree",
      "meme_name": "Black-guy-hiding-behind-tree",
      "post_id": 36,
      "english_label": "contempt",
      "response_time_ms": 2600
    },
    {
      "image_path": "Afraid-To-Ask-Andy/Afraid-To-Ask-Andy_7.png",
      "label": "輕蔑",
      "response_time": "00:00:02.101",
      "timestamp_unix": 1751820413,
      "timestamp_unix_ms": 1751820413632,
      "timestamp_readable": "2025-07-06 16:46:53.632",
      "normalized_name": "Afraid-To-Ask-Andy/Afraid-To-Ask-Andy",
      "meme_name": "Afraid-To-Ask-Andy",
      "post_id": 7,
      "english_label": "contempt",
      "response_time_ms": 2101
    },
    {
      "image_path": "Dinkleberg/Dinkleberg_35.png",
      "label": "憤怒",
      "response_time": "00:00:02.300",
      "timestamp_unix": 1751820416,
      "timestamp_unix_ms": 1751820416027,
      "timestamp_readable": "2025-07-06 16:46:56.027",
      "normalized_name": "Dinkleberg/Dinkleberg",
      "meme_name": "Dinkleberg",
      "post_id": 35,
      "english_label": "anger",
      "response_time_ms": 2300
    },
    {
      "image_path": "Gru-Gun/Gru-Gun_6.png",
      "label": "憤怒",
      "response_time": "00:00:02.301",
      "timestamp_unix": 1751820418,
      "timestamp_unix_ms": 1751820418486,
      "timestamp_readable": "2025-07-06 16:46:58.486",
      "normalized_name": "Gru-Gun/Gru-Gun",
      "meme_name": "Gru-Gun",
      "post_id": 6,
      "english_label": "anger",
      "response_time_ms": 2301
    },
    {
      "image_path": "Table-Flip-Guy/Table-Flip-Guy_22.png",
      "label": "輕蔑",
      "response_time": "00:00:02.001",
      "timestamp_unix": 1751820420,
      "timestamp_unix_ms": 1751820420616,
      "timestamp_readable": "2025-07-06 16:47:00.616",
      "normalized_name": "Table-Flip-Guy/Table-Flip-Guy",
      "meme_name": "Table-Flip-Guy",
      "post_id": 22,
      "english_label": "contempt",
      "response_time_ms": 2001
    },
    {
      "image_path": "Persian-Cat-Room-Guardian/Persian-Cat-Room-Guardian_26.png",
      "label": "厭惡",
      "response_time": "00:00:01.700",
      "timestamp_unix": 1751820422,
      "timestamp_unix_ms": 1751820422406,
      "timestamp_readable": "2025-07-06 16:47:02.406",
      "normalized_name": "Persian-Cat-Room-Guardian/Persian-Cat-Room-Guardian",
      "meme_name": "Persian-Cat-Room-Guardian",
      "post_id": 26,
      "english_label": "disgust",
      "response_time_ms": 1700
    },
    {
      "image_path": "Angry-Baby/Angry-Baby_9.png",
      "label": "厭惡",
      "response_time": "00:00:03.000",
      "timestamp_unix": 1751820425,
      "timestamp_unix_ms": 1751820425515,
      "timestamp_readable": "2025-07-06 16:47:05.515",
      "normalized_name": "Angry-Baby/Angry-Baby",
      "meme_name": "Angry-Baby",
      "post_id": 9,
      "english_label": "disgust",
      "response_time_ms": 3000
    },
    {
      "image_path": "Kevin-Hart/Kevin-Hart_39.png",
      "label": "輕蔑",
      "response_time": "00:00:01.801",
      "timestamp_unix": 1751820427,
      "timestamp_unix_ms": 1751820427459,
      "timestamp_readable": "2025-07-06 16:47:07.459",
      "normalized_name": "Kevin-Hart/Kevin-Hart",
      "meme_name": "Kevin-Hart",
      "post_id": 39,
      "english_label": "contempt",
      "response_time_ms": 1801
    },
    {
      "image_path": "Mr-McMahon-reaction/Mr-McMahon-reaction_42.png",
      "label": "輕蔑",
      "response_time": "00:00:00.900",
      "timestamp_unix": 1751820428,
      "timestamp_unix_ms": 1751820428505,
      "timestamp_readable": "2025-07-06 16:47:08.505",
      "normalized_name": "Mr-McMahon-reaction/Mr-McMahon-reaction",
      "meme_name": "Mr-McMahon-reaction",
      "post_id": 42,
      "english_label": "contempt",
      "response_time_ms": 900
    },
    {
      "image_path": "attention_check/attention_check_Anger.png",
      "label": "憤怒",
      "response_time": "00:00:02.701",
      "timestamp_unix": 1751820431,
      "timestamp_unix_ms": 1751820431336,
      "timestamp_readable": "2025-07-06 16:47:11.336",
      "normalized_name": "attention_check/attention_check_Anger.png",
      "meme_name": "attention_check",
      "post_id": null,
      "english_label": "anger",
      "response_time_ms": 2701
    },
    {
      "image_path": "Spiderman-Hospital/Spiderman-Hospital_24.png",
      "label": "輕蔑",
      "response_time": "00:00:01.900",
      "timestamp_unix": 1751820433,
      "timestamp_unix_ms": 1751820433300,
      "timestamp_readable": "2025-07-06 16:47:13.300",
      "normalized_name": "Spiderman-Hospital/Spiderman-Hospital",
      "meme_name": "Spiderman-Hospital",
      "post_id": 24,
      "english_label": "contempt",
      "response_time_ms": 1900
    },
    {
      "image_path": "Hide-the-Pain-Harold/Hide-the-Pain-Harold_20.png",
      "label": "厭惡",
      "response_time": "00:00:04.301",
      "timestamp_unix": 1751820437,
      "timestamp_unix_ms": 1751820437735,
      "timestamp_readable": "2025-07-06 16:47:17.735",
      "normalized_name": "Hide-the-Pain-Harold/Hide-the-Pain-Harold",
      "meme_name": "Hide-the-Pain-Harold",
      "post_id": 20,
      "english_label": "disgust",
      "response_time_ms": 4301
    },
    {
      "image_path": "Well-Yes-But-Actually-No/Well-Yes-But-Actually-No_4.png",
      "label": "輕蔑",
      "response_time": "00:00:06.201",
      "timestamp_unix": 1751820444,
      "timestamp_unix_ms": 1751820444064,
      "timestamp_readable": "2025-07-06 16:47:24.064",
      "normalized_name": "Well-Yes-But-Actually-No/Well-Yes-But-Actually-No",
      "meme_name": "Well-Yes-But-Actually-No",
      "post_id": 4,
      "english_label": "contempt",
      "response_time_ms": 6201
    },
    {
      "image_path": "Always-Has-Been/Always-Has-Been_46.png",
      "label": "憤怒",
      "response_time": "00:00:05.000",
      "timestamp_unix": 1751820449,
      "timestamp_unix_ms": 1751820449242,
      "timestamp_readable": "2025-07-06 16:47:29.242",
      "normalized_name": "Always-Has-Been/Always-Has-Been",
      "meme_name": "Always-Has-Been",
      "post_id": 46,
      "english_label": "anger",
      "response_time_ms": 5000
    },
    {
      "image_path": "DJ-Pauly-D/DJ-Pauly-D_47.png",
      "label": "輕蔑",
      "response_time": "00:00:03.200",
      "timestamp_unix": 1751820452,
      "timestamp_unix_ms": 1751820452619,
      "timestamp_readable": "2025-07-06 16:47:32.619",
      "normalized_name": "DJ-Pauly-D/DJ-Pauly-D",
      "meme_name": "DJ-Pauly-D",
      "post_id": 47,
      "english_label": "contempt",
      "response_time_ms": 3200
    },
    {
      "image_path": "Happy--Shock/Happy--Shock_10.png",
      "label": "憤怒",
      "response_time": "00:00:03.601",
      "timestamp_unix": 1751820456,
      "timestamp_unix_ms": 1751820456336,
      "timestamp_readable": "2025-07-06 16:47:36.336",
      "normalized_name": "Happy--Shock/Happy--Shock",
      "meme_name": "Happy--Shock",
      "post_id": 10,
      "english_label": "anger",
      "response_time_ms": 3601
    },
    {
      "image_path": "For-the-better-right-blank/For-the-better-right-blank_28.png",
      "label": "憤怒",
      "response_time": "00:00:17.700",
      "timestamp_unix": 1751820474,
      "timestamp_unix_ms": 1751820474227,
      "timestamp_readable": "2025-07-06 16:47:54.227",
      "normalized_name": "For-the-better-right-blank/For-the-better-right-blank",
      "meme_name": "For-the-better-right-blank",
      "post_id": 28,
      "english_label": "anger",
      "response_time_ms": 17700
    },
    {
      "image_path": "Always-you-three/Always-you-three_17.png",
      "label": "厭惡",
      "response_time": "00:00:03.801",
      "timestamp_unix": 1751820478,
      "timestamp_unix_ms": 1751820478215,
      "timestamp_readable": "2025-07-06 16:47:58.215",
      "normalized_name": "Always-you-three/Always-you-three",
      "meme_name": "Always-you-three",
      "post_id": 17,
      "english_label": "disgust",
      "response_time_ms": 3801
    },
    {
      "image_path": "Mocking-Spongebob/Mocking-Spongebob_34.png",
      "label": "輕蔑",
      "response_time": "00:00:02.601",
      "timestamp_unix": 1751820480,
      "timestamp_unix_ms": 1751820480870,
      "timestamp_readable": "2025-07-06 16:48:00.870",
      "normalized_name": "Mocking-Spongebob/Mocking-Spongebob",
      "meme_name": "Mocking-Spongebob",
      "post_id": 34,
      "english_label": "contempt",
      "response_time_ms": 2601
    },
    {
      "image_path": "Leonardo-Dicaprio-Wolf-Of-Wall-Street/Leonardo-Dicaprio-Wolf-Of-Wall-Street_50.png",
      "label": "輕蔑",
      "response_time": "00:00:03.201",
      "timestamp_unix": 1751820484,
      "timestamp_unix_ms": 1751820484112,
      "timestamp_readable": "2025-07-06 16:48:04.112",
      "normalized_name": "Leonardo-Dicaprio-Wolf-Of-Wall-Street/Leonardo-Dicaprio-Wolf-Of-Wall-Street",
      "meme_name": "Leonardo-Dicaprio-Wolf-Of-Wall-Street",
      "post_id": 50,
      "english_label": "contempt",
      "response_time_ms": 3201
    },
    {
      "image_path": "Im-The-Captain-Now/Im-The-Captain-Now_19.png",
      "label": "輕蔑",
      "response_time": "00:00:03.500",
      "timestamp_unix": 1751820487,
      "timestamp_unix_ms": 1751820487703,
      "timestamp_readable": "2025-07-06 16:48:07.703",
      "normalized_name": "Im-The-Captain-Now/Im-The-Captain-Now",
      "meme_name": "Im-The-Captain-Now",
      "post_id": 19,
      "english_label": "contempt",
      "response_time_ms": 3500
    },
    {
      "image_path": "Nuclear-Explosion/Nuclear-Explosion_44.png",
      "label": "憤怒",
      "response_time": "00:00:02.000",
      "timestamp_unix": 1751820489,
      "timestamp_unix_ms": 1751820489866,
      "timestamp_readable": "2025-07-06 16:48:09.866",
      "normalized_name": "Nuclear-Explosion/Nuclear-Explosion",
      "meme_name": "Nuclear-Explosion",
      "post_id": 44,
      "english_label": "anger",
      "response_time_ms": 2000
    },
    {
      "image_path": "Dave-chappelle/Dave-chappelle_8.png",
      "label": "輕蔑",
      "response_time": "00:00:01.800",
      "timestamp_unix": 1751820491,
      "timestamp_unix_ms": 1751820491792,
      "timestamp_readable": "2025-07-06 16:48:11.792",
      "normalized_name": "Dave-chappelle/Dave-chappelle",
      "meme_name": "Dave-chappelle",
      "post_id": 8,
      "english_label": "contempt",
      "response_time_ms": 1800
    },
    {
      "image_path": "Mr-incredible-mad/Mr-incredible-mad_1.png",
      "label": "厭惡",
      "response_time": "00:00:01.900",
      "timestamp_unix": 1751820493,
      "timestamp_unix_ms": 1751820493833,
      "timestamp_readable": "2025-07-06 16:48:13.833",
      "normalized_name": "Mr-incredible-mad/Mr-incredible-mad",
      "meme_name": "Mr-incredible-mad",
      "post_id": 1,
      "english_label": "disgust",
      "response_time_ms": 1900
    },
    {
      "image_path": "Obi-Wan-Kenobi/Obi-Wan-Kenobi_23.png",
      "label": "憤怒",
      "response_time": "00:00:01.500",
      "timestamp_unix": 1751820495,
      "timestamp_unix_ms": 1751820495437,
      "timestamp_readable": "2025-07-06 16:48:15.437",
      "normalized_name": "Obi-Wan-Kenobi/Obi-Wan-Kenobi",
      "meme_name": "Obi-Wan-Kenobi",
      "post_id": 23,
      "english_label": "anger",
      "response_time_ms": 1500
    },
    {
      "image_path": "Hold-fart/Hold-fart_27.png",
      "label": "輕蔑",
      "response_time": "00:00:03.201",
      "timestamp_unix": 1751820498,
      "timestamp_unix_ms": 1751820498784,
      "timestamp_readable": "2025-07-06 16:48:18.784",
      "normalized_name": "Hold-fart/Hold-fart",
      "meme_name": "Hold-fart",
      "post_id": 27,
      "english_label": "contempt",
      "response_time_ms": 3201
    },
    {
      "image_path": "Charlie-Day/Charlie-Day_11.png",
      "label": "憤怒",
      "response_time": "00:00:01.801",
      "timestamp_unix": 1751820500,
      "timestamp_unix_ms": 1751820500751,
      "timestamp_readable": "2025-07-06 16:48:20.751",
      "normalized_name": "Charlie-Day/Charlie-Day",
      "meme_name": "Charlie-Day",
      "post_id": 11,
      "english_label": "anger",
      "response_time_ms": 1801
    },
    {
      "image_path": "Surprised-Pikachu/Surprised-Pikachu_2.png",
      "label": "輕蔑",
      "response_time": "00:00:02.300",
      "timestamp_unix": 1751820503,
      "timestamp_unix_ms": 1751820503262,
      "timestamp_readable": "2025-07-06 16:48:23.262",
      "normalized_name": "Surprised-Pikachu/Surprised-Pikachu",
      "meme_name": "Surprised-Pikachu",
      "post_id": 2,
      "english_label": "contempt",
      "response_time_ms": 2300
    },
    {
      "image_path": "Math-ladyConfused-lady/Math-ladyConfused-lady_15.png",
      "label": "憤怒",
      "response_time": "00:00:01.800",
      "timestamp_unix": 1751820505,
      "timestamp_unix_ms": 1751820505149,
      "timestamp_readable": "2025-07-06 16:48:25.149",
      "normalized_name": "Math-ladyConfused-lady/Math-ladyConfused-lady",
      "meme_name": "Math-ladyConfused-lady",
      "post_id": 15,
      "english_label": "anger",
      "response_time_ms": 1800
    },
    {
      "image_path": "Confused-Gandalf/Confused-Gandalf_40.png",
      "label": "輕蔑",
      "response_time": "00:00:02.100",
      "timestamp_unix": 1751820507,
      "timestamp_unix_ms": 1751820507314,
      "timestamp_readable": "2025-07-06 16:48:27.314",
      "normalized_name": "Confused-Gandalf/Confused-Gandalf",
      "meme_name": "Confused-Gandalf",
      "post_id": 40,
      "english_label": "contempt",
      "response_time_ms": 2100
    },
    {
      "image_path": "Scooby-doo-mask-reveal/Scooby-doo-mask-reveal_49.png",
      "label": "其他",
      "response_time": "00:00:02.601",
      "timestamp_unix": 1751820510,
      "timestamp_unix_ms": 1751820510051,
      "timestamp_readable": "2025-07-06 16:48:30.051",
      "normalized_name": "Scooby-doo-mask-reveal/Scooby-doo-mask-reveal",
      "meme_name": "Scooby-doo-mask-reveal",
      "post_id": 49,
      "english_label": "others",
      "response_time_ms": 2601
    },
    {
      "image_path": "Spongebob-Yelling/Spongebob-Yelling_3.png",
      "label": "輕蔑",
      "response_time": "00:00:06.701",
      "timestamp_unix": 1751820516,
      "timestamp_unix_ms": 1751820516822,
      "timestamp_readable": "2025-07-06 16:48:36.822",
      "normalized_name": "Spongebob-Yelling/Spongebob-Yelling",
      "meme_name": "Spongebob-Yelling",
      "post_id": 3,
      "english_label": "contempt",
      "response_time_ms": 6701
    },
    {
      "image_path": "I-am-once-again-asking/I-am-once-again-asking_30.png",
      "label": "憤怒",
      "response_time": "00:00:03.100",
      "timestamp_unix": 1751820520,
      "timestamp_unix_ms": 1751820520057,
      "timestamp_readable": "2025-07-06 16:48:40.057",
      "normalized_name": "I-am-once-again-asking/I-am-once-again-asking",
      "meme_name": "I-am-once-again-asking",
      "post_id": 30,
      "english_label": "anger",
      "response_time_ms": 3100
    },
    {
      "image_path": "Moe-throws-Barney/Moe-throws-Barney_13.png",
      "label": "輕蔑",
      "response_time": "00:00:02.400",
      "timestamp_unix": 1751820522,
      "timestamp_unix_ms": 1751820522525,
      "timestamp_readable": "2025-07-06 16:48:42.525",
      "normalized_name": "Moe-throws-Barney/Moe-throws-Barney",
      "meme_name": "Moe-throws-Barney",
      "post_id": 13,
      "english_label": "contempt",
      "response_time_ms": 2400
    },
    {
      "image_path": "Laughing-wolf/Laughing-wolf_5.png",
      "label": "憤怒",
      "response_time": "00:00:03.000",
      "timestamp_unix": 1751820525,
      "timestamp_unix_ms": 1751820525680,
      "timestamp_readable": "2025-07-06 16:48:45.680",
      "normalized_name": "Laughing-wolf/Laughing-wolf",
      "meme_name": "Laughing-wolf",
      "post_id": 5,
      "english_label": "anger",
      "response_time_ms": 3000
    },
    {
      "image_path": "attention_check/attention_check_Disgust.png",
      "label": "厭惡",
      "response_time": "00:00:16.401",
      "timestamp_unix": 1751820542,
      "timestamp_unix_ms": 1751820542213,
      "timestamp_readable": "2025-07-06 16:49:02.213",
      "normalized_name": "attention_check/attention_check_Disgust.png",
      "meme_name": "attention_check",
      "post_id": null,
      "english_label": "disgust",
      "response_time_ms": 16401
    },
    {
      "image_path": "Disappointed-Man/Disappointed-Man_41.png",
      "label": "輕蔑",
      "response_time": "00:00:08.400",
      "timestamp_unix": 1751820550,
      "timestamp_unix_ms": 1751820550766,
      "timestamp_readable": "2025-07-06 16:49:10.766",
      "normalized_name": "Disappointed-Man/Disappointed-Man",
      "meme_name": "Disappointed-Man",
      "post_id": 41,
      "english_label": "contempt",
      "response_time_ms": 8400
    },
    {
      "image_path": "Archer/Archer_18.png",
      "label": "其他",
      "response_time": "00:00:03.201",
      "timestamp_unix": 1751820554,
      "timestamp_unix_ms": 1751820554116,
      "timestamp_readable": "2025-07-06 16:49:14.116",
      "normalized_name": "Archer/Archer",
      "meme_name": "Archer",
      "post_id": 18,
      "english_label": "others",
      "response_time_ms": 3201
    },
    {
      "image_path": "Thats-a-paddlin/Thats-a-paddlin_48.png",
      "label": "憤怒",
      "response_time": "00:00:03.200",
      "timestamp_unix": 1751820557,
      "timestamp_unix_ms": 1751820557471,
      "timestamp_readable": "2025-07-06 16:49:17.471",
      "normalized_name": "Thats-a-paddlin/Thats-a-paddlin",
      "meme_name": "Thats-a-paddlin",
      "post_id": 48,
      "english_label": "anger",
      "response_time_ms": 3200
    }
  ],
  "session_start_unix": 1751820274,
  "session_status": "completed",
  "last_updated_unix": 1751820647,
  "image_order": [
    "Spiderman-Hospital/Spiderman-Hospital_24.png",
    "Happy--Shock/Happy--Shock_10.png",
    "Chill-guy/Chill-guy_16.png",
    "I-am-once-again-asking/I-am-once-again-asking_30.png",
    "Math-ladyConfused-lady/Math-ladyConfused-lady_15.png",
    "Archer/Archer_18.png",
    "Leonardo-Dicaprio-Wolf-Of-Wall-Street/Leonardo-Dicaprio-Wolf-Of-Wall-Street_50.png",
    "Mocking-Spongebob/Mocking-Spongebob_34.png",
    "Afraid-To-Ask-Andy/Afraid-To-Ask-Andy_7.png",
    "Charlie-Day/Charlie-Day_11.png",
    "Always-Has-Been/Always-Has-Been_46.png",
    "Picard-Wtf/Picard-Wtf_14.png",
    "Batman-Slapping-Robin/Batman-Slapping-Robin_12.png",
    "For-the-better-right-blank/For-the-better-right-blank_28.png",
    "Drake-NoYes/Drake-NoYes_29.png",
    "Laughing-wolf/Laughing-wolf_5.png",
    "DJ-Pauly-D/DJ-Pauly-D_47.png",
    "Always-you-three/Always-you-three_17.png",
    "Disappointed-Man/Disappointed-Man_41.png",
    "Smudge-the-cat/Smudge-the-cat_33.png",
    "Thats-a-paddlin/Thats-a-paddlin_48.png",
    "Hide-the-Pain-Harold/Hide-the-Pain-Harold_20.png",
    "attention_check/attention_check_Anger.png",
    "Hold-fart/Hold-fart_27.png",
    "Im-The-Captain-Now/Im-The-Captain-Now_19.png",
    "Obi-Wan-Kenobi/Obi-Wan-Kenobi_23.png",
    "Spongebob-Yelling/Spongebob-Yelling_3.png",
    "Nuclear-Explosion/Nuclear-Explosion_44.png",
    "Dinkleberg/Dinkleberg_35.png",
    "Scooby-doo-mask-reveal/Scooby-doo-mask-reveal_49.png",
    "Disaster-Girl/Disaster-Girl_38.png",
    "Black-guy-hiding-behind-tree/Black-guy-hiding-behind-tree_36.png",
    "You-The-Real-MVP/You-The-Real-MVP_43.png",
    "Moe-throws-Barney/Moe-throws-Barney_13.png",
    "Ill-Have-You-Know-Spongebob/Ill-Have-You-Know-Spongebob_21.png",
    "Futurama-Fry/Futurama-Fry_32.png",
    "Monkey-Puppet/Monkey-Puppet_31.png",
    "Confused-Gandalf/Confused-Gandalf_40.png",
    "Mr-incredible-mad/Mr-incredible-mad_1.png",
    "Dave-chappelle/Dave-chappelle_8.png",
    "Surprised-Pikachu/Surprised-Pikachu_2.png",
    "Table-Flip-Guy/Table-Flip-Guy_22.png",
    "Kevin-Hart/Kevin-Hart_39.png",
    "Well-Yes-But-Actually-No/Well-Yes-But-Actually-No_4.png",
    "Mr-McMahon-reaction/Mr-McMahon-reaction_42.png",
    "Gru-Gun/Gru-Gun_6.png",
    "Persian-Cat-Room-Guardian/Persian-Cat-Room-Guardian_26.png",
    "Put-It-Somewhere-Else-Patrick/Put-It-Somewhere-Else-Patrick_25.png",
    "attention_check/attention_check_Disgust.png",
    "Angry-Baby/Angry-Baby_9.png",
    "Arthur-Fist/Arthur-Fist_45.png",
    "Khan/Khan_37.png"
  ],
  "completion_status": {
    "practice_completed": true,
    "game_started": true,
    "game_completed": true,
    "summary_viewed": true,
    "email_submitted": true
  },
  "timestamps_unix": {
    "registration_completed": 1751820274,
    "practice_started": 1751820275,
    "practice_completed": 1751820334,
    "game_started": 1751820334,
    "first_label": 1751820352,
    "last_label": 1751820557,
    "game_completed": 1751820561,
    "summary_viewed": 1751820561,
    "email_submitted": 1751820647,
    "session_end": 1751820647,
    "last_updated": 1751820647
  },
  "timestamps_unix_ms": {
    "registration_completed_ms": 1751820274895,
    "practice_started_ms": 1751820275029,
    "practice_completed_ms": 1751820334085,
    "game_started_ms": 1751820334099,
    "first_label_ms": 1751820352329,
    "last_label_ms": 1751820557471,
    "game_completed_ms": 1751820561225,
    "summary_viewed_ms": 1751820561256,
    "email_submitted_ms": 1751820647536,
    "session_end_ms": 1751820647536,
    "last_updated_ms": 1751820647536
  },
  "duration_stats_ms": {
    "total_session_duration_ms": 372641,
    "practice_duration_ms": 59056,
    "game_duration_ms": 227126,
    "labeling_duration_ms": 205142,
    "email_submission_duration_ms": 86280
  },
  "filename_updated_unix": 1751820561,
  "original_filename": "user_0aebf7",
  "completion_status_in_filename": "email_submitted"
}