{
  "user_id": "user_5ebc0d",
  "file_name": "user_5ebc0d_1749998623_1749998958_fullycomplete",
  "unix_start_time": 1749998623,
  "unix_start_time_ms": 1749998623330,
  "unix_end_time": 1749998958,
  "unix_end_time_ms": 1749998958791,
  "age": "18-24",
  "gender": "male",
  "user_agent": "Mozilla/5.0 (Macintosh; Intel Mac OS X 10_15_7) AppleWebKit/537.36 (KHTML, like Gecko) Chrome/135.0.0.0 Safari/537.36",
  "user_ip": "59.125.78.141",
  "status": "complete",
  "email_provided": "complete",
  "attention_passed": true,
  "start_time_readable": "2025-06-15 14:43:43.330",
  "end_time_readable": "2025-06-15 14:49:18.791",
  "total_labels": 52,
  "emotion_summary": {
    "anger": 10,
    "contempt": 18,
    "disgust": 3,
    "others": 21
  },
  "email": "lien.chanwei@gmail.com",
  "participation": "no",
  "total_responses": 52,
  "responses": [
    {
      "image_path": "Drake-NoYes/Drake-NoYes_12.png",
      "label": "其他",
      "response_time": "00:00:11.501",
      "timestamp_unix": 1749998682,
      "timestamp_unix_ms": 1749998682804,
      "timestamp_readable": "2025-06-15 14:44:42.804",
      "normalized_name": "Drake-NoYes/Drake-NoYes",
      "meme_name": "Drake-NoYes",
      "post_id": 12,
      "english_label": "others",
      "response_time_ms": 11501
    },
    {
      "image_path": "Math-ladyConfused-lady/Math-ladyConfused-lady_13.png",
      "label": "其他",
      "response_time": "00:00:07.501",
      "timestamp_unix": 1749998690,
      "timestamp_unix_ms": 1749998690424,
      "timestamp_readable": "2025-06-15 14:44:50.424",
      "normalized_name": "Math-ladyConfused-lady/Math-ladyConfused-lady",
      "meme_name": "Math-ladyConfused-lady",
      "post_id": 13,
      "english_label": "others",
      "response_time_ms": 7501
    },
    {
      "image_path": "Afraid-To-Ask-Andy/Afraid-To-Ask-Andy_1.png",
      "label": "其他",
      "response_time": "00:00:08.302",
      "timestamp_unix": 1749998698,
      "timestamp_unix_ms": 1749998698839,
      "timestamp_readable": "2025-06-15 14:44:58.839",
      "normalized_name": "Afraid-To-Ask-Andy/Afraid-To-Ask-Andy",
      "meme_name": "Afraid-To-Ask-Andy",
      "post_id": 1,
      "english_label": "others",
      "response_time_ms": 8302
    },
    {
      "image_path": "Always-Has-Been/Always-Has-Been_8.png",
      "label": "其他",
      "response_time": "00:00:07.703",
      "timestamp_unix": 1749998706,
      "timestamp_unix_ms": 1749998706590,
      "timestamp_readable": "2025-06-15 14:45:06.590",
      "normalized_name": "Always-Has-Been/Always-Has-Been",
      "meme_name": "Always-Has-Been",
      "post_id": 8,
      "english_label": "others",
      "response_time_ms": 7703
    },
    {
      "image_path": "Gru-Gun/Gru-Gun_44.png",
      "label": "憤怒",
      "response_time": "00:00:11.802",
      "timestamp_unix": 1749998718,
      "timestamp_unix_ms": 1749998718428,
      "timestamp_readable": "2025-06-15 14:45:18.428",
      "normalized_name": "Gru-Gun/Gru-Gun",
      "meme_name": "Gru-Gun",
      "post_id": 44,
      "english_label": "anger",
      "response_time_ms": 11802
    },
    {
      "image_path": "Spongebob-Yelling/Spongebob-Yelling_48.png",
      "label": "憤怒",
      "response_time": "00:00:05.502",
      "timestamp_unix": 1749998724,
      "timestamp_unix_ms": 1749998724011,
      "timestamp_readable": "2025-06-15 14:45:24.011",
      "normalized_name": "Spongebob-Yelling/Spongebob-Yelling",
      "meme_name": "Spongebob-Yelling",
      "post_id": 48,
      "english_label": "anger",
      "response_time_ms": 5502
    },
    {
      "image_path": "Ill-Have-You-Know-Spongebob/Ill-Have-You-Know-Spongebob_35.png",
      "label": "輕蔑",
      "response_time": "00:00:02.702",
      "timestamp_unix": 1749998726,
      "timestamp_unix_ms": 1749998726811,
      "timestamp_readable": "2025-06-15 14:45:26.811",
      "normalized_name": "Ill-Have-You-Know-Spongebob/Ill-Have-You-Know-Spongebob",
      "meme_name": "Ill-Have-You-Know-Spongebob",
      "post_id": 35,
      "english_label": "contempt",
      "response_time_ms": 2702
    },
    {
      "image_path": "Hide-the-Pain-Harold/Hide-the-Pain-Harold_23.png",
      "label": "其他",
      "response_time": "00:00:06.501",
      "timestamp_unix": 1749998733,
      "timestamp_unix_ms": 1749998733446,
      "timestamp_readable": "2025-06-15 14:45:33.446",
      "normalized_name": "Hide-the-Pain-Harold/Hide-the-Pain-Harold",
      "meme_name": "Hide-the-Pain-Harold",
      "post_id": 23,
      "english_label": "others",
      "response_time_ms": 6501
    },
    {
      "image_path": "Kevin-Hart/Kevin-Hart_26.png",
      "label": "輕蔑",
      "response_time": "00:00:02.602",
      "timestamp_unix": 1749998736,
      "timestamp_unix_ms": 1749998736093,
      "timestamp_readable": "2025-06-15 14:45:36.093",
      "normalized_name": "Kevin-Hart/Kevin-Hart",
      "meme_name": "Kevin-Hart",
      "post_id": 26,
      "english_label": "contempt",
      "response_time_ms": 2602
    },
    {
      "image_path": "Put-It-Somewhere-Else-Patrick/Put-It-Somewhere-Else-Patrick_34.png",
      "label": "其他",
      "response_time": "00:00:09.602",
      "timestamp_unix": 1749998745,
      "timestamp_unix_ms": 1749998745827,
      "timestamp_readable": "2025-06-15 14:45:45.827",
      "normalized_name": "Put-It-Somewhere-Else-Patrick/Put-It-Somewhere-Else-Patrick",
      "meme_name": "Put-It-Somewhere-Else-Patrick",
      "post_id": 34,
      "english_label": "others",
      "response_time_ms": 9602
    },
    {
      "image_path": "Disaster-Girl/Disaster-Girl_4.png",
      "label": "輕蔑",
      "response_time": "00:00:07.802",
      "timestamp_unix": 1749998753,
      "timestamp_unix_ms": 1749998753713,
      "timestamp_readable": "2025-06-15 14:45:53.713",
      "normalized_name": "Disaster-Girl/Disaster-Girl",
      "meme_name": "Disaster-Girl",
      "post_id": 4,
      "english_label": "contempt",
      "response_time_ms": 7802
    },
    {
      "image_path": "For-the-better-right-blank/For-the-better-right-blank_20.png",
      "label": "其他",
      "response_time": "00:00:05.902",
      "timestamp_unix": 1749998759,
      "timestamp_unix_ms": 1749998759730,
      "timestamp_readable": "2025-06-15 14:45:59.730",
      "normalized_name": "For-the-better-right-blank/For-the-better-right-blank",
      "meme_name": "For-the-better-right-blank",
      "post_id": 20,
      "english_label": "others",
      "response_time_ms": 5902
    },
    {
      "image_path": "Batman-Slapping-Robin/Batman-Slapping-Robin_47.png",
      "label": "憤怒",
      "response_time": "00:00:02.901",
      "timestamp_unix": 1749998762,
      "timestamp_unix_ms": 1749998762732,
      "timestamp_readable": "2025-06-15 14:46:02.732",
      "normalized_name": "Batman-Slapping-Robin/Batman-Slapping-Robin",
      "meme_name": "Batman-Slapping-Robin",
      "post_id": 47,
      "english_label": "anger",
      "response_time_ms": 2901
    },
    {
      "image_path": "Khan/Khan_28.png",
      "label": "憤怒",
      "response_time": "00:00:04.201",
      "timestamp_unix": 1749998767,
      "timestamp_unix_ms": 1749998767064,
      "timestamp_readable": "2025-06-15 14:46:07.064",
      "normalized_name": "Khan/Khan",
      "meme_name": "Khan",
      "post_id": 28,
      "english_label": "anger",
      "response_time_ms": 4201
    },
    {
      "image_path": "Moe-throws-Barney/Moe-throws-Barney_29.png",
      "label": "輕蔑",
      "response_time": "00:00:05.802",
      "timestamp_unix": 1749998772,
      "timestamp_unix_ms": 1749998772932,
      "timestamp_readable": "2025-06-15 14:46:12.932",
      "normalized_name": "Moe-throws-Barney/Moe-throws-Barney",
      "meme_name": "Moe-throws-Barney",
      "post_id": 29,
      "english_label": "contempt",
      "response_time_ms": 5802
    },
    {
      "image_path": "Happy--Shock/Happy--Shock_37.png",
      "label": "輕蔑",
      "response_time": "00:00:02.800",
      "timestamp_unix": 1749998775,
      "timestamp_unix_ms": 1749998775864,
      "timestamp_readable": "2025-06-15 14:46:15.864",
      "normalized_name": "Happy--Shock/Happy--Shock",
      "meme_name": "Happy--Shock",
      "post_id": 37,
      "english_label": "contempt",
      "response_time_ms": 2800
    },
    {
      "image_path": "Disappointed-Man/Disappointed-Man_43.png",
      "label": "輕蔑",
      "response_time": "00:00:05.501",
      "timestamp_unix": 1749998781,
      "timestamp_unix_ms": 1749998781483,
      "timestamp_readable": "2025-06-15 14:46:21.483",
      "normalized_name": "Disappointed-Man/Disappointed-Man",
      "meme_name": "Disappointed-Man",
      "post_id": 43,
      "english_label": "contempt",
      "response_time_ms": 5501
    },
    {
      "image_path": "Mr-McMahon-reaction/Mr-McMahon-reaction_50.png",
      "label": "其他",
      "response_time": "00:00:04.002",
      "timestamp_unix": 1749998785,
      "timestamp_unix_ms": 1749998785551,
      "timestamp_readable": "2025-06-15 14:46:25.551",
      "normalized_name": "Mr-McMahon-reaction/Mr-McMahon-reaction",
      "meme_name": "Mr-McMahon-reaction",
      "post_id": 50,
      "english_label": "others",
      "response_time_ms": 4002
    },
    {
      "image_path": "Nuclear-Explosion/Nuclear-Explosion_17.png",
      "label": "憤怒",
      "response_time": "00:00:03.002",
      "timestamp_unix": 1749998788,
      "timestamp_unix_ms": 1749998788651,
      "timestamp_readable": "2025-06-15 14:46:28.651",
      "normalized_name": "Nuclear-Explosion/Nuclear-Explosion",
      "meme_name": "Nuclear-Explosion",
      "post_id": 17,
      "english_label": "anger",
      "response_time_ms": 3002
    },
    {
      "image_path": "Confused-Gandalf/Confused-Gandalf_11.png",
      "label": "其他",
      "response_time": "00:00:06.103",
      "timestamp_unix": 1749998794,
      "timestamp_unix_ms": 1749998794817,
      "timestamp_readable": "2025-06-15 14:46:34.817",
      "normalized_name": "Confused-Gandalf/Confused-Gandalf",
      "meme_name": "Confused-Gandalf",
      "post_id": 11,
      "english_label": "others",
      "response_time_ms": 6103
    },
    {
      "image_path": "Angry-Baby/Angry-Baby_24.png",
      "label": "其他",
      "response_time": "00:00:04.401",
      "timestamp_unix": 1749998799,
      "timestamp_unix_ms": 1749998799318,
      "timestamp_readable": "2025-06-15 14:46:39.318",
      "normalized_name": "Angry-Baby/Angry-Baby",
      "meme_name": "Angry-Baby",
      "post_id": 24,
      "english_label": "others",
      "response_time_ms": 4401
    },
    {
      "image_path": "Mocking-Spongebob/Mocking-Spongebob_10.png",
      "label": "輕蔑",
      "response_time": "00:00:04.801",
      "timestamp_unix": 1749998804,
      "timestamp_unix_ms": 1749998804252,
      "timestamp_readable": "2025-06-15 14:46:44.252",
      "normalized_name": "Mocking-Spongebob/Mocking-Spongebob",
      "meme_name": "Mocking-Spongebob",
      "post_id": 10,
      "english_label": "contempt",
      "response_time_ms": 4801
    },
    {
      "image_path": "attention_check/attention_check_Disgust.png",
      "label": "厭惡",
      "response_time": "00:00:09.402",
      "timestamp_unix": 1749998813,
      "timestamp_unix_ms": 1749998813704,
      "timestamp_readable": "2025-06-15 14:46:53.704",
      "normalized_name": "attention_check/attention_check_Disgust.png",
      "meme_name": "attention_check",
      "post_id": null,
      "english_label": "disgust",
      "response_time_ms": 9402
    },
    {
      "image_path": "Arthur-Fist/Arthur-Fist_32.png",
      "label": "憤怒",
      "response_time": "00:00:15.601",
      "timestamp_unix": 1749998829,
      "timestamp_unix_ms": 1749998829743,
      "timestamp_readable": "2025-06-15 14:47:09.743",
      "normalized_name": "Arthur-Fist/Arthur-Fist",
      "meme_name": "Arthur-Fist",
      "post_id": 32,
      "english_label": "anger",
      "response_time_ms": 15601
    },
    {
      "image_path": "Im-The-Captain-Now/Im-The-Captain-Now_19.png",
      "label": "輕蔑",
      "response_time": "00:00:05.001",
      "timestamp_unix": 1749998834,
      "timestamp_unix_ms": 1749998834873,
      "timestamp_readable": "2025-06-15 14:47:14.873",
      "normalized_name": "Im-The-Captain-Now/Im-The-Captain-Now",
      "meme_name": "Im-The-Captain-Now",
      "post_id": 19,
      "english_label": "contempt",
      "response_time_ms": 5001
    },
    {
      "image_path": "Laughing-wolf/Laughing-wolf_16.png",
      "label": "輕蔑",
      "response_time": "00:00:02.202",
      "timestamp_unix": 1749998837,
      "timestamp_unix_ms": 1749998837139,
      "timestamp_readable": "2025-06-15 14:47:17.139",
      "normalized_name": "Laughing-wolf/Laughing-wolf",
      "meme_name": "Laughing-wolf",
      "post_id": 16,
      "english_label": "contempt",
      "response_time_ms": 2202
    },
    {
      "image_path": "Black-guy-hiding-behind-tree/Black-guy-hiding-behind-tree_38.png",
      "label": "輕蔑",
      "response_time": "00:00:05.401",
      "timestamp_unix": 1749998842,
      "timestamp_unix_ms": 1749998842657,
      "timestamp_readable": "2025-06-15 14:47:22.657",
      "normalized_name": "Black-guy-hiding-behind-tree/Black-guy-hiding-behind-tree",
      "meme_name": "Black-guy-hiding-behind-tree",
      "post_id": 38,
      "english_label": "contempt",
      "response_time_ms": 5401
    },
    {
      "image_path": "Dave-chappelle/Dave-chappelle_9.png",
      "label": "厭惡",
      "response_time": "00:00:09.701",
      "timestamp_unix": 1749998852,
      "timestamp_unix_ms": 1749998852493,
      "timestamp_readable": "2025-06-15 14:47:32.493",
      "normalized_name": "Dave-chappelle/Dave-chappelle",
      "meme_name": "Dave-chappelle",
      "post_id": 9,
      "english_label": "disgust",
      "response_time_ms": 9701
    },
    {
      "image_path": "Monkey-Puppet/Monkey-Puppet_46.png",
      "label": "輕蔑",
      "response_time": "00:00:02.701",
      "timestamp_unix": 1749998855,
      "timestamp_unix_ms": 1749998855260,
      "timestamp_readable": "2025-06-15 14:47:35.260",
      "normalized_name": "Monkey-Puppet/Monkey-Puppet",
      "meme_name": "Monkey-Puppet",
      "post_id": 46,
      "english_label": "contempt",
      "response_time_ms": 2701
    },
    {
      "image_path": "Spiderman-Hospital/Spiderman-Hospital_42.png",
      "label": "其他",
      "response_time": "00:00:01.602",
      "timestamp_unix": 1749998856,
      "timestamp_unix_ms": 1749998856942,
      "timestamp_readable": "2025-06-15 14:47:36.942",
      "normalized_name": "Spiderman-Hospital/Spiderman-Hospital",
      "meme_name": "Spiderman-Hospital",
      "post_id": 42,
      "english_label": "others",
      "response_time_ms": 1602
    },
    {
      "image_path": "Dinkleberg/Dinkleberg_41.png",
      "label": "其他",
      "response_time": "00:00:02.002",
      "timestamp_unix": 1749998859,
      "timestamp_unix_ms": 1749998859075,
      "timestamp_readable": "2025-06-15 14:47:39.075",
      "normalized_name": "Dinkleberg/Dinkleberg",
      "meme_name": "Dinkleberg",
      "post_id": 41,
      "english_label": "others",
      "response_time_ms": 2002
    },
    {
      "image_path": "I-am-once-again-asking/I-am-once-again-asking_7.png",
      "label": "厭惡",
      "response_time": "00:00:06.801",
      "timestamp_unix": 1749998865,
      "timestamp_unix_ms": 1749998865958,
      "timestamp_readable": "2025-06-15 14:47:45.958",
      "normalized_name": "I-am-once-again-asking/I-am-once-again-asking",
      "meme_name": "I-am-once-again-asking",
      "post_id": 7,
      "english_label": "disgust",
      "response_time_ms": 6801
    },
    {
      "image_path": "You-The-Real-MVP/You-The-Real-MVP_5.png",
      "label": "輕蔑",
      "response_time": "00:00:04.002",
      "timestamp_unix": 1749998870,
      "timestamp_unix_ms": 1749998870095,
      "timestamp_readable": "2025-06-15 14:47:50.095",
      "normalized_name": "You-The-Real-MVP/You-The-Real-MVP",
      "meme_name": "You-The-Real-MVP",
      "post_id": 5,
      "english_label": "contempt",
      "response_time_ms": 4002
    },
    {
      "image_path": "Mr-incredible-mad/Mr-incredible-mad_33.png",
      "label": "憤怒",
      "response_time": "00:00:01.801",
      "timestamp_unix": 1749998871,
      "timestamp_unix_ms": 1749998871962,
      "timestamp_readable": "2025-06-15 14:47:51.962",
      "normalized_name": "Mr-incredible-mad/Mr-incredible-mad",
      "meme_name": "Mr-incredible-mad",
      "post_id": 33,
      "english_label": "anger",
      "response_time_ms": 1801
    },
    {
      "image_path": "Well-Yes-But-Actually-No/Well-Yes-But-Actually-No_14.png",
      "label": "其他",
      "response_time": "00:00:02.001",
      "timestamp_unix": 1749998874,
      "timestamp_unix_ms": 1749998874079,
      "timestamp_readable": "2025-06-15 14:47:54.079",
      "normalized_name": "Well-Yes-But-Actually-No/Well-Yes-But-Actually-No",
      "meme_name": "Well-Yes-But-Actually-No",
      "post_id": 14,
      "english_label": "others",
      "response_time_ms": 2001
    },
    {
      "image_path": "Scooby-doo-mask-reveal/Scooby-doo-mask-reveal_45.png",
      "label": "其他",
      "response_time": "00:00:03.401",
      "timestamp_unix": 1749998877,
      "timestamp_unix_ms": 1749998877562,
      "timestamp_readable": "2025-06-15 14:47:57.562",
      "normalized_name": "Scooby-doo-mask-reveal/Scooby-doo-mask-reveal",
      "meme_name": "Scooby-doo-mask-reveal",
      "post_id": 45,
      "english_label": "others",
      "response_time_ms": 3401
    },
    {
      "image_path": "Always-you-three/Always-you-three_39.png",
      "label": "其他",
      "response_time": "00:00:03.801",
      "timestamp_unix": 1749998881,
      "timestamp_unix_ms": 1749998881411,
      "timestamp_readable": "2025-06-15 14:48:01.411",
      "normalized_name": "Always-you-three/Always-you-three",
      "meme_name": "Always-you-three",
      "post_id": 39,
      "english_label": "others",
      "response_time_ms": 3801
    },
    {
      "image_path": "Thats-a-paddlin/Thats-a-paddlin_2.png",
      "label": "其他",
      "response_time": "00:00:02.001",
      "timestamp_unix": 1749998883,
      "timestamp_unix_ms": 1749998883476,
      "timestamp_readable": "2025-06-15 14:48:03.476",
      "normalized_name": "Thats-a-paddlin/Thats-a-paddlin",
      "meme_name": "Thats-a-paddlin",
      "post_id": 2,
      "english_label": "others",
      "response_time_ms": 2001
    },
    {
      "image_path": "Archer/Archer_22.png",
      "label": "輕蔑",
      "response_time": "00:00:05.601",
      "timestamp_unix": 1749998889,
      "timestamp_unix_ms": 1749998889130,
      "timestamp_readable": "2025-06-15 14:48:09.130",
      "normalized_name": "Archer/Archer",
      "meme_name": "Archer",
      "post_id": 22,
      "english_label": "contempt",
      "response_time_ms": 5601
    },
    {
      "image_path": "Picard-Wtf/Picard-Wtf_30.png",
      "label": "其他",
      "response_time": "00:00:03.000",
      "timestamp_unix": 1749998892,
      "timestamp_unix_ms": 1749998892212,
      "timestamp_readable": "2025-06-15 14:48:12.212",
      "normalized_name": "Picard-Wtf/Picard-Wtf",
      "meme_name": "Picard-Wtf",
      "post_id": 30,
      "english_label": "others",
      "response_time_ms": 3000
    },
    {
      "image_path": "Smudge-the-cat/Smudge-the-cat_27.png",
      "label": "其他",
      "response_time": "00:00:04.902",
      "timestamp_unix": 1749998897,
      "timestamp_unix_ms": 1749998897161,
      "timestamp_readable": "2025-06-15 14:48:17.161",
      "normalized_name": "Smudge-the-cat/Smudge-the-cat",
      "meme_name": "Smudge-the-cat",
      "post_id": 27,
      "english_label": "others",
      "response_time_ms": 4902
    },
    {
      "image_path": "Futurama-Fry/Futurama-Fry_15.png",
      "label": "輕蔑",
      "response_time": "00:00:03.101",
      "timestamp_unix": 1749998900,
      "timestamp_unix_ms": 1749998900346,
      "timestamp_readable": "2025-06-15 14:48:20.346",
      "normalized_name": "Futurama-Fry/Futurama-Fry",
      "meme_name": "Futurama-Fry",
      "post_id": 15,
      "english_label": "contempt",
      "response_time_ms": 3101
    },
    {
      "image_path": "Chill-guy/Chill-guy_31.png",
      "label": "輕蔑",
      "response_time": "00:00:01.502",
      "timestamp_unix": 1749998901,
      "timestamp_unix_ms": 1749998901949,
      "timestamp_readable": "2025-06-15 14:48:21.949",
      "normalized_name": "Chill-guy/Chill-guy",
      "meme_name": "Chill-guy",
      "post_id": 31,
      "english_label": "contempt",
      "response_time_ms": 1502
    },
    {
      "image_path": "Table-Flip-Guy/Table-Flip-Guy_3.png",
      "label": "憤怒",
      "response_time": "00:00:01.901",
      "timestamp_unix": 1749998903,
      "timestamp_unix_ms": 1749998903948,
      "timestamp_readable": "2025-06-15 14:48:23.948",
      "normalized_name": "Table-Flip-Guy/Table-Flip-Guy",
      "meme_name": "Table-Flip-Guy",
      "post_id": 3,
      "english_label": "anger",
      "response_time_ms": 1901
    },
    {
      "image_path": "Charlie-Day/Charlie-Day_49.png",
      "label": "憤怒",
      "response_time": "00:00:03.401",
      "timestamp_unix": 1749998907,
      "timestamp_unix_ms": 1749998907396,
      "timestamp_readable": "2025-06-15 14:48:27.396",
      "normalized_name": "Charlie-Day/Charlie-Day",
      "meme_name": "Charlie-Day",
      "post_id": 49,
      "english_label": "anger",
      "response_time_ms": 3401
    },
    {
      "image_path": "Obi-Wan-Kenobi/Obi-Wan-Kenobi_40.png",
      "label": "其他",
      "response_time": "00:00:02.001",
      "timestamp_unix": 1749998909,
      "timestamp_unix_ms": 1749998909519,
      "timestamp_readable": "2025-06-15 14:48:29.519",
      "normalized_name": "Obi-Wan-Kenobi/Obi-Wan-Kenobi",
      "meme_name": "Obi-Wan-Kenobi",
      "post_id": 40,
      "english_label": "others",
      "response_time_ms": 2001
    },
    {
      "image_path": "Persian-Cat-Room-Guardian/Persian-Cat-Room-Guardian_36.png",
      "label": "輕蔑",
      "response_time": "00:00:05.701",
      "timestamp_unix": 1749998915,
      "timestamp_unix_ms": 1749998915349,
      "timestamp_readable": "2025-06-15 14:48:35.349",
      "normalized_name": "Persian-Cat-Room-Guardian/Persian-Cat-Room-Guardian",
      "meme_name": "Persian-Cat-Room-Guardian",
      "post_id": 36,
      "english_label": "contempt",
      "response_time_ms": 5701
    },
    {
      "image_path": "attention_check/attention_check_Anger.png",
      "label": "憤怒",
      "response_time": "00:00:02.302",
      "timestamp_unix": 1749998917,
      "timestamp_unix_ms": 1749998917775,
      "timestamp_readable": "2025-06-15 14:48:37.775",
      "normalized_name": "attention_check/attention_check_Anger.png",
      "meme_name": "attention_check",
      "post_id": null,
      "english_label": "anger",
      "response_time_ms": 2302
    },
    {
      "image_path": "DJ-Pauly-D/DJ-Pauly-D_21.png",
      "label": "輕蔑",
      "response_time": "00:00:07.002",
      "timestamp_unix": 1749998924,
      "timestamp_unix_ms": 1749998924867,
      "timestamp_readable": "2025-06-15 14:48:44.867",
      "normalized_name": "DJ-Pauly-D/DJ-Pauly-D",
      "meme_name": "DJ-Pauly-D",
      "post_id": 21,
      "english_label": "contempt",
      "response_time_ms": 7002
    },
    {
      "image_path": "Hold-fart/Hold-fart_25.png",
      "label": "輕蔑",
      "response_time": "00:00:01.601",
      "timestamp_unix": 1749998926,
      "timestamp_unix_ms": 1749998926515,
      "timestamp_readable": "2025-06-15 14:48:46.515",
      "normalized_name": "Hold-fart/Hold-fart",
      "meme_name": "Hold-fart",
      "post_id": 25,
      "english_label": "contempt",
      "response_time_ms": 1601
    },
    {
      "image_path": "Surprised-Pikachu/Surprised-Pikachu_18.png",
      "label": "其他",
      "response_time": "00:00:05.500",
      "timestamp_unix": 1749998932,
      "timestamp_unix_ms": 1749998932117,
      "timestamp_readable": "2025-06-15 14:48:52.117",
      "normalized_name": "Surprised-Pikachu/Surprised-Pikachu",
      "meme_name": "Surprised-Pikachu",
      "post_id": 18,
      "english_label": "others",
      "response_time_ms": 5500
    },
    {
      "image_path": "Leonardo-Dicaprio-Wolf-Of-Wall-Street/Leonardo-Dicaprio-Wolf-Of-Wall-Street_6.png",
      "label": "其他",
      "response_time": "00:00:06.302",
      "timestamp_unix": 1749998938,
      "timestamp_unix_ms": 1749998938468,
      "timestamp_readable": "2025-06-15 14:48:58.468",
      "normalized_name": "Leonardo-Dicaprio-Wolf-Of-Wall-Street/Leonardo-Dicaprio-Wolf-Of-Wall-Street",
      "meme_name": "Leonardo-Dicaprio-Wolf-Of-Wall-Street",
      "post_id": 6,
      "english_label": "others",
      "response_time_ms": 6302
    }
  ],
  "session_start_unix": 1749998623,
  "session_status": "completed",
  "last_updated_unix": 1749998958,
  "image_order": [
    "Spiderman-Hospital/Spiderman-Hospital_42.png",
    "Happy--Shock/Happy--Shock_37.png",
    "Chill-guy/Chill-guy_31.png",
    "I-am-once-again-asking/I-am-once-again-asking_7.png",
    "Math-ladyConfused-lady/Math-ladyConfused-lady_13.png",
    "Archer/Archer_22.png",
    "Leonardo-Dicaprio-Wolf-Of-Wall-Street/Leonardo-Dicaprio-Wolf-Of-Wall-Street_6.png",
    "Mocking-Spongebob/Mocking-Spongebob_10.png",
    "Afraid-To-Ask-Andy/Afraid-To-Ask-Andy_1.png",
    "Charlie-Day/Charlie-Day_49.png",
    "Always-Has-Been/Always-Has-Been_8.png",
    "Picard-Wtf/Picard-Wtf_30.png",
    "Batman-Slapping-Robin/Batman-Slapping-Robin_47.png",
    "For-the-better-right-blank/For-the-better-right-blank_20.png",
    "Drake-NoYes/Drake-NoYes_12.png",
    "Laughing-wolf/Laughing-wolf_16.png",
    "DJ-Pauly-D/DJ-Pauly-D_21.png",
    "Always-you-three/Always-you-three_39.png",
    "Disappointed-Man/Disappointed-Man_43.png",
    "Smudge-the-cat/Smudge-the-cat_27.png",
    "Thats-a-paddlin/Thats-a-paddlin_2.png",
    "Hide-the-Pain-Harold/Hide-the-Pain-Harold_23.png",
    "attention_check/attention_check_Disgust.png",
    "Hold-fart/Hold-fart_25.png",
    "Im-The-Captain-Now/Im-The-Captain-Now_19.png",
    "Obi-Wan-Kenobi/Obi-Wan-Kenobi_40.png",
    "Spongebob-Yelling/Spongebob-Yelling_48.png",
    "Nuclear-Explosion/Nuclear-Explosion_17.png",
    "Dinkleberg/Dinkleberg_41.png",
    "Scooby-doo-mask-reveal/Scooby-doo-mask-reveal_45.png",
    "Disaster-Girl/Disaster-Girl_4.png",
    "Black-guy-hiding-behind-tree/Black-guy-hiding-behind-tree_38.png",
    "You-The-Real-MVP/You-The-Real-MVP_5.png",
    "Moe-throws-Barney/Moe-throws-Barney_29.png",
    "Ill-Have-You-Know-Spongebob/Ill-Have-You-Know-Spongebob_35.png",
    "Futurama-Fry/Futurama-Fry_15.png",
    "Monkey-Puppet/Monkey-Puppet_46.png",
    "Confused-Gandalf/Confused-Gandalf_11.png",
    "Mr-incredible-mad/Mr-incredible-mad_33.png",
    "Dave-chappelle/Dave-chappelle_9.png",
    "Surprised-Pikachu/Surprised-Pikachu_18.png",
    "Table-Flip-Guy/Table-Flip-Guy_3.png",
    "Kevin-Hart/Kevin-Hart_26.png",
    "Well-Yes-But-Actually-No/Well-Yes-But-Actually-No_14.png",
    "Mr-McMahon-reaction/Mr-McMahon-reaction_50.png",
    "Gru-Gun/Gru-Gun_44.png",
    "Persian-Cat-Room-Guardian/Persian-Cat-Room-Guardian_36.png",
    "attention_check/attention_check_Anger.png",
    "Put-It-Somewhere-Else-Patrick/Put-It-Somewhere-Else-Patrick_34.png",
    "Angry-Baby/Angry-Baby_24.png",
    "Arthur-Fist/Arthur-Fist_32.png",
    "Khan/Khan_28.png"
  ],
  "completion_status": {
    "practice_completed": true,
    "game_started": true,
    "game_completed": true,
    "summary_viewed": true,
    "email_submitted": true
  },
  "timestamps_unix": {
    "registration_completed": 1749998623,
    "practice_started": 1749998623,
    "practice_completed": 1749998671,
    "game_started": 1749998671,
    "first_label": 1749998682,
    "last_label": 1749998938,
    "game_completed": 1749998940,
    "summary_viewed": 1749998940,
    "email_submitted": 1749998958,
    "session_end": 1749998958,
    "last_updated": 1749998958
  },
  "timestamps_unix_ms": {
    "registration_completed_ms": 1749998623330,
    "practice_started_ms": 1749998623364,
    "practice_completed_ms": 1749998671054,
    "game_started_ms": 1749998671061,
    "first_label_ms": 1749998682804,
    "last_label_ms": 1749998938468,
    "game_completed_ms": 1749998940934,
    "summary_viewed_ms": 1749998940942,
    "email_submitted_ms": 1749998958782,
    "session_end_ms": 1749998958782,
    "last_updated_ms": 1749998958782
  },
  "duration_stats_ms": {
    "total_session_duration_ms": 335452,
    "practice_duration_ms": 47690,
    "game_duration_ms": 269873,
    "labeling_duration_ms": 255664,
    "email_submission_duration_ms": 17840
  },
  "filename_updated_unix": 1749998940,
  "original_filename": "user_5ebc0d",
  "completion_status_in_filename": "email_submitted"
}