{
  "user_id": "user_afe444",
  "file_name": "user_afe444_1749980298_1749980759_fullycomplete",
  "unix_start_time": 1749980298,
  "unix_start_time_ms": 1749980298881,
  "unix_end_time": 1749980759,
  "unix_end_time_ms": 1749980759543,
  "age": "25-29",
  "gender": "male",
  "user_agent": "Mozilla/5.0 (Windows NT 10.0; Win64; x64) AppleWebKit/537.36 (KHTML, like Gecko) Chrome/137.0.0.0 Safari/537.36 Edg/137.0.0.0",
  "user_ip": "125.230.96.7",
  "status": "complete",
  "email_provided": "complete",
  "attention_passed": true,
  "start_time_readable": "2025-06-15 09:38:18.881",
  "end_time_readable": "2025-06-15 09:45:59.543",
  "total_labels": 52,
  "emotion_summary": {
    "anger": 10,
    "contempt": 30,
    "disgust": 10,
    "others": 2
  },
  "email": "daemon1293@gmail.com",
  "participation": "no",
  "total_responses": 52,
  "responses": [
    {
      "image_path": "Persian-Cat-Room-Guardian/Persian-Cat-Room-Guardian_18.png",
      "label": "輕蔑",
      "response_time": "00:00:07.510",
      "timestamp_unix": 1749980380,
      "timestamp_unix_ms": 1749980380249,
      "timestamp_readable": "2025-06-15 09:39:40.249",
      "normalized_name": "Persian-Cat-Room-Guardian/Persian-Cat-Room-Guardian",
      "meme_name": "Persian-Cat-Room-Guardian",
      "post_id": 18,
      "english_label": "contempt",
      "response_time_ms": 7510
    },
    {
      "image_path": "Arthur-Fist/Arthur-Fist_31.png",
      "label": "憤怒",
      "response_time": "00:00:04.805",
      "timestamp_unix": 1749980385,
      "timestamp_unix_ms": 1749980385177,
      "timestamp_readable": "2025-06-15 09:39:45.177",
      "normalized_name": "Arthur-Fist/Arthur-Fist",
      "meme_name": "Arthur-Fist",
      "post_id": 31,
      "english_label": "anger",
      "response_time_ms": 4805
    },
    {
      "image_path": "Im-The-Captain-Now/Im-The-Captain-Now_23.png",
      "label": "憤怒",
      "response_time": "00:00:04.208",
      "timestamp_unix": 1749980389,
      "timestamp_unix_ms": 1749980389451,
      "timestamp_readable": "2025-06-15 09:39:49.451",
      "normalized_name": "Im-The-Captain-Now/Im-The-Captain-Now",
      "meme_name": "Im-The-Captain-Now",
      "post_id": 23,
      "english_label": "anger",
      "response_time_ms": 4208
    },
    {
      "image_path": "Mr-incredible-mad/Mr-incredible-mad_50.png",
      "label": "憤怒",
      "response_time": "00:00:03.803",
      "timestamp_unix": 1749980393,
      "timestamp_unix_ms": 1749980393303,
      "timestamp_readable": "2025-06-15 09:39:53.303",
      "normalized_name": "Mr-incredible-mad/Mr-incredible-mad",
      "meme_name": "Mr-incredible-mad",
      "post_id": 50,
      "english_label": "anger",
      "response_time_ms": 3803
    },
    {
      "image_path": "Black-guy-hiding-behind-tree/Black-guy-hiding-behind-tree_6.png",
      "label": "輕蔑",
      "response_time": "00:00:06.312",
      "timestamp_unix": 1749980399,
      "timestamp_unix_ms": 1749980399699,
      "timestamp_readable": "2025-06-15 09:39:59.699",
      "normalized_name": "Black-guy-hiding-behind-tree/Black-guy-hiding-behind-tree",
      "meme_name": "Black-guy-hiding-behind-tree",
      "post_id": 6,
      "english_label": "contempt",
      "response_time_ms": 6312
    },
    {
      "image_path": "Mr-McMahon-reaction/Mr-McMahon-reaction_16.png",
      "label": "輕蔑",
      "response_time": "00:00:11.604",
      "timestamp_unix": 1749980411,
      "timestamp_unix_ms": 1749980411399,
      "timestamp_readable": "2025-06-15 09:40:11.399",
      "normalized_name": "Mr-McMahon-reaction/Mr-McMahon-reaction",
      "meme_name": "Mr-McMahon-reaction",
      "post_id": 16,
      "english_label": "contempt",
      "response_time_ms": 11604
    },
    {
      "image_path": "Scooby-doo-mask-reveal/Scooby-doo-mask-reveal_12.png",
      "label": "厭惡",
      "response_time": "00:00:31.108",
      "timestamp_unix": 1749980442,
      "timestamp_unix_ms": 1749980442534,
      "timestamp_readable": "2025-06-15 09:40:42.534",
      "normalized_name": "Scooby-doo-mask-reveal/Scooby-doo-mask-reveal",
      "meme_name": "Scooby-doo-mask-reveal",
      "post_id": 12,
      "english_label": "disgust",
      "response_time_ms": 31108
    },
    {
      "image_path": "Gru-Gun/Gru-Gun_35.png",
      "label": "厭惡",
      "response_time": "00:00:10.105",
      "timestamp_unix": 1749980452,
      "timestamp_unix_ms": 1749980452735,
      "timestamp_readable": "2025-06-15 09:40:52.735",
      "normalized_name": "Gru-Gun/Gru-Gun",
      "meme_name": "Gru-Gun",
      "post_id": 35,
      "english_label": "disgust",
      "response_time_ms": 10105
    },
    {
      "image_path": "Khan/Khan_38.png",
      "label": "厭惡",
      "response_time": "00:00:14.203",
      "timestamp_unix": 1749980467,
      "timestamp_unix_ms": 1749980467050,
      "timestamp_readable": "2025-06-15 09:41:07.050",
      "normalized_name": "Khan/Khan",
      "meme_name": "Khan",
      "post_id": 38,
      "english_label": "disgust",
      "response_time_ms": 14203
    },
    {
      "image_path": "Moe-throws-Barney/Moe-throws-Barney_49.png",
      "label": "厭惡",
      "response_time": "00:00:02.801",
      "timestamp_unix": 1749980469,
      "timestamp_unix_ms": 1749980469916,
      "timestamp_readable": "2025-06-15 09:41:09.916",
      "normalized_name": "Moe-throws-Barney/Moe-throws-Barney",
      "meme_name": "Moe-throws-Barney",
      "post_id": 49,
      "english_label": "disgust",
      "response_time_ms": 2801
    },
    {
      "image_path": "Disaster-Girl/Disaster-Girl_2.png",
      "label": "輕蔑",
      "response_time": "00:00:05.111",
      "timestamp_unix": 1749980475,
      "timestamp_unix_ms": 1749980475165,
      "timestamp_readable": "2025-06-15 09:41:15.165",
      "normalized_name": "Disaster-Girl/Disaster-Girl",
      "meme_name": "Disaster-Girl",
      "post_id": 2,
      "english_label": "contempt",
      "response_time_ms": 5111
    },
    {
      "image_path": "Hold-fart/Hold-fart_7.png",
      "label": "厭惡",
      "response_time": "00:00:06.206",
      "timestamp_unix": 1749980481,
      "timestamp_unix_ms": 1749980481485,
      "timestamp_readable": "2025-06-15 09:41:21.485",
      "normalized_name": "Hold-fart/Hold-fart",
      "meme_name": "Hold-fart",
      "post_id": 7,
      "english_label": "disgust",
      "response_time_ms": 6206
    },
    {
      "image_path": "You-The-Real-MVP/You-The-Real-MVP_14.png",
      "label": "輕蔑",
      "response_time": "00:00:03.103",
      "timestamp_unix": 1749980484,
      "timestamp_unix_ms": 1749980484681,
      "timestamp_readable": "2025-06-15 09:41:24.681",
      "normalized_name": "You-The-Real-MVP/You-The-Real-MVP",
      "meme_name": "You-The-Real-MVP",
      "post_id": 14,
      "english_label": "contempt",
      "response_time_ms": 3103
    },
    {
      "image_path": "Well-Yes-But-Actually-No/Well-Yes-But-Actually-No_15.png",
      "label": "輕蔑",
      "response_time": "00:00:09.103",
      "timestamp_unix": 1749980493,
      "timestamp_unix_ms": 1749980493881,
      "timestamp_readable": "2025-06-15 09:41:33.881",
      "normalized_name": "Well-Yes-But-Actually-No/Well-Yes-But-Actually-No",
      "meme_name": "Well-Yes-But-Actually-No",
      "post_id": 15,
      "english_label": "contempt",
      "response_time_ms": 9103
    },
    {
      "image_path": "For-the-better-right-blank/For-the-better-right-blank_29.png",
      "label": "輕蔑",
      "response_time": "00:00:06.010",
      "timestamp_unix": 1749980499,
      "timestamp_unix_ms": 1749980499937,
      "timestamp_readable": "2025-06-15 09:41:39.937",
      "normalized_name": "For-the-better-right-blank/For-the-better-right-blank",
      "meme_name": "For-the-better-right-blank",
      "post_id": 29,
      "english_label": "contempt",
      "response_time_ms": 6010
    },
    {
      "image_path": "Always-you-three/Always-you-three_3.png",
      "label": "輕蔑",
      "response_time": "00:00:12.409",
      "timestamp_unix": 1749980512,
      "timestamp_unix_ms": 1749980512455,
      "timestamp_readable": "2025-06-15 09:41:52.455",
      "normalized_name": "Always-you-three/Always-you-three",
      "meme_name": "Always-you-three",
      "post_id": 3,
      "english_label": "contempt",
      "response_time_ms": 12409
    },
    {
      "image_path": "Dave-chappelle/Dave-chappelle_46.png",
      "label": "輕蔑",
      "response_time": "00:00:05.114",
      "timestamp_unix": 1749980517,
      "timestamp_unix_ms": 1749980517671,
      "timestamp_readable": "2025-06-15 09:41:57.671",
      "normalized_name": "Dave-chappelle/Dave-chappelle",
      "meme_name": "Dave-chappelle",
      "post_id": 46,
      "english_label": "contempt",
      "response_time_ms": 5114
    },
    {
      "image_path": "Disappointed-Man/Disappointed-Man_43.png",
      "label": "輕蔑",
      "response_time": "00:00:04.903",
      "timestamp_unix": 1749980522,
      "timestamp_unix_ms": 1749980522676,
      "timestamp_readable": "2025-06-15 09:42:02.676",
      "normalized_name": "Disappointed-Man/Disappointed-Man",
      "meme_name": "Disappointed-Man",
      "post_id": 43,
      "english_label": "contempt",
      "response_time_ms": 4903
    },
    {
      "image_path": "DJ-Pauly-D/DJ-Pauly-D_47.png",
      "label": "憤怒",
      "response_time": "00:00:04.909",
      "timestamp_unix": 1749980527,
      "timestamp_unix_ms": 1749980527627,
      "timestamp_readable": "2025-06-15 09:42:07.627",
      "normalized_name": "DJ-Pauly-D/DJ-Pauly-D",
      "meme_name": "DJ-Pauly-D",
      "post_id": 47,
      "english_label": "anger",
      "response_time_ms": 4909
    },
    {
      "image_path": "Spongebob-Yelling/Spongebob-Yelling_22.png",
      "label": "憤怒",
      "response_time": "00:00:02.705",
      "timestamp_unix": 1749980530,
      "timestamp_unix_ms": 1749980530403,
      "timestamp_readable": "2025-06-15 09:42:10.403",
      "normalized_name": "Spongebob-Yelling/Spongebob-Yelling",
      "meme_name": "Spongebob-Yelling",
      "post_id": 22,
      "english_label": "anger",
      "response_time_ms": 2705
    },
    {
      "image_path": "Futurama-Fry/Futurama-Fry_34.png",
      "label": "厭惡",
      "response_time": "00:00:04.213",
      "timestamp_unix": 1749980534,
      "timestamp_unix_ms": 1749980534791,
      "timestamp_readable": "2025-06-15 09:42:14.791",
      "normalized_name": "Futurama-Fry/Futurama-Fry",
      "meme_name": "Futurama-Fry",
      "post_id": 34,
      "english_label": "disgust",
      "response_time_ms": 4213
    },
    {
      "image_path": "Batman-Slapping-Robin/Batman-Slapping-Robin_41.png",
      "label": "其他",
      "response_time": "00:00:09.511",
      "timestamp_unix": 1749980544,
      "timestamp_unix_ms": 1749980544414,
      "timestamp_readable": "2025-06-15 09:42:24.414",
      "normalized_name": "Batman-Slapping-Robin/Batman-Slapping-Robin",
      "meme_name": "Batman-Slapping-Robin",
      "post_id": 41,
      "english_label": "others",
      "response_time_ms": 9511
    },
    {
      "image_path": "attention_check/attention_check_Contempt.png",
      "label": "輕蔑",
      "response_time": "00:00:04.204",
      "timestamp_unix": 1749980548,
      "timestamp_unix_ms": 1749980548706,
      "timestamp_readable": "2025-06-15 09:42:28.706",
      "normalized_name": "attention_check/attention_check_Contempt.png",
      "meme_name": "attention_check",
      "post_id": null,
      "english_label": "contempt",
      "response_time_ms": 4204
    },
    {
      "image_path": "Monkey-Puppet/Monkey-Puppet_24.png",
      "label": "輕蔑",
      "response_time": "00:00:05.500",
      "timestamp_unix": 1749980554,
      "timestamp_unix_ms": 1749980554366,
      "timestamp_readable": "2025-06-15 09:42:34.366",
      "normalized_name": "Monkey-Puppet/Monkey-Puppet",
      "meme_name": "Monkey-Puppet",
      "post_id": 24,
      "english_label": "contempt",
      "response_time_ms": 5500
    },
    {
      "image_path": "Nuclear-Explosion/Nuclear-Explosion_44.png",
      "label": "憤怒",
      "response_time": "00:00:02.514",
      "timestamp_unix": 1749980557,
      "timestamp_unix_ms": 1749980557042,
      "timestamp_readable": "2025-06-15 09:42:37.042",
      "normalized_name": "Nuclear-Explosion/Nuclear-Explosion",
      "meme_name": "Nuclear-Explosion",
      "post_id": 44,
      "english_label": "anger",
      "response_time_ms": 2514
    },
    {
      "image_path": "Charlie-Day/Charlie-Day_40.png",
      "label": "輕蔑",
      "response_time": "00:00:08.801",
      "timestamp_unix": 1749980565,
      "timestamp_unix_ms": 1749980565942,
      "timestamp_readable": "2025-06-15 09:42:45.942",
      "normalized_name": "Charlie-Day/Charlie-Day",
      "meme_name": "Charlie-Day",
      "post_id": 40,
      "english_label": "contempt",
      "response_time_ms": 8801
    },
    {
      "image_path": "Confused-Gandalf/Confused-Gandalf_20.png",
      "label": "輕蔑",
      "response_time": "00:00:03.509",
      "timestamp_unix": 1749980569,
      "timestamp_unix_ms": 1749980569606,
      "timestamp_readable": "2025-06-15 09:42:49.606",
      "normalized_name": "Confused-Gandalf/Confused-Gandalf",
      "meme_name": "Confused-Gandalf",
      "post_id": 20,
      "english_label": "contempt",
      "response_time_ms": 3509
    },
    {
      "image_path": "Angry-Baby/Angry-Baby_21.png",
      "label": "憤怒",
      "response_time": "00:00:04.314",
      "timestamp_unix": 1749980573,
      "timestamp_unix_ms": 1749980573990,
      "timestamp_readable": "2025-06-15 09:42:53.990",
      "normalized_name": "Angry-Baby/Angry-Baby",
      "meme_name": "Angry-Baby",
      "post_id": 21,
      "english_label": "anger",
      "response_time_ms": 4314
    },
    {
      "image_path": "Picard-Wtf/Picard-Wtf_37.png",
      "label": "輕蔑",
      "response_time": "00:00:13.216",
      "timestamp_unix": 1749980587,
      "timestamp_unix_ms": 1749980587256,
      "timestamp_readable": "2025-06-15 09:43:07.256",
      "normalized_name": "Picard-Wtf/Picard-Wtf",
      "meme_name": "Picard-Wtf",
      "post_id": 37,
      "english_label": "contempt",
      "response_time_ms": 13216
    },
    {
      "image_path": "Thats-a-paddlin/Thats-a-paddlin_8.png",
      "label": "憤怒",
      "response_time": "00:00:09.011",
      "timestamp_unix": 1749980596,
      "timestamp_unix_ms": 1749980596305,
      "timestamp_readable": "2025-06-15 09:43:16.305",
      "normalized_name": "Thats-a-paddlin/Thats-a-paddlin",
      "meme_name": "Thats-a-paddlin",
      "post_id": 8,
      "english_label": "anger",
      "response_time_ms": 9011
    },
    {
      "image_path": "Dinkleberg/Dinkleberg_19.png",
      "label": "輕蔑",
      "response_time": "00:00:08.601",
      "timestamp_unix": 1749980605,
      "timestamp_unix_ms": 1749980605009,
      "timestamp_readable": "2025-06-15 09:43:25.009",
      "normalized_name": "Dinkleberg/Dinkleberg",
      "meme_name": "Dinkleberg",
      "post_id": 19,
      "english_label": "contempt",
      "response_time_ms": 8601
    },
    {
      "image_path": "Math-ladyConfused-lady/Math-ladyConfused-lady_26.png",
      "label": "輕蔑",
      "response_time": "00:00:04.002",
      "timestamp_unix": 1749980609,
      "timestamp_unix_ms": 1749980609141,
      "timestamp_readable": "2025-06-15 09:43:29.141",
      "normalized_name": "Math-ladyConfused-lady/Math-ladyConfused-lady",
      "meme_name": "Math-ladyConfused-lady",
      "post_id": 26,
      "english_label": "contempt",
      "response_time_ms": 4002
    },
    {
      "image_path": "Ill-Have-You-Know-Spongebob/Ill-Have-You-Know-Spongebob_25.png",
      "label": "輕蔑",
      "response_time": "00:00:04.409",
      "timestamp_unix": 1749980613,
      "timestamp_unix_ms": 1749980613641,
      "timestamp_readable": "2025-06-15 09:43:33.641",
      "normalized_name": "Ill-Have-You-Know-Spongebob/Ill-Have-You-Know-Spongebob",
      "meme_name": "Ill-Have-You-Know-Spongebob",
      "post_id": 25,
      "english_label": "contempt",
      "response_time_ms": 4409
    },
    {
      "image_path": "Afraid-To-Ask-Andy/Afraid-To-Ask-Andy_30.png",
      "label": "輕蔑",
      "response_time": "00:00:04.304",
      "timestamp_unix": 1749980618,
      "timestamp_unix_ms": 1749980618074,
      "timestamp_readable": "2025-06-15 09:43:38.074",
      "normalized_name": "Afraid-To-Ask-Andy/Afraid-To-Ask-Andy",
      "meme_name": "Afraid-To-Ask-Andy",
      "post_id": 30,
      "english_label": "contempt",
      "response_time_ms": 4304
    },
    {
      "image_path": "Chill-guy/Chill-guy_36.png",
      "label": "輕蔑",
      "response_time": "00:00:04.911",
      "timestamp_unix": 1749980623,
      "timestamp_unix_ms": 1749980623074,
      "timestamp_readable": "2025-06-15 09:43:43.074",
      "normalized_name": "Chill-guy/Chill-guy",
      "meme_name": "Chill-guy",
      "post_id": 36,
      "english_label": "contempt",
      "response_time_ms": 4911
    },
    {
      "image_path": "Surprised-Pikachu/Surprised-Pikachu_17.png",
      "label": "輕蔑",
      "response_time": "00:00:09.800",
      "timestamp_unix": 1749980633,
      "timestamp_unix_ms": 1749980633049,
      "timestamp_readable": "2025-06-15 09:43:53.049",
      "normalized_name": "Surprised-Pikachu/Surprised-Pikachu",
      "meme_name": "Surprised-Pikachu",
      "post_id": 17,
      "english_label": "contempt",
      "response_time_ms": 9800
    },
    {
      "image_path": "Table-Flip-Guy/Table-Flip-Guy_4.png",
      "label": "憤怒",
      "response_time": "00:00:05.010",
      "timestamp_unix": 1749980638,
      "timestamp_unix_ms": 1749980638142,
      "timestamp_readable": "2025-06-15 09:43:58.142",
      "normalized_name": "Table-Flip-Guy/Table-Flip-Guy",
      "meme_name": "Table-Flip-Guy",
      "post_id": 4,
      "english_label": "anger",
      "response_time_ms": 5010
    },
    {
      "image_path": "Hide-the-Pain-Harold/Hide-the-Pain-Harold_27.png",
      "label": "輕蔑",
      "response_time": "00:00:04.003",
      "timestamp_unix": 1749980642,
      "timestamp_unix_ms": 1749980642226,
      "timestamp_readable": "2025-06-15 09:44:02.226",
      "normalized_name": "Hide-the-Pain-Harold/Hide-the-Pain-Harold",
      "meme_name": "Hide-the-Pain-Harold",
      "post_id": 27,
      "english_label": "contempt",
      "response_time_ms": 4003
    },
    {
      "image_path": "I-am-once-again-asking/I-am-once-again-asking_33.png",
      "label": "其他",
      "response_time": "00:00:13.511",
      "timestamp_unix": 1749980655,
      "timestamp_unix_ms": 1749980655807,
      "timestamp_readable": "2025-06-15 09:44:15.807",
      "normalized_name": "I-am-once-again-asking/I-am-once-again-asking",
      "meme_name": "I-am-once-again-asking",
      "post_id": 33,
      "english_label": "others",
      "response_time_ms": 13511
    },
    {
      "image_path": "Archer/Archer_32.png",
      "label": "輕蔑",
      "response_time": "00:00:07.607",
      "timestamp_unix": 1749980663,
      "timestamp_unix_ms": 1749980663528,
      "timestamp_readable": "2025-06-15 09:44:23.528",
      "normalized_name": "Archer/Archer",
      "meme_name": "Archer",
      "post_id": 32,
      "english_label": "contempt",
      "response_time_ms": 7607
    },
    {
      "image_path": "Spiderman-Hospital/Spiderman-Hospital_28.png",
      "label": "厭惡",
      "response_time": "00:00:04.411",
      "timestamp_unix": 1749980667,
      "timestamp_unix_ms": 1749980667997,
      "timestamp_readable": "2025-06-15 09:44:27.997",
      "normalized_name": "Spiderman-Hospital/Spiderman-Hospital",
      "meme_name": "Spiderman-Hospital",
      "post_id": 28,
      "english_label": "disgust",
      "response_time_ms": 4411
    },
    {
      "image_path": "Drake-NoYes/Drake-NoYes_48.png",
      "label": "輕蔑",
      "response_time": "00:00:04.903",
      "timestamp_unix": 1749980672,
      "timestamp_unix_ms": 1749980672961,
      "timestamp_readable": "2025-06-15 09:44:32.961",
      "normalized_name": "Drake-NoYes/Drake-NoYes",
      "meme_name": "Drake-NoYes",
      "post_id": 48,
      "english_label": "contempt",
      "response_time_ms": 4903
    },
    {
      "image_path": "Leonardo-Dicaprio-Wolf-Of-Wall-Street/Leonardo-Dicaprio-Wolf-Of-Wall-Street_39.png",
      "label": "輕蔑",
      "response_time": "00:00:04.212",
      "timestamp_unix": 1749980677,
      "timestamp_unix_ms": 1749980677310,
      "timestamp_readable": "2025-06-15 09:44:37.310",
      "normalized_name": "Leonardo-Dicaprio-Wolf-Of-Wall-Street/Leonardo-Dicaprio-Wolf-Of-Wall-Street",
      "meme_name": "Leonardo-Dicaprio-Wolf-Of-Wall-Street",
      "post_id": 39,
      "english_label": "contempt",
      "response_time_ms": 4212
    },
    {
      "image_path": "Laughing-wolf/Laughing-wolf_11.png",
      "label": "輕蔑",
      "response_time": "00:00:02.313",
      "timestamp_unix": 1749980679,
      "timestamp_unix_ms": 1749980679739,
      "timestamp_readable": "2025-06-15 09:44:39.739",
      "normalized_name": "Laughing-wolf/Laughing-wolf",
      "meme_name": "Laughing-wolf",
      "post_id": 11,
      "english_label": "contempt",
      "response_time_ms": 2313
    },
    {
      "image_path": "Mocking-Spongebob/Mocking-Spongebob_42.png",
      "label": "輕蔑",
      "response_time": "00:00:04.201",
      "timestamp_unix": 1749980684,
      "timestamp_unix_ms": 1749980684054,
      "timestamp_readable": "2025-06-15 09:44:44.054",
      "normalized_name": "Mocking-Spongebob/Mocking-Spongebob",
      "meme_name": "Mocking-Spongebob",
      "post_id": 42,
      "english_label": "contempt",
      "response_time_ms": 4201
    },
    {
      "image_path": "Put-It-Somewhere-Else-Patrick/Put-It-Somewhere-Else-Patrick_13.png",
      "label": "厭惡",
      "response_time": "00:00:05.403",
      "timestamp_unix": 1749980689,
      "timestamp_unix_ms": 1749980689526,
      "timestamp_readable": "2025-06-15 09:44:49.526",
      "normalized_name": "Put-It-Somewhere-Else-Patrick/Put-It-Somewhere-Else-Patrick",
      "meme_name": "Put-It-Somewhere-Else-Patrick",
      "post_id": 13,
      "english_label": "disgust",
      "response_time_ms": 5403
    },
    {
      "image_path": "Smudge-the-cat/Smudge-the-cat_5.png",
      "label": "厭惡",
      "response_time": "00:00:05.905",
      "timestamp_unix": 1749980695,
      "timestamp_unix_ms": 1749980695490,
      "timestamp_readable": "2025-06-15 09:44:55.490",
      "normalized_name": "Smudge-the-cat/Smudge-the-cat",
      "meme_name": "Smudge-the-cat",
      "post_id": 5,
      "english_label": "disgust",
      "response_time_ms": 5905
    },
    {
      "image_path": "Always-Has-Been/Always-Has-Been_9.png",
      "label": "憤怒",
      "response_time": "00:00:05.407",
      "timestamp_unix": 1749980701,
      "timestamp_unix_ms": 1749980701010,
      "timestamp_readable": "2025-06-15 09:45:01.010",
      "normalized_name": "Always-Has-Been/Always-Has-Been",
      "meme_name": "Always-Has-Been",
      "post_id": 9,
      "english_label": "anger",
      "response_time_ms": 5407
    },
    {
      "image_path": "Obi-Wan-Kenobi/Obi-Wan-Kenobi_1.png",
      "label": "輕蔑",
      "response_time": "00:00:05.509",
      "timestamp_unix": 1749980706,
      "timestamp_unix_ms": 1749980706610,
      "timestamp_readable": "2025-06-15 09:45:06.610",
      "normalized_name": "Obi-Wan-Kenobi/Obi-Wan-Kenobi",
      "meme_name": "Obi-Wan-Kenobi",
      "post_id": 1,
      "english_label": "contempt",
      "response_time_ms": 5509
    },
    {
      "image_path": "attention_check/attention_check_Disgust.png",
      "label": "厭惡",
      "response_time": "00:00:02.711",
      "timestamp_unix": 1749980709,
      "timestamp_unix_ms": 1749980709577,
      "timestamp_readable": "2025-06-15 09:45:09.577",
      "normalized_name": "attention_check/attention_check_Disgust.png",
      "meme_name": "attention_check",
      "post_id": null,
      "english_label": "disgust",
      "response_time_ms": 2711
    },
    {
      "image_path": "Happy--Shock/Happy--Shock_10.png",
      "label": "輕蔑",
      "response_time": "00:00:08.718",
      "timestamp_unix": 1749980718,
      "timestamp_unix_ms": 1749980718345,
      "timestamp_readable": "2025-06-15 09:45:18.345",
      "normalized_name": "Happy--Shock/Happy--Shock",
      "meme_name": "Happy--Shock",
      "post_id": 10,
      "english_label": "contempt",
      "response_time_ms": 8718
    },
    {
      "image_path": "Kevin-Hart/Kevin-Hart_45.png",
      "label": "輕蔑",
      "response_time": "00:00:07.011",
      "timestamp_unix": 1749980725,
      "timestamp_unix_ms": 1749980725473,
      "timestamp_readable": "2025-06-15 09:45:25.473",
      "normalized_name": "Kevin-Hart/Kevin-Hart",
      "meme_name": "Kevin-Hart",
      "post_id": 45,
      "english_label": "contempt",
      "response_time_ms": 7011
    }
  ],
  "session_start_unix": 1749980298,
  "session_status": "completed",
  "last_updated_unix": 1749980759,
  "image_order": [
    "Spiderman-Hospital/Spiderman-Hospital_28.png",
    "Happy--Shock/Happy--Shock_10.png",
    "Chill-guy/Chill-guy_36.png",
    "I-am-once-again-asking/I-am-once-again-asking_33.png",
    "Math-ladyConfused-lady/Math-ladyConfused-lady_26.png",
    "Archer/Archer_32.png",
    "Leonardo-Dicaprio-Wolf-Of-Wall-Street/Leonardo-Dicaprio-Wolf-Of-Wall-Street_39.png",
    "Mocking-Spongebob/Mocking-Spongebob_42.png",
    "Afraid-To-Ask-Andy/Afraid-To-Ask-Andy_30.png",
    "Charlie-Day/Charlie-Day_40.png",
    "Always-Has-Been/Always-Has-Been_9.png",
    "Picard-Wtf/Picard-Wtf_37.png",
    "Batman-Slapping-Robin/Batman-Slapping-Robin_41.png",
    "For-the-better-right-blank/For-the-better-right-blank_29.png",
    "Drake-NoYes/Drake-NoYes_48.png",
    "Laughing-wolf/Laughing-wolf_11.png",
    "DJ-Pauly-D/DJ-Pauly-D_47.png",
    "Always-you-three/Always-you-three_3.png",
    "Disappointed-Man/Disappointed-Man_43.png",
    "Smudge-the-cat/Smudge-the-cat_5.png",
    "Thats-a-paddlin/Thats-a-paddlin_8.png",
    "Hide-the-Pain-Harold/Hide-the-Pain-Harold_27.png",
    "attention_check/attention_check_Contempt.png",
    "Hold-fart/Hold-fart_7.png",
    "Im-The-Captain-Now/Im-The-Captain-Now_23.png",
    "Obi-Wan-Kenobi/Obi-Wan-Kenobi_1.png",
    "Spongebob-Yelling/Spongebob-Yelling_22.png",
    "Nuclear-Explosion/Nuclear-Explosion_44.png",
    "Dinkleberg/Dinkleberg_19.png",
    "Scooby-doo-mask-reveal/Scooby-doo-mask-reveal_12.png",
    "Disaster-Girl/Disaster-Girl_2.png",
    "Black-guy-hiding-behind-tree/Black-guy-hiding-behind-tree_6.png",
    "You-The-Real-MVP/You-The-Real-MVP_14.png",
    "Moe-throws-Barney/Moe-throws-Barney_49.png",
    "Ill-Have-You-Know-Spongebob/Ill-Have-You-Know-Spongebob_25.png",
    "Futurama-Fry/Futurama-Fry_34.png",
    "Monkey-Puppet/Monkey-Puppet_24.png",
    "Confused-Gandalf/Confused-Gandalf_20.png",
    "Mr-incredible-mad/Mr-incredible-mad_50.png",
    "Dave-chappelle/Dave-chappelle_46.png",
    "Surprised-Pikachu/Surprised-Pikachu_17.png",
    "Table-Flip-Guy/Table-Flip-Guy_4.png",
    "Kevin-Hart/Kevin-Hart_45.png",
    "Well-Yes-But-Actually-No/Well-Yes-But-Actually-No_15.png",
    "Mr-McMahon-reaction/Mr-McMahon-reaction_16.png",
    "Gru-Gun/Gru-Gun_35.png",
    "Persian-Cat-Room-Guardian/Persian-Cat-Room-Guardian_18.png",
    "Put-It-Somewhere-Else-Patrick/Put-It-Somewhere-Else-Patrick_13.png",
    "Angry-Baby/Angry-Baby_21.png",
    "attention_check/attention_check_Disgust.png",
    "Arthur-Fist/Arthur-Fist_31.png",
    "Khan/Khan_38.png"
  ],
  "completion_status": {
    "practice_completed": true,
    "game_started": true,
    "game_completed": true,
    "summary_viewed": true,
    "email_submitted": true
  },
  "timestamps_unix": {
    "registration_completed": 1749980298,
    "practice_started": 1749980298,
    "practice_completed": 1749980372,
    "game_started": 1749980372,
    "first_label": 1749980380,
    "last_label": 1749980725,
    "game_completed": 1749980728,
    "summary_viewed": 1749980728,
    "email_submitted": 1749980759,
    "session_end": 1749980759,
    "last_updated": 1749980759
  },
  "timestamps_unix_ms": {
    "registration_completed_ms": 1749980298881,
    "practice_started_ms": 1749980298977,
    "practice_completed_ms": 1749980372541,
    "game_started_ms": 1749980372549,
    "first_label_ms": 1749980380249,
    "last_label_ms": 1749980725473,
    "game_completed_ms": 1749980728285,
    "summary_viewed_ms": 1749980728294,
    "email_submitted_ms": 1749980759533,
    "session_end_ms": 1749980759533,
    "last_updated_ms": 1749980759533
  },
  "duration_stats_ms": {
    "total_session_duration_ms": 460652,
    "practice_duration_ms": 73564,
    "game_duration_ms": 355736,
    "labeling_duration_ms": 345224,
    "email_submission_duration_ms": 31239
  },
  "filename_updated_unix": 1749980728,
  "original_filename": "user_afe444",
  "completion_status_in_filename": "email_submitted"
}