{
  "user_id": "user_9f3f78",
  "file_name": "user_9f3f78_1750756550_1750757012_fullycomplete",
  "unix_start_time": 1750756550,
  "unix_start_time_ms": 1750756550370,
  "unix_end_time": 1750757012,
  "unix_end_time_ms": 1750757012883,
  "age": "25-29",
  "gender": "female",
  "user_agent": "Mozilla/5.0 (Macintosh; Intel Mac OS X 10_15_7) AppleWebKit/537.36 (KHTML, like Gecko) Chrome/137.0.0.0 Safari/537.36",
  "user_ip": "114.136.149.181",
  "status": "complete",
  "email_provided": "complete",
  "attention_passed": true,
  "start_time_readable": "2025-06-24 09:15:50.370",
  "end_time_readable": "2025-06-24 09:23:32.883",
  "total_labels": 52,
  "emotion_summary": {
    "anger": 4,
    "contempt": 9,
    "disgust": 8,
    "others": 31
  },
  "email": "lienwy921@gmail.com",
  "participation": "no",
  "total_responses": 52,
  "responses": [
    {
      "image_path": "You-The-Real-MVP/You-The-Real-MVP_3.png",
      "label": "輕蔑",
      "response_time": "00:00:07.400",
      "timestamp_unix": 1750756627,
      "timestamp_unix_ms": 1750756627937,
      "timestamp_readable": "2025-06-24 09:17:07.937",
      "normalized_name": "You-The-Real-MVP/You-The-Real-MVP",
      "meme_name": "You-The-Real-MVP",
      "post_id": 3,
      "english_label": "contempt",
      "response_time_ms": 7400
    },
    {
      "image_path": "Happy--Shock/Happy--Shock_23.png",
      "label": "其他",
      "response_time": "00:00:10.101",
      "timestamp_unix": 1750756638,
      "timestamp_unix_ms": 1750756638157,
      "timestamp_readable": "2025-06-24 09:17:18.157",
      "normalized_name": "Happy--Shock/Happy--Shock",
      "meme_name": "Happy--Shock",
      "post_id": 23,
      "english_label": "others",
      "response_time_ms": 10101
    },
    {
      "image_path": "Dave-chappelle/Dave-chappelle_33.png",
      "label": "其他",
      "response_time": "00:00:07.601",
      "timestamp_unix": 1750756645,
      "timestamp_unix_ms": 1750756645968,
      "timestamp_readable": "2025-06-24 09:17:25.968",
      "normalized_name": "Dave-chappelle/Dave-chappelle",
      "meme_name": "Dave-chappelle",
      "post_id": 33,
      "english_label": "others",
      "response_time_ms": 7601
    },
    {
      "image_path": "Leonardo-Dicaprio-Wolf-Of-Wall-Street/Leonardo-Dicaprio-Wolf-Of-Wall-Street_24.png",
      "label": "輕蔑",
      "response_time": "00:00:06.501",
      "timestamp_unix": 1750756652,
      "timestamp_unix_ms": 1750756652623,
      "timestamp_readable": "2025-06-24 09:17:32.623",
      "normalized_name": "Leonardo-Dicaprio-Wolf-Of-Wall-Street/Leonardo-Dicaprio-Wolf-Of-Wall-Street",
      "meme_name": "Leonardo-Dicaprio-Wolf-Of-Wall-Street",
      "post_id": 24,
      "english_label": "contempt",
      "response_time_ms": 6501
    },
    {
      "image_path": "Scooby-doo-mask-reveal/Scooby-doo-mask-reveal_49.png",
      "label": "輕蔑",
      "response_time": "00:00:05.300",
      "timestamp_unix": 1750756658,
      "timestamp_unix_ms": 1750756658057,
      "timestamp_readable": "2025-06-24 09:17:38.057",
      "normalized_name": "Scooby-doo-mask-reveal/Scooby-doo-mask-reveal",
      "meme_name": "Scooby-doo-mask-reveal",
      "post_id": 49,
      "english_label": "contempt",
      "response_time_ms": 5300
    },
    {
      "image_path": "Always-you-three/Always-you-three_11.png",
      "label": "其他",
      "response_time": "00:00:13.101",
      "timestamp_unix": 1750756671,
      "timestamp_unix_ms": 1750756671277,
      "timestamp_readable": "2025-06-24 09:17:51.277",
      "normalized_name": "Always-you-three/Always-you-three",
      "meme_name": "Always-you-three",
      "post_id": 11,
      "english_label": "others",
      "response_time_ms": 13101
    },
    {
      "image_path": "Monkey-Puppet/Monkey-Puppet_17.png",
      "label": "其他",
      "response_time": "00:00:04.315",
      "timestamp_unix": 1750756675,
      "timestamp_unix_ms": 1750756675757,
      "timestamp_readable": "2025-06-24 09:17:55.757",
      "normalized_name": "Monkey-Puppet/Monkey-Puppet",
      "meme_name": "Monkey-Puppet",
      "post_id": 17,
      "english_label": "others",
      "response_time_ms": 4315
    },
    {
      "image_path": "Disaster-Girl/Disaster-Girl_12.png",
      "label": "其他",
      "response_time": "00:00:06.503",
      "timestamp_unix": 1750756682,
      "timestamp_unix_ms": 1750756682358,
      "timestamp_readable": "2025-06-24 09:18:02.358",
      "normalized_name": "Disaster-Girl/Disaster-Girl",
      "meme_name": "Disaster-Girl",
      "post_id": 12,
      "english_label": "others",
      "response_time_ms": 6503
    },
    {
      "image_path": "Mr-incredible-mad/Mr-incredible-mad_4.png",
      "label": "憤怒",
      "response_time": "00:00:07.300",
      "timestamp_unix": 1750756689,
      "timestamp_unix_ms": 1750756689822,
      "timestamp_readable": "2025-06-24 09:18:09.822",
      "normalized_name": "Mr-incredible-mad/Mr-incredible-mad",
      "meme_name": "Mr-incredible-mad",
      "post_id": 4,
      "english_label": "anger",
      "response_time_ms": 7300
    },
    {
      "image_path": "Hold-fart/Hold-fart_30.png",
      "label": "其他",
      "response_time": "00:00:14.901",
      "timestamp_unix": 1750756704,
      "timestamp_unix_ms": 1750756704857,
      "timestamp_readable": "2025-06-24 09:18:24.857",
      "normalized_name": "Hold-fart/Hold-fart",
      "meme_name": "Hold-fart",
      "post_id": 30,
      "english_label": "others",
      "response_time_ms": 14901
    },
    {
      "image_path": "Black-guy-hiding-behind-tree/Black-guy-hiding-behind-tree_44.png",
      "label": "其他",
      "response_time": "00:00:11.200",
      "timestamp_unix": 1750756716,
      "timestamp_unix_ms": 1750756716200,
      "timestamp_readable": "2025-06-24 09:18:36.200",
      "normalized_name": "Black-guy-hiding-behind-tree/Black-guy-hiding-behind-tree",
      "meme_name": "Black-guy-hiding-behind-tree",
      "post_id": 44,
      "english_label": "others",
      "response_time_ms": 11200
    },
    {
      "image_path": "Mocking-Spongebob/Mocking-Spongebob_19.png",
      "label": "其他",
      "response_time": "00:00:05.001",
      "timestamp_unix": 1750756721,
      "timestamp_unix_ms": 1750756721381,
      "timestamp_readable": "2025-06-24 09:18:41.381",
      "normalized_name": "Mocking-Spongebob/Mocking-Spongebob",
      "meme_name": "Mocking-Spongebob",
      "post_id": 19,
      "english_label": "others",
      "response_time_ms": 5001
    },
    {
      "image_path": "Picard-Wtf/Picard-Wtf_15.png",
      "label": "其他",
      "response_time": "00:00:05.800",
      "timestamp_unix": 1750756727,
      "timestamp_unix_ms": 1750756727347,
      "timestamp_readable": "2025-06-24 09:18:47.347",
      "normalized_name": "Picard-Wtf/Picard-Wtf",
      "meme_name": "Picard-Wtf",
      "post_id": 15,
      "english_label": "others",
      "response_time_ms": 5800
    },
    {
      "image_path": "Mr-McMahon-reaction/Mr-McMahon-reaction_31.png",
      "label": "其他",
      "response_time": "00:00:07.601",
      "timestamp_unix": 1750756735,
      "timestamp_unix_ms": 1750756735139,
      "timestamp_readable": "2025-06-24 09:18:55.139",
      "normalized_name": "Mr-McMahon-reaction/Mr-McMahon-reaction",
      "meme_name": "Mr-McMahon-reaction",
      "post_id": 31,
      "english_label": "others",
      "response_time_ms": 7601
    },
    {
      "image_path": "DJ-Pauly-D/DJ-Pauly-D_50.png",
      "label": "憤怒",
      "response_time": "00:00:10.900",
      "timestamp_unix": 1750756746,
      "timestamp_unix_ms": 1750756746192,
      "timestamp_readable": "2025-06-24 09:19:06.192",
      "normalized_name": "DJ-Pauly-D/DJ-Pauly-D",
      "meme_name": "DJ-Pauly-D",
      "post_id": 50,
      "english_label": "anger",
      "response_time_ms": 10900
    },
    {
      "image_path": "Confused-Gandalf/Confused-Gandalf_29.png",
      "label": "其他",
      "response_time": "00:00:04.901",
      "timestamp_unix": 1750756751,
      "timestamp_unix_ms": 1750756751257,
      "timestamp_readable": "2025-06-24 09:19:11.257",
      "normalized_name": "Confused-Gandalf/Confused-Gandalf",
      "meme_name": "Confused-Gandalf",
      "post_id": 29,
      "english_label": "others",
      "response_time_ms": 4901
    },
    {
      "image_path": "Charlie-Day/Charlie-Day_39.png",
      "label": "其他",
      "response_time": "00:00:05.801",
      "timestamp_unix": 1750756757,
      "timestamp_unix_ms": 1750756757277,
      "timestamp_readable": "2025-06-24 09:19:17.277",
      "normalized_name": "Charlie-Day/Charlie-Day",
      "meme_name": "Charlie-Day",
      "post_id": 39,
      "english_label": "others",
      "response_time_ms": 5801
    },
    {
      "image_path": "Well-Yes-But-Actually-No/Well-Yes-But-Actually-No_9.png",
      "label": "厭惡",
      "response_time": "00:00:09.301",
      "timestamp_unix": 1750756766,
      "timestamp_unix_ms": 1750756766757,
      "timestamp_readable": "2025-06-24 09:19:26.757",
      "normalized_name": "Well-Yes-But-Actually-No/Well-Yes-But-Actually-No",
      "meme_name": "Well-Yes-But-Actually-No",
      "post_id": 9,
      "english_label": "disgust",
      "response_time_ms": 9301
    },
    {
      "image_path": "Angry-Baby/Angry-Baby_26.png",
      "label": "厭惡",
      "response_time": "00:00:08.801",
      "timestamp_unix": 1750756775,
      "timestamp_unix_ms": 1750756775718,
      "timestamp_readable": "2025-06-24 09:19:35.718",
      "normalized_name": "Angry-Baby/Angry-Baby",
      "meme_name": "Angry-Baby",
      "post_id": 26,
      "english_label": "disgust",
      "response_time_ms": 8801
    },
    {
      "image_path": "Afraid-To-Ask-Andy/Afraid-To-Ask-Andy_5.png",
      "label": "其他",
      "response_time": "00:00:06.201",
      "timestamp_unix": 1750756782,
      "timestamp_unix_ms": 1750756782037,
      "timestamp_readable": "2025-06-24 09:19:42.037",
      "normalized_name": "Afraid-To-Ask-Andy/Afraid-To-Ask-Andy",
      "meme_name": "Afraid-To-Ask-Andy",
      "post_id": 5,
      "english_label": "others",
      "response_time_ms": 6201
    },
    {
      "image_path": "Hide-the-Pain-Harold/Hide-the-Pain-Harold_43.png",
      "label": "輕蔑",
      "response_time": "00:00:07.700",
      "timestamp_unix": 1750756789,
      "timestamp_unix_ms": 1750756789884,
      "timestamp_readable": "2025-06-24 09:19:49.884",
      "normalized_name": "Hide-the-Pain-Harold/Hide-the-Pain-Harold",
      "meme_name": "Hide-the-Pain-Harold",
      "post_id": 43,
      "english_label": "contempt",
      "response_time_ms": 7700
    },
    {
      "image_path": "Always-Has-Been/Always-Has-Been_7.png",
      "label": "其他",
      "response_time": "00:00:06.401",
      "timestamp_unix": 1750756796,
      "timestamp_unix_ms": 1750756796458,
      "timestamp_readable": "2025-06-24 09:19:56.458",
      "normalized_name": "Always-Has-Been/Always-Has-Been",
      "meme_name": "Always-Has-Been",
      "post_id": 7,
      "english_label": "others",
      "response_time_ms": 6401
    },
    {
      "image_path": "Dinkleberg/Dinkleberg_16.png",
      "label": "輕蔑",
      "response_time": "00:00:07.300",
      "timestamp_unix": 1750756803,
      "timestamp_unix_ms": 1750756803977,
      "timestamp_readable": "2025-06-24 09:20:03.977",
      "normalized_name": "Dinkleberg/Dinkleberg",
      "meme_name": "Dinkleberg",
      "post_id": 16,
      "english_label": "contempt",
      "response_time_ms": 7300
    },
    {
      "image_path": "I-am-once-again-asking/I-am-once-again-asking_1.png",
      "label": "其他",
      "response_time": "00:00:07.801",
      "timestamp_unix": 1750756811,
      "timestamp_unix_ms": 1750756811897,
      "timestamp_readable": "2025-06-24 09:20:11.897",
      "normalized_name": "I-am-once-again-asking/I-am-once-again-asking",
      "meme_name": "I-am-once-again-asking",
      "post_id": 1,
      "english_label": "others",
      "response_time_ms": 7801
    },
    {
      "image_path": "Nuclear-Explosion/Nuclear-Explosion_40.png",
      "label": "憤怒",
      "response_time": "00:00:06.400",
      "timestamp_unix": 1750756818,
      "timestamp_unix_ms": 1750756818488,
      "timestamp_readable": "2025-06-24 09:20:18.488",
      "normalized_name": "Nuclear-Explosion/Nuclear-Explosion",
      "meme_name": "Nuclear-Explosion",
      "post_id": 40,
      "english_label": "anger",
      "response_time_ms": 6400
    },
    {
      "image_path": "attention_check/attention_check_Contempt.png",
      "label": "輕蔑",
      "response_time": "00:00:03.701",
      "timestamp_unix": 1750756822,
      "timestamp_unix_ms": 1750756822357,
      "timestamp_readable": "2025-06-24 09:20:22.357",
      "normalized_name": "attention_check/attention_check_Contempt.png",
      "meme_name": "attention_check",
      "post_id": null,
      "english_label": "contempt",
      "response_time_ms": 3701
    },
    {
      "image_path": "Chill-guy/Chill-guy_34.png",
      "label": "其他",
      "response_time": "00:00:06.900",
      "timestamp_unix": 1750756829,
      "timestamp_unix_ms": 1750756829407,
      "timestamp_readable": "2025-06-24 09:20:29.407",
      "normalized_name": "Chill-guy/Chill-guy",
      "meme_name": "Chill-guy",
      "post_id": 34,
      "english_label": "others",
      "response_time_ms": 6900
    },
    {
      "image_path": "Laughing-wolf/Laughing-wolf_25.png",
      "label": "輕蔑",
      "response_time": "00:00:05.201",
      "timestamp_unix": 1750756834,
      "timestamp_unix_ms": 1750756834829,
      "timestamp_readable": "2025-06-24 09:20:34.829",
      "normalized_name": "Laughing-wolf/Laughing-wolf",
      "meme_name": "Laughing-wolf",
      "post_id": 25,
      "english_label": "contempt",
      "response_time_ms": 5201
    },
    {
      "image_path": "Smudge-the-cat/Smudge-the-cat_46.png",
      "label": "厭惡",
      "response_time": "00:00:11.901",
      "timestamp_unix": 1750756846,
      "timestamp_unix_ms": 1750756846858,
      "timestamp_readable": "2025-06-24 09:20:46.858",
      "normalized_name": "Smudge-the-cat/Smudge-the-cat",
      "meme_name": "Smudge-the-cat",
      "post_id": 46,
      "english_label": "disgust",
      "response_time_ms": 11901
    },
    {
      "image_path": "Batman-Slapping-Robin/Batman-Slapping-Robin_45.png",
      "label": "其他",
      "response_time": "00:00:07.001",
      "timestamp_unix": 1750756854,
      "timestamp_unix_ms": 1750756854028,
      "timestamp_readable": "2025-06-24 09:20:54.028",
      "normalized_name": "Batman-Slapping-Robin/Batman-Slapping-Robin",
      "meme_name": "Batman-Slapping-Robin",
      "post_id": 45,
      "english_label": "others",
      "response_time_ms": 7001
    },
    {
      "image_path": "Table-Flip-Guy/Table-Flip-Guy_2.png",
      "label": "厭惡",
      "response_time": "00:00:09.801",
      "timestamp_unix": 1750756864,
      "timestamp_unix_ms": 1750756864021,
      "timestamp_readable": "2025-06-24 09:21:04.021",
      "normalized_name": "Table-Flip-Guy/Table-Flip-Guy",
      "meme_name": "Table-Flip-Guy",
      "post_id": 2,
      "english_label": "disgust",
      "response_time_ms": 9801
    },
    {
      "image_path": "Gru-Gun/Gru-Gun_41.png",
      "label": "其他",
      "response_time": "00:00:04.701",
      "timestamp_unix": 1750756868,
      "timestamp_unix_ms": 1750756868877,
      "timestamp_readable": "2025-06-24 09:21:08.877",
      "normalized_name": "Gru-Gun/Gru-Gun",
      "meme_name": "Gru-Gun",
      "post_id": 41,
      "english_label": "others",
      "response_time_ms": 4701
    },
    {
      "image_path": "Surprised-Pikachu/Surprised-Pikachu_36.png",
      "label": "其他",
      "response_time": "00:00:04.403",
      "timestamp_unix": 1750756873,
      "timestamp_unix_ms": 1750756873496,
      "timestamp_readable": "2025-06-24 09:21:13.496",
      "normalized_name": "Surprised-Pikachu/Surprised-Pikachu",
      "meme_name": "Surprised-Pikachu",
      "post_id": 36,
      "english_label": "others",
      "response_time_ms": 4403
    },
    {
      "image_path": "Arthur-Fist/Arthur-Fist_32.png",
      "label": "厭惡",
      "response_time": "00:00:06.201",
      "timestamp_unix": 1750756879,
      "timestamp_unix_ms": 1750756879858,
      "timestamp_readable": "2025-06-24 09:21:19.858",
      "normalized_name": "Arthur-Fist/Arthur-Fist",
      "meme_name": "Arthur-Fist",
      "post_id": 32,
      "english_label": "disgust",
      "response_time_ms": 6201
    },
    {
      "image_path": "Thats-a-paddlin/Thats-a-paddlin_35.png",
      "label": "厭惡",
      "response_time": "00:00:07.900",
      "timestamp_unix": 1750756887,
      "timestamp_unix_ms": 1750756887962,
      "timestamp_readable": "2025-06-24 09:21:27.962",
      "normalized_name": "Thats-a-paddlin/Thats-a-paddlin",
      "meme_name": "Thats-a-paddlin",
      "post_id": 35,
      "english_label": "disgust",
      "response_time_ms": 7900
    },
    {
      "image_path": "Im-The-Captain-Now/Im-The-Captain-Now_37.png",
      "label": "其他",
      "response_time": "00:00:07.201",
      "timestamp_unix": 1750756895,
      "timestamp_unix_ms": 1750756895328,
      "timestamp_readable": "2025-06-24 09:21:35.328",
      "normalized_name": "Im-The-Captain-Now/Im-The-Captain-Now",
      "meme_name": "Im-The-Captain-Now",
      "post_id": 37,
      "english_label": "others",
      "response_time_ms": 7201
    },
    {
      "image_path": "Archer/Archer_20.png",
      "label": "其他",
      "response_time": "00:00:03.101",
      "timestamp_unix": 1750756898,
      "timestamp_unix_ms": 1750756898607,
      "timestamp_readable": "2025-06-24 09:21:38.607",
      "normalized_name": "Archer/Archer",
      "meme_name": "Archer",
      "post_id": 20,
      "english_label": "others",
      "response_time_ms": 3101
    },
    {
      "image_path": "Drake-NoYes/Drake-NoYes_18.png",
      "label": "其他",
      "response_time": "00:00:05.501",
      "timestamp_unix": 1750756904,
      "timestamp_unix_ms": 1750756904283,
      "timestamp_readable": "2025-06-24 09:21:44.283",
      "normalized_name": "Drake-NoYes/Drake-NoYes",
      "meme_name": "Drake-NoYes",
      "post_id": 18,
      "english_label": "others",
      "response_time_ms": 5501
    },
    {
      "image_path": "Futurama-Fry/Futurama-Fry_22.png",
      "label": "輕蔑",
      "response_time": "00:00:03.002",
      "timestamp_unix": 1750756907,
      "timestamp_unix_ms": 1750756907488,
      "timestamp_readable": "2025-06-24 09:21:47.488",
      "normalized_name": "Futurama-Fry/Futurama-Fry",
      "meme_name": "Futurama-Fry",
      "post_id": 22,
      "english_label": "contempt",
      "response_time_ms": 3002
    },
    {
      "image_path": "Put-It-Somewhere-Else-Patrick/Put-It-Somewhere-Else-Patrick_27.png",
      "label": "其他",
      "response_time": "00:00:04.301",
      "timestamp_unix": 1750756911,
      "timestamp_unix_ms": 1750756911977,
      "timestamp_readable": "2025-06-24 09:21:51.977",
      "normalized_name": "Put-It-Somewhere-Else-Patrick/Put-It-Somewhere-Else-Patrick",
      "meme_name": "Put-It-Somewhere-Else-Patrick",
      "post_id": 27,
      "english_label": "others",
      "response_time_ms": 4301
    },
    {
      "image_path": "Kevin-Hart/Kevin-Hart_6.png",
      "label": "其他",
      "response_time": "00:00:06.201",
      "timestamp_unix": 1750756918,
      "timestamp_unix_ms": 1750756918280,
      "timestamp_readable": "2025-06-24 09:21:58.280",
      "normalized_name": "Kevin-Hart/Kevin-Hart",
      "meme_name": "Kevin-Hart",
      "post_id": 6,
      "english_label": "others",
      "response_time_ms": 6201
    },
    {
      "image_path": "Persian-Cat-Room-Guardian/Persian-Cat-Room-Guardian_14.png",
      "label": "其他",
      "response_time": "00:00:05.102",
      "timestamp_unix": 1750756923,
      "timestamp_unix_ms": 1750756923527,
      "timestamp_readable": "2025-06-24 09:22:03.527",
      "normalized_name": "Persian-Cat-Room-Guardian/Persian-Cat-Room-Guardian",
      "meme_name": "Persian-Cat-Room-Guardian",
      "post_id": 14,
      "english_label": "others",
      "response_time_ms": 5102
    },
    {
      "image_path": "Disappointed-Man/Disappointed-Man_13.png",
      "label": "厭惡",
      "response_time": "00:00:06.402",
      "timestamp_unix": 1750756930,
      "timestamp_unix_ms": 1750756930066,
      "timestamp_readable": "2025-06-24 09:22:10.066",
      "normalized_name": "Disappointed-Man/Disappointed-Man",
      "meme_name": "Disappointed-Man",
      "post_id": 13,
      "english_label": "disgust",
      "response_time_ms": 6402
    },
    {
      "image_path": "Ill-Have-You-Know-Spongebob/Ill-Have-You-Know-Spongebob_8.png",
      "label": "其他",
      "response_time": "00:00:07.001",
      "timestamp_unix": 1750756937,
      "timestamp_unix_ms": 1750756937261,
      "timestamp_readable": "2025-06-24 09:22:17.261",
      "normalized_name": "Ill-Have-You-Know-Spongebob/Ill-Have-You-Know-Spongebob",
      "meme_name": "Ill-Have-You-Know-Spongebob",
      "post_id": 8,
      "english_label": "others",
      "response_time_ms": 7001
    },
    {
      "image_path": "Spongebob-Yelling/Spongebob-Yelling_42.png",
      "label": "其他",
      "response_time": "00:00:05.201",
      "timestamp_unix": 1750756942,
      "timestamp_unix_ms": 1750756942637,
      "timestamp_readable": "2025-06-24 09:22:22.637",
      "normalized_name": "Spongebob-Yelling/Spongebob-Yelling",
      "meme_name": "Spongebob-Yelling",
      "post_id": 42,
      "english_label": "others",
      "response_time_ms": 5201
    },
    {
      "image_path": "Khan/Khan_38.png",
      "label": "憤怒",
      "response_time": "00:00:07.301",
      "timestamp_unix": 1750756950,
      "timestamp_unix_ms": 1750756950066,
      "timestamp_readable": "2025-06-24 09:22:30.066",
      "normalized_name": "Khan/Khan",
      "meme_name": "Khan",
      "post_id": 38,
      "english_label": "anger",
      "response_time_ms": 7301
    },
    {
      "image_path": "Obi-Wan-Kenobi/Obi-Wan-Kenobi_48.png",
      "label": "輕蔑",
      "response_time": "00:00:08.300",
      "timestamp_unix": 1750756958,
      "timestamp_unix_ms": 1750756958527,
      "timestamp_readable": "2025-06-24 09:22:38.527",
      "normalized_name": "Obi-Wan-Kenobi/Obi-Wan-Kenobi",
      "meme_name": "Obi-Wan-Kenobi",
      "post_id": 48,
      "english_label": "contempt",
      "response_time_ms": 8300
    },
    {
      "image_path": "Moe-throws-Barney/Moe-throws-Barney_21.png",
      "label": "其他",
      "response_time": "00:00:06.300",
      "timestamp_unix": 1750756964,
      "timestamp_unix_ms": 1750756964985,
      "timestamp_readable": "2025-06-24 09:22:44.985",
      "normalized_name": "Moe-throws-Barney/Moe-throws-Barney",
      "meme_name": "Moe-throws-Barney",
      "post_id": 21,
      "english_label": "others",
      "response_time_ms": 6300
    },
    {
      "image_path": "For-the-better-right-blank/For-the-better-right-blank_10.png",
      "label": "其他",
      "response_time": "00:00:05.601",
      "timestamp_unix": 1750756970,
      "timestamp_unix_ms": 1750756970778,
      "timestamp_readable": "2025-06-24 09:22:50.778",
      "normalized_name": "For-the-better-right-blank/For-the-better-right-blank",
      "meme_name": "For-the-better-right-blank",
      "post_id": 10,
      "english_label": "others",
      "response_time_ms": 5601
    },
    {
      "image_path": "Math-ladyConfused-lady/Math-ladyConfused-lady_28.png",
      "label": "其他",
      "response_time": "00:00:05.201",
      "timestamp_unix": 1750756976,
      "timestamp_unix_ms": 1750756976128,
      "timestamp_readable": "2025-06-24 09:22:56.128",
      "normalized_name": "Math-ladyConfused-lady/Math-ladyConfused-lady",
      "meme_name": "Math-ladyConfused-lady",
      "post_id": 28,
      "english_label": "others",
      "response_time_ms": 5201
    },
    {
      "image_path": "attention_check/attention_check_Disgust.png",
      "label": "厭惡",
      "response_time": "00:00:03.100",
      "timestamp_unix": 1750756979,
      "timestamp_unix_ms": 1750756979407,
      "timestamp_readable": "2025-06-24 09:22:59.407",
      "normalized_name": "attention_check/attention_check_Disgust.png",
      "meme_name": "attention_check",
      "post_id": null,
      "english_label": "disgust",
      "response_time_ms": 3100
    },
    {
      "image_path": "Spiderman-Hospital/Spiderman-Hospital_47.png",
      "label": "其他",
      "response_time": "00:00:05.001",
      "timestamp_unix": 1750756984,
      "timestamp_unix_ms": 1750756984573,
      "timestamp_readable": "2025-06-24 09:23:04.573",
      "normalized_name": "Spiderman-Hospital/Spiderman-Hospital",
      "meme_name": "Spiderman-Hospital",
      "post_id": 47,
      "english_label": "others",
      "response_time_ms": 5001
    }
  ],
  "session_start_unix": 1750756550,
  "session_status": "completed",
  "last_updated_unix": 1750757012,
  "image_order": [
    "Spiderman-Hospital/Spiderman-Hospital_47.png",
    "Happy--Shock/Happy--Shock_23.png",
    "Chill-guy/Chill-guy_34.png",
    "I-am-once-again-asking/I-am-once-again-asking_1.png",
    "Math-ladyConfused-lady/Math-ladyConfused-lady_28.png",
    "Archer/Archer_20.png",
    "Leonardo-Dicaprio-Wolf-Of-Wall-Street/Leonardo-Dicaprio-Wolf-Of-Wall-Street_24.png",
    "Mocking-Spongebob/Mocking-Spongebob_19.png",
    "Afraid-To-Ask-Andy/Afraid-To-Ask-Andy_5.png",
    "Charlie-Day/Charlie-Day_39.png",
    "Always-Has-Been/Always-Has-Been_7.png",
    "Picard-Wtf/Picard-Wtf_15.png",
    "Batman-Slapping-Robin/Batman-Slapping-Robin_45.png",
    "For-the-better-right-blank/For-the-better-right-blank_10.png",
    "Drake-NoYes/Drake-NoYes_18.png",
    "Laughing-wolf/Laughing-wolf_25.png",
    "DJ-Pauly-D/DJ-Pauly-D_50.png",
    "Always-you-three/Always-you-three_11.png",
    "Disappointed-Man/Disappointed-Man_13.png",
    "Smudge-the-cat/Smudge-the-cat_46.png",
    "Thats-a-paddlin/Thats-a-paddlin_35.png",
    "Hide-the-Pain-Harold/Hide-the-Pain-Harold_43.png",
    "Hold-fart/Hold-fart_30.png",
    "Im-The-Captain-Now/Im-The-Captain-Now_37.png",
    "Obi-Wan-Kenobi/Obi-Wan-Kenobi_48.png",
    "attention_check/attention_check_Contempt.png",
    "Spongebob-Yelling/Spongebob-Yelling_42.png",
    "Nuclear-Explosion/Nuclear-Explosion_40.png",
    "Dinkleberg/Dinkleberg_16.png",
    "Scooby-doo-mask-reveal/Scooby-doo-mask-reveal_49.png",
    "Disaster-Girl/Disaster-Girl_12.png",
    "Black-guy-hiding-behind-tree/Black-guy-hiding-behind-tree_44.png",
    "You-The-Real-MVP/You-The-Real-MVP_3.png",
    "Moe-throws-Barney/Moe-throws-Barney_21.png",
    "Ill-Have-You-Know-Spongebob/Ill-Have-You-Know-Spongebob_8.png",
    "Futurama-Fry/Futurama-Fry_22.png",
    "Monkey-Puppet/Monkey-Puppet_17.png",
    "Confused-Gandalf/Confused-Gandalf_29.png",
    "Mr-incredible-mad/Mr-incredible-mad_4.png",
    "Dave-chappelle/Dave-chappelle_33.png",
    "Surprised-Pikachu/Surprised-Pikachu_36.png",
    "Table-Flip-Guy/Table-Flip-Guy_2.png",
    "Kevin-Hart/Kevin-Hart_6.png",
    "Well-Yes-But-Actually-No/Well-Yes-But-Actually-No_9.png",
    "Mr-McMahon-reaction/Mr-McMahon-reaction_31.png",
    "Gru-Gun/Gru-Gun_41.png",
    "Persian-Cat-Room-Guardian/Persian-Cat-Room-Guardian_14.png",
    "Put-It-Somewhere-Else-Patrick/Put-It-Somewhere-Else-Patrick_27.png",
    "Angry-Baby/Angry-Baby_26.png",
    "Arthur-Fist/Arthur-Fist_32.png",
    "attention_check/attention_check_Disgust.png",
    "Khan/Khan_38.png"
  ],
  "completion_status": {
    "practice_completed": true,
    "game_started": true,
    "game_completed": true,
    "summary_viewed": true,
    "email_submitted": true
  },
  "timestamps_unix": {
    "registration_completed": 1750756550,
    "practice_started": 1750756550,
    "practice_completed": 1750756620,
    "game_started": 1750756620,
    "first_label": 1750756627,
    "last_label": 1750756984,
    "game_completed": 1750756986,
    "summary_viewed": 1750756986,
    "email_submitted": 1750757012,
    "session_end": 1750757012,
    "last_updated": 1750757012
  },
  "timestamps_unix_ms": {
    "registration_completed_ms": 1750756550370,
    "practice_started_ms": 1750756550455,
    "practice_completed_ms": 1750756620297,
    "game_started_ms": 1750756620318,
    "first_label_ms": 1750756627937,
    "last_label_ms": 1750756984573,
    "game_completed_ms": 1750756986571,
    "summary_viewed_ms": 1750756986594,
    "email_submitted_ms": 1750757012860,
    "session_end_ms": 1750757012860,
    "last_updated_ms": 1750757012860
  },
  "duration_stats_ms": {
    "total_session_duration_ms": 462490,
    "practice_duration_ms": 69842,
    "game_duration_ms": 366253,
    "labeling_duration_ms": 356636,
    "email_submission_duration_ms": 26266
  },
  "filename_updated_unix": 1750756986,
  "original_filename": "user_9f3f78",
  "completion_status_in_filename": "email_submitted"
}