{
  "user_id": "user_daa860",
  "file_name": "user_daa860_1749711691_1749712406_fullycomplete",
  "unix_start_time": 1749711691,
  "unix_start_time_ms": 1749711691876,
  "unix_end_time": 1749712406,
  "unix_end_time_ms": 1749712406930,
  "age": "18-24",
  "gender": "female",
  "user_agent": "Mozilla/5.0 (Windows NT 10.0; Win64; x64) AppleWebKit/537.36 (KHTML, like Gecko) Chrome/137.0.0.0 Safari/537.36",
  "user_ip": "140.116.73.142",
  "status": "complete",
  "email_provided": "complete",
  "attention_passed": true,
  "start_time_readable": "2025-06-12 07:01:31.876",
  "end_time_readable": "2025-06-12 07:13:26.930",
  "total_labels": 52,
  "emotion_summary": {
    "anger": 16,
    "contempt": 12,
    "disgust": 10,
    "others": 14
  },
  "email": "cyuway@gmail.com",
  "participation": "no",
  "total_responses": 52,
  "responses": [
    {
      "image_path": "Spongebob-Yelling/Spongebob-Yelling_42.png",
      "label": "憤怒",
      "response_time": "00:00:07.708",
      "timestamp_unix": 1749711753,
      "timestamp_unix_ms": 1749711753038,
      "timestamp_readable": "2025-06-12 07:02:33.038",
      "normalized_name": "Spongebob-Yelling/Spongebob-Yelling",
      "meme_name": "Spongebob-Yelling",
      "post_id": 42,
      "english_label": "anger",
      "response_time_ms": 7708
    },
    {
      "image_path": "Disaster-Girl/Disaster-Girl_10.png",
      "label": "其他",
      "response_time": "00:00:05.602",
      "timestamp_unix": 1749711758,
      "timestamp_unix_ms": 1749711758800,
      "timestamp_readable": "2025-06-12 07:02:38.800",
      "normalized_name": "Disaster-Girl/Disaster-Girl",
      "meme_name": "Disaster-Girl",
      "post_id": 10,
      "english_label": "others",
      "response_time_ms": 5602
    },
    {
      "image_path": "I-am-once-again-asking/I-am-once-again-asking_19.png",
      "label": "其他",
      "response_time": "00:00:07.306",
      "timestamp_unix": 1749711766,
      "timestamp_unix_ms": 1749711766198,
      "timestamp_readable": "2025-06-12 07:02:46.198",
      "normalized_name": "I-am-once-again-asking/I-am-once-again-asking",
      "meme_name": "I-am-once-again-asking",
      "post_id": 19,
      "english_label": "others",
      "response_time_ms": 7306
    },
    {
      "image_path": "Khan/Khan_8.png",
      "label": "憤怒",
      "response_time": "00:00:06.410",
      "timestamp_unix": 1749711772,
      "timestamp_unix_ms": 1749711772647,
      "timestamp_readable": "2025-06-12 07:02:52.647",
      "normalized_name": "Khan/Khan",
      "meme_name": "Khan",
      "post_id": 8,
      "english_label": "anger",
      "response_time_ms": 6410
    },
    {
      "image_path": "Disappointed-Man/Disappointed-Man_14.png",
      "label": "憤怒",
      "response_time": "00:00:04.205",
      "timestamp_unix": 1749711776,
      "timestamp_unix_ms": 1749711776990,
      "timestamp_readable": "2025-06-12 07:02:56.990",
      "normalized_name": "Disappointed-Man/Disappointed-Man",
      "meme_name": "Disappointed-Man",
      "post_id": 14,
      "english_label": "anger",
      "response_time_ms": 4205
    },
    {
      "image_path": "Archer/Archer_38.png",
      "label": "其他",
      "response_time": "00:00:07.502",
      "timestamp_unix": 1749711784,
      "timestamp_unix_ms": 1749711784622,
      "timestamp_readable": "2025-06-12 07:03:04.622",
      "normalized_name": "Archer/Archer",
      "meme_name": "Archer",
      "post_id": 38,
      "english_label": "others",
      "response_time_ms": 7502
    },
    {
      "image_path": "Moe-throws-Barney/Moe-throws-Barney_47.png",
      "label": "厭惡",
      "response_time": "00:00:06.502",
      "timestamp_unix": 1749711791,
      "timestamp_unix_ms": 1749711791207,
      "timestamp_readable": "2025-06-12 07:03:11.207",
      "normalized_name": "Moe-throws-Barney/Moe-throws-Barney",
      "meme_name": "Moe-throws-Barney",
      "post_id": 47,
      "english_label": "disgust",
      "response_time_ms": 6502
    },
    {
      "image_path": "Spiderman-Hospital/Spiderman-Hospital_43.png",
      "label": "輕蔑",
      "response_time": "00:01:18.401",
      "timestamp_unix": 1749711869,
      "timestamp_unix_ms": 1749711869739,
      "timestamp_readable": "2025-06-12 07:04:29.739",
      "normalized_name": "Spiderman-Hospital/Spiderman-Hospital",
      "meme_name": "Spiderman-Hospital",
      "post_id": 43,
      "english_label": "contempt",
      "response_time_ms": 78401
    },
    {
      "image_path": "Always-Has-Been/Always-Has-Been_41.png",
      "label": "其他",
      "response_time": "00:00:12.806",
      "timestamp_unix": 1749711882,
      "timestamp_unix_ms": 1749711882638,
      "timestamp_readable": "2025-06-12 07:04:42.638",
      "normalized_name": "Always-Has-Been/Always-Has-Been",
      "meme_name": "Always-Has-Been",
      "post_id": 41,
      "english_label": "others",
      "response_time_ms": 12806
    },
    {
      "image_path": "Leonardo-Dicaprio-Wolf-Of-Wall-Street/Leonardo-Dicaprio-Wolf-Of-Wall-Street_15.png",
      "label": "其他",
      "response_time": "00:00:11.611",
      "timestamp_unix": 1749711894,
      "timestamp_unix_ms": 1749711894317,
      "timestamp_readable": "2025-06-12 07:04:54.317",
      "normalized_name": "Leonardo-Dicaprio-Wolf-Of-Wall-Street/Leonardo-Dicaprio-Wolf-Of-Wall-Street",
      "meme_name": "Leonardo-Dicaprio-Wolf-Of-Wall-Street",
      "post_id": 15,
      "english_label": "others",
      "response_time_ms": 11611
    },
    {
      "image_path": "Monkey-Puppet/Monkey-Puppet_48.png",
      "label": "輕蔑",
      "response_time": "00:00:09.409",
      "timestamp_unix": 1749711903,
      "timestamp_unix_ms": 1749711903781,
      "timestamp_readable": "2025-06-12 07:05:03.781",
      "normalized_name": "Monkey-Puppet/Monkey-Puppet",
      "meme_name": "Monkey-Puppet",
      "post_id": 48,
      "english_label": "contempt",
      "response_time_ms": 9409
    },
    {
      "image_path": "Black-guy-hiding-behind-tree/Black-guy-hiding-behind-tree_2.png",
      "label": "憤怒",
      "response_time": "00:00:09.005",
      "timestamp_unix": 1749711912,
      "timestamp_unix_ms": 1749711912890,
      "timestamp_readable": "2025-06-12 07:05:12.890",
      "normalized_name": "Black-guy-hiding-behind-tree/Black-guy-hiding-behind-tree",
      "meme_name": "Black-guy-hiding-behind-tree",
      "post_id": 2,
      "english_label": "anger",
      "response_time_ms": 9005
    },
    {
      "image_path": "DJ-Pauly-D/DJ-Pauly-D_20.png",
      "label": "厭惡",
      "response_time": "00:00:06.905",
      "timestamp_unix": 1749711919,
      "timestamp_unix_ms": 1749711919897,
      "timestamp_readable": "2025-06-12 07:05:19.897",
      "normalized_name": "DJ-Pauly-D/DJ-Pauly-D",
      "meme_name": "DJ-Pauly-D",
      "post_id": 20,
      "english_label": "disgust",
      "response_time_ms": 6905
    },
    {
      "image_path": "Obi-Wan-Kenobi/Obi-Wan-Kenobi_1.png",
      "label": "厭惡",
      "response_time": "00:00:09.307",
      "timestamp_unix": 1749711929,
      "timestamp_unix_ms": 1749711929287,
      "timestamp_readable": "2025-06-12 07:05:29.287",
      "normalized_name": "Obi-Wan-Kenobi/Obi-Wan-Kenobi",
      "meme_name": "Obi-Wan-Kenobi",
      "post_id": 1,
      "english_label": "disgust",
      "response_time_ms": 9307
    },
    {
      "image_path": "Arthur-Fist/Arthur-Fist_44.png",
      "label": "憤怒",
      "response_time": "00:00:05.807",
      "timestamp_unix": 1749711935,
      "timestamp_unix_ms": 1749711935265,
      "timestamp_readable": "2025-06-12 07:05:35.265",
      "normalized_name": "Arthur-Fist/Arthur-Fist",
      "meme_name": "Arthur-Fist",
      "post_id": 44,
      "english_label": "anger",
      "response_time_ms": 5807
    },
    {
      "image_path": "Batman-Slapping-Robin/Batman-Slapping-Robin_17.png",
      "label": "憤怒",
      "response_time": "00:00:11.002",
      "timestamp_unix": 1749711946,
      "timestamp_unix_ms": 1749711946403,
      "timestamp_readable": "2025-06-12 07:05:46.403",
      "normalized_name": "Batman-Slapping-Robin/Batman-Slapping-Robin",
      "meme_name": "Batman-Slapping-Robin",
      "post_id": 17,
      "english_label": "anger",
      "response_time_ms": 11002
    },
    {
      "image_path": "Mr-incredible-mad/Mr-incredible-mad_29.png",
      "label": "憤怒",
      "response_time": "00:00:07.501",
      "timestamp_unix": 1749711953,
      "timestamp_unix_ms": 1749711953946,
      "timestamp_readable": "2025-06-12 07:05:53.946",
      "normalized_name": "Mr-incredible-mad/Mr-incredible-mad",
      "meme_name": "Mr-incredible-mad",
      "post_id": 29,
      "english_label": "anger",
      "response_time_ms": 7501
    },
    {
      "image_path": "Nuclear-Explosion/Nuclear-Explosion_39.png",
      "label": "其他",
      "response_time": "00:00:07.208",
      "timestamp_unix": 1749711961,
      "timestamp_unix_ms": 1749711961277,
      "timestamp_readable": "2025-06-12 07:06:01.277",
      "normalized_name": "Nuclear-Explosion/Nuclear-Explosion",
      "meme_name": "Nuclear-Explosion",
      "post_id": 39,
      "english_label": "others",
      "response_time_ms": 7208
    },
    {
      "image_path": "Afraid-To-Ask-Andy/Afraid-To-Ask-Andy_31.png",
      "label": "其他",
      "response_time": "00:00:09.009",
      "timestamp_unix": 1749711970,
      "timestamp_unix_ms": 1749711970415,
      "timestamp_readable": "2025-06-12 07:06:10.415",
      "normalized_name": "Afraid-To-Ask-Andy/Afraid-To-Ask-Andy",
      "meme_name": "Afraid-To-Ask-Andy",
      "post_id": 31,
      "english_label": "others",
      "response_time_ms": 9009
    },
    {
      "image_path": "Thats-a-paddlin/Thats-a-paddlin_5.png",
      "label": "憤怒",
      "response_time": "00:00:08.105",
      "timestamp_unix": 1749711978,
      "timestamp_unix_ms": 1749711978590,
      "timestamp_readable": "2025-06-12 07:06:18.590",
      "normalized_name": "Thats-a-paddlin/Thats-a-paddlin",
      "meme_name": "Thats-a-paddlin",
      "post_id": 5,
      "english_label": "anger",
      "response_time_ms": 8105
    },
    {
      "image_path": "Futurama-Fry/Futurama-Fry_46.png",
      "label": "輕蔑",
      "response_time": "00:00:08.103",
      "timestamp_unix": 1749711986,
      "timestamp_unix_ms": 1749711986821,
      "timestamp_readable": "2025-06-12 07:06:26.821",
      "normalized_name": "Futurama-Fry/Futurama-Fry",
      "meme_name": "Futurama-Fry",
      "post_id": 46,
      "english_label": "contempt",
      "response_time_ms": 8103
    },
    {
      "image_path": "For-the-better-right-blank/For-the-better-right-blank_26.png",
      "label": "厭惡",
      "response_time": "00:00:09.506",
      "timestamp_unix": 1749711996,
      "timestamp_unix_ms": 1749711996392,
      "timestamp_readable": "2025-06-12 07:06:36.392",
      "normalized_name": "For-the-better-right-blank/For-the-better-right-blank",
      "meme_name": "For-the-better-right-blank",
      "post_id": 26,
      "english_label": "disgust",
      "response_time_ms": 9506
    },
    {
      "image_path": "attention_check/attention_check_Anger.png",
      "label": "憤怒",
      "response_time": "00:00:04.419",
      "timestamp_unix": 1749712000,
      "timestamp_unix_ms": 1749712000844,
      "timestamp_readable": "2025-06-12 07:06:40.844",
      "normalized_name": "attention_check/attention_check_Anger.png",
      "meme_name": "attention_check",
      "post_id": null,
      "english_label": "anger",
      "response_time_ms": 4419
    },
    {
      "image_path": "Persian-Cat-Room-Guardian/Persian-Cat-Room-Guardian_18.png",
      "label": "輕蔑",
      "response_time": "00:00:14.107",
      "timestamp_unix": 1749712014,
      "timestamp_unix_ms": 1749712014996,
      "timestamp_readable": "2025-06-12 07:06:54.996",
      "normalized_name": "Persian-Cat-Room-Guardian/Persian-Cat-Room-Guardian",
      "meme_name": "Persian-Cat-Room-Guardian",
      "post_id": 18,
      "english_label": "contempt",
      "response_time_ms": 14107
    },
    {
      "image_path": "Mocking-Spongebob/Mocking-Spongebob_7.png",
      "label": "厭惡",
      "response_time": "00:00:07.409",
      "timestamp_unix": 1749712022,
      "timestamp_unix_ms": 1749712022511,
      "timestamp_readable": "2025-06-12 07:07:02.511",
      "normalized_name": "Mocking-Spongebob/Mocking-Spongebob",
      "meme_name": "Mocking-Spongebob",
      "post_id": 7,
      "english_label": "disgust",
      "response_time_ms": 7409
    },
    {
      "image_path": "Drake-NoYes/Drake-NoYes_33.png",
      "label": "輕蔑",
      "response_time": "00:00:07.907",
      "timestamp_unix": 1749712030,
      "timestamp_unix_ms": 1749712030499,
      "timestamp_readable": "2025-06-12 07:07:10.499",
      "normalized_name": "Drake-NoYes/Drake-NoYes",
      "meme_name": "Drake-NoYes",
      "post_id": 33,
      "english_label": "contempt",
      "response_time_ms": 7907
    },
    {
      "image_path": "Im-The-Captain-Now/Im-The-Captain-Now_13.png",
      "label": "憤怒",
      "response_time": "00:00:05.303",
      "timestamp_unix": 1749712035,
      "timestamp_unix_ms": 1749712035934,
      "timestamp_readable": "2025-06-12 07:07:15.934",
      "normalized_name": "Im-The-Captain-Now/Im-The-Captain-Now",
      "meme_name": "Im-The-Captain-Now",
      "post_id": 13,
      "english_label": "anger",
      "response_time_ms": 5303
    },
    {
      "image_path": "You-The-Real-MVP/You-The-Real-MVP_34.png",
      "label": "輕蔑",
      "response_time": "00:00:07.811",
      "timestamp_unix": 1749712043,
      "timestamp_unix_ms": 1749712043812,
      "timestamp_readable": "2025-06-12 07:07:23.812",
      "normalized_name": "You-The-Real-MVP/You-The-Real-MVP",
      "meme_name": "You-The-Real-MVP",
      "post_id": 34,
      "english_label": "contempt",
      "response_time_ms": 7811
    },
    {
      "image_path": "Table-Flip-Guy/Table-Flip-Guy_21.png",
      "label": "憤怒",
      "response_time": "00:00:06.110",
      "timestamp_unix": 1749712050,
      "timestamp_unix_ms": 1749712050016,
      "timestamp_readable": "2025-06-12 07:07:30.016",
      "normalized_name": "Table-Flip-Guy/Table-Flip-Guy",
      "meme_name": "Table-Flip-Guy",
      "post_id": 21,
      "english_label": "anger",
      "response_time_ms": 6110
    },
    {
      "image_path": "Angry-Baby/Angry-Baby_32.png",
      "label": "憤怒",
      "response_time": "00:00:06.407",
      "timestamp_unix": 1749712056,
      "timestamp_unix_ms": 1749712056491,
      "timestamp_readable": "2025-06-12 07:07:36.491",
      "normalized_name": "Angry-Baby/Angry-Baby",
      "meme_name": "Angry-Baby",
      "post_id": 32,
      "english_label": "anger",
      "response_time_ms": 6407
    },
    {
      "image_path": "Scooby-doo-mask-reveal/Scooby-doo-mask-reveal_28.png",
      "label": "其他",
      "response_time": "00:00:07.503",
      "timestamp_unix": 1749712064,
      "timestamp_unix_ms": 1749712064034,
      "timestamp_readable": "2025-06-12 07:07:44.034",
      "normalized_name": "Scooby-doo-mask-reveal/Scooby-doo-mask-reveal",
      "meme_name": "Scooby-doo-mask-reveal",
      "post_id": 28,
      "english_label": "others",
      "response_time_ms": 7503
    },
    {
      "image_path": "Laughing-wolf/Laughing-wolf_37.png",
      "label": "輕蔑",
      "response_time": "00:00:07.711",
      "timestamp_unix": 1749712071,
      "timestamp_unix_ms": 1749712071857,
      "timestamp_readable": "2025-06-12 07:07:51.857",
      "normalized_name": "Laughing-wolf/Laughing-wolf",
      "meme_name": "Laughing-wolf",
      "post_id": 37,
      "english_label": "contempt",
      "response_time_ms": 7711
    },
    {
      "image_path": "Chill-guy/Chill-guy_30.png",
      "label": "輕蔑",
      "response_time": "00:00:08.207",
      "timestamp_unix": 1749712080,
      "timestamp_unix_ms": 1749712080201,
      "timestamp_readable": "2025-06-12 07:08:00.201",
      "normalized_name": "Chill-guy/Chill-guy",
      "meme_name": "Chill-guy",
      "post_id": 30,
      "english_label": "contempt",
      "response_time_ms": 8207
    },
    {
      "image_path": "Surprised-Pikachu/Surprised-Pikachu_3.png",
      "label": "其他",
      "response_time": "00:00:06.303",
      "timestamp_unix": 1749712086,
      "timestamp_unix_ms": 1749712086590,
      "timestamp_readable": "2025-06-12 07:08:06.590",
      "normalized_name": "Surprised-Pikachu/Surprised-Pikachu",
      "meme_name": "Surprised-Pikachu",
      "post_id": 3,
      "english_label": "others",
      "response_time_ms": 6303
    },
    {
      "image_path": "Mr-McMahon-reaction/Mr-McMahon-reaction_4.png",
      "label": "憤怒",
      "response_time": "00:00:07.816",
      "timestamp_unix": 1749712094,
      "timestamp_unix_ms": 1749712094486,
      "timestamp_readable": "2025-06-12 07:08:14.486",
      "normalized_name": "Mr-McMahon-reaction/Mr-McMahon-reaction",
      "meme_name": "Mr-McMahon-reaction",
      "post_id": 4,
      "english_label": "anger",
      "response_time_ms": 7816
    },
    {
      "image_path": "Put-It-Somewhere-Else-Patrick/Put-It-Somewhere-Else-Patrick_50.png",
      "label": "厭惡",
      "response_time": "00:02:15.009",
      "timestamp_unix": 1749712229,
      "timestamp_unix_ms": 1749712229577,
      "timestamp_readable": "2025-06-12 07:10:29.577",
      "normalized_name": "Put-It-Somewhere-Else-Patrick/Put-It-Somewhere-Else-Patrick",
      "meme_name": "Put-It-Somewhere-Else-Patrick",
      "post_id": 50,
      "english_label": "disgust",
      "response_time_ms": 135009
    },
    {
      "image_path": "Hold-fart/Hold-fart_35.png",
      "label": "其他",
      "response_time": "00:00:08.803",
      "timestamp_unix": 1749712238,
      "timestamp_unix_ms": 1749712238428,
      "timestamp_readable": "2025-06-12 07:10:38.428",
      "normalized_name": "Hold-fart/Hold-fart",
      "meme_name": "Hold-fart",
      "post_id": 35,
      "english_label": "others",
      "response_time_ms": 8803
    },
    {
      "image_path": "Kevin-Hart/Kevin-Hart_25.png",
      "label": "憤怒",
      "response_time": "00:00:05.806",
      "timestamp_unix": 1749712244,
      "timestamp_unix_ms": 1749712244300,
      "timestamp_readable": "2025-06-12 07:10:44.300",
      "normalized_name": "Kevin-Hart/Kevin-Hart",
      "meme_name": "Kevin-Hart",
      "post_id": 25,
      "english_label": "anger",
      "response_time_ms": 5806
    },
    {
      "image_path": "Dave-chappelle/Dave-chappelle_22.png",
      "label": "輕蔑",
      "response_time": "00:00:08.913",
      "timestamp_unix": 1749712253,
      "timestamp_unix_ms": 1749712253277,
      "timestamp_readable": "2025-06-12 07:10:53.277",
      "normalized_name": "Dave-chappelle/Dave-chappelle",
      "meme_name": "Dave-chappelle",
      "post_id": 22,
      "english_label": "contempt",
      "response_time_ms": 8913
    },
    {
      "image_path": "Happy--Shock/Happy--Shock_24.png",
      "label": "其他",
      "response_time": "00:00:11.800",
      "timestamp_unix": 1749712265,
      "timestamp_unix_ms": 1749712265122,
      "timestamp_readable": "2025-06-12 07:11:05.122",
      "normalized_name": "Happy--Shock/Happy--Shock",
      "meme_name": "Happy--Shock",
      "post_id": 24,
      "english_label": "others",
      "response_time_ms": 11800
    },
    {
      "image_path": "Gru-Gun/Gru-Gun_45.png",
      "label": "厭惡",
      "response_time": "00:00:12.108",
      "timestamp_unix": 1749712277,
      "timestamp_unix_ms": 1749712277284,
      "timestamp_readable": "2025-06-12 07:11:17.284",
      "normalized_name": "Gru-Gun/Gru-Gun",
      "meme_name": "Gru-Gun",
      "post_id": 45,
      "english_label": "disgust",
      "response_time_ms": 12108
    },
    {
      "image_path": "Smudge-the-cat/Smudge-the-cat_16.png",
      "label": "輕蔑",
      "response_time": "00:00:09.001",
      "timestamp_unix": 1749712286,
      "timestamp_unix_ms": 1749712286412,
      "timestamp_readable": "2025-06-12 07:11:26.412",
      "normalized_name": "Smudge-the-cat/Smudge-the-cat",
      "meme_name": "Smudge-the-cat",
      "post_id": 16,
      "english_label": "contempt",
      "response_time_ms": 9001
    },
    {
      "image_path": "Ill-Have-You-Know-Spongebob/Ill-Have-You-Know-Spongebob_23.png",
      "label": "厭惡",
      "response_time": "00:00:15.004",
      "timestamp_unix": 1749712301,
      "timestamp_unix_ms": 1749712301540,
      "timestamp_readable": "2025-06-12 07:11:41.540",
      "normalized_name": "Ill-Have-You-Know-Spongebob/Ill-Have-You-Know-Spongebob",
      "meme_name": "Ill-Have-You-Know-Spongebob",
      "post_id": 23,
      "english_label": "disgust",
      "response_time_ms": 15004
    },
    {
      "image_path": "Math-ladyConfused-lady/Math-ladyConfused-lady_11.png",
      "label": "其他",
      "response_time": "00:00:08.004",
      "timestamp_unix": 1749712309,
      "timestamp_unix_ms": 1749712309637,
      "timestamp_readable": "2025-06-12 07:11:49.637",
      "normalized_name": "Math-ladyConfused-lady/Math-ladyConfused-lady",
      "meme_name": "Math-ladyConfused-lady",
      "post_id": 11,
      "english_label": "others",
      "response_time_ms": 8004
    },
    {
      "image_path": "Confused-Gandalf/Confused-Gandalf_12.png",
      "label": "其他",
      "response_time": "00:00:08.800",
      "timestamp_unix": 1749712318,
      "timestamp_unix_ms": 1749712318516,
      "timestamp_readable": "2025-06-12 07:11:58.516",
      "normalized_name": "Confused-Gandalf/Confused-Gandalf",
      "meme_name": "Confused-Gandalf",
      "post_id": 12,
      "english_label": "others",
      "response_time_ms": 8800
    },
    {
      "image_path": "Hide-the-Pain-Harold/Hide-the-Pain-Harold_6.png",
      "label": "輕蔑",
      "response_time": "00:00:10.603",
      "timestamp_unix": 1749712329,
      "timestamp_unix_ms": 1749712329226,
      "timestamp_readable": "2025-06-12 07:12:09.226",
      "normalized_name": "Hide-the-Pain-Harold/Hide-the-Pain-Harold",
      "meme_name": "Hide-the-Pain-Harold",
      "post_id": 6,
      "english_label": "contempt",
      "response_time_ms": 10603
    },
    {
      "image_path": "Well-Yes-But-Actually-No/Well-Yes-But-Actually-No_36.png",
      "label": "輕蔑",
      "response_time": "00:00:08.307",
      "timestamp_unix": 1749712337,
      "timestamp_unix_ms": 1749712337586,
      "timestamp_readable": "2025-06-12 07:12:17.586",
      "normalized_name": "Well-Yes-But-Actually-No/Well-Yes-But-Actually-No",
      "meme_name": "Well-Yes-But-Actually-No",
      "post_id": 36,
      "english_label": "contempt",
      "response_time_ms": 8307
    },
    {
      "image_path": "Dinkleberg/Dinkleberg_27.png",
      "label": "厭惡",
      "response_time": "00:00:07.908",
      "timestamp_unix": 1749712345,
      "timestamp_unix_ms": 1749712345550,
      "timestamp_readable": "2025-06-12 07:12:25.550",
      "normalized_name": "Dinkleberg/Dinkleberg",
      "meme_name": "Dinkleberg",
      "post_id": 27,
      "english_label": "disgust",
      "response_time_ms": 7908
    },
    {
      "image_path": "attention_check/attention_check_Disgust.png",
      "label": "厭惡",
      "response_time": "00:00:06.104",
      "timestamp_unix": 1749712351,
      "timestamp_unix_ms": 1749712351751,
      "timestamp_readable": "2025-06-12 07:12:31.751",
      "normalized_name": "attention_check/attention_check_Disgust.png",
      "meme_name": "attention_check",
      "post_id": null,
      "english_label": "disgust",
      "response_time_ms": 6104
    },
    {
      "image_path": "Always-you-three/Always-you-three_9.png",
      "label": "其他",
      "response_time": "00:00:10.901",
      "timestamp_unix": 1749712362,
      "timestamp_unix_ms": 1749712362714,
      "timestamp_readable": "2025-06-12 07:12:42.714",
      "normalized_name": "Always-you-three/Always-you-three",
      "meme_name": "Always-you-three",
      "post_id": 9,
      "english_label": "others",
      "response_time_ms": 10901
    },
    {
      "image_path": "Picard-Wtf/Picard-Wtf_40.png",
      "label": "憤怒",
      "response_time": "00:00:07.105",
      "timestamp_unix": 1749712369,
      "timestamp_unix_ms": 1749712369922,
      "timestamp_readable": "2025-06-12 07:12:49.922",
      "normalized_name": "Picard-Wtf/Picard-Wtf",
      "meme_name": "Picard-Wtf",
      "post_id": 40,
      "english_label": "anger",
      "response_time_ms": 7105
    },
    {
      "image_path": "Charlie-Day/Charlie-Day_49.png",
      "label": "憤怒",
      "response_time": "00:00:05.006",
      "timestamp_unix": 1749712374,
      "timestamp_unix_ms": 1749712374977,
      "timestamp_readable": "2025-06-12 07:12:54.977",
      "normalized_name": "Charlie-Day/Charlie-Day",
      "meme_name": "Charlie-Day",
      "post_id": 49,
      "english_label": "anger",
      "response_time_ms": 5006
    }
  ],
  "session_start_unix": 1749711691,
  "session_status": "completed",
  "last_updated_unix": 1749712406,
  "image_order": [
    "Spiderman-Hospital/Spiderman-Hospital_43.png",
    "Happy--Shock/Happy--Shock_24.png",
    "Chill-guy/Chill-guy_30.png",
    "I-am-once-again-asking/I-am-once-again-asking_19.png",
    "Math-ladyConfused-lady/Math-ladyConfused-lady_11.png",
    "Archer/Archer_38.png",
    "Leonardo-Dicaprio-Wolf-Of-Wall-Street/Leonardo-Dicaprio-Wolf-Of-Wall-Street_15.png",
    "Mocking-Spongebob/Mocking-Spongebob_7.png",
    "Afraid-To-Ask-Andy/Afraid-To-Ask-Andy_31.png",
    "Charlie-Day/Charlie-Day_49.png",
    "Always-Has-Been/Always-Has-Been_41.png",
    "Picard-Wtf/Picard-Wtf_40.png",
    "Batman-Slapping-Robin/Batman-Slapping-Robin_17.png",
    "For-the-better-right-blank/For-the-better-right-blank_26.png",
    "Drake-NoYes/Drake-NoYes_33.png",
    "Laughing-wolf/Laughing-wolf_37.png",
    "DJ-Pauly-D/DJ-Pauly-D_20.png",
    "Always-you-three/Always-you-three_9.png",
    "Disappointed-Man/Disappointed-Man_14.png",
    "Smudge-the-cat/Smudge-the-cat_16.png",
    "Thats-a-paddlin/Thats-a-paddlin_5.png",
    "Hide-the-Pain-Harold/Hide-the-Pain-Harold_6.png",
    "attention_check/attention_check_Anger.png",
    "Hold-fart/Hold-fart_35.png",
    "Im-The-Captain-Now/Im-The-Captain-Now_13.png",
    "Obi-Wan-Kenobi/Obi-Wan-Kenobi_1.png",
    "Spongebob-Yelling/Spongebob-Yelling_42.png",
    "Nuclear-Explosion/Nuclear-Explosion_39.png",
    "Dinkleberg/Dinkleberg_27.png",
    "Scooby-doo-mask-reveal/Scooby-doo-mask-reveal_28.png",
    "Disaster-Girl/Disaster-Girl_10.png",
    "Black-guy-hiding-behind-tree/Black-guy-hiding-behind-tree_2.png",
    "You-The-Real-MVP/You-The-Real-MVP_34.png",
    "Moe-throws-Barney/Moe-throws-Barney_47.png",
    "Ill-Have-You-Know-Spongebob/Ill-Have-You-Know-Spongebob_23.png",
    "Futurama-Fry/Futurama-Fry_46.png",
    "Monkey-Puppet/Monkey-Puppet_48.png",
    "Confused-Gandalf/Confused-Gandalf_12.png",
    "Mr-incredible-mad/Mr-incredible-mad_29.png",
    "Dave-chappelle/Dave-chappelle_22.png",
    "Surprised-Pikachu/Surprised-Pikachu_3.png",
    "Table-Flip-Guy/Table-Flip-Guy_21.png",
    "Kevin-Hart/Kevin-Hart_25.png",
    "Well-Yes-But-Actually-No/Well-Yes-But-Actually-No_36.png",
    "Mr-McMahon-reaction/Mr-McMahon-reaction_4.png",
    "Gru-Gun/Gru-Gun_45.png",
    "Persian-Cat-Room-Guardian/Persian-Cat-Room-Guardian_18.png",
    "Put-It-Somewhere-Else-Patrick/Put-It-Somewhere-Else-Patrick_50.png",
    "attention_check/attention_check_Disgust.png",
    "Angry-Baby/Angry-Baby_32.png",
    "Arthur-Fist/Arthur-Fist_44.png",
    "Khan/Khan_8.png"
  ],
  "completion_status": {
    "practice_completed": true,
    "game_started": true,
    "game_completed": true,
    "summary_viewed": true,
    "email_submitted": true
  },
  "timestamps_unix": {
    "registration_completed": 1749711691,
    "practice_started": 1749711691,
    "practice_completed": 1749711745,
    "game_started": 1749711745,
    "first_label": 1749711753,
    "last_label": 1749712374,
    "game_completed": 1749712377,
    "summary_viewed": 1749712377,
    "email_submitted": 1749712406,
    "session_end": 1749712406,
    "last_updated": 1749712406
  },
  "timestamps_unix_ms": {
    "registration_completed_ms": 1749711691876,
    "practice_started_ms": 1749711691909,
    "practice_completed_ms": 1749711745182,
    "game_started_ms": 1749711745191,
    "first_label_ms": 1749711753038,
    "last_label_ms": 1749712374977,
    "game_completed_ms": 1749712377519,
    "summary_viewed_ms": 1749712377531,
    "email_submitted_ms": 1749712406918,
    "session_end_ms": 1749712406918,
    "last_updated_ms": 1749712406918
  },
  "duration_stats_ms": {
    "total_session_duration_ms": 715042,
    "practice_duration_ms": 53273,
    "game_duration_ms": 632328,
    "labeling_duration_ms": 621939,
    "email_submission_duration_ms": 29387
  },
  "filename_updated_unix": 1749712377,
  "original_filename": "user_daa860",
  "completion_status_in_filename": "email_submitted"
}