{
  "user_id": "user_df5401",
  "file_name": "user_df5401_1749829624_1749829963_fullycomplete",
  "unix_start_time": 1749829624,
  "unix_start_time_ms": 1749829624518,
  "unix_end_time": 1749829963,
  "unix_end_time_ms": 1749829963953,
  "age": "25-29",
  "gender": "male",
  "user_agent": "Mozilla/5.0 (Macintosh; Intel Mac OS X 10_15_7) AppleWebKit/537.36 (KHTML, like Gecko) Chrome/137.0.0.0 Safari/537.36",
  "user_ip": "58.115.29.9",
  "status": "complete",
  "email_provided": "complete",
  "attention_passed": true,
  "start_time_readable": "2025-06-13 15:47:04.518",
  "end_time_readable": "2025-06-13 15:52:43.953",
  "total_labels": 52,
  "emotion_summary": {
    "anger": 8,
    "contempt": 8,
    "disgust": 4,
    "others": 32
  },
  "email": "email.timmy327@gmail.com",
  "participation": "yes",
  "total_responses": 52,
  "responses": [
    {
      "image_path": "Hide-the-Pain-Harold/Hide-the-Pain-Harold_49.png",
      "label": "輕蔑",
      "response_time": "00:00:09.002",
      "timestamp_unix": 1749829674,
      "timestamp_unix_ms": 1749829674164,
      "timestamp_readable": "2025-06-13 15:47:54.164",
      "normalized_name": "Hide-the-Pain-Harold/Hide-the-Pain-Harold",
      "meme_name": "Hide-the-Pain-Harold",
      "post_id": 49,
      "english_label": "contempt",
      "response_time_ms": 9002
    },
    {
      "image_path": "Nuclear-Explosion/Nuclear-Explosion_27.png",
      "label": "其他",
      "response_time": "00:00:05.501",
      "timestamp_unix": 1749829679,
      "timestamp_unix_ms": 1749829679939,
      "timestamp_readable": "2025-06-13 15:47:59.939",
      "normalized_name": "Nuclear-Explosion/Nuclear-Explosion",
      "meme_name": "Nuclear-Explosion",
      "post_id": 27,
      "english_label": "others",
      "response_time_ms": 5501
    },
    {
      "image_path": "Well-Yes-But-Actually-No/Well-Yes-But-Actually-No_20.png",
      "label": "其他",
      "response_time": "00:00:07.601",
      "timestamp_unix": 1749829687,
      "timestamp_unix_ms": 1749829687761,
      "timestamp_readable": "2025-06-13 15:48:07.761",
      "normalized_name": "Well-Yes-But-Actually-No/Well-Yes-But-Actually-No",
      "meme_name": "Well-Yes-But-Actually-No",
      "post_id": 20,
      "english_label": "others",
      "response_time_ms": 7601
    },
    {
      "image_path": "Thats-a-paddlin/Thats-a-paddlin_33.png",
      "label": "憤怒",
      "response_time": "00:00:07.701",
      "timestamp_unix": 1749829695,
      "timestamp_unix_ms": 1749829695603,
      "timestamp_readable": "2025-06-13 15:48:15.603",
      "normalized_name": "Thats-a-paddlin/Thats-a-paddlin",
      "meme_name": "Thats-a-paddlin",
      "post_id": 33,
      "english_label": "anger",
      "response_time_ms": 7701
    },
    {
      "image_path": "For-the-better-right-blank/For-the-better-right-blank_11.png",
      "label": "其他",
      "response_time": "00:00:03.501",
      "timestamp_unix": 1749829699,
      "timestamp_unix_ms": 1749829699215,
      "timestamp_readable": "2025-06-13 15:48:19.215",
      "normalized_name": "For-the-better-right-blank/For-the-better-right-blank",
      "meme_name": "For-the-better-right-blank",
      "post_id": 11,
      "english_label": "others",
      "response_time_ms": 3501
    },
    {
      "image_path": "Confused-Gandalf/Confused-Gandalf_8.png",
      "label": "其他",
      "response_time": "00:00:10.700",
      "timestamp_unix": 1749829710,
      "timestamp_unix_ms": 1749829710010,
      "timestamp_readable": "2025-06-13 15:48:30.010",
      "normalized_name": "Confused-Gandalf/Confused-Gandalf",
      "meme_name": "Confused-Gandalf",
      "post_id": 8,
      "english_label": "others",
      "response_time_ms": 10700
    },
    {
      "image_path": "Angry-Baby/Angry-Baby_43.png",
      "label": "厭惡",
      "response_time": "00:00:02.900",
      "timestamp_unix": 1749829713,
      "timestamp_unix_ms": 1749829713078,
      "timestamp_readable": "2025-06-13 15:48:33.078",
      "normalized_name": "Angry-Baby/Angry-Baby",
      "meme_name": "Angry-Baby",
      "post_id": 43,
      "english_label": "disgust",
      "response_time_ms": 2900
    },
    {
      "image_path": "Table-Flip-Guy/Table-Flip-Guy_22.png",
      "label": "厭惡",
      "response_time": "00:00:02.801",
      "timestamp_unix": 1749829716,
      "timestamp_unix_ms": 1749829716073,
      "timestamp_readable": "2025-06-13 15:48:36.073",
      "normalized_name": "Table-Flip-Guy/Table-Flip-Guy",
      "meme_name": "Table-Flip-Guy",
      "post_id": 22,
      "english_label": "disgust",
      "response_time_ms": 2801
    },
    {
      "image_path": "Put-It-Somewhere-Else-Patrick/Put-It-Somewhere-Else-Patrick_34.png",
      "label": "其他",
      "response_time": "00:00:06.001",
      "timestamp_unix": 1749829722,
      "timestamp_unix_ms": 1749829722292,
      "timestamp_readable": "2025-06-13 15:48:42.292",
      "normalized_name": "Put-It-Somewhere-Else-Patrick/Put-It-Somewhere-Else-Patrick",
      "meme_name": "Put-It-Somewhere-Else-Patrick",
      "post_id": 34,
      "english_label": "others",
      "response_time_ms": 6001
    },
    {
      "image_path": "Laughing-wolf/Laughing-wolf_14.png",
      "label": "輕蔑",
      "response_time": "00:00:05.200",
      "timestamp_unix": 1749829727,
      "timestamp_unix_ms": 1749829727655,
      "timestamp_readable": "2025-06-13 15:48:47.655",
      "normalized_name": "Laughing-wolf/Laughing-wolf",
      "meme_name": "Laughing-wolf",
      "post_id": 14,
      "english_label": "contempt",
      "response_time_ms": 5200
    },
    {
      "image_path": "I-am-once-again-asking/I-am-once-again-asking_7.png",
      "label": "其他",
      "response_time": "00:00:02.701",
      "timestamp_unix": 1749829730,
      "timestamp_unix_ms": 1749829730459,
      "timestamp_readable": "2025-06-13 15:48:50.459",
      "normalized_name": "I-am-once-again-asking/I-am-once-again-asking",
      "meme_name": "I-am-once-again-asking",
      "post_id": 7,
      "english_label": "others",
      "response_time_ms": 2701
    },
    {
      "image_path": "Moe-throws-Barney/Moe-throws-Barney_13.png",
      "label": "其他",
      "response_time": "00:00:07.899",
      "timestamp_unix": 1749829738,
      "timestamp_unix_ms": 1749829738500,
      "timestamp_readable": "2025-06-13 15:48:58.500",
      "normalized_name": "Moe-throws-Barney/Moe-throws-Barney",
      "meme_name": "Moe-throws-Barney",
      "post_id": 13,
      "english_label": "others",
      "response_time_ms": 7899
    },
    {
      "image_path": "Gru-Gun/Gru-Gun_47.png",
      "label": "其他",
      "response_time": "00:00:07.301",
      "timestamp_unix": 1749829745,
      "timestamp_unix_ms": 1749829745952,
      "timestamp_readable": "2025-06-13 15:49:05.952",
      "normalized_name": "Gru-Gun/Gru-Gun",
      "meme_name": "Gru-Gun",
      "post_id": 47,
      "english_label": "others",
      "response_time_ms": 7301
    },
    {
      "image_path": "Chill-guy/Chill-guy_25.png",
      "label": "輕蔑",
      "response_time": "00:00:02.801",
      "timestamp_unix": 1749829748,
      "timestamp_unix_ms": 1749829748892,
      "timestamp_readable": "2025-06-13 15:49:08.892",
      "normalized_name": "Chill-guy/Chill-guy",
      "meme_name": "Chill-guy",
      "post_id": 25,
      "english_label": "contempt",
      "response_time_ms": 2801
    },
    {
      "image_path": "Mr-incredible-mad/Mr-incredible-mad_40.png",
      "label": "憤怒",
      "response_time": "00:00:01.702",
      "timestamp_unix": 1749829750,
      "timestamp_unix_ms": 1749829750694,
      "timestamp_readable": "2025-06-13 15:49:10.694",
      "normalized_name": "Mr-incredible-mad/Mr-incredible-mad",
      "meme_name": "Mr-incredible-mad",
      "post_id": 40,
      "english_label": "anger",
      "response_time_ms": 1702
    },
    {
      "image_path": "You-The-Real-MVP/You-The-Real-MVP_18.png",
      "label": "其他",
      "response_time": "00:00:02.101",
      "timestamp_unix": 1749829752,
      "timestamp_unix_ms": 1749829752897,
      "timestamp_readable": "2025-06-13 15:49:12.897",
      "normalized_name": "You-The-Real-MVP/You-The-Real-MVP",
      "meme_name": "You-The-Real-MVP",
      "post_id": 18,
      "english_label": "others",
      "response_time_ms": 2101
    },
    {
      "image_path": "Disappointed-Man/Disappointed-Man_1.png",
      "label": "輕蔑",
      "response_time": "00:00:03.201",
      "timestamp_unix": 1749829756,
      "timestamp_unix_ms": 1749829756252,
      "timestamp_readable": "2025-06-13 15:49:16.252",
      "normalized_name": "Disappointed-Man/Disappointed-Man",
      "meme_name": "Disappointed-Man",
      "post_id": 1,
      "english_label": "contempt",
      "response_time_ms": 3201
    },
    {
      "image_path": "Always-Has-Been/Always-Has-Been_12.png",
      "label": "其他",
      "response_time": "00:00:03.600",
      "timestamp_unix": 1749829760,
      "timestamp_unix_ms": 1749829760004,
      "timestamp_readable": "2025-06-13 15:49:20.004",
      "normalized_name": "Always-Has-Been/Always-Has-Been",
      "meme_name": "Always-Has-Been",
      "post_id": 12,
      "english_label": "others",
      "response_time_ms": 3600
    },
    {
      "image_path": "Obi-Wan-Kenobi/Obi-Wan-Kenobi_30.png",
      "label": "其他",
      "response_time": "00:00:09.900",
      "timestamp_unix": 1749829770,
      "timestamp_unix_ms": 1749829770051,
      "timestamp_readable": "2025-06-13 15:49:30.051",
      "normalized_name": "Obi-Wan-Kenobi/Obi-Wan-Kenobi",
      "meme_name": "Obi-Wan-Kenobi",
      "post_id": 30,
      "english_label": "others",
      "response_time_ms": 9900
    },
    {
      "image_path": "Hold-fart/Hold-fart_2.png",
      "label": "其他",
      "response_time": "00:00:08.000",
      "timestamp_unix": 1749829778,
      "timestamp_unix_ms": 1749829778476,
      "timestamp_readable": "2025-06-13 15:49:38.476",
      "normalized_name": "Hold-fart/Hold-fart",
      "meme_name": "Hold-fart",
      "post_id": 2,
      "english_label": "others",
      "response_time_ms": 8000
    },
    {
      "image_path": "Smudge-the-cat/Smudge-the-cat_32.png",
      "label": "憤怒",
      "response_time": "00:00:04.000",
      "timestamp_unix": 1749829782,
      "timestamp_unix_ms": 1749829782592,
      "timestamp_readable": "2025-06-13 15:49:42.592",
      "normalized_name": "Smudge-the-cat/Smudge-the-cat",
      "meme_name": "Smudge-the-cat",
      "post_id": 32,
      "english_label": "anger",
      "response_time_ms": 4000
    },
    {
      "image_path": "Khan/Khan_16.png",
      "label": "其他",
      "response_time": "00:00:05.704",
      "timestamp_unix": 1749829789,
      "timestamp_unix_ms": 1749829789032,
      "timestamp_readable": "2025-06-13 15:49:49.032",
      "normalized_name": "Khan/Khan",
      "meme_name": "Khan",
      "post_id": 16,
      "english_label": "others",
      "response_time_ms": 5704
    },
    {
      "image_path": "attention_check/attention_check_Anger.png",
      "label": "憤怒",
      "response_time": "00:00:07.501",
      "timestamp_unix": 1749829797,
      "timestamp_unix_ms": 1749829797363,
      "timestamp_readable": "2025-06-13 15:49:57.363",
      "normalized_name": "attention_check/attention_check_Anger.png",
      "meme_name": "attention_check",
      "post_id": null,
      "english_label": "anger",
      "response_time_ms": 7501
    },
    {
      "image_path": "Im-The-Captain-Now/Im-The-Captain-Now_44.png",
      "label": "憤怒",
      "response_time": "00:00:08.800",
      "timestamp_unix": 1749829807,
      "timestamp_unix_ms": 1749829807360,
      "timestamp_readable": "2025-06-13 15:50:07.360",
      "normalized_name": "Im-The-Captain-Now/Im-The-Captain-Now",
      "meme_name": "Im-The-Captain-Now",
      "post_id": 44,
      "english_label": "anger",
      "response_time_ms": 8800
    },
    {
      "image_path": "Charlie-Day/Charlie-Day_29.png",
      "label": "其他",
      "response_time": "00:00:08.100",
      "timestamp_unix": 1749829815,
      "timestamp_unix_ms": 1749829815632,
      "timestamp_readable": "2025-06-13 15:50:15.632",
      "normalized_name": "Charlie-Day/Charlie-Day",
      "meme_name": "Charlie-Day",
      "post_id": 29,
      "english_label": "others",
      "response_time_ms": 8100
    },
    {
      "image_path": "Picard-Wtf/Picard-Wtf_39.png",
      "label": "其他",
      "response_time": "00:00:03.200",
      "timestamp_unix": 1749829818,
      "timestamp_unix_ms": 1749829818895,
      "timestamp_readable": "2025-06-13 15:50:18.895",
      "normalized_name": "Picard-Wtf/Picard-Wtf",
      "meme_name": "Picard-Wtf",
      "post_id": 39,
      "english_label": "others",
      "response_time_ms": 3200
    },
    {
      "image_path": "Spongebob-Yelling/Spongebob-Yelling_37.png",
      "label": "憤怒",
      "response_time": "00:00:11.701",
      "timestamp_unix": 1749829830,
      "timestamp_unix_ms": 1749829830737,
      "timestamp_readable": "2025-06-13 15:50:30.737",
      "normalized_name": "Spongebob-Yelling/Spongebob-Yelling",
      "meme_name": "Spongebob-Yelling",
      "post_id": 37,
      "english_label": "anger",
      "response_time_ms": 11701
    },
    {
      "image_path": "Arthur-Fist/Arthur-Fist_26.png",
      "label": "憤怒",
      "response_time": "00:00:06.700",
      "timestamp_unix": 1749829837,
      "timestamp_unix_ms": 1749829837528,
      "timestamp_readable": "2025-06-13 15:50:37.528",
      "normalized_name": "Arthur-Fist/Arthur-Fist",
      "meme_name": "Arthur-Fist",
      "post_id": 26,
      "english_label": "anger",
      "response_time_ms": 6700
    },
    {
      "image_path": "Black-guy-hiding-behind-tree/Black-guy-hiding-behind-tree_28.png",
      "label": "輕蔑",
      "response_time": "00:00:03.401",
      "timestamp_unix": 1749829841,
      "timestamp_unix_ms": 1749829841089,
      "timestamp_readable": "2025-06-13 15:50:41.089",
      "normalized_name": "Black-guy-hiding-behind-tree/Black-guy-hiding-behind-tree",
      "meme_name": "Black-guy-hiding-behind-tree",
      "post_id": 28,
      "english_label": "contempt",
      "response_time_ms": 3401
    },
    {
      "image_path": "Drake-NoYes/Drake-NoYes_19.png",
      "label": "其他",
      "response_time": "00:00:02.401",
      "timestamp_unix": 1749829843,
      "timestamp_unix_ms": 1749829843598,
      "timestamp_readable": "2025-06-13 15:50:43.598",
      "normalized_name": "Drake-NoYes/Drake-NoYes",
      "meme_name": "Drake-NoYes",
      "post_id": 19,
      "english_label": "others",
      "response_time_ms": 2401
    },
    {
      "image_path": "Mocking-Spongebob/Mocking-Spongebob_48.png",
      "label": "厭惡",
      "response_time": "00:00:02.401",
      "timestamp_unix": 1749829846,
      "timestamp_unix_ms": 1749829846098,
      "timestamp_readable": "2025-06-13 15:50:46.098",
      "normalized_name": "Mocking-Spongebob/Mocking-Spongebob",
      "meme_name": "Mocking-Spongebob",
      "post_id": 48,
      "english_label": "disgust",
      "response_time_ms": 2401
    },
    {
      "image_path": "Leonardo-Dicaprio-Wolf-Of-Wall-Street/Leonardo-Dicaprio-Wolf-Of-Wall-Street_45.png",
      "label": "厭惡",
      "response_time": "00:00:03.201",
      "timestamp_unix": 1749829849,
      "timestamp_unix_ms": 1749829849356,
      "timestamp_readable": "2025-06-13 15:50:49.356",
      "normalized_name": "Leonardo-Dicaprio-Wolf-Of-Wall-Street/Leonardo-Dicaprio-Wolf-Of-Wall-Street",
      "meme_name": "Leonardo-Dicaprio-Wolf-Of-Wall-Street",
      "post_id": 45,
      "english_label": "disgust",
      "response_time_ms": 3201
    },
    {
      "image_path": "Scooby-doo-mask-reveal/Scooby-doo-mask-reveal_24.png",
      "label": "其他",
      "response_time": "00:00:04.400",
      "timestamp_unix": 1749829853,
      "timestamp_unix_ms": 1749829853916,
      "timestamp_readable": "2025-06-13 15:50:53.916",
      "normalized_name": "Scooby-doo-mask-reveal/Scooby-doo-mask-reveal",
      "meme_name": "Scooby-doo-mask-reveal",
      "post_id": 24,
      "english_label": "others",
      "response_time_ms": 4400
    },
    {
      "image_path": "Disaster-Girl/Disaster-Girl_50.png",
      "label": "其他",
      "response_time": "00:00:03.000",
      "timestamp_unix": 1749829857,
      "timestamp_unix_ms": 1749829857097,
      "timestamp_readable": "2025-06-13 15:50:57.097",
      "normalized_name": "Disaster-Girl/Disaster-Girl",
      "meme_name": "Disaster-Girl",
      "post_id": 50,
      "english_label": "others",
      "response_time_ms": 3000
    },
    {
      "image_path": "Afraid-To-Ask-Andy/Afraid-To-Ask-Andy_46.png",
      "label": "其他",
      "response_time": "00:00:02.201",
      "timestamp_unix": 1749829859,
      "timestamp_unix_ms": 1749829859421,
      "timestamp_readable": "2025-06-13 15:50:59.421",
      "normalized_name": "Afraid-To-Ask-Andy/Afraid-To-Ask-Andy",
      "meme_name": "Afraid-To-Ask-Andy",
      "post_id": 46,
      "english_label": "others",
      "response_time_ms": 2201
    },
    {
      "image_path": "Kevin-Hart/Kevin-Hart_17.png",
      "label": "其他",
      "response_time": "00:00:05.800",
      "timestamp_unix": 1749829865,
      "timestamp_unix_ms": 1749829865375,
      "timestamp_readable": "2025-06-13 15:51:05.375",
      "normalized_name": "Kevin-Hart/Kevin-Hart",
      "meme_name": "Kevin-Hart",
      "post_id": 17,
      "english_label": "others",
      "response_time_ms": 5800
    },
    {
      "image_path": "Always-you-three/Always-you-three_41.png",
      "label": "其他",
      "response_time": "00:00:07.200",
      "timestamp_unix": 1749829872,
      "timestamp_unix_ms": 1749829872764,
      "timestamp_readable": "2025-06-13 15:51:12.764",
      "normalized_name": "Always-you-three/Always-you-three",
      "meme_name": "Always-you-three",
      "post_id": 41,
      "english_label": "others",
      "response_time_ms": 7200
    },
    {
      "image_path": "Dinkleberg/Dinkleberg_21.png",
      "label": "輕蔑",
      "response_time": "00:00:11.501",
      "timestamp_unix": 1749829884,
      "timestamp_unix_ms": 1749829884413,
      "timestamp_readable": "2025-06-13 15:51:24.413",
      "normalized_name": "Dinkleberg/Dinkleberg",
      "meme_name": "Dinkleberg",
      "post_id": 21,
      "english_label": "contempt",
      "response_time_ms": 11501
    },
    {
      "image_path": "Batman-Slapping-Robin/Batman-Slapping-Robin_38.png",
      "label": "憤怒",
      "response_time": "00:00:02.001",
      "timestamp_unix": 1749829886,
      "timestamp_unix_ms": 1749829886516,
      "timestamp_readable": "2025-06-13 15:51:26.516",
      "normalized_name": "Batman-Slapping-Robin/Batman-Slapping-Robin",
      "meme_name": "Batman-Slapping-Robin",
      "post_id": 38,
      "english_label": "anger",
      "response_time_ms": 2001
    },
    {
      "image_path": "Futurama-Fry/Futurama-Fry_23.png",
      "label": "輕蔑",
      "response_time": "00:00:02.202",
      "timestamp_unix": 1749829888,
      "timestamp_unix_ms": 1749829888794,
      "timestamp_readable": "2025-06-13 15:51:28.794",
      "normalized_name": "Futurama-Fry/Futurama-Fry",
      "meme_name": "Futurama-Fry",
      "post_id": 23,
      "english_label": "contempt",
      "response_time_ms": 2202
    },
    {
      "image_path": "Happy--Shock/Happy--Shock_15.png",
      "label": "其他",
      "response_time": "00:00:02.100",
      "timestamp_unix": 1749829891,
      "timestamp_unix_ms": 1749829891028,
      "timestamp_readable": "2025-06-13 15:51:31.028",
      "normalized_name": "Happy--Shock/Happy--Shock",
      "meme_name": "Happy--Shock",
      "post_id": 15,
      "english_label": "others",
      "response_time_ms": 2100
    },
    {
      "image_path": "Mr-McMahon-reaction/Mr-McMahon-reaction_36.png",
      "label": "其他",
      "response_time": "00:00:05.101",
      "timestamp_unix": 1749829896,
      "timestamp_unix_ms": 1749829896397,
      "timestamp_readable": "2025-06-13 15:51:36.397",
      "normalized_name": "Mr-McMahon-reaction/Mr-McMahon-reaction",
      "meme_name": "Mr-McMahon-reaction",
      "post_id": 36,
      "english_label": "others",
      "response_time_ms": 5101
    },
    {
      "image_path": "Monkey-Puppet/Monkey-Puppet_31.png",
      "label": "其他",
      "response_time": "00:00:04.001",
      "timestamp_unix": 1749829900,
      "timestamp_unix_ms": 1749829900512,
      "timestamp_readable": "2025-06-13 15:51:40.512",
      "normalized_name": "Monkey-Puppet/Monkey-Puppet",
      "meme_name": "Monkey-Puppet",
      "post_id": 31,
      "english_label": "others",
      "response_time_ms": 4001
    },
    {
      "image_path": "Persian-Cat-Room-Guardian/Persian-Cat-Room-Guardian_6.png",
      "label": "其他",
      "response_time": "00:00:02.100",
      "timestamp_unix": 1749829902,
      "timestamp_unix_ms": 1749829902701,
      "timestamp_readable": "2025-06-13 15:51:42.701",
      "normalized_name": "Persian-Cat-Room-Guardian/Persian-Cat-Room-Guardian",
      "meme_name": "Persian-Cat-Room-Guardian",
      "post_id": 6,
      "english_label": "others",
      "response_time_ms": 2100
    },
    {
      "image_path": "Surprised-Pikachu/Surprised-Pikachu_35.png",
      "label": "其他",
      "response_time": "00:00:03.000",
      "timestamp_unix": 1749829905,
      "timestamp_unix_ms": 1749829905942,
      "timestamp_readable": "2025-06-13 15:51:45.942",
      "normalized_name": "Surprised-Pikachu/Surprised-Pikachu",
      "meme_name": "Surprised-Pikachu",
      "post_id": 35,
      "english_label": "others",
      "response_time_ms": 3000
    },
    {
      "image_path": "attention_check/attention_check_Contempt.png",
      "label": "輕蔑",
      "response_time": "00:00:04.301",
      "timestamp_unix": 1749829910,
      "timestamp_unix_ms": 1749829910338,
      "timestamp_readable": "2025-06-13 15:51:50.338",
      "normalized_name": "attention_check/attention_check_Contempt.png",
      "meme_name": "attention_check",
      "post_id": null,
      "english_label": "contempt",
      "response_time_ms": 4301
    },
    {
      "image_path": "Dave-chappelle/Dave-chappelle_10.png",
      "label": "其他",
      "response_time": "00:00:09.200",
      "timestamp_unix": 1749829919,
      "timestamp_unix_ms": 1749829919647,
      "timestamp_readable": "2025-06-13 15:51:59.647",
      "normalized_name": "Dave-chappelle/Dave-chappelle",
      "meme_name": "Dave-chappelle",
      "post_id": 10,
      "english_label": "others",
      "response_time_ms": 9200
    },
    {
      "image_path": "Archer/Archer_5.png",
      "label": "其他",
      "response_time": "00:00:04.600",
      "timestamp_unix": 1749829924,
      "timestamp_unix_ms": 1749829924475,
      "timestamp_readable": "2025-06-13 15:52:04.475",
      "normalized_name": "Archer/Archer",
      "meme_name": "Archer",
      "post_id": 5,
      "english_label": "others",
      "response_time_ms": 4600
    },
    {
      "image_path": "Ill-Have-You-Know-Spongebob/Ill-Have-You-Know-Spongebob_3.png",
      "label": "其他",
      "response_time": "00:00:02.901",
      "timestamp_unix": 1749829927,
      "timestamp_unix_ms": 1749829927597,
      "timestamp_readable": "2025-06-13 15:52:07.597",
      "normalized_name": "Ill-Have-You-Know-Spongebob/Ill-Have-You-Know-Spongebob",
      "meme_name": "Ill-Have-You-Know-Spongebob",
      "post_id": 3,
      "english_label": "others",
      "response_time_ms": 2901
    },
    {
      "image_path": "DJ-Pauly-D/DJ-Pauly-D_42.png",
      "label": "其他",
      "response_time": "00:00:02.302",
      "timestamp_unix": 1749829930,
      "timestamp_unix_ms": 1749829930027,
      "timestamp_readable": "2025-06-13 15:52:10.027",
      "normalized_name": "DJ-Pauly-D/DJ-Pauly-D",
      "meme_name": "DJ-Pauly-D",
      "post_id": 42,
      "english_label": "others",
      "response_time_ms": 2302
    },
    {
      "image_path": "Math-ladyConfused-lady/Math-ladyConfused-lady_4.png",
      "label": "其他",
      "response_time": "00:00:03.200",
      "timestamp_unix": 1749829933,
      "timestamp_unix_ms": 1749829933363,
      "timestamp_readable": "2025-06-13 15:52:13.363",
      "normalized_name": "Math-ladyConfused-lady/Math-ladyConfused-lady",
      "meme_name": "Math-ladyConfused-lady",
      "post_id": 4,
      "english_label": "others",
      "response_time_ms": 3200
    },
    {
      "image_path": "Spiderman-Hospital/Spiderman-Hospital_9.png",
      "label": "其他",
      "response_time": "00:00:04.201",
      "timestamp_unix": 1749829937,
      "timestamp_unix_ms": 1749829937701,
      "timestamp_readable": "2025-06-13 15:52:17.701",
      "normalized_name": "Spiderman-Hospital/Spiderman-Hospital",
      "meme_name": "Spiderman-Hospital",
      "post_id": 9,
      "english_label": "others",
      "response_time_ms": 4201
    }
  ],
  "session_start_unix": 1749829624,
  "session_status": "completed",
  "last_updated_unix": 1749829963,
  "image_order": [
    "Spiderman-Hospital/Spiderman-Hospital_9.png",
    "Happy--Shock/Happy--Shock_15.png",
    "Chill-guy/Chill-guy_25.png",
    "I-am-once-again-asking/I-am-once-again-asking_7.png",
    "Math-ladyConfused-lady/Math-ladyConfused-lady_4.png",
    "Archer/Archer_5.png",
    "Leonardo-Dicaprio-Wolf-Of-Wall-Street/Leonardo-Dicaprio-Wolf-Of-Wall-Street_45.png",
    "Mocking-Spongebob/Mocking-Spongebob_48.png",
    "Afraid-To-Ask-Andy/Afraid-To-Ask-Andy_46.png",
    "Charlie-Day/Charlie-Day_29.png",
    "Always-Has-Been/Always-Has-Been_12.png",
    "Picard-Wtf/Picard-Wtf_39.png",
    "Batman-Slapping-Robin/Batman-Slapping-Robin_38.png",
    "For-the-better-right-blank/For-the-better-right-blank_11.png",
    "Drake-NoYes/Drake-NoYes_19.png",
    "Laughing-wolf/Laughing-wolf_14.png",
    "DJ-Pauly-D/DJ-Pauly-D_42.png",
    "Always-you-three/Always-you-three_41.png",
    "Disappointed-Man/Disappointed-Man_1.png",
    "Smudge-the-cat/Smudge-the-cat_32.png",
    "Thats-a-paddlin/Thats-a-paddlin_33.png",
    "Hide-the-Pain-Harold/Hide-the-Pain-Harold_49.png",
    "attention_check/attention_check_Anger.png",
    "Hold-fart/Hold-fart_2.png",
    "Im-The-Captain-Now/Im-The-Captain-Now_44.png",
    "Obi-Wan-Kenobi/Obi-Wan-Kenobi_30.png",
    "Spongebob-Yelling/Spongebob-Yelling_37.png",
    "Nuclear-Explosion/Nuclear-Explosion_27.png",
    "Dinkleberg/Dinkleberg_21.png",
    "Scooby-doo-mask-reveal/Scooby-doo-mask-reveal_24.png",
    "Disaster-Girl/Disaster-Girl_50.png",
    "Black-guy-hiding-behind-tree/Black-guy-hiding-behind-tree_28.png",
    "You-The-Real-MVP/You-The-Real-MVP_18.png",
    "Moe-throws-Barney/Moe-throws-Barney_13.png",
    "Ill-Have-You-Know-Spongebob/Ill-Have-You-Know-Spongebob_3.png",
    "Futurama-Fry/Futurama-Fry_23.png",
    "Monkey-Puppet/Monkey-Puppet_31.png",
    "Confused-Gandalf/Confused-Gandalf_8.png",
    "Mr-incredible-mad/Mr-incredible-mad_40.png",
    "Dave-chappelle/Dave-chappelle_10.png",
    "Surprised-Pikachu/Surprised-Pikachu_35.png",
    "Table-Flip-Guy/Table-Flip-Guy_22.png",
    "Kevin-Hart/Kevin-Hart_17.png",
    "Well-Yes-But-Actually-No/Well-Yes-But-Actually-No_20.png",
    "Mr-McMahon-reaction/Mr-McMahon-reaction_36.png",
    "attention_check/attention_check_Contempt.png",
    "Gru-Gun/Gru-Gun_47.png",
    "Persian-Cat-Room-Guardian/Persian-Cat-Room-Guardian_6.png",
    "Put-It-Somewhere-Else-Patrick/Put-It-Somewhere-Else-Patrick_34.png",
    "Angry-Baby/Angry-Baby_43.png",
    "Arthur-Fist/Arthur-Fist_26.png",
    "Khan/Khan_16.png"
  ],
  "completion_status": {
    "practice_completed": true,
    "game_started": true,
    "game_completed": true,
    "summary_viewed": true,
    "email_submitted": true
  },
  "timestamps_unix": {
    "registration_completed": 1749829624,
    "practice_started": 1749829624,
    "practice_completed": 1749829664,
    "game_started": 1749829664,
    "first_label": 1749829674,
    "last_label": 1749829937,
    "game_completed": 1749829939,
    "summary_viewed": 1749829939,
    "email_submitted": 1749829963,
    "session_end": 1749829963,
    "last_updated": 1749829963
  },
  "timestamps_unix_ms": {
    "registration_completed_ms": 1749829624518,
    "practice_started_ms": 1749829624569,
    "practice_completed_ms": 1749829664736,
    "game_started_ms": 1749829664749,
    "first_label_ms": 1749829674164,
    "last_label_ms": 1749829937701,
    "game_completed_ms": 1749829939603,
    "summary_viewed_ms": 1749829939617,
    "email_submitted_ms": 1749829963939,
    "session_end_ms": 1749829963939,
    "last_updated_ms": 1749829963939
  },
  "duration_stats_ms": {
    "total_session_duration_ms": 339421,
    "practice_duration_ms": 40167,
    "game_duration_ms": 274854,
    "labeling_duration_ms": 263537,
    "email_submission_duration_ms": 24322
  },
  "filename_updated_unix": 1749829939,
  "original_filename": "user_df5401",
  "completion_status_in_filename": "email_submitted"
}