{
  "user_id": "user_0002cb",
  "file_name": "user_0002cb_1749738723_1749738964_fullycomplete",
  "unix_start_time": 1749738723,
  "unix_start_time_ms": 1749738723218,
  "unix_end_time": 1749738964,
  "unix_end_time_ms": 1749738964048,
  "age": "25-29",
  "gender": "female",
  "user_agent": "Mozilla/5.0 (Macintosh; Intel Mac OS X 10_15_7) AppleWebKit/537.36 (KHTML, like Gecko) Chrome/136.0.0.0 Safari/537.36",
  "user_ip": "220.133.182.141",
  "status": "complete",
  "email_provided": "complete",
  "attention_passed": true,
  "start_time_readable": "2025-06-12 14:32:03.218",
  "end_time_readable": "2025-06-12 14:36:04.048",
  "total_labels": 52,
  "emotion_summary": {
    "anger": 14,
    "contempt": 32,
    "disgust": 5,
    "others": 1
  },
  "email": "u109565027@gap.kmu.edu.tw",
  "participation": "yes",
  "total_responses": 52,
  "responses": [
    {
      "image_path": "Chill-guy/Chill-guy_40.png",
      "label": "輕蔑",
      "response_time": "00:00:05.702",
      "timestamp_unix": 1749738767,
      "timestamp_unix_ms": 1749738767395,
      "timestamp_readable": "2025-06-12 14:32:47.395",
      "normalized_name": "Chill-guy/Chill-guy",
      "meme_name": "Chill-guy",
      "post_id": 40,
      "english_label": "contempt",
      "response_time_ms": 5702
    },
    {
      "image_path": "Spongebob-Yelling/Spongebob-Yelling_8.png",
      "label": "憤怒",
      "response_time": "00:00:03.702",
      "timestamp_unix": 1749738771,
      "timestamp_unix_ms": 1749738771265,
      "timestamp_readable": "2025-06-12 14:32:51.265",
      "normalized_name": "Spongebob-Yelling/Spongebob-Yelling",
      "meme_name": "Spongebob-Yelling",
      "post_id": 8,
      "english_label": "anger",
      "response_time_ms": 3702
    },
    {
      "image_path": "Table-Flip-Guy/Table-Flip-Guy_16.png",
      "label": "厭惡",
      "response_time": "00:00:03.601",
      "timestamp_unix": 1749738774,
      "timestamp_unix_ms": 1749738774978,
      "timestamp_readable": "2025-06-12 14:32:54.978",
      "normalized_name": "Table-Flip-Guy/Table-Flip-Guy",
      "meme_name": "Table-Flip-Guy",
      "post_id": 16,
      "english_label": "disgust",
      "response_time_ms": 3601
    },
    {
      "image_path": "Hold-fart/Hold-fart_37.png",
      "label": "輕蔑",
      "response_time": "00:00:07.101",
      "timestamp_unix": 1749738782,
      "timestamp_unix_ms": 1749738782220,
      "timestamp_readable": "2025-06-12 14:33:02.220",
      "normalized_name": "Hold-fart/Hold-fart",
      "meme_name": "Hold-fart",
      "post_id": 37,
      "english_label": "contempt",
      "response_time_ms": 7101
    },
    {
      "image_path": "Leonardo-Dicaprio-Wolf-Of-Wall-Street/Leonardo-Dicaprio-Wolf-Of-Wall-Street_33.png",
      "label": "輕蔑",
      "response_time": "00:00:03.300",
      "timestamp_unix": 1749738785,
      "timestamp_unix_ms": 1749738785700,
      "timestamp_readable": "2025-06-12 14:33:05.700",
      "normalized_name": "Leonardo-Dicaprio-Wolf-Of-Wall-Street/Leonardo-Dicaprio-Wolf-Of-Wall-Street",
      "meme_name": "Leonardo-Dicaprio-Wolf-Of-Wall-Street",
      "post_id": 33,
      "english_label": "contempt",
      "response_time_ms": 3300
    },
    {
      "image_path": "Dave-chappelle/Dave-chappelle_22.png",
      "label": "厭惡",
      "response_time": "00:00:05.901",
      "timestamp_unix": 1749738791,
      "timestamp_unix_ms": 1749738791671,
      "timestamp_readable": "2025-06-12 14:33:11.671",
      "normalized_name": "Dave-chappelle/Dave-chappelle",
      "meme_name": "Dave-chappelle",
      "post_id": 22,
      "english_label": "disgust",
      "response_time_ms": 5901
    },
    {
      "image_path": "Charlie-Day/Charlie-Day_44.png",
      "label": "厭惡",
      "response_time": "00:00:02.700",
      "timestamp_unix": 1749738794,
      "timestamp_unix_ms": 1749738794548,
      "timestamp_readable": "2025-06-12 14:33:14.548",
      "normalized_name": "Charlie-Day/Charlie-Day",
      "meme_name": "Charlie-Day",
      "post_id": 44,
      "english_label": "disgust",
      "response_time_ms": 2700
    },
    {
      "image_path": "Monkey-Puppet/Monkey-Puppet_23.png",
      "label": "厭惡",
      "response_time": "00:00:03.802",
      "timestamp_unix": 1749738798,
      "timestamp_unix_ms": 1749738798445,
      "timestamp_readable": "2025-06-12 14:33:18.445",
      "normalized_name": "Monkey-Puppet/Monkey-Puppet",
      "meme_name": "Monkey-Puppet",
      "post_id": 23,
      "english_label": "disgust",
      "response_time_ms": 3802
    },
    {
      "image_path": "Nuclear-Explosion/Nuclear-Explosion_49.png",
      "label": "憤怒",
      "response_time": "00:00:02.401",
      "timestamp_unix": 1749738800,
      "timestamp_unix_ms": 1749738800976,
      "timestamp_readable": "2025-06-12 14:33:20.976",
      "normalized_name": "Nuclear-Explosion/Nuclear-Explosion",
      "meme_name": "Nuclear-Explosion",
      "post_id": 49,
      "english_label": "anger",
      "response_time_ms": 2401
    },
    {
      "image_path": "Angry-Baby/Angry-Baby_30.png",
      "label": "憤怒",
      "response_time": "00:00:05.101",
      "timestamp_unix": 1749738806,
      "timestamp_unix_ms": 1749738806240,
      "timestamp_readable": "2025-06-12 14:33:26.240",
      "normalized_name": "Angry-Baby/Angry-Baby",
      "meme_name": "Angry-Baby",
      "post_id": 30,
      "english_label": "anger",
      "response_time_ms": 5101
    },
    {
      "image_path": "Spiderman-Hospital/Spiderman-Hospital_18.png",
      "label": "輕蔑",
      "response_time": "00:00:03.400",
      "timestamp_unix": 1749738809,
      "timestamp_unix_ms": 1749738809729,
      "timestamp_readable": "2025-06-12 14:33:29.729",
      "normalized_name": "Spiderman-Hospital/Spiderman-Hospital",
      "meme_name": "Spiderman-Hospital",
      "post_id": 18,
      "english_label": "contempt",
      "response_time_ms": 3400
    },
    {
      "image_path": "Confused-Gandalf/Confused-Gandalf_28.png",
      "label": "輕蔑",
      "response_time": "00:00:02.802",
      "timestamp_unix": 1749738812,
      "timestamp_unix_ms": 1749738812634,
      "timestamp_readable": "2025-06-12 14:33:32.634",
      "normalized_name": "Confused-Gandalf/Confused-Gandalf",
      "meme_name": "Confused-Gandalf",
      "post_id": 28,
      "english_label": "contempt",
      "response_time_ms": 2802
    },
    {
      "image_path": "Khan/Khan_12.png",
      "label": "憤怒",
      "response_time": "00:00:01.802",
      "timestamp_unix": 1749738814,
      "timestamp_unix_ms": 1749738814574,
      "timestamp_readable": "2025-06-12 14:33:34.574",
      "normalized_name": "Khan/Khan",
      "meme_name": "Khan",
      "post_id": 12,
      "english_label": "anger",
      "response_time_ms": 1802
    },
    {
      "image_path": "Mr-McMahon-reaction/Mr-McMahon-reaction_25.png",
      "label": "憤怒",
      "response_time": "00:00:02.101",
      "timestamp_unix": 1749738816,
      "timestamp_unix_ms": 1749738816747,
      "timestamp_readable": "2025-06-12 14:33:36.747",
      "normalized_name": "Mr-McMahon-reaction/Mr-McMahon-reaction",
      "meme_name": "Mr-McMahon-reaction",
      "post_id": 25,
      "english_label": "anger",
      "response_time_ms": 2101
    },
    {
      "image_path": "Persian-Cat-Room-Guardian/Persian-Cat-Room-Guardian_50.png",
      "label": "憤怒",
      "response_time": "00:00:03.701",
      "timestamp_unix": 1749738820,
      "timestamp_unix_ms": 1749738820545,
      "timestamp_readable": "2025-06-12 14:33:40.545",
      "normalized_name": "Persian-Cat-Room-Guardian/Persian-Cat-Room-Guardian",
      "meme_name": "Persian-Cat-Room-Guardian",
      "post_id": 50,
      "english_label": "anger",
      "response_time_ms": 3701
    },
    {
      "image_path": "Mr-incredible-mad/Mr-incredible-mad_3.png",
      "label": "憤怒",
      "response_time": "00:00:02.301",
      "timestamp_unix": 1749738822,
      "timestamp_unix_ms": 1749738822996,
      "timestamp_readable": "2025-06-12 14:33:42.996",
      "normalized_name": "Mr-incredible-mad/Mr-incredible-mad",
      "meme_name": "Mr-incredible-mad",
      "post_id": 3,
      "english_label": "anger",
      "response_time_ms": 2301
    },
    {
      "image_path": "Afraid-To-Ask-Andy/Afraid-To-Ask-Andy_42.png",
      "label": "輕蔑",
      "response_time": "00:00:02.001",
      "timestamp_unix": 1749738825,
      "timestamp_unix_ms": 1749738825176,
      "timestamp_readable": "2025-06-12 14:33:45.176",
      "normalized_name": "Afraid-To-Ask-Andy/Afraid-To-Ask-Andy",
      "meme_name": "Afraid-To-Ask-Andy",
      "post_id": 42,
      "english_label": "contempt",
      "response_time_ms": 2001
    },
    {
      "image_path": "Archer/Archer_9.png",
      "label": "輕蔑",
      "response_time": "00:00:02.001",
      "timestamp_unix": 1749738827,
      "timestamp_unix_ms": 1749738827253,
      "timestamp_readable": "2025-06-12 14:33:47.253",
      "normalized_name": "Archer/Archer",
      "meme_name": "Archer",
      "post_id": 9,
      "english_label": "contempt",
      "response_time_ms": 2001
    },
    {
      "image_path": "DJ-Pauly-D/DJ-Pauly-D_20.png",
      "label": "輕蔑",
      "response_time": "00:00:03.501",
      "timestamp_unix": 1749738830,
      "timestamp_unix_ms": 1749738830883,
      "timestamp_readable": "2025-06-12 14:33:50.883",
      "normalized_name": "DJ-Pauly-D/DJ-Pauly-D",
      "meme_name": "DJ-Pauly-D",
      "post_id": 20,
      "english_label": "contempt",
      "response_time_ms": 3501
    },
    {
      "image_path": "Thats-a-paddlin/Thats-a-paddlin_34.png",
      "label": "憤怒",
      "response_time": "00:00:04.404",
      "timestamp_unix": 1749738835,
      "timestamp_unix_ms": 1749738835365,
      "timestamp_readable": "2025-06-12 14:33:55.365",
      "normalized_name": "Thats-a-paddlin/Thats-a-paddlin",
      "meme_name": "Thats-a-paddlin",
      "post_id": 34,
      "english_label": "anger",
      "response_time_ms": 4404
    },
    {
      "image_path": "Batman-Slapping-Robin/Batman-Slapping-Robin_32.png",
      "label": "憤怒",
      "response_time": "00:00:04.701",
      "timestamp_unix": 1749738840,
      "timestamp_unix_ms": 1749738840209,
      "timestamp_readable": "2025-06-12 14:34:00.209",
      "normalized_name": "Batman-Slapping-Robin/Batman-Slapping-Robin",
      "meme_name": "Batman-Slapping-Robin",
      "post_id": 32,
      "english_label": "anger",
      "response_time_ms": 4701
    },
    {
      "image_path": "Disaster-Girl/Disaster-Girl_24.png",
      "label": "輕蔑",
      "response_time": "00:00:02.900",
      "timestamp_unix": 1749738843,
      "timestamp_unix_ms": 1749738843209,
      "timestamp_readable": "2025-06-12 14:34:03.209",
      "normalized_name": "Disaster-Girl/Disaster-Girl",
      "meme_name": "Disaster-Girl",
      "post_id": 24,
      "english_label": "contempt",
      "response_time_ms": 2900
    },
    {
      "image_path": "Laughing-wolf/Laughing-wolf_5.png",
      "label": "憤怒",
      "response_time": "00:00:03.301",
      "timestamp_unix": 1749738846,
      "timestamp_unix_ms": 1749738846680,
      "timestamp_readable": "2025-06-12 14:34:06.680",
      "normalized_name": "Laughing-wolf/Laughing-wolf",
      "meme_name": "Laughing-wolf",
      "post_id": 5,
      "english_label": "anger",
      "response_time_ms": 3301
    },
    {
      "image_path": "attention_check/attention_check_Anger.png",
      "label": "憤怒",
      "response_time": "00:00:03.603",
      "timestamp_unix": 1749738850,
      "timestamp_unix_ms": 1749738850357,
      "timestamp_readable": "2025-06-12 14:34:10.357",
      "normalized_name": "attention_check/attention_check_Anger.png",
      "meme_name": "attention_check",
      "post_id": null,
      "english_label": "anger",
      "response_time_ms": 3603
    },
    {
      "image_path": "Put-It-Somewhere-Else-Patrick/Put-It-Somewhere-Else-Patrick_26.png",
      "label": "輕蔑",
      "response_time": "00:00:04.901",
      "timestamp_unix": 1749738855,
      "timestamp_unix_ms": 1749738855426,
      "timestamp_readable": "2025-06-12 14:34:15.426",
      "normalized_name": "Put-It-Somewhere-Else-Patrick/Put-It-Somewhere-Else-Patrick",
      "meme_name": "Put-It-Somewhere-Else-Patrick",
      "post_id": 26,
      "english_label": "contempt",
      "response_time_ms": 4901
    },
    {
      "image_path": "Always-Has-Been/Always-Has-Been_7.png",
      "label": "輕蔑",
      "response_time": "00:00:03.301",
      "timestamp_unix": 1749738858,
      "timestamp_unix_ms": 1749738858830,
      "timestamp_readable": "2025-06-12 14:34:18.830",
      "normalized_name": "Always-Has-Been/Always-Has-Been",
      "meme_name": "Always-Has-Been",
      "post_id": 7,
      "english_label": "contempt",
      "response_time_ms": 3301
    },
    {
      "image_path": "Drake-NoYes/Drake-NoYes_47.png",
      "label": "輕蔑",
      "response_time": "00:00:01.602",
      "timestamp_unix": 1749738860,
      "timestamp_unix_ms": 1749738860537,
      "timestamp_readable": "2025-06-12 14:34:20.537",
      "normalized_name": "Drake-NoYes/Drake-NoYes",
      "meme_name": "Drake-NoYes",
      "post_id": 47,
      "english_label": "contempt",
      "response_time_ms": 1602
    },
    {
      "image_path": "Dinkleberg/Dinkleberg_46.png",
      "label": "輕蔑",
      "response_time": "00:00:03.400",
      "timestamp_unix": 1749738864,
      "timestamp_unix_ms": 1749738864111,
      "timestamp_readable": "2025-06-12 14:34:24.111",
      "normalized_name": "Dinkleberg/Dinkleberg",
      "meme_name": "Dinkleberg",
      "post_id": 46,
      "english_label": "contempt",
      "response_time_ms": 3400
    },
    {
      "image_path": "Kevin-Hart/Kevin-Hart_10.png",
      "label": "其他",
      "response_time": "00:00:03.501",
      "timestamp_unix": 1749738867,
      "timestamp_unix_ms": 1749738867733,
      "timestamp_readable": "2025-06-12 14:34:27.733",
      "normalized_name": "Kevin-Hart/Kevin-Hart",
      "meme_name": "Kevin-Hart",
      "post_id": 10,
      "english_label": "others",
      "response_time_ms": 3501
    },
    {
      "image_path": "Math-ladyConfused-lady/Math-ladyConfused-lady_2.png",
      "label": "輕蔑",
      "response_time": "00:00:07.501",
      "timestamp_unix": 1749738875,
      "timestamp_unix_ms": 1749738875408,
      "timestamp_readable": "2025-06-12 14:34:35.408",
      "normalized_name": "Math-ladyConfused-lady/Math-ladyConfused-lady",
      "meme_name": "Math-ladyConfused-lady",
      "post_id": 2,
      "english_label": "contempt",
      "response_time_ms": 7501
    },
    {
      "image_path": "Scooby-doo-mask-reveal/Scooby-doo-mask-reveal_45.png",
      "label": "輕蔑",
      "response_time": "00:00:04.201",
      "timestamp_unix": 1749738879,
      "timestamp_unix_ms": 1749738879799,
      "timestamp_readable": "2025-06-12 14:34:39.799",
      "normalized_name": "Scooby-doo-mask-reveal/Scooby-doo-mask-reveal",
      "meme_name": "Scooby-doo-mask-reveal",
      "post_id": 45,
      "english_label": "contempt",
      "response_time_ms": 4201
    },
    {
      "image_path": "Disappointed-Man/Disappointed-Man_11.png",
      "label": "輕蔑",
      "response_time": "00:00:03.102",
      "timestamp_unix": 1749738882,
      "timestamp_unix_ms": 1749738882995,
      "timestamp_readable": "2025-06-12 14:34:42.995",
      "normalized_name": "Disappointed-Man/Disappointed-Man",
      "meme_name": "Disappointed-Man",
      "post_id": 11,
      "english_label": "contempt",
      "response_time_ms": 3102
    },
    {
      "image_path": "Moe-throws-Barney/Moe-throws-Barney_41.png",
      "label": "輕蔑",
      "response_time": "00:00:03.900",
      "timestamp_unix": 1749738887,
      "timestamp_unix_ms": 1749738887090,
      "timestamp_readable": "2025-06-12 14:34:47.090",
      "normalized_name": "Moe-throws-Barney/Moe-throws-Barney",
      "meme_name": "Moe-throws-Barney",
      "post_id": 41,
      "english_label": "contempt",
      "response_time_ms": 3900
    },
    {
      "image_path": "Happy--Shock/Happy--Shock_35.png",
      "label": "輕蔑",
      "response_time": "00:00:01.901",
      "timestamp_unix": 1749738889,
      "timestamp_unix_ms": 1749738889082,
      "timestamp_readable": "2025-06-12 14:34:49.082",
      "normalized_name": "Happy--Shock/Happy--Shock",
      "meme_name": "Happy--Shock",
      "post_id": 35,
      "english_label": "contempt",
      "response_time_ms": 1901
    },
    {
      "image_path": "I-am-once-again-asking/I-am-once-again-asking_17.png",
      "label": "輕蔑",
      "response_time": "00:00:02.102",
      "timestamp_unix": 1749738891,
      "timestamp_unix_ms": 1749738891254,
      "timestamp_readable": "2025-06-12 14:34:51.254",
      "normalized_name": "I-am-once-again-asking/I-am-once-again-asking",
      "meme_name": "I-am-once-again-asking",
      "post_id": 17,
      "english_label": "contempt",
      "response_time_ms": 2102
    },
    {
      "image_path": "Always-you-three/Always-you-three_13.png",
      "label": "輕蔑",
      "response_time": "00:00:02.001",
      "timestamp_unix": 1749738893,
      "timestamp_unix_ms": 1749738893335,
      "timestamp_readable": "2025-06-12 14:34:53.335",
      "normalized_name": "Always-you-three/Always-you-three",
      "meme_name": "Always-you-three",
      "post_id": 13,
      "english_label": "contempt",
      "response_time_ms": 2001
    },
    {
      "image_path": "Im-The-Captain-Now/Im-The-Captain-Now_43.png",
      "label": "輕蔑",
      "response_time": "00:00:04.201",
      "timestamp_unix": 1749738897,
      "timestamp_unix_ms": 1749738897666,
      "timestamp_readable": "2025-06-12 14:34:57.666",
      "normalized_name": "Im-The-Captain-Now/Im-The-Captain-Now",
      "meme_name": "Im-The-Captain-Now",
      "post_id": 43,
      "english_label": "contempt",
      "response_time_ms": 4201
    },
    {
      "image_path": "Smudge-the-cat/Smudge-the-cat_6.png",
      "label": "輕蔑",
      "response_time": "00:00:03.501",
      "timestamp_unix": 1749738901,
      "timestamp_unix_ms": 1749738901293,
      "timestamp_readable": "2025-06-12 14:35:01.293",
      "normalized_name": "Smudge-the-cat/Smudge-the-cat",
      "meme_name": "Smudge-the-cat",
      "post_id": 6,
      "english_label": "contempt",
      "response_time_ms": 3501
    },
    {
      "image_path": "Mocking-Spongebob/Mocking-Spongebob_38.png",
      "label": "輕蔑",
      "response_time": "00:00:08.401",
      "timestamp_unix": 1749738909,
      "timestamp_unix_ms": 1749738909863,
      "timestamp_readable": "2025-06-12 14:35:09.863",
      "normalized_name": "Mocking-Spongebob/Mocking-Spongebob",
      "meme_name": "Mocking-Spongebob",
      "post_id": 38,
      "english_label": "contempt",
      "response_time_ms": 8401
    },
    {
      "image_path": "Gru-Gun/Gru-Gun_14.png",
      "label": "憤怒",
      "response_time": "00:00:03.401",
      "timestamp_unix": 1749738913,
      "timestamp_unix_ms": 1749738913345,
      "timestamp_readable": "2025-06-12 14:35:13.345",
      "normalized_name": "Gru-Gun/Gru-Gun",
      "meme_name": "Gru-Gun",
      "post_id": 14,
      "english_label": "anger",
      "response_time_ms": 3401
    },
    {
      "image_path": "For-the-better-right-blank/For-the-better-right-blank_1.png",
      "label": "憤怒",
      "response_time": "00:00:03.701",
      "timestamp_unix": 1749738917,
      "timestamp_unix_ms": 1749738917141,
      "timestamp_readable": "2025-06-12 14:35:17.141",
      "normalized_name": "For-the-better-right-blank/For-the-better-right-blank",
      "meme_name": "For-the-better-right-blank",
      "post_id": 1,
      "english_label": "anger",
      "response_time_ms": 3701
    },
    {
      "image_path": "Hide-the-Pain-Harold/Hide-the-Pain-Harold_31.png",
      "label": "輕蔑",
      "response_time": "00:00:02.500",
      "timestamp_unix": 1749738919,
      "timestamp_unix_ms": 1749738919834,
      "timestamp_readable": "2025-06-12 14:35:19.834",
      "normalized_name": "Hide-the-Pain-Harold/Hide-the-Pain-Harold",
      "meme_name": "Hide-the-Pain-Harold",
      "post_id": 31,
      "english_label": "contempt",
      "response_time_ms": 2500
    },
    {
      "image_path": "Obi-Wan-Kenobi/Obi-Wan-Kenobi_21.png",
      "label": "輕蔑",
      "response_time": "00:00:03.301",
      "timestamp_unix": 1749738923,
      "timestamp_unix_ms": 1749738923269,
      "timestamp_readable": "2025-06-12 14:35:23.269",
      "normalized_name": "Obi-Wan-Kenobi/Obi-Wan-Kenobi",
      "meme_name": "Obi-Wan-Kenobi",
      "post_id": 21,
      "english_label": "contempt",
      "response_time_ms": 3301
    },
    {
      "image_path": "Ill-Have-You-Know-Spongebob/Ill-Have-You-Know-Spongebob_39.png",
      "label": "輕蔑",
      "response_time": "00:00:02.401",
      "timestamp_unix": 1749738925,
      "timestamp_unix_ms": 1749738925779,
      "timestamp_readable": "2025-06-12 14:35:25.779",
      "normalized_name": "Ill-Have-You-Know-Spongebob/Ill-Have-You-Know-Spongebob",
      "meme_name": "Ill-Have-You-Know-Spongebob",
      "post_id": 39,
      "english_label": "contempt",
      "response_time_ms": 2401
    },
    {
      "image_path": "Black-guy-hiding-behind-tree/Black-guy-hiding-behind-tree_4.png",
      "label": "輕蔑",
      "response_time": "00:00:02.001",
      "timestamp_unix": 1749738927,
      "timestamp_unix_ms": 1749738927855,
      "timestamp_readable": "2025-06-12 14:35:27.855",
      "normalized_name": "Black-guy-hiding-behind-tree/Black-guy-hiding-behind-tree",
      "meme_name": "Black-guy-hiding-behind-tree",
      "post_id": 4,
      "english_label": "contempt",
      "response_time_ms": 2001
    },
    {
      "image_path": "Well-Yes-But-Actually-No/Well-Yes-But-Actually-No_15.png",
      "label": "輕蔑",
      "response_time": "00:00:02.302",
      "timestamp_unix": 1749738930,
      "timestamp_unix_ms": 1749738930279,
      "timestamp_readable": "2025-06-12 14:35:30.279",
      "normalized_name": "Well-Yes-But-Actually-No/Well-Yes-But-Actually-No",
      "meme_name": "Well-Yes-But-Actually-No",
      "post_id": 15,
      "english_label": "contempt",
      "response_time_ms": 2302
    },
    {
      "image_path": "Picard-Wtf/Picard-Wtf_27.png",
      "label": "輕蔑",
      "response_time": "00:00:01.801",
      "timestamp_unix": 1749738932,
      "timestamp_unix_ms": 1749738932178,
      "timestamp_readable": "2025-06-12 14:35:32.178",
      "normalized_name": "Picard-Wtf/Picard-Wtf",
      "meme_name": "Picard-Wtf",
      "post_id": 27,
      "english_label": "contempt",
      "response_time_ms": 1801
    },
    {
      "image_path": "attention_check/attention_check_Disgust.png",
      "label": "厭惡",
      "response_time": "00:00:03.301",
      "timestamp_unix": 1749738935,
      "timestamp_unix_ms": 1749738935637,
      "timestamp_readable": "2025-06-12 14:35:35.637",
      "normalized_name": "attention_check/attention_check_Disgust.png",
      "meme_name": "attention_check",
      "post_id": null,
      "english_label": "disgust",
      "response_time_ms": 3301
    },
    {
      "image_path": "Futurama-Fry/Futurama-Fry_48.png",
      "label": "輕蔑",
      "response_time": "00:00:02.000",
      "timestamp_unix": 1749738937,
      "timestamp_unix_ms": 1749738937779,
      "timestamp_readable": "2025-06-12 14:35:37.779",
      "normalized_name": "Futurama-Fry/Futurama-Fry",
      "meme_name": "Futurama-Fry",
      "post_id": 48,
      "english_label": "contempt",
      "response_time_ms": 2000
    },
    {
      "image_path": "Arthur-Fist/Arthur-Fist_19.png",
      "label": "憤怒",
      "response_time": "00:00:04.501",
      "timestamp_unix": 1749738942,
      "timestamp_unix_ms": 1749738942374,
      "timestamp_readable": "2025-06-12 14:35:42.374",
      "normalized_name": "Arthur-Fist/Arthur-Fist",
      "meme_name": "Arthur-Fist",
      "post_id": 19,
      "english_label": "anger",
      "response_time_ms": 4501
    },
    {
      "image_path": "You-The-Real-MVP/You-The-Real-MVP_29.png",
      "label": "輕蔑",
      "response_time": "00:00:02.201",
      "timestamp_unix": 1749738944,
      "timestamp_unix_ms": 1749738944721,
      "timestamp_readable": "2025-06-12 14:35:44.721",
      "normalized_name": "You-The-Real-MVP/You-The-Real-MVP",
      "meme_name": "You-The-Real-MVP",
      "post_id": 29,
      "english_label": "contempt",
      "response_time_ms": 2201
    },
    {
      "image_path": "Surprised-Pikachu/Surprised-Pikachu_36.png",
      "label": "輕蔑",
      "response_time": "00:00:01.801",
      "timestamp_unix": 1749738946,
      "timestamp_unix_ms": 1749738946621,
      "timestamp_readable": "2025-06-12 14:35:46.621",
      "normalized_name": "Surprised-Pikachu/Surprised-Pikachu",
      "meme_name": "Surprised-Pikachu",
      "post_id": 36,
      "english_label": "contempt",
      "response_time_ms": 1801
    }
  ],
  "session_start_unix": 1749738723,
  "session_status": "completed",
  "last_updated_unix": 1749738964,
  "image_order": [
    "Spiderman-Hospital/Spiderman-Hospital_18.png",
    "Happy--Shock/Happy--Shock_35.png",
    "Chill-guy/Chill-guy_40.png",
    "I-am-once-again-asking/I-am-once-again-asking_17.png",
    "Math-ladyConfused-lady/Math-ladyConfused-lady_2.png",
    "Archer/Archer_9.png",
    "Leonardo-Dicaprio-Wolf-Of-Wall-Street/Leonardo-Dicaprio-Wolf-Of-Wall-Street_33.png",
    "Mocking-Spongebob/Mocking-Spongebob_38.png",
    "Afraid-To-Ask-Andy/Afraid-To-Ask-Andy_42.png",
    "Charlie-Day/Charlie-Day_44.png",
    "Always-Has-Been/Always-Has-Been_7.png",
    "Picard-Wtf/Picard-Wtf_27.png",
    "Batman-Slapping-Robin/Batman-Slapping-Robin_32.png",
    "For-the-better-right-blank/For-the-better-right-blank_1.png",
    "Drake-NoYes/Drake-NoYes_47.png",
    "Laughing-wolf/Laughing-wolf_5.png",
    "DJ-Pauly-D/DJ-Pauly-D_20.png",
    "Always-you-three/Always-you-three_13.png",
    "Disappointed-Man/Disappointed-Man_11.png",
    "Smudge-the-cat/Smudge-the-cat_6.png",
    "Thats-a-paddlin/Thats-a-paddlin_34.png",
    "Hide-the-Pain-Harold/Hide-the-Pain-Harold_31.png",
    "Hold-fart/Hold-fart_37.png",
    "attention_check/attention_check_Anger.png",
    "Im-The-Captain-Now/Im-The-Captain-Now_43.png",
    "Obi-Wan-Kenobi/Obi-Wan-Kenobi_21.png",
    "Spongebob-Yelling/Spongebob-Yelling_8.png",
    "Nuclear-Explosion/Nuclear-Explosion_49.png",
    "Dinkleberg/Dinkleberg_46.png",
    "Scooby-doo-mask-reveal/Scooby-doo-mask-reveal_45.png",
    "Disaster-Girl/Disaster-Girl_24.png",
    "Black-guy-hiding-behind-tree/Black-guy-hiding-behind-tree_4.png",
    "You-The-Real-MVP/You-The-Real-MVP_29.png",
    "Moe-throws-Barney/Moe-throws-Barney_41.png",
    "Ill-Have-You-Know-Spongebob/Ill-Have-You-Know-Spongebob_39.png",
    "Futurama-Fry/Futurama-Fry_48.png",
    "Monkey-Puppet/Monkey-Puppet_23.png",
    "Confused-Gandalf/Confused-Gandalf_28.png",
    "Mr-incredible-mad/Mr-incredible-mad_3.png",
    "Dave-chappelle/Dave-chappelle_22.png",
    "Surprised-Pikachu/Surprised-Pikachu_36.png",
    "Table-Flip-Guy/Table-Flip-Guy_16.png",
    "Kevin-Hart/Kevin-Hart_10.png",
    "Well-Yes-But-Actually-No/Well-Yes-But-Actually-No_15.png",
    "Mr-McMahon-reaction/Mr-McMahon-reaction_25.png",
    "Gru-Gun/Gru-Gun_14.png",
    "Persian-Cat-Room-Guardian/Persian-Cat-Room-Guardian_50.png",
    "attention_check/attention_check_Disgust.png",
    "Put-It-Somewhere-Else-Patrick/Put-It-Somewhere-Else-Patrick_26.png",
    "Angry-Baby/Angry-Baby_30.png",
    "Arthur-Fist/Arthur-Fist_19.png",
    "Khan/Khan_12.png"
  ],
  "completion_status": {
    "practice_completed": true,
    "game_started": true,
    "game_completed": true,
    "summary_viewed": true,
    "email_submitted": true
  },
  "timestamps_unix": {
    "registration_completed": 1749738723,
    "practice_started": 1749738723,
    "practice_completed": 1749738761,
    "game_started": 1749738761,
    "first_label": 1749738767,
    "last_label": 1749738946,
    "game_completed": 1749738948,
    "summary_viewed": 1749738948,
    "email_submitted": 1749738964,
    "session_end": 1749738964,
    "last_updated": 1749738964
  },
  "timestamps_unix_ms": {
    "registration_completed_ms": 1749738723218,
    "practice_started_ms": 1749738723267,
    "practice_completed_ms": 1749738761444,
    "game_started_ms": 1749738761459,
    "first_label_ms": 1749738767395,
    "last_label_ms": 1749738946621,
    "game_completed_ms": 1749738948438,
    "summary_viewed_ms": 1749738948454,
    "email_submitted_ms": 1749738964032,
    "session_end_ms": 1749738964032,
    "last_updated_ms": 1749738964032
  },
  "duration_stats_ms": {
    "total_session_duration_ms": 240814,
    "practice_duration_ms": 38177,
    "game_duration_ms": 186979,
    "labeling_duration_ms": 179226,
    "email_submission_duration_ms": 15578
  },
  "filename_updated_unix": 1749738948,
  "original_filename": "user_0002cb",
  "completion_status_in_filename": "email_submitted"
}