{
  "user_id": "user_1153f4",
  "file_name": "user_1153f4_1750781733_1750782296_fullycomplete",
  "unix_start_time": 1750781733,
  "unix_start_time_ms": 1750781733833,
  "unix_end_time": 1750782296,
  "unix_end_time_ms": 1750782296523,
  "age": "25-29",
  "gender": "male",
  "user_agent": "Mozilla/5.0 (Windows NT 10.0; Win64; x64) AppleWebKit/537.36 (KHTML, like Gecko) Chrome/137.0.0.0 Safari/537.36 Edg/137.0.0.0",
  "user_ip": "61.231.20.36",
  "status": "complete",
  "email_provided": "complete",
  "attention_passed": true,
  "start_time_readable": "2025-06-24 16:15:33.833",
  "end_time_readable": "2025-06-24 16:24:56.523",
  "total_labels": 52,
  "emotion_summary": {
    "anger": 3,
    "contempt": 8,
    "disgust": 3,
    "others": 38
  },
  "email": "catchjadebird@gmail.com",
  "participation": "yes",
  "total_responses": 52,
  "responses": [
    {
      "image_path": "Surprised-Pikachu/Surprised-Pikachu_31.png",
      "label": "其他",
      "response_time": "00:00:12.806",
      "timestamp_unix": 1750781838,
      "timestamp_unix_ms": 1750781838357,
      "timestamp_readable": "2025-06-24 16:17:18.357",
      "normalized_name": "Surprised-Pikachu/Surprised-Pikachu",
      "meme_name": "Surprised-Pikachu",
      "post_id": 31,
      "english_label": "others",
      "response_time_ms": 12806
    },
    {
      "image_path": "Obi-Wan-Kenobi/Obi-Wan-Kenobi_2.png",
      "label": "其他",
      "response_time": "00:00:25.605",
      "timestamp_unix": 1750781864,
      "timestamp_unix_ms": 1750781864093,
      "timestamp_readable": "2025-06-24 16:17:44.093",
      "normalized_name": "Obi-Wan-Kenobi/Obi-Wan-Kenobi",
      "meme_name": "Obi-Wan-Kenobi",
      "post_id": 2,
      "english_label": "others",
      "response_time_ms": 25605
    },
    {
      "image_path": "Nuclear-Explosion/Nuclear-Explosion_9.png",
      "label": "其他",
      "response_time": "00:00:10.412",
      "timestamp_unix": 1750781874,
      "timestamp_unix_ms": 1750781874648,
      "timestamp_readable": "2025-06-24 16:17:54.648",
      "normalized_name": "Nuclear-Explosion/Nuclear-Explosion",
      "meme_name": "Nuclear-Explosion",
      "post_id": 9,
      "english_label": "others",
      "response_time_ms": 10412
    },
    {
      "image_path": "Hold-fart/Hold-fart_44.png",
      "label": "其他",
      "response_time": "00:00:22.405",
      "timestamp_unix": 1750781897,
      "timestamp_unix_ms": 1750781897148,
      "timestamp_readable": "2025-06-24 16:18:17.148",
      "normalized_name": "Hold-fart/Hold-fart",
      "meme_name": "Hold-fart",
      "post_id": 44,
      "english_label": "others",
      "response_time_ms": 22405
    },
    {
      "image_path": "Black-guy-hiding-behind-tree/Black-guy-hiding-behind-tree_29.png",
      "label": "其他",
      "response_time": "00:00:06.707",
      "timestamp_unix": 1750781903,
      "timestamp_unix_ms": 1750781903960,
      "timestamp_readable": "2025-06-24 16:18:23.960",
      "normalized_name": "Black-guy-hiding-behind-tree/Black-guy-hiding-behind-tree",
      "meme_name": "Black-guy-hiding-behind-tree",
      "post_id": 29,
      "english_label": "others",
      "response_time_ms": 6707
    },
    {
      "image_path": "Laughing-wolf/Laughing-wolf_15.png",
      "label": "其他",
      "response_time": "00:00:11.302",
      "timestamp_unix": 1750781915,
      "timestamp_unix_ms": 1750781915348,
      "timestamp_readable": "2025-06-24 16:18:35.348",
      "normalized_name": "Laughing-wolf/Laughing-wolf",
      "meme_name": "Laughing-wolf",
      "post_id": 15,
      "english_label": "others",
      "response_time_ms": 11302
    },
    {
      "image_path": "Confused-Gandalf/Confused-Gandalf_42.png",
      "label": "其他",
      "response_time": "00:00:10.208",
      "timestamp_unix": 1750781925,
      "timestamp_unix_ms": 1750781925664,
      "timestamp_readable": "2025-06-24 16:18:45.664",
      "normalized_name": "Confused-Gandalf/Confused-Gandalf",
      "meme_name": "Confused-Gandalf",
      "post_id": 42,
      "english_label": "others",
      "response_time_ms": 10208
    },
    {
      "image_path": "Spiderman-Hospital/Spiderman-Hospital_26.png",
      "label": "其他",
      "response_time": "00:00:07.108",
      "timestamp_unix": 1750781932,
      "timestamp_unix_ms": 1750781932900,
      "timestamp_readable": "2025-06-24 16:18:52.900",
      "normalized_name": "Spiderman-Hospital/Spiderman-Hospital",
      "meme_name": "Spiderman-Hospital",
      "post_id": 26,
      "english_label": "others",
      "response_time_ms": 7108
    },
    {
      "image_path": "Afraid-To-Ask-Andy/Afraid-To-Ask-Andy_30.png",
      "label": "其他",
      "response_time": "00:00:05.706",
      "timestamp_unix": 1750781938,
      "timestamp_unix_ms": 1750781938716,
      "timestamp_readable": "2025-06-24 16:18:58.716",
      "normalized_name": "Afraid-To-Ask-Andy/Afraid-To-Ask-Andy",
      "meme_name": "Afraid-To-Ask-Andy",
      "post_id": 30,
      "english_label": "others",
      "response_time_ms": 5706
    },
    {
      "image_path": "Table-Flip-Guy/Table-Flip-Guy_50.png",
      "label": "憤怒",
      "response_time": "00:00:18.204",
      "timestamp_unix": 1750781957,
      "timestamp_unix_ms": 1750781957080,
      "timestamp_readable": "2025-06-24 16:19:17.080",
      "normalized_name": "Table-Flip-Guy/Table-Flip-Guy",
      "meme_name": "Table-Flip-Guy",
      "post_id": 50,
      "english_label": "anger",
      "response_time_ms": 18204
    },
    {
      "image_path": "Mr-incredible-mad/Mr-incredible-mad_27.png",
      "label": "厭惡",
      "response_time": "00:00:08.311",
      "timestamp_unix": 1750781965,
      "timestamp_unix_ms": 1750781965464,
      "timestamp_readable": "2025-06-24 16:19:25.464",
      "normalized_name": "Mr-incredible-mad/Mr-incredible-mad",
      "meme_name": "Mr-incredible-mad",
      "post_id": 27,
      "english_label": "disgust",
      "response_time_ms": 8311
    },
    {
      "image_path": "Always-you-three/Always-you-three_21.png",
      "label": "其他",
      "response_time": "00:00:12.210",
      "timestamp_unix": 1750781977,
      "timestamp_unix_ms": 1750781977812,
      "timestamp_readable": "2025-06-24 16:19:37.812",
      "normalized_name": "Always-you-three/Always-you-three",
      "meme_name": "Always-you-three",
      "post_id": 21,
      "english_label": "others",
      "response_time_ms": 12210
    },
    {
      "image_path": "Futurama-Fry/Futurama-Fry_22.png",
      "label": "其他",
      "response_time": "00:00:11.706",
      "timestamp_unix": 1750781989,
      "timestamp_unix_ms": 1750781989633,
      "timestamp_readable": "2025-06-24 16:19:49.633",
      "normalized_name": "Futurama-Fry/Futurama-Fry",
      "meme_name": "Futurama-Fry",
      "post_id": 22,
      "english_label": "others",
      "response_time_ms": 11706
    },
    {
      "image_path": "Leonardo-Dicaprio-Wolf-Of-Wall-Street/Leonardo-Dicaprio-Wolf-Of-Wall-Street_10.png",
      "label": "輕蔑",
      "response_time": "00:00:08.705",
      "timestamp_unix": 1750781998,
      "timestamp_unix_ms": 1750781998485,
      "timestamp_readable": "2025-06-24 16:19:58.485",
      "normalized_name": "Leonardo-Dicaprio-Wolf-Of-Wall-Street/Leonardo-Dicaprio-Wolf-Of-Wall-Street",
      "meme_name": "Leonardo-Dicaprio-Wolf-Of-Wall-Street",
      "post_id": 10,
      "english_label": "contempt",
      "response_time_ms": 8705
    },
    {
      "image_path": "DJ-Pauly-D/DJ-Pauly-D_4.png",
      "label": "其他",
      "response_time": "00:00:09.402",
      "timestamp_unix": 1750782007,
      "timestamp_unix_ms": 1750782007996,
      "timestamp_readable": "2025-06-24 16:20:07.996",
      "normalized_name": "DJ-Pauly-D/DJ-Pauly-D",
      "meme_name": "DJ-Pauly-D",
      "post_id": 4,
      "english_label": "others",
      "response_time_ms": 9402
    },
    {
      "image_path": "Dinkleberg/Dinkleberg_11.png",
      "label": "其他",
      "response_time": "00:00:10.405",
      "timestamp_unix": 1750782018,
      "timestamp_unix_ms": 1750782018516,
      "timestamp_readable": "2025-06-24 16:20:18.516",
      "normalized_name": "Dinkleberg/Dinkleberg",
      "meme_name": "Dinkleberg",
      "post_id": 11,
      "english_label": "others",
      "response_time_ms": 10405
    },
    {
      "image_path": "Well-Yes-But-Actually-No/Well-Yes-But-Actually-No_23.png",
      "label": "其他",
      "response_time": "00:00:10.804",
      "timestamp_unix": 1750782029,
      "timestamp_unix_ms": 1750782029416,
      "timestamp_readable": "2025-06-24 16:20:29.416",
      "normalized_name": "Well-Yes-But-Actually-No/Well-Yes-But-Actually-No",
      "meme_name": "Well-Yes-But-Actually-No",
      "post_id": 23,
      "english_label": "others",
      "response_time_ms": 10804
    },
    {
      "image_path": "Chill-guy/Chill-guy_39.png",
      "label": "其他",
      "response_time": "00:00:05.306",
      "timestamp_unix": 1750782034,
      "timestamp_unix_ms": 1750782034832,
      "timestamp_readable": "2025-06-24 16:20:34.832",
      "normalized_name": "Chill-guy/Chill-guy",
      "meme_name": "Chill-guy",
      "post_id": 39,
      "english_label": "others",
      "response_time_ms": 5306
    },
    {
      "image_path": "Smudge-the-cat/Smudge-the-cat_32.png",
      "label": "其他",
      "response_time": "00:00:07.710",
      "timestamp_unix": 1750782042,
      "timestamp_unix_ms": 1750782042633,
      "timestamp_readable": "2025-06-24 16:20:42.633",
      "normalized_name": "Smudge-the-cat/Smudge-the-cat",
      "meme_name": "Smudge-the-cat",
      "post_id": 32,
      "english_label": "others",
      "response_time_ms": 7710
    },
    {
      "image_path": "Charlie-Day/Charlie-Day_6.png",
      "label": "厭惡",
      "response_time": "00:00:14.306",
      "timestamp_unix": 1750782057,
      "timestamp_unix_ms": 1750782057000,
      "timestamp_readable": "2025-06-24 16:20:57.000",
      "normalized_name": "Charlie-Day/Charlie-Day",
      "meme_name": "Charlie-Day",
      "post_id": 6,
      "english_label": "disgust",
      "response_time_ms": 14306
    },
    {
      "image_path": "Happy--Shock/Happy--Shock_46.png",
      "label": "其他",
      "response_time": "00:00:03.802",
      "timestamp_unix": 1750782060,
      "timestamp_unix_ms": 1750782060900,
      "timestamp_readable": "2025-06-24 16:21:00.900",
      "normalized_name": "Happy--Shock/Happy--Shock",
      "meme_name": "Happy--Shock",
      "post_id": 46,
      "english_label": "others",
      "response_time_ms": 3802
    },
    {
      "image_path": "Archer/Archer_45.png",
      "label": "輕蔑",
      "response_time": "00:00:05.102",
      "timestamp_unix": 1750782066,
      "timestamp_unix_ms": 1750782066120,
      "timestamp_readable": "2025-06-24 16:21:06.120",
      "normalized_name": "Archer/Archer",
      "meme_name": "Archer",
      "post_id": 45,
      "english_label": "contempt",
      "response_time_ms": 5102
    },
    {
      "image_path": "attention_check/attention_check_Anger.png",
      "label": "憤怒",
      "response_time": "00:00:07.002",
      "timestamp_unix": 1750782073,
      "timestamp_unix_ms": 1750782073221,
      "timestamp_readable": "2025-06-24 16:21:13.221",
      "normalized_name": "attention_check/attention_check_Anger.png",
      "meme_name": "attention_check",
      "post_id": null,
      "english_label": "anger",
      "response_time_ms": 7002
    },
    {
      "image_path": "Disaster-Girl/Disaster-Girl_47.png",
      "label": "其他",
      "response_time": "00:00:07.005",
      "timestamp_unix": 1750782080,
      "timestamp_unix_ms": 1750782080317,
      "timestamp_readable": "2025-06-24 16:21:20.317",
      "normalized_name": "Disaster-Girl/Disaster-Girl",
      "meme_name": "Disaster-Girl",
      "post_id": 47,
      "english_label": "others",
      "response_time_ms": 7005
    },
    {
      "image_path": "Khan/Khan_35.png",
      "label": "其他",
      "response_time": "00:00:06.812",
      "timestamp_unix": 1750782087,
      "timestamp_unix_ms": 1750782087233,
      "timestamp_readable": "2025-06-24 16:21:27.233",
      "normalized_name": "Khan/Khan",
      "meme_name": "Khan",
      "post_id": 35,
      "english_label": "others",
      "response_time_ms": 6812
    },
    {
      "image_path": "Kevin-Hart/Kevin-Hart_3.png",
      "label": "其他",
      "response_time": "00:00:06.812",
      "timestamp_unix": 1750782094,
      "timestamp_unix_ms": 1750782094133,
      "timestamp_readable": "2025-06-24 16:21:34.133",
      "normalized_name": "Kevin-Hart/Kevin-Hart",
      "meme_name": "Kevin-Hart",
      "post_id": 3,
      "english_label": "others",
      "response_time_ms": 6812
    },
    {
      "image_path": "Spongebob-Yelling/Spongebob-Yelling_36.png",
      "label": "其他",
      "response_time": "00:00:07.907",
      "timestamp_unix": 1750782102,
      "timestamp_unix_ms": 1750782102117,
      "timestamp_readable": "2025-06-24 16:21:42.117",
      "normalized_name": "Spongebob-Yelling/Spongebob-Yelling",
      "meme_name": "Spongebob-Yelling",
      "post_id": 36,
      "english_label": "others",
      "response_time_ms": 7907
    },
    {
      "image_path": "Always-Has-Been/Always-Has-Been_8.png",
      "label": "其他",
      "response_time": "00:00:06.208",
      "timestamp_unix": 1750782108,
      "timestamp_unix_ms": 1750782108381,
      "timestamp_readable": "2025-06-24 16:21:48.381",
      "normalized_name": "Always-Has-Been/Always-Has-Been",
      "meme_name": "Always-Has-Been",
      "post_id": 8,
      "english_label": "others",
      "response_time_ms": 6208
    },
    {
      "image_path": "Math-ladyConfused-lady/Math-ladyConfused-lady_18.png",
      "label": "其他",
      "response_time": "00:00:07.510",
      "timestamp_unix": 1750782116,
      "timestamp_unix_ms": 1750782116016,
      "timestamp_readable": "2025-06-24 16:21:56.016",
      "normalized_name": "Math-ladyConfused-lady/Math-ladyConfused-lady",
      "meme_name": "Math-ladyConfused-lady",
      "post_id": 18,
      "english_label": "others",
      "response_time_ms": 7510
    },
    {
      "image_path": "Scooby-doo-mask-reveal/Scooby-doo-mask-reveal_12.png",
      "label": "其他",
      "response_time": "00:00:05.101",
      "timestamp_unix": 1750782121,
      "timestamp_unix_ms": 1750782121233,
      "timestamp_readable": "2025-06-24 16:22:01.233",
      "normalized_name": "Scooby-doo-mask-reveal/Scooby-doo-mask-reveal",
      "meme_name": "Scooby-doo-mask-reveal",
      "post_id": 12,
      "english_label": "others",
      "response_time_ms": 5101
    },
    {
      "image_path": "Disappointed-Man/Disappointed-Man_20.png",
      "label": "其他",
      "response_time": "00:00:04.309",
      "timestamp_unix": 1750782125,
      "timestamp_unix_ms": 1750782125701,
      "timestamp_readable": "2025-06-24 16:22:05.701",
      "normalized_name": "Disappointed-Man/Disappointed-Man",
      "meme_name": "Disappointed-Man",
      "post_id": 20,
      "english_label": "others",
      "response_time_ms": 4309
    },
    {
      "image_path": "Monkey-Puppet/Monkey-Puppet_25.png",
      "label": "其他",
      "response_time": "00:00:03.712",
      "timestamp_unix": 1750782129,
      "timestamp_unix_ms": 1750782129520,
      "timestamp_readable": "2025-06-24 16:22:09.520",
      "normalized_name": "Monkey-Puppet/Monkey-Puppet",
      "meme_name": "Monkey-Puppet",
      "post_id": 25,
      "english_label": "others",
      "response_time_ms": 3712
    },
    {
      "image_path": "Gru-Gun/Gru-Gun_5.png",
      "label": "其他",
      "response_time": "00:00:05.609",
      "timestamp_unix": 1750782135,
      "timestamp_unix_ms": 1750782135217,
      "timestamp_readable": "2025-06-24 16:22:15.217",
      "normalized_name": "Gru-Gun/Gru-Gun",
      "meme_name": "Gru-Gun",
      "post_id": 5,
      "english_label": "others",
      "response_time_ms": 5609
    },
    {
      "image_path": "Mr-McMahon-reaction/Mr-McMahon-reaction_19.png",
      "label": "其他",
      "response_time": "00:00:06.011",
      "timestamp_unix": 1750782141,
      "timestamp_unix_ms": 1750782141333,
      "timestamp_readable": "2025-06-24 16:22:21.333",
      "normalized_name": "Mr-McMahon-reaction/Mr-McMahon-reaction",
      "meme_name": "Mr-McMahon-reaction",
      "post_id": 19,
      "english_label": "others",
      "response_time_ms": 6011
    },
    {
      "image_path": "Thats-a-paddlin/Thats-a-paddlin_43.png",
      "label": "輕蔑",
      "response_time": "00:00:05.702",
      "timestamp_unix": 1750782147,
      "timestamp_unix_ms": 1750782147105,
      "timestamp_readable": "2025-06-24 16:22:27.105",
      "normalized_name": "Thats-a-paddlin/Thats-a-paddlin",
      "meme_name": "Thats-a-paddlin",
      "post_id": 43,
      "english_label": "contempt",
      "response_time_ms": 5702
    },
    {
      "image_path": "Hide-the-Pain-Harold/Hide-the-Pain-Harold_17.png",
      "label": "其他",
      "response_time": "00:00:04.506",
      "timestamp_unix": 1750782151,
      "timestamp_unix_ms": 1750782151753,
      "timestamp_readable": "2025-06-24 16:22:31.753",
      "normalized_name": "Hide-the-Pain-Harold/Hide-the-Pain-Harold",
      "meme_name": "Hide-the-Pain-Harold",
      "post_id": 17,
      "english_label": "others",
      "response_time_ms": 4506
    },
    {
      "image_path": "For-the-better-right-blank/For-the-better-right-blank_38.png",
      "label": "其他",
      "response_time": "00:00:10.012",
      "timestamp_unix": 1750782161,
      "timestamp_unix_ms": 1750782161852,
      "timestamp_readable": "2025-06-24 16:22:41.852",
      "normalized_name": "For-the-better-right-blank/For-the-better-right-blank",
      "meme_name": "For-the-better-right-blank",
      "post_id": 38,
      "english_label": "others",
      "response_time_ms": 10012
    },
    {
      "image_path": "Im-The-Captain-Now/Im-The-Captain-Now_28.png",
      "label": "其他",
      "response_time": "00:00:08.504",
      "timestamp_unix": 1750782170,
      "timestamp_unix_ms": 1750782170477,
      "timestamp_readable": "2025-06-24 16:22:50.477",
      "normalized_name": "Im-The-Captain-Now/Im-The-Captain-Now",
      "meme_name": "Im-The-Captain-Now",
      "post_id": 28,
      "english_label": "others",
      "response_time_ms": 8504
    },
    {
      "image_path": "Persian-Cat-Room-Guardian/Persian-Cat-Room-Guardian_14.png",
      "label": "厭惡",
      "response_time": "00:00:06.701",
      "timestamp_unix": 1750782177,
      "timestamp_unix_ms": 1750782177253,
      "timestamp_readable": "2025-06-24 16:22:57.253",
      "normalized_name": "Persian-Cat-Room-Guardian/Persian-Cat-Room-Guardian",
      "meme_name": "Persian-Cat-Room-Guardian",
      "post_id": 14,
      "english_label": "disgust",
      "response_time_ms": 6701
    },
    {
      "image_path": "Angry-Baby/Angry-Baby_33.png",
      "label": "其他",
      "response_time": "00:00:06.302",
      "timestamp_unix": 1750782183,
      "timestamp_unix_ms": 1750782183669,
      "timestamp_readable": "2025-06-24 16:23:03.669",
      "normalized_name": "Angry-Baby/Angry-Baby",
      "meme_name": "Angry-Baby",
      "post_id": 33,
      "english_label": "others",
      "response_time_ms": 6302
    },
    {
      "image_path": "Drake-NoYes/Drake-NoYes_1.png",
      "label": "輕蔑",
      "response_time": "00:00:06.412",
      "timestamp_unix": 1750782190,
      "timestamp_unix_ms": 1750782190189,
      "timestamp_readable": "2025-06-24 16:23:10.189",
      "normalized_name": "Drake-NoYes/Drake-NoYes",
      "meme_name": "Drake-NoYes",
      "post_id": 1,
      "english_label": "contempt",
      "response_time_ms": 6412
    },
    {
      "image_path": "Picard-Wtf/Picard-Wtf_24.png",
      "label": "其他",
      "response_time": "00:00:04.005",
      "timestamp_unix": 1750782194,
      "timestamp_unix_ms": 1750782194321,
      "timestamp_readable": "2025-06-24 16:23:14.321",
      "normalized_name": "Picard-Wtf/Picard-Wtf",
      "meme_name": "Picard-Wtf",
      "post_id": 24,
      "english_label": "others",
      "response_time_ms": 4005
    },
    {
      "image_path": "I-am-once-again-asking/I-am-once-again-asking_16.png",
      "label": "輕蔑",
      "response_time": "00:00:07.009",
      "timestamp_unix": 1750782201,
      "timestamp_unix_ms": 1750782201488,
      "timestamp_readable": "2025-06-24 16:23:21.488",
      "normalized_name": "I-am-once-again-asking/I-am-once-again-asking",
      "meme_name": "I-am-once-again-asking",
      "post_id": 16,
      "english_label": "contempt",
      "response_time_ms": 7009
    },
    {
      "image_path": "Moe-throws-Barney/Moe-throws-Barney_7.png",
      "label": "其他",
      "response_time": "00:00:04.409",
      "timestamp_unix": 1750782205,
      "timestamp_unix_ms": 1750782205988,
      "timestamp_readable": "2025-06-24 16:23:25.988",
      "normalized_name": "Moe-throws-Barney/Moe-throws-Barney",
      "meme_name": "Moe-throws-Barney",
      "post_id": 7,
      "english_label": "others",
      "response_time_ms": 4409
    },
    {
      "image_path": "Mocking-Spongebob/Mocking-Spongebob_34.png",
      "label": "其他",
      "response_time": "00:00:04.302",
      "timestamp_unix": 1750782210,
      "timestamp_unix_ms": 1750782210404,
      "timestamp_readable": "2025-06-24 16:23:30.404",
      "normalized_name": "Mocking-Spongebob/Mocking-Spongebob",
      "meme_name": "Mocking-Spongebob",
      "post_id": 34,
      "english_label": "others",
      "response_time_ms": 4302
    },
    {
      "image_path": "You-The-Real-MVP/You-The-Real-MVP_37.png",
      "label": "其他",
      "response_time": "00:00:05.306",
      "timestamp_unix": 1750782215,
      "timestamp_unix_ms": 1750782215872,
      "timestamp_readable": "2025-06-24 16:23:35.872",
      "normalized_name": "You-The-Real-MVP/You-The-Real-MVP",
      "meme_name": "You-The-Real-MVP",
      "post_id": 37,
      "english_label": "others",
      "response_time_ms": 5306
    },
    {
      "image_path": "Ill-Have-You-Know-Spongebob/Ill-Have-You-Know-Spongebob_40.png",
      "label": "輕蔑",
      "response_time": "00:00:05.704",
      "timestamp_unix": 1750782221,
      "timestamp_unix_ms": 1750782221672,
      "timestamp_readable": "2025-06-24 16:23:41.672",
      "normalized_name": "Ill-Have-You-Know-Spongebob/Ill-Have-You-Know-Spongebob",
      "meme_name": "Ill-Have-You-Know-Spongebob",
      "post_id": 40,
      "english_label": "contempt",
      "response_time_ms": 5704
    },
    {
      "image_path": "attention_check/attention_check_Contempt.png",
      "label": "輕蔑",
      "response_time": "00:00:02.502",
      "timestamp_unix": 1750782224,
      "timestamp_unix_ms": 1750782224273,
      "timestamp_readable": "2025-06-24 16:23:44.273",
      "normalized_name": "attention_check/attention_check_Contempt.png",
      "meme_name": "attention_check",
      "post_id": null,
      "english_label": "contempt",
      "response_time_ms": 2502
    },
    {
      "image_path": "Arthur-Fist/Arthur-Fist_13.png",
      "label": "憤怒",
      "response_time": "00:00:04.906",
      "timestamp_unix": 1750782229,
      "timestamp_unix_ms": 1750782229320,
      "timestamp_readable": "2025-06-24 16:23:49.320",
      "normalized_name": "Arthur-Fist/Arthur-Fist",
      "meme_name": "Arthur-Fist",
      "post_id": 13,
      "english_label": "anger",
      "response_time_ms": 4906
    },
    {
      "image_path": "Batman-Slapping-Robin/Batman-Slapping-Robin_49.png",
      "label": "輕蔑",
      "response_time": "00:00:07.906",
      "timestamp_unix": 1750782237,
      "timestamp_unix_ms": 1750782237361,
      "timestamp_readable": "2025-06-24 16:23:57.361",
      "normalized_name": "Batman-Slapping-Robin/Batman-Slapping-Robin",
      "meme_name": "Batman-Slapping-Robin",
      "post_id": 49,
      "english_label": "contempt",
      "response_time_ms": 7906
    },
    {
      "image_path": "Dave-chappelle/Dave-chappelle_48.png",
      "label": "其他",
      "response_time": "00:00:03.511",
      "timestamp_unix": 1750782240,
      "timestamp_unix_ms": 1750782240937,
      "timestamp_readable": "2025-06-24 16:24:00.937",
      "normalized_name": "Dave-chappelle/Dave-chappelle",
      "meme_name": "Dave-chappelle",
      "post_id": 48,
      "english_label": "others",
      "response_time_ms": 3511
    },
    {
      "image_path": "Put-It-Somewhere-Else-Patrick/Put-It-Somewhere-Else-Patrick_41.png",
      "label": "其他",
      "response_time": "00:00:02.804",
      "timestamp_unix": 1750782243,
      "timestamp_unix_ms": 1750782243852,
      "timestamp_readable": "2025-06-24 16:24:03.852",
      "normalized_name": "Put-It-Somewhere-Else-Patrick/Put-It-Somewhere-Else-Patrick",
      "meme_name": "Put-It-Somewhere-Else-Patrick",
      "post_id": 41,
      "english_label": "others",
      "response_time_ms": 2804
    }
  ],
  "session_start_unix": 1750781733,
  "session_status": "completed",
  "last_updated_unix": 1750782296,
  "image_order": [
    "Spiderman-Hospital/Spiderman-Hospital_26.png",
    "Happy--Shock/Happy--Shock_46.png",
    "Chill-guy/Chill-guy_39.png",
    "I-am-once-again-asking/I-am-once-again-asking_16.png",
    "Math-ladyConfused-lady/Math-ladyConfused-lady_18.png",
    "Archer/Archer_45.png",
    "Leonardo-Dicaprio-Wolf-Of-Wall-Street/Leonardo-Dicaprio-Wolf-Of-Wall-Street_10.png",
    "Mocking-Spongebob/Mocking-Spongebob_34.png",
    "Afraid-To-Ask-Andy/Afraid-To-Ask-Andy_30.png",
    "Charlie-Day/Charlie-Day_6.png",
    "Always-Has-Been/Always-Has-Been_8.png",
    "Picard-Wtf/Picard-Wtf_24.png",
    "Batman-Slapping-Robin/Batman-Slapping-Robin_49.png",
    "For-the-better-right-blank/For-the-better-right-blank_38.png",
    "Drake-NoYes/Drake-NoYes_1.png",
    "Laughing-wolf/Laughing-wolf_15.png",
    "DJ-Pauly-D/DJ-Pauly-D_4.png",
    "Always-you-three/Always-you-three_21.png",
    "Disappointed-Man/Disappointed-Man_20.png",
    "Smudge-the-cat/Smudge-the-cat_32.png",
    "Thats-a-paddlin/Thats-a-paddlin_43.png",
    "Hide-the-Pain-Harold/Hide-the-Pain-Harold_17.png",
    "attention_check/attention_check_Anger.png",
    "Hold-fart/Hold-fart_44.png",
    "Im-The-Captain-Now/Im-The-Captain-Now_28.png",
    "Obi-Wan-Kenobi/Obi-Wan-Kenobi_2.png",
    "Spongebob-Yelling/Spongebob-Yelling_36.png",
    "Nuclear-Explosion/Nuclear-Explosion_9.png",
    "Dinkleberg/Dinkleberg_11.png",
    "Scooby-doo-mask-reveal/Scooby-doo-mask-reveal_12.png",
    "Disaster-Girl/Disaster-Girl_47.png",
    "Black-guy-hiding-behind-tree/Black-guy-hiding-behind-tree_29.png",
    "You-The-Real-MVP/You-The-Real-MVP_37.png",
    "Moe-throws-Barney/Moe-throws-Barney_7.png",
    "Ill-Have-You-Know-Spongebob/Ill-Have-You-Know-Spongebob_40.png",
    "Futurama-Fry/Futurama-Fry_22.png",
    "Monkey-Puppet/Monkey-Puppet_25.png",
    "Confused-Gandalf/Confused-Gandalf_42.png",
    "Mr-incredible-mad/Mr-incredible-mad_27.png",
    "Dave-chappelle/Dave-chappelle_48.png",
    "Surprised-Pikachu/Surprised-Pikachu_31.png",
    "Table-Flip-Guy/Table-Flip-Guy_50.png",
    "Kevin-Hart/Kevin-Hart_3.png",
    "Well-Yes-But-Actually-No/Well-Yes-But-Actually-No_23.png",
    "Mr-McMahon-reaction/Mr-McMahon-reaction_19.png",
    "Gru-Gun/Gru-Gun_5.png",
    "Persian-Cat-Room-Guardian/Persian-Cat-Room-Guardian_14.png",
    "attention_check/attention_check_Contempt.png",
    "Put-It-Somewhere-Else-Patrick/Put-It-Somewhere-Else-Patrick_41.png",
    "Angry-Baby/Angry-Baby_33.png",
    "Arthur-Fist/Arthur-Fist_13.png",
    "Khan/Khan_35.png"
  ],
  "completion_status": {
    "practice_completed": true,
    "game_started": true,
    "game_completed": true,
    "summary_viewed": true,
    "email_submitted": true
  },
  "timestamps_unix": {
    "registration_completed": 1750781733,
    "practice_started": 1750781733,
    "practice_completed": 1750781825,
    "game_started": 1750781825,
    "first_label": 1750781838,
    "last_label": 1750782243,
    "game_completed": 1750782246,
    "summary_viewed": 1750782246,
    "email_submitted": 1750782296,
    "session_end": 1750782296,
    "last_updated": 1750782296
  },
  "timestamps_unix_ms": {
    "registration_completed_ms": 1750781733833,
    "practice_started_ms": 1750781733892,
    "practice_completed_ms": 1750781825248,
    "game_started_ms": 1750781825263,
    "first_label_ms": 1750781838357,
    "last_label_ms": 1750782243852,
    "game_completed_ms": 1750782246431,
    "summary_viewed_ms": 1750782246445,
    "email_submitted_ms": 1750782296508,
    "session_end_ms": 1750782296508,
    "last_updated_ms": 1750782296508
  },
  "duration_stats_ms": {
    "total_session_duration_ms": 562675,
    "practice_duration_ms": 91356,
    "game_duration_ms": 421168,
    "labeling_duration_ms": 405495,
    "email_submission_duration_ms": 50063
  },
  "filename_updated_unix": 1750782246,
  "original_filename": "user_1153f4",
  "completion_status_in_filename": "email_submitted"
}