{
  "user_id": "user_ab10c3",
  "file_name": "user_ab10c3_1750229662_1750231313_fullycomplete",
  "unix_start_time": 1750229662,
  "unix_start_time_ms": 1750229662763,
  "unix_end_time": 1750231313,
  "unix_end_time_ms": 1750231313593,
  "age": "25-29",
  "gender": "female",
  "user_agent": "Mozilla/5.0 (Windows NT 10.0; Win64; x64) AppleWebKit/537.36 (KHTML, like Gecko) Chrome/137.0.0.0 Safari/537.36",
  "user_ip": "59.115.63.5",
  "status": "complete",
  "email_provided": "complete",
  "attention_passed": true,
  "start_time_readable": "2025-06-18 06:54:22.762",
  "end_time_readable": "2025-06-18 07:21:53.593",
  "total_labels": 52,
  "emotion_summary": {
    "anger": 9,
    "contempt": 21,
    "disgust": 8,
    "others": 14
  },
  "email": "luckydraw202311+poll.2023@gmail.com",
  "participation": "no",
  "total_responses": 52,
  "responses": [
    {
      "image_path": "Dinkleberg/Dinkleberg_50.png",
      "label": "輕蔑",
      "response_time": "00:00:13.513",
      "timestamp_unix": 1750229729,
      "timestamp_unix_ms": 1750229729140,
      "timestamp_readable": "2025-06-18 06:55:29.140",
      "normalized_name": "Dinkleberg/Dinkleberg",
      "meme_name": "Dinkleberg",
      "post_id": 50,
      "english_label": "contempt",
      "response_time_ms": 13513
    },
    {
      "image_path": "Confused-Gandalf/Confused-Gandalf_29.png",
      "label": "其他",
      "response_time": "00:00:06.212",
      "timestamp_unix": 1750229735,
      "timestamp_unix_ms": 1750229735424,
      "timestamp_readable": "2025-06-18 06:55:35.424",
      "normalized_name": "Confused-Gandalf/Confused-Gandalf",
      "meme_name": "Confused-Gandalf",
      "post_id": 29,
      "english_label": "others",
      "response_time_ms": 6212
    },
    {
      "image_path": "Well-Yes-But-Actually-No/Well-Yes-But-Actually-No_3.png",
      "label": "厭惡",
      "response_time": "00:00:06.505",
      "timestamp_unix": 1750229742,
      "timestamp_unix_ms": 1750229742018,
      "timestamp_readable": "2025-06-18 06:55:42.018",
      "normalized_name": "Well-Yes-But-Actually-No/Well-Yes-But-Actually-No",
      "meme_name": "Well-Yes-But-Actually-No",
      "post_id": 3,
      "english_label": "disgust",
      "response_time_ms": 6505
    },
    {
      "image_path": "Khan/Khan_15.png",
      "label": "其他",
      "response_time": "00:00:05.502",
      "timestamp_unix": 1750229747,
      "timestamp_unix_ms": 1750229747550,
      "timestamp_readable": "2025-06-18 06:55:47.550",
      "normalized_name": "Khan/Khan",
      "meme_name": "Khan",
      "post_id": 15,
      "english_label": "others",
      "response_time_ms": 5502
    },
    {
      "image_path": "Archer/Archer_45.png",
      "label": "其他",
      "response_time": "00:00:03.608",
      "timestamp_unix": 1750229751,
      "timestamp_unix_ms": 1750229751287,
      "timestamp_readable": "2025-06-18 06:55:51.287",
      "normalized_name": "Archer/Archer",
      "meme_name": "Archer",
      "post_id": 45,
      "english_label": "others",
      "response_time_ms": 3608
    },
    {
      "image_path": "Mr-incredible-mad/Mr-incredible-mad_41.png",
      "label": "輕蔑",
      "response_time": "00:00:05.904",
      "timestamp_unix": 1750229757,
      "timestamp_unix_ms": 1750229757294,
      "timestamp_readable": "2025-06-18 06:55:57.294",
      "normalized_name": "Mr-incredible-mad/Mr-incredible-mad",
      "meme_name": "Mr-incredible-mad",
      "post_id": 41,
      "english_label": "contempt",
      "response_time_ms": 5904
    },
    {
      "image_path": "Nuclear-Explosion/Nuclear-Explosion_19.png",
      "label": "憤怒",
      "response_time": "00:00:04.311",
      "timestamp_unix": 1750229761,
      "timestamp_unix_ms": 1750229761703,
      "timestamp_readable": "2025-06-18 06:56:01.703",
      "normalized_name": "Nuclear-Explosion/Nuclear-Explosion",
      "meme_name": "Nuclear-Explosion",
      "post_id": 19,
      "english_label": "anger",
      "response_time_ms": 4311
    },
    {
      "image_path": "Scooby-doo-mask-reveal/Scooby-doo-mask-reveal_6.png",
      "label": "輕蔑",
      "response_time": "00:00:08.103",
      "timestamp_unix": 1750229769,
      "timestamp_unix_ms": 1750229769850,
      "timestamp_readable": "2025-06-18 06:56:09.850",
      "normalized_name": "Scooby-doo-mask-reveal/Scooby-doo-mask-reveal",
      "meme_name": "Scooby-doo-mask-reveal",
      "post_id": 6,
      "english_label": "contempt",
      "response_time_ms": 8103
    },
    {
      "image_path": "Leonardo-Dicaprio-Wolf-Of-Wall-Street/Leonardo-Dicaprio-Wolf-Of-Wall-Street_2.png",
      "label": "其他",
      "response_time": "00:00:06.501",
      "timestamp_unix": 1750229776,
      "timestamp_unix_ms": 1750229776453,
      "timestamp_readable": "2025-06-18 06:56:16.453",
      "normalized_name": "Leonardo-Dicaprio-Wolf-Of-Wall-Street/Leonardo-Dicaprio-Wolf-Of-Wall-Street",
      "meme_name": "Leonardo-Dicaprio-Wolf-Of-Wall-Street",
      "post_id": 2,
      "english_label": "others",
      "response_time_ms": 6501
    },
    {
      "image_path": "For-the-better-right-blank/For-the-better-right-blank_27.png",
      "label": "輕蔑",
      "response_time": "00:00:04.800",
      "timestamp_unix": 1750229781,
      "timestamp_unix_ms": 1750229781305,
      "timestamp_readable": "2025-06-18 06:56:21.305",
      "normalized_name": "For-the-better-right-blank/For-the-better-right-blank",
      "meme_name": "For-the-better-right-blank",
      "post_id": 27,
      "english_label": "contempt",
      "response_time_ms": 4800
    },
    {
      "image_path": "Disappointed-Man/Disappointed-Man_1.png",
      "label": "輕蔑",
      "response_time": "00:00:03.901",
      "timestamp_unix": 1750229785,
      "timestamp_unix_ms": 1750229785321,
      "timestamp_readable": "2025-06-18 06:56:25.321",
      "normalized_name": "Disappointed-Man/Disappointed-Man",
      "meme_name": "Disappointed-Man",
      "post_id": 1,
      "english_label": "contempt",
      "response_time_ms": 3901
    },
    {
      "image_path": "Batman-Slapping-Robin/Batman-Slapping-Robin_28.png",
      "label": "厭惡",
      "response_time": "00:00:05.013",
      "timestamp_unix": 1750229790,
      "timestamp_unix_ms": 1750229790452,
      "timestamp_readable": "2025-06-18 06:56:30.452",
      "normalized_name": "Batman-Slapping-Robin/Batman-Slapping-Robin",
      "meme_name": "Batman-Slapping-Robin",
      "post_id": 28,
      "english_label": "disgust",
      "response_time_ms": 5013
    },
    {
      "image_path": "Charlie-Day/Charlie-Day_8.png",
      "label": "厭惡",
      "response_time": "00:00:09.102",
      "timestamp_unix": 1750229799,
      "timestamp_unix_ms": 1750229799604,
      "timestamp_readable": "2025-06-18 06:56:39.604",
      "normalized_name": "Charlie-Day/Charlie-Day",
      "meme_name": "Charlie-Day",
      "post_id": 8,
      "english_label": "disgust",
      "response_time_ms": 9102
    },
    {
      "image_path": "Thats-a-paddlin/Thats-a-paddlin_49.png",
      "label": "厭惡",
      "response_time": "00:00:05.000",
      "timestamp_unix": 1750229804,
      "timestamp_unix_ms": 1750229804733,
      "timestamp_readable": "2025-06-18 06:56:44.733",
      "normalized_name": "Thats-a-paddlin/Thats-a-paddlin",
      "meme_name": "Thats-a-paddlin",
      "post_id": 49,
      "english_label": "disgust",
      "response_time_ms": 5000
    },
    {
      "image_path": "Spongebob-Yelling/Spongebob-Yelling_24.png",
      "label": "憤怒",
      "response_time": "00:00:03.506",
      "timestamp_unix": 1750229808,
      "timestamp_unix_ms": 1750229808321,
      "timestamp_readable": "2025-06-18 06:56:48.321",
      "normalized_name": "Spongebob-Yelling/Spongebob-Yelling",
      "meme_name": "Spongebob-Yelling",
      "post_id": 24,
      "english_label": "anger",
      "response_time_ms": 3506
    },
    {
      "image_path": "Arthur-Fist/Arthur-Fist_12.png",
      "label": "憤怒",
      "response_time": "00:00:02.915",
      "timestamp_unix": 1750229811,
      "timestamp_unix_ms": 1750229811331,
      "timestamp_readable": "2025-06-18 06:56:51.331",
      "normalized_name": "Arthur-Fist/Arthur-Fist",
      "meme_name": "Arthur-Fist",
      "post_id": 12,
      "english_label": "anger",
      "response_time_ms": 2915
    },
    {
      "image_path": "Afraid-To-Ask-Andy/Afraid-To-Ask-Andy_32.png",
      "label": "厭惡",
      "response_time": "00:00:05.706",
      "timestamp_unix": 1750229817,
      "timestamp_unix_ms": 1750229817131,
      "timestamp_readable": "2025-06-18 06:56:57.131",
      "normalized_name": "Afraid-To-Ask-Andy/Afraid-To-Ask-Andy",
      "meme_name": "Afraid-To-Ask-Andy",
      "post_id": 32,
      "english_label": "disgust",
      "response_time_ms": 5706
    },
    {
      "image_path": "Angry-Baby/Angry-Baby_7.png",
      "label": "憤怒",
      "response_time": "00:00:03.209",
      "timestamp_unix": 1750229820,
      "timestamp_unix_ms": 1750229820454,
      "timestamp_readable": "2025-06-18 06:57:00.454",
      "normalized_name": "Angry-Baby/Angry-Baby",
      "meme_name": "Angry-Baby",
      "post_id": 7,
      "english_label": "anger",
      "response_time_ms": 3209
    },
    {
      "image_path": "Happy--Shock/Happy--Shock_43.png",
      "label": "輕蔑",
      "response_time": "00:00:04.100",
      "timestamp_unix": 1750229824,
      "timestamp_unix_ms": 1750229824635,
      "timestamp_readable": "2025-06-18 06:57:04.635",
      "normalized_name": "Happy--Shock/Happy--Shock",
      "meme_name": "Happy--Shock",
      "post_id": 43,
      "english_label": "contempt",
      "response_time_ms": 4100
    },
    {
      "image_path": "Kevin-Hart/Kevin-Hart_33.png",
      "label": "其他",
      "response_time": "00:00:03.804",
      "timestamp_unix": 1750229828,
      "timestamp_unix_ms": 1750229828521,
      "timestamp_readable": "2025-06-18 06:57:08.521",
      "normalized_name": "Kevin-Hart/Kevin-Hart",
      "meme_name": "Kevin-Hart",
      "post_id": 33,
      "english_label": "others",
      "response_time_ms": 3804
    },
    {
      "image_path": "Dave-chappelle/Dave-chappelle_38.png",
      "label": "其他",
      "response_time": "00:00:03.110",
      "timestamp_unix": 1750229831,
      "timestamp_unix_ms": 1750229831684,
      "timestamp_readable": "2025-06-18 06:57:11.684",
      "normalized_name": "Dave-chappelle/Dave-chappelle",
      "meme_name": "Dave-chappelle",
      "post_id": 38,
      "english_label": "others",
      "response_time_ms": 3110
    },
    {
      "image_path": "Laughing-wolf/Laughing-wolf_31.png",
      "label": "輕蔑",
      "response_time": "00:00:03.901",
      "timestamp_unix": 1750229835,
      "timestamp_unix_ms": 1750229835656,
      "timestamp_readable": "2025-06-18 06:57:15.656",
      "normalized_name": "Laughing-wolf/Laughing-wolf",
      "meme_name": "Laughing-wolf",
      "post_id": 31,
      "english_label": "contempt",
      "response_time_ms": 3901
    },
    {
      "image_path": "Spiderman-Hospital/Spiderman-Hospital_21.png",
      "label": "其他",
      "response_time": "00:00:03.201",
      "timestamp_unix": 1750229838,
      "timestamp_unix_ms": 1750229838988,
      "timestamp_readable": "2025-06-18 06:57:18.988",
      "normalized_name": "Spiderman-Hospital/Spiderman-Hospital",
      "meme_name": "Spiderman-Hospital",
      "post_id": 21,
      "english_label": "others",
      "response_time_ms": 3201
    },
    {
      "image_path": "DJ-Pauly-D/DJ-Pauly-D_23.png",
      "label": "憤怒",
      "response_time": "00:00:03.101",
      "timestamp_unix": 1750229842,
      "timestamp_unix_ms": 1750229842137,
      "timestamp_readable": "2025-06-18 06:57:22.137",
      "normalized_name": "DJ-Pauly-D/DJ-Pauly-D",
      "meme_name": "DJ-Pauly-D",
      "post_id": 23,
      "english_label": "anger",
      "response_time_ms": 3101
    },
    {
      "image_path": "Im-The-Captain-Now/Im-The-Captain-Now_4.png",
      "label": "憤怒",
      "response_time": "00:00:02.508",
      "timestamp_unix": 1750229844,
      "timestamp_unix_ms": 1750229844718,
      "timestamp_readable": "2025-06-18 06:57:24.718",
      "normalized_name": "Im-The-Captain-Now/Im-The-Captain-Now",
      "meme_name": "Im-The-Captain-Now",
      "post_id": 4,
      "english_label": "anger",
      "response_time_ms": 2508
    },
    {
      "image_path": "attention_check/attention_check_Contempt.png",
      "label": "輕蔑",
      "response_time": "00:00:02.902",
      "timestamp_unix": 1750229847,
      "timestamp_unix_ms": 1750229847721,
      "timestamp_readable": "2025-06-18 06:57:27.721",
      "normalized_name": "attention_check/attention_check_Contempt.png",
      "meme_name": "attention_check",
      "post_id": null,
      "english_label": "contempt",
      "response_time_ms": 2902
    },
    {
      "image_path": "Mr-McMahon-reaction/Mr-McMahon-reaction_36.png",
      "label": "其他",
      "response_time": "00:00:05.608",
      "timestamp_unix": 1750229853,
      "timestamp_unix_ms": 1750229853386,
      "timestamp_readable": "2025-06-18 06:57:33.386",
      "normalized_name": "Mr-McMahon-reaction/Mr-McMahon-reaction",
      "meme_name": "Mr-McMahon-reaction",
      "post_id": 36,
      "english_label": "others",
      "response_time_ms": 5608
    },
    {
      "image_path": "Obi-Wan-Kenobi/Obi-Wan-Kenobi_16.png",
      "label": "輕蔑",
      "response_time": "00:00:06.700",
      "timestamp_unix": 1750229860,
      "timestamp_unix_ms": 1750229860137,
      "timestamp_readable": "2025-06-18 06:57:40.137",
      "normalized_name": "Obi-Wan-Kenobi/Obi-Wan-Kenobi",
      "meme_name": "Obi-Wan-Kenobi",
      "post_id": 16,
      "english_label": "contempt",
      "response_time_ms": 6700
    },
    {
      "image_path": "Disaster-Girl/Disaster-Girl_20.png",
      "label": "輕蔑",
      "response_time": "00:00:04.804",
      "timestamp_unix": 1750229865,
      "timestamp_unix_ms": 1750229865034,
      "timestamp_readable": "2025-06-18 06:57:45.034",
      "normalized_name": "Disaster-Girl/Disaster-Girl",
      "meme_name": "Disaster-Girl",
      "post_id": 20,
      "english_label": "contempt",
      "response_time_ms": 4804
    },
    {
      "image_path": "Mocking-Spongebob/Mocking-Spongebob_14.png",
      "label": "輕蔑",
      "response_time": "00:00:05.004",
      "timestamp_unix": 1750229870,
      "timestamp_unix_ms": 1750229870166,
      "timestamp_readable": "2025-06-18 06:57:50.166",
      "normalized_name": "Mocking-Spongebob/Mocking-Spongebob",
      "meme_name": "Mocking-Spongebob",
      "post_id": 14,
      "english_label": "contempt",
      "response_time_ms": 5004
    },
    {
      "image_path": "Monkey-Puppet/Monkey-Puppet_40.png",
      "label": "其他",
      "response_time": "00:00:02.900",
      "timestamp_unix": 1750229873,
      "timestamp_unix_ms": 1750229873203,
      "timestamp_readable": "2025-06-18 06:57:53.203",
      "normalized_name": "Monkey-Puppet/Monkey-Puppet",
      "meme_name": "Monkey-Puppet",
      "post_id": 40,
      "english_label": "others",
      "response_time_ms": 2900
    },
    {
      "image_path": "Futurama-Fry/Futurama-Fry_26.png",
      "label": "輕蔑",
      "response_time": "00:00:03.411",
      "timestamp_unix": 1750229876,
      "timestamp_unix_ms": 1750229876734,
      "timestamp_readable": "2025-06-18 06:57:56.734",
      "normalized_name": "Futurama-Fry/Futurama-Fry",
      "meme_name": "Futurama-Fry",
      "post_id": 26,
      "english_label": "contempt",
      "response_time_ms": 3411
    },
    {
      "image_path": "Moe-throws-Barney/Moe-throws-Barney_37.png",
      "label": "輕蔑",
      "response_time": "00:00:06.314",
      "timestamp_unix": 1750229883,
      "timestamp_unix_ms": 1750229883121,
      "timestamp_readable": "2025-06-18 06:58:03.121",
      "normalized_name": "Moe-throws-Barney/Moe-throws-Barney",
      "meme_name": "Moe-throws-Barney",
      "post_id": 37,
      "english_label": "contempt",
      "response_time_ms": 6314
    },
    {
      "image_path": "Hide-the-Pain-Harold/Hide-the-Pain-Harold_35.png",
      "label": "其他",
      "response_time": "00:00:03.811",
      "timestamp_unix": 1750229887,
      "timestamp_unix_ms": 1750229887020,
      "timestamp_readable": "2025-06-18 06:58:07.020",
      "normalized_name": "Hide-the-Pain-Harold/Hide-the-Pain-Harold",
      "meme_name": "Hide-the-Pain-Harold",
      "post_id": 35,
      "english_label": "others",
      "response_time_ms": 3811
    },
    {
      "image_path": "You-The-Real-MVP/You-The-Real-MVP_10.png",
      "label": "輕蔑",
      "response_time": "00:00:03.611",
      "timestamp_unix": 1750229890,
      "timestamp_unix_ms": 1750229890732,
      "timestamp_readable": "2025-06-18 06:58:10.732",
      "normalized_name": "You-The-Real-MVP/You-The-Real-MVP",
      "meme_name": "You-The-Real-MVP",
      "post_id": 10,
      "english_label": "contempt",
      "response_time_ms": 3611
    },
    {
      "image_path": "Always-Has-Been/Always-Has-Been_25.png",
      "label": "厭惡",
      "response_time": "00:00:04.402",
      "timestamp_unix": 1750229895,
      "timestamp_unix_ms": 1750229895236,
      "timestamp_readable": "2025-06-18 06:58:15.236",
      "normalized_name": "Always-Has-Been/Always-Has-Been",
      "meme_name": "Always-Has-Been",
      "post_id": 25,
      "english_label": "disgust",
      "response_time_ms": 4402
    },
    {
      "image_path": "Surprised-Pikachu/Surprised-Pikachu_47.png",
      "label": "輕蔑",
      "response_time": "00:00:03.202",
      "timestamp_unix": 1750229898,
      "timestamp_unix_ms": 1750229898571,
      "timestamp_readable": "2025-06-18 06:58:18.571",
      "normalized_name": "Surprised-Pikachu/Surprised-Pikachu",
      "meme_name": "Surprised-Pikachu",
      "post_id": 47,
      "english_label": "contempt",
      "response_time_ms": 3202
    },
    {
      "image_path": "Gru-Gun/Gru-Gun_5.png",
      "label": "憤怒",
      "response_time": "00:00:02.508",
      "timestamp_unix": 1750229901,
      "timestamp_unix_ms": 1750229901200,
      "timestamp_readable": "2025-06-18 06:58:21.200",
      "normalized_name": "Gru-Gun/Gru-Gun",
      "meme_name": "Gru-Gun",
      "post_id": 5,
      "english_label": "anger",
      "response_time_ms": 2508
    },
    {
      "image_path": "Ill-Have-You-Know-Spongebob/Ill-Have-You-Know-Spongebob_39.png",
      "label": "輕蔑",
      "response_time": "00:00:03.802",
      "timestamp_unix": 1750229905,
      "timestamp_unix_ms": 1750229905118,
      "timestamp_readable": "2025-06-18 06:58:25.118",
      "normalized_name": "Ill-Have-You-Know-Spongebob/Ill-Have-You-Know-Spongebob",
      "meme_name": "Ill-Have-You-Know-Spongebob",
      "post_id": 39,
      "english_label": "contempt",
      "response_time_ms": 3802
    },
    {
      "image_path": "Persian-Cat-Room-Guardian/Persian-Cat-Room-Guardian_34.png",
      "label": "輕蔑",
      "response_time": "00:00:07.501",
      "timestamp_unix": 1750229912,
      "timestamp_unix_ms": 1750229912718,
      "timestamp_readable": "2025-06-18 06:58:32.718",
      "normalized_name": "Persian-Cat-Room-Guardian/Persian-Cat-Room-Guardian",
      "meme_name": "Persian-Cat-Room-Guardian",
      "post_id": 34,
      "english_label": "contempt",
      "response_time_ms": 7501
    },
    {
      "image_path": "Hold-fart/Hold-fart_17.png",
      "label": "其他",
      "response_time": "00:00:04.400",
      "timestamp_unix": 1750229917,
      "timestamp_unix_ms": 1750229917166,
      "timestamp_readable": "2025-06-18 06:58:37.166",
      "normalized_name": "Hold-fart/Hold-fart",
      "meme_name": "Hold-fart",
      "post_id": 17,
      "english_label": "others",
      "response_time_ms": 4400
    },
    {
      "image_path": "I-am-once-again-asking/I-am-once-again-asking_22.png",
      "label": "其他",
      "response_time": "00:00:02.101",
      "timestamp_unix": 1750229919,
      "timestamp_unix_ms": 1750229919365,
      "timestamp_readable": "2025-06-18 06:58:39.365",
      "normalized_name": "I-am-once-again-asking/I-am-once-again-asking",
      "meme_name": "I-am-once-again-asking",
      "post_id": 22,
      "english_label": "others",
      "response_time_ms": 2101
    },
    {
      "image_path": "Math-ladyConfused-lady/Math-ladyConfused-lady_42.png",
      "label": "輕蔑",
      "response_time": "00:00:06.505",
      "timestamp_unix": 1750229925,
      "timestamp_unix_ms": 1750229925934,
      "timestamp_readable": "2025-06-18 06:58:45.934",
      "normalized_name": "Math-ladyConfused-lady/Math-ladyConfused-lady",
      "meme_name": "Math-ladyConfused-lady",
      "post_id": 42,
      "english_label": "contempt",
      "response_time_ms": 6505
    },
    {
      "image_path": "Drake-NoYes/Drake-NoYes_48.png",
      "label": "輕蔑",
      "response_time": "00:00:03.613",
      "timestamp_unix": 1750229929,
      "timestamp_unix_ms": 1750229929836,
      "timestamp_readable": "2025-06-18 06:58:49.836",
      "normalized_name": "Drake-NoYes/Drake-NoYes",
      "meme_name": "Drake-NoYes",
      "post_id": 48,
      "english_label": "contempt",
      "response_time_ms": 3613
    },
    {
      "image_path": "Chill-guy/Chill-guy_18.png",
      "label": "輕蔑",
      "response_time": "00:00:03.307",
      "timestamp_unix": 1750229933,
      "timestamp_unix_ms": 1750229933201,
      "timestamp_readable": "2025-06-18 06:58:53.201",
      "normalized_name": "Chill-guy/Chill-guy",
      "meme_name": "Chill-guy",
      "post_id": 18,
      "english_label": "contempt",
      "response_time_ms": 3307
    },
    {
      "image_path": "Put-It-Somewhere-Else-Patrick/Put-It-Somewhere-Else-Patrick_9.png",
      "label": "憤怒",
      "response_time": "00:00:02.705",
      "timestamp_unix": 1750229936,
      "timestamp_unix_ms": 1750229936003,
      "timestamp_readable": "2025-06-18 06:58:56.003",
      "normalized_name": "Put-It-Somewhere-Else-Patrick/Put-It-Somewhere-Else-Patrick",
      "meme_name": "Put-It-Somewhere-Else-Patrick",
      "post_id": 9,
      "english_label": "anger",
      "response_time_ms": 2705
    },
    {
      "image_path": "Smudge-the-cat/Smudge-the-cat_30.png",
      "label": "其他",
      "response_time": "00:00:05.917",
      "timestamp_unix": 1750229941,
      "timestamp_unix_ms": 1750229941952,
      "timestamp_readable": "2025-06-18 06:59:01.952",
      "normalized_name": "Smudge-the-cat/Smudge-the-cat",
      "meme_name": "Smudge-the-cat",
      "post_id": 30,
      "english_label": "others",
      "response_time_ms": 5917
    },
    {
      "image_path": "Picard-Wtf/Picard-Wtf_44.png",
      "label": "厭惡",
      "response_time": "00:00:04.014",
      "timestamp_unix": 1750229946,
      "timestamp_unix_ms": 1750229946054,
      "timestamp_readable": "2025-06-18 06:59:06.054",
      "normalized_name": "Picard-Wtf/Picard-Wtf",
      "meme_name": "Picard-Wtf",
      "post_id": 44,
      "english_label": "disgust",
      "response_time_ms": 4014
    },
    {
      "image_path": "Always-you-three/Always-you-three_13.png",
      "label": "厭惡",
      "response_time": "00:00:06.208",
      "timestamp_unix": 1750229952,
      "timestamp_unix_ms": 1750229952337,
      "timestamp_readable": "2025-06-18 06:59:12.337",
      "normalized_name": "Always-you-three/Always-you-three",
      "meme_name": "Always-you-three",
      "post_id": 13,
      "english_label": "disgust",
      "response_time_ms": 6208
    },
    {
      "image_path": "Black-guy-hiding-behind-tree/Black-guy-hiding-behind-tree_11.png",
      "label": "輕蔑",
      "response_time": "00:00:04.012",
      "timestamp_unix": 1750229956,
      "timestamp_unix_ms": 1750229956435,
      "timestamp_readable": "2025-06-18 06:59:16.435",
      "normalized_name": "Black-guy-hiding-behind-tree/Black-guy-hiding-behind-tree",
      "meme_name": "Black-guy-hiding-behind-tree",
      "post_id": 11,
      "english_label": "contempt",
      "response_time_ms": 4012
    },
    {
      "image_path": "attention_check/attention_check_Anger.png",
      "label": "憤怒",
      "response_time": "00:00:01.701",
      "timestamp_unix": 1750229958,
      "timestamp_unix_ms": 1750229958269,
      "timestamp_readable": "2025-06-18 06:59:18.269",
      "normalized_name": "attention_check/attention_check_Anger.png",
      "meme_name": "attention_check",
      "post_id": null,
      "english_label": "anger",
      "response_time_ms": 1701
    },
    {
      "image_path": "Table-Flip-Guy/Table-Flip-Guy_46.png",
      "label": "其他",
      "response_time": "00:00:02.801",
      "timestamp_unix": 1750229961,
      "timestamp_unix_ms": 1750229961119,
      "timestamp_readable": "2025-06-18 06:59:21.119",
      "normalized_name": "Table-Flip-Guy/Table-Flip-Guy",
      "meme_name": "Table-Flip-Guy",
      "post_id": 46,
      "english_label": "others",
      "response_time_ms": 2801
    }
  ],
  "session_start_unix": 1750229662,
  "session_status": "completed",
  "last_updated_unix": 1750231313,
  "image_order": [
    "Spiderman-Hospital/Spiderman-Hospital_21.png",
    "Happy--Shock/Happy--Shock_43.png",
    "Chill-guy/Chill-guy_18.png",
    "I-am-once-again-asking/I-am-once-again-asking_22.png",
    "Math-ladyConfused-lady/Math-ladyConfused-lady_42.png",
    "Archer/Archer_45.png",
    "Leonardo-Dicaprio-Wolf-Of-Wall-Street/Leonardo-Dicaprio-Wolf-Of-Wall-Street_2.png",
    "Mocking-Spongebob/Mocking-Spongebob_14.png",
    "Afraid-To-Ask-Andy/Afraid-To-Ask-Andy_32.png",
    "Charlie-Day/Charlie-Day_8.png",
    "Always-Has-Been/Always-Has-Been_25.png",
    "Picard-Wtf/Picard-Wtf_44.png",
    "Batman-Slapping-Robin/Batman-Slapping-Robin_28.png",
    "For-the-better-right-blank/For-the-better-right-blank_27.png",
    "Drake-NoYes/Drake-NoYes_48.png",
    "Laughing-wolf/Laughing-wolf_31.png",
    "DJ-Pauly-D/DJ-Pauly-D_23.png",
    "Always-you-three/Always-you-three_13.png",
    "Disappointed-Man/Disappointed-Man_1.png",
    "Smudge-the-cat/Smudge-the-cat_30.png",
    "Thats-a-paddlin/Thats-a-paddlin_49.png",
    "Hide-the-Pain-Harold/Hide-the-Pain-Harold_35.png",
    "Hold-fart/Hold-fart_17.png",
    "Im-The-Captain-Now/Im-The-Captain-Now_4.png",
    "Obi-Wan-Kenobi/Obi-Wan-Kenobi_16.png",
    "attention_check/attention_check_Contempt.png",
    "Spongebob-Yelling/Spongebob-Yelling_24.png",
    "Nuclear-Explosion/Nuclear-Explosion_19.png",
    "Dinkleberg/Dinkleberg_50.png",
    "Scooby-doo-mask-reveal/Scooby-doo-mask-reveal_6.png",
    "Disaster-Girl/Disaster-Girl_20.png",
    "Black-guy-hiding-behind-tree/Black-guy-hiding-behind-tree_11.png",
    "You-The-Real-MVP/You-The-Real-MVP_10.png",
    "Moe-throws-Barney/Moe-throws-Barney_37.png",
    "Ill-Have-You-Know-Spongebob/Ill-Have-You-Know-Spongebob_39.png",
    "Futurama-Fry/Futurama-Fry_26.png",
    "Monkey-Puppet/Monkey-Puppet_40.png",
    "Confused-Gandalf/Confused-Gandalf_29.png",
    "Mr-incredible-mad/Mr-incredible-mad_41.png",
    "Dave-chappelle/Dave-chappelle_38.png",
    "Surprised-Pikachu/Surprised-Pikachu_47.png",
    "Table-Flip-Guy/Table-Flip-Guy_46.png",
    "Kevin-Hart/Kevin-Hart_33.png",
    "Well-Yes-But-Actually-No/Well-Yes-But-Actually-No_3.png",
    "Mr-McMahon-reaction/Mr-McMahon-reaction_36.png",
    "Gru-Gun/Gru-Gun_5.png",
    "Persian-Cat-Room-Guardian/Persian-Cat-Room-Guardian_34.png",
    "Put-It-Somewhere-Else-Patrick/Put-It-Somewhere-Else-Patrick_9.png",
    "Angry-Baby/Angry-Baby_7.png",
    "Arthur-Fist/Arthur-Fist_12.png",
    "attention_check/attention_check_Anger.png",
    "Khan/Khan_15.png"
  ],
  "completion_status": {
    "practice_completed": true,
    "game_started": true,
    "game_completed": true,
    "summary_viewed": true,
    "email_submitted": true
  },
  "timestamps_unix": {
    "registration_completed": 1750229662,
    "practice_started": 1750229662,
    "practice_completed": 1750229715,
    "game_started": 1750229715,
    "first_label": 1750229729,
    "last_label": 1750229961,
    "game_completed": 1750229965,
    "summary_viewed": 1750229965,
    "email_submitted": 1750231313,
    "session_end": 1750231313,
    "last_updated": 1750231313
  },
  "timestamps_unix_ms": {
    "registration_completed_ms": 1750229662763,
    "practice_started_ms": 1750229662801,
    "practice_completed_ms": 1750229715470,
    "game_started_ms": 1750229715479,
    "first_label_ms": 1750229729140,
    "last_label_ms": 1750229961119,
    "game_completed_ms": 1750229965544,
    "summary_viewed_ms": 1750229965553,
    "email_submitted_ms": 1750231313583,
    "session_end_ms": 1750231313583,
    "last_updated_ms": 1750231313583
  },
  "duration_stats_ms": {
    "total_session_duration_ms": 1650820,
    "practice_duration_ms": 52669,
    "game_duration_ms": 250065,
    "labeling_duration_ms": 231979,
    "email_submission_duration_ms": 1348030
  },
  "filename_updated_unix": 1750229965,
  "original_filename": "user_ab10c3",
  "completion_status_in_filename": "email_submitted"
}