{
  "user_id": "user_276984",
  "file_name": "user_276984_1750051731_1750053604_fullycomplete",
  "unix_start_time": 1750051731,
  "unix_start_time_ms": 1750051731704,
  "unix_end_time": 1750053604,
  "unix_end_time_ms": 1750053604962,
  "age": "40-44",
  "gender": "female",
  "user_agent": "Mozilla/5.0 (Windows NT 10.0; Win64; x64) AppleWebKit/537.36 (KHTML, like Gecko) Chrome/137.0.0.0 Safari/537.36",
  "user_ip": "140.117.88.2",
  "status": "complete",
  "email_provided": "complete",
  "attention_passed": true,
  "start_time_readable": "2025-06-16 05:28:51.704",
  "end_time_readable": "2025-06-16 06:00:04.962",
  "total_labels": 52,
  "emotion_summary": {
    "anger": 15,
    "contempt": 35,
    "disgust": 0,
    "others": 2
  },
  "email": "reyan@mail.nsysu.edu.tw",
  "participation": "yes",
  "total_responses": 52,
  "responses": [
    {
      "image_path": "Dave-chappelle/Dave-chappelle_31.png",
      "label": "其他",
      "response_time": "00:00:06.102",
      "timestamp_unix": 1750052257,
      "timestamp_unix_ms": 1750052257751,
      "timestamp_readable": "2025-06-16 05:37:37.751",
      "normalized_name": "Dave-chappelle/Dave-chappelle",
      "meme_name": "Dave-chappelle",
      "post_id": 31,
      "english_label": "others",
      "response_time_ms": 6102
    },
    {
      "image_path": "Futurama-Fry/Futurama-Fry_19.png",
      "label": "輕蔑",
      "response_time": "00:00:06.101",
      "timestamp_unix": 1750052263,
      "timestamp_unix_ms": 1750052263952,
      "timestamp_readable": "2025-06-16 05:37:43.952",
      "normalized_name": "Futurama-Fry/Futurama-Fry",
      "meme_name": "Futurama-Fry",
      "post_id": 19,
      "english_label": "contempt",
      "response_time_ms": 6101
    },
    {
      "image_path": "Happy--Shock/Happy--Shock_20.png",
      "label": "輕蔑",
      "response_time": "00:00:03.400",
      "timestamp_unix": 1750052267,
      "timestamp_unix_ms": 1750052267435,
      "timestamp_readable": "2025-06-16 05:37:47.435",
      "normalized_name": "Happy--Shock/Happy--Shock",
      "meme_name": "Happy--Shock",
      "post_id": 20,
      "english_label": "contempt",
      "response_time_ms": 3400
    },
    {
      "image_path": "Laughing-wolf/Laughing-wolf_38.png",
      "label": "輕蔑",
      "response_time": "00:00:05.002",
      "timestamp_unix": 1750052272,
      "timestamp_unix_ms": 1750052272534,
      "timestamp_readable": "2025-06-16 05:37:52.534",
      "normalized_name": "Laughing-wolf/Laughing-wolf",
      "meme_name": "Laughing-wolf",
      "post_id": 38,
      "english_label": "contempt",
      "response_time_ms": 5002
    },
    {
      "image_path": "Persian-Cat-Room-Guardian/Persian-Cat-Room-Guardian_43.png",
      "label": "輕蔑",
      "response_time": "00:00:06.500",
      "timestamp_unix": 1750052279,
      "timestamp_unix_ms": 1750052279137,
      "timestamp_readable": "2025-06-16 05:37:59.137",
      "normalized_name": "Persian-Cat-Room-Guardian/Persian-Cat-Room-Guardian",
      "meme_name": "Persian-Cat-Room-Guardian",
      "post_id": 43,
      "english_label": "contempt",
      "response_time_ms": 6500
    },
    {
      "image_path": "Hide-the-Pain-Harold/Hide-the-Pain-Harold_11.png",
      "label": "輕蔑",
      "response_time": "00:00:02.806",
      "timestamp_unix": 1750052282,
      "timestamp_unix_ms": 1750052282052,
      "timestamp_readable": "2025-06-16 05:38:02.052",
      "normalized_name": "Hide-the-Pain-Harold/Hide-the-Pain-Harold",
      "meme_name": "Hide-the-Pain-Harold",
      "post_id": 11,
      "english_label": "contempt",
      "response_time_ms": 2806
    },
    {
      "image_path": "Scooby-doo-mask-reveal/Scooby-doo-mask-reveal_49.png",
      "label": "輕蔑",
      "response_time": "00:00:03.800",
      "timestamp_unix": 1750052285,
      "timestamp_unix_ms": 1750052285920,
      "timestamp_readable": "2025-06-16 05:38:05.920",
      "normalized_name": "Scooby-doo-mask-reveal/Scooby-doo-mask-reveal",
      "meme_name": "Scooby-doo-mask-reveal",
      "post_id": 49,
      "english_label": "contempt",
      "response_time_ms": 3800
    },
    {
      "image_path": "Spiderman-Hospital/Spiderman-Hospital_42.png",
      "label": "輕蔑",
      "response_time": "00:00:07.800",
      "timestamp_unix": 1750052293,
      "timestamp_unix_ms": 1750052293787,
      "timestamp_readable": "2025-06-16 05:38:13.787",
      "normalized_name": "Spiderman-Hospital/Spiderman-Hospital",
      "meme_name": "Spiderman-Hospital",
      "post_id": 42,
      "english_label": "contempt",
      "response_time_ms": 7800
    },
    {
      "image_path": "Angry-Baby/Angry-Baby_6.png",
      "label": "其他",
      "response_time": "00:00:05.115",
      "timestamp_unix": 1750052299,
      "timestamp_unix_ms": 1750052299002,
      "timestamp_readable": "2025-06-16 05:38:19.002",
      "normalized_name": "Angry-Baby/Angry-Baby",
      "meme_name": "Angry-Baby",
      "post_id": 6,
      "english_label": "others",
      "response_time_ms": 5115
    },
    {
      "image_path": "Monkey-Puppet/Monkey-Puppet_30.png",
      "label": "輕蔑",
      "response_time": "00:19:07.701",
      "timestamp_unix": 1750053446,
      "timestamp_unix_ms": 1750053446977,
      "timestamp_readable": "2025-06-16 05:57:26.977",
      "normalized_name": "Monkey-Puppet/Monkey-Puppet",
      "meme_name": "Monkey-Puppet",
      "post_id": 30,
      "english_label": "contempt",
      "response_time_ms": 1147701
    },
    {
      "image_path": "Math-ladyConfused-lady/Math-ladyConfused-lady_29.png",
      "label": "輕蔑",
      "response_time": "00:00:05.315",
      "timestamp_unix": 1750053452,
      "timestamp_unix_ms": 1750053452329,
      "timestamp_readable": "2025-06-16 05:57:32.329",
      "normalized_name": "Math-ladyConfused-lady/Math-ladyConfused-lady",
      "meme_name": "Math-ladyConfused-lady",
      "post_id": 29,
      "english_label": "contempt",
      "response_time_ms": 5315
    },
    {
      "image_path": "Mr-McMahon-reaction/Mr-McMahon-reaction_32.png",
      "label": "輕蔑",
      "response_time": "00:00:04.501",
      "timestamp_unix": 1750053456,
      "timestamp_unix_ms": 1750053456895,
      "timestamp_readable": "2025-06-16 05:57:36.895",
      "normalized_name": "Mr-McMahon-reaction/Mr-McMahon-reaction",
      "meme_name": "Mr-McMahon-reaction",
      "post_id": 32,
      "english_label": "contempt",
      "response_time_ms": 4501
    },
    {
      "image_path": "Obi-Wan-Kenobi/Obi-Wan-Kenobi_3.png",
      "label": "輕蔑",
      "response_time": "00:00:03.912",
      "timestamp_unix": 1750053460,
      "timestamp_unix_ms": 1750053460929,
      "timestamp_readable": "2025-06-16 05:57:40.929",
      "normalized_name": "Obi-Wan-Kenobi/Obi-Wan-Kenobi",
      "meme_name": "Obi-Wan-Kenobi",
      "post_id": 3,
      "english_label": "contempt",
      "response_time_ms": 3912
    },
    {
      "image_path": "Archer/Archer_50.png",
      "label": "輕蔑",
      "response_time": "00:00:02.512",
      "timestamp_unix": 1750053463,
      "timestamp_unix_ms": 1750053463477,
      "timestamp_readable": "2025-06-16 05:57:43.477",
      "normalized_name": "Archer/Archer",
      "meme_name": "Archer",
      "post_id": 50,
      "english_label": "contempt",
      "response_time_ms": 2512
    },
    {
      "image_path": "Im-The-Captain-Now/Im-The-Captain-Now_37.png",
      "label": "憤怒",
      "response_time": "00:00:03.500",
      "timestamp_unix": 1750053467,
      "timestamp_unix_ms": 1750053467112,
      "timestamp_readable": "2025-06-16 05:57:47.112",
      "normalized_name": "Im-The-Captain-Now/Im-The-Captain-Now",
      "meme_name": "Im-The-Captain-Now",
      "post_id": 37,
      "english_label": "anger",
      "response_time_ms": 3500
    },
    {
      "image_path": "Well-Yes-But-Actually-No/Well-Yes-But-Actually-No_7.png",
      "label": "輕蔑",
      "response_time": "00:00:02.808",
      "timestamp_unix": 1750053470,
      "timestamp_unix_ms": 1750053470012,
      "timestamp_readable": "2025-06-16 05:57:50.012",
      "normalized_name": "Well-Yes-But-Actually-No/Well-Yes-But-Actually-No",
      "meme_name": "Well-Yes-But-Actually-No",
      "post_id": 7,
      "english_label": "contempt",
      "response_time_ms": 2808
    },
    {
      "image_path": "Always-you-three/Always-you-three_9.png",
      "label": "輕蔑",
      "response_time": "00:00:03.413",
      "timestamp_unix": 1750053473,
      "timestamp_unix_ms": 1750053473546,
      "timestamp_readable": "2025-06-16 05:57:53.546",
      "normalized_name": "Always-you-three/Always-you-three",
      "meme_name": "Always-you-three",
      "post_id": 9,
      "english_label": "contempt",
      "response_time_ms": 3413
    },
    {
      "image_path": "Charlie-Day/Charlie-Day_25.png",
      "label": "憤怒",
      "response_time": "00:00:04.312",
      "timestamp_unix": 1750053477,
      "timestamp_unix_ms": 1750053477929,
      "timestamp_readable": "2025-06-16 05:57:57.929",
      "normalized_name": "Charlie-Day/Charlie-Day",
      "meme_name": "Charlie-Day",
      "post_id": 25,
      "english_label": "anger",
      "response_time_ms": 4312
    },
    {
      "image_path": "Spongebob-Yelling/Spongebob-Yelling_35.png",
      "label": "輕蔑",
      "response_time": "00:00:05.207",
      "timestamp_unix": 1750053483,
      "timestamp_unix_ms": 1750053483213,
      "timestamp_readable": "2025-06-16 05:58:03.213",
      "normalized_name": "Spongebob-Yelling/Spongebob-Yelling",
      "meme_name": "Spongebob-Yelling",
      "post_id": 35,
      "english_label": "contempt",
      "response_time_ms": 5207
    },
    {
      "image_path": "Gru-Gun/Gru-Gun_16.png",
      "label": "輕蔑",
      "response_time": "00:00:04.510",
      "timestamp_unix": 1750053487,
      "timestamp_unix_ms": 1750053487763,
      "timestamp_readable": "2025-06-16 05:58:07.763",
      "normalized_name": "Gru-Gun/Gru-Gun",
      "meme_name": "Gru-Gun",
      "post_id": 16,
      "english_label": "contempt",
      "response_time_ms": 4510
    },
    {
      "image_path": "Chill-guy/Chill-guy_22.png",
      "label": "輕蔑",
      "response_time": "00:00:02.515",
      "timestamp_unix": 1750053490,
      "timestamp_unix_ms": 1750053490360,
      "timestamp_readable": "2025-06-16 05:58:10.360",
      "normalized_name": "Chill-guy/Chill-guy",
      "meme_name": "Chill-guy",
      "post_id": 22,
      "english_label": "contempt",
      "response_time_ms": 2515
    },
    {
      "image_path": "Afraid-To-Ask-Andy/Afraid-To-Ask-Andy_33.png",
      "label": "輕蔑",
      "response_time": "00:00:02.800",
      "timestamp_unix": 1750053493,
      "timestamp_unix_ms": 1750053493279,
      "timestamp_readable": "2025-06-16 05:58:13.279",
      "normalized_name": "Afraid-To-Ask-Andy/Afraid-To-Ask-Andy",
      "meme_name": "Afraid-To-Ask-Andy",
      "post_id": 33,
      "english_label": "contempt",
      "response_time_ms": 2800
    },
    {
      "image_path": "attention_check/attention_check_Contempt.png",
      "label": "輕蔑",
      "response_time": "00:00:02.301",
      "timestamp_unix": 1750053495,
      "timestamp_unix_ms": 1750053495713,
      "timestamp_readable": "2025-06-16 05:58:15.713",
      "normalized_name": "attention_check/attention_check_Contempt.png",
      "meme_name": "attention_check",
      "post_id": null,
      "english_label": "contempt",
      "response_time_ms": 2301
    },
    {
      "image_path": "Ill-Have-You-Know-Spongebob/Ill-Have-You-Know-Spongebob_17.png",
      "label": "輕蔑",
      "response_time": "00:00:02.604",
      "timestamp_unix": 1750053498,
      "timestamp_unix_ms": 1750053498447,
      "timestamp_readable": "2025-06-16 05:58:18.447",
      "normalized_name": "Ill-Have-You-Know-Spongebob/Ill-Have-You-Know-Spongebob",
      "meme_name": "Ill-Have-You-Know-Spongebob",
      "post_id": 17,
      "english_label": "contempt",
      "response_time_ms": 2604
    },
    {
      "image_path": "I-am-once-again-asking/I-am-once-again-asking_8.png",
      "label": "輕蔑",
      "response_time": "00:00:03.210",
      "timestamp_unix": 1750053501,
      "timestamp_unix_ms": 1750053501763,
      "timestamp_readable": "2025-06-16 05:58:21.763",
      "normalized_name": "I-am-once-again-asking/I-am-once-again-asking",
      "meme_name": "I-am-once-again-asking",
      "post_id": 8,
      "english_label": "contempt",
      "response_time_ms": 3210
    },
    {
      "image_path": "Always-Has-Been/Always-Has-Been_13.png",
      "label": "輕蔑",
      "response_time": "00:00:01.816",
      "timestamp_unix": 1750053503,
      "timestamp_unix_ms": 1750053503614,
      "timestamp_readable": "2025-06-16 05:58:23.614",
      "normalized_name": "Always-Has-Been/Always-Has-Been",
      "meme_name": "Always-Has-Been",
      "post_id": 13,
      "english_label": "contempt",
      "response_time_ms": 1816
    },
    {
      "image_path": "Black-guy-hiding-behind-tree/Black-guy-hiding-behind-tree_47.png",
      "label": "輕蔑",
      "response_time": "00:00:02.112",
      "timestamp_unix": 1750053505,
      "timestamp_unix_ms": 1750053505845,
      "timestamp_readable": "2025-06-16 05:58:25.845",
      "normalized_name": "Black-guy-hiding-behind-tree/Black-guy-hiding-behind-tree",
      "meme_name": "Black-guy-hiding-behind-tree",
      "post_id": 47,
      "english_label": "contempt",
      "response_time_ms": 2112
    },
    {
      "image_path": "You-The-Real-MVP/You-The-Real-MVP_24.png",
      "label": "輕蔑",
      "response_time": "00:00:02.201",
      "timestamp_unix": 1750053508,
      "timestamp_unix_ms": 1750053508163,
      "timestamp_readable": "2025-06-16 05:58:28.163",
      "normalized_name": "You-The-Real-MVP/You-The-Real-MVP",
      "meme_name": "You-The-Real-MVP",
      "post_id": 24,
      "english_label": "contempt",
      "response_time_ms": 2201
    },
    {
      "image_path": "Put-It-Somewhere-Else-Patrick/Put-It-Somewhere-Else-Patrick_26.png",
      "label": "輕蔑",
      "response_time": "00:00:04.707",
      "timestamp_unix": 1750053512,
      "timestamp_unix_ms": 1750053512930,
      "timestamp_readable": "2025-06-16 05:58:32.930",
      "normalized_name": "Put-It-Somewhere-Else-Patrick/Put-It-Somewhere-Else-Patrick",
      "meme_name": "Put-It-Somewhere-Else-Patrick",
      "post_id": 26,
      "english_label": "contempt",
      "response_time_ms": 4707
    },
    {
      "image_path": "Mocking-Spongebob/Mocking-Spongebob_14.png",
      "label": "輕蔑",
      "response_time": "00:00:01.608",
      "timestamp_unix": 1750053514,
      "timestamp_unix_ms": 1750053514644,
      "timestamp_readable": "2025-06-16 05:58:34.644",
      "normalized_name": "Mocking-Spongebob/Mocking-Spongebob",
      "meme_name": "Mocking-Spongebob",
      "post_id": 14,
      "english_label": "contempt",
      "response_time_ms": 1608
    },
    {
      "image_path": "Confused-Gandalf/Confused-Gandalf_28.png",
      "label": "輕蔑",
      "response_time": "00:00:04.400",
      "timestamp_unix": 1750053519,
      "timestamp_unix_ms": 1750053519131,
      "timestamp_readable": "2025-06-16 05:58:39.131",
      "normalized_name": "Confused-Gandalf/Confused-Gandalf",
      "meme_name": "Confused-Gandalf",
      "post_id": 28,
      "english_label": "contempt",
      "response_time_ms": 4400
    },
    {
      "image_path": "Moe-throws-Barney/Moe-throws-Barney_45.png",
      "label": "輕蔑",
      "response_time": "00:00:02.503",
      "timestamp_unix": 1750053521,
      "timestamp_unix_ms": 1750053521697,
      "timestamp_readable": "2025-06-16 05:58:41.697",
      "normalized_name": "Moe-throws-Barney/Moe-throws-Barney",
      "meme_name": "Moe-throws-Barney",
      "post_id": 45,
      "english_label": "contempt",
      "response_time_ms": 2503
    },
    {
      "image_path": "Surprised-Pikachu/Surprised-Pikachu_46.png",
      "label": "輕蔑",
      "response_time": "00:00:01.713",
      "timestamp_unix": 1750053523,
      "timestamp_unix_ms": 1750053523448,
      "timestamp_readable": "2025-06-16 05:58:43.448",
      "normalized_name": "Surprised-Pikachu/Surprised-Pikachu",
      "meme_name": "Surprised-Pikachu",
      "post_id": 46,
      "english_label": "contempt",
      "response_time_ms": 1713
    },
    {
      "image_path": "Hold-fart/Hold-fart_44.png",
      "label": "憤怒",
      "response_time": "00:00:07.404",
      "timestamp_unix": 1750053530,
      "timestamp_unix_ms": 1750053530981,
      "timestamp_readable": "2025-06-16 05:58:50.981",
      "normalized_name": "Hold-fart/Hold-fart",
      "meme_name": "Hold-fart",
      "post_id": 44,
      "english_label": "anger",
      "response_time_ms": 7404
    },
    {
      "image_path": "Table-Flip-Guy/Table-Flip-Guy_34.png",
      "label": "憤怒",
      "response_time": "00:00:01.601",
      "timestamp_unix": 1750053532,
      "timestamp_unix_ms": 1750053532681,
      "timestamp_readable": "2025-06-16 05:58:52.681",
      "normalized_name": "Table-Flip-Guy/Table-Flip-Guy",
      "meme_name": "Table-Flip-Guy",
      "post_id": 34,
      "english_label": "anger",
      "response_time_ms": 1601
    },
    {
      "image_path": "Disappointed-Man/Disappointed-Man_15.png",
      "label": "憤怒",
      "response_time": "00:00:02.910",
      "timestamp_unix": 1750053535,
      "timestamp_unix_ms": 1750053535714,
      "timestamp_readable": "2025-06-16 05:58:55.714",
      "normalized_name": "Disappointed-Man/Disappointed-Man",
      "meme_name": "Disappointed-Man",
      "post_id": 15,
      "english_label": "anger",
      "response_time_ms": 2910
    },
    {
      "image_path": "Nuclear-Explosion/Nuclear-Explosion_18.png",
      "label": "憤怒",
      "response_time": "00:00:02.210",
      "timestamp_unix": 1750053538,
      "timestamp_unix_ms": 1750053538013,
      "timestamp_readable": "2025-06-16 05:58:58.013",
      "normalized_name": "Nuclear-Explosion/Nuclear-Explosion",
      "meme_name": "Nuclear-Explosion",
      "post_id": 18,
      "english_label": "anger",
      "response_time_ms": 2210
    },
    {
      "image_path": "DJ-Pauly-D/DJ-Pauly-D_10.png",
      "label": "輕蔑",
      "response_time": "00:00:05.903",
      "timestamp_unix": 1750053543,
      "timestamp_unix_ms": 1750053543965,
      "timestamp_readable": "2025-06-16 05:59:03.965",
      "normalized_name": "DJ-Pauly-D/DJ-Pauly-D",
      "meme_name": "DJ-Pauly-D",
      "post_id": 10,
      "english_label": "contempt",
      "response_time_ms": 5903
    },
    {
      "image_path": "Thats-a-paddlin/Thats-a-paddlin_40.png",
      "label": "輕蔑",
      "response_time": "00:00:01.802",
      "timestamp_unix": 1750053545,
      "timestamp_unix_ms": 1750053545898,
      "timestamp_readable": "2025-06-16 05:59:05.898",
      "normalized_name": "Thats-a-paddlin/Thats-a-paddlin",
      "meme_name": "Thats-a-paddlin",
      "post_id": 40,
      "english_label": "contempt",
      "response_time_ms": 1802
    },
    {
      "image_path": "Picard-Wtf/Picard-Wtf_5.png",
      "label": "憤怒",
      "response_time": "00:00:07.805",
      "timestamp_unix": 1750053553,
      "timestamp_unix_ms": 1750053553797,
      "timestamp_readable": "2025-06-16 05:59:13.797",
      "normalized_name": "Picard-Wtf/Picard-Wtf",
      "meme_name": "Picard-Wtf",
      "post_id": 5,
      "english_label": "anger",
      "response_time_ms": 7805
    },
    {
      "image_path": "For-the-better-right-blank/For-the-better-right-blank_23.png",
      "label": "輕蔑",
      "response_time": "00:00:02.914",
      "timestamp_unix": 1750053556,
      "timestamp_unix_ms": 1750053556798,
      "timestamp_readable": "2025-06-16 05:59:16.798",
      "normalized_name": "For-the-better-right-blank/For-the-better-right-blank",
      "meme_name": "For-the-better-right-blank",
      "post_id": 23,
      "english_label": "contempt",
      "response_time_ms": 2914
    },
    {
      "image_path": "Smudge-the-cat/Smudge-the-cat_41.png",
      "label": "憤怒",
      "response_time": "00:00:03.408",
      "timestamp_unix": 1750053560,
      "timestamp_unix_ms": 1750053560296,
      "timestamp_readable": "2025-06-16 05:59:20.296",
      "normalized_name": "Smudge-the-cat/Smudge-the-cat",
      "meme_name": "Smudge-the-cat",
      "post_id": 41,
      "english_label": "anger",
      "response_time_ms": 3408
    },
    {
      "image_path": "Disaster-Girl/Disaster-Girl_21.png",
      "label": "輕蔑",
      "response_time": "00:00:01.808",
      "timestamp_unix": 1750053562,
      "timestamp_unix_ms": 1750053562213,
      "timestamp_readable": "2025-06-16 05:59:22.213",
      "normalized_name": "Disaster-Girl/Disaster-Girl",
      "meme_name": "Disaster-Girl",
      "post_id": 21,
      "english_label": "contempt",
      "response_time_ms": 1808
    },
    {
      "image_path": "Batman-Slapping-Robin/Batman-Slapping-Robin_1.png",
      "label": "憤怒",
      "response_time": "00:00:02.607",
      "timestamp_unix": 1750053564,
      "timestamp_unix_ms": 1750053564965,
      "timestamp_readable": "2025-06-16 05:59:24.965",
      "normalized_name": "Batman-Slapping-Robin/Batman-Slapping-Robin",
      "meme_name": "Batman-Slapping-Robin",
      "post_id": 1,
      "english_label": "anger",
      "response_time_ms": 2607
    },
    {
      "image_path": "attention_check/attention_check_Anger.png",
      "label": "憤怒",
      "response_time": "00:00:01.908",
      "timestamp_unix": 1750053566,
      "timestamp_unix_ms": 1750053566916,
      "timestamp_readable": "2025-06-16 05:59:26.916",
      "normalized_name": "attention_check/attention_check_Anger.png",
      "meme_name": "attention_check",
      "post_id": null,
      "english_label": "anger",
      "response_time_ms": 1908
    },
    {
      "image_path": "Arthur-Fist/Arthur-Fist_27.png",
      "label": "憤怒",
      "response_time": "00:00:02.303",
      "timestamp_unix": 1750053569,
      "timestamp_unix_ms": 1750053569282,
      "timestamp_readable": "2025-06-16 05:59:29.282",
      "normalized_name": "Arthur-Fist/Arthur-Fist",
      "meme_name": "Arthur-Fist",
      "post_id": 27,
      "english_label": "anger",
      "response_time_ms": 2303
    },
    {
      "image_path": "Khan/Khan_48.png",
      "label": "憤怒",
      "response_time": "00:00:03.209",
      "timestamp_unix": 1750053572,
      "timestamp_unix_ms": 1750053572614,
      "timestamp_readable": "2025-06-16 05:59:32.614",
      "normalized_name": "Khan/Khan",
      "meme_name": "Khan",
      "post_id": 48,
      "english_label": "anger",
      "response_time_ms": 3209
    },
    {
      "image_path": "Dinkleberg/Dinkleberg_39.png",
      "label": "憤怒",
      "response_time": "00:00:02.705",
      "timestamp_unix": 1750053575,
      "timestamp_unix_ms": 1750053575397,
      "timestamp_readable": "2025-06-16 05:59:35.397",
      "normalized_name": "Dinkleberg/Dinkleberg",
      "meme_name": "Dinkleberg",
      "post_id": 39,
      "english_label": "anger",
      "response_time_ms": 2705
    },
    {
      "image_path": "Drake-NoYes/Drake-NoYes_36.png",
      "label": "輕蔑",
      "response_time": "00:00:02.408",
      "timestamp_unix": 1750053577,
      "timestamp_unix_ms": 1750053577931,
      "timestamp_readable": "2025-06-16 05:59:37.931",
      "normalized_name": "Drake-NoYes/Drake-NoYes",
      "meme_name": "Drake-NoYes",
      "post_id": 36,
      "english_label": "contempt",
      "response_time_ms": 2408
    },
    {
      "image_path": "Leonardo-Dicaprio-Wolf-Of-Wall-Street/Leonardo-Dicaprio-Wolf-Of-Wall-Street_4.png",
      "label": "輕蔑",
      "response_time": "00:00:01.611",
      "timestamp_unix": 1750053579,
      "timestamp_unix_ms": 1750053579616,
      "timestamp_readable": "2025-06-16 05:59:39.616",
      "normalized_name": "Leonardo-Dicaprio-Wolf-Of-Wall-Street/Leonardo-Dicaprio-Wolf-Of-Wall-Street",
      "meme_name": "Leonardo-Dicaprio-Wolf-Of-Wall-Street",
      "post_id": 4,
      "english_label": "contempt",
      "response_time_ms": 1611
    },
    {
      "image_path": "Mr-incredible-mad/Mr-incredible-mad_12.png",
      "label": "憤怒",
      "response_time": "00:00:01.609",
      "timestamp_unix": 1750053581,
      "timestamp_unix_ms": 1750053581282,
      "timestamp_readable": "2025-06-16 05:59:41.282",
      "normalized_name": "Mr-incredible-mad/Mr-incredible-mad",
      "meme_name": "Mr-incredible-mad",
      "post_id": 12,
      "english_label": "anger",
      "response_time_ms": 1609
    },
    {
      "image_path": "Kevin-Hart/Kevin-Hart_2.png",
      "label": "憤怒",
      "response_time": "00:00:04.301",
      "timestamp_unix": 1750053585,
      "timestamp_unix_ms": 1750053585699,
      "timestamp_readable": "2025-06-16 05:59:45.699",
      "normalized_name": "Kevin-Hart/Kevin-Hart",
      "meme_name": "Kevin-Hart",
      "post_id": 2,
      "english_label": "anger",
      "response_time_ms": 4301
    }
  ],
  "session_start_unix": 1750051731,
  "session_status": "completed",
  "last_updated_unix": 1750053604,
  "image_order": [
    "Spiderman-Hospital/Spiderman-Hospital_42.png",
    "Happy--Shock/Happy--Shock_20.png",
    "Chill-guy/Chill-guy_22.png",
    "I-am-once-again-asking/I-am-once-again-asking_8.png",
    "Math-ladyConfused-lady/Math-ladyConfused-lady_29.png",
    "Archer/Archer_50.png",
    "Leonardo-Dicaprio-Wolf-Of-Wall-Street/Leonardo-Dicaprio-Wolf-Of-Wall-Street_4.png",
    "Mocking-Spongebob/Mocking-Spongebob_14.png",
    "Afraid-To-Ask-Andy/Afraid-To-Ask-Andy_33.png",
    "Charlie-Day/Charlie-Day_25.png",
    "Always-Has-Been/Always-Has-Been_13.png",
    "Picard-Wtf/Picard-Wtf_5.png",
    "Batman-Slapping-Robin/Batman-Slapping-Robin_1.png",
    "For-the-better-right-blank/For-the-better-right-blank_23.png",
    "Drake-NoYes/Drake-NoYes_36.png",
    "Laughing-wolf/Laughing-wolf_38.png",
    "DJ-Pauly-D/DJ-Pauly-D_10.png",
    "Always-you-three/Always-you-three_9.png",
    "Disappointed-Man/Disappointed-Man_15.png",
    "Smudge-the-cat/Smudge-the-cat_41.png",
    "Thats-a-paddlin/Thats-a-paddlin_40.png",
    "Hide-the-Pain-Harold/Hide-the-Pain-Harold_11.png",
    "attention_check/attention_check_Contempt.png",
    "Hold-fart/Hold-fart_44.png",
    "Im-The-Captain-Now/Im-The-Captain-Now_37.png",
    "Obi-Wan-Kenobi/Obi-Wan-Kenobi_3.png",
    "Spongebob-Yelling/Spongebob-Yelling_35.png",
    "Nuclear-Explosion/Nuclear-Explosion_18.png",
    "Dinkleberg/Dinkleberg_39.png",
    "Scooby-doo-mask-reveal/Scooby-doo-mask-reveal_49.png",
    "Disaster-Girl/Disaster-Girl_21.png",
    "Black-guy-hiding-behind-tree/Black-guy-hiding-behind-tree_47.png",
    "You-The-Real-MVP/You-The-Real-MVP_24.png",
    "Moe-throws-Barney/Moe-throws-Barney_45.png",
    "Ill-Have-You-Know-Spongebob/Ill-Have-You-Know-Spongebob_17.png",
    "Futurama-Fry/Futurama-Fry_19.png",
    "Monkey-Puppet/Monkey-Puppet_30.png",
    "Confused-Gandalf/Confused-Gandalf_28.png",
    "Mr-incredible-mad/Mr-incredible-mad_12.png",
    "Dave-chappelle/Dave-chappelle_31.png",
    "Surprised-Pikachu/Surprised-Pikachu_46.png",
    "Table-Flip-Guy/Table-Flip-Guy_34.png",
    "Kevin-Hart/Kevin-Hart_2.png",
    "Well-Yes-But-Actually-No/Well-Yes-But-Actually-No_7.png",
    "attention_check/attention_check_Anger.png",
    "Mr-McMahon-reaction/Mr-McMahon-reaction_32.png",
    "Gru-Gun/Gru-Gun_16.png",
    "Persian-Cat-Room-Guardian/Persian-Cat-Room-Guardian_43.png",
    "Put-It-Somewhere-Else-Patrick/Put-It-Somewhere-Else-Patrick_26.png",
    "Angry-Baby/Angry-Baby_6.png",
    "Arthur-Fist/Arthur-Fist_27.png",
    "Khan/Khan_48.png"
  ],
  "completion_status": {
    "practice_completed": true,
    "game_started": true,
    "game_completed": true,
    "summary_viewed": true,
    "email_submitted": true
  },
  "timestamps_unix": {
    "registration_completed": 1750051731,
    "practice_started": 1750051731,
    "practice_completed": 1750052251,
    "game_started": 1750052251,
    "first_label": 1750052257,
    "last_label": 1750053585,
    "game_completed": 1750053588,
    "summary_viewed": 1750053588,
    "email_submitted": 1750053604,
    "session_end": 1750053604,
    "last_updated": 1750053604
  },
  "timestamps_unix_ms": {
    "registration_completed_ms": 1750051731704,
    "practice_started_ms": 1750051731743,
    "practice_completed_ms": 1750052251461,
    "game_started_ms": 1750052251477,
    "first_label_ms": 1750052257751,
    "last_label_ms": 1750053585699,
    "game_completed_ms": 1750053588368,
    "summary_viewed_ms": 1750053588387,
    "email_submitted_ms": 1750053604943,
    "session_end_ms": 1750053604943,
    "last_updated_ms": 1750053604943
  },
  "duration_stats_ms": {
    "total_session_duration_ms": 1873239,
    "practice_duration_ms": 519718,
    "game_duration_ms": 1336891,
    "labeling_duration_ms": 1327948,
    "email_submission_duration_ms": 16556
  },
  "filename_updated_unix": 1750053588,
  "original_filename": "user_276984",
  "completion_status_in_filename": "email_submitted"
}