{
  "user_id": "user_7c281c",
  "file_name": "user_7c281c_1750683311_1750683958_fullycomplete",
  "unix_start_time": 1750683311,
  "unix_start_time_ms": 1750683311097,
  "unix_end_time": 1750683958,
  "unix_end_time_ms": 1750683958969,
  "age": "25-29",
  "gender": "female",
  "user_agent": "Mozilla/5.0 (Windows NT 10.0; Win64; x64) AppleWebKit/537.36 (KHTML, like Gecko) Chrome/137.0.0.0 Safari/537.36",
  "user_ip": "219.69.93.14",
  "status": "complete",
  "email_provided": "complete",
  "attention_passed": true,
  "start_time_readable": "2025-06-23 12:55:11.097",
  "end_time_readable": "2025-06-23 13:05:58.969",
  "total_labels": 52,
  "emotion_summary": {
    "anger": 9,
    "contempt": 16,
    "disgust": 17,
    "others": 10
  },
  "email": "vanillamousse173.cts04@g2.nctu.edu.tw",
  "participation": "yes",
  "total_responses": 52,
  "responses": [
    {
      "image_path": "Picard-Wtf/Picard-Wtf_8.png",
      "label": "厭惡",
      "response_time": "00:00:18.013",
      "timestamp_unix": 1750683426,
      "timestamp_unix_ms": 1750683426539,
      "timestamp_readable": "2025-06-23 12:57:06.539",
      "normalized_name": "Picard-Wtf/Picard-Wtf",
      "meme_name": "Picard-Wtf",
      "post_id": 8,
      "english_label": "disgust",
      "response_time_ms": 18013
    },
    {
      "image_path": "Confused-Gandalf/Confused-Gandalf_34.png",
      "label": "其他",
      "response_time": "00:00:19.904",
      "timestamp_unix": 1750683446,
      "timestamp_unix_ms": 1750683446594,
      "timestamp_readable": "2025-06-23 12:57:26.594",
      "normalized_name": "Confused-Gandalf/Confused-Gandalf",
      "meme_name": "Confused-Gandalf",
      "post_id": 34,
      "english_label": "others",
      "response_time_ms": 19904
    },
    {
      "image_path": "Charlie-Day/Charlie-Day_38.png",
      "label": "厭惡",
      "response_time": "00:00:15.304",
      "timestamp_unix": 1750683462,
      "timestamp_unix_ms": 1750683462009,
      "timestamp_readable": "2025-06-23 12:57:42.009",
      "normalized_name": "Charlie-Day/Charlie-Day",
      "meme_name": "Charlie-Day",
      "post_id": 38,
      "english_label": "disgust",
      "response_time_ms": 15304
    },
    {
      "image_path": "Disappointed-Man/Disappointed-Man_19.png",
      "label": "厭惡",
      "response_time": "00:00:15.209",
      "timestamp_unix": 1750683477,
      "timestamp_unix_ms": 1750683477329,
      "timestamp_readable": "2025-06-23 12:57:57.329",
      "normalized_name": "Disappointed-Man/Disappointed-Man",
      "meme_name": "Disappointed-Man",
      "post_id": 19,
      "english_label": "disgust",
      "response_time_ms": 15209
    },
    {
      "image_path": "Kevin-Hart/Kevin-Hart_4.png",
      "label": "輕蔑",
      "response_time": "00:00:06.801",
      "timestamp_unix": 1750683484,
      "timestamp_unix_ms": 1750683484241,
      "timestamp_readable": "2025-06-23 12:58:04.241",
      "normalized_name": "Kevin-Hart/Kevin-Hart",
      "meme_name": "Kevin-Hart",
      "post_id": 4,
      "english_label": "contempt",
      "response_time_ms": 6801
    },
    {
      "image_path": "Put-It-Somewhere-Else-Patrick/Put-It-Somewhere-Else-Patrick_41.png",
      "label": "厭惡",
      "response_time": "00:00:07.013",
      "timestamp_unix": 1750683491,
      "timestamp_unix_ms": 1750683491338,
      "timestamp_readable": "2025-06-23 12:58:11.338",
      "normalized_name": "Put-It-Somewhere-Else-Patrick/Put-It-Somewhere-Else-Patrick",
      "meme_name": "Put-It-Somewhere-Else-Patrick",
      "post_id": 41,
      "english_label": "disgust",
      "response_time_ms": 7013
    },
    {
      "image_path": "Always-you-three/Always-you-three_7.png",
      "label": "其他",
      "response_time": "00:00:13.508",
      "timestamp_unix": 1750683505,
      "timestamp_unix_ms": 1750683505000,
      "timestamp_readable": "2025-06-23 12:58:25.000",
      "normalized_name": "Always-you-three/Always-you-three",
      "meme_name": "Always-you-three",
      "post_id": 7,
      "english_label": "others",
      "response_time_ms": 13508
    },
    {
      "image_path": "Dave-chappelle/Dave-chappelle_13.png",
      "label": "厭惡",
      "response_time": "00:00:08.206",
      "timestamp_unix": 1750683513,
      "timestamp_unix_ms": 1750683513284,
      "timestamp_readable": "2025-06-23 12:58:33.284",
      "normalized_name": "Dave-chappelle/Dave-chappelle",
      "meme_name": "Dave-chappelle",
      "post_id": 13,
      "english_label": "disgust",
      "response_time_ms": 8206
    },
    {
      "image_path": "Surprised-Pikachu/Surprised-Pikachu_48.png",
      "label": "其他",
      "response_time": "00:00:08.213",
      "timestamp_unix": 1750683521,
      "timestamp_unix_ms": 1750683521622,
      "timestamp_readable": "2025-06-23 12:58:41.622",
      "normalized_name": "Surprised-Pikachu/Surprised-Pikachu",
      "meme_name": "Surprised-Pikachu",
      "post_id": 48,
      "english_label": "others",
      "response_time_ms": 8213
    },
    {
      "image_path": "Chill-guy/Chill-guy_24.png",
      "label": "其他",
      "response_time": "00:00:09.501",
      "timestamp_unix": 1750683531,
      "timestamp_unix_ms": 1750683531180,
      "timestamp_readable": "2025-06-23 12:58:51.180",
      "normalized_name": "Chill-guy/Chill-guy",
      "meme_name": "Chill-guy",
      "post_id": 24,
      "english_label": "others",
      "response_time_ms": 9501
    },
    {
      "image_path": "Always-Has-Been/Always-Has-Been_15.png",
      "label": "其他",
      "response_time": "00:00:12.808",
      "timestamp_unix": 1750683544,
      "timestamp_unix_ms": 1750683544128,
      "timestamp_readable": "2025-06-23 12:59:04.128",
      "normalized_name": "Always-Has-Been/Always-Has-Been",
      "meme_name": "Always-Has-Been",
      "post_id": 15,
      "english_label": "others",
      "response_time_ms": 12808
    },
    {
      "image_path": "Drake-NoYes/Drake-NoYes_36.png",
      "label": "輕蔑",
      "response_time": "00:00:07.808",
      "timestamp_unix": 1750683552,
      "timestamp_unix_ms": 1750683552050,
      "timestamp_readable": "2025-06-23 12:59:12.050",
      "normalized_name": "Drake-NoYes/Drake-NoYes",
      "meme_name": "Drake-NoYes",
      "post_id": 36,
      "english_label": "contempt",
      "response_time_ms": 7808
    },
    {
      "image_path": "Angry-Baby/Angry-Baby_40.png",
      "label": "憤怒",
      "response_time": "00:00:06.014",
      "timestamp_unix": 1750683558,
      "timestamp_unix_ms": 1750683558165,
      "timestamp_readable": "2025-06-23 12:59:18.165",
      "normalized_name": "Angry-Baby/Angry-Baby",
      "meme_name": "Angry-Baby",
      "post_id": 40,
      "english_label": "anger",
      "response_time_ms": 6014
    },
    {
      "image_path": "Moe-throws-Barney/Moe-throws-Barney_50.png",
      "label": "厭惡",
      "response_time": "00:00:21.315",
      "timestamp_unix": 1750683579,
      "timestamp_unix_ms": 1750683579537,
      "timestamp_readable": "2025-06-23 12:59:39.537",
      "normalized_name": "Moe-throws-Barney/Moe-throws-Barney",
      "meme_name": "Moe-throws-Barney",
      "post_id": 50,
      "english_label": "disgust",
      "response_time_ms": 21315
    },
    {
      "image_path": "Scooby-doo-mask-reveal/Scooby-doo-mask-reveal_31.png",
      "label": "其他",
      "response_time": "00:00:09.902",
      "timestamp_unix": 1750683589,
      "timestamp_unix_ms": 1750683589516,
      "timestamp_readable": "2025-06-23 12:59:49.516",
      "normalized_name": "Scooby-doo-mask-reveal/Scooby-doo-mask-reveal",
      "meme_name": "Scooby-doo-mask-reveal",
      "post_id": 31,
      "english_label": "others",
      "response_time_ms": 9902
    },
    {
      "image_path": "Table-Flip-Guy/Table-Flip-Guy_9.png",
      "label": "憤怒",
      "response_time": "00:00:07.300",
      "timestamp_unix": 1750683596,
      "timestamp_unix_ms": 1750683596944,
      "timestamp_readable": "2025-06-23 12:59:56.944",
      "normalized_name": "Table-Flip-Guy/Table-Flip-Guy",
      "meme_name": "Table-Flip-Guy",
      "post_id": 9,
      "english_label": "anger",
      "response_time_ms": 7300
    },
    {
      "image_path": "Leonardo-Dicaprio-Wolf-Of-Wall-Street/Leonardo-Dicaprio-Wolf-Of-Wall-Street_27.png",
      "label": "輕蔑",
      "response_time": "00:00:05.900",
      "timestamp_unix": 1750683602,
      "timestamp_unix_ms": 1750683602938,
      "timestamp_readable": "2025-06-23 13:00:02.938",
      "normalized_name": "Leonardo-Dicaprio-Wolf-Of-Wall-Street/Leonardo-Dicaprio-Wolf-Of-Wall-Street",
      "meme_name": "Leonardo-Dicaprio-Wolf-Of-Wall-Street",
      "post_id": 27,
      "english_label": "contempt",
      "response_time_ms": 5900
    },
    {
      "image_path": "Nuclear-Explosion/Nuclear-Explosion_45.png",
      "label": "厭惡",
      "response_time": "00:00:05.401",
      "timestamp_unix": 1750683608,
      "timestamp_unix_ms": 1750683608483,
      "timestamp_readable": "2025-06-23 13:00:08.483",
      "normalized_name": "Nuclear-Explosion/Nuclear-Explosion",
      "meme_name": "Nuclear-Explosion",
      "post_id": 45,
      "english_label": "disgust",
      "response_time_ms": 5401
    },
    {
      "image_path": "Arthur-Fist/Arthur-Fist_46.png",
      "label": "憤怒",
      "response_time": "00:00:05.414",
      "timestamp_unix": 1750683613,
      "timestamp_unix_ms": 1750683613949,
      "timestamp_readable": "2025-06-23 13:00:13.949",
      "normalized_name": "Arthur-Fist/Arthur-Fist",
      "meme_name": "Arthur-Fist",
      "post_id": 46,
      "english_label": "anger",
      "response_time_ms": 5414
    },
    {
      "image_path": "Batman-Slapping-Robin/Batman-Slapping-Robin_26.png",
      "label": "厭惡",
      "response_time": "00:00:14.802",
      "timestamp_unix": 1750683628,
      "timestamp_unix_ms": 1750683628901,
      "timestamp_readable": "2025-06-23 13:00:28.901",
      "normalized_name": "Batman-Slapping-Robin/Batman-Slapping-Robin",
      "meme_name": "Batman-Slapping-Robin",
      "post_id": 26,
      "english_label": "disgust",
      "response_time_ms": 14802
    },
    {
      "image_path": "Hold-fart/Hold-fart_35.png",
      "label": "憤怒",
      "response_time": "00:00:08.710",
      "timestamp_unix": 1750683637,
      "timestamp_unix_ms": 1750683637678,
      "timestamp_readable": "2025-06-23 13:00:37.678",
      "normalized_name": "Hold-fart/Hold-fart",
      "meme_name": "Hold-fart",
      "post_id": 35,
      "english_label": "anger",
      "response_time_ms": 8710
    },
    {
      "image_path": "attention_check/attention_check_Disgust.png",
      "label": "厭惡",
      "response_time": "00:00:05.110",
      "timestamp_unix": 1750683642,
      "timestamp_unix_ms": 1750683642851,
      "timestamp_readable": "2025-06-23 13:00:42.851",
      "normalized_name": "attention_check/attention_check_Disgust.png",
      "meme_name": "attention_check",
      "post_id": null,
      "english_label": "disgust",
      "response_time_ms": 5110
    },
    {
      "image_path": "Ill-Have-You-Know-Spongebob/Ill-Have-You-Know-Spongebob_44.png",
      "label": "輕蔑",
      "response_time": "00:00:09.715",
      "timestamp_unix": 1750683652,
      "timestamp_unix_ms": 1750683652678,
      "timestamp_readable": "2025-06-23 13:00:52.678",
      "normalized_name": "Ill-Have-You-Know-Spongebob/Ill-Have-You-Know-Spongebob",
      "meme_name": "Ill-Have-You-Know-Spongebob",
      "post_id": 44,
      "english_label": "contempt",
      "response_time_ms": 9715
    },
    {
      "image_path": "Monkey-Puppet/Monkey-Puppet_30.png",
      "label": "其他",
      "response_time": "00:00:10.312",
      "timestamp_unix": 1750683663,
      "timestamp_unix_ms": 1750683663102,
      "timestamp_readable": "2025-06-23 13:01:03.102",
      "normalized_name": "Monkey-Puppet/Monkey-Puppet",
      "meme_name": "Monkey-Puppet",
      "post_id": 30,
      "english_label": "others",
      "response_time_ms": 10312
    },
    {
      "image_path": "Dinkleberg/Dinkleberg_25.png",
      "label": "輕蔑",
      "response_time": "00:00:04.310",
      "timestamp_unix": 1750683667,
      "timestamp_unix_ms": 1750683667486,
      "timestamp_readable": "2025-06-23 13:01:07.486",
      "normalized_name": "Dinkleberg/Dinkleberg",
      "meme_name": "Dinkleberg",
      "post_id": 25,
      "english_label": "contempt",
      "response_time_ms": 4310
    },
    {
      "image_path": "Gru-Gun/Gru-Gun_22.png",
      "label": "厭惡",
      "response_time": "00:00:05.713",
      "timestamp_unix": 1750683673,
      "timestamp_unix_ms": 1750683673312,
      "timestamp_readable": "2025-06-23 13:01:13.312",
      "normalized_name": "Gru-Gun/Gru-Gun",
      "meme_name": "Gru-Gun",
      "post_id": 22,
      "english_label": "disgust",
      "response_time_ms": 5713
    },
    {
      "image_path": "For-the-better-right-blank/For-the-better-right-blank_37.png",
      "label": "厭惡",
      "response_time": "00:00:14.907",
      "timestamp_unix": 1750683688,
      "timestamp_unix_ms": 1750683688299,
      "timestamp_readable": "2025-06-23 13:01:28.299",
      "normalized_name": "For-the-better-right-blank/For-the-better-right-blank",
      "meme_name": "For-the-better-right-blank",
      "post_id": 37,
      "english_label": "disgust",
      "response_time_ms": 14907
    },
    {
      "image_path": "Well-Yes-But-Actually-No/Well-Yes-But-Actually-No_5.png",
      "label": "厭惡",
      "response_time": "00:00:15.306",
      "timestamp_unix": 1750683703,
      "timestamp_unix_ms": 1750683703686,
      "timestamp_readable": "2025-06-23 13:01:43.686",
      "normalized_name": "Well-Yes-But-Actually-No/Well-Yes-But-Actually-No",
      "meme_name": "Well-Yes-But-Actually-No",
      "post_id": 5,
      "english_label": "disgust",
      "response_time_ms": 15306
    },
    {
      "image_path": "Hide-the-Pain-Harold/Hide-the-Pain-Harold_3.png",
      "label": "輕蔑",
      "response_time": "00:00:07.213",
      "timestamp_unix": 1750683711,
      "timestamp_unix_ms": 1750683711042,
      "timestamp_readable": "2025-06-23 13:01:51.042",
      "normalized_name": "Hide-the-Pain-Harold/Hide-the-Pain-Harold",
      "meme_name": "Hide-the-Pain-Harold",
      "post_id": 3,
      "english_label": "contempt",
      "response_time_ms": 7213
    },
    {
      "image_path": "Mr-McMahon-reaction/Mr-McMahon-reaction_12.png",
      "label": "其他",
      "response_time": "00:00:16.009",
      "timestamp_unix": 1750683727,
      "timestamp_unix_ms": 1750683727164,
      "timestamp_readable": "2025-06-23 13:02:07.164",
      "normalized_name": "Mr-McMahon-reaction/Mr-McMahon-reaction",
      "meme_name": "Mr-McMahon-reaction",
      "post_id": 12,
      "english_label": "others",
      "response_time_ms": 16009
    },
    {
      "image_path": "Obi-Wan-Kenobi/Obi-Wan-Kenobi_23.png",
      "label": "輕蔑",
      "response_time": "00:00:15.208",
      "timestamp_unix": 1750683742,
      "timestamp_unix_ms": 1750683742433,
      "timestamp_readable": "2025-06-23 13:02:22.433",
      "normalized_name": "Obi-Wan-Kenobi/Obi-Wan-Kenobi",
      "meme_name": "Obi-Wan-Kenobi",
      "post_id": 23,
      "english_label": "contempt",
      "response_time_ms": 15208
    },
    {
      "image_path": "Mocking-Spongebob/Mocking-Spongebob_32.png",
      "label": "輕蔑",
      "response_time": "00:00:05.602",
      "timestamp_unix": 1750683748,
      "timestamp_unix_ms": 1750683748157,
      "timestamp_readable": "2025-06-23 13:02:28.157",
      "normalized_name": "Mocking-Spongebob/Mocking-Spongebob",
      "meme_name": "Mocking-Spongebob",
      "post_id": 32,
      "english_label": "contempt",
      "response_time_ms": 5602
    },
    {
      "image_path": "Khan/Khan_21.png",
      "label": "憤怒",
      "response_time": "00:00:06.603",
      "timestamp_unix": 1750683754,
      "timestamp_unix_ms": 1750683754841,
      "timestamp_readable": "2025-06-23 13:02:34.841",
      "normalized_name": "Khan/Khan",
      "meme_name": "Khan",
      "post_id": 21,
      "english_label": "anger",
      "response_time_ms": 6603
    },
    {
      "image_path": "Happy--Shock/Happy--Shock_16.png",
      "label": "厭惡",
      "response_time": "00:00:07.212",
      "timestamp_unix": 1750683762,
      "timestamp_unix_ms": 1750683762128,
      "timestamp_readable": "2025-06-23 13:02:42.128",
      "normalized_name": "Happy--Shock/Happy--Shock",
      "meme_name": "Happy--Shock",
      "post_id": 16,
      "english_label": "disgust",
      "response_time_ms": 7212
    },
    {
      "image_path": "Disaster-Girl/Disaster-Girl_11.png",
      "label": "輕蔑",
      "response_time": "00:00:05.105",
      "timestamp_unix": 1750683767,
      "timestamp_unix_ms": 1750683767297,
      "timestamp_readable": "2025-06-23 13:02:47.297",
      "normalized_name": "Disaster-Girl/Disaster-Girl",
      "meme_name": "Disaster-Girl",
      "post_id": 11,
      "english_label": "contempt",
      "response_time_ms": 5105
    },
    {
      "image_path": "Spongebob-Yelling/Spongebob-Yelling_39.png",
      "label": "憤怒",
      "response_time": "00:00:10.708",
      "timestamp_unix": 1750683778,
      "timestamp_unix_ms": 1750683778052,
      "timestamp_readable": "2025-06-23 13:02:58.052",
      "normalized_name": "Spongebob-Yelling/Spongebob-Yelling",
      "meme_name": "Spongebob-Yelling",
      "post_id": 39,
      "english_label": "anger",
      "response_time_ms": 10708
    },
    {
      "image_path": "Math-ladyConfused-lady/Math-ladyConfused-lady_47.png",
      "label": "厭惡",
      "response_time": "00:00:17.902",
      "timestamp_unix": 1750683796,
      "timestamp_unix_ms": 1750683796037,
      "timestamp_readable": "2025-06-23 13:03:16.037",
      "normalized_name": "Math-ladyConfused-lady/Math-ladyConfused-lady",
      "meme_name": "Math-ladyConfused-lady",
      "post_id": 47,
      "english_label": "disgust",
      "response_time_ms": 17902
    },
    {
      "image_path": "You-The-Real-MVP/You-The-Real-MVP_42.png",
      "label": "厭惡",
      "response_time": "00:00:06.513",
      "timestamp_unix": 1750683802,
      "timestamp_unix_ms": 1750683802619,
      "timestamp_readable": "2025-06-23 13:03:22.619",
      "normalized_name": "You-The-Real-MVP/You-The-Real-MVP",
      "meme_name": "You-The-Real-MVP",
      "post_id": 42,
      "english_label": "disgust",
      "response_time_ms": 6513
    },
    {
      "image_path": "Futurama-Fry/Futurama-Fry_18.png",
      "label": "輕蔑",
      "response_time": "00:00:02.612",
      "timestamp_unix": 1750683805,
      "timestamp_unix_ms": 1750683805316,
      "timestamp_readable": "2025-06-23 13:03:25.316",
      "normalized_name": "Futurama-Fry/Futurama-Fry",
      "meme_name": "Futurama-Fry",
      "post_id": 18,
      "english_label": "contempt",
      "response_time_ms": 2612
    },
    {
      "image_path": "Smudge-the-cat/Smudge-the-cat_43.png",
      "label": "厭惡",
      "response_time": "00:00:07.709",
      "timestamp_unix": 1750683813,
      "timestamp_unix_ms": 1750683813159,
      "timestamp_readable": "2025-06-23 13:03:33.159",
      "normalized_name": "Smudge-the-cat/Smudge-the-cat",
      "meme_name": "Smudge-the-cat",
      "post_id": 43,
      "english_label": "disgust",
      "response_time_ms": 7709
    },
    {
      "image_path": "Spiderman-Hospital/Spiderman-Hospital_29.png",
      "label": "輕蔑",
      "response_time": "00:00:10.209",
      "timestamp_unix": 1750683823,
      "timestamp_unix_ms": 1750683823497,
      "timestamp_readable": "2025-06-23 13:03:43.497",
      "normalized_name": "Spiderman-Hospital/Spiderman-Hospital",
      "meme_name": "Spiderman-Hospital",
      "post_id": 29,
      "english_label": "contempt",
      "response_time_ms": 10209
    },
    {
      "image_path": "Archer/Archer_17.png",
      "label": "其他",
      "response_time": "00:00:05.214",
      "timestamp_unix": 1750683828,
      "timestamp_unix_ms": 1750683828870,
      "timestamp_readable": "2025-06-23 13:03:48.870",
      "normalized_name": "Archer/Archer",
      "meme_name": "Archer",
      "post_id": 17,
      "english_label": "others",
      "response_time_ms": 5214
    },
    {
      "image_path": "Afraid-To-Ask-Andy/Afraid-To-Ask-Andy_20.png",
      "label": "輕蔑",
      "response_time": "00:00:03.803",
      "timestamp_unix": 1750683832,
      "timestamp_unix_ms": 1750683832739,
      "timestamp_readable": "2025-06-23 13:03:52.739",
      "normalized_name": "Afraid-To-Ask-Andy/Afraid-To-Ask-Andy",
      "meme_name": "Afraid-To-Ask-Andy",
      "post_id": 20,
      "english_label": "contempt",
      "response_time_ms": 3803
    },
    {
      "image_path": "Persian-Cat-Room-Guardian/Persian-Cat-Room-Guardian_49.png",
      "label": "輕蔑",
      "response_time": "00:00:03.202",
      "timestamp_unix": 1750683836,
      "timestamp_unix_ms": 1750683836042,
      "timestamp_readable": "2025-06-23 13:03:56.042",
      "normalized_name": "Persian-Cat-Room-Guardian/Persian-Cat-Room-Guardian",
      "meme_name": "Persian-Cat-Room-Guardian",
      "post_id": 49,
      "english_label": "contempt",
      "response_time_ms": 3202
    },
    {
      "image_path": "Im-The-Captain-Now/Im-The-Captain-Now_28.png",
      "label": "輕蔑",
      "response_time": "00:00:03.112",
      "timestamp_unix": 1750683839,
      "timestamp_unix_ms": 1750683839237,
      "timestamp_readable": "2025-06-23 13:03:59.237",
      "normalized_name": "Im-The-Captain-Now/Im-The-Captain-Now",
      "meme_name": "Im-The-Captain-Now",
      "post_id": 28,
      "english_label": "contempt",
      "response_time_ms": 3112
    },
    {
      "image_path": "Thats-a-paddlin/Thats-a-paddlin_1.png",
      "label": "憤怒",
      "response_time": "00:00:04.013",
      "timestamp_unix": 1750683843,
      "timestamp_unix_ms": 1750683843318,
      "timestamp_readable": "2025-06-23 13:04:03.318",
      "normalized_name": "Thats-a-paddlin/Thats-a-paddlin",
      "meme_name": "Thats-a-paddlin",
      "post_id": 1,
      "english_label": "anger",
      "response_time_ms": 4013
    },
    {
      "image_path": "attention_check/attention_check_Anger.png",
      "label": "憤怒",
      "response_time": "00:00:03.112",
      "timestamp_unix": 1750683846,
      "timestamp_unix_ms": 1750683846532,
      "timestamp_readable": "2025-06-23 13:04:06.532",
      "normalized_name": "attention_check/attention_check_Anger.png",
      "meme_name": "attention_check",
      "post_id": null,
      "english_label": "anger",
      "response_time_ms": 3112
    },
    {
      "image_path": "Black-guy-hiding-behind-tree/Black-guy-hiding-behind-tree_2.png",
      "label": "其他",
      "response_time": "00:00:05.110",
      "timestamp_unix": 1750683851,
      "timestamp_unix_ms": 1750683851771,
      "timestamp_readable": "2025-06-23 13:04:11.771",
      "normalized_name": "Black-guy-hiding-behind-tree/Black-guy-hiding-behind-tree",
      "meme_name": "Black-guy-hiding-behind-tree",
      "post_id": 2,
      "english_label": "others",
      "response_time_ms": 5110
    },
    {
      "image_path": "I-am-once-again-asking/I-am-once-again-asking_14.png",
      "label": "輕蔑",
      "response_time": "00:00:12.210",
      "timestamp_unix": 1750683864,
      "timestamp_unix_ms": 1750683864066,
      "timestamp_readable": "2025-06-23 13:04:24.066",
      "normalized_name": "I-am-once-again-asking/I-am-once-again-asking",
      "meme_name": "I-am-once-again-asking",
      "post_id": 14,
      "english_label": "contempt",
      "response_time_ms": 12210
    },
    {
      "image_path": "Laughing-wolf/Laughing-wolf_6.png",
      "label": "輕蔑",
      "response_time": "00:00:09.007",
      "timestamp_unix": 1750683873,
      "timestamp_unix_ms": 1750683873204,
      "timestamp_readable": "2025-06-23 13:04:33.204",
      "normalized_name": "Laughing-wolf/Laughing-wolf",
      "meme_name": "Laughing-wolf",
      "post_id": 6,
      "english_label": "contempt",
      "response_time_ms": 9007
    },
    {
      "image_path": "DJ-Pauly-D/DJ-Pauly-D_33.png",
      "label": "厭惡",
      "response_time": "00:00:05.015",
      "timestamp_unix": 1750683878,
      "timestamp_unix_ms": 1750683878374,
      "timestamp_readable": "2025-06-23 13:04:38.374",
      "normalized_name": "DJ-Pauly-D/DJ-Pauly-D",
      "meme_name": "DJ-Pauly-D",
      "post_id": 33,
      "english_label": "disgust",
      "response_time_ms": 5015
    },
    {
      "image_path": "Mr-incredible-mad/Mr-incredible-mad_10.png",
      "label": "憤怒",
      "response_time": "00:00:04.708",
      "timestamp_unix": 1750683883,
      "timestamp_unix_ms": 1750683883215,
      "timestamp_readable": "2025-06-23 13:04:43.215",
      "normalized_name": "Mr-incredible-mad/Mr-incredible-mad",
      "meme_name": "Mr-incredible-mad",
      "post_id": 10,
      "english_label": "anger",
      "response_time_ms": 4708
    }
  ],
  "session_start_unix": 1750683311,
  "session_status": "completed",
  "last_updated_unix": 1750683958,
  "image_order": [
    "Spiderman-Hospital/Spiderman-Hospital_29.png",
    "Happy--Shock/Happy--Shock_16.png",
    "Chill-guy/Chill-guy_24.png",
    "I-am-once-again-asking/I-am-once-again-asking_14.png",
    "Math-ladyConfused-lady/Math-ladyConfused-lady_47.png",
    "Archer/Archer_17.png",
    "Leonardo-Dicaprio-Wolf-Of-Wall-Street/Leonardo-Dicaprio-Wolf-Of-Wall-Street_27.png",
    "Mocking-Spongebob/Mocking-Spongebob_32.png",
    "Afraid-To-Ask-Andy/Afraid-To-Ask-Andy_20.png",
    "Charlie-Day/Charlie-Day_38.png",
    "Always-Has-Been/Always-Has-Been_15.png",
    "Picard-Wtf/Picard-Wtf_8.png",
    "Batman-Slapping-Robin/Batman-Slapping-Robin_26.png",
    "For-the-better-right-blank/For-the-better-right-blank_37.png",
    "Drake-NoYes/Drake-NoYes_36.png",
    "Laughing-wolf/Laughing-wolf_6.png",
    "DJ-Pauly-D/DJ-Pauly-D_33.png",
    "Always-you-three/Always-you-three_7.png",
    "Disappointed-Man/Disappointed-Man_19.png",
    "Smudge-the-cat/Smudge-the-cat_43.png",
    "Thats-a-paddlin/Thats-a-paddlin_1.png",
    "attention_check/attention_check_Disgust.png",
    "Hide-the-Pain-Harold/Hide-the-Pain-Harold_3.png",
    "Hold-fart/Hold-fart_35.png",
    "Im-The-Captain-Now/Im-The-Captain-Now_28.png",
    "Obi-Wan-Kenobi/Obi-Wan-Kenobi_23.png",
    "Spongebob-Yelling/Spongebob-Yelling_39.png",
    "Nuclear-Explosion/Nuclear-Explosion_45.png",
    "Dinkleberg/Dinkleberg_25.png",
    "Scooby-doo-mask-reveal/Scooby-doo-mask-reveal_31.png",
    "Disaster-Girl/Disaster-Girl_11.png",
    "Black-guy-hiding-behind-tree/Black-guy-hiding-behind-tree_2.png",
    "You-The-Real-MVP/You-The-Real-MVP_42.png",
    "Moe-throws-Barney/Moe-throws-Barney_50.png",
    "Ill-Have-You-Know-Spongebob/Ill-Have-You-Know-Spongebob_44.png",
    "Futurama-Fry/Futurama-Fry_18.png",
    "Monkey-Puppet/Monkey-Puppet_30.png",
    "Confused-Gandalf/Confused-Gandalf_34.png",
    "Mr-incredible-mad/Mr-incredible-mad_10.png",
    "Dave-chappelle/Dave-chappelle_13.png",
    "Surprised-Pikachu/Surprised-Pikachu_48.png",
    "Table-Flip-Guy/Table-Flip-Guy_9.png",
    "Kevin-Hart/Kevin-Hart_4.png",
    "Well-Yes-But-Actually-No/Well-Yes-But-Actually-No_5.png",
    "Mr-McMahon-reaction/Mr-McMahon-reaction_12.png",
    "Gru-Gun/Gru-Gun_22.png",
    "attention_check/attention_check_Anger.png",
    "Persian-Cat-Room-Guardian/Persian-Cat-Room-Guardian_49.png",
    "Put-It-Somewhere-Else-Patrick/Put-It-Somewhere-Else-Patrick_41.png",
    "Angry-Baby/Angry-Baby_40.png",
    "Arthur-Fist/Arthur-Fist_46.png",
    "Khan/Khan_21.png"
  ],
  "completion_status": {
    "practice_completed": true,
    "game_started": true,
    "game_completed": true,
    "summary_viewed": true,
    "email_submitted": true
  },
  "timestamps_unix": {
    "registration_completed": 1750683311,
    "practice_started": 1750683311,
    "practice_completed": 1750683408,
    "game_started": 1750683408,
    "first_label": 1750683426,
    "last_label": 1750683883,
    "game_completed": 1750683884,
    "summary_viewed": 1750683884,
    "email_submitted": 1750683958,
    "session_end": 1750683958,
    "last_updated": 1750683958
  },
  "timestamps_unix_ms": {
    "registration_completed_ms": 1750683311097,
    "practice_started_ms": 1750683311148,
    "practice_completed_ms": 1750683408332,
    "game_started_ms": 1750683408343,
    "first_label_ms": 1750683426539,
    "last_label_ms": 1750683883215,
    "game_completed_ms": 1750683884701,
    "summary_viewed_ms": 1750683884712,
    "email_submitted_ms": 1750683958956,
    "session_end_ms": 1750683958956,
    "last_updated_ms": 1750683958956
  },
  "duration_stats_ms": {
    "total_session_duration_ms": 647859,
    "practice_duration_ms": 97184,
    "game_duration_ms": 476358,
    "labeling_duration_ms": 456676,
    "email_submission_duration_ms": 74244
  },
  "filename_updated_unix": 1750683884,
  "original_filename": "user_7c281c",
  "completion_status_in_filename": "email_submitted"
}