{
  "user_id": "user_c02662",
  "file_name": "user_c02662",
  "unix_start_time": 1750698570,
  "unix_start_time_ms": 1750698570819,
  "unix_end_time": null,
  "unix_end_time_ms": null,
  "age": "30-34",
  "gender": "male",
  "user_agent": "Mozilla/5.0 (Windows NT 10.0; Win64; x64) AppleWebKit/537.36 (KHTML, like Gecko) Chrome/137.0.0.0 Safari/537.36",
  "user_ip": "220.134.132.187",
  "status": "incomplete",
  "email_provided": "incomplete",
  "attention_passed": null,
  "start_time_readable": "2025-06-23 17:09:30.819",
  "end_time_readable": null,
  "total_labels": 18,
  "emotion_summary": {
    "anger": 5,
    "contempt": 4,
    "disgust": 5,
    "others": 4
  },
  "email": null,
  "participation": null,
  "total_responses": 18,
  "responses": [
    {
      "image_path": "Leonardo-Dicaprio-Wolf-Of-Wall-Street/Leonardo-Dicaprio-Wolf-Of-Wall-Street_23.png",
      "label": "其他",
      "response_time": "00:00:07.500",
      "timestamp_unix": 1750698638,
      "timestamp_unix_ms": 1750698638688,
      "timestamp_readable": "2025-06-23 17:10:38.688",
      "normalized_name": "Leonardo-Dicaprio-Wolf-Of-Wall-Street/Leonardo-Dicaprio-Wolf-Of-Wall-Street",
      "meme_name": "Leonardo-Dicaprio-Wolf-Of-Wall-Street",
      "post_id": 23,
      "english_label": "others",
      "response_time_ms": 7500
    },
    {
      "image_path": "You-The-Real-MVP/You-The-Real-MVP_50.png",
      "label": "輕蔑",
      "response_time": "00:00:11.604",
      "timestamp_unix": 1750698650,
      "timestamp_unix_ms": 1750698650324,
      "timestamp_readable": "2025-06-23 17:10:50.324",
      "normalized_name": "You-The-Real-MVP/You-The-Real-MVP",
      "meme_name": "You-The-Real-MVP",
      "post_id": 50,
      "english_label": "contempt",
      "response_time_ms": 11604
    },
    {
      "image_path": "Mr-McMahon-reaction/Mr-McMahon-reaction_10.png",
      "label": "憤怒",
      "response_time": "00:00:09.800",
      "timestamp_unix": 1750698660,
      "timestamp_unix_ms": 1750698660184,
      "timestamp_readable": "2025-06-23 17:11:00.184",
      "normalized_name": "Mr-McMahon-reaction/Mr-McMahon-reaction",
      "meme_name": "Mr-McMahon-reaction",
      "post_id": 10,
      "english_label": "anger",
      "response_time_ms": 9800
    },
    {
      "image_path": "Always-Has-Been/Always-Has-Been_45.png",
      "label": "輕蔑",
      "response_time": "00:00:13.000",
      "timestamp_unix": 1750698673,
      "timestamp_unix_ms": 1750698673219,
      "timestamp_readable": "2025-06-23 17:11:13.219",
      "normalized_name": "Always-Has-Been/Always-Has-Been",
      "meme_name": "Always-Has-Been",
      "post_id": 45,
      "english_label": "contempt",
      "response_time_ms": 13000
    },
    {
      "image_path": "Angry-Baby/Angry-Baby_19.png",
      "label": "憤怒",
      "response_time": "00:00:04.301",
      "timestamp_unix": 1750698677,
      "timestamp_unix_ms": 1750698677581,
      "timestamp_readable": "2025-06-23 17:11:17.581",
      "normalized_name": "Angry-Baby/Angry-Baby",
      "meme_name": "Angry-Baby",
      "post_id": 19,
      "english_label": "anger",
      "response_time_ms": 4301
    },
    {
      "image_path": "Hold-fart/Hold-fart_39.png",
      "label": "憤怒",
      "response_time": "00:00:03.000",
      "timestamp_unix": 1750698680,
      "timestamp_unix_ms": 1750698680663,
      "timestamp_readable": "2025-06-23 17:11:20.663",
      "normalized_name": "Hold-fart/Hold-fart",
      "meme_name": "Hold-fart",
      "post_id": 39,
      "english_label": "anger",
      "response_time_ms": 3000
    },
    {
      "image_path": "Well-Yes-But-Actually-No/Well-Yes-But-Actually-No_38.png",
      "label": "厭惡",
      "response_time": "00:00:07.903",
      "timestamp_unix": 1750698688,
      "timestamp_unix_ms": 1750698688602,
      "timestamp_readable": "2025-06-23 17:11:28.602",
      "normalized_name": "Well-Yes-But-Actually-No/Well-Yes-But-Actually-No",
      "meme_name": "Well-Yes-But-Actually-No",
      "post_id": 38,
      "english_label": "disgust",
      "response_time_ms": 7903
    },
    {
      "image_path": "Smudge-the-cat/Smudge-the-cat_33.png",
      "label": "輕蔑",
      "response_time": "00:00:04.804",
      "timestamp_unix": 1750698693,
      "timestamp_unix_ms": 1750698693464,
      "timestamp_readable": "2025-06-23 17:11:33.464",
      "normalized_name": "Smudge-the-cat/Smudge-the-cat",
      "meme_name": "Smudge-the-cat",
      "post_id": 33,
      "english_label": "contempt",
      "response_time_ms": 4804
    },
    {
      "image_path": "Table-Flip-Guy/Table-Flip-Guy_21.png",
      "label": "憤怒",
      "response_time": "00:00:03.801",
      "timestamp_unix": 1750698697,
      "timestamp_unix_ms": 1750698697326,
      "timestamp_readable": "2025-06-23 17:11:37.326",
      "normalized_name": "Table-Flip-Guy/Table-Flip-Guy",
      "meme_name": "Table-Flip-Guy",
      "post_id": 21,
      "english_label": "anger",
      "response_time_ms": 3801
    },
    {
      "image_path": "Moe-throws-Barney/Moe-throws-Barney_35.png",
      "label": "厭惡",
      "response_time": "00:00:08.504",
      "timestamp_unix": 1750698705,
      "timestamp_unix_ms": 1750698705960,
      "timestamp_readable": "2025-06-23 17:11:45.960",
      "normalized_name": "Moe-throws-Barney/Moe-throws-Barney",
      "meme_name": "Moe-throws-Barney",
      "post_id": 35,
      "english_label": "disgust",
      "response_time_ms": 8504
    },
    {
      "image_path": "Batman-Slapping-Robin/Batman-Slapping-Robin_41.png",
      "label": "憤怒",
      "response_time": "00:00:04.400",
      "timestamp_unix": 1750698710,
      "timestamp_unix_ms": 1750698710463,
      "timestamp_readable": "2025-06-23 17:11:50.463",
      "normalized_name": "Batman-Slapping-Robin/Batman-Slapping-Robin",
      "meme_name": "Batman-Slapping-Robin",
      "post_id": 41,
      "english_label": "anger",
      "response_time_ms": 4400
    },
    {
      "image_path": "Arthur-Fist/Arthur-Fist_29.png",
      "label": "厭惡",
      "response_time": "00:00:03.304",
      "timestamp_unix": 1750698713,
      "timestamp_unix_ms": 1750698713891,
      "timestamp_readable": "2025-06-23 17:11:53.891",
      "normalized_name": "Arthur-Fist/Arthur-Fist",
      "meme_name": "Arthur-Fist",
      "post_id": 29,
      "english_label": "disgust",
      "response_time_ms": 3304
    },
    {
      "image_path": "Hide-the-Pain-Harold/Hide-the-Pain-Harold_32.png",
      "label": "其他",
      "response_time": "00:00:07.203",
      "timestamp_unix": 1750698721,
      "timestamp_unix_ms": 1750698721176,
      "timestamp_readable": "2025-06-23 17:12:01.176",
      "normalized_name": "Hide-the-Pain-Harold/Hide-the-Pain-Harold",
      "meme_name": "Hide-the-Pain-Harold",
      "post_id": 32,
      "english_label": "others",
      "response_time_ms": 7203
    },
    {
      "image_path": "Scooby-doo-mask-reveal/Scooby-doo-mask-reveal_14.png",
      "label": "厭惡",
      "response_time": "00:00:07.503",
      "timestamp_unix": 1750698728,
      "timestamp_unix_ms": 1750698728819,
      "timestamp_readable": "2025-06-23 17:12:08.819",
      "normalized_name": "Scooby-doo-mask-reveal/Scooby-doo-mask-reveal",
      "meme_name": "Scooby-doo-mask-reveal",
      "post_id": 14,
      "english_label": "disgust",
      "response_time_ms": 7503
    },
    {
      "image_path": "Archer/Archer_47.png",
      "label": "其他",
      "response_time": "00:00:06.905",
      "timestamp_unix": 1750698735,
      "timestamp_unix_ms": 1750698735836,
      "timestamp_readable": "2025-06-23 17:12:15.836",
      "normalized_name": "Archer/Archer",
      "meme_name": "Archer",
      "post_id": 47,
      "english_label": "others",
      "response_time_ms": 6905
    },
    {
      "image_path": "Mocking-Spongebob/Mocking-Spongebob_48.png",
      "label": "輕蔑",
      "response_time": "00:00:12.203",
      "timestamp_unix": 1750698748,
      "timestamp_unix_ms": 1750698748130,
      "timestamp_readable": "2025-06-23 17:12:28.130",
      "normalized_name": "Mocking-Spongebob/Mocking-Spongebob",
      "meme_name": "Mocking-Spongebob",
      "post_id": 48,
      "english_label": "contempt",
      "response_time_ms": 12203
    },
    {
      "image_path": "Disappointed-Man/Disappointed-Man_6.png",
      "label": "厭惡",
      "response_time": "00:00:04.800",
      "timestamp_unix": 1750698753,
      "timestamp_unix_ms": 1750698753008,
      "timestamp_readable": "2025-06-23 17:12:33.008",
      "normalized_name": "Disappointed-Man/Disappointed-Man",
      "meme_name": "Disappointed-Man",
      "post_id": 6,
      "english_label": "disgust",
      "response_time_ms": 4800
    },
    {
      "image_path": "Afraid-To-Ask-Andy/Afraid-To-Ask-Andy_28.png",
      "label": "其他",
      "response_time": "00:00:04.605",
      "timestamp_unix": 1750698757,
      "timestamp_unix_ms": 1750698757692,
      "timestamp_readable": "2025-06-23 17:12:37.692",
      "normalized_name": "Afraid-To-Ask-Andy/Afraid-To-Ask-Andy",
      "meme_name": "Afraid-To-Ask-Andy",
      "post_id": 28,
      "english_label": "others",
      "response_time_ms": 4605
    }
  ],
  "session_start_unix": 1750698570,
  "session_status": "active",
  "last_updated_unix": 1750698757,
  "image_order": [
    "Spiderman-Hospital/Spiderman-Hospital_31.png",
    "Happy--Shock/Happy--Shock_18.png",
    "Chill-guy/Chill-guy_42.png",
    "I-am-once-again-asking/I-am-once-again-asking_36.png",
    "Math-ladyConfused-lady/Math-ladyConfused-lady_12.png",
    "Archer/Archer_47.png",
    "Leonardo-Dicaprio-Wolf-Of-Wall-Street/Leonardo-Dicaprio-Wolf-Of-Wall-Street_23.png",
    "Mocking-Spongebob/Mocking-Spongebob_48.png",
    "Afraid-To-Ask-Andy/Afraid-To-Ask-Andy_28.png",
    "Charlie-Day/Charlie-Day_37.png",
    "Always-Has-Been/Always-Has-Been_45.png",
    "Picard-Wtf/Picard-Wtf_3.png",
    "Batman-Slapping-Robin/Batman-Slapping-Robin_41.png",
    "For-the-better-right-blank/For-the-better-right-blank_4.png",
    "Drake-NoYes/Drake-NoYes_2.png",
    "Laughing-wolf/Laughing-wolf_15.png",
    "DJ-Pauly-D/DJ-Pauly-D_44.png",
    "Always-you-three/Always-you-three_27.png",
    "Disappointed-Man/Disappointed-Man_6.png",
    "Smudge-the-cat/Smudge-the-cat_33.png",
    "Thats-a-paddlin/Thats-a-paddlin_9.png",
    "Hide-the-Pain-Harold/Hide-the-Pain-Harold_32.png",
    "Hold-fart/Hold-fart_39.png",
    "Im-The-Captain-Now/Im-The-Captain-Now_1.png",
    "attention_check/attention_check_Anger.png",
    "Obi-Wan-Kenobi/Obi-Wan-Kenobi_34.png",
    "Spongebob-Yelling/Spongebob-Yelling_43.png",
    "Nuclear-Explosion/Nuclear-Explosion_11.png",
    "Dinkleberg/Dinkleberg_17.png",
    "Scooby-doo-mask-reveal/Scooby-doo-mask-reveal_14.png",
    "Disaster-Girl/Disaster-Girl_16.png",
    "Black-guy-hiding-behind-tree/Black-guy-hiding-behind-tree_8.png",
    "You-The-Real-MVP/You-The-Real-MVP_50.png",
    "Moe-throws-Barney/Moe-throws-Barney_35.png",
    "Ill-Have-You-Know-Spongebob/Ill-Have-You-Know-Spongebob_49.png",
    "Futurama-Fry/Futurama-Fry_7.png",
    "Monkey-Puppet/Monkey-Puppet_30.png",
    "Confused-Gandalf/Confused-Gandalf_26.png",
    "Mr-incredible-mad/Mr-incredible-mad_5.png",
    "Dave-chappelle/Dave-chappelle_46.png",
    "Surprised-Pikachu/Surprised-Pikachu_13.png",
    "Table-Flip-Guy/Table-Flip-Guy_21.png",
    "Kevin-Hart/Kevin-Hart_25.png",
    "Well-Yes-But-Actually-No/Well-Yes-But-Actually-No_38.png",
    "Mr-McMahon-reaction/Mr-McMahon-reaction_10.png",
    "Gru-Gun/Gru-Gun_24.png",
    "Persian-Cat-Room-Guardian/Persian-Cat-Room-Guardian_40.png",
    "Put-It-Somewhere-Else-Patrick/Put-It-Somewhere-Else-Patrick_22.png",
    "Angry-Baby/Angry-Baby_19.png",
    "attention_check/attention_check_Disgust.png",
    "Arthur-Fist/Arthur-Fist_29.png",
    "Khan/Khan_20.png"
  ],
  "completion_status": {
    "practice_completed": true,
    "game_started": true,
    "game_completed": false,
    "summary_viewed": false,
    "email_submitted": false
  },
  "timestamps_unix": {
    "registration_completed": 1750698570,
    "practice_started": 1750698570,
    "practice_completed": 1750698630,
    "game_started": 1750698630,
    "first_label": 1750698638,
    "last_label": 1750698757,
    "game_completed": null,
    "summary_viewed": null,
    "email_submitted": null,
    "session_end": null,
    "last_updated": 1750698757
  },
  "timestamps_unix_ms": {
    "registration_completed_ms": 1750698570819,
    "practice_started_ms": 1750698570860,
    "practice_completed_ms": 1750698630924,
    "game_started_ms": 1750698630940,
    "first_label_ms": 1750698638688,
    "last_label_ms": 1750698757692,
    "game_completed_ms": null,
    "summary_viewed_ms": null,
    "email_submitted_ms": null,
    "session_end_ms": null,
    "last_updated_ms": 1750698757692
  },
  "duration_stats_ms": {
    "total_session_duration_ms": null,
    "practice_duration_ms": 60064,
    "game_duration_ms": null,
    "labeling_duration_ms": null,
    "email_submission_duration_ms": null
  }
}