{
  "user_id": "user_2cb2c0",
  "file_name": "user_2cb2c0_1749803794_1749804355_fullycomplete",
  "unix_start_time": 1749803794,
  "unix_start_time_ms": 1749803794534,
  "unix_end_time": 1749804355,
  "unix_end_time_ms": 1749804355665,
  "age": "18-24",
  "gender": "female",
  "user_agent": "Mozilla/5.0 (Windows NT 10.0; Win64; x64) AppleWebKit/537.36 (KHTML, like Gecko) Chrome/137.0.0.0 Safari/537.36",
  "user_ip": "61.227.123.4",
  "status": "complete",
  "email_provided": "complete",
  "attention_passed": true,
  "start_time_readable": "2025-06-13 08:36:34.534",
  "end_time_readable": "2025-06-13 08:45:55.665",
  "total_labels": 52,
  "emotion_summary": {
    "anger": 17,
    "contempt": 5,
    "disgust": 11,
    "others": 19
  },
  "email": "chia221203@gmail.com",
  "participation": "no",
  "total_responses": 52,
  "responses": [
    {
      "image_path": "Mr-incredible-mad/Mr-incredible-mad_42.png",
      "label": "其他",
      "response_time": "00:00:17.006",
      "timestamp_unix": 1749803892,
      "timestamp_unix_ms": 1749803892120,
      "timestamp_readable": "2025-06-13 08:38:12.120",
      "normalized_name": "Mr-incredible-mad/Mr-incredible-mad",
      "meme_name": "Mr-incredible-mad",
      "post_id": 42,
      "english_label": "others",
      "response_time_ms": 17006
    },
    {
      "image_path": "Mr-McMahon-reaction/Mr-McMahon-reaction_26.png",
      "label": "憤怒",
      "response_time": "00:00:09.203",
      "timestamp_unix": 1749803901,
      "timestamp_unix_ms": 1749803901429,
      "timestamp_readable": "2025-06-13 08:38:21.429",
      "normalized_name": "Mr-McMahon-reaction/Mr-McMahon-reaction",
      "meme_name": "Mr-McMahon-reaction",
      "post_id": 26,
      "english_label": "anger",
      "response_time_ms": 9203
    },
    {
      "image_path": "DJ-Pauly-D/DJ-Pauly-D_5.png",
      "label": "憤怒",
      "response_time": "00:00:06.505",
      "timestamp_unix": 1749803907,
      "timestamp_unix_ms": 1749803907994,
      "timestamp_readable": "2025-06-13 08:38:27.994",
      "normalized_name": "DJ-Pauly-D/DJ-Pauly-D",
      "meme_name": "DJ-Pauly-D",
      "post_id": 5,
      "english_label": "anger",
      "response_time_ms": 6505
    },
    {
      "image_path": "Afraid-To-Ask-Andy/Afraid-To-Ask-Andy_4.png",
      "label": "厭惡",
      "response_time": "00:00:07.105",
      "timestamp_unix": 1749803915,
      "timestamp_unix_ms": 1749803915185,
      "timestamp_readable": "2025-06-13 08:38:35.185",
      "normalized_name": "Afraid-To-Ask-Andy/Afraid-To-Ask-Andy",
      "meme_name": "Afraid-To-Ask-Andy",
      "post_id": 4,
      "english_label": "disgust",
      "response_time_ms": 7105
    },
    {
      "image_path": "Spiderman-Hospital/Spiderman-Hospital_10.png",
      "label": "其他",
      "response_time": "00:00:06.502",
      "timestamp_unix": 1749803921,
      "timestamp_unix_ms": 1749803921841,
      "timestamp_readable": "2025-06-13 08:38:41.841",
      "normalized_name": "Spiderman-Hospital/Spiderman-Hospital",
      "meme_name": "Spiderman-Hospital",
      "post_id": 10,
      "english_label": "others",
      "response_time_ms": 6502
    },
    {
      "image_path": "Charlie-Day/Charlie-Day_28.png",
      "label": "憤怒",
      "response_time": "00:00:07.102",
      "timestamp_unix": 1749803929,
      "timestamp_unix_ms": 1749803929019,
      "timestamp_readable": "2025-06-13 08:38:49.019",
      "normalized_name": "Charlie-Day/Charlie-Day",
      "meme_name": "Charlie-Day",
      "post_id": 28,
      "english_label": "anger",
      "response_time_ms": 7102
    },
    {
      "image_path": "Table-Flip-Guy/Table-Flip-Guy_50.png",
      "label": "其他",
      "response_time": "00:00:10.610",
      "timestamp_unix": 1749803939,
      "timestamp_unix_ms": 1749803939695,
      "timestamp_readable": "2025-06-13 08:38:59.695",
      "normalized_name": "Table-Flip-Guy/Table-Flip-Guy",
      "meme_name": "Table-Flip-Guy",
      "post_id": 50,
      "english_label": "others",
      "response_time_ms": 10610
    },
    {
      "image_path": "Dave-chappelle/Dave-chappelle_16.png",
      "label": "輕蔑",
      "response_time": "00:00:12.200",
      "timestamp_unix": 1749803951,
      "timestamp_unix_ms": 1749803951993,
      "timestamp_readable": "2025-06-13 08:39:11.993",
      "normalized_name": "Dave-chappelle/Dave-chappelle",
      "meme_name": "Dave-chappelle",
      "post_id": 16,
      "english_label": "contempt",
      "response_time_ms": 12200
    },
    {
      "image_path": "Khan/Khan_35.png",
      "label": "厭惡",
      "response_time": "00:00:05.808",
      "timestamp_unix": 1749803957,
      "timestamp_unix_ms": 1749803957851,
      "timestamp_readable": "2025-06-13 08:39:17.851",
      "normalized_name": "Khan/Khan",
      "meme_name": "Khan",
      "post_id": 35,
      "english_label": "disgust",
      "response_time_ms": 5808
    },
    {
      "image_path": "Put-It-Somewhere-Else-Patrick/Put-It-Somewhere-Else-Patrick_49.png",
      "label": "厭惡",
      "response_time": "00:00:07.700",
      "timestamp_unix": 1749803965,
      "timestamp_unix_ms": 1749803965695,
      "timestamp_readable": "2025-06-13 08:39:25.695",
      "normalized_name": "Put-It-Somewhere-Else-Patrick/Put-It-Somewhere-Else-Patrick",
      "meme_name": "Put-It-Somewhere-Else-Patrick",
      "post_id": 49,
      "english_label": "disgust",
      "response_time_ms": 7700
    },
    {
      "image_path": "Happy--Shock/Happy--Shock_44.png",
      "label": "其他",
      "response_time": "00:00:08.200",
      "timestamp_unix": 1749803973,
      "timestamp_unix_ms": 1749803973982,
      "timestamp_readable": "2025-06-13 08:39:33.982",
      "normalized_name": "Happy--Shock/Happy--Shock",
      "meme_name": "Happy--Shock",
      "post_id": 44,
      "english_label": "others",
      "response_time_ms": 8200
    },
    {
      "image_path": "Kevin-Hart/Kevin-Hart_43.png",
      "label": "其他",
      "response_time": "00:00:07.207",
      "timestamp_unix": 1749803981,
      "timestamp_unix_ms": 1749803981250,
      "timestamp_readable": "2025-06-13 08:39:41.250",
      "normalized_name": "Kevin-Hart/Kevin-Hart",
      "meme_name": "Kevin-Hart",
      "post_id": 43,
      "english_label": "others",
      "response_time_ms": 7207
    },
    {
      "image_path": "Well-Yes-But-Actually-No/Well-Yes-But-Actually-No_47.png",
      "label": "憤怒",
      "response_time": "00:00:07.401",
      "timestamp_unix": 1749803988,
      "timestamp_unix_ms": 1749803988772,
      "timestamp_readable": "2025-06-13 08:39:48.772",
      "normalized_name": "Well-Yes-But-Actually-No/Well-Yes-But-Actually-No",
      "meme_name": "Well-Yes-But-Actually-No",
      "post_id": 47,
      "english_label": "anger",
      "response_time_ms": 7401
    },
    {
      "image_path": "Picard-Wtf/Picard-Wtf_7.png",
      "label": "其他",
      "response_time": "00:00:07.804",
      "timestamp_unix": 1749803996,
      "timestamp_unix_ms": 1749803996694,
      "timestamp_readable": "2025-06-13 08:39:56.694",
      "normalized_name": "Picard-Wtf/Picard-Wtf",
      "meme_name": "Picard-Wtf",
      "post_id": 7,
      "english_label": "others",
      "response_time_ms": 7804
    },
    {
      "image_path": "Always-you-three/Always-you-three_37.png",
      "label": "憤怒",
      "response_time": "00:00:15.702",
      "timestamp_unix": 1749804012,
      "timestamp_unix_ms": 1749804012527,
      "timestamp_readable": "2025-06-13 08:40:12.527",
      "normalized_name": "Always-you-three/Always-you-three",
      "meme_name": "Always-you-three",
      "post_id": 37,
      "english_label": "anger",
      "response_time_ms": 15702
    },
    {
      "image_path": "Archer/Archer_12.png",
      "label": "其他",
      "response_time": "00:00:07.902",
      "timestamp_unix": 1749804020,
      "timestamp_unix_ms": 1749804020584,
      "timestamp_readable": "2025-06-13 08:40:20.584",
      "normalized_name": "Archer/Archer",
      "meme_name": "Archer",
      "post_id": 12,
      "english_label": "others",
      "response_time_ms": 7902
    },
    {
      "image_path": "Chill-guy/Chill-guy_17.png",
      "label": "輕蔑",
      "response_time": "00:00:08.201",
      "timestamp_unix": 1749804028,
      "timestamp_unix_ms": 1749804028851,
      "timestamp_readable": "2025-06-13 08:40:28.851",
      "normalized_name": "Chill-guy/Chill-guy",
      "meme_name": "Chill-guy",
      "post_id": 17,
      "english_label": "contempt",
      "response_time_ms": 8201
    },
    {
      "image_path": "Im-The-Captain-Now/Im-The-Captain-Now_3.png",
      "label": "厭惡",
      "response_time": "00:00:06.500",
      "timestamp_unix": 1749804035,
      "timestamp_unix_ms": 1749804035418,
      "timestamp_readable": "2025-06-13 08:40:35.418",
      "normalized_name": "Im-The-Captain-Now/Im-The-Captain-Now",
      "meme_name": "Im-The-Captain-Now",
      "post_id": 3,
      "english_label": "disgust",
      "response_time_ms": 6500
    },
    {
      "image_path": "Always-Has-Been/Always-Has-Been_8.png",
      "label": "其他",
      "response_time": "00:00:14.501",
      "timestamp_unix": 1749804050,
      "timestamp_unix_ms": 1749804050056,
      "timestamp_readable": "2025-06-13 08:40:50.056",
      "normalized_name": "Always-Has-Been/Always-Has-Been",
      "meme_name": "Always-Has-Been",
      "post_id": 8,
      "english_label": "others",
      "response_time_ms": 14501
    },
    {
      "image_path": "Nuclear-Explosion/Nuclear-Explosion_31.png",
      "label": "其他",
      "response_time": "00:00:04.001",
      "timestamp_unix": 1749804054,
      "timestamp_unix_ms": 1749804054220,
      "timestamp_readable": "2025-06-13 08:40:54.220",
      "normalized_name": "Nuclear-Explosion/Nuclear-Explosion",
      "meme_name": "Nuclear-Explosion",
      "post_id": 31,
      "english_label": "others",
      "response_time_ms": 4001
    },
    {
      "image_path": "Batman-Slapping-Robin/Batman-Slapping-Robin_38.png",
      "label": "憤怒",
      "response_time": "00:00:06.905",
      "timestamp_unix": 1749804061,
      "timestamp_unix_ms": 1749804061195,
      "timestamp_readable": "2025-06-13 08:41:01.195",
      "normalized_name": "Batman-Slapping-Robin/Batman-Slapping-Robin",
      "meme_name": "Batman-Slapping-Robin",
      "post_id": 38,
      "english_label": "anger",
      "response_time_ms": 6905
    },
    {
      "image_path": "attention_check/attention_check_Disgust.png",
      "label": "厭惡",
      "response_time": "00:00:05.401",
      "timestamp_unix": 1749804066,
      "timestamp_unix_ms": 1749804066749,
      "timestamp_readable": "2025-06-13 08:41:06.749",
      "normalized_name": "attention_check/attention_check_Disgust.png",
      "meme_name": "attention_check",
      "post_id": null,
      "english_label": "disgust",
      "response_time_ms": 5401
    },
    {
      "image_path": "Disaster-Girl/Disaster-Girl_9.png",
      "label": "厭惡",
      "response_time": "00:00:05.101",
      "timestamp_unix": 1749804071,
      "timestamp_unix_ms": 1749804071974,
      "timestamp_readable": "2025-06-13 08:41:11.974",
      "normalized_name": "Disaster-Girl/Disaster-Girl",
      "meme_name": "Disaster-Girl",
      "post_id": 9,
      "english_label": "disgust",
      "response_time_ms": 5101
    },
    {
      "image_path": "Math-ladyConfused-lady/Math-ladyConfused-lady_13.png",
      "label": "輕蔑",
      "response_time": "00:00:09.805",
      "timestamp_unix": 1749804081,
      "timestamp_unix_ms": 1749804081897,
      "timestamp_readable": "2025-06-13 08:41:21.897",
      "normalized_name": "Math-ladyConfused-lady/Math-ladyConfused-lady",
      "meme_name": "Math-ladyConfused-lady",
      "post_id": 13,
      "english_label": "contempt",
      "response_time_ms": 9805
    },
    {
      "image_path": "Ill-Have-You-Know-Spongebob/Ill-Have-You-Know-Spongebob_18.png",
      "label": "輕蔑",
      "response_time": "00:00:11.406",
      "timestamp_unix": 1749804093,
      "timestamp_unix_ms": 1749804093362,
      "timestamp_readable": "2025-06-13 08:41:33.362",
      "normalized_name": "Ill-Have-You-Know-Spongebob/Ill-Have-You-Know-Spongebob",
      "meme_name": "Ill-Have-You-Know-Spongebob",
      "post_id": 18,
      "english_label": "contempt",
      "response_time_ms": 11406
    },
    {
      "image_path": "Thats-a-paddlin/Thats-a-paddlin_36.png",
      "label": "憤怒",
      "response_time": "00:00:07.200",
      "timestamp_unix": 1749804100,
      "timestamp_unix_ms": 1749804100684,
      "timestamp_readable": "2025-06-13 08:41:40.684",
      "normalized_name": "Thats-a-paddlin/Thats-a-paddlin",
      "meme_name": "Thats-a-paddlin",
      "post_id": 36,
      "english_label": "anger",
      "response_time_ms": 7200
    },
    {
      "image_path": "Surprised-Pikachu/Surprised-Pikachu_2.png",
      "label": "其他",
      "response_time": "00:00:13.009",
      "timestamp_unix": 1749804113,
      "timestamp_unix_ms": 1749804113824,
      "timestamp_readable": "2025-06-13 08:41:53.824",
      "normalized_name": "Surprised-Pikachu/Surprised-Pikachu",
      "meme_name": "Surprised-Pikachu",
      "post_id": 2,
      "english_label": "others",
      "response_time_ms": 13009
    },
    {
      "image_path": "Obi-Wan-Kenobi/Obi-Wan-Kenobi_45.png",
      "label": "其他",
      "response_time": "00:00:10.003",
      "timestamp_unix": 1749804123,
      "timestamp_unix_ms": 1749804123963,
      "timestamp_readable": "2025-06-13 08:42:03.963",
      "normalized_name": "Obi-Wan-Kenobi/Obi-Wan-Kenobi",
      "meme_name": "Obi-Wan-Kenobi",
      "post_id": 45,
      "english_label": "others",
      "response_time_ms": 10003
    },
    {
      "image_path": "Dinkleberg/Dinkleberg_32.png",
      "label": "憤怒",
      "response_time": "00:00:05.902",
      "timestamp_unix": 1749804129,
      "timestamp_unix_ms": 1749804129971,
      "timestamp_readable": "2025-06-13 08:42:09.971",
      "normalized_name": "Dinkleberg/Dinkleberg",
      "meme_name": "Dinkleberg",
      "post_id": 32,
      "english_label": "anger",
      "response_time_ms": 5902
    },
    {
      "image_path": "Drake-NoYes/Drake-NoYes_40.png",
      "label": "厭惡",
      "response_time": "00:00:08.406",
      "timestamp_unix": 1749804138,
      "timestamp_unix_ms": 1749804138452,
      "timestamp_readable": "2025-06-13 08:42:18.452",
      "normalized_name": "Drake-NoYes/Drake-NoYes",
      "meme_name": "Drake-NoYes",
      "post_id": 40,
      "english_label": "disgust",
      "response_time_ms": 8406
    },
    {
      "image_path": "Hide-the-Pain-Harold/Hide-the-Pain-Harold_24.png",
      "label": "其他",
      "response_time": "00:00:09.506",
      "timestamp_unix": 1749804148,
      "timestamp_unix_ms": 1749804148051,
      "timestamp_readable": "2025-06-13 08:42:28.051",
      "normalized_name": "Hide-the-Pain-Harold/Hide-the-Pain-Harold",
      "meme_name": "Hide-the-Pain-Harold",
      "post_id": 24,
      "english_label": "others",
      "response_time_ms": 9506
    },
    {
      "image_path": "Leonardo-Dicaprio-Wolf-Of-Wall-Street/Leonardo-Dicaprio-Wolf-Of-Wall-Street_39.png",
      "label": "其他",
      "response_time": "00:00:04.305",
      "timestamp_unix": 1749804152,
      "timestamp_unix_ms": 1749804152506,
      "timestamp_readable": "2025-06-13 08:42:32.506",
      "normalized_name": "Leonardo-Dicaprio-Wolf-Of-Wall-Street/Leonardo-Dicaprio-Wolf-Of-Wall-Street",
      "meme_name": "Leonardo-Dicaprio-Wolf-Of-Wall-Street",
      "post_id": 39,
      "english_label": "others",
      "response_time_ms": 4305
    },
    {
      "image_path": "You-The-Real-MVP/You-The-Real-MVP_23.png",
      "label": "憤怒",
      "response_time": "00:00:08.900",
      "timestamp_unix": 1749804161,
      "timestamp_unix_ms": 1749804161483,
      "timestamp_readable": "2025-06-13 08:42:41.483",
      "normalized_name": "You-The-Real-MVP/You-The-Real-MVP",
      "meme_name": "You-The-Real-MVP",
      "post_id": 23,
      "english_label": "anger",
      "response_time_ms": 8900
    },
    {
      "image_path": "Mocking-Spongebob/Mocking-Spongebob_19.png",
      "label": "厭惡",
      "response_time": "00:00:10.108",
      "timestamp_unix": 1749804171,
      "timestamp_unix_ms": 1749804171741,
      "timestamp_readable": "2025-06-13 08:42:51.741",
      "normalized_name": "Mocking-Spongebob/Mocking-Spongebob",
      "meme_name": "Mocking-Spongebob",
      "post_id": 19,
      "english_label": "disgust",
      "response_time_ms": 10108
    },
    {
      "image_path": "For-the-better-right-blank/For-the-better-right-blank_34.png",
      "label": "憤怒",
      "response_time": "00:00:11.609",
      "timestamp_unix": 1749804183,
      "timestamp_unix_ms": 1749804183495,
      "timestamp_readable": "2025-06-13 08:43:03.495",
      "normalized_name": "For-the-better-right-blank/For-the-better-right-blank",
      "meme_name": "For-the-better-right-blank",
      "post_id": 34,
      "english_label": "anger",
      "response_time_ms": 11609
    },
    {
      "image_path": "Gru-Gun/Gru-Gun_30.png",
      "label": "輕蔑",
      "response_time": "00:00:09.906",
      "timestamp_unix": 1749804193,
      "timestamp_unix_ms": 1749804193518,
      "timestamp_readable": "2025-06-13 08:43:13.518",
      "normalized_name": "Gru-Gun/Gru-Gun",
      "meme_name": "Gru-Gun",
      "post_id": 30,
      "english_label": "contempt",
      "response_time_ms": 9906
    },
    {
      "image_path": "Persian-Cat-Room-Guardian/Persian-Cat-Room-Guardian_29.png",
      "label": "其他",
      "response_time": "00:00:08.205",
      "timestamp_unix": 1749804201,
      "timestamp_unix_ms": 1749804201826,
      "timestamp_readable": "2025-06-13 08:43:21.826",
      "normalized_name": "Persian-Cat-Room-Guardian/Persian-Cat-Room-Guardian",
      "meme_name": "Persian-Cat-Room-Guardian",
      "post_id": 29,
      "english_label": "others",
      "response_time_ms": 8205
    },
    {
      "image_path": "Moe-throws-Barney/Moe-throws-Barney_22.png",
      "label": "憤怒",
      "response_time": "00:00:07.708",
      "timestamp_unix": 1749804209,
      "timestamp_unix_ms": 1749804209637,
      "timestamp_readable": "2025-06-13 08:43:29.637",
      "normalized_name": "Moe-throws-Barney/Moe-throws-Barney",
      "meme_name": "Moe-throws-Barney",
      "post_id": 22,
      "english_label": "anger",
      "response_time_ms": 7708
    },
    {
      "image_path": "Laughing-wolf/Laughing-wolf_33.png",
      "label": "其他",
      "response_time": "00:00:05.807",
      "timestamp_unix": 1749804215,
      "timestamp_unix_ms": 1749804215587,
      "timestamp_readable": "2025-06-13 08:43:35.587",
      "normalized_name": "Laughing-wolf/Laughing-wolf",
      "meme_name": "Laughing-wolf",
      "post_id": 33,
      "english_label": "others",
      "response_time_ms": 5807
    },
    {
      "image_path": "Scooby-doo-mask-reveal/Scooby-doo-mask-reveal_41.png",
      "label": "憤怒",
      "response_time": "00:00:08.000",
      "timestamp_unix": 1749804223,
      "timestamp_unix_ms": 1749804223680,
      "timestamp_readable": "2025-06-13 08:43:43.680",
      "normalized_name": "Scooby-doo-mask-reveal/Scooby-doo-mask-reveal",
      "meme_name": "Scooby-doo-mask-reveal",
      "post_id": 41,
      "english_label": "anger",
      "response_time_ms": 8000
    },
    {
      "image_path": "Angry-Baby/Angry-Baby_25.png",
      "label": "其他",
      "response_time": "00:00:40.101",
      "timestamp_unix": 1749804263,
      "timestamp_unix_ms": 1749804263877,
      "timestamp_readable": "2025-06-13 08:44:23.877",
      "normalized_name": "Angry-Baby/Angry-Baby",
      "meme_name": "Angry-Baby",
      "post_id": 25,
      "english_label": "others",
      "response_time_ms": 40101
    },
    {
      "image_path": "Arthur-Fist/Arthur-Fist_1.png",
      "label": "憤怒",
      "response_time": "00:00:03.606",
      "timestamp_unix": 1749804267,
      "timestamp_unix_ms": 1749804267595,
      "timestamp_readable": "2025-06-13 08:44:27.595",
      "normalized_name": "Arthur-Fist/Arthur-Fist",
      "meme_name": "Arthur-Fist",
      "post_id": 1,
      "english_label": "anger",
      "response_time_ms": 3606
    },
    {
      "image_path": "Monkey-Puppet/Monkey-Puppet_6.png",
      "label": "厭惡",
      "response_time": "00:00:05.601",
      "timestamp_unix": 1749804273,
      "timestamp_unix_ms": 1749804273350,
      "timestamp_readable": "2025-06-13 08:44:33.350",
      "normalized_name": "Monkey-Puppet/Monkey-Puppet",
      "meme_name": "Monkey-Puppet",
      "post_id": 6,
      "english_label": "disgust",
      "response_time_ms": 5601
    },
    {
      "image_path": "Hold-fart/Hold-fart_21.png",
      "label": "厭惡",
      "response_time": "00:00:06.905",
      "timestamp_unix": 1749804280,
      "timestamp_unix_ms": 1749804280338,
      "timestamp_readable": "2025-06-13 08:44:40.338",
      "normalized_name": "Hold-fart/Hold-fart",
      "meme_name": "Hold-fart",
      "post_id": 21,
      "english_label": "disgust",
      "response_time_ms": 6905
    },
    {
      "image_path": "attention_check/attention_check_Anger.png",
      "label": "憤怒",
      "response_time": "00:00:03.208",
      "timestamp_unix": 1749804283,
      "timestamp_unix_ms": 1749804283615,
      "timestamp_readable": "2025-06-13 08:44:43.615",
      "normalized_name": "attention_check/attention_check_Anger.png",
      "meme_name": "attention_check",
      "post_id": null,
      "english_label": "anger",
      "response_time_ms": 3208
    },
    {
      "image_path": "I-am-once-again-asking/I-am-once-again-asking_15.png",
      "label": "憤怒",
      "response_time": "00:00:07.408",
      "timestamp_unix": 1749804291,
      "timestamp_unix_ms": 1749804291193,
      "timestamp_readable": "2025-06-13 08:44:51.193",
      "normalized_name": "I-am-once-again-asking/I-am-once-again-asking",
      "meme_name": "I-am-once-again-asking",
      "post_id": 15,
      "english_label": "anger",
      "response_time_ms": 7408
    },
    {
      "image_path": "Black-guy-hiding-behind-tree/Black-guy-hiding-behind-tree_14.png",
      "label": "其他",
      "response_time": "00:00:08.506",
      "timestamp_unix": 1749804299,
      "timestamp_unix_ms": 1749804299774,
      "timestamp_readable": "2025-06-13 08:44:59.774",
      "normalized_name": "Black-guy-hiding-behind-tree/Black-guy-hiding-behind-tree",
      "meme_name": "Black-guy-hiding-behind-tree",
      "post_id": 14,
      "english_label": "others",
      "response_time_ms": 8506
    },
    {
      "image_path": "Spongebob-Yelling/Spongebob-Yelling_11.png",
      "label": "憤怒",
      "response_time": "00:00:05.004",
      "timestamp_unix": 1749804304,
      "timestamp_unix_ms": 1749804304917,
      "timestamp_readable": "2025-06-13 08:45:04.917",
      "normalized_name": "Spongebob-Yelling/Spongebob-Yelling",
      "meme_name": "Spongebob-Yelling",
      "post_id": 11,
      "english_label": "anger",
      "response_time_ms": 5004
    },
    {
      "image_path": "Disappointed-Man/Disappointed-Man_20.png",
      "label": "厭惡",
      "response_time": "00:00:05.005",
      "timestamp_unix": 1749804310,
      "timestamp_unix_ms": 1749804310051,
      "timestamp_readable": "2025-06-13 08:45:10.051",
      "normalized_name": "Disappointed-Man/Disappointed-Man",
      "meme_name": "Disappointed-Man",
      "post_id": 20,
      "english_label": "disgust",
      "response_time_ms": 5005
    },
    {
      "image_path": "Futurama-Fry/Futurama-Fry_46.png",
      "label": "其他",
      "response_time": "00:00:07.702",
      "timestamp_unix": 1749804318,
      "timestamp_unix_ms": 1749804318008,
      "timestamp_readable": "2025-06-13 08:45:18.008",
      "normalized_name": "Futurama-Fry/Futurama-Fry",
      "meme_name": "Futurama-Fry",
      "post_id": 46,
      "english_label": "others",
      "response_time_ms": 7702
    },
    {
      "image_path": "Confused-Gandalf/Confused-Gandalf_48.png",
      "label": "其他",
      "response_time": "00:00:09.802",
      "timestamp_unix": 1749804327,
      "timestamp_unix_ms": 1749804327970,
      "timestamp_readable": "2025-06-13 08:45:27.970",
      "normalized_name": "Confused-Gandalf/Confused-Gandalf",
      "meme_name": "Confused-Gandalf",
      "post_id": 48,
      "english_label": "others",
      "response_time_ms": 9802
    },
    {
      "image_path": "Smudge-the-cat/Smudge-the-cat_27.png",
      "label": "憤怒",
      "response_time": "00:00:05.306",
      "timestamp_unix": 1749804333,
      "timestamp_unix_ms": 1749804333372,
      "timestamp_readable": "2025-06-13 08:45:33.372",
      "normalized_name": "Smudge-the-cat/Smudge-the-cat",
      "meme_name": "Smudge-the-cat",
      "post_id": 27,
      "english_label": "anger",
      "response_time_ms": 5306
    }
  ],
  "session_start_unix": 1749803794,
  "session_status": "completed",
  "last_updated_unix": 1749804355,
  "image_order": [
    "Spiderman-Hospital/Spiderman-Hospital_10.png",
    "Happy--Shock/Happy--Shock_44.png",
    "Chill-guy/Chill-guy_17.png",
    "I-am-once-again-asking/I-am-once-again-asking_15.png",
    "Math-ladyConfused-lady/Math-ladyConfused-lady_13.png",
    "Archer/Archer_12.png",
    "Leonardo-Dicaprio-Wolf-Of-Wall-Street/Leonardo-Dicaprio-Wolf-Of-Wall-Street_39.png",
    "Mocking-Spongebob/Mocking-Spongebob_19.png",
    "Afraid-To-Ask-Andy/Afraid-To-Ask-Andy_4.png",
    "Charlie-Day/Charlie-Day_28.png",
    "Always-Has-Been/Always-Has-Been_8.png",
    "Picard-Wtf/Picard-Wtf_7.png",
    "Batman-Slapping-Robin/Batman-Slapping-Robin_38.png",
    "For-the-better-right-blank/For-the-better-right-blank_34.png",
    "Drake-NoYes/Drake-NoYes_40.png",
    "Laughing-wolf/Laughing-wolf_33.png",
    "DJ-Pauly-D/DJ-Pauly-D_5.png",
    "Always-you-three/Always-you-three_37.png",
    "Disappointed-Man/Disappointed-Man_20.png",
    "Smudge-the-cat/Smudge-the-cat_27.png",
    "Thats-a-paddlin/Thats-a-paddlin_36.png",
    "attention_check/attention_check_Disgust.png",
    "Hide-the-Pain-Harold/Hide-the-Pain-Harold_24.png",
    "Hold-fart/Hold-fart_21.png",
    "Im-The-Captain-Now/Im-The-Captain-Now_3.png",
    "Obi-Wan-Kenobi/Obi-Wan-Kenobi_45.png",
    "Spongebob-Yelling/Spongebob-Yelling_11.png",
    "Nuclear-Explosion/Nuclear-Explosion_31.png",
    "Dinkleberg/Dinkleberg_32.png",
    "Scooby-doo-mask-reveal/Scooby-doo-mask-reveal_41.png",
    "Disaster-Girl/Disaster-Girl_9.png",
    "Black-guy-hiding-behind-tree/Black-guy-hiding-behind-tree_14.png",
    "You-The-Real-MVP/You-The-Real-MVP_23.png",
    "Moe-throws-Barney/Moe-throws-Barney_22.png",
    "Ill-Have-You-Know-Spongebob/Ill-Have-You-Know-Spongebob_18.png",
    "Futurama-Fry/Futurama-Fry_46.png",
    "Monkey-Puppet/Monkey-Puppet_6.png",
    "Confused-Gandalf/Confused-Gandalf_48.png",
    "Mr-incredible-mad/Mr-incredible-mad_42.png",
    "Dave-chappelle/Dave-chappelle_16.png",
    "Surprised-Pikachu/Surprised-Pikachu_2.png",
    "Table-Flip-Guy/Table-Flip-Guy_50.png",
    "Kevin-Hart/Kevin-Hart_43.png",
    "Well-Yes-But-Actually-No/Well-Yes-But-Actually-No_47.png",
    "attention_check/attention_check_Anger.png",
    "Mr-McMahon-reaction/Mr-McMahon-reaction_26.png",
    "Gru-Gun/Gru-Gun_30.png",
    "Persian-Cat-Room-Guardian/Persian-Cat-Room-Guardian_29.png",
    "Put-It-Somewhere-Else-Patrick/Put-It-Somewhere-Else-Patrick_49.png",
    "Angry-Baby/Angry-Baby_25.png",
    "Arthur-Fist/Arthur-Fist_1.png",
    "Khan/Khan_35.png"
  ],
  "completion_status": {
    "practice_completed": true,
    "game_started": true,
    "game_completed": true,
    "summary_viewed": true,
    "email_submitted": true
  },
  "timestamps_unix": {
    "registration_completed": 1749803794,
    "practice_started": 1749803794,
    "practice_completed": 1749803874,
    "game_started": 1749803874,
    "first_label": 1749803892,
    "last_label": 1749804333,
    "game_completed": 1749804342,
    "summary_viewed": 1749804342,
    "email_submitted": 1749804355,
    "session_end": 1749804355,
    "last_updated": 1749804355
  },
  "timestamps_unix_ms": {
    "registration_completed_ms": 1749803794534,
    "practice_started_ms": 1749803794591,
    "practice_completed_ms": 1749803874941,
    "game_started_ms": 1749803874955,
    "first_label_ms": 1749803892120,
    "last_label_ms": 1749804333372,
    "game_completed_ms": 1749804342854,
    "summary_viewed_ms": 1749804342870,
    "email_submitted_ms": 1749804355650,
    "session_end_ms": 1749804355650,
    "last_updated_ms": 1749804355650
  },
  "duration_stats_ms": {
    "total_session_duration_ms": 561116,
    "practice_duration_ms": 80350,
    "game_duration_ms": 467899,
    "labeling_duration_ms": 441252,
    "email_submission_duration_ms": 12780
  },
  "filename_updated_unix": 1749804342,
  "original_filename": "user_2cb2c0",
  "completion_status_in_filename": "email_submitted"
}