{
  "user_id": "user_12cb29",
  "file_name": "user_12cb29_1749737792_1749738419_fullycomplete",
  "unix_start_time": 1749737792,
  "unix_start_time_ms": 1749737792878,
  "unix_end_time": 1749738419,
  "unix_end_time_ms": 1749738419397,
  "age": "25-29",
  "gender": "female",
  "user_agent": "Mozilla/5.0 (Windows NT 10.0; Win64; x64) AppleWebKit/537.36 (KHTML, like Gecko) Chrome/137.0.0.0 Safari/537.36 Edg/137.0.0.0",
  "user_ip": "123.205.97.52",
  "status": "complete",
  "email_provided": "complete",
  "attention_passed": true,
  "start_time_readable": "2025-06-12 14:16:32.878",
  "end_time_readable": "2025-06-12 14:26:59.397",
  "total_labels": 52,
  "emotion_summary": {
    "anger": 15,
    "contempt": 12,
    "disgust": 8,
    "others": 17
  },
  "email": "ann308265@gmail.com",
  "participation": "yes",
  "total_responses": 52,
  "responses": [
    {
      "image_path": "Surprised-Pikachu/Surprised-Pikachu_36.png",
      "label": "其他",
      "response_time": "00:00:11.313",
      "timestamp_unix": 1749737906,
      "timestamp_unix_ms": 1749737906248,
      "timestamp_readable": "2025-06-12 14:18:26.248",
      "normalized_name": "Surprised-Pikachu/Surprised-Pikachu",
      "meme_name": "Surprised-Pikachu",
      "post_id": 36,
      "english_label": "others",
      "response_time_ms": 11313
    },
    {
      "image_path": "Futurama-Fry/Futurama-Fry_35.png",
      "label": "輕蔑",
      "response_time": "00:00:06.006",
      "timestamp_unix": 1749737912,
      "timestamp_unix_ms": 1749737912323,
      "timestamp_readable": "2025-06-12 14:18:32.323",
      "normalized_name": "Futurama-Fry/Futurama-Fry",
      "meme_name": "Futurama-Fry",
      "post_id": 35,
      "english_label": "contempt",
      "response_time_ms": 6006
    },
    {
      "image_path": "Confused-Gandalf/Confused-Gandalf_11.png",
      "label": "其他",
      "response_time": "00:00:12.103",
      "timestamp_unix": 1749737924,
      "timestamp_unix_ms": 1749737924563,
      "timestamp_readable": "2025-06-12 14:18:44.563",
      "normalized_name": "Confused-Gandalf/Confused-Gandalf",
      "meme_name": "Confused-Gandalf",
      "post_id": 11,
      "english_label": "others",
      "response_time_ms": 12103
    },
    {
      "image_path": "You-The-Real-MVP/You-The-Real-MVP_23.png",
      "label": "輕蔑",
      "response_time": "00:00:18.308",
      "timestamp_unix": 1749737942,
      "timestamp_unix_ms": 1749737942931,
      "timestamp_readable": "2025-06-12 14:19:02.931",
      "normalized_name": "You-The-Real-MVP/You-The-Real-MVP",
      "meme_name": "You-The-Real-MVP",
      "post_id": 23,
      "english_label": "contempt",
      "response_time_ms": 18308
    },
    {
      "image_path": "Kevin-Hart/Kevin-Hart_12.png",
      "label": "其他",
      "response_time": "00:00:08.901",
      "timestamp_unix": 1749737951,
      "timestamp_unix_ms": 1749737951944,
      "timestamp_readable": "2025-06-12 14:19:11.944",
      "normalized_name": "Kevin-Hart/Kevin-Hart",
      "meme_name": "Kevin-Hart",
      "post_id": 12,
      "english_label": "others",
      "response_time_ms": 8901
    },
    {
      "image_path": "Monkey-Puppet/Monkey-Puppet_37.png",
      "label": "輕蔑",
      "response_time": "00:00:15.101",
      "timestamp_unix": 1749737967,
      "timestamp_unix_ms": 1749737967108,
      "timestamp_readable": "2025-06-12 14:19:27.108",
      "normalized_name": "Monkey-Puppet/Monkey-Puppet",
      "meme_name": "Monkey-Puppet",
      "post_id": 37,
      "english_label": "contempt",
      "response_time_ms": 15101
    },
    {
      "image_path": "Thats-a-paddlin/Thats-a-paddlin_1.png",
      "label": "憤怒",
      "response_time": "00:00:04.806",
      "timestamp_unix": 1749737972,
      "timestamp_unix_ms": 1749737972019,
      "timestamp_readable": "2025-06-12 14:19:32.019",
      "normalized_name": "Thats-a-paddlin/Thats-a-paddlin",
      "meme_name": "Thats-a-paddlin",
      "post_id": 1,
      "english_label": "anger",
      "response_time_ms": 4806
    },
    {
      "image_path": "Angry-Baby/Angry-Baby_26.png",
      "label": "憤怒",
      "response_time": "00:00:04.405",
      "timestamp_unix": 1749737976,
      "timestamp_unix_ms": 1749737976482,
      "timestamp_readable": "2025-06-12 14:19:36.482",
      "normalized_name": "Angry-Baby/Angry-Baby",
      "meme_name": "Angry-Baby",
      "post_id": 26,
      "english_label": "anger",
      "response_time_ms": 4405
    },
    {
      "image_path": "Spiderman-Hospital/Spiderman-Hospital_3.png",
      "label": "其他",
      "response_time": "00:00:15.115",
      "timestamp_unix": 1749737991,
      "timestamp_unix_ms": 1749737991718,
      "timestamp_readable": "2025-06-12 14:19:51.718",
      "normalized_name": "Spiderman-Hospital/Spiderman-Hospital",
      "meme_name": "Spiderman-Hospital",
      "post_id": 3,
      "english_label": "others",
      "response_time_ms": 15115
    },
    {
      "image_path": "Khan/Khan_19.png",
      "label": "憤怒",
      "response_time": "00:00:06.505",
      "timestamp_unix": 1749737998,
      "timestamp_unix_ms": 1749737998312,
      "timestamp_readable": "2025-06-12 14:19:58.312",
      "normalized_name": "Khan/Khan",
      "meme_name": "Khan",
      "post_id": 19,
      "english_label": "anger",
      "response_time_ms": 6505
    },
    {
      "image_path": "Mr-McMahon-reaction/Mr-McMahon-reaction_15.png",
      "label": "憤怒",
      "response_time": "00:00:04.208",
      "timestamp_unix": 1749738002,
      "timestamp_unix_ms": 1749738002626,
      "timestamp_readable": "2025-06-12 14:20:02.626",
      "normalized_name": "Mr-McMahon-reaction/Mr-McMahon-reaction",
      "meme_name": "Mr-McMahon-reaction",
      "post_id": 15,
      "english_label": "anger",
      "response_time_ms": 4208
    },
    {
      "image_path": "Chill-guy/Chill-guy_20.png",
      "label": "輕蔑",
      "response_time": "00:00:07.103",
      "timestamp_unix": 1749738009,
      "timestamp_unix_ms": 1749738009799,
      "timestamp_readable": "2025-06-12 14:20:09.799",
      "normalized_name": "Chill-guy/Chill-guy",
      "meme_name": "Chill-guy",
      "post_id": 20,
      "english_label": "contempt",
      "response_time_ms": 7103
    },
    {
      "image_path": "I-am-once-again-asking/I-am-once-again-asking_7.png",
      "label": "厭惡",
      "response_time": "00:00:04.408",
      "timestamp_unix": 1749738014,
      "timestamp_unix_ms": 1749738014331,
      "timestamp_readable": "2025-06-12 14:20:14.331",
      "normalized_name": "I-am-once-again-asking/I-am-once-again-asking",
      "meme_name": "I-am-once-again-asking",
      "post_id": 7,
      "english_label": "disgust",
      "response_time_ms": 4408
    },
    {
      "image_path": "Well-Yes-But-Actually-No/Well-Yes-But-Actually-No_30.png",
      "label": "其他",
      "response_time": "00:00:08.503",
      "timestamp_unix": 1749738022,
      "timestamp_unix_ms": 1749738022907,
      "timestamp_readable": "2025-06-12 14:20:22.907",
      "normalized_name": "Well-Yes-But-Actually-No/Well-Yes-But-Actually-No",
      "meme_name": "Well-Yes-But-Actually-No",
      "post_id": 30,
      "english_label": "others",
      "response_time_ms": 8503
    },
    {
      "image_path": "Dave-chappelle/Dave-chappelle_50.png",
      "label": "其他",
      "response_time": "00:00:15.812",
      "timestamp_unix": 1749738038,
      "timestamp_unix_ms": 1749738038825,
      "timestamp_readable": "2025-06-12 14:20:38.825",
      "normalized_name": "Dave-chappelle/Dave-chappelle",
      "meme_name": "Dave-chappelle",
      "post_id": 50,
      "english_label": "others",
      "response_time_ms": 15812
    },
    {
      "image_path": "Table-Flip-Guy/Table-Flip-Guy_17.png",
      "label": "憤怒",
      "response_time": "00:00:03.809",
      "timestamp_unix": 1749738042,
      "timestamp_unix_ms": 1749738042671,
      "timestamp_readable": "2025-06-12 14:20:42.671",
      "normalized_name": "Table-Flip-Guy/Table-Flip-Guy",
      "meme_name": "Table-Flip-Guy",
      "post_id": 17,
      "english_label": "anger",
      "response_time_ms": 3809
    },
    {
      "image_path": "Im-The-Captain-Now/Im-The-Captain-Now_32.png",
      "label": "厭惡",
      "response_time": "00:00:10.301",
      "timestamp_unix": 1749738053,
      "timestamp_unix_ms": 1749738053063,
      "timestamp_readable": "2025-06-12 14:20:53.063",
      "normalized_name": "Im-The-Captain-Now/Im-The-Captain-Now",
      "meme_name": "Im-The-Captain-Now",
      "post_id": 32,
      "english_label": "disgust",
      "response_time_ms": 10301
    },
    {
      "image_path": "Persian-Cat-Room-Guardian/Persian-Cat-Room-Guardian_13.png",
      "label": "輕蔑",
      "response_time": "00:00:06.805",
      "timestamp_unix": 1749738059,
      "timestamp_unix_ms": 1749738059977,
      "timestamp_readable": "2025-06-12 14:20:59.977",
      "normalized_name": "Persian-Cat-Room-Guardian/Persian-Cat-Room-Guardian",
      "meme_name": "Persian-Cat-Room-Guardian",
      "post_id": 13,
      "english_label": "contempt",
      "response_time_ms": 6805
    },
    {
      "image_path": "Gru-Gun/Gru-Gun_18.png",
      "label": "厭惡",
      "response_time": "00:00:11.113",
      "timestamp_unix": 1749738071,
      "timestamp_unix_ms": 1749738071202,
      "timestamp_readable": "2025-06-12 14:21:11.202",
      "normalized_name": "Gru-Gun/Gru-Gun",
      "meme_name": "Gru-Gun",
      "post_id": 18,
      "english_label": "disgust",
      "response_time_ms": 11113
    },
    {
      "image_path": "Dinkleberg/Dinkleberg_9.png",
      "label": "厭惡",
      "response_time": "00:00:06.409",
      "timestamp_unix": 1749738077,
      "timestamp_unix_ms": 1749738077678,
      "timestamp_readable": "2025-06-12 14:21:17.678",
      "normalized_name": "Dinkleberg/Dinkleberg",
      "meme_name": "Dinkleberg",
      "post_id": 9,
      "english_label": "disgust",
      "response_time_ms": 6409
    },
    {
      "image_path": "Black-guy-hiding-behind-tree/Black-guy-hiding-behind-tree_27.png",
      "label": "其他",
      "response_time": "00:00:05.600",
      "timestamp_unix": 1749738083,
      "timestamp_unix_ms": 1749738083400,
      "timestamp_readable": "2025-06-12 14:21:23.400",
      "normalized_name": "Black-guy-hiding-behind-tree/Black-guy-hiding-behind-tree",
      "meme_name": "Black-guy-hiding-behind-tree",
      "post_id": 27,
      "english_label": "others",
      "response_time_ms": 5600
    },
    {
      "image_path": "Arthur-Fist/Arthur-Fist_43.png",
      "label": "憤怒",
      "response_time": "00:00:03.907",
      "timestamp_unix": 1749738087,
      "timestamp_unix_ms": 1749738087446,
      "timestamp_readable": "2025-06-12 14:21:27.446",
      "normalized_name": "Arthur-Fist/Arthur-Fist",
      "meme_name": "Arthur-Fist",
      "post_id": 43,
      "english_label": "anger",
      "response_time_ms": 3907
    },
    {
      "image_path": "Ill-Have-You-Know-Spongebob/Ill-Have-You-Know-Spongebob_40.png",
      "label": "輕蔑",
      "response_time": "00:00:05.404",
      "timestamp_unix": 1749738092,
      "timestamp_unix_ms": 1749738092943,
      "timestamp_readable": "2025-06-12 14:21:32.943",
      "normalized_name": "Ill-Have-You-Know-Spongebob/Ill-Have-You-Know-Spongebob",
      "meme_name": "Ill-Have-You-Know-Spongebob",
      "post_id": 40,
      "english_label": "contempt",
      "response_time_ms": 5404
    },
    {
      "image_path": "attention_check/attention_check_Contempt.png",
      "label": "輕蔑",
      "response_time": "00:00:04.302",
      "timestamp_unix": 1749738097,
      "timestamp_unix_ms": 1749738097322,
      "timestamp_readable": "2025-06-12 14:21:37.322",
      "normalized_name": "attention_check/attention_check_Contempt.png",
      "meme_name": "attention_check",
      "post_id": null,
      "english_label": "contempt",
      "response_time_ms": 4302
    },
    {
      "image_path": "Leonardo-Dicaprio-Wolf-Of-Wall-Street/Leonardo-Dicaprio-Wolf-Of-Wall-Street_29.png",
      "label": "輕蔑",
      "response_time": "00:00:05.706",
      "timestamp_unix": 1749738103,
      "timestamp_unix_ms": 1749738103098,
      "timestamp_readable": "2025-06-12 14:21:43.098",
      "normalized_name": "Leonardo-Dicaprio-Wolf-Of-Wall-Street/Leonardo-Dicaprio-Wolf-Of-Wall-Street",
      "meme_name": "Leonardo-Dicaprio-Wolf-Of-Wall-Street",
      "post_id": 29,
      "english_label": "contempt",
      "response_time_ms": 5706
    },
    {
      "image_path": "Hold-fart/Hold-fart_16.png",
      "label": "厭惡",
      "response_time": "00:00:07.006",
      "timestamp_unix": 1749738110,
      "timestamp_unix_ms": 1749738110210,
      "timestamp_readable": "2025-06-12 14:21:50.210",
      "normalized_name": "Hold-fart/Hold-fart",
      "meme_name": "Hold-fart",
      "post_id": 16,
      "english_label": "disgust",
      "response_time_ms": 7006
    },
    {
      "image_path": "Charlie-Day/Charlie-Day_39.png",
      "label": "憤怒",
      "response_time": "00:00:06.802",
      "timestamp_unix": 1749738117,
      "timestamp_unix_ms": 1749738117137,
      "timestamp_readable": "2025-06-12 14:21:57.137",
      "normalized_name": "Charlie-Day/Charlie-Day",
      "meme_name": "Charlie-Day",
      "post_id": 39,
      "english_label": "anger",
      "response_time_ms": 6802
    },
    {
      "image_path": "Archer/Archer_33.png",
      "label": "其他",
      "response_time": "00:00:04.306",
      "timestamp_unix": 1749738121,
      "timestamp_unix_ms": 1749738121534,
      "timestamp_readable": "2025-06-12 14:22:01.534",
      "normalized_name": "Archer/Archer",
      "meme_name": "Archer",
      "post_id": 33,
      "english_label": "others",
      "response_time_ms": 4306
    },
    {
      "image_path": "Math-ladyConfused-lady/Math-ladyConfused-lady_31.png",
      "label": "其他",
      "response_time": "00:00:05.502",
      "timestamp_unix": 1749738127,
      "timestamp_unix_ms": 1749738127162,
      "timestamp_readable": "2025-06-12 14:22:07.162",
      "normalized_name": "Math-ladyConfused-lady/Math-ladyConfused-lady",
      "meme_name": "Math-ladyConfused-lady",
      "post_id": 31,
      "english_label": "others",
      "response_time_ms": 5502
    },
    {
      "image_path": "Picard-Wtf/Picard-Wtf_45.png",
      "label": "輕蔑",
      "response_time": "00:00:06.803",
      "timestamp_unix": 1749738134,
      "timestamp_unix_ms": 1749738134040,
      "timestamp_readable": "2025-06-12 14:22:14.040",
      "normalized_name": "Picard-Wtf/Picard-Wtf",
      "meme_name": "Picard-Wtf",
      "post_id": 45,
      "english_label": "contempt",
      "response_time_ms": 6803
    },
    {
      "image_path": "Always-you-three/Always-you-three_47.png",
      "label": "其他",
      "response_time": "00:00:13.302",
      "timestamp_unix": 1749738147,
      "timestamp_unix_ms": 1749738147393,
      "timestamp_readable": "2025-06-12 14:22:27.393",
      "normalized_name": "Always-you-three/Always-you-three",
      "meme_name": "Always-you-three",
      "post_id": 47,
      "english_label": "others",
      "response_time_ms": 13302
    },
    {
      "image_path": "Batman-Slapping-Robin/Batman-Slapping-Robin_34.png",
      "label": "憤怒",
      "response_time": "00:00:05.208",
      "timestamp_unix": 1749738152,
      "timestamp_unix_ms": 1749738152737,
      "timestamp_readable": "2025-06-12 14:22:32.737",
      "normalized_name": "Batman-Slapping-Robin/Batman-Slapping-Robin",
      "meme_name": "Batman-Slapping-Robin",
      "post_id": 34,
      "english_label": "anger",
      "response_time_ms": 5208
    },
    {
      "image_path": "Mr-incredible-mad/Mr-incredible-mad_14.png",
      "label": "憤怒",
      "response_time": "00:00:05.107",
      "timestamp_unix": 1749738157,
      "timestamp_unix_ms": 1749738157884,
      "timestamp_readable": "2025-06-12 14:22:37.884",
      "normalized_name": "Mr-incredible-mad/Mr-incredible-mad",
      "meme_name": "Mr-incredible-mad",
      "post_id": 14,
      "english_label": "anger",
      "response_time_ms": 5107
    },
    {
      "image_path": "Nuclear-Explosion/Nuclear-Explosion_41.png",
      "label": "其他",
      "response_time": "00:00:08.602",
      "timestamp_unix": 1749738166,
      "timestamp_unix_ms": 1749738166623,
      "timestamp_readable": "2025-06-12 14:22:46.623",
      "normalized_name": "Nuclear-Explosion/Nuclear-Explosion",
      "meme_name": "Nuclear-Explosion",
      "post_id": 41,
      "english_label": "others",
      "response_time_ms": 8602
    },
    {
      "image_path": "Drake-NoYes/Drake-NoYes_21.png",
      "label": "其他",
      "response_time": "00:00:06.007",
      "timestamp_unix": 1749738172,
      "timestamp_unix_ms": 1749738172689,
      "timestamp_readable": "2025-06-12 14:22:52.689",
      "normalized_name": "Drake-NoYes/Drake-NoYes",
      "meme_name": "Drake-NoYes",
      "post_id": 21,
      "english_label": "others",
      "response_time_ms": 6007
    },
    {
      "image_path": "Put-It-Somewhere-Else-Patrick/Put-It-Somewhere-Else-Patrick_25.png",
      "label": "其他",
      "response_time": "00:00:08.201",
      "timestamp_unix": 1749738181,
      "timestamp_unix_ms": 1749738181012,
      "timestamp_readable": "2025-06-12 14:23:01.012",
      "normalized_name": "Put-It-Somewhere-Else-Patrick/Put-It-Somewhere-Else-Patrick",
      "meme_name": "Put-It-Somewhere-Else-Patrick",
      "post_id": 25,
      "english_label": "others",
      "response_time_ms": 8201
    },
    {
      "image_path": "Mocking-Spongebob/Mocking-Spongebob_22.png",
      "label": "輕蔑",
      "response_time": "00:00:05.403",
      "timestamp_unix": 1749738186,
      "timestamp_unix_ms": 1749738186507,
      "timestamp_readable": "2025-06-12 14:23:06.507",
      "normalized_name": "Mocking-Spongebob/Mocking-Spongebob",
      "meme_name": "Mocking-Spongebob",
      "post_id": 22,
      "english_label": "contempt",
      "response_time_ms": 5403
    },
    {
      "image_path": "Disappointed-Man/Disappointed-Man_4.png",
      "label": "厭惡",
      "response_time": "00:00:06.800",
      "timestamp_unix": 1749738193,
      "timestamp_unix_ms": 1749738193384,
      "timestamp_readable": "2025-06-12 14:23:13.384",
      "normalized_name": "Disappointed-Man/Disappointed-Man",
      "meme_name": "Disappointed-Man",
      "post_id": 4,
      "english_label": "disgust",
      "response_time_ms": 6800
    },
    {
      "image_path": "Afraid-To-Ask-Andy/Afraid-To-Ask-Andy_6.png",
      "label": "憤怒",
      "response_time": "00:00:05.703",
      "timestamp_unix": 1749738199,
      "timestamp_unix_ms": 1749738199225,
      "timestamp_readable": "2025-06-12 14:23:19.225",
      "normalized_name": "Afraid-To-Ask-Andy/Afraid-To-Ask-Andy",
      "meme_name": "Afraid-To-Ask-Andy",
      "post_id": 6,
      "english_label": "anger",
      "response_time_ms": 5703
    },
    {
      "image_path": "Disaster-Girl/Disaster-Girl_2.png",
      "label": "輕蔑",
      "response_time": "00:00:11.205",
      "timestamp_unix": 1749738210,
      "timestamp_unix_ms": 1749738210533,
      "timestamp_readable": "2025-06-12 14:23:30.533",
      "normalized_name": "Disaster-Girl/Disaster-Girl",
      "meme_name": "Disaster-Girl",
      "post_id": 2,
      "english_label": "contempt",
      "response_time_ms": 11205
    },
    {
      "image_path": "Obi-Wan-Kenobi/Obi-Wan-Kenobi_28.png",
      "label": "厭惡",
      "response_time": "00:00:04.805",
      "timestamp_unix": 1749738215,
      "timestamp_unix_ms": 1749738215413,
      "timestamp_readable": "2025-06-12 14:23:35.413",
      "normalized_name": "Obi-Wan-Kenobi/Obi-Wan-Kenobi",
      "meme_name": "Obi-Wan-Kenobi",
      "post_id": 28,
      "english_label": "disgust",
      "response_time_ms": 4805
    },
    {
      "image_path": "Scooby-doo-mask-reveal/Scooby-doo-mask-reveal_42.png",
      "label": "其他",
      "response_time": "00:00:05.305",
      "timestamp_unix": 1749738220,
      "timestamp_unix_ms": 1749738220824,
      "timestamp_readable": "2025-06-12 14:23:40.824",
      "normalized_name": "Scooby-doo-mask-reveal/Scooby-doo-mask-reveal",
      "meme_name": "Scooby-doo-mask-reveal",
      "post_id": 42,
      "english_label": "others",
      "response_time_ms": 5305
    },
    {
      "image_path": "Happy--Shock/Happy--Shock_38.png",
      "label": "其他",
      "response_time": "00:00:09.101",
      "timestamp_unix": 1749738230,
      "timestamp_unix_ms": 1749738230019,
      "timestamp_readable": "2025-06-12 14:23:50.019",
      "normalized_name": "Happy--Shock/Happy--Shock",
      "meme_name": "Happy--Shock",
      "post_id": 38,
      "english_label": "others",
      "response_time_ms": 9101
    },
    {
      "image_path": "Smudge-the-cat/Smudge-the-cat_8.png",
      "label": "憤怒",
      "response_time": "00:00:05.302",
      "timestamp_unix": 1749738235,
      "timestamp_unix_ms": 1749738235431,
      "timestamp_readable": "2025-06-12 14:23:55.431",
      "normalized_name": "Smudge-the-cat/Smudge-the-cat",
      "meme_name": "Smudge-the-cat",
      "post_id": 8,
      "english_label": "anger",
      "response_time_ms": 5302
    },
    {
      "image_path": "Moe-throws-Barney/Moe-throws-Barney_24.png",
      "label": "憤怒",
      "response_time": "00:00:10.300",
      "timestamp_unix": 1749738245,
      "timestamp_unix_ms": 1749738245839,
      "timestamp_readable": "2025-06-12 14:24:05.839",
      "normalized_name": "Moe-throws-Barney/Moe-throws-Barney",
      "meme_name": "Moe-throws-Barney",
      "post_id": 24,
      "english_label": "anger",
      "response_time_ms": 10300
    },
    {
      "image_path": "Always-Has-Been/Always-Has-Been_49.png",
      "label": "厭惡",
      "response_time": "00:00:04.800",
      "timestamp_unix": 1749738250,
      "timestamp_unix_ms": 1749738250735,
      "timestamp_readable": "2025-06-12 14:24:10.735",
      "normalized_name": "Always-Has-Been/Always-Has-Been",
      "meme_name": "Always-Has-Been",
      "post_id": 49,
      "english_label": "disgust",
      "response_time_ms": 4800
    },
    {
      "image_path": "DJ-Pauly-D/DJ-Pauly-D_5.png",
      "label": "憤怒",
      "response_time": "00:00:06.700",
      "timestamp_unix": 1749738257,
      "timestamp_unix_ms": 1749738257580,
      "timestamp_readable": "2025-06-12 14:24:17.580",
      "normalized_name": "DJ-Pauly-D/DJ-Pauly-D",
      "meme_name": "DJ-Pauly-D",
      "post_id": 5,
      "english_label": "anger",
      "response_time_ms": 6700
    },
    {
      "image_path": "attention_check/attention_check_Anger.png",
      "label": "憤怒",
      "response_time": "00:00:02.003",
      "timestamp_unix": 1749738259,
      "timestamp_unix_ms": 1749738259704,
      "timestamp_readable": "2025-06-12 14:24:19.704",
      "normalized_name": "attention_check/attention_check_Anger.png",
      "meme_name": "attention_check",
      "post_id": null,
      "english_label": "anger",
      "response_time_ms": 2003
    },
    {
      "image_path": "For-the-better-right-blank/For-the-better-right-blank_10.png",
      "label": "其他",
      "response_time": "00:00:14.201",
      "timestamp_unix": 1749738273,
      "timestamp_unix_ms": 1749738273979,
      "timestamp_readable": "2025-06-12 14:24:33.979",
      "normalized_name": "For-the-better-right-blank/For-the-better-right-blank",
      "meme_name": "For-the-better-right-blank",
      "post_id": 10,
      "english_label": "others",
      "response_time_ms": 14201
    },
    {
      "image_path": "Hide-the-Pain-Harold/Hide-the-Pain-Harold_44.png",
      "label": "其他",
      "response_time": "00:00:03.902",
      "timestamp_unix": 1749738277,
      "timestamp_unix_ms": 1749738277944,
      "timestamp_readable": "2025-06-12 14:24:37.944",
      "normalized_name": "Hide-the-Pain-Harold/Hide-the-Pain-Harold",
      "meme_name": "Hide-the-Pain-Harold",
      "post_id": 44,
      "english_label": "others",
      "response_time_ms": 3902
    },
    {
      "image_path": "Spongebob-Yelling/Spongebob-Yelling_48.png",
      "label": "憤怒",
      "response_time": "00:00:07.414",
      "timestamp_unix": 1749738285,
      "timestamp_unix_ms": 1749738285434,
      "timestamp_readable": "2025-06-12 14:24:45.434",
      "normalized_name": "Spongebob-Yelling/Spongebob-Yelling",
      "meme_name": "Spongebob-Yelling",
      "post_id": 48,
      "english_label": "anger",
      "response_time_ms": 7414
    },
    {
      "image_path": "Laughing-wolf/Laughing-wolf_46.png",
      "label": "輕蔑",
      "response_time": "00:00:03.105",
      "timestamp_unix": 1749738288,
      "timestamp_unix_ms": 1749738288614,
      "timestamp_readable": "2025-06-12 14:24:48.614",
      "normalized_name": "Laughing-wolf/Laughing-wolf",
      "meme_name": "Laughing-wolf",
      "post_id": 46,
      "english_label": "contempt",
      "response_time_ms": 3105
    }
  ],
  "session_start_unix": 1749737792,
  "session_status": "completed",
  "last_updated_unix": 1749738419,
  "image_order": [
    "Spiderman-Hospital/Spiderman-Hospital_3.png",
    "Happy--Shock/Happy--Shock_38.png",
    "Chill-guy/Chill-guy_20.png",
    "I-am-once-again-asking/I-am-once-again-asking_7.png",
    "Math-ladyConfused-lady/Math-ladyConfused-lady_31.png",
    "Archer/Archer_33.png",
    "Leonardo-Dicaprio-Wolf-Of-Wall-Street/Leonardo-Dicaprio-Wolf-Of-Wall-Street_29.png",
    "Mocking-Spongebob/Mocking-Spongebob_22.png",
    "Afraid-To-Ask-Andy/Afraid-To-Ask-Andy_6.png",
    "Charlie-Day/Charlie-Day_39.png",
    "Always-Has-Been/Always-Has-Been_49.png",
    "Picard-Wtf/Picard-Wtf_45.png",
    "Batman-Slapping-Robin/Batman-Slapping-Robin_34.png",
    "For-the-better-right-blank/For-the-better-right-blank_10.png",
    "Drake-NoYes/Drake-NoYes_21.png",
    "Laughing-wolf/Laughing-wolf_46.png",
    "DJ-Pauly-D/DJ-Pauly-D_5.png",
    "Always-you-three/Always-you-three_47.png",
    "Disappointed-Man/Disappointed-Man_4.png",
    "Smudge-the-cat/Smudge-the-cat_8.png",
    "Thats-a-paddlin/Thats-a-paddlin_1.png",
    "Hide-the-Pain-Harold/Hide-the-Pain-Harold_44.png",
    "Hold-fart/Hold-fart_16.png",
    "attention_check/attention_check_Contempt.png",
    "Im-The-Captain-Now/Im-The-Captain-Now_32.png",
    "Obi-Wan-Kenobi/Obi-Wan-Kenobi_28.png",
    "Spongebob-Yelling/Spongebob-Yelling_48.png",
    "Nuclear-Explosion/Nuclear-Explosion_41.png",
    "Dinkleberg/Dinkleberg_9.png",
    "Scooby-doo-mask-reveal/Scooby-doo-mask-reveal_42.png",
    "Disaster-Girl/Disaster-Girl_2.png",
    "Black-guy-hiding-behind-tree/Black-guy-hiding-behind-tree_27.png",
    "You-The-Real-MVP/You-The-Real-MVP_23.png",
    "Moe-throws-Barney/Moe-throws-Barney_24.png",
    "Ill-Have-You-Know-Spongebob/Ill-Have-You-Know-Spongebob_40.png",
    "Futurama-Fry/Futurama-Fry_35.png",
    "Monkey-Puppet/Monkey-Puppet_37.png",
    "Confused-Gandalf/Confused-Gandalf_11.png",
    "Mr-incredible-mad/Mr-incredible-mad_14.png",
    "Dave-chappelle/Dave-chappelle_50.png",
    "Surprised-Pikachu/Surprised-Pikachu_36.png",
    "Table-Flip-Guy/Table-Flip-Guy_17.png",
    "Kevin-Hart/Kevin-Hart_12.png",
    "Well-Yes-But-Actually-No/Well-Yes-But-Actually-No_30.png",
    "Mr-McMahon-reaction/Mr-McMahon-reaction_15.png",
    "Gru-Gun/Gru-Gun_18.png",
    "Persian-Cat-Room-Guardian/Persian-Cat-Room-Guardian_13.png",
    "attention_check/attention_check_Anger.png",
    "Put-It-Somewhere-Else-Patrick/Put-It-Somewhere-Else-Patrick_25.png",
    "Angry-Baby/Angry-Baby_26.png",
    "Arthur-Fist/Arthur-Fist_43.png",
    "Khan/Khan_19.png"
  ],
  "completion_status": {
    "practice_completed": true,
    "game_started": true,
    "game_completed": true,
    "summary_viewed": true,
    "email_submitted": true
  },
  "timestamps_unix": {
    "registration_completed": 1749737792,
    "practice_started": 1749737792,
    "practice_completed": 1749737894,
    "game_started": 1749737894,
    "first_label": 1749737906,
    "last_label": 1749738288,
    "game_completed": 1749738290,
    "summary_viewed": 1749738290,
    "email_submitted": 1749738419,
    "session_end": 1749738419,
    "last_updated": 1749738419
  },
  "timestamps_unix_ms": {
    "registration_completed_ms": 1749737792878,
    "practice_started_ms": 1749737792925,
    "practice_completed_ms": 1749737894786,
    "game_started_ms": 1749737894802,
    "first_label_ms": 1749737906248,
    "last_label_ms": 1749738288614,
    "game_completed_ms": 1749738290470,
    "summary_viewed_ms": 1749738290485,
    "email_submitted_ms": 1749738419382,
    "session_end_ms": 1749738419382,
    "last_updated_ms": 1749738419382
  },
  "duration_stats_ms": {
    "total_session_duration_ms": 626504,
    "practice_duration_ms": 101861,
    "game_duration_ms": 395668,
    "labeling_duration_ms": 382366,
    "email_submission_duration_ms": 128897
  },
  "filename_updated_unix": 1749738290,
  "original_filename": "user_12cb29",
  "completion_status_in_filename": "email_submitted"
}