{
  "user_id": "user_0e727c",
  "file_name": "user_0e727c_1750687965_1750688622_fullycomplete",
  "unix_start_time": 1750687965,
  "unix_start_time_ms": 1750687965550,
  "unix_end_time": 1750688622,
  "unix_end_time_ms": 1750688622091,
  "age": "18-24",
  "gender": "female",
  "user_agent": "Mozilla/5.0 (Windows NT 10.0; Win64; x64) AppleWebKit/537.36 (KHTML, like Gecko) Chrome/137.0.0.0 Safari/537.36",
  "user_ip": "220.132.243.53",
  "status": "complete",
  "email_provided": "complete",
  "attention_passed": true,
  "start_time_readable": "2025-06-23 14:12:45.550",
  "end_time_readable": "2025-06-23 14:23:42.091",
  "total_labels": 52,
  "emotion_summary": {
    "anger": 6,
    "contempt": 6,
    "disgust": 12,
    "others": 28
  },
  "email": "sankie0619@gmail.com",
  "participation": "yes",
  "total_responses": 52,
  "responses": [
    {
      "image_path": "Put-It-Somewhere-Else-Patrick/Put-It-Somewhere-Else-Patrick_1.png",
      "label": "輕蔑",
      "response_time": "00:00:09.905",
      "timestamp_unix": 1750688071,
      "timestamp_unix_ms": 1750688071952,
      "timestamp_readable": "2025-06-23 14:14:31.952",
      "normalized_name": "Put-It-Somewhere-Else-Patrick/Put-It-Somewhere-Else-Patrick",
      "meme_name": "Put-It-Somewhere-Else-Patrick",
      "post_id": 1,
      "english_label": "contempt",
      "response_time_ms": 9905
    },
    {
      "image_path": "Ill-Have-You-Know-Spongebob/Ill-Have-You-Know-Spongebob_20.png",
      "label": "其他",
      "response_time": "00:00:15.404",
      "timestamp_unix": 1750688087,
      "timestamp_unix_ms": 1750688087452,
      "timestamp_readable": "2025-06-23 14:14:47.452",
      "normalized_name": "Ill-Have-You-Know-Spongebob/Ill-Have-You-Know-Spongebob",
      "meme_name": "Ill-Have-You-Know-Spongebob",
      "post_id": 20,
      "english_label": "others",
      "response_time_ms": 15404
    },
    {
      "image_path": "I-am-once-again-asking/I-am-once-again-asking_45.png",
      "label": "其他",
      "response_time": "00:00:32.902",
      "timestamp_unix": 1750688120,
      "timestamp_unix_ms": 1750688120409,
      "timestamp_readable": "2025-06-23 14:15:20.409",
      "normalized_name": "I-am-once-again-asking/I-am-once-again-asking",
      "meme_name": "I-am-once-again-asking",
      "post_id": 45,
      "english_label": "others",
      "response_time_ms": 32902
    },
    {
      "image_path": "Hide-the-Pain-Harold/Hide-the-Pain-Harold_4.png",
      "label": "其他",
      "response_time": "00:00:12.606",
      "timestamp_unix": 1750688133,
      "timestamp_unix_ms": 1750688133139,
      "timestamp_readable": "2025-06-23 14:15:33.139",
      "normalized_name": "Hide-the-Pain-Harold/Hide-the-Pain-Harold",
      "meme_name": "Hide-the-Pain-Harold",
      "post_id": 4,
      "english_label": "others",
      "response_time_ms": 12606
    },
    {
      "image_path": "Persian-Cat-Room-Guardian/Persian-Cat-Room-Guardian_6.png",
      "label": "憤怒",
      "response_time": "00:00:06.509",
      "timestamp_unix": 1750688139,
      "timestamp_unix_ms": 1750688139740,
      "timestamp_readable": "2025-06-23 14:15:39.740",
      "normalized_name": "Persian-Cat-Room-Guardian/Persian-Cat-Room-Guardian",
      "meme_name": "Persian-Cat-Room-Guardian",
      "post_id": 6,
      "english_label": "anger",
      "response_time_ms": 6509
    },
    {
      "image_path": "Happy--Shock/Happy--Shock_47.png",
      "label": "其他",
      "response_time": "00:00:09.303",
      "timestamp_unix": 1750688149,
      "timestamp_unix_ms": 1750688149157,
      "timestamp_readable": "2025-06-23 14:15:49.157",
      "normalized_name": "Happy--Shock/Happy--Shock",
      "meme_name": "Happy--Shock",
      "post_id": 47,
      "english_label": "others",
      "response_time_ms": 9303
    },
    {
      "image_path": "Table-Flip-Guy/Table-Flip-Guy_9.png",
      "label": "憤怒",
      "response_time": "00:00:06.508",
      "timestamp_unix": 1750688155,
      "timestamp_unix_ms": 1750688155723,
      "timestamp_readable": "2025-06-23 14:15:55.723",
      "normalized_name": "Table-Flip-Guy/Table-Flip-Guy",
      "meme_name": "Table-Flip-Guy",
      "post_id": 9,
      "english_label": "anger",
      "response_time_ms": 6508
    },
    {
      "image_path": "Smudge-the-cat/Smudge-the-cat_39.png",
      "label": "厭惡",
      "response_time": "00:00:12.000",
      "timestamp_unix": 1750688167,
      "timestamp_unix_ms": 1750688167799,
      "timestamp_readable": "2025-06-23 14:16:07.799",
      "normalized_name": "Smudge-the-cat/Smudge-the-cat",
      "meme_name": "Smudge-the-cat",
      "post_id": 39,
      "english_label": "disgust",
      "response_time_ms": 12000
    },
    {
      "image_path": "You-The-Real-MVP/You-The-Real-MVP_40.png",
      "label": "厭惡",
      "response_time": "00:00:11.610",
      "timestamp_unix": 1750688179,
      "timestamp_unix_ms": 1750688179522,
      "timestamp_readable": "2025-06-23 14:16:19.522",
      "normalized_name": "You-The-Real-MVP/You-The-Real-MVP",
      "meme_name": "You-The-Real-MVP",
      "post_id": 40,
      "english_label": "disgust",
      "response_time_ms": 11610
    },
    {
      "image_path": "Always-you-three/Always-you-three_46.png",
      "label": "其他",
      "response_time": "00:00:12.202",
      "timestamp_unix": 1750688191,
      "timestamp_unix_ms": 1750688191780,
      "timestamp_readable": "2025-06-23 14:16:31.780",
      "normalized_name": "Always-you-three/Always-you-three",
      "meme_name": "Always-you-three",
      "post_id": 46,
      "english_label": "others",
      "response_time_ms": 12202
    },
    {
      "image_path": "Obi-Wan-Kenobi/Obi-Wan-Kenobi_21.png",
      "label": "厭惡",
      "response_time": "00:00:07.302",
      "timestamp_unix": 1750688199,
      "timestamp_unix_ms": 1750688199175,
      "timestamp_readable": "2025-06-23 14:16:39.175",
      "normalized_name": "Obi-Wan-Kenobi/Obi-Wan-Kenobi",
      "meme_name": "Obi-Wan-Kenobi",
      "post_id": 21,
      "english_label": "disgust",
      "response_time_ms": 7302
    },
    {
      "image_path": "For-the-better-right-blank/For-the-better-right-blank_26.png",
      "label": "輕蔑",
      "response_time": "00:00:09.710",
      "timestamp_unix": 1750688208,
      "timestamp_unix_ms": 1750688208960,
      "timestamp_readable": "2025-06-23 14:16:48.960",
      "normalized_name": "For-the-better-right-blank/For-the-better-right-blank",
      "meme_name": "For-the-better-right-blank",
      "post_id": 26,
      "english_label": "contempt",
      "response_time_ms": 9710
    },
    {
      "image_path": "Hold-fart/Hold-fart_50.png",
      "label": "其他",
      "response_time": "00:00:08.603",
      "timestamp_unix": 1750688217,
      "timestamp_unix_ms": 1750688217689,
      "timestamp_readable": "2025-06-23 14:16:57.689",
      "normalized_name": "Hold-fart/Hold-fart",
      "meme_name": "Hold-fart",
      "post_id": 50,
      "english_label": "others",
      "response_time_ms": 8603
    },
    {
      "image_path": "Scooby-doo-mask-reveal/Scooby-doo-mask-reveal_44.png",
      "label": "厭惡",
      "response_time": "00:00:18.901",
      "timestamp_unix": 1750688236,
      "timestamp_unix_ms": 1750688236722,
      "timestamp_readable": "2025-06-23 14:17:16.722",
      "normalized_name": "Scooby-doo-mask-reveal/Scooby-doo-mask-reveal",
      "meme_name": "Scooby-doo-mask-reveal",
      "post_id": 44,
      "english_label": "disgust",
      "response_time_ms": 18901
    },
    {
      "image_path": "Khan/Khan_31.png",
      "label": "其他",
      "response_time": "00:00:04.503",
      "timestamp_unix": 1750688241,
      "timestamp_unix_ms": 1750688241433,
      "timestamp_readable": "2025-06-23 14:17:21.433",
      "normalized_name": "Khan/Khan",
      "meme_name": "Khan",
      "post_id": 31,
      "english_label": "others",
      "response_time_ms": 4503
    },
    {
      "image_path": "Angry-Baby/Angry-Baby_10.png",
      "label": "憤怒",
      "response_time": "00:00:06.603",
      "timestamp_unix": 1750688248,
      "timestamp_unix_ms": 1750688248132,
      "timestamp_readable": "2025-06-23 14:17:28.132",
      "normalized_name": "Angry-Baby/Angry-Baby",
      "meme_name": "Angry-Baby",
      "post_id": 10,
      "english_label": "anger",
      "response_time_ms": 6603
    },
    {
      "image_path": "Spiderman-Hospital/Spiderman-Hospital_24.png",
      "label": "其他",
      "response_time": "00:00:11.507",
      "timestamp_unix": 1750688259,
      "timestamp_unix_ms": 1750688259700,
      "timestamp_readable": "2025-06-23 14:17:39.700",
      "normalized_name": "Spiderman-Hospital/Spiderman-Hospital",
      "meme_name": "Spiderman-Hospital",
      "post_id": 24,
      "english_label": "others",
      "response_time_ms": 11507
    },
    {
      "image_path": "Charlie-Day/Charlie-Day_17.png",
      "label": "其他",
      "response_time": "00:00:08.908",
      "timestamp_unix": 1750688268,
      "timestamp_unix_ms": 1750688268646,
      "timestamp_readable": "2025-06-23 14:17:48.646",
      "normalized_name": "Charlie-Day/Charlie-Day",
      "meme_name": "Charlie-Day",
      "post_id": 17,
      "english_label": "others",
      "response_time_ms": 8908
    },
    {
      "image_path": "Disaster-Girl/Disaster-Girl_18.png",
      "label": "憤怒",
      "response_time": "00:00:07.810",
      "timestamp_unix": 1750688276,
      "timestamp_unix_ms": 1750688276514,
      "timestamp_readable": "2025-06-23 14:17:56.514",
      "normalized_name": "Disaster-Girl/Disaster-Girl",
      "meme_name": "Disaster-Girl",
      "post_id": 18,
      "english_label": "anger",
      "response_time_ms": 7810
    },
    {
      "image_path": "Nuclear-Explosion/Nuclear-Explosion_29.png",
      "label": "輕蔑",
      "response_time": "00:00:05.607",
      "timestamp_unix": 1750688282,
      "timestamp_unix_ms": 1750688282246,
      "timestamp_readable": "2025-06-23 14:18:02.246",
      "normalized_name": "Nuclear-Explosion/Nuclear-Explosion",
      "meme_name": "Nuclear-Explosion",
      "post_id": 29,
      "english_label": "contempt",
      "response_time_ms": 5607
    },
    {
      "image_path": "Black-guy-hiding-behind-tree/Black-guy-hiding-behind-tree_30.png",
      "label": "其他",
      "response_time": "00:00:05.905",
      "timestamp_unix": 1750688288,
      "timestamp_unix_ms": 1750688288210,
      "timestamp_readable": "2025-06-23 14:18:08.210",
      "normalized_name": "Black-guy-hiding-behind-tree/Black-guy-hiding-behind-tree",
      "meme_name": "Black-guy-hiding-behind-tree",
      "post_id": 30,
      "english_label": "others",
      "response_time_ms": 5905
    },
    {
      "image_path": "Dave-chappelle/Dave-chappelle_2.png",
      "label": "其他",
      "response_time": "00:00:09.209",
      "timestamp_unix": 1750688297,
      "timestamp_unix_ms": 1750688297507,
      "timestamp_readable": "2025-06-23 14:18:17.507",
      "normalized_name": "Dave-chappelle/Dave-chappelle",
      "meme_name": "Dave-chappelle",
      "post_id": 2,
      "english_label": "others",
      "response_time_ms": 9209
    },
    {
      "image_path": "Surprised-Pikachu/Surprised-Pikachu_49.png",
      "label": "厭惡",
      "response_time": "00:00:12.403",
      "timestamp_unix": 1750688310,
      "timestamp_unix_ms": 1750688310055,
      "timestamp_readable": "2025-06-23 14:18:30.055",
      "normalized_name": "Surprised-Pikachu/Surprised-Pikachu",
      "meme_name": "Surprised-Pikachu",
      "post_id": 49,
      "english_label": "disgust",
      "response_time_ms": 12403
    },
    {
      "image_path": "attention_check/attention_check_Contempt.png",
      "label": "輕蔑",
      "response_time": "00:00:03.903",
      "timestamp_unix": 1750688314,
      "timestamp_unix_ms": 1750688314070,
      "timestamp_readable": "2025-06-23 14:18:34.070",
      "normalized_name": "attention_check/attention_check_Contempt.png",
      "meme_name": "attention_check",
      "post_id": null,
      "english_label": "contempt",
      "response_time_ms": 3903
    },
    {
      "image_path": "Futurama-Fry/Futurama-Fry_32.png",
      "label": "厭惡",
      "response_time": "00:00:11.209",
      "timestamp_unix": 1750688325,
      "timestamp_unix_ms": 1750688325358,
      "timestamp_readable": "2025-06-23 14:18:45.358",
      "normalized_name": "Futurama-Fry/Futurama-Fry",
      "meme_name": "Futurama-Fry",
      "post_id": 32,
      "english_label": "disgust",
      "response_time_ms": 11209
    },
    {
      "image_path": "Chill-guy/Chill-guy_28.png",
      "label": "其他",
      "response_time": "00:00:04.806",
      "timestamp_unix": 1750688330,
      "timestamp_unix_ms": 1750688330269,
      "timestamp_readable": "2025-06-23 14:18:50.269",
      "normalized_name": "Chill-guy/Chill-guy",
      "meme_name": "Chill-guy",
      "post_id": 28,
      "english_label": "others",
      "response_time_ms": 4806
    },
    {
      "image_path": "Laughing-wolf/Laughing-wolf_19.png",
      "label": "其他",
      "response_time": "00:00:09.405",
      "timestamp_unix": 1750688339,
      "timestamp_unix_ms": 1750688339735,
      "timestamp_readable": "2025-06-23 14:18:59.735",
      "normalized_name": "Laughing-wolf/Laughing-wolf",
      "meme_name": "Laughing-wolf",
      "post_id": 19,
      "english_label": "others",
      "response_time_ms": 9405
    },
    {
      "image_path": "Disappointed-Man/Disappointed-Man_12.png",
      "label": "憤怒",
      "response_time": "00:00:13.305",
      "timestamp_unix": 1750688353,
      "timestamp_unix_ms": 1750688353187,
      "timestamp_readable": "2025-06-23 14:19:13.187",
      "normalized_name": "Disappointed-Man/Disappointed-Man",
      "meme_name": "Disappointed-Man",
      "post_id": 12,
      "english_label": "anger",
      "response_time_ms": 13305
    },
    {
      "image_path": "Monkey-Puppet/Monkey-Puppet_35.png",
      "label": "其他",
      "response_time": "00:00:07.501",
      "timestamp_unix": 1750688360,
      "timestamp_unix_ms": 1750688360836,
      "timestamp_readable": "2025-06-23 14:19:20.836",
      "normalized_name": "Monkey-Puppet/Monkey-Puppet",
      "meme_name": "Monkey-Puppet",
      "post_id": 35,
      "english_label": "others",
      "response_time_ms": 7501
    },
    {
      "image_path": "Always-Has-Been/Always-Has-Been_25.png",
      "label": "厭惡",
      "response_time": "00:00:08.704",
      "timestamp_unix": 1750688369,
      "timestamp_unix_ms": 1750688369594,
      "timestamp_readable": "2025-06-23 14:19:29.594",
      "normalized_name": "Always-Has-Been/Always-Has-Been",
      "meme_name": "Always-Has-Been",
      "post_id": 25,
      "english_label": "disgust",
      "response_time_ms": 8704
    },
    {
      "image_path": "Mocking-Spongebob/Mocking-Spongebob_8.png",
      "label": "輕蔑",
      "response_time": "00:00:07.002",
      "timestamp_unix": 1750688376,
      "timestamp_unix_ms": 1750688376655,
      "timestamp_readable": "2025-06-23 14:19:36.655",
      "normalized_name": "Mocking-Spongebob/Mocking-Spongebob",
      "meme_name": "Mocking-Spongebob",
      "post_id": 8,
      "english_label": "contempt",
      "response_time_ms": 7002
    },
    {
      "image_path": "Archer/Archer_43.png",
      "label": "其他",
      "response_time": "00:00:07.302",
      "timestamp_unix": 1750688384,
      "timestamp_unix_ms": 1750688384041,
      "timestamp_readable": "2025-06-23 14:19:44.041",
      "normalized_name": "Archer/Archer",
      "meme_name": "Archer",
      "post_id": 43,
      "english_label": "others",
      "response_time_ms": 7302
    },
    {
      "image_path": "Afraid-To-Ask-Andy/Afraid-To-Ask-Andy_14.png",
      "label": "其他",
      "response_time": "00:00:07.505",
      "timestamp_unix": 1750688391,
      "timestamp_unix_ms": 1750688391642,
      "timestamp_readable": "2025-06-23 14:19:51.642",
      "normalized_name": "Afraid-To-Ask-Andy/Afraid-To-Ask-Andy",
      "meme_name": "Afraid-To-Ask-Andy",
      "post_id": 14,
      "english_label": "others",
      "response_time_ms": 7505
    },
    {
      "image_path": "Confused-Gandalf/Confused-Gandalf_11.png",
      "label": "其他",
      "response_time": "00:00:08.709",
      "timestamp_unix": 1750688400,
      "timestamp_unix_ms": 1750688400393,
      "timestamp_readable": "2025-06-23 14:20:00.393",
      "normalized_name": "Confused-Gandalf/Confused-Gandalf",
      "meme_name": "Confused-Gandalf",
      "post_id": 11,
      "english_label": "others",
      "response_time_ms": 8709
    },
    {
      "image_path": "Leonardo-Dicaprio-Wolf-Of-Wall-Street/Leonardo-Dicaprio-Wolf-Of-Wall-Street_7.png",
      "label": "厭惡",
      "response_time": "00:00:07.504",
      "timestamp_unix": 1750688407,
      "timestamp_unix_ms": 1750688407953,
      "timestamp_readable": "2025-06-23 14:20:07.953",
      "normalized_name": "Leonardo-Dicaprio-Wolf-Of-Wall-Street/Leonardo-Dicaprio-Wolf-Of-Wall-Street",
      "meme_name": "Leonardo-Dicaprio-Wolf-Of-Wall-Street",
      "post_id": 7,
      "english_label": "disgust",
      "response_time_ms": 7504
    },
    {
      "image_path": "Kevin-Hart/Kevin-Hart_13.png",
      "label": "厭惡",
      "response_time": "00:00:05.613",
      "timestamp_unix": 1750688413,
      "timestamp_unix_ms": 1750688413623,
      "timestamp_readable": "2025-06-23 14:20:13.623",
      "normalized_name": "Kevin-Hart/Kevin-Hart",
      "meme_name": "Kevin-Hart",
      "post_id": 13,
      "english_label": "disgust",
      "response_time_ms": 5613
    },
    {
      "image_path": "Spongebob-Yelling/Spongebob-Yelling_3.png",
      "label": "其他",
      "response_time": "00:00:06.807",
      "timestamp_unix": 1750688420,
      "timestamp_unix_ms": 1750688420486,
      "timestamp_readable": "2025-06-23 14:20:20.486",
      "normalized_name": "Spongebob-Yelling/Spongebob-Yelling",
      "meme_name": "Spongebob-Yelling",
      "post_id": 3,
      "english_label": "others",
      "response_time_ms": 6807
    },
    {
      "image_path": "Math-ladyConfused-lady/Math-ladyConfused-lady_23.png",
      "label": "其他",
      "response_time": "00:00:09.305",
      "timestamp_unix": 1750688429,
      "timestamp_unix_ms": 1750688429920,
      "timestamp_readable": "2025-06-23 14:20:29.920",
      "normalized_name": "Math-ladyConfused-lady/Math-ladyConfused-lady",
      "meme_name": "Math-ladyConfused-lady",
      "post_id": 23,
      "english_label": "others",
      "response_time_ms": 9305
    },
    {
      "image_path": "DJ-Pauly-D/DJ-Pauly-D_38.png",
      "label": "其他",
      "response_time": "00:00:11.100",
      "timestamp_unix": 1750688441,
      "timestamp_unix_ms": 1750688441105,
      "timestamp_readable": "2025-06-23 14:20:41.105",
      "normalized_name": "DJ-Pauly-D/DJ-Pauly-D",
      "meme_name": "DJ-Pauly-D",
      "post_id": 38,
      "english_label": "others",
      "response_time_ms": 11100
    },
    {
      "image_path": "Arthur-Fist/Arthur-Fist_5.png",
      "label": "其他",
      "response_time": "00:00:03.001",
      "timestamp_unix": 1750688444,
      "timestamp_unix_ms": 1750688444198,
      "timestamp_readable": "2025-06-23 14:20:44.198",
      "normalized_name": "Arthur-Fist/Arthur-Fist",
      "meme_name": "Arthur-Fist",
      "post_id": 5,
      "english_label": "others",
      "response_time_ms": 3001
    },
    {
      "image_path": "Well-Yes-But-Actually-No/Well-Yes-But-Actually-No_42.png",
      "label": "其他",
      "response_time": "00:00:06.207",
      "timestamp_unix": 1750688450,
      "timestamp_unix_ms": 1750688450482,
      "timestamp_readable": "2025-06-23 14:20:50.482",
      "normalized_name": "Well-Yes-But-Actually-No/Well-Yes-But-Actually-No",
      "meme_name": "Well-Yes-But-Actually-No",
      "post_id": 42,
      "english_label": "others",
      "response_time_ms": 6207
    },
    {
      "image_path": "Mr-incredible-mad/Mr-incredible-mad_41.png",
      "label": "其他",
      "response_time": "00:00:03.702",
      "timestamp_unix": 1750688454,
      "timestamp_unix_ms": 1750688454246,
      "timestamp_readable": "2025-06-23 14:20:54.246",
      "normalized_name": "Mr-incredible-mad/Mr-incredible-mad",
      "meme_name": "Mr-incredible-mad",
      "post_id": 41,
      "english_label": "others",
      "response_time_ms": 3702
    },
    {
      "image_path": "Moe-throws-Barney/Moe-throws-Barney_48.png",
      "label": "厭惡",
      "response_time": "00:00:12.603",
      "timestamp_unix": 1750688466,
      "timestamp_unix_ms": 1750688466991,
      "timestamp_readable": "2025-06-23 14:21:06.991",
      "normalized_name": "Moe-throws-Barney/Moe-throws-Barney",
      "meme_name": "Moe-throws-Barney",
      "post_id": 48,
      "english_label": "disgust",
      "response_time_ms": 12603
    },
    {
      "image_path": "Thats-a-paddlin/Thats-a-paddlin_15.png",
      "label": "厭惡",
      "response_time": "00:00:04.814",
      "timestamp_unix": 1750688471,
      "timestamp_unix_ms": 1750688471928,
      "timestamp_readable": "2025-06-23 14:21:11.928",
      "normalized_name": "Thats-a-paddlin/Thats-a-paddlin",
      "meme_name": "Thats-a-paddlin",
      "post_id": 15,
      "english_label": "disgust",
      "response_time_ms": 4814
    },
    {
      "image_path": "Drake-NoYes/Drake-NoYes_22.png",
      "label": "輕蔑",
      "response_time": "00:00:04.505",
      "timestamp_unix": 1750688476,
      "timestamp_unix_ms": 1750688476572,
      "timestamp_readable": "2025-06-23 14:21:16.572",
      "normalized_name": "Drake-NoYes/Drake-NoYes",
      "meme_name": "Drake-NoYes",
      "post_id": 22,
      "english_label": "contempt",
      "response_time_ms": 4505
    },
    {
      "image_path": "Dinkleberg/Dinkleberg_33.png",
      "label": "其他",
      "response_time": "00:00:02.704",
      "timestamp_unix": 1750688479,
      "timestamp_unix_ms": 1750688479392,
      "timestamp_readable": "2025-06-23 14:21:19.392",
      "normalized_name": "Dinkleberg/Dinkleberg",
      "meme_name": "Dinkleberg",
      "post_id": 33,
      "english_label": "others",
      "response_time_ms": 2704
    },
    {
      "image_path": "Gru-Gun/Gru-Gun_27.png",
      "label": "厭惡",
      "response_time": "00:00:02.910",
      "timestamp_unix": 1750688482,
      "timestamp_unix_ms": 1750688482440,
      "timestamp_readable": "2025-06-23 14:21:22.440",
      "normalized_name": "Gru-Gun/Gru-Gun",
      "meme_name": "Gru-Gun",
      "post_id": 27,
      "english_label": "disgust",
      "response_time_ms": 2910
    },
    {
      "image_path": "Batman-Slapping-Robin/Batman-Slapping-Robin_37.png",
      "label": "憤怒",
      "response_time": "00:00:03.902",
      "timestamp_unix": 1750688486,
      "timestamp_unix_ms": 1750688486422,
      "timestamp_readable": "2025-06-23 14:21:26.422",
      "normalized_name": "Batman-Slapping-Robin/Batman-Slapping-Robin",
      "meme_name": "Batman-Slapping-Robin",
      "post_id": 37,
      "english_label": "anger",
      "response_time_ms": 3902
    },
    {
      "image_path": "attention_check/attention_check_Others.png",
      "label": "其他",
      "response_time": "00:00:01.807",
      "timestamp_unix": 1750688488,
      "timestamp_unix_ms": 1750688488356,
      "timestamp_readable": "2025-06-23 14:21:28.356",
      "normalized_name": "attention_check/attention_check_Others.png",
      "meme_name": "attention_check",
      "post_id": null,
      "english_label": "others",
      "response_time_ms": 1807
    },
    {
      "image_path": "Mr-McMahon-reaction/Mr-McMahon-reaction_36.png",
      "label": "其他",
      "response_time": "00:00:07.103",
      "timestamp_unix": 1750688495,
      "timestamp_unix_ms": 1750688495567,
      "timestamp_readable": "2025-06-23 14:21:35.567",
      "normalized_name": "Mr-McMahon-reaction/Mr-McMahon-reaction",
      "meme_name": "Mr-McMahon-reaction",
      "post_id": 36,
      "english_label": "others",
      "response_time_ms": 7103
    },
    {
      "image_path": "Picard-Wtf/Picard-Wtf_16.png",
      "label": "其他",
      "response_time": "00:00:05.705",
      "timestamp_unix": 1750688501,
      "timestamp_unix_ms": 1750688501352,
      "timestamp_readable": "2025-06-23 14:21:41.352",
      "normalized_name": "Picard-Wtf/Picard-Wtf",
      "meme_name": "Picard-Wtf",
      "post_id": 16,
      "english_label": "others",
      "response_time_ms": 5705
    },
    {
      "image_path": "Im-The-Captain-Now/Im-The-Captain-Now_34.png",
      "label": "其他",
      "response_time": "00:00:04.504",
      "timestamp_unix": 1750688505,
      "timestamp_unix_ms": 1750688505974,
      "timestamp_readable": "2025-06-23 14:21:45.974",
      "normalized_name": "Im-The-Captain-Now/Im-The-Captain-Now",
      "meme_name": "Im-The-Captain-Now",
      "post_id": 34,
      "english_label": "others",
      "response_time_ms": 4504
    }
  ],
  "session_start_unix": 1750687965,
  "session_status": "completed",
  "last_updated_unix": 1750688622,
  "image_order": [
    "Spiderman-Hospital/Spiderman-Hospital_24.png",
    "Happy--Shock/Happy--Shock_47.png",
    "Chill-guy/Chill-guy_28.png",
    "I-am-once-again-asking/I-am-once-again-asking_45.png",
    "Math-ladyConfused-lady/Math-ladyConfused-lady_23.png",
    "Archer/Archer_43.png",
    "Leonardo-Dicaprio-Wolf-Of-Wall-Street/Leonardo-Dicaprio-Wolf-Of-Wall-Street_7.png",
    "Mocking-Spongebob/Mocking-Spongebob_8.png",
    "Afraid-To-Ask-Andy/Afraid-To-Ask-Andy_14.png",
    "Charlie-Day/Charlie-Day_17.png",
    "Always-Has-Been/Always-Has-Been_25.png",
    "Picard-Wtf/Picard-Wtf_16.png",
    "Batman-Slapping-Robin/Batman-Slapping-Robin_37.png",
    "For-the-better-right-blank/For-the-better-right-blank_26.png",
    "Drake-NoYes/Drake-NoYes_22.png",
    "Laughing-wolf/Laughing-wolf_19.png",
    "DJ-Pauly-D/DJ-Pauly-D_38.png",
    "Always-you-three/Always-you-three_46.png",
    "Disappointed-Man/Disappointed-Man_12.png",
    "Smudge-the-cat/Smudge-the-cat_39.png",
    "Thats-a-paddlin/Thats-a-paddlin_15.png",
    "Hide-the-Pain-Harold/Hide-the-Pain-Harold_4.png",
    "Hold-fart/Hold-fart_50.png",
    "attention_check/attention_check_Contempt.png",
    "Im-The-Captain-Now/Im-The-Captain-Now_34.png",
    "Obi-Wan-Kenobi/Obi-Wan-Kenobi_21.png",
    "Spongebob-Yelling/Spongebob-Yelling_3.png",
    "Nuclear-Explosion/Nuclear-Explosion_29.png",
    "Dinkleberg/Dinkleberg_33.png",
    "Scooby-doo-mask-reveal/Scooby-doo-mask-reveal_44.png",
    "Disaster-Girl/Disaster-Girl_18.png",
    "Black-guy-hiding-behind-tree/Black-guy-hiding-behind-tree_30.png",
    "You-The-Real-MVP/You-The-Real-MVP_40.png",
    "Moe-throws-Barney/Moe-throws-Barney_48.png",
    "Ill-Have-You-Know-Spongebob/Ill-Have-You-Know-Spongebob_20.png",
    "Futurama-Fry/Futurama-Fry_32.png",
    "Monkey-Puppet/Monkey-Puppet_35.png",
    "Confused-Gandalf/Confused-Gandalf_11.png",
    "Mr-incredible-mad/Mr-incredible-mad_41.png",
    "Dave-chappelle/Dave-chappelle_2.png",
    "Surprised-Pikachu/Surprised-Pikachu_49.png",
    "Table-Flip-Guy/Table-Flip-Guy_9.png",
    "Kevin-Hart/Kevin-Hart_13.png",
    "Well-Yes-But-Actually-No/Well-Yes-But-Actually-No_42.png",
    "Mr-McMahon-reaction/Mr-McMahon-reaction_36.png",
    "Gru-Gun/Gru-Gun_27.png",
    "Persian-Cat-Room-Guardian/Persian-Cat-Room-Guardian_6.png",
    "Put-It-Somewhere-Else-Patrick/Put-It-Somewhere-Else-Patrick_1.png",
    "attention_check/attention_check_Others.png",
    "Angry-Baby/Angry-Baby_10.png",
    "Arthur-Fist/Arthur-Fist_5.png",
    "Khan/Khan_31.png"
  ],
  "completion_status": {
    "practice_completed": true,
    "game_started": true,
    "game_completed": true,
    "summary_viewed": true,
    "email_submitted": true
  },
  "timestamps_unix": {
    "registration_completed": 1750687965,
    "practice_started": 1750687965,
    "practice_completed": 1750688061,
    "game_started": 1750688061,
    "first_label": 1750688071,
    "last_label": 1750688505,
    "game_completed": 1750688508,
    "summary_viewed": 1750688508,
    "email_submitted": 1750688622,
    "session_end": 1750688622,
    "last_updated": 1750688622
  },
  "timestamps_unix_ms": {
    "registration_completed_ms": 1750687965550,
    "practice_started_ms": 1750687965595,
    "practice_completed_ms": 1750688061746,
    "game_started_ms": 1750688061759,
    "first_label_ms": 1750688071952,
    "last_label_ms": 1750688505974,
    "game_completed_ms": 1750688508390,
    "summary_viewed_ms": 1750688508402,
    "email_submitted_ms": 1750688622077,
    "session_end_ms": 1750688622077,
    "last_updated_ms": 1750688622077
  },
  "duration_stats_ms": {
    "total_session_duration_ms": 656527,
    "practice_duration_ms": 96151,
    "game_duration_ms": 446631,
    "labeling_duration_ms": 434022,
    "email_submission_duration_ms": 113675
  },
  "filename_updated_unix": 1750688508,
  "original_filename": "user_0e727c",
  "completion_status_in_filename": "email_submitted"
}