{
  "user_id": "user_400fca",
  "file_name": "user_400fca_1750731029_1750731747_fullycomplete",
  "unix_start_time": 1750731029,
  "unix_start_time_ms": 1750731029179,
  "unix_end_time": 1750731747,
  "unix_end_time_ms": 1750731747755,
  "age": "25-29",
  "gender": "male",
  "user_agent": "Mozilla/5.0 (Windows NT 10.0; Win64; x64) AppleWebKit/537.36 (KHTML, like Gecko) Chrome/137.0.0.0 Safari/537.36 Edg/137.0.0.0",
  "user_ip": "223.137.128.78",
  "status": "complete",
  "email_provided": "complete",
  "attention_passed": true,
  "start_time_readable": "2025-06-24 02:10:29.179",
  "end_time_readable": "2025-06-24 02:22:27.755",
  "total_labels": 52,
  "emotion_summary": {
    "anger": 12,
    "contempt": 10,
    "disgust": 11,
    "others": 19
  },
  "email": "kaiser.chi@icloud.com",
  "participation": "yes",
  "total_responses": 52,
  "responses": [
    {
      "image_path": "For-the-better-right-blank/For-the-better-right-blank_47.png",
      "label": "其他",
      "response_time": "00:00:18.805",
      "timestamp_unix": 1750731142,
      "timestamp_unix_ms": 1750731142259,
      "timestamp_readable": "2025-06-24 02:12:22.259",
      "normalized_name": "For-the-better-right-blank/For-the-better-right-blank",
      "meme_name": "For-the-better-right-blank",
      "post_id": 47,
      "english_label": "others",
      "response_time_ms": 18805
    },
    {
      "image_path": "Table-Flip-Guy/Table-Flip-Guy_21.png",
      "label": "憤怒",
      "response_time": "00:00:13.603",
      "timestamp_unix": 1750731155,
      "timestamp_unix_ms": 1750731155969,
      "timestamp_readable": "2025-06-24 02:12:35.969",
      "normalized_name": "Table-Flip-Guy/Table-Flip-Guy",
      "meme_name": "Table-Flip-Guy",
      "post_id": 21,
      "english_label": "anger",
      "response_time_ms": 13603
    },
    {
      "image_path": "Disappointed-Man/Disappointed-Man_2.png",
      "label": "厭惡",
      "response_time": "00:00:15.305",
      "timestamp_unix": 1750731171,
      "timestamp_unix_ms": 1750731171454,
      "timestamp_readable": "2025-06-24 02:12:51.454",
      "normalized_name": "Disappointed-Man/Disappointed-Man",
      "meme_name": "Disappointed-Man",
      "post_id": 2,
      "english_label": "disgust",
      "response_time_ms": 15305
    },
    {
      "image_path": "Charlie-Day/Charlie-Day_25.png",
      "label": "憤怒",
      "response_time": "00:00:16.300",
      "timestamp_unix": 1750731187,
      "timestamp_unix_ms": 1750731187956,
      "timestamp_readable": "2025-06-24 02:13:07.956",
      "normalized_name": "Charlie-Day/Charlie-Day",
      "meme_name": "Charlie-Day",
      "post_id": 25,
      "english_label": "anger",
      "response_time_ms": 16300
    },
    {
      "image_path": "Laughing-wolf/Laughing-wolf_29.png",
      "label": "輕蔑",
      "response_time": "00:00:03.706",
      "timestamp_unix": 1750731191,
      "timestamp_unix_ms": 1750731191846,
      "timestamp_readable": "2025-06-24 02:13:11.846",
      "normalized_name": "Laughing-wolf/Laughing-wolf",
      "meme_name": "Laughing-wolf",
      "post_id": 29,
      "english_label": "contempt",
      "response_time_ms": 3706
    },
    {
      "image_path": "Gru-Gun/Gru-Gun_32.png",
      "label": "厭惡",
      "response_time": "00:00:12.405",
      "timestamp_unix": 1750731204,
      "timestamp_unix_ms": 1750731204426,
      "timestamp_readable": "2025-06-24 02:13:24.426",
      "normalized_name": "Gru-Gun/Gru-Gun",
      "meme_name": "Gru-Gun",
      "post_id": 32,
      "english_label": "disgust",
      "response_time_ms": 12405
    },
    {
      "image_path": "Obi-Wan-Kenobi/Obi-Wan-Kenobi_34.png",
      "label": "其他",
      "response_time": "00:00:09.200",
      "timestamp_unix": 1750731213,
      "timestamp_unix_ms": 1750731213777,
      "timestamp_readable": "2025-06-24 02:13:33.778",
      "normalized_name": "Obi-Wan-Kenobi/Obi-Wan-Kenobi",
      "meme_name": "Obi-Wan-Kenobi",
      "post_id": 34,
      "english_label": "others",
      "response_time_ms": 9200
    },
    {
      "image_path": "Scooby-doo-mask-reveal/Scooby-doo-mask-reveal_12.png",
      "label": "其他",
      "response_time": "00:00:14.004",
      "timestamp_unix": 1750731227,
      "timestamp_unix_ms": 1750731227999,
      "timestamp_readable": "2025-06-24 02:13:47.999",
      "normalized_name": "Scooby-doo-mask-reveal/Scooby-doo-mask-reveal",
      "meme_name": "Scooby-doo-mask-reveal",
      "post_id": 12,
      "english_label": "others",
      "response_time_ms": 14004
    },
    {
      "image_path": "Arthur-Fist/Arthur-Fist_9.png",
      "label": "憤怒",
      "response_time": "00:00:03.505",
      "timestamp_unix": 1750731231,
      "timestamp_unix_ms": 1750731231665,
      "timestamp_readable": "2025-06-24 02:13:51.665",
      "normalized_name": "Arthur-Fist/Arthur-Fist",
      "meme_name": "Arthur-Fist",
      "post_id": 9,
      "english_label": "anger",
      "response_time_ms": 3505
    },
    {
      "image_path": "Im-The-Captain-Now/Im-The-Captain-Now_5.png",
      "label": "憤怒",
      "response_time": "00:00:16.003",
      "timestamp_unix": 1750731247,
      "timestamp_unix_ms": 1750731247820,
      "timestamp_readable": "2025-06-24 02:14:07.820",
      "normalized_name": "Im-The-Captain-Now/Im-The-Captain-Now",
      "meme_name": "Im-The-Captain-Now",
      "post_id": 5,
      "english_label": "anger",
      "response_time_ms": 16003
    },
    {
      "image_path": "Afraid-To-Ask-Andy/Afraid-To-Ask-Andy_28.png",
      "label": "輕蔑",
      "response_time": "00:00:08.603",
      "timestamp_unix": 1750731256,
      "timestamp_unix_ms": 1750731256500,
      "timestamp_readable": "2025-06-24 02:14:16.500",
      "normalized_name": "Afraid-To-Ask-Andy/Afraid-To-Ask-Andy",
      "meme_name": "Afraid-To-Ask-Andy",
      "post_id": 28,
      "english_label": "contempt",
      "response_time_ms": 8603
    },
    {
      "image_path": "Batman-Slapping-Robin/Batman-Slapping-Robin_38.png",
      "label": "憤怒",
      "response_time": "00:00:11.200",
      "timestamp_unix": 1750731267,
      "timestamp_unix_ms": 1750731267869,
      "timestamp_readable": "2025-06-24 02:14:27.869",
      "normalized_name": "Batman-Slapping-Robin/Batman-Slapping-Robin",
      "meme_name": "Batman-Slapping-Robin",
      "post_id": 38,
      "english_label": "anger",
      "response_time_ms": 11200
    },
    {
      "image_path": "Drake-NoYes/Drake-NoYes_42.png",
      "label": "其他",
      "response_time": "00:00:09.402",
      "timestamp_unix": 1750731277,
      "timestamp_unix_ms": 1750731277347,
      "timestamp_readable": "2025-06-24 02:14:37.347",
      "normalized_name": "Drake-NoYes/Drake-NoYes",
      "meme_name": "Drake-NoYes",
      "post_id": 42,
      "english_label": "others",
      "response_time_ms": 9402
    },
    {
      "image_path": "Monkey-Puppet/Monkey-Puppet_48.png",
      "label": "輕蔑",
      "response_time": "00:00:10.702",
      "timestamp_unix": 1750731288,
      "timestamp_unix_ms": 1750731288174,
      "timestamp_readable": "2025-06-24 02:14:48.174",
      "normalized_name": "Monkey-Puppet/Monkey-Puppet",
      "meme_name": "Monkey-Puppet",
      "post_id": 48,
      "english_label": "contempt",
      "response_time_ms": 10702
    },
    {
      "image_path": "Mr-McMahon-reaction/Mr-McMahon-reaction_22.png",
      "label": "其他",
      "response_time": "00:00:10.901",
      "timestamp_unix": 1750731299,
      "timestamp_unix_ms": 1750731299174,
      "timestamp_readable": "2025-06-24 02:14:59.174",
      "normalized_name": "Mr-McMahon-reaction/Mr-McMahon-reaction",
      "meme_name": "Mr-McMahon-reaction",
      "post_id": 22,
      "english_label": "others",
      "response_time_ms": 10901
    },
    {
      "image_path": "Confused-Gandalf/Confused-Gandalf_3.png",
      "label": "其他",
      "response_time": "00:00:07.201",
      "timestamp_unix": 1750731306,
      "timestamp_unix_ms": 1750731306497,
      "timestamp_readable": "2025-06-24 02:15:06.497",
      "normalized_name": "Confused-Gandalf/Confused-Gandalf",
      "meme_name": "Confused-Gandalf",
      "post_id": 3,
      "english_label": "others",
      "response_time_ms": 7201
    },
    {
      "image_path": "Mocking-Spongebob/Mocking-Spongebob_24.png",
      "label": "輕蔑",
      "response_time": "00:00:16.503",
      "timestamp_unix": 1750731323,
      "timestamp_unix_ms": 1750731323187,
      "timestamp_readable": "2025-06-24 02:15:23.187",
      "normalized_name": "Mocking-Spongebob/Mocking-Spongebob",
      "meme_name": "Mocking-Spongebob",
      "post_id": 24,
      "english_label": "contempt",
      "response_time_ms": 16503
    },
    {
      "image_path": "Persian-Cat-Room-Guardian/Persian-Cat-Room-Guardian_8.png",
      "label": "憤怒",
      "response_time": "00:00:14.005",
      "timestamp_unix": 1750731337,
      "timestamp_unix_ms": 1750731337356,
      "timestamp_readable": "2025-06-24 02:15:37.356",
      "normalized_name": "Persian-Cat-Room-Guardian/Persian-Cat-Room-Guardian",
      "meme_name": "Persian-Cat-Room-Guardian",
      "post_id": 8,
      "english_label": "anger",
      "response_time_ms": 14005
    },
    {
      "image_path": "Hide-the-Pain-Harold/Hide-the-Pain-Harold_27.png",
      "label": "輕蔑",
      "response_time": "00:00:04.205",
      "timestamp_unix": 1750731341,
      "timestamp_unix_ms": 1750731341679,
      "timestamp_readable": "2025-06-24 02:15:41.679",
      "normalized_name": "Hide-the-Pain-Harold/Hide-the-Pain-Harold",
      "meme_name": "Hide-the-Pain-Harold",
      "post_id": 27,
      "english_label": "contempt",
      "response_time_ms": 4205
    },
    {
      "image_path": "Spiderman-Hospital/Spiderman-Hospital_49.png",
      "label": "其他",
      "response_time": "00:00:09.804",
      "timestamp_unix": 1750731351,
      "timestamp_unix_ms": 1750731351626,
      "timestamp_readable": "2025-06-24 02:15:51.626",
      "normalized_name": "Spiderman-Hospital/Spiderman-Hospital",
      "meme_name": "Spiderman-Hospital",
      "post_id": 49,
      "english_label": "others",
      "response_time_ms": 9804
    },
    {
      "image_path": "Dinkleberg/Dinkleberg_31.png",
      "label": "厭惡",
      "response_time": "00:00:09.303",
      "timestamp_unix": 1750731361,
      "timestamp_unix_ms": 1750731361291,
      "timestamp_readable": "2025-06-24 02:16:01.291",
      "normalized_name": "Dinkleberg/Dinkleberg",
      "meme_name": "Dinkleberg",
      "post_id": 31,
      "english_label": "disgust",
      "response_time_ms": 9303
    },
    {
      "image_path": "attention_check/attention_check_Others.png",
      "label": "其他",
      "response_time": "00:00:03.701",
      "timestamp_unix": 1750731365,
      "timestamp_unix_ms": 1750731365108,
      "timestamp_readable": "2025-06-24 02:16:05.108",
      "normalized_name": "attention_check/attention_check_Others.png",
      "meme_name": "attention_check",
      "post_id": null,
      "english_label": "others",
      "response_time_ms": 3701
    },
    {
      "image_path": "Angry-Baby/Angry-Baby_33.png",
      "label": "其他",
      "response_time": "00:00:21.501",
      "timestamp_unix": 1750731386,
      "timestamp_unix_ms": 1750731386798,
      "timestamp_readable": "2025-06-24 02:16:26.798",
      "normalized_name": "Angry-Baby/Angry-Baby",
      "meme_name": "Angry-Baby",
      "post_id": 33,
      "english_label": "others",
      "response_time_ms": 21501
    },
    {
      "image_path": "DJ-Pauly-D/DJ-Pauly-D_46.png",
      "label": "憤怒",
      "response_time": "00:00:06.200",
      "timestamp_unix": 1750731393,
      "timestamp_unix_ms": 1750731393197,
      "timestamp_readable": "2025-06-24 02:16:33.197",
      "normalized_name": "DJ-Pauly-D/DJ-Pauly-D",
      "meme_name": "DJ-Pauly-D",
      "post_id": 46,
      "english_label": "anger",
      "response_time_ms": 6200
    },
    {
      "image_path": "Math-ladyConfused-lady/Math-ladyConfused-lady_23.png",
      "label": "其他",
      "response_time": "00:00:12.302",
      "timestamp_unix": 1750731405,
      "timestamp_unix_ms": 1750731405684,
      "timestamp_readable": "2025-06-24 02:16:45.684",
      "normalized_name": "Math-ladyConfused-lady/Math-ladyConfused-lady",
      "meme_name": "Math-ladyConfused-lady",
      "post_id": 23,
      "english_label": "others",
      "response_time_ms": 12302
    },
    {
      "image_path": "Black-guy-hiding-behind-tree/Black-guy-hiding-behind-tree_18.png",
      "label": "其他",
      "response_time": "00:00:06.403",
      "timestamp_unix": 1750731412,
      "timestamp_unix_ms": 1750731412197,
      "timestamp_readable": "2025-06-24 02:16:52.197",
      "normalized_name": "Black-guy-hiding-behind-tree/Black-guy-hiding-behind-tree",
      "meme_name": "Black-guy-hiding-behind-tree",
      "post_id": 18,
      "english_label": "others",
      "response_time_ms": 6403
    },
    {
      "image_path": "Ill-Have-You-Know-Spongebob/Ill-Have-You-Know-Spongebob_41.png",
      "label": "其他",
      "response_time": "00:00:07.503",
      "timestamp_unix": 1750731419,
      "timestamp_unix_ms": 1750731419844,
      "timestamp_readable": "2025-06-24 02:16:59.844",
      "normalized_name": "Ill-Have-You-Know-Spongebob/Ill-Have-You-Know-Spongebob",
      "meme_name": "Ill-Have-You-Know-Spongebob",
      "post_id": 41,
      "english_label": "others",
      "response_time_ms": 7503
    },
    {
      "image_path": "Moe-throws-Barney/Moe-throws-Barney_10.png",
      "label": "厭惡",
      "response_time": "00:00:24.008",
      "timestamp_unix": 1750731443,
      "timestamp_unix_ms": 1750731443968,
      "timestamp_readable": "2025-06-24 02:17:23.968",
      "normalized_name": "Moe-throws-Barney/Moe-throws-Barney",
      "meme_name": "Moe-throws-Barney",
      "post_id": 10,
      "english_label": "disgust",
      "response_time_ms": 24008
    },
    {
      "image_path": "Smudge-the-cat/Smudge-the-cat_11.png",
      "label": "憤怒",
      "response_time": "00:00:07.105",
      "timestamp_unix": 1750731451,
      "timestamp_unix_ms": 1750731451210,
      "timestamp_readable": "2025-06-24 02:17:31.210",
      "normalized_name": "Smudge-the-cat/Smudge-the-cat",
      "meme_name": "Smudge-the-cat",
      "post_id": 11,
      "english_label": "anger",
      "response_time_ms": 7105
    },
    {
      "image_path": "Khan/Khan_14.png",
      "label": "憤怒",
      "response_time": "00:00:03.304",
      "timestamp_unix": 1750731454,
      "timestamp_unix_ms": 1750731454696,
      "timestamp_readable": "2025-06-24 02:17:34.696",
      "normalized_name": "Khan/Khan",
      "meme_name": "Khan",
      "post_id": 14,
      "english_label": "anger",
      "response_time_ms": 3304
    },
    {
      "image_path": "Hold-fart/Hold-fart_16.png",
      "label": "厭惡",
      "response_time": "00:00:15.803",
      "timestamp_unix": 1750731470,
      "timestamp_unix_ms": 1750731470682,
      "timestamp_readable": "2025-06-24 02:17:50.682",
      "normalized_name": "Hold-fart/Hold-fart",
      "meme_name": "Hold-fart",
      "post_id": 16,
      "english_label": "disgust",
      "response_time_ms": 15803
    },
    {
      "image_path": "Leonardo-Dicaprio-Wolf-Of-Wall-Street/Leonardo-Dicaprio-Wolf-Of-Wall-Street_30.png",
      "label": "其他",
      "response_time": "00:00:09.706",
      "timestamp_unix": 1750731480,
      "timestamp_unix_ms": 1750731480529,
      "timestamp_readable": "2025-06-24 02:18:00.529",
      "normalized_name": "Leonardo-Dicaprio-Wolf-Of-Wall-Street/Leonardo-Dicaprio-Wolf-Of-Wall-Street",
      "meme_name": "Leonardo-Dicaprio-Wolf-Of-Wall-Street",
      "post_id": 30,
      "english_label": "others",
      "response_time_ms": 9706
    },
    {
      "image_path": "Happy--Shock/Happy--Shock_36.png",
      "label": "其他",
      "response_time": "00:00:06.002",
      "timestamp_unix": 1750731487,
      "timestamp_unix_ms": 1750731487057,
      "timestamp_readable": "2025-06-24 02:18:07.057",
      "normalized_name": "Happy--Shock/Happy--Shock",
      "meme_name": "Happy--Shock",
      "post_id": 36,
      "english_label": "others",
      "response_time_ms": 6002
    },
    {
      "image_path": "Surprised-Pikachu/Surprised-Pikachu_20.png",
      "label": "厭惡",
      "response_time": "00:00:07.200",
      "timestamp_unix": 1750731494,
      "timestamp_unix_ms": 1750731494427,
      "timestamp_readable": "2025-06-24 02:18:14.427",
      "normalized_name": "Surprised-Pikachu/Surprised-Pikachu",
      "meme_name": "Surprised-Pikachu",
      "post_id": 20,
      "english_label": "disgust",
      "response_time_ms": 7200
    },
    {
      "image_path": "Picard-Wtf/Picard-Wtf_40.png",
      "label": "輕蔑",
      "response_time": "00:00:07.001",
      "timestamp_unix": 1750731501,
      "timestamp_unix_ms": 1750731501555,
      "timestamp_readable": "2025-06-24 02:18:21.555",
      "normalized_name": "Picard-Wtf/Picard-Wtf",
      "meme_name": "Picard-Wtf",
      "post_id": 40,
      "english_label": "contempt",
      "response_time_ms": 7001
    },
    {
      "image_path": "Thats-a-paddlin/Thats-a-paddlin_13.png",
      "label": "厭惡",
      "response_time": "00:00:09.500",
      "timestamp_unix": 1750731511,
      "timestamp_unix_ms": 1750731511168,
      "timestamp_readable": "2025-06-24 02:18:31.168",
      "normalized_name": "Thats-a-paddlin/Thats-a-paddlin",
      "meme_name": "Thats-a-paddlin",
      "post_id": 13,
      "english_label": "disgust",
      "response_time_ms": 9500
    },
    {
      "image_path": "Always-you-three/Always-you-three_50.png",
      "label": "其他",
      "response_time": "00:00:10.201",
      "timestamp_unix": 1750731521,
      "timestamp_unix_ms": 1750731521509,
      "timestamp_readable": "2025-06-24 02:18:41.509",
      "normalized_name": "Always-you-three/Always-you-three",
      "meme_name": "Always-you-three",
      "post_id": 50,
      "english_label": "others",
      "response_time_ms": 10201
    },
    {
      "image_path": "Mr-incredible-mad/Mr-incredible-mad_35.png",
      "label": "憤怒",
      "response_time": "00:00:04.802",
      "timestamp_unix": 1750731526,
      "timestamp_unix_ms": 1750731526418,
      "timestamp_readable": "2025-06-24 02:18:46.418",
      "normalized_name": "Mr-incredible-mad/Mr-incredible-mad",
      "meme_name": "Mr-incredible-mad",
      "post_id": 35,
      "english_label": "anger",
      "response_time_ms": 4802
    },
    {
      "image_path": "I-am-once-again-asking/I-am-once-again-asking_39.png",
      "label": "厭惡",
      "response_time": "00:00:15.700",
      "timestamp_unix": 1750731542,
      "timestamp_unix_ms": 1750731542297,
      "timestamp_readable": "2025-06-24 02:19:02.297",
      "normalized_name": "I-am-once-again-asking/I-am-once-again-asking",
      "meme_name": "I-am-once-again-asking",
      "post_id": 39,
      "english_label": "disgust",
      "response_time_ms": 15700
    },
    {
      "image_path": "Always-Has-Been/Always-Has-Been_43.png",
      "label": "輕蔑",
      "response_time": "00:00:07.404",
      "timestamp_unix": 1750731549,
      "timestamp_unix_ms": 1750731549825,
      "timestamp_readable": "2025-06-24 02:19:09.825",
      "normalized_name": "Always-Has-Been/Always-Has-Been",
      "meme_name": "Always-Has-Been",
      "post_id": 43,
      "english_label": "contempt",
      "response_time_ms": 7404
    },
    {
      "image_path": "Well-Yes-But-Actually-No/Well-Yes-But-Actually-No_26.png",
      "label": "輕蔑",
      "response_time": "00:00:08.601",
      "timestamp_unix": 1750731558,
      "timestamp_unix_ms": 1750731558579,
      "timestamp_readable": "2025-06-24 02:19:18.579",
      "normalized_name": "Well-Yes-But-Actually-No/Well-Yes-But-Actually-No",
      "meme_name": "Well-Yes-But-Actually-No",
      "post_id": 26,
      "english_label": "contempt",
      "response_time_ms": 8601
    },
    {
      "image_path": "Nuclear-Explosion/Nuclear-Explosion_6.png",
      "label": "憤怒",
      "response_time": "00:00:03.704",
      "timestamp_unix": 1750731562,
      "timestamp_unix_ms": 1750731562442,
      "timestamp_readable": "2025-06-24 02:19:22.442",
      "normalized_name": "Nuclear-Explosion/Nuclear-Explosion",
      "meme_name": "Nuclear-Explosion",
      "post_id": 6,
      "english_label": "anger",
      "response_time_ms": 3704
    },
    {
      "image_path": "You-The-Real-MVP/You-The-Real-MVP_44.png",
      "label": "輕蔑",
      "response_time": "00:00:06.502",
      "timestamp_unix": 1750731569,
      "timestamp_unix_ms": 1750731569088,
      "timestamp_readable": "2025-06-24 02:19:29.088",
      "normalized_name": "You-The-Real-MVP/You-The-Real-MVP",
      "meme_name": "You-The-Real-MVP",
      "post_id": 44,
      "english_label": "contempt",
      "response_time_ms": 6502
    },
    {
      "image_path": "Put-It-Somewhere-Else-Patrick/Put-It-Somewhere-Else-Patrick_4.png",
      "label": "其他",
      "response_time": "00:00:09.704",
      "timestamp_unix": 1750731578,
      "timestamp_unix_ms": 1750731578976,
      "timestamp_readable": "2025-06-24 02:19:38.976",
      "normalized_name": "Put-It-Somewhere-Else-Patrick/Put-It-Somewhere-Else-Patrick",
      "meme_name": "Put-It-Somewhere-Else-Patrick",
      "post_id": 4,
      "english_label": "others",
      "response_time_ms": 9704
    },
    {
      "image_path": "attention_check/attention_check_Disgust.png",
      "label": "厭惡",
      "response_time": "00:00:02.302",
      "timestamp_unix": 1750731581,
      "timestamp_unix_ms": 1750731581436,
      "timestamp_readable": "2025-06-24 02:19:41.436",
      "normalized_name": "attention_check/attention_check_Disgust.png",
      "meme_name": "attention_check",
      "post_id": null,
      "english_label": "disgust",
      "response_time_ms": 2302
    },
    {
      "image_path": "Disaster-Girl/Disaster-Girl_17.png",
      "label": "其他",
      "response_time": "00:00:14.404",
      "timestamp_unix": 1750731595,
      "timestamp_unix_ms": 1750731595985,
      "timestamp_readable": "2025-06-24 02:19:55.985",
      "normalized_name": "Disaster-Girl/Disaster-Girl",
      "meme_name": "Disaster-Girl",
      "post_id": 17,
      "english_label": "others",
      "response_time_ms": 14404
    },
    {
      "image_path": "Futurama-Fry/Futurama-Fry_1.png",
      "label": "厭惡",
      "response_time": "00:00:08.806",
      "timestamp_unix": 1750731604,
      "timestamp_unix_ms": 1750731604988,
      "timestamp_readable": "2025-06-24 02:20:04.988",
      "normalized_name": "Futurama-Fry/Futurama-Fry",
      "meme_name": "Futurama-Fry",
      "post_id": 1,
      "english_label": "disgust",
      "response_time_ms": 8806
    },
    {
      "image_path": "Kevin-Hart/Kevin-Hart_37.png",
      "label": "厭惡",
      "response_time": "00:00:18.100",
      "timestamp_unix": 1750731623,
      "timestamp_unix_ms": 1750731623231,
      "timestamp_readable": "2025-06-24 02:20:23.231",
      "normalized_name": "Kevin-Hart/Kevin-Hart",
      "meme_name": "Kevin-Hart",
      "post_id": 37,
      "english_label": "disgust",
      "response_time_ms": 18100
    },
    {
      "image_path": "Archer/Archer_45.png",
      "label": "其他",
      "response_time": "00:00:08.703",
      "timestamp_unix": 1750731632,
      "timestamp_unix_ms": 1750731632087,
      "timestamp_readable": "2025-06-24 02:20:32.087",
      "normalized_name": "Archer/Archer",
      "meme_name": "Archer",
      "post_id": 45,
      "english_label": "others",
      "response_time_ms": 8703
    },
    {
      "image_path": "Dave-chappelle/Dave-chappelle_19.png",
      "label": "其他",
      "response_time": "00:00:07.901",
      "timestamp_unix": 1750731640,
      "timestamp_unix_ms": 1750731640208,
      "timestamp_readable": "2025-06-24 02:20:40.208",
      "normalized_name": "Dave-chappelle/Dave-chappelle",
      "meme_name": "Dave-chappelle",
      "post_id": 19,
      "english_label": "others",
      "response_time_ms": 7901
    },
    {
      "image_path": "Spongebob-Yelling/Spongebob-Yelling_15.png",
      "label": "憤怒",
      "response_time": "00:00:02.901",
      "timestamp_unix": 1750731643,
      "timestamp_unix_ms": 1750731643332,
      "timestamp_readable": "2025-06-24 02:20:43.332",
      "normalized_name": "Spongebob-Yelling/Spongebob-Yelling",
      "meme_name": "Spongebob-Yelling",
      "post_id": 15,
      "english_label": "anger",
      "response_time_ms": 2901
    },
    {
      "image_path": "Chill-guy/Chill-guy_7.png",
      "label": "輕蔑",
      "response_time": "00:00:10.605",
      "timestamp_unix": 1750731654,
      "timestamp_unix_ms": 1750731654117,
      "timestamp_readable": "2025-06-24 02:20:54.117",
      "normalized_name": "Chill-guy/Chill-guy",
      "meme_name": "Chill-guy",
      "post_id": 7,
      "english_label": "contempt",
      "response_time_ms": 10605
    }
  ],
  "session_start_unix": 1750731029,
  "session_status": "completed",
  "last_updated_unix": 1750731747,
  "image_order": [
    "Spiderman-Hospital/Spiderman-Hospital_49.png",
    "Happy--Shock/Happy--Shock_36.png",
    "Chill-guy/Chill-guy_7.png",
    "I-am-once-again-asking/I-am-once-again-asking_39.png",
    "Math-ladyConfused-lady/Math-ladyConfused-lady_23.png",
    "Archer/Archer_45.png",
    "Leonardo-Dicaprio-Wolf-Of-Wall-Street/Leonardo-Dicaprio-Wolf-Of-Wall-Street_30.png",
    "Mocking-Spongebob/Mocking-Spongebob_24.png",
    "Afraid-To-Ask-Andy/Afraid-To-Ask-Andy_28.png",
    "Charlie-Day/Charlie-Day_25.png",
    "Always-Has-Been/Always-Has-Been_43.png",
    "Picard-Wtf/Picard-Wtf_40.png",
    "Batman-Slapping-Robin/Batman-Slapping-Robin_38.png",
    "For-the-better-right-blank/For-the-better-right-blank_47.png",
    "Drake-NoYes/Drake-NoYes_42.png",
    "Laughing-wolf/Laughing-wolf_29.png",
    "DJ-Pauly-D/DJ-Pauly-D_46.png",
    "Always-you-three/Always-you-three_50.png",
    "Disappointed-Man/Disappointed-Man_2.png",
    "Smudge-the-cat/Smudge-the-cat_11.png",
    "Thats-a-paddlin/Thats-a-paddlin_13.png",
    "attention_check/attention_check_Others.png",
    "Hide-the-Pain-Harold/Hide-the-Pain-Harold_27.png",
    "Hold-fart/Hold-fart_16.png",
    "Im-The-Captain-Now/Im-The-Captain-Now_5.png",
    "Obi-Wan-Kenobi/Obi-Wan-Kenobi_34.png",
    "Spongebob-Yelling/Spongebob-Yelling_15.png",
    "Nuclear-Explosion/Nuclear-Explosion_6.png",
    "Dinkleberg/Dinkleberg_31.png",
    "Scooby-doo-mask-reveal/Scooby-doo-mask-reveal_12.png",
    "Disaster-Girl/Disaster-Girl_17.png",
    "Black-guy-hiding-behind-tree/Black-guy-hiding-behind-tree_18.png",
    "You-The-Real-MVP/You-The-Real-MVP_44.png",
    "Moe-throws-Barney/Moe-throws-Barney_10.png",
    "Ill-Have-You-Know-Spongebob/Ill-Have-You-Know-Spongebob_41.png",
    "Futurama-Fry/Futurama-Fry_1.png",
    "Monkey-Puppet/Monkey-Puppet_48.png",
    "Confused-Gandalf/Confused-Gandalf_3.png",
    "Mr-incredible-mad/Mr-incredible-mad_35.png",
    "Dave-chappelle/Dave-chappelle_19.png",
    "Surprised-Pikachu/Surprised-Pikachu_20.png",
    "Table-Flip-Guy/Table-Flip-Guy_21.png",
    "Kevin-Hart/Kevin-Hart_37.png",
    "Well-Yes-But-Actually-No/Well-Yes-But-Actually-No_26.png",
    "attention_check/attention_check_Disgust.png",
    "Mr-McMahon-reaction/Mr-McMahon-reaction_22.png",
    "Gru-Gun/Gru-Gun_32.png",
    "Persian-Cat-Room-Guardian/Persian-Cat-Room-Guardian_8.png",
    "Put-It-Somewhere-Else-Patrick/Put-It-Somewhere-Else-Patrick_4.png",
    "Angry-Baby/Angry-Baby_33.png",
    "Arthur-Fist/Arthur-Fist_9.png",
    "Khan/Khan_14.png"
  ],
  "completion_status": {
    "practice_completed": true,
    "game_started": true,
    "game_completed": true,
    "summary_viewed": true,
    "email_submitted": true
  },
  "timestamps_unix": {
    "registration_completed": 1750731029,
    "practice_started": 1750731029,
    "practice_completed": 1750731123,
    "game_started": 1750731123,
    "first_label": 1750731142,
    "last_label": 1750731654,
    "game_completed": 1750731657,
    "summary_viewed": 1750731657,
    "email_submitted": 1750731747,
    "session_end": 1750731747,
    "last_updated": 1750731747
  },
  "timestamps_unix_ms": {
    "registration_completed_ms": 1750731029179,
    "practice_started_ms": 1750731029258,
    "practice_completed_ms": 1750731123189,
    "game_started_ms": 1750731123207,
    "first_label_ms": 1750731142259,
    "last_label_ms": 1750731654117,
    "game_completed_ms": 1750731657014,
    "summary_viewed_ms": 1750731657032,
    "email_submitted_ms": 1750731747738,
    "session_end_ms": 1750731747738,
    "last_updated_ms": 1750731747738
  },
  "duration_stats_ms": {
    "total_session_duration_ms": 718559,
    "practice_duration_ms": 93931,
    "game_duration_ms": 533807,
    "labeling_duration_ms": 511858,
    "email_submission_duration_ms": 90706
  },
  "filename_updated_unix": 1750731657,
  "original_filename": "user_400fca",
  "completion_status_in_filename": "email_submitted"
}