{
  "user_id": "user_0fb24e",
  "file_name": "user_0fb24e_1751702146_1751702711_fullycomplete",
  "unix_start_time": 1751702146,
  "unix_start_time_ms": 1751702146892,
  "unix_end_time": 1751702711,
  "unix_end_time_ms": 1751702711678,
  "age": "25-29",
  "gender": "female",
  "user_agent": "Mozilla/5.0 (Windows NT 10.0; Win64; x64) AppleWebKit/537.36 (KHTML, like Gecko) Chrome/138.0.0.0 Safari/537.36",
  "user_ip": "220.128.121.136",
  "status": "complete",
  "email_provided": "complete",
  "attention_passed": true,
  "start_time_readable": "2025-07-05 07:55:46.892",
  "end_time_readable": "2025-07-05 08:05:11.678",
  "total_labels": 52,
  "emotion_summary": {
    "anger": 10,
    "contempt": 23,
    "disgust": 7,
    "others": 12
  },
  "email": "asdfg514052@gmail.com",
  "participation": "yes",
  "total_responses": 52,
  "responses": [
    {
      "image_path": "Mr-incredible-mad/Mr-incredible-mad_43.png",
      "label": "憤怒",
      "response_time": "00:00:04.510",
      "timestamp_unix": 1751702215,
      "timestamp_unix_ms": 1751702215670,
      "timestamp_readable": "2025-07-05 07:56:55.670",
      "normalized_name": "Mr-incredible-mad/Mr-incredible-mad",
      "meme_name": "Mr-incredible-mad",
      "post_id": 43,
      "english_label": "anger",
      "response_time_ms": 4510
    },
    {
      "image_path": "Obi-Wan-Kenobi/Obi-Wan-Kenobi_36.png",
      "label": "其他",
      "response_time": "00:00:08.403",
      "timestamp_unix": 1751702224,
      "timestamp_unix_ms": 1751702224159,
      "timestamp_readable": "2025-07-05 07:57:04.159",
      "normalized_name": "Obi-Wan-Kenobi/Obi-Wan-Kenobi",
      "meme_name": "Obi-Wan-Kenobi",
      "post_id": 36,
      "english_label": "others",
      "response_time_ms": 8403
    },
    {
      "image_path": "Futurama-Fry/Futurama-Fry_35.png",
      "label": "輕蔑",
      "response_time": "00:00:15.304",
      "timestamp_unix": 1751702239,
      "timestamp_unix_ms": 1751702239589,
      "timestamp_readable": "2025-07-05 07:57:19.589",
      "normalized_name": "Futurama-Fry/Futurama-Fry",
      "meme_name": "Futurama-Fry",
      "post_id": 35,
      "english_label": "contempt",
      "response_time_ms": 15304
    },
    {
      "image_path": "Moe-throws-Barney/Moe-throws-Barney_48.png",
      "label": "厭惡",
      "response_time": "00:00:32.008",
      "timestamp_unix": 1751702271,
      "timestamp_unix_ms": 1751702271691,
      "timestamp_readable": "2025-07-05 07:57:51.691",
      "normalized_name": "Moe-throws-Barney/Moe-throws-Barney",
      "meme_name": "Moe-throws-Barney",
      "post_id": 48,
      "english_label": "disgust",
      "response_time_ms": 32008
    },
    {
      "image_path": "Thats-a-paddlin/Thats-a-paddlin_17.png",
      "label": "憤怒",
      "response_time": "00:00:08.308",
      "timestamp_unix": 1751702280,
      "timestamp_unix_ms": 1751702280056,
      "timestamp_readable": "2025-07-05 07:58:00.056",
      "normalized_name": "Thats-a-paddlin/Thats-a-paddlin",
      "meme_name": "Thats-a-paddlin",
      "post_id": 17,
      "english_label": "anger",
      "response_time_ms": 8308
    },
    {
      "image_path": "Scooby-doo-mask-reveal/Scooby-doo-mask-reveal_45.png",
      "label": "輕蔑",
      "response_time": "00:00:05.608",
      "timestamp_unix": 1751702285,
      "timestamp_unix_ms": 1751702285756,
      "timestamp_readable": "2025-07-05 07:58:05.756",
      "normalized_name": "Scooby-doo-mask-reveal/Scooby-doo-mask-reveal",
      "meme_name": "Scooby-doo-mask-reveal",
      "post_id": 45,
      "english_label": "contempt",
      "response_time_ms": 5608
    },
    {
      "image_path": "Kevin-Hart/Kevin-Hart_11.png",
      "label": "輕蔑",
      "response_time": "00:01:14.306",
      "timestamp_unix": 1751702360,
      "timestamp_unix_ms": 1751702360154,
      "timestamp_readable": "2025-07-05 07:59:20.154",
      "normalized_name": "Kevin-Hart/Kevin-Hart",
      "meme_name": "Kevin-Hart",
      "post_id": 11,
      "english_label": "contempt",
      "response_time_ms": 74306
    },
    {
      "image_path": "Always-Has-Been/Always-Has-Been_26.png",
      "label": "輕蔑",
      "response_time": "00:00:08.703",
      "timestamp_unix": 1751702368,
      "timestamp_unix_ms": 1751702368937,
      "timestamp_readable": "2025-07-05 07:59:28.937",
      "normalized_name": "Always-Has-Been/Always-Has-Been",
      "meme_name": "Always-Has-Been",
      "post_id": 26,
      "english_label": "contempt",
      "response_time_ms": 8703
    },
    {
      "image_path": "Hide-the-Pain-Harold/Hide-the-Pain-Harold_39.png",
      "label": "輕蔑",
      "response_time": "00:00:04.126",
      "timestamp_unix": 1751702373,
      "timestamp_unix_ms": 1751702373087,
      "timestamp_readable": "2025-07-05 07:59:33.087",
      "normalized_name": "Hide-the-Pain-Harold/Hide-the-Pain-Harold",
      "meme_name": "Hide-the-Pain-Harold",
      "post_id": 39,
      "english_label": "contempt",
      "response_time_ms": 4126
    },
    {
      "image_path": "Nuclear-Explosion/Nuclear-Explosion_44.png",
      "label": "輕蔑",
      "response_time": "00:00:06.809",
      "timestamp_unix": 1751702380,
      "timestamp_unix_ms": 1751702380039,
      "timestamp_readable": "2025-07-05 07:59:40.039",
      "normalized_name": "Nuclear-Explosion/Nuclear-Explosion",
      "meme_name": "Nuclear-Explosion",
      "post_id": 44,
      "english_label": "contempt",
      "response_time_ms": 6809
    },
    {
      "image_path": "Spiderman-Hospital/Spiderman-Hospital_6.png",
      "label": "其他",
      "response_time": "00:00:11.200",
      "timestamp_unix": 1751702391,
      "timestamp_unix_ms": 1751702391319,
      "timestamp_readable": "2025-07-05 07:59:51.319",
      "normalized_name": "Spiderman-Hospital/Spiderman-Hospital",
      "meme_name": "Spiderman-Hospital",
      "post_id": 6,
      "english_label": "others",
      "response_time_ms": 11200
    },
    {
      "image_path": "Leonardo-Dicaprio-Wolf-Of-Wall-Street/Leonardo-Dicaprio-Wolf-Of-Wall-Street_37.png",
      "label": "輕蔑",
      "response_time": "00:00:03.001",
      "timestamp_unix": 1751702394,
      "timestamp_unix_ms": 1751702394384,
      "timestamp_readable": "2025-07-05 07:59:54.384",
      "normalized_name": "Leonardo-Dicaprio-Wolf-Of-Wall-Street/Leonardo-Dicaprio-Wolf-Of-Wall-Street",
      "meme_name": "Leonardo-Dicaprio-Wolf-Of-Wall-Street",
      "post_id": 37,
      "english_label": "contempt",
      "response_time_ms": 3001
    },
    {
      "image_path": "Disaster-Girl/Disaster-Girl_25.png",
      "label": "輕蔑",
      "response_time": "00:00:05.801",
      "timestamp_unix": 1751702400,
      "timestamp_unix_ms": 1751702400322,
      "timestamp_readable": "2025-07-05 08:00:00.322",
      "normalized_name": "Disaster-Girl/Disaster-Girl",
      "meme_name": "Disaster-Girl",
      "post_id": 25,
      "english_label": "contempt",
      "response_time_ms": 5801
    },
    {
      "image_path": "Charlie-Day/Charlie-Day_50.png",
      "label": "厭惡",
      "response_time": "00:00:10.307",
      "timestamp_unix": 1751702410,
      "timestamp_unix_ms": 1751702410722,
      "timestamp_readable": "2025-07-05 08:00:10.722",
      "normalized_name": "Charlie-Day/Charlie-Day",
      "meme_name": "Charlie-Day",
      "post_id": 50,
      "english_label": "disgust",
      "response_time_ms": 10307
    },
    {
      "image_path": "Archer/Archer_1.png",
      "label": "輕蔑",
      "response_time": "00:00:04.608",
      "timestamp_unix": 1751702415,
      "timestamp_unix_ms": 1751702415452,
      "timestamp_readable": "2025-07-05 08:00:15.452",
      "normalized_name": "Archer/Archer",
      "meme_name": "Archer",
      "post_id": 1,
      "english_label": "contempt",
      "response_time_ms": 4608
    },
    {
      "image_path": "Math-ladyConfused-lady/Math-ladyConfused-lady_32.png",
      "label": "厭惡",
      "response_time": "00:00:05.829",
      "timestamp_unix": 1751702421,
      "timestamp_unix_ms": 1751702421304,
      "timestamp_readable": "2025-07-05 08:00:21.304",
      "normalized_name": "Math-ladyConfused-lady/Math-ladyConfused-lady",
      "meme_name": "Math-ladyConfused-lady",
      "post_id": 32,
      "english_label": "disgust",
      "response_time_ms": 5829
    },
    {
      "image_path": "Khan/Khan_46.png",
      "label": "憤怒",
      "response_time": "00:00:02.806",
      "timestamp_unix": 1751702424,
      "timestamp_unix_ms": 1751702424170,
      "timestamp_readable": "2025-07-05 08:00:24.170",
      "normalized_name": "Khan/Khan",
      "meme_name": "Khan",
      "post_id": 46,
      "english_label": "anger",
      "response_time_ms": 2806
    },
    {
      "image_path": "Hold-fart/Hold-fart_23.png",
      "label": "憤怒",
      "response_time": "00:00:19.808",
      "timestamp_unix": 1751702444,
      "timestamp_unix_ms": 1751702444090,
      "timestamp_readable": "2025-07-05 08:00:44.090",
      "normalized_name": "Hold-fart/Hold-fart",
      "meme_name": "Hold-fart",
      "post_id": 23,
      "english_label": "anger",
      "response_time_ms": 19808
    },
    {
      "image_path": "Spongebob-Yelling/Spongebob-Yelling_31.png",
      "label": "憤怒",
      "response_time": "00:00:03.505",
      "timestamp_unix": 1751702447,
      "timestamp_unix_ms": 1751702447654,
      "timestamp_readable": "2025-07-05 08:00:47.654",
      "normalized_name": "Spongebob-Yelling/Spongebob-Yelling",
      "meme_name": "Spongebob-Yelling",
      "post_id": 31,
      "english_label": "anger",
      "response_time_ms": 3505
    },
    {
      "image_path": "Laughing-wolf/Laughing-wolf_15.png",
      "label": "其他",
      "response_time": "00:00:10.801",
      "timestamp_unix": 1751702458,
      "timestamp_unix_ms": 1751702458587,
      "timestamp_readable": "2025-07-05 08:00:58.587",
      "normalized_name": "Laughing-wolf/Laughing-wolf",
      "meme_name": "Laughing-wolf",
      "post_id": 15,
      "english_label": "others",
      "response_time_ms": 10801
    },
    {
      "image_path": "Happy--Shock/Happy--Shock_2.png",
      "label": "輕蔑",
      "response_time": "00:00:07.004",
      "timestamp_unix": 1751702465,
      "timestamp_unix_ms": 1751702465707,
      "timestamp_readable": "2025-07-05 08:01:05.707",
      "normalized_name": "Happy--Shock/Happy--Shock",
      "meme_name": "Happy--Shock",
      "post_id": 2,
      "english_label": "contempt",
      "response_time_ms": 7004
    },
    {
      "image_path": "Dinkleberg/Dinkleberg_33.png",
      "label": "厭惡",
      "response_time": "00:00:06.402",
      "timestamp_unix": 1751702472,
      "timestamp_unix_ms": 1751702472203,
      "timestamp_readable": "2025-07-05 08:01:12.203",
      "normalized_name": "Dinkleberg/Dinkleberg",
      "meme_name": "Dinkleberg",
      "post_id": 33,
      "english_label": "disgust",
      "response_time_ms": 6402
    },
    {
      "image_path": "For-the-better-right-blank/For-the-better-right-blank_34.png",
      "label": "厭惡",
      "response_time": "00:00:08.307",
      "timestamp_unix": 1751702480,
      "timestamp_unix_ms": 1751702480623,
      "timestamp_readable": "2025-07-05 08:01:20.623",
      "normalized_name": "For-the-better-right-blank/For-the-better-right-blank",
      "meme_name": "For-the-better-right-blank",
      "post_id": 34,
      "english_label": "disgust",
      "response_time_ms": 8307
    },
    {
      "image_path": "Monkey-Puppet/Monkey-Puppet_19.png",
      "label": "其他",
      "response_time": "00:00:07.609",
      "timestamp_unix": 1751702488,
      "timestamp_unix_ms": 1751702488319,
      "timestamp_readable": "2025-07-05 08:01:28.319",
      "normalized_name": "Monkey-Puppet/Monkey-Puppet",
      "meme_name": "Monkey-Puppet",
      "post_id": 19,
      "english_label": "others",
      "response_time_ms": 7609
    },
    {
      "image_path": "attention_check/attention_check_Others.png",
      "label": "其他",
      "response_time": "00:00:03.910",
      "timestamp_unix": 1751702492,
      "timestamp_unix_ms": 1751702492302,
      "timestamp_readable": "2025-07-05 08:01:32.302",
      "normalized_name": "attention_check/attention_check_Others.png",
      "meme_name": "attention_check",
      "post_id": null,
      "english_label": "others",
      "response_time_ms": 3910
    },
    {
      "image_path": "Chill-guy/Chill-guy_4.png",
      "label": "輕蔑",
      "response_time": "00:00:06.607",
      "timestamp_unix": 1751702499,
      "timestamp_unix_ms": 1751702499035,
      "timestamp_readable": "2025-07-05 08:01:39.035",
      "normalized_name": "Chill-guy/Chill-guy",
      "meme_name": "Chill-guy",
      "post_id": 4,
      "english_label": "contempt",
      "response_time_ms": 6607
    },
    {
      "image_path": "Mocking-Spongebob/Mocking-Spongebob_24.png",
      "label": "輕蔑",
      "response_time": "00:00:03.208",
      "timestamp_unix": 1751702502,
      "timestamp_unix_ms": 1751702502302,
      "timestamp_readable": "2025-07-05 08:01:42.302",
      "normalized_name": "Mocking-Spongebob/Mocking-Spongebob",
      "meme_name": "Mocking-Spongebob",
      "post_id": 24,
      "english_label": "contempt",
      "response_time_ms": 3208
    },
    {
      "image_path": "I-am-once-again-asking/I-am-once-again-asking_3.png",
      "label": "其他",
      "response_time": "00:00:12.608",
      "timestamp_unix": 1751702514,
      "timestamp_unix_ms": 1751702514997,
      "timestamp_readable": "2025-07-05 08:01:54.997",
      "normalized_name": "I-am-once-again-asking/I-am-once-again-asking",
      "meme_name": "I-am-once-again-asking",
      "post_id": 3,
      "english_label": "others",
      "response_time_ms": 12608
    },
    {
      "image_path": "Drake-NoYes/Drake-NoYes_5.png",
      "label": "其他",
      "response_time": "00:00:13.210",
      "timestamp_unix": 1751702528,
      "timestamp_unix_ms": 1751702528270,
      "timestamp_readable": "2025-07-05 08:02:08.270",
      "normalized_name": "Drake-NoYes/Drake-NoYes",
      "meme_name": "Drake-NoYes",
      "post_id": 5,
      "english_label": "others",
      "response_time_ms": 13210
    },
    {
      "image_path": "Always-you-three/Always-you-three_9.png",
      "label": "其他",
      "response_time": "00:00:08.006",
      "timestamp_unix": 1751702536,
      "timestamp_unix_ms": 1751702536385,
      "timestamp_readable": "2025-07-05 08:02:16.385",
      "normalized_name": "Always-you-three/Always-you-three",
      "meme_name": "Always-you-three",
      "post_id": 9,
      "english_label": "others",
      "response_time_ms": 8006
    },
    {
      "image_path": "Batman-Slapping-Robin/Batman-Slapping-Robin_41.png",
      "label": "憤怒",
      "response_time": "00:00:08.306",
      "timestamp_unix": 1751702544,
      "timestamp_unix_ms": 1751702544785,
      "timestamp_readable": "2025-07-05 08:02:24.785",
      "normalized_name": "Batman-Slapping-Robin/Batman-Slapping-Robin",
      "meme_name": "Batman-Slapping-Robin",
      "post_id": 41,
      "english_label": "anger",
      "response_time_ms": 8306
    },
    {
      "image_path": "Table-Flip-Guy/Table-Flip-Guy_27.png",
      "label": "憤怒",
      "response_time": "00:00:04.307",
      "timestamp_unix": 1751702549,
      "timestamp_unix_ms": 1751702549171,
      "timestamp_readable": "2025-07-05 08:02:29.171",
      "normalized_name": "Table-Flip-Guy/Table-Flip-Guy",
      "meme_name": "Table-Flip-Guy",
      "post_id": 27,
      "english_label": "anger",
      "response_time_ms": 4307
    },
    {
      "image_path": "Arthur-Fist/Arthur-Fist_13.png",
      "label": "憤怒",
      "response_time": "00:00:02.405",
      "timestamp_unix": 1751702551,
      "timestamp_unix_ms": 1751702551618,
      "timestamp_readable": "2025-07-05 08:02:31.618",
      "normalized_name": "Arthur-Fist/Arthur-Fist",
      "meme_name": "Arthur-Fist",
      "post_id": 13,
      "english_label": "anger",
      "response_time_ms": 2405
    },
    {
      "image_path": "Surprised-Pikachu/Surprised-Pikachu_28.png",
      "label": "輕蔑",
      "response_time": "00:00:05.304",
      "timestamp_unix": 1751702557,
      "timestamp_unix_ms": 1751702557017,
      "timestamp_readable": "2025-07-05 08:02:37.017",
      "normalized_name": "Surprised-Pikachu/Surprised-Pikachu",
      "meme_name": "Surprised-Pikachu",
      "post_id": 28,
      "english_label": "contempt",
      "response_time_ms": 5304
    },
    {
      "image_path": "Dave-chappelle/Dave-chappelle_22.png",
      "label": "輕蔑",
      "response_time": "00:00:06.707",
      "timestamp_unix": 1751702563,
      "timestamp_unix_ms": 1751702563769,
      "timestamp_readable": "2025-07-05 08:02:43.769",
      "normalized_name": "Dave-chappelle/Dave-chappelle",
      "meme_name": "Dave-chappelle",
      "post_id": 22,
      "english_label": "contempt",
      "response_time_ms": 6707
    },
    {
      "image_path": "Smudge-the-cat/Smudge-the-cat_47.png",
      "label": "輕蔑",
      "response_time": "00:00:10.105",
      "timestamp_unix": 1751702574,
      "timestamp_unix_ms": 1751702574018,
      "timestamp_readable": "2025-07-05 08:02:54.018",
      "normalized_name": "Smudge-the-cat/Smudge-the-cat",
      "meme_name": "Smudge-the-cat",
      "post_id": 47,
      "english_label": "contempt",
      "response_time_ms": 10105
    },
    {
      "image_path": "Put-It-Somewhere-Else-Patrick/Put-It-Somewhere-Else-Patrick_38.png",
      "label": "其他",
      "response_time": "00:00:04.907",
      "timestamp_unix": 1751702578,
      "timestamp_unix_ms": 1751702578986,
      "timestamp_readable": "2025-07-05 08:02:58.986",
      "normalized_name": "Put-It-Somewhere-Else-Patrick/Put-It-Somewhere-Else-Patrick",
      "meme_name": "Put-It-Somewhere-Else-Patrick",
      "post_id": 38,
      "english_label": "others",
      "response_time_ms": 4907
    },
    {
      "image_path": "Well-Yes-But-Actually-No/Well-Yes-But-Actually-No_21.png",
      "label": "輕蔑",
      "response_time": "00:00:03.804",
      "timestamp_unix": 1751702582,
      "timestamp_unix_ms": 1751702582901,
      "timestamp_readable": "2025-07-05 08:03:02.901",
      "normalized_name": "Well-Yes-But-Actually-No/Well-Yes-But-Actually-No",
      "meme_name": "Well-Yes-But-Actually-No",
      "post_id": 21,
      "english_label": "contempt",
      "response_time_ms": 3804
    },
    {
      "image_path": "Ill-Have-You-Know-Spongebob/Ill-Have-You-Know-Spongebob_18.png",
      "label": "輕蔑",
      "response_time": "00:00:01.501",
      "timestamp_unix": 1751702584,
      "timestamp_unix_ms": 1751702584485,
      "timestamp_readable": "2025-07-05 08:03:04.485",
      "normalized_name": "Ill-Have-You-Know-Spongebob/Ill-Have-You-Know-Spongebob",
      "meme_name": "Ill-Have-You-Know-Spongebob",
      "post_id": 18,
      "english_label": "contempt",
      "response_time_ms": 1501
    },
    {
      "image_path": "Confused-Gandalf/Confused-Gandalf_20.png",
      "label": "其他",
      "response_time": "00:00:05.707",
      "timestamp_unix": 1751702590,
      "timestamp_unix_ms": 1751702590264,
      "timestamp_readable": "2025-07-05 08:03:10.264",
      "normalized_name": "Confused-Gandalf/Confused-Gandalf",
      "meme_name": "Confused-Gandalf",
      "post_id": 20,
      "english_label": "others",
      "response_time_ms": 5707
    },
    {
      "image_path": "DJ-Pauly-D/DJ-Pauly-D_42.png",
      "label": "憤怒",
      "response_time": "00:00:05.805",
      "timestamp_unix": 1751702596,
      "timestamp_unix_ms": 1751702596183,
      "timestamp_readable": "2025-07-05 08:03:16.183",
      "normalized_name": "DJ-Pauly-D/DJ-Pauly-D",
      "meme_name": "DJ-Pauly-D",
      "post_id": 42,
      "english_label": "anger",
      "response_time_ms": 5805
    },
    {
      "image_path": "Persian-Cat-Room-Guardian/Persian-Cat-Room-Guardian_16.png",
      "label": "其他",
      "response_time": "00:00:05.510",
      "timestamp_unix": 1751702601,
      "timestamp_unix_ms": 1751702601768,
      "timestamp_readable": "2025-07-05 08:03:21.768",
      "normalized_name": "Persian-Cat-Room-Guardian/Persian-Cat-Room-Guardian",
      "meme_name": "Persian-Cat-Room-Guardian",
      "post_id": 16,
      "english_label": "others",
      "response_time_ms": 5510
    },
    {
      "image_path": "Im-The-Captain-Now/Im-The-Captain-Now_10.png",
      "label": "輕蔑",
      "response_time": "00:00:07.405",
      "timestamp_unix": 1751702609,
      "timestamp_unix_ms": 1751702609279,
      "timestamp_readable": "2025-07-05 08:03:29.279",
      "normalized_name": "Im-The-Captain-Now/Im-The-Captain-Now",
      "meme_name": "Im-The-Captain-Now",
      "post_id": 10,
      "english_label": "contempt",
      "response_time_ms": 7405
    },
    {
      "image_path": "Gru-Gun/Gru-Gun_7.png",
      "label": "輕蔑",
      "response_time": "00:00:06.701",
      "timestamp_unix": 1751702616,
      "timestamp_unix_ms": 1751702616124,
      "timestamp_readable": "2025-07-05 08:03:36.124",
      "normalized_name": "Gru-Gun/Gru-Gun",
      "meme_name": "Gru-Gun",
      "post_id": 7,
      "english_label": "contempt",
      "response_time_ms": 6701
    },
    {
      "image_path": "Picard-Wtf/Picard-Wtf_8.png",
      "label": "厭惡",
      "response_time": "00:00:04.004",
      "timestamp_unix": 1751702620,
      "timestamp_unix_ms": 1751702620233,
      "timestamp_readable": "2025-07-05 08:03:40.233",
      "normalized_name": "Picard-Wtf/Picard-Wtf",
      "meme_name": "Picard-Wtf",
      "post_id": 8,
      "english_label": "disgust",
      "response_time_ms": 4004
    },
    {
      "image_path": "Afraid-To-Ask-Andy/Afraid-To-Ask-Andy_30.png",
      "label": "其他",
      "response_time": "00:00:09.307",
      "timestamp_unix": 1751702629,
      "timestamp_unix_ms": 1751702629583,
      "timestamp_readable": "2025-07-05 08:03:49.583",
      "normalized_name": "Afraid-To-Ask-Andy/Afraid-To-Ask-Andy",
      "meme_name": "Afraid-To-Ask-Andy",
      "post_id": 30,
      "english_label": "others",
      "response_time_ms": 9307
    },
    {
      "image_path": "Mr-McMahon-reaction/Mr-McMahon-reaction_29.png",
      "label": "輕蔑",
      "response_time": "00:00:07.309",
      "timestamp_unix": 1751702637,
      "timestamp_unix_ms": 1751702637002,
      "timestamp_readable": "2025-07-05 08:03:57.002",
      "normalized_name": "Mr-McMahon-reaction/Mr-McMahon-reaction",
      "meme_name": "Mr-McMahon-reaction",
      "post_id": 29,
      "english_label": "contempt",
      "response_time_ms": 7309
    },
    {
      "image_path": "Black-guy-hiding-behind-tree/Black-guy-hiding-behind-tree_12.png",
      "label": "輕蔑",
      "response_time": "00:00:12.405",
      "timestamp_unix": 1751702649,
      "timestamp_unix_ms": 1751702649534,
      "timestamp_readable": "2025-07-05 08:04:09.534",
      "normalized_name": "Black-guy-hiding-behind-tree/Black-guy-hiding-behind-tree",
      "meme_name": "Black-guy-hiding-behind-tree",
      "post_id": 12,
      "english_label": "contempt",
      "response_time_ms": 12405
    },
    {
      "image_path": "Angry-Baby/Angry-Baby_40.png",
      "label": "憤怒",
      "response_time": "00:00:04.708",
      "timestamp_unix": 1751702654,
      "timestamp_unix_ms": 1751702654350,
      "timestamp_readable": "2025-07-05 08:04:14.350",
      "normalized_name": "Angry-Baby/Angry-Baby",
      "meme_name": "Angry-Baby",
      "post_id": 40,
      "english_label": "anger",
      "response_time_ms": 4708
    },
    {
      "image_path": "You-The-Real-MVP/You-The-Real-MVP_14.png",
      "label": "輕蔑",
      "response_time": "00:00:04.510",
      "timestamp_unix": 1751702658,
      "timestamp_unix_ms": 1751702658902,
      "timestamp_readable": "2025-07-05 08:04:18.902",
      "normalized_name": "You-The-Real-MVP/You-The-Real-MVP",
      "meme_name": "You-The-Real-MVP",
      "post_id": 14,
      "english_label": "contempt",
      "response_time_ms": 4510
    },
    {
      "image_path": "attention_check/attention_check_Contempt.png",
      "label": "輕蔑",
      "response_time": "00:00:02.505",
      "timestamp_unix": 1751702661,
      "timestamp_unix_ms": 1751702661533,
      "timestamp_readable": "2025-07-05 08:04:21.533",
      "normalized_name": "attention_check/attention_check_Contempt.png",
      "meme_name": "attention_check",
      "post_id": null,
      "english_label": "contempt",
      "response_time_ms": 2505
    },
    {
      "image_path": "Disappointed-Man/Disappointed-Man_49.png",
      "label": "厭惡",
      "response_time": "00:00:04.325",
      "timestamp_unix": 1751702665,
      "timestamp_unix_ms": 1751702665897,
      "timestamp_readable": "2025-07-05 08:04:25.897",
      "normalized_name": "Disappointed-Man/Disappointed-Man",
      "meme_name": "Disappointed-Man",
      "post_id": 49,
      "english_label": "disgust",
      "response_time_ms": 4325
    }
  ],
  "session_start_unix": 1751702146,
  "session_status": "completed",
  "last_updated_unix": 1751702711,
  "image_order": [
    "Spiderman-Hospital/Spiderman-Hospital_6.png",
    "Happy--Shock/Happy--Shock_2.png",
    "Chill-guy/Chill-guy_4.png",
    "I-am-once-again-asking/I-am-once-again-asking_3.png",
    "Math-ladyConfused-lady/Math-ladyConfused-lady_32.png",
    "Archer/Archer_1.png",
    "Leonardo-Dicaprio-Wolf-Of-Wall-Street/Leonardo-Dicaprio-Wolf-Of-Wall-Street_37.png",
    "Mocking-Spongebob/Mocking-Spongebob_24.png",
    "Afraid-To-Ask-Andy/Afraid-To-Ask-Andy_30.png",
    "Charlie-Day/Charlie-Day_50.png",
    "Always-Has-Been/Always-Has-Been_26.png",
    "Picard-Wtf/Picard-Wtf_8.png",
    "Batman-Slapping-Robin/Batman-Slapping-Robin_41.png",
    "For-the-better-right-blank/For-the-better-right-blank_34.png",
    "Drake-NoYes/Drake-NoYes_5.png",
    "Laughing-wolf/Laughing-wolf_15.png",
    "DJ-Pauly-D/DJ-Pauly-D_42.png",
    "Always-you-three/Always-you-three_9.png",
    "Disappointed-Man/Disappointed-Man_49.png",
    "Smudge-the-cat/Smudge-the-cat_47.png",
    "Thats-a-paddlin/Thats-a-paddlin_17.png",
    "Hide-the-Pain-Harold/Hide-the-Pain-Harold_39.png",
    "Hold-fart/Hold-fart_23.png",
    "Im-The-Captain-Now/Im-The-Captain-Now_10.png",
    "attention_check/attention_check_Others.png",
    "Obi-Wan-Kenobi/Obi-Wan-Kenobi_36.png",
    "Spongebob-Yelling/Spongebob-Yelling_31.png",
    "Nuclear-Explosion/Nuclear-Explosion_44.png",
    "Dinkleberg/Dinkleberg_33.png",
    "Scooby-doo-mask-reveal/Scooby-doo-mask-reveal_45.png",
    "Disaster-Girl/Disaster-Girl_25.png",
    "Black-guy-hiding-behind-tree/Black-guy-hiding-behind-tree_12.png",
    "You-The-Real-MVP/You-The-Real-MVP_14.png",
    "Moe-throws-Barney/Moe-throws-Barney_48.png",
    "Ill-Have-You-Know-Spongebob/Ill-Have-You-Know-Spongebob_18.png",
    "Futurama-Fry/Futurama-Fry_35.png",
    "Monkey-Puppet/Monkey-Puppet_19.png",
    "Confused-Gandalf/Confused-Gandalf_20.png",
    "Mr-incredible-mad/Mr-incredible-mad_43.png",
    "Dave-chappelle/Dave-chappelle_22.png",
    "Surprised-Pikachu/Surprised-Pikachu_28.png",
    "Table-Flip-Guy/Table-Flip-Guy_27.png",
    "Kevin-Hart/Kevin-Hart_11.png",
    "Well-Yes-But-Actually-No/Well-Yes-But-Actually-No_21.png",
    "Mr-McMahon-reaction/Mr-McMahon-reaction_29.png",
    "Gru-Gun/Gru-Gun_7.png",
    "Persian-Cat-Room-Guardian/Persian-Cat-Room-Guardian_16.png",
    "Put-It-Somewhere-Else-Patrick/Put-It-Somewhere-Else-Patrick_38.png",
    "Angry-Baby/Angry-Baby_40.png",
    "Arthur-Fist/Arthur-Fist_13.png",
    "attention_check/attention_check_Contempt.png",
    "Khan/Khan_46.png"
  ],
  "completion_status": {
    "practice_completed": true,
    "game_started": true,
    "game_completed": true,
    "summary_viewed": true,
    "email_submitted": true
  },
  "timestamps_unix": {
    "registration_completed": 1751702146,
    "practice_started": 1751702146,
    "practice_completed": 1751702211,
    "game_started": 1751702211,
    "first_label": 1751702215,
    "last_label": 1751702665,
    "game_completed": 1751702668,
    "summary_viewed": 1751702668,
    "email_submitted": 1751702711,
    "session_end": 1751702711,
    "last_updated": 1751702711
  },
  "timestamps_unix_ms": {
    "registration_completed_ms": 1751702146892,
    "practice_started_ms": 1751702146921,
    "practice_completed_ms": 1751702211052,
    "game_started_ms": 1751702211057,
    "first_label_ms": 1751702215670,
    "last_label_ms": 1751702665897,
    "game_completed_ms": 1751702668287,
    "summary_viewed_ms": 1751702668294,
    "email_submitted_ms": 1751702711672,
    "session_end_ms": 1751702711672,
    "last_updated_ms": 1751702711672
  },
  "duration_stats_ms": {
    "total_session_duration_ms": 564780,
    "practice_duration_ms": 64131,
    "game_duration_ms": 457230,
    "labeling_duration_ms": 450227,
    "email_submission_duration_ms": 43378
  },
  "filename_updated_unix": 1751702668,
  "original_filename": "user_0fb24e",
  "completion_status_in_filename": "email_submitted"
}