{
  "user_id": "user_ea003c",
  "file_name": "user_ea003c_1749786924_1749787604_fullycomplete",
  "unix_start_time": 1749786924,
  "unix_start_time_ms": 1749786924054,
  "unix_end_time": 1749787604,
  "unix_end_time_ms": 1749787604692,
  "age": "18-24",
  "gender": "female",
  "user_agent": "Mozilla/5.0 (Windows NT 10.0; Win64; x64) AppleWebKit/537.36 (KHTML, like Gecko) Chrome/136.0.0.0 Safari/537.36",
  "user_ip": "220.130.243.190",
  "status": "complete",
  "email_provided": "complete",
  "attention_passed": true,
  "start_time_readable": "2025-06-13 03:55:24.054",
  "end_time_readable": "2025-06-13 04:06:44.692",
  "total_labels": 52,
  "emotion_summary": {
    "anger": 4,
    "contempt": 28,
    "disgust": 7,
    "others": 13
  },
  "email": "sally902001@gmail.com",
  "participation": "yes",
  "total_responses": 52,
  "responses": [
    {
      "image_path": "Charlie-Day/Charlie-Day_34.png",
      "label": "其他",
      "response_time": "00:00:25.803",
      "timestamp_unix": 1749787033,
      "timestamp_unix_ms": 1749787033091,
      "timestamp_readable": "2025-06-13 03:57:13.091",
      "normalized_name": "Charlie-Day/Charlie-Day",
      "meme_name": "Charlie-Day",
      "post_id": 34,
      "english_label": "others",
      "response_time_ms": 25803
    },
    {
      "image_path": "Black-guy-hiding-behind-tree/Black-guy-hiding-behind-tree_36.png",
      "label": "輕蔑",
      "response_time": "00:00:17.107",
      "timestamp_unix": 1749787050,
      "timestamp_unix_ms": 1749787050331,
      "timestamp_readable": "2025-06-13 03:57:30.331",
      "normalized_name": "Black-guy-hiding-behind-tree/Black-guy-hiding-behind-tree",
      "meme_name": "Black-guy-hiding-behind-tree",
      "post_id": 36,
      "english_label": "contempt",
      "response_time_ms": 17107
    },
    {
      "image_path": "Chill-guy/Chill-guy_10.png",
      "label": "輕蔑",
      "response_time": "00:00:05.203",
      "timestamp_unix": 1749787055,
      "timestamp_unix_ms": 1749787055651,
      "timestamp_readable": "2025-06-13 03:57:35.651",
      "normalized_name": "Chill-guy/Chill-guy",
      "meme_name": "Chill-guy",
      "post_id": 10,
      "english_label": "contempt",
      "response_time_ms": 5203
    },
    {
      "image_path": "Angry-Baby/Angry-Baby_35.png",
      "label": "厭惡",
      "response_time": "00:03:04.404",
      "timestamp_unix": 1749787240,
      "timestamp_unix_ms": 1749787240456,
      "timestamp_readable": "2025-06-13 04:00:40.456",
      "normalized_name": "Angry-Baby/Angry-Baby",
      "meme_name": "Angry-Baby",
      "post_id": 35,
      "english_label": "disgust",
      "response_time_ms": 184404
    },
    {
      "image_path": "Im-The-Captain-Now/Im-The-Captain-Now_15.png",
      "label": "厭惡",
      "response_time": "00:00:11.304",
      "timestamp_unix": 1749787251,
      "timestamp_unix_ms": 1749787251851,
      "timestamp_readable": "2025-06-13 04:00:51.851",
      "normalized_name": "Im-The-Captain-Now/Im-The-Captain-Now",
      "meme_name": "Im-The-Captain-Now",
      "post_id": 15,
      "english_label": "disgust",
      "response_time_ms": 11304
    },
    {
      "image_path": "Moe-throws-Barney/Moe-throws-Barney_39.png",
      "label": "其他",
      "response_time": "00:00:05.311",
      "timestamp_unix": 1749787257,
      "timestamp_unix_ms": 1749787257300,
      "timestamp_readable": "2025-06-13 04:00:57.300",
      "normalized_name": "Moe-throws-Barney/Moe-throws-Barney",
      "meme_name": "Moe-throws-Barney",
      "post_id": 39,
      "english_label": "others",
      "response_time_ms": 5311
    },
    {
      "image_path": "Hide-the-Pain-Harold/Hide-the-Pain-Harold_27.png",
      "label": "輕蔑",
      "response_time": "00:00:05.306",
      "timestamp_unix": 1749787262,
      "timestamp_unix_ms": 1749787262682,
      "timestamp_readable": "2025-06-13 04:01:02.682",
      "normalized_name": "Hide-the-Pain-Harold/Hide-the-Pain-Harold",
      "meme_name": "Hide-the-Pain-Harold",
      "post_id": 27,
      "english_label": "contempt",
      "response_time_ms": 5306
    },
    {
      "image_path": "Afraid-To-Ask-Andy/Afraid-To-Ask-Andy_30.png",
      "label": "輕蔑",
      "response_time": "00:00:03.107",
      "timestamp_unix": 1749787265,
      "timestamp_unix_ms": 1749787265944,
      "timestamp_readable": "2025-06-13 04:01:05.944",
      "normalized_name": "Afraid-To-Ask-Andy/Afraid-To-Ask-Andy",
      "meme_name": "Afraid-To-Ask-Andy",
      "post_id": 30,
      "english_label": "contempt",
      "response_time_ms": 3107
    },
    {
      "image_path": "Table-Flip-Guy/Table-Flip-Guy_37.png",
      "label": "輕蔑",
      "response_time": "00:00:05.508",
      "timestamp_unix": 1749787271,
      "timestamp_unix_ms": 1749787271536,
      "timestamp_readable": "2025-06-13 04:01:11.536",
      "normalized_name": "Table-Flip-Guy/Table-Flip-Guy",
      "meme_name": "Table-Flip-Guy",
      "post_id": 37,
      "english_label": "contempt",
      "response_time_ms": 5508
    },
    {
      "image_path": "Futurama-Fry/Futurama-Fry_11.png",
      "label": "輕蔑",
      "response_time": "00:00:04.800",
      "timestamp_unix": 1749787276,
      "timestamp_unix_ms": 1749787276463,
      "timestamp_readable": "2025-06-13 04:01:16.463",
      "normalized_name": "Futurama-Fry/Futurama-Fry",
      "meme_name": "Futurama-Fry",
      "post_id": 11,
      "english_label": "contempt",
      "response_time_ms": 4800
    },
    {
      "image_path": "Obi-Wan-Kenobi/Obi-Wan-Kenobi_48.png",
      "label": "輕蔑",
      "response_time": "00:00:03.906",
      "timestamp_unix": 1749787280,
      "timestamp_unix_ms": 1749787280479,
      "timestamp_readable": "2025-06-13 04:01:20.479",
      "normalized_name": "Obi-Wan-Kenobi/Obi-Wan-Kenobi",
      "meme_name": "Obi-Wan-Kenobi",
      "post_id": 48,
      "english_label": "contempt",
      "response_time_ms": 3906
    },
    {
      "image_path": "DJ-Pauly-D/DJ-Pauly-D_4.png",
      "label": "其他",
      "response_time": "00:00:06.107",
      "timestamp_unix": 1749787286,
      "timestamp_unix_ms": 1749787286659,
      "timestamp_readable": "2025-06-13 04:01:26.659",
      "normalized_name": "DJ-Pauly-D/DJ-Pauly-D",
      "meme_name": "DJ-Pauly-D",
      "post_id": 4,
      "english_label": "others",
      "response_time_ms": 6107
    },
    {
      "image_path": "Mocking-Spongebob/Mocking-Spongebob_18.png",
      "label": "輕蔑",
      "response_time": "00:00:08.202",
      "timestamp_unix": 1749787294,
      "timestamp_unix_ms": 1749787294969,
      "timestamp_readable": "2025-06-13 04:01:34.969",
      "normalized_name": "Mocking-Spongebob/Mocking-Spongebob",
      "meme_name": "Mocking-Spongebob",
      "post_id": 18,
      "english_label": "contempt",
      "response_time_ms": 8202
    },
    {
      "image_path": "Thats-a-paddlin/Thats-a-paddlin_40.png",
      "label": "輕蔑",
      "response_time": "00:00:04.108",
      "timestamp_unix": 1749787299,
      "timestamp_unix_ms": 1749787299171,
      "timestamp_readable": "2025-06-13 04:01:39.171",
      "normalized_name": "Thats-a-paddlin/Thats-a-paddlin",
      "meme_name": "Thats-a-paddlin",
      "post_id": 40,
      "english_label": "contempt",
      "response_time_ms": 4108
    },
    {
      "image_path": "Spiderman-Hospital/Spiderman-Hospital_24.png",
      "label": "輕蔑",
      "response_time": "00:00:05.409",
      "timestamp_unix": 1749787304,
      "timestamp_unix_ms": 1749787304639,
      "timestamp_readable": "2025-06-13 04:01:44.639",
      "normalized_name": "Spiderman-Hospital/Spiderman-Hospital",
      "meme_name": "Spiderman-Hospital",
      "post_id": 24,
      "english_label": "contempt",
      "response_time_ms": 5409
    },
    {
      "image_path": "For-the-better-right-blank/For-the-better-right-blank_50.png",
      "label": "其他",
      "response_time": "00:00:07.502",
      "timestamp_unix": 1749787312,
      "timestamp_unix_ms": 1749787312252,
      "timestamp_readable": "2025-06-13 04:01:52.252",
      "normalized_name": "For-the-better-right-blank/For-the-better-right-blank",
      "meme_name": "For-the-better-right-blank",
      "post_id": 50,
      "english_label": "others",
      "response_time_ms": 7502
    },
    {
      "image_path": "Arthur-Fist/Arthur-Fist_28.png",
      "label": "輕蔑",
      "response_time": "00:00:06.105",
      "timestamp_unix": 1749787318,
      "timestamp_unix_ms": 1749787318476,
      "timestamp_readable": "2025-06-13 04:01:58.476",
      "normalized_name": "Arthur-Fist/Arthur-Fist",
      "meme_name": "Arthur-Fist",
      "post_id": 28,
      "english_label": "contempt",
      "response_time_ms": 6105
    },
    {
      "image_path": "Drake-NoYes/Drake-NoYes_13.png",
      "label": "輕蔑",
      "response_time": "00:00:03.405",
      "timestamp_unix": 1749787321,
      "timestamp_unix_ms": 1749787321962,
      "timestamp_readable": "2025-06-13 04:02:01.962",
      "normalized_name": "Drake-NoYes/Drake-NoYes",
      "meme_name": "Drake-NoYes",
      "post_id": 13,
      "english_label": "contempt",
      "response_time_ms": 3405
    },
    {
      "image_path": "Always-you-three/Always-you-three_12.png",
      "label": "其他",
      "response_time": "00:00:08.200",
      "timestamp_unix": 1749787330,
      "timestamp_unix_ms": 1749787330333,
      "timestamp_readable": "2025-06-13 04:02:10.333",
      "normalized_name": "Always-you-three/Always-you-three",
      "meme_name": "Always-you-three",
      "post_id": 12,
      "english_label": "others",
      "response_time_ms": 8200
    },
    {
      "image_path": "Put-It-Somewhere-Else-Patrick/Put-It-Somewhere-Else-Patrick_26.png",
      "label": "其他",
      "response_time": "00:00:05.603",
      "timestamp_unix": 1749787336,
      "timestamp_unix_ms": 1749787336103,
      "timestamp_readable": "2025-06-13 04:02:16.103",
      "normalized_name": "Put-It-Somewhere-Else-Patrick/Put-It-Somewhere-Else-Patrick",
      "meme_name": "Put-It-Somewhere-Else-Patrick",
      "post_id": 26,
      "english_label": "others",
      "response_time_ms": 5603
    },
    {
      "image_path": "Batman-Slapping-Robin/Batman-Slapping-Robin_20.png",
      "label": "厭惡",
      "response_time": "00:00:12.208",
      "timestamp_unix": 1749787348,
      "timestamp_unix_ms": 1749787348410,
      "timestamp_readable": "2025-06-13 04:02:28.410",
      "normalized_name": "Batman-Slapping-Robin/Batman-Slapping-Robin",
      "meme_name": "Batman-Slapping-Robin",
      "post_id": 20,
      "english_label": "disgust",
      "response_time_ms": 12208
    },
    {
      "image_path": "Dave-chappelle/Dave-chappelle_38.png",
      "label": "輕蔑",
      "response_time": "00:00:07.507",
      "timestamp_unix": 1749787356,
      "timestamp_unix_ms": 1749787356010,
      "timestamp_readable": "2025-06-13 04:02:36.010",
      "normalized_name": "Dave-chappelle/Dave-chappelle",
      "meme_name": "Dave-chappelle",
      "post_id": 38,
      "english_label": "contempt",
      "response_time_ms": 7507
    },
    {
      "image_path": "I-am-once-again-asking/I-am-once-again-asking_17.png",
      "label": "厭惡",
      "response_time": "00:00:17.209",
      "timestamp_unix": 1749787373,
      "timestamp_unix_ms": 1749787373334,
      "timestamp_readable": "2025-06-13 04:02:53.334",
      "normalized_name": "I-am-once-again-asking/I-am-once-again-asking",
      "meme_name": "I-am-once-again-asking",
      "post_id": 17,
      "english_label": "disgust",
      "response_time_ms": 17209
    },
    {
      "image_path": "Khan/Khan_32.png",
      "label": "憤怒",
      "response_time": "00:00:06.701",
      "timestamp_unix": 1749787380,
      "timestamp_unix_ms": 1749787380157,
      "timestamp_readable": "2025-06-13 04:03:00.157",
      "normalized_name": "Khan/Khan",
      "meme_name": "Khan",
      "post_id": 32,
      "english_label": "anger",
      "response_time_ms": 6701
    },
    {
      "image_path": "attention_check/attention_check_Others.png",
      "label": "其他",
      "response_time": "00:00:04.311",
      "timestamp_unix": 1749787384,
      "timestamp_unix_ms": 1749787384625,
      "timestamp_readable": "2025-06-13 04:03:04.625",
      "normalized_name": "attention_check/attention_check_Others.png",
      "meme_name": "attention_check",
      "post_id": null,
      "english_label": "others",
      "response_time_ms": 4311
    },
    {
      "image_path": "Kevin-Hart/Kevin-Hart_7.png",
      "label": "輕蔑",
      "response_time": "00:00:05.204",
      "timestamp_unix": 1749787389,
      "timestamp_unix_ms": 1749787389917,
      "timestamp_readable": "2025-06-13 04:03:09.917",
      "normalized_name": "Kevin-Hart/Kevin-Hart",
      "meme_name": "Kevin-Hart",
      "post_id": 7,
      "english_label": "contempt",
      "response_time_ms": 5204
    },
    {
      "image_path": "You-The-Real-MVP/You-The-Real-MVP_8.png",
      "label": "輕蔑",
      "response_time": "00:00:07.305",
      "timestamp_unix": 1749787397,
      "timestamp_unix_ms": 1749787397341,
      "timestamp_readable": "2025-06-13 04:03:17.341",
      "normalized_name": "You-The-Real-MVP/You-The-Real-MVP",
      "meme_name": "You-The-Real-MVP",
      "post_id": 8,
      "english_label": "contempt",
      "response_time_ms": 7305
    },
    {
      "image_path": "Surprised-Pikachu/Surprised-Pikachu_29.png",
      "label": "輕蔑",
      "response_time": "00:00:03.801",
      "timestamp_unix": 1749787401,
      "timestamp_unix_ms": 1749787401272,
      "timestamp_readable": "2025-06-13 04:03:21.272",
      "normalized_name": "Surprised-Pikachu/Surprised-Pikachu",
      "meme_name": "Surprised-Pikachu",
      "post_id": 29,
      "english_label": "contempt",
      "response_time_ms": 3801
    },
    {
      "image_path": "Archer/Archer_31.png",
      "label": "其他",
      "response_time": "00:00:04.501",
      "timestamp_unix": 1749787405,
      "timestamp_unix_ms": 1749787405929,
      "timestamp_readable": "2025-06-13 04:03:25.929",
      "normalized_name": "Archer/Archer",
      "meme_name": "Archer",
      "post_id": 31,
      "english_label": "others",
      "response_time_ms": 4501
    },
    {
      "image_path": "Spongebob-Yelling/Spongebob-Yelling_46.png",
      "label": "厭惡",
      "response_time": "00:00:06.801",
      "timestamp_unix": 1749787412,
      "timestamp_unix_ms": 1749787412879,
      "timestamp_readable": "2025-06-13 04:03:32.879",
      "normalized_name": "Spongebob-Yelling/Spongebob-Yelling",
      "meme_name": "Spongebob-Yelling",
      "post_id": 46,
      "english_label": "disgust",
      "response_time_ms": 6801
    },
    {
      "image_path": "Smudge-the-cat/Smudge-the-cat_3.png",
      "label": "輕蔑",
      "response_time": "00:00:04.709",
      "timestamp_unix": 1749787417,
      "timestamp_unix_ms": 1749787417676,
      "timestamp_readable": "2025-06-13 04:03:37.676",
      "normalized_name": "Smudge-the-cat/Smudge-the-cat",
      "meme_name": "Smudge-the-cat",
      "post_id": 3,
      "english_label": "contempt",
      "response_time_ms": 4709
    },
    {
      "image_path": "Monkey-Puppet/Monkey-Puppet_5.png",
      "label": "輕蔑",
      "response_time": "00:00:04.901",
      "timestamp_unix": 1749787422,
      "timestamp_unix_ms": 1749787422716,
      "timestamp_readable": "2025-06-13 04:03:42.716",
      "normalized_name": "Monkey-Puppet/Monkey-Puppet",
      "meme_name": "Monkey-Puppet",
      "post_id": 5,
      "english_label": "contempt",
      "response_time_ms": 4901
    },
    {
      "image_path": "Leonardo-Dicaprio-Wolf-Of-Wall-Street/Leonardo-Dicaprio-Wolf-Of-Wall-Street_23.png",
      "label": "其他",
      "response_time": "00:00:08.311",
      "timestamp_unix": 1749787431,
      "timestamp_unix_ms": 1749787431104,
      "timestamp_readable": "2025-06-13 04:03:51.104",
      "normalized_name": "Leonardo-Dicaprio-Wolf-Of-Wall-Street/Leonardo-Dicaprio-Wolf-Of-Wall-Street",
      "meme_name": "Leonardo-Dicaprio-Wolf-Of-Wall-Street",
      "post_id": 23,
      "english_label": "others",
      "response_time_ms": 8311
    },
    {
      "image_path": "Picard-Wtf/Picard-Wtf_1.png",
      "label": "輕蔑",
      "response_time": "00:00:07.106",
      "timestamp_unix": 1749787438,
      "timestamp_unix_ms": 1749787438373,
      "timestamp_readable": "2025-06-13 04:03:58.373",
      "normalized_name": "Picard-Wtf/Picard-Wtf",
      "meme_name": "Picard-Wtf",
      "post_id": 1,
      "english_label": "contempt",
      "response_time_ms": 7106
    },
    {
      "image_path": "Laughing-wolf/Laughing-wolf_25.png",
      "label": "輕蔑",
      "response_time": "00:00:04.101",
      "timestamp_unix": 1749787442,
      "timestamp_unix_ms": 1749787442562,
      "timestamp_readable": "2025-06-13 04:04:02.562",
      "normalized_name": "Laughing-wolf/Laughing-wolf",
      "meme_name": "Laughing-wolf",
      "post_id": 25,
      "english_label": "contempt",
      "response_time_ms": 4101
    },
    {
      "image_path": "Scooby-doo-mask-reveal/Scooby-doo-mask-reveal_21.png",
      "label": "輕蔑",
      "response_time": "00:00:05.906",
      "timestamp_unix": 1749787448,
      "timestamp_unix_ms": 1749787448557,
      "timestamp_readable": "2025-06-13 04:04:08.557",
      "normalized_name": "Scooby-doo-mask-reveal/Scooby-doo-mask-reveal",
      "meme_name": "Scooby-doo-mask-reveal",
      "post_id": 21,
      "english_label": "contempt",
      "response_time_ms": 5906
    },
    {
      "image_path": "Persian-Cat-Room-Guardian/Persian-Cat-Room-Guardian_9.png",
      "label": "其他",
      "response_time": "00:00:05.901",
      "timestamp_unix": 1749787454,
      "timestamp_unix_ms": 1749787454531,
      "timestamp_readable": "2025-06-13 04:04:14.531",
      "normalized_name": "Persian-Cat-Room-Guardian/Persian-Cat-Room-Guardian",
      "meme_name": "Persian-Cat-Room-Guardian",
      "post_id": 9,
      "english_label": "others",
      "response_time_ms": 5901
    },
    {
      "image_path": "Nuclear-Explosion/Nuclear-Explosion_14.png",
      "label": "憤怒",
      "response_time": "00:00:05.707",
      "timestamp_unix": 1749787460,
      "timestamp_unix_ms": 1749787460406,
      "timestamp_readable": "2025-06-13 04:04:20.406",
      "normalized_name": "Nuclear-Explosion/Nuclear-Explosion",
      "meme_name": "Nuclear-Explosion",
      "post_id": 14,
      "english_label": "anger",
      "response_time_ms": 5707
    },
    {
      "image_path": "Disappointed-Man/Disappointed-Man_49.png",
      "label": "輕蔑",
      "response_time": "00:00:03.503",
      "timestamp_unix": 1749787464,
      "timestamp_unix_ms": 1749787464051,
      "timestamp_readable": "2025-06-13 04:04:24.051",
      "normalized_name": "Disappointed-Man/Disappointed-Man",
      "meme_name": "Disappointed-Man",
      "post_id": 49,
      "english_label": "contempt",
      "response_time_ms": 3503
    },
    {
      "image_path": "Always-Has-Been/Always-Has-Been_16.png",
      "label": "其他",
      "response_time": "00:00:08.510",
      "timestamp_unix": 1749787472,
      "timestamp_unix_ms": 1749787472745,
      "timestamp_readable": "2025-06-13 04:04:32.745",
      "normalized_name": "Always-Has-Been/Always-Has-Been",
      "meme_name": "Always-Has-Been",
      "post_id": 16,
      "english_label": "others",
      "response_time_ms": 8510
    },
    {
      "image_path": "Well-Yes-But-Actually-No/Well-Yes-But-Actually-No_45.png",
      "label": "輕蔑",
      "response_time": "00:00:06.902",
      "timestamp_unix": 1749787479,
      "timestamp_unix_ms": 1749787479740,
      "timestamp_readable": "2025-06-13 04:04:39.740",
      "normalized_name": "Well-Yes-But-Actually-No/Well-Yes-But-Actually-No",
      "meme_name": "Well-Yes-But-Actually-No",
      "post_id": 45,
      "english_label": "contempt",
      "response_time_ms": 6902
    },
    {
      "image_path": "Disaster-Girl/Disaster-Girl_33.png",
      "label": "輕蔑",
      "response_time": "00:00:04.709",
      "timestamp_unix": 1749787484,
      "timestamp_unix_ms": 1749787484590,
      "timestamp_readable": "2025-06-13 04:04:44.590",
      "normalized_name": "Disaster-Girl/Disaster-Girl",
      "meme_name": "Disaster-Girl",
      "post_id": 33,
      "english_label": "contempt",
      "response_time_ms": 4709
    },
    {
      "image_path": "Confused-Gandalf/Confused-Gandalf_19.png",
      "label": "其他",
      "response_time": "00:00:04.407",
      "timestamp_unix": 1749787489,
      "timestamp_unix_ms": 1749787489126,
      "timestamp_readable": "2025-06-13 04:04:49.126",
      "normalized_name": "Confused-Gandalf/Confused-Gandalf",
      "meme_name": "Confused-Gandalf",
      "post_id": 19,
      "english_label": "others",
      "response_time_ms": 4407
    },
    {
      "image_path": "Mr-incredible-mad/Mr-incredible-mad_2.png",
      "label": "憤怒",
      "response_time": "00:00:05.806",
      "timestamp_unix": 1749787494,
      "timestamp_unix_ms": 1749787494997,
      "timestamp_readable": "2025-06-13 04:04:54.997",
      "normalized_name": "Mr-incredible-mad/Mr-incredible-mad",
      "meme_name": "Mr-incredible-mad",
      "post_id": 2,
      "english_label": "anger",
      "response_time_ms": 5806
    },
    {
      "image_path": "Dinkleberg/Dinkleberg_41.png",
      "label": "輕蔑",
      "response_time": "00:00:06.602",
      "timestamp_unix": 1749787501,
      "timestamp_unix_ms": 1749787501733,
      "timestamp_readable": "2025-06-13 04:05:01.733",
      "normalized_name": "Dinkleberg/Dinkleberg",
      "meme_name": "Dinkleberg",
      "post_id": 41,
      "english_label": "contempt",
      "response_time_ms": 6602
    },
    {
      "image_path": "Hold-fart/Hold-fart_42.png",
      "label": "其他",
      "response_time": "00:00:06.209",
      "timestamp_unix": 1749787508,
      "timestamp_unix_ms": 1749787508039,
      "timestamp_readable": "2025-06-13 04:05:08.039",
      "normalized_name": "Hold-fart/Hold-fart",
      "meme_name": "Hold-fart",
      "post_id": 42,
      "english_label": "others",
      "response_time_ms": 6209
    },
    {
      "image_path": "Gru-Gun/Gru-Gun_44.png",
      "label": "憤怒",
      "response_time": "00:00:04.102",
      "timestamp_unix": 1749787512,
      "timestamp_unix_ms": 1749787512232,
      "timestamp_readable": "2025-06-13 04:05:12.232",
      "normalized_name": "Gru-Gun/Gru-Gun",
      "meme_name": "Gru-Gun",
      "post_id": 44,
      "english_label": "anger",
      "response_time_ms": 4102
    },
    {
      "image_path": "attention_check/attention_check_Contempt.png",
      "label": "輕蔑",
      "response_time": "00:00:03.402",
      "timestamp_unix": 1749787515,
      "timestamp_unix_ms": 1749787515719,
      "timestamp_readable": "2025-06-13 04:05:15.719",
      "normalized_name": "attention_check/attention_check_Contempt.png",
      "meme_name": "attention_check",
      "post_id": null,
      "english_label": "contempt",
      "response_time_ms": 3402
    },
    {
      "image_path": "Ill-Have-You-Know-Spongebob/Ill-Have-You-Know-Spongebob_22.png",
      "label": "輕蔑",
      "response_time": "00:00:04.009",
      "timestamp_unix": 1749787519,
      "timestamp_unix_ms": 1749787519875,
      "timestamp_readable": "2025-06-13 04:05:19.875",
      "normalized_name": "Ill-Have-You-Know-Spongebob/Ill-Have-You-Know-Spongebob",
      "meme_name": "Ill-Have-You-Know-Spongebob",
      "post_id": 22,
      "english_label": "contempt",
      "response_time_ms": 4009
    },
    {
      "image_path": "Mr-McMahon-reaction/Mr-McMahon-reaction_43.png",
      "label": "輕蔑",
      "response_time": "00:00:04.102",
      "timestamp_unix": 1749787524,
      "timestamp_unix_ms": 1749787524143,
      "timestamp_readable": "2025-06-13 04:05:24.143",
      "normalized_name": "Mr-McMahon-reaction/Mr-McMahon-reaction",
      "meme_name": "Mr-McMahon-reaction",
      "post_id": 43,
      "english_label": "contempt",
      "response_time_ms": 4102
    },
    {
      "image_path": "Math-ladyConfused-lady/Math-ladyConfused-lady_6.png",
      "label": "厭惡",
      "response_time": "00:00:07.703",
      "timestamp_unix": 1749787531,
      "timestamp_unix_ms": 1749787531989,
      "timestamp_readable": "2025-06-13 04:05:31.989",
      "normalized_name": "Math-ladyConfused-lady/Math-ladyConfused-lady",
      "meme_name": "Math-ladyConfused-lady",
      "post_id": 6,
      "english_label": "disgust",
      "response_time_ms": 7703
    },
    {
      "image_path": "Happy--Shock/Happy--Shock_47.png",
      "label": "厭惡",
      "response_time": "00:00:09.212",
      "timestamp_unix": 1749787541,
      "timestamp_unix_ms": 1749787541421,
      "timestamp_readable": "2025-06-13 04:05:41.421",
      "normalized_name": "Happy--Shock/Happy--Shock",
      "meme_name": "Happy--Shock",
      "post_id": 47,
      "english_label": "disgust",
      "response_time_ms": 9212
    }
  ],
  "session_start_unix": 1749786924,
  "session_status": "completed",
  "last_updated_unix": 1749787604,
  "image_order": [
    "Spiderman-Hospital/Spiderman-Hospital_24.png",
    "Happy--Shock/Happy--Shock_47.png",
    "Chill-guy/Chill-guy_10.png",
    "I-am-once-again-asking/I-am-once-again-asking_17.png",
    "Math-ladyConfused-lady/Math-ladyConfused-lady_6.png",
    "Archer/Archer_31.png",
    "Leonardo-Dicaprio-Wolf-Of-Wall-Street/Leonardo-Dicaprio-Wolf-Of-Wall-Street_23.png",
    "Mocking-Spongebob/Mocking-Spongebob_18.png",
    "Afraid-To-Ask-Andy/Afraid-To-Ask-Andy_30.png",
    "Charlie-Day/Charlie-Day_34.png",
    "Always-Has-Been/Always-Has-Been_16.png",
    "Picard-Wtf/Picard-Wtf_1.png",
    "Batman-Slapping-Robin/Batman-Slapping-Robin_20.png",
    "For-the-better-right-blank/For-the-better-right-blank_50.png",
    "Drake-NoYes/Drake-NoYes_13.png",
    "Laughing-wolf/Laughing-wolf_25.png",
    "DJ-Pauly-D/DJ-Pauly-D_4.png",
    "Always-you-three/Always-you-three_12.png",
    "Disappointed-Man/Disappointed-Man_49.png",
    "Smudge-the-cat/Smudge-the-cat_3.png",
    "Thats-a-paddlin/Thats-a-paddlin_40.png",
    "Hide-the-Pain-Harold/Hide-the-Pain-Harold_27.png",
    "Hold-fart/Hold-fart_42.png",
    "Im-The-Captain-Now/Im-The-Captain-Now_15.png",
    "attention_check/attention_check_Others.png",
    "Obi-Wan-Kenobi/Obi-Wan-Kenobi_48.png",
    "Spongebob-Yelling/Spongebob-Yelling_46.png",
    "Nuclear-Explosion/Nuclear-Explosion_14.png",
    "Dinkleberg/Dinkleberg_41.png",
    "Scooby-doo-mask-reveal/Scooby-doo-mask-reveal_21.png",
    "Disaster-Girl/Disaster-Girl_33.png",
    "Black-guy-hiding-behind-tree/Black-guy-hiding-behind-tree_36.png",
    "You-The-Real-MVP/You-The-Real-MVP_8.png",
    "Moe-throws-Barney/Moe-throws-Barney_39.png",
    "Ill-Have-You-Know-Spongebob/Ill-Have-You-Know-Spongebob_22.png",
    "Futurama-Fry/Futurama-Fry_11.png",
    "Monkey-Puppet/Monkey-Puppet_5.png",
    "Confused-Gandalf/Confused-Gandalf_19.png",
    "Mr-incredible-mad/Mr-incredible-mad_2.png",
    "Dave-chappelle/Dave-chappelle_38.png",
    "Surprised-Pikachu/Surprised-Pikachu_29.png",
    "Table-Flip-Guy/Table-Flip-Guy_37.png",
    "Kevin-Hart/Kevin-Hart_7.png",
    "Well-Yes-But-Actually-No/Well-Yes-But-Actually-No_45.png",
    "Mr-McMahon-reaction/Mr-McMahon-reaction_43.png",
    "Gru-Gun/Gru-Gun_44.png",
    "Persian-Cat-Room-Guardian/Persian-Cat-Room-Guardian_9.png",
    "attention_check/attention_check_Contempt.png",
    "Put-It-Somewhere-Else-Patrick/Put-It-Somewhere-Else-Patrick_26.png",
    "Angry-Baby/Angry-Baby_35.png",
    "Arthur-Fist/Arthur-Fist_28.png",
    "Khan/Khan_32.png"
  ],
  "completion_status": {
    "practice_completed": true,
    "game_started": true,
    "game_completed": true,
    "summary_viewed": true,
    "email_submitted": true
  },
  "timestamps_unix": {
    "registration_completed": 1749786924,
    "practice_started": 1749786924,
    "practice_completed": 1749787006,
    "game_started": 1749787006,
    "first_label": 1749787033,
    "last_label": 1749787541,
    "game_completed": 1749787544,
    "summary_viewed": 1749787544,
    "email_submitted": 1749787604,
    "session_end": 1749787604,
    "last_updated": 1749787604
  },
  "timestamps_unix_ms": {
    "registration_completed_ms": 1749786924054,
    "practice_started_ms": 1749786924124,
    "practice_completed_ms": 1749787006871,
    "game_started_ms": 1749787006891,
    "first_label_ms": 1749787033091,
    "last_label_ms": 1749787541421,
    "game_completed_ms": 1749787544845,
    "summary_viewed_ms": 1749787544863,
    "email_submitted_ms": 1749787604672,
    "session_end_ms": 1749787604672,
    "last_updated_ms": 1749787604672
  },
  "duration_stats_ms": {
    "total_session_duration_ms": 680618,
    "practice_duration_ms": 82747,
    "game_duration_ms": 537954,
    "labeling_duration_ms": 508330,
    "email_submission_duration_ms": 59809
  },
  "filename_updated_unix": 1749787544,
  "original_filename": "user_ea003c",
  "completion_status_in_filename": "email_submitted"
}