{
  "user_id": "user_67d393",
  "file_name": "user_67d393_1750126662_1750127118_fullycomplete",
  "unix_start_time": 1750126662,
  "unix_start_time_ms": 1750126662345,
  "unix_end_time": 1750127118,
  "unix_end_time_ms": 1750127118322,
  "age": "25-29",
  "gender": "female",
  "user_agent": "Mozilla/5.0 (Windows NT 10.0; Win64; x64) AppleWebKit/537.36 (KHTML, like Gecko) Chrome/137.0.0.0 Safari/537.36",
  "user_ip": "163.30.86.13",
  "status": "complete",
  "email_provided": "complete",
  "attention_passed": true,
  "start_time_readable": "2025-06-17 02:17:42.345",
  "end_time_readable": "2025-06-17 02:25:18.322",
  "total_labels": 52,
  "emotion_summary": {
    "anger": 11,
    "contempt": 10,
    "disgust": 3,
    "others": 28
  },
  "email": "jamielin3186719@gmail.com",
  "participation": "yes",
  "total_responses": 52,
  "responses": [
    {
      "image_path": "Scooby-doo-mask-reveal/Scooby-doo-mask-reveal_31.png",
      "label": "輕蔑",
      "response_time": "00:00:07.501",
      "timestamp_unix": 1750126730,
      "timestamp_unix_ms": 1750126730311,
      "timestamp_readable": "2025-06-17 02:18:50.311",
      "normalized_name": "Scooby-doo-mask-reveal/Scooby-doo-mask-reveal",
      "meme_name": "Scooby-doo-mask-reveal",
      "post_id": 31,
      "english_label": "contempt",
      "response_time_ms": 7501
    },
    {
      "image_path": "Always-Has-Been/Always-Has-Been_37.png",
      "label": "其他",
      "response_time": "00:00:13.011",
      "timestamp_unix": 1750126743,
      "timestamp_unix_ms": 1750126743366,
      "timestamp_readable": "2025-06-17 02:19:03.366",
      "normalized_name": "Always-Has-Been/Always-Has-Been",
      "meme_name": "Always-Has-Been",
      "post_id": 37,
      "english_label": "others",
      "response_time_ms": 13011
    },
    {
      "image_path": "For-the-better-right-blank/For-the-better-right-blank_22.png",
      "label": "憤怒",
      "response_time": "00:00:09.116",
      "timestamp_unix": 1750126752,
      "timestamp_unix_ms": 1750126752558,
      "timestamp_readable": "2025-06-17 02:19:12.558",
      "normalized_name": "For-the-better-right-blank/For-the-better-right-blank",
      "meme_name": "For-the-better-right-blank",
      "post_id": 22,
      "english_label": "anger",
      "response_time_ms": 9116
    },
    {
      "image_path": "Monkey-Puppet/Monkey-Puppet_39.png",
      "label": "其他",
      "response_time": "00:00:05.901",
      "timestamp_unix": 1750126758,
      "timestamp_unix_ms": 1750126758570,
      "timestamp_readable": "2025-06-17 02:19:18.570",
      "normalized_name": "Monkey-Puppet/Monkey-Puppet",
      "meme_name": "Monkey-Puppet",
      "post_id": 39,
      "english_label": "others",
      "response_time_ms": 5901
    },
    {
      "image_path": "Nuclear-Explosion/Nuclear-Explosion_30.png",
      "label": "其他",
      "response_time": "00:00:06.000",
      "timestamp_unix": 1750126764,
      "timestamp_unix_ms": 1750126764649,
      "timestamp_readable": "2025-06-17 02:19:24.649",
      "normalized_name": "Nuclear-Explosion/Nuclear-Explosion",
      "meme_name": "Nuclear-Explosion",
      "post_id": 30,
      "english_label": "others",
      "response_time_ms": 6000
    },
    {
      "image_path": "Spiderman-Hospital/Spiderman-Hospital_4.png",
      "label": "其他",
      "response_time": "00:00:09.215",
      "timestamp_unix": 1750126773,
      "timestamp_unix_ms": 1750126773924,
      "timestamp_readable": "2025-06-17 02:19:33.924",
      "normalized_name": "Spiderman-Hospital/Spiderman-Hospital",
      "meme_name": "Spiderman-Hospital",
      "post_id": 4,
      "english_label": "others",
      "response_time_ms": 9215
    },
    {
      "image_path": "Leonardo-Dicaprio-Wolf-Of-Wall-Street/Leonardo-Dicaprio-Wolf-Of-Wall-Street_27.png",
      "label": "其他",
      "response_time": "00:00:06.401",
      "timestamp_unix": 1750126780,
      "timestamp_unix_ms": 1750126780418,
      "timestamp_readable": "2025-06-17 02:19:40.418",
      "normalized_name": "Leonardo-Dicaprio-Wolf-Of-Wall-Street/Leonardo-Dicaprio-Wolf-Of-Wall-Street",
      "meme_name": "Leonardo-Dicaprio-Wolf-Of-Wall-Street",
      "post_id": 27,
      "english_label": "others",
      "response_time_ms": 6401
    },
    {
      "image_path": "Persian-Cat-Room-Guardian/Persian-Cat-Room-Guardian_47.png",
      "label": "憤怒",
      "response_time": "00:00:06.802",
      "timestamp_unix": 1750126787,
      "timestamp_unix_ms": 1750126787313,
      "timestamp_readable": "2025-06-17 02:19:47.313",
      "normalized_name": "Persian-Cat-Room-Guardian/Persian-Cat-Room-Guardian",
      "meme_name": "Persian-Cat-Room-Guardian",
      "post_id": 47,
      "english_label": "anger",
      "response_time_ms": 6802
    },
    {
      "image_path": "Mr-incredible-mad/Mr-incredible-mad_26.png",
      "label": "厭惡",
      "response_time": "00:00:08.001",
      "timestamp_unix": 1750126795,
      "timestamp_unix_ms": 1750126795373,
      "timestamp_readable": "2025-06-17 02:19:55.373",
      "normalized_name": "Mr-incredible-mad/Mr-incredible-mad",
      "meme_name": "Mr-incredible-mad",
      "post_id": 26,
      "english_label": "disgust",
      "response_time_ms": 8001
    },
    {
      "image_path": "Put-It-Somewhere-Else-Patrick/Put-It-Somewhere-Else-Patrick_46.png",
      "label": "憤怒",
      "response_time": "00:00:08.300",
      "timestamp_unix": 1750126803,
      "timestamp_unix_ms": 1750126803782,
      "timestamp_readable": "2025-06-17 02:20:03.782",
      "normalized_name": "Put-It-Somewhere-Else-Patrick/Put-It-Somewhere-Else-Patrick",
      "meme_name": "Put-It-Somewhere-Else-Patrick",
      "post_id": 46,
      "english_label": "anger",
      "response_time_ms": 8300
    },
    {
      "image_path": "Angry-Baby/Angry-Baby_29.png",
      "label": "輕蔑",
      "response_time": "00:00:07.901",
      "timestamp_unix": 1750126811,
      "timestamp_unix_ms": 1750126811792,
      "timestamp_readable": "2025-06-17 02:20:11.792",
      "normalized_name": "Angry-Baby/Angry-Baby",
      "meme_name": "Angry-Baby",
      "post_id": 29,
      "english_label": "contempt",
      "response_time_ms": 7901
    },
    {
      "image_path": "Hide-the-Pain-Harold/Hide-the-Pain-Harold_33.png",
      "label": "其他",
      "response_time": "00:00:03.606",
      "timestamp_unix": 1750126815,
      "timestamp_unix_ms": 1750126815440,
      "timestamp_readable": "2025-06-17 02:20:15.440",
      "normalized_name": "Hide-the-Pain-Harold/Hide-the-Pain-Harold",
      "meme_name": "Hide-the-Pain-Harold",
      "post_id": 33,
      "english_label": "others",
      "response_time_ms": 3606
    },
    {
      "image_path": "Archer/Archer_24.png",
      "label": "其他",
      "response_time": "00:00:05.203",
      "timestamp_unix": 1750126820,
      "timestamp_unix_ms": 1750126820787,
      "timestamp_readable": "2025-06-17 02:20:20.787",
      "normalized_name": "Archer/Archer",
      "meme_name": "Archer",
      "post_id": 24,
      "english_label": "others",
      "response_time_ms": 5203
    },
    {
      "image_path": "Gru-Gun/Gru-Gun_43.png",
      "label": "輕蔑",
      "response_time": "00:00:09.013",
      "timestamp_unix": 1750126829,
      "timestamp_unix_ms": 1750126829929,
      "timestamp_readable": "2025-06-17 02:20:29.929",
      "normalized_name": "Gru-Gun/Gru-Gun",
      "meme_name": "Gru-Gun",
      "post_id": 43,
      "english_label": "contempt",
      "response_time_ms": 9013
    },
    {
      "image_path": "Always-you-three/Always-you-three_42.png",
      "label": "其他",
      "response_time": "00:00:04.400",
      "timestamp_unix": 1750126834,
      "timestamp_unix_ms": 1750126834474,
      "timestamp_readable": "2025-06-17 02:20:34.474",
      "normalized_name": "Always-you-three/Always-you-three",
      "meme_name": "Always-you-three",
      "post_id": 42,
      "english_label": "others",
      "response_time_ms": 4400
    },
    {
      "image_path": "Disappointed-Man/Disappointed-Man_41.png",
      "label": "其他",
      "response_time": "00:00:05.302",
      "timestamp_unix": 1750126839,
      "timestamp_unix_ms": 1750126839921,
      "timestamp_readable": "2025-06-17 02:20:39.921",
      "normalized_name": "Disappointed-Man/Disappointed-Man",
      "meme_name": "Disappointed-Man",
      "post_id": 41,
      "english_label": "others",
      "response_time_ms": 5302
    },
    {
      "image_path": "Hold-fart/Hold-fart_35.png",
      "label": "其他",
      "response_time": "00:00:05.800",
      "timestamp_unix": 1750126845,
      "timestamp_unix_ms": 1750126845866,
      "timestamp_readable": "2025-06-17 02:20:45.866",
      "normalized_name": "Hold-fart/Hold-fart",
      "meme_name": "Hold-fart",
      "post_id": 35,
      "english_label": "others",
      "response_time_ms": 5800
    },
    {
      "image_path": "Mr-McMahon-reaction/Mr-McMahon-reaction_10.png",
      "label": "憤怒",
      "response_time": "00:00:13.309",
      "timestamp_unix": 1750126859,
      "timestamp_unix_ms": 1750126859254,
      "timestamp_readable": "2025-06-17 02:20:59.254",
      "normalized_name": "Mr-McMahon-reaction/Mr-McMahon-reaction",
      "meme_name": "Mr-McMahon-reaction",
      "post_id": 10,
      "english_label": "anger",
      "response_time_ms": 13309
    },
    {
      "image_path": "Batman-Slapping-Robin/Batman-Slapping-Robin_11.png",
      "label": "其他",
      "response_time": "00:00:06.503",
      "timestamp_unix": 1750126865,
      "timestamp_unix_ms": 1750126865884,
      "timestamp_readable": "2025-06-17 02:21:05.884",
      "normalized_name": "Batman-Slapping-Robin/Batman-Slapping-Robin",
      "meme_name": "Batman-Slapping-Robin",
      "post_id": 11,
      "english_label": "others",
      "response_time_ms": 6503
    },
    {
      "image_path": "Khan/Khan_23.png",
      "label": "憤怒",
      "response_time": "00:00:24.200",
      "timestamp_unix": 1750126890,
      "timestamp_unix_ms": 1750126890214,
      "timestamp_readable": "2025-06-17 02:21:30.214",
      "normalized_name": "Khan/Khan",
      "meme_name": "Khan",
      "post_id": 23,
      "english_label": "anger",
      "response_time_ms": 24200
    },
    {
      "image_path": "attention_check/attention_check_Contempt.png",
      "label": "輕蔑",
      "response_time": "00:00:02.301",
      "timestamp_unix": 1750126892,
      "timestamp_unix_ms": 1750126892611,
      "timestamp_readable": "2025-06-17 02:21:32.611",
      "normalized_name": "attention_check/attention_check_Contempt.png",
      "meme_name": "attention_check",
      "post_id": null,
      "english_label": "contempt",
      "response_time_ms": 2301
    },
    {
      "image_path": "Disaster-Girl/Disaster-Girl_14.png",
      "label": "厭惡",
      "response_time": "00:00:12.606",
      "timestamp_unix": 1750126905,
      "timestamp_unix_ms": 1750126905350,
      "timestamp_readable": "2025-06-17 02:21:45.350",
      "normalized_name": "Disaster-Girl/Disaster-Girl",
      "meme_name": "Disaster-Girl",
      "post_id": 14,
      "english_label": "disgust",
      "response_time_ms": 12606
    },
    {
      "image_path": "Thats-a-paddlin/Thats-a-paddlin_8.png",
      "label": "憤怒",
      "response_time": "00:00:04.800",
      "timestamp_unix": 1750126910,
      "timestamp_unix_ms": 1750126910213,
      "timestamp_readable": "2025-06-17 02:21:50.213",
      "normalized_name": "Thats-a-paddlin/Thats-a-paddlin",
      "meme_name": "Thats-a-paddlin",
      "post_id": 8,
      "english_label": "anger",
      "response_time_ms": 4800
    },
    {
      "image_path": "Obi-Wan-Kenobi/Obi-Wan-Kenobi_32.png",
      "label": "其他",
      "response_time": "00:00:03.602",
      "timestamp_unix": 1750126913,
      "timestamp_unix_ms": 1750126913944,
      "timestamp_readable": "2025-06-17 02:21:53.944",
      "normalized_name": "Obi-Wan-Kenobi/Obi-Wan-Kenobi",
      "meme_name": "Obi-Wan-Kenobi",
      "post_id": 32,
      "english_label": "others",
      "response_time_ms": 3602
    },
    {
      "image_path": "I-am-once-again-asking/I-am-once-again-asking_28.png",
      "label": "厭惡",
      "response_time": "00:00:04.400",
      "timestamp_unix": 1750126918,
      "timestamp_unix_ms": 1750126918489,
      "timestamp_readable": "2025-06-17 02:21:58.489",
      "normalized_name": "I-am-once-again-asking/I-am-once-again-asking",
      "meme_name": "I-am-once-again-asking",
      "post_id": 28,
      "english_label": "disgust",
      "response_time_ms": 4400
    },
    {
      "image_path": "Ill-Have-You-Know-Spongebob/Ill-Have-You-Know-Spongebob_50.png",
      "label": "其他",
      "response_time": "00:00:04.102",
      "timestamp_unix": 1750126922,
      "timestamp_unix_ms": 1750126922720,
      "timestamp_readable": "2025-06-17 02:22:02.720",
      "normalized_name": "Ill-Have-You-Know-Spongebob/Ill-Have-You-Know-Spongebob",
      "meme_name": "Ill-Have-You-Know-Spongebob",
      "post_id": 50,
      "english_label": "others",
      "response_time_ms": 4102
    },
    {
      "image_path": "Kevin-Hart/Kevin-Hart_5.png",
      "label": "其他",
      "response_time": "00:00:04.101",
      "timestamp_unix": 1750126926,
      "timestamp_unix_ms": 1750126926917,
      "timestamp_readable": "2025-06-17 02:22:06.917",
      "normalized_name": "Kevin-Hart/Kevin-Hart",
      "meme_name": "Kevin-Hart",
      "post_id": 5,
      "english_label": "others",
      "response_time_ms": 4101
    },
    {
      "image_path": "Chill-guy/Chill-guy_19.png",
      "label": "輕蔑",
      "response_time": "00:00:04.601",
      "timestamp_unix": 1750126931,
      "timestamp_unix_ms": 1750126931595,
      "timestamp_readable": "2025-06-17 02:22:11.595",
      "normalized_name": "Chill-guy/Chill-guy",
      "meme_name": "Chill-guy",
      "post_id": 19,
      "english_label": "contempt",
      "response_time_ms": 4601
    },
    {
      "image_path": "Mocking-Spongebob/Mocking-Spongebob_20.png",
      "label": "輕蔑",
      "response_time": "00:00:05.105",
      "timestamp_unix": 1750126936,
      "timestamp_unix_ms": 1750126936792,
      "timestamp_readable": "2025-06-17 02:22:16.792",
      "normalized_name": "Mocking-Spongebob/Mocking-Spongebob",
      "meme_name": "Mocking-Spongebob",
      "post_id": 20,
      "english_label": "contempt",
      "response_time_ms": 5105
    },
    {
      "image_path": "Spongebob-Yelling/Spongebob-Yelling_49.png",
      "label": "憤怒",
      "response_time": "00:00:40.402",
      "timestamp_unix": 1750126977,
      "timestamp_unix_ms": 1750126977308,
      "timestamp_readable": "2025-06-17 02:22:57.308",
      "normalized_name": "Spongebob-Yelling/Spongebob-Yelling",
      "meme_name": "Spongebob-Yelling",
      "post_id": 49,
      "english_label": "anger",
      "response_time_ms": 40402
    },
    {
      "image_path": "Surprised-Pikachu/Surprised-Pikachu_15.png",
      "label": "其他",
      "response_time": "00:00:02.604",
      "timestamp_unix": 1750126980,
      "timestamp_unix_ms": 1750126980006,
      "timestamp_readable": "2025-06-17 02:23:00.006",
      "normalized_name": "Surprised-Pikachu/Surprised-Pikachu",
      "meme_name": "Surprised-Pikachu",
      "post_id": 15,
      "english_label": "others",
      "response_time_ms": 2604
    },
    {
      "image_path": "Confused-Gandalf/Confused-Gandalf_38.png",
      "label": "其他",
      "response_time": "00:00:03.003",
      "timestamp_unix": 1750126983,
      "timestamp_unix_ms": 1750126983137,
      "timestamp_readable": "2025-06-17 02:23:03.137",
      "normalized_name": "Confused-Gandalf/Confused-Gandalf",
      "meme_name": "Confused-Gandalf",
      "post_id": 38,
      "english_label": "others",
      "response_time_ms": 3003
    },
    {
      "image_path": "Futurama-Fry/Futurama-Fry_12.png",
      "label": "輕蔑",
      "response_time": "00:00:05.402",
      "timestamp_unix": 1750126988,
      "timestamp_unix_ms": 1750126988649,
      "timestamp_readable": "2025-06-17 02:23:08.649",
      "normalized_name": "Futurama-Fry/Futurama-Fry",
      "meme_name": "Futurama-Fry",
      "post_id": 12,
      "english_label": "contempt",
      "response_time_ms": 5402
    },
    {
      "image_path": "Afraid-To-Ask-Andy/Afraid-To-Ask-Andy_25.png",
      "label": "其他",
      "response_time": "00:00:02.702",
      "timestamp_unix": 1750126991,
      "timestamp_unix_ms": 1750126991413,
      "timestamp_readable": "2025-06-17 02:23:11.413",
      "normalized_name": "Afraid-To-Ask-Andy/Afraid-To-Ask-Andy",
      "meme_name": "Afraid-To-Ask-Andy",
      "post_id": 25,
      "english_label": "others",
      "response_time_ms": 2702
    },
    {
      "image_path": "Moe-throws-Barney/Moe-throws-Barney_6.png",
      "label": "輕蔑",
      "response_time": "00:00:04.802",
      "timestamp_unix": 1750126996,
      "timestamp_unix_ms": 1750126996293,
      "timestamp_readable": "2025-06-17 02:23:16.293",
      "normalized_name": "Moe-throws-Barney/Moe-throws-Barney",
      "meme_name": "Moe-throws-Barney",
      "post_id": 6,
      "english_label": "contempt",
      "response_time_ms": 4802
    },
    {
      "image_path": "Picard-Wtf/Picard-Wtf_3.png",
      "label": "其他",
      "response_time": "00:00:02.403",
      "timestamp_unix": 1750126998,
      "timestamp_unix_ms": 1750126998773,
      "timestamp_readable": "2025-06-17 02:23:18.773",
      "normalized_name": "Picard-Wtf/Picard-Wtf",
      "meme_name": "Picard-Wtf",
      "post_id": 3,
      "english_label": "others",
      "response_time_ms": 2403
    },
    {
      "image_path": "DJ-Pauly-D/DJ-Pauly-D_36.png",
      "label": "其他",
      "response_time": "00:00:04.301",
      "timestamp_unix": 1750127003,
      "timestamp_unix_ms": 1750127003171,
      "timestamp_readable": "2025-06-17 02:23:23.171",
      "normalized_name": "DJ-Pauly-D/DJ-Pauly-D",
      "meme_name": "DJ-Pauly-D",
      "post_id": 36,
      "english_label": "others",
      "response_time_ms": 4301
    },
    {
      "image_path": "Im-The-Captain-Now/Im-The-Captain-Now_21.png",
      "label": "憤怒",
      "response_time": "00:00:06.401",
      "timestamp_unix": 1750127009,
      "timestamp_unix_ms": 1750127009736,
      "timestamp_readable": "2025-06-17 02:23:29.736",
      "normalized_name": "Im-The-Captain-Now/Im-The-Captain-Now",
      "meme_name": "Im-The-Captain-Now",
      "post_id": 21,
      "english_label": "anger",
      "response_time_ms": 6401
    },
    {
      "image_path": "Smudge-the-cat/Smudge-the-cat_18.png",
      "label": "其他",
      "response_time": "00:00:04.714",
      "timestamp_unix": 1750127014,
      "timestamp_unix_ms": 1750127014511,
      "timestamp_readable": "2025-06-17 02:23:34.511",
      "normalized_name": "Smudge-the-cat/Smudge-the-cat",
      "meme_name": "Smudge-the-cat",
      "post_id": 18,
      "english_label": "others",
      "response_time_ms": 4714
    },
    {
      "image_path": "Arthur-Fist/Arthur-Fist_2.png",
      "label": "憤怒",
      "response_time": "00:00:04.701",
      "timestamp_unix": 1750127019,
      "timestamp_unix_ms": 1750127019291,
      "timestamp_readable": "2025-06-17 02:23:39.291",
      "normalized_name": "Arthur-Fist/Arthur-Fist",
      "meme_name": "Arthur-Fist",
      "post_id": 2,
      "english_label": "anger",
      "response_time_ms": 4701
    },
    {
      "image_path": "Dave-chappelle/Dave-chappelle_1.png",
      "label": "其他",
      "response_time": "00:00:05.502",
      "timestamp_unix": 1750127024,
      "timestamp_unix_ms": 1750127024936,
      "timestamp_readable": "2025-06-17 02:23:44.936",
      "normalized_name": "Dave-chappelle/Dave-chappelle",
      "meme_name": "Dave-chappelle",
      "post_id": 1,
      "english_label": "others",
      "response_time_ms": 5502
    },
    {
      "image_path": "Math-ladyConfused-lady/Math-ladyConfused-lady_34.png",
      "label": "其他",
      "response_time": "00:00:04.301",
      "timestamp_unix": 1750127029,
      "timestamp_unix_ms": 1750127029300,
      "timestamp_readable": "2025-06-17 02:23:49.300",
      "normalized_name": "Math-ladyConfused-lady/Math-ladyConfused-lady",
      "meme_name": "Math-ladyConfused-lady",
      "post_id": 34,
      "english_label": "others",
      "response_time_ms": 4301
    },
    {
      "image_path": "Laughing-wolf/Laughing-wolf_40.png",
      "label": "其他",
      "response_time": "00:00:05.601",
      "timestamp_unix": 1750127034,
      "timestamp_unix_ms": 1750127034978,
      "timestamp_readable": "2025-06-17 02:23:54.978",
      "normalized_name": "Laughing-wolf/Laughing-wolf",
      "meme_name": "Laughing-wolf",
      "post_id": 40,
      "english_label": "others",
      "response_time_ms": 5601
    },
    {
      "image_path": "Black-guy-hiding-behind-tree/Black-guy-hiding-behind-tree_7.png",
      "label": "其他",
      "response_time": "00:00:06.900",
      "timestamp_unix": 1750127042,
      "timestamp_unix_ms": 1750127042006,
      "timestamp_readable": "2025-06-17 02:24:02.006",
      "normalized_name": "Black-guy-hiding-behind-tree/Black-guy-hiding-behind-tree",
      "meme_name": "Black-guy-hiding-behind-tree",
      "post_id": 7,
      "english_label": "others",
      "response_time_ms": 6900
    },
    {
      "image_path": "Dinkleberg/Dinkleberg_16.png",
      "label": "其他",
      "response_time": "00:00:05.700",
      "timestamp_unix": 1750127047,
      "timestamp_unix_ms": 1750127047801,
      "timestamp_readable": "2025-06-17 02:24:07.801",
      "normalized_name": "Dinkleberg/Dinkleberg",
      "meme_name": "Dinkleberg",
      "post_id": 16,
      "english_label": "others",
      "response_time_ms": 5700
    },
    {
      "image_path": "Table-Flip-Guy/Table-Flip-Guy_48.png",
      "label": "憤怒",
      "response_time": "00:00:03.402",
      "timestamp_unix": 1750127051,
      "timestamp_unix_ms": 1750127051298,
      "timestamp_readable": "2025-06-17 02:24:11.298",
      "normalized_name": "Table-Flip-Guy/Table-Flip-Guy",
      "meme_name": "Table-Flip-Guy",
      "post_id": 48,
      "english_label": "anger",
      "response_time_ms": 3402
    },
    {
      "image_path": "Charlie-Day/Charlie-Day_17.png",
      "label": "其他",
      "response_time": "00:00:04.411",
      "timestamp_unix": 1750127056,
      "timestamp_unix_ms": 1750127056078,
      "timestamp_readable": "2025-06-17 02:24:16.078",
      "normalized_name": "Charlie-Day/Charlie-Day",
      "meme_name": "Charlie-Day",
      "post_id": 17,
      "english_label": "others",
      "response_time_ms": 4411
    },
    {
      "image_path": "attention_check/attention_check_Anger.png",
      "label": "憤怒",
      "response_time": "00:00:01.809",
      "timestamp_unix": 1750127057,
      "timestamp_unix_ms": 1750127057976,
      "timestamp_readable": "2025-06-17 02:24:17.976",
      "normalized_name": "attention_check/attention_check_Anger.png",
      "meme_name": "attention_check",
      "post_id": null,
      "english_label": "anger",
      "response_time_ms": 1809
    },
    {
      "image_path": "Well-Yes-But-Actually-No/Well-Yes-But-Actually-No_44.png",
      "label": "輕蔑",
      "response_time": "00:00:06.500",
      "timestamp_unix": 1750127064,
      "timestamp_unix_ms": 1750127064637,
      "timestamp_readable": "2025-06-17 02:24:24.637",
      "normalized_name": "Well-Yes-But-Actually-No/Well-Yes-But-Actually-No",
      "meme_name": "Well-Yes-But-Actually-No",
      "post_id": 44,
      "english_label": "contempt",
      "response_time_ms": 6500
    },
    {
      "image_path": "Happy--Shock/Happy--Shock_9.png",
      "label": "輕蔑",
      "response_time": "00:00:04.909",
      "timestamp_unix": 1750127069,
      "timestamp_unix_ms": 1750127069721,
      "timestamp_readable": "2025-06-17 02:24:29.721",
      "normalized_name": "Happy--Shock/Happy--Shock",
      "meme_name": "Happy--Shock",
      "post_id": 9,
      "english_label": "contempt",
      "response_time_ms": 4909
    },
    {
      "image_path": "Drake-NoYes/Drake-NoYes_45.png",
      "label": "其他",
      "response_time": "00:00:06.909",
      "timestamp_unix": 1750127076,
      "timestamp_unix_ms": 1750127076711,
      "timestamp_readable": "2025-06-17 02:24:36.711",
      "normalized_name": "Drake-NoYes/Drake-NoYes",
      "meme_name": "Drake-NoYes",
      "post_id": 45,
      "english_label": "others",
      "response_time_ms": 6909
    },
    {
      "image_path": "You-The-Real-MVP/You-The-Real-MVP_13.png",
      "label": "其他",
      "response_time": "00:00:06.301",
      "timestamp_unix": 1750127083,
      "timestamp_unix_ms": 1750127083105,
      "timestamp_readable": "2025-06-17 02:24:43.105",
      "normalized_name": "You-The-Real-MVP/You-The-Real-MVP",
      "meme_name": "You-The-Real-MVP",
      "post_id": 13,
      "english_label": "others",
      "response_time_ms": 6301
    }
  ],
  "session_start_unix": 1750126662,
  "session_status": "completed",
  "last_updated_unix": 1750127118,
  "image_order": [
    "Spiderman-Hospital/Spiderman-Hospital_4.png",
    "Happy--Shock/Happy--Shock_9.png",
    "Chill-guy/Chill-guy_19.png",
    "I-am-once-again-asking/I-am-once-again-asking_28.png",
    "Math-ladyConfused-lady/Math-ladyConfused-lady_34.png",
    "Archer/Archer_24.png",
    "Leonardo-Dicaprio-Wolf-Of-Wall-Street/Leonardo-Dicaprio-Wolf-Of-Wall-Street_27.png",
    "Mocking-Spongebob/Mocking-Spongebob_20.png",
    "Afraid-To-Ask-Andy/Afraid-To-Ask-Andy_25.png",
    "Charlie-Day/Charlie-Day_17.png",
    "Always-Has-Been/Always-Has-Been_37.png",
    "Picard-Wtf/Picard-Wtf_3.png",
    "Batman-Slapping-Robin/Batman-Slapping-Robin_11.png",
    "For-the-better-right-blank/For-the-better-right-blank_22.png",
    "Drake-NoYes/Drake-NoYes_45.png",
    "Laughing-wolf/Laughing-wolf_40.png",
    "DJ-Pauly-D/DJ-Pauly-D_36.png",
    "Always-you-three/Always-you-three_42.png",
    "Disappointed-Man/Disappointed-Man_41.png",
    "Smudge-the-cat/Smudge-the-cat_18.png",
    "attention_check/attention_check_Contempt.png",
    "Thats-a-paddlin/Thats-a-paddlin_8.png",
    "Hide-the-Pain-Harold/Hide-the-Pain-Harold_33.png",
    "Hold-fart/Hold-fart_35.png",
    "Im-The-Captain-Now/Im-The-Captain-Now_21.png",
    "Obi-Wan-Kenobi/Obi-Wan-Kenobi_32.png",
    "Spongebob-Yelling/Spongebob-Yelling_49.png",
    "Nuclear-Explosion/Nuclear-Explosion_30.png",
    "Dinkleberg/Dinkleberg_16.png",
    "Scooby-doo-mask-reveal/Scooby-doo-mask-reveal_31.png",
    "Disaster-Girl/Disaster-Girl_14.png",
    "Black-guy-hiding-behind-tree/Black-guy-hiding-behind-tree_7.png",
    "You-The-Real-MVP/You-The-Real-MVP_13.png",
    "Moe-throws-Barney/Moe-throws-Barney_6.png",
    "Ill-Have-You-Know-Spongebob/Ill-Have-You-Know-Spongebob_50.png",
    "Futurama-Fry/Futurama-Fry_12.png",
    "Monkey-Puppet/Monkey-Puppet_39.png",
    "Confused-Gandalf/Confused-Gandalf_38.png",
    "Mr-incredible-mad/Mr-incredible-mad_26.png",
    "Dave-chappelle/Dave-chappelle_1.png",
    "Surprised-Pikachu/Surprised-Pikachu_15.png",
    "Table-Flip-Guy/Table-Flip-Guy_48.png",
    "Kevin-Hart/Kevin-Hart_5.png",
    "Well-Yes-But-Actually-No/Well-Yes-But-Actually-No_44.png",
    "Mr-McMahon-reaction/Mr-McMahon-reaction_10.png",
    "Gru-Gun/Gru-Gun_43.png",
    "Persian-Cat-Room-Guardian/Persian-Cat-Room-Guardian_47.png",
    "attention_check/attention_check_Anger.png",
    "Put-It-Somewhere-Else-Patrick/Put-It-Somewhere-Else-Patrick_46.png",
    "Angry-Baby/Angry-Baby_29.png",
    "Arthur-Fist/Arthur-Fist_2.png",
    "Khan/Khan_23.png"
  ],
  "completion_status": {
    "practice_completed": true,
    "game_started": true,
    "game_completed": true,
    "summary_viewed": true,
    "email_submitted": true
  },
  "timestamps_unix": {
    "registration_completed": 1750126662,
    "practice_started": 1750126662,
    "practice_completed": 1750126722,
    "game_started": 1750126722,
    "first_label": 1750126730,
    "last_label": 1750127083,
    "game_completed": 1750127086,
    "summary_viewed": 1750127086,
    "email_submitted": 1750127118,
    "session_end": 1750127118,
    "last_updated": 1750127118
  },
  "timestamps_unix_ms": {
    "registration_completed_ms": 1750126662345,
    "practice_started_ms": 1750126662392,
    "practice_completed_ms": 1750126722656,
    "game_started_ms": 1750126722684,
    "first_label_ms": 1750126730311,
    "last_label_ms": 1750127083105,
    "game_completed_ms": 1750127086068,
    "summary_viewed_ms": 1750127086095,
    "email_submitted_ms": 1750127118294,
    "session_end_ms": 1750127118294,
    "last_updated_ms": 1750127118294
  },
  "duration_stats_ms": {
    "total_session_duration_ms": 455949,
    "practice_duration_ms": 60264,
    "game_duration_ms": 363384,
    "labeling_duration_ms": 352794,
    "email_submission_duration_ms": 32199
  },
  "filename_updated_unix": 1750127086,
  "original_filename": "user_67d393",
  "completion_status_in_filename": "email_submitted"
}