{
  "user_id": "user_862b97",
  "file_name": "user_862b97_1749709653_1749710154_fullycomplete",
  "unix_start_time": 1749709653,
  "unix_start_time_ms": 1749709653049,
  "unix_end_time": 1749710154,
  "unix_end_time_ms": 1749710154147,
  "age": "18-24",
  "gender": "female",
  "user_agent": "Mozilla/5.0 (Windows NT 10.0; Win64; x64) AppleWebKit/537.36 (KHTML, like Gecko) Chrome/137.0.0.0 Safari/537.36 Edg/137.0.0.0",
  "user_ip": "114.45.209.152",
  "status": "complete",
  "email_provided": "complete",
  "attention_passed": true,
  "start_time_readable": "2025-06-12 06:27:33.049",
  "end_time_readable": "2025-06-12 06:35:54.147",
  "total_labels": 52,
  "emotion_summary": {
    "anger": 12,
    "contempt": 21,
    "disgust": 12,
    "others": 7
  },
  "email": "61255010o@gapps.ntnu.edu.tw",
  "participation": "no",
  "total_responses": 52,
  "responses": [
    {
      "image_path": "Hide-the-Pain-Harold/Hide-the-Pain-Harold_45.png",
      "label": "輕蔑",
      "response_time": "00:00:04.710",
      "timestamp_unix": 1749709728,
      "timestamp_unix_ms": 1749709728598,
      "timestamp_readable": "2025-06-12 06:28:48.598",
      "normalized_name": "Hide-the-Pain-Harold/Hide-the-Pain-Harold",
      "meme_name": "Hide-the-Pain-Harold",
      "post_id": 45,
      "english_label": "contempt",
      "response_time_ms": 4710
    },
    {
      "image_path": "Gru-Gun/Gru-Gun_1.png",
      "label": "輕蔑",
      "response_time": "00:00:05.303",
      "timestamp_unix": 1749709733,
      "timestamp_unix_ms": 1749709733959,
      "timestamp_readable": "2025-06-12 06:28:53.959",
      "normalized_name": "Gru-Gun/Gru-Gun",
      "meme_name": "Gru-Gun",
      "post_id": 1,
      "english_label": "contempt",
      "response_time_ms": 5303
    },
    {
      "image_path": "Spongebob-Yelling/Spongebob-Yelling_6.png",
      "label": "憤怒",
      "response_time": "00:00:06.304",
      "timestamp_unix": 1749709740,
      "timestamp_unix_ms": 1749709740356,
      "timestamp_readable": "2025-06-12 06:29:00.356",
      "normalized_name": "Spongebob-Yelling/Spongebob-Yelling",
      "meme_name": "Spongebob-Yelling",
      "post_id": 6,
      "english_label": "anger",
      "response_time_ms": 6304
    },
    {
      "image_path": "Well-Yes-But-Actually-No/Well-Yes-But-Actually-No_50.png",
      "label": "輕蔑",
      "response_time": "00:00:10.901",
      "timestamp_unix": 1749709751,
      "timestamp_unix_ms": 1749709751381,
      "timestamp_readable": "2025-06-12 06:29:11.381",
      "normalized_name": "Well-Yes-But-Actually-No/Well-Yes-But-Actually-No",
      "meme_name": "Well-Yes-But-Actually-No",
      "post_id": 50,
      "english_label": "contempt",
      "response_time_ms": 10901
    },
    {
      "image_path": "Chill-guy/Chill-guy_17.png",
      "label": "其他",
      "response_time": "00:00:07.704",
      "timestamp_unix": 1749709759,
      "timestamp_unix_ms": 1749709759191,
      "timestamp_readable": "2025-06-12 06:29:19.191",
      "normalized_name": "Chill-guy/Chill-guy",
      "meme_name": "Chill-guy",
      "post_id": 17,
      "english_label": "others",
      "response_time_ms": 7704
    },
    {
      "image_path": "Archer/Archer_15.png",
      "label": "其他",
      "response_time": "00:00:07.108",
      "timestamp_unix": 1749709766,
      "timestamp_unix_ms": 1749709766376,
      "timestamp_readable": "2025-06-12 06:29:26.376",
      "normalized_name": "Archer/Archer",
      "meme_name": "Archer",
      "post_id": 15,
      "english_label": "others",
      "response_time_ms": 7108
    },
    {
      "image_path": "Monkey-Puppet/Monkey-Puppet_18.png",
      "label": "輕蔑",
      "response_time": "00:00:05.103",
      "timestamp_unix": 1749709771,
      "timestamp_unix_ms": 1749709771574,
      "timestamp_readable": "2025-06-12 06:29:31.574",
      "normalized_name": "Monkey-Puppet/Monkey-Puppet",
      "meme_name": "Monkey-Puppet",
      "post_id": 18,
      "english_label": "contempt",
      "response_time_ms": 5103
    },
    {
      "image_path": "Smudge-the-cat/Smudge-the-cat_40.png",
      "label": "輕蔑",
      "response_time": "00:00:05.715",
      "timestamp_unix": 1749709777,
      "timestamp_unix_ms": 1749709777349,
      "timestamp_readable": "2025-06-12 06:29:37.349",
      "normalized_name": "Smudge-the-cat/Smudge-the-cat",
      "meme_name": "Smudge-the-cat",
      "post_id": 40,
      "english_label": "contempt",
      "response_time_ms": 5715
    },
    {
      "image_path": "You-The-Real-MVP/You-The-Real-MVP_8.png",
      "label": "厭惡",
      "response_time": "00:00:07.804",
      "timestamp_unix": 1749709785,
      "timestamp_unix_ms": 1749709785247,
      "timestamp_readable": "2025-06-12 06:29:45.247",
      "normalized_name": "You-The-Real-MVP/You-The-Real-MVP",
      "meme_name": "You-The-Real-MVP",
      "post_id": 8,
      "english_label": "disgust",
      "response_time_ms": 7804
    },
    {
      "image_path": "I-am-once-again-asking/I-am-once-again-asking_34.png",
      "label": "厭惡",
      "response_time": "00:00:09.401",
      "timestamp_unix": 1749709794,
      "timestamp_unix_ms": 1749709794723,
      "timestamp_readable": "2025-06-12 06:29:54.723",
      "normalized_name": "I-am-once-again-asking/I-am-once-again-asking",
      "meme_name": "I-am-once-again-asking",
      "post_id": 34,
      "english_label": "disgust",
      "response_time_ms": 9401
    },
    {
      "image_path": "Surprised-Pikachu/Surprised-Pikachu_5.png",
      "label": "輕蔑",
      "response_time": "00:00:04.804",
      "timestamp_unix": 1749709799,
      "timestamp_unix_ms": 1749709799636,
      "timestamp_readable": "2025-06-12 06:29:59.636",
      "normalized_name": "Surprised-Pikachu/Surprised-Pikachu",
      "meme_name": "Surprised-Pikachu",
      "post_id": 5,
      "english_label": "contempt",
      "response_time_ms": 4804
    },
    {
      "image_path": "Futurama-Fry/Futurama-Fry_31.png",
      "label": "輕蔑",
      "response_time": "00:00:05.011",
      "timestamp_unix": 1749709804,
      "timestamp_unix_ms": 1749709804729,
      "timestamp_readable": "2025-06-12 06:30:04.729",
      "normalized_name": "Futurama-Fry/Futurama-Fry",
      "meme_name": "Futurama-Fry",
      "post_id": 31,
      "english_label": "contempt",
      "response_time_ms": 5011
    },
    {
      "image_path": "Obi-Wan-Kenobi/Obi-Wan-Kenobi_39.png",
      "label": "厭惡",
      "response_time": "00:00:08.806",
      "timestamp_unix": 1749709813,
      "timestamp_unix_ms": 1749709813654,
      "timestamp_readable": "2025-06-12 06:30:13.654",
      "normalized_name": "Obi-Wan-Kenobi/Obi-Wan-Kenobi",
      "meme_name": "Obi-Wan-Kenobi",
      "post_id": 39,
      "english_label": "disgust",
      "response_time_ms": 8806
    },
    {
      "image_path": "Ill-Have-You-Know-Spongebob/Ill-Have-You-Know-Spongebob_23.png",
      "label": "厭惡",
      "response_time": "00:00:08.508",
      "timestamp_unix": 1749709822,
      "timestamp_unix_ms": 1749709822255,
      "timestamp_readable": "2025-06-12 06:30:22.255",
      "normalized_name": "Ill-Have-You-Know-Spongebob/Ill-Have-You-Know-Spongebob",
      "meme_name": "Ill-Have-You-Know-Spongebob",
      "post_id": 23,
      "english_label": "disgust",
      "response_time_ms": 8508
    },
    {
      "image_path": "Mr-incredible-mad/Mr-incredible-mad_21.png",
      "label": "憤怒",
      "response_time": "00:00:04.101",
      "timestamp_unix": 1749709826,
      "timestamp_unix_ms": 1749709826421,
      "timestamp_readable": "2025-06-12 06:30:26.421",
      "normalized_name": "Mr-incredible-mad/Mr-incredible-mad",
      "meme_name": "Mr-incredible-mad",
      "post_id": 21,
      "english_label": "anger",
      "response_time_ms": 4101
    },
    {
      "image_path": "DJ-Pauly-D/DJ-Pauly-D_13.png",
      "label": "憤怒",
      "response_time": "00:00:06.111",
      "timestamp_unix": 1749709832,
      "timestamp_unix_ms": 1749709832633,
      "timestamp_readable": "2025-06-12 06:30:32.633",
      "normalized_name": "DJ-Pauly-D/DJ-Pauly-D",
      "meme_name": "DJ-Pauly-D",
      "post_id": 13,
      "english_label": "anger",
      "response_time_ms": 6111
    },
    {
      "image_path": "Always-Has-Been/Always-Has-Been_41.png",
      "label": "輕蔑",
      "response_time": "00:00:06.001",
      "timestamp_unix": 1749709838,
      "timestamp_unix_ms": 1749709838733,
      "timestamp_readable": "2025-06-12 06:30:38.733",
      "normalized_name": "Always-Has-Been/Always-Has-Been",
      "meme_name": "Always-Has-Been",
      "post_id": 41,
      "english_label": "contempt",
      "response_time_ms": 6001
    },
    {
      "image_path": "Khan/Khan_16.png",
      "label": "厭惡",
      "response_time": "00:00:08.112",
      "timestamp_unix": 1749709846,
      "timestamp_unix_ms": 1749709846938,
      "timestamp_readable": "2025-06-12 06:30:46.938",
      "normalized_name": "Khan/Khan",
      "meme_name": "Khan",
      "post_id": 16,
      "english_label": "disgust",
      "response_time_ms": 8112
    },
    {
      "image_path": "Disaster-Girl/Disaster-Girl_20.png",
      "label": "輕蔑",
      "response_time": "00:00:04.906",
      "timestamp_unix": 1749709851,
      "timestamp_unix_ms": 1749709851903,
      "timestamp_readable": "2025-06-12 06:30:51.903",
      "normalized_name": "Disaster-Girl/Disaster-Girl",
      "meme_name": "Disaster-Girl",
      "post_id": 20,
      "english_label": "contempt",
      "response_time_ms": 4906
    },
    {
      "image_path": "Happy--Shock/Happy--Shock_3.png",
      "label": "其他",
      "response_time": "00:00:11.600",
      "timestamp_unix": 1749709863,
      "timestamp_unix_ms": 1749709863563,
      "timestamp_readable": "2025-06-12 06:31:03.563",
      "normalized_name": "Happy--Shock/Happy--Shock",
      "meme_name": "Happy--Shock",
      "post_id": 3,
      "english_label": "others",
      "response_time_ms": 11600
    },
    {
      "image_path": "attention_check/attention_check_Contempt.png",
      "label": "輕蔑",
      "response_time": "00:00:03.703",
      "timestamp_unix": 1749709867,
      "timestamp_unix_ms": 1749709867359,
      "timestamp_readable": "2025-06-12 06:31:07.359",
      "normalized_name": "attention_check/attention_check_Contempt.png",
      "meme_name": "attention_check",
      "post_id": null,
      "english_label": "contempt",
      "response_time_ms": 3703
    },
    {
      "image_path": "Confused-Gandalf/Confused-Gandalf_27.png",
      "label": "輕蔑",
      "response_time": "00:00:07.005",
      "timestamp_unix": 1749709874,
      "timestamp_unix_ms": 1749709874490,
      "timestamp_readable": "2025-06-12 06:31:14.490",
      "normalized_name": "Confused-Gandalf/Confused-Gandalf",
      "meme_name": "Confused-Gandalf",
      "post_id": 27,
      "english_label": "contempt",
      "response_time_ms": 7005
    },
    {
      "image_path": "Mocking-Spongebob/Mocking-Spongebob_32.png",
      "label": "輕蔑",
      "response_time": "00:00:16.712",
      "timestamp_unix": 1749709891,
      "timestamp_unix_ms": 1749709891284,
      "timestamp_readable": "2025-06-12 06:31:31.284",
      "normalized_name": "Mocking-Spongebob/Mocking-Spongebob",
      "meme_name": "Mocking-Spongebob",
      "post_id": 32,
      "english_label": "contempt",
      "response_time_ms": 16712
    },
    {
      "image_path": "Im-The-Captain-Now/Im-The-Captain-Now_12.png",
      "label": "憤怒",
      "response_time": "00:00:04.215",
      "timestamp_unix": 1749709895,
      "timestamp_unix_ms": 1749709895558,
      "timestamp_readable": "2025-06-12 06:31:35.558",
      "normalized_name": "Im-The-Captain-Now/Im-The-Captain-Now",
      "meme_name": "Im-The-Captain-Now",
      "post_id": 12,
      "english_label": "anger",
      "response_time_ms": 4215
    },
    {
      "image_path": "For-the-better-right-blank/For-the-better-right-blank_26.png",
      "label": "厭惡",
      "response_time": "00:00:08.302",
      "timestamp_unix": 1749709903,
      "timestamp_unix_ms": 1749709903992,
      "timestamp_readable": "2025-06-12 06:31:43.992",
      "normalized_name": "For-the-better-right-blank/For-the-better-right-blank",
      "meme_name": "For-the-better-right-blank",
      "post_id": 26,
      "english_label": "disgust",
      "response_time_ms": 8302
    },
    {
      "image_path": "Picard-Wtf/Picard-Wtf_22.png",
      "label": "憤怒",
      "response_time": "00:00:05.913",
      "timestamp_unix": 1749709909,
      "timestamp_unix_ms": 1749709909983,
      "timestamp_readable": "2025-06-12 06:31:49.983",
      "normalized_name": "Picard-Wtf/Picard-Wtf",
      "meme_name": "Picard-Wtf",
      "post_id": 22,
      "english_label": "anger",
      "response_time_ms": 5913
    },
    {
      "image_path": "Spiderman-Hospital/Spiderman-Hospital_37.png",
      "label": "輕蔑",
      "response_time": "00:00:18.111",
      "timestamp_unix": 1749709928,
      "timestamp_unix_ms": 1749709928221,
      "timestamp_readable": "2025-06-12 06:32:08.221",
      "normalized_name": "Spiderman-Hospital/Spiderman-Hospital",
      "meme_name": "Spiderman-Hospital",
      "post_id": 37,
      "english_label": "contempt",
      "response_time_ms": 18111
    },
    {
      "image_path": "Dave-chappelle/Dave-chappelle_11.png",
      "label": "輕蔑",
      "response_time": "00:00:05.502",
      "timestamp_unix": 1749709933,
      "timestamp_unix_ms": 1749709933784,
      "timestamp_readable": "2025-06-12 06:32:13.784",
      "normalized_name": "Dave-chappelle/Dave-chappelle",
      "meme_name": "Dave-chappelle",
      "post_id": 11,
      "english_label": "contempt",
      "response_time_ms": 5502
    },
    {
      "image_path": "Laughing-wolf/Laughing-wolf_28.png",
      "label": "輕蔑",
      "response_time": "00:00:09.503",
      "timestamp_unix": 1749709943,
      "timestamp_unix_ms": 1749709943378,
      "timestamp_readable": "2025-06-12 06:32:23.378",
      "normalized_name": "Laughing-wolf/Laughing-wolf",
      "meme_name": "Laughing-wolf",
      "post_id": 28,
      "english_label": "contempt",
      "response_time_ms": 9503
    },
    {
      "image_path": "Drake-NoYes/Drake-NoYes_49.png",
      "label": "厭惡",
      "response_time": "00:00:06.002",
      "timestamp_unix": 1749709949,
      "timestamp_unix_ms": 1749709949507,
      "timestamp_readable": "2025-06-12 06:32:29.507",
      "normalized_name": "Drake-NoYes/Drake-NoYes",
      "meme_name": "Drake-NoYes",
      "post_id": 49,
      "english_label": "disgust",
      "response_time_ms": 6002
    },
    {
      "image_path": "Thats-a-paddlin/Thats-a-paddlin_44.png",
      "label": "憤怒",
      "response_time": "00:00:03.605",
      "timestamp_unix": 1749709953,
      "timestamp_unix_ms": 1749709953210,
      "timestamp_readable": "2025-06-12 06:32:33.210",
      "normalized_name": "Thats-a-paddlin/Thats-a-paddlin",
      "meme_name": "Thats-a-paddlin",
      "post_id": 44,
      "english_label": "anger",
      "response_time_ms": 3605
    },
    {
      "image_path": "Disappointed-Man/Disappointed-Man_25.png",
      "label": "憤怒",
      "response_time": "00:00:06.815",
      "timestamp_unix": 1749709960,
      "timestamp_unix_ms": 1749709960138,
      "timestamp_readable": "2025-06-12 06:32:40.138",
      "normalized_name": "Disappointed-Man/Disappointed-Man",
      "meme_name": "Disappointed-Man",
      "post_id": 25,
      "english_label": "anger",
      "response_time_ms": 6815
    },
    {
      "image_path": "Scooby-doo-mask-reveal/Scooby-doo-mask-reveal_47.png",
      "label": "輕蔑",
      "response_time": "00:00:06.600",
      "timestamp_unix": 1749709966,
      "timestamp_unix_ms": 1749709966799,
      "timestamp_readable": "2025-06-12 06:32:46.799",
      "normalized_name": "Scooby-doo-mask-reveal/Scooby-doo-mask-reveal",
      "meme_name": "Scooby-doo-mask-reveal",
      "post_id": 47,
      "english_label": "contempt",
      "response_time_ms": 6600
    },
    {
      "image_path": "Math-ladyConfused-lady/Math-ladyConfused-lady_46.png",
      "label": "輕蔑",
      "response_time": "00:00:07.914",
      "timestamp_unix": 1749709974,
      "timestamp_unix_ms": 1749709974759,
      "timestamp_readable": "2025-06-12 06:32:54.759",
      "normalized_name": "Math-ladyConfused-lady/Math-ladyConfused-lady",
      "meme_name": "Math-ladyConfused-lady",
      "post_id": 46,
      "english_label": "contempt",
      "response_time_ms": 7914
    },
    {
      "image_path": "Angry-Baby/Angry-Baby_2.png",
      "label": "憤怒",
      "response_time": "00:00:28.703",
      "timestamp_unix": 1749710003,
      "timestamp_unix_ms": 1749710003510,
      "timestamp_readable": "2025-06-12 06:33:23.510",
      "normalized_name": "Angry-Baby/Angry-Baby",
      "meme_name": "Angry-Baby",
      "post_id": 2,
      "english_label": "anger",
      "response_time_ms": 28703
    },
    {
      "image_path": "Dinkleberg/Dinkleberg_33.png",
      "label": "輕蔑",
      "response_time": "00:00:04.801",
      "timestamp_unix": 1749710008,
      "timestamp_unix_ms": 1749710008374,
      "timestamp_readable": "2025-06-12 06:33:28.374",
      "normalized_name": "Dinkleberg/Dinkleberg",
      "meme_name": "Dinkleberg",
      "post_id": 33,
      "english_label": "contempt",
      "response_time_ms": 4801
    },
    {
      "image_path": "Batman-Slapping-Robin/Batman-Slapping-Robin_38.png",
      "label": "厭惡",
      "response_time": "00:00:06.001",
      "timestamp_unix": 1749710014,
      "timestamp_unix_ms": 1749710014453,
      "timestamp_readable": "2025-06-12 06:33:34.453",
      "normalized_name": "Batman-Slapping-Robin/Batman-Slapping-Robin",
      "meme_name": "Batman-Slapping-Robin",
      "post_id": 38,
      "english_label": "disgust",
      "response_time_ms": 6001
    },
    {
      "image_path": "Kevin-Hart/Kevin-Hart_24.png",
      "label": "其他",
      "response_time": "00:00:07.900",
      "timestamp_unix": 1749710022,
      "timestamp_unix_ms": 1749710022487,
      "timestamp_readable": "2025-06-12 06:33:42.487",
      "normalized_name": "Kevin-Hart/Kevin-Hart",
      "meme_name": "Kevin-Hart",
      "post_id": 24,
      "english_label": "others",
      "response_time_ms": 7900
    },
    {
      "image_path": "Put-It-Somewhere-Else-Patrick/Put-It-Somewhere-Else-Patrick_48.png",
      "label": "厭惡",
      "response_time": "00:00:06.608",
      "timestamp_unix": 1749710029,
      "timestamp_unix_ms": 1749710029165,
      "timestamp_readable": "2025-06-12 06:33:49.165",
      "normalized_name": "Put-It-Somewhere-Else-Patrick/Put-It-Somewhere-Else-Patrick",
      "meme_name": "Put-It-Somewhere-Else-Patrick",
      "post_id": 48,
      "english_label": "disgust",
      "response_time_ms": 6608
    },
    {
      "image_path": "Table-Flip-Guy/Table-Flip-Guy_29.png",
      "label": "輕蔑",
      "response_time": "00:00:06.705",
      "timestamp_unix": 1749710035,
      "timestamp_unix_ms": 1749710035995,
      "timestamp_readable": "2025-06-12 06:33:55.995",
      "normalized_name": "Table-Flip-Guy/Table-Flip-Guy",
      "meme_name": "Table-Flip-Guy",
      "post_id": 29,
      "english_label": "contempt",
      "response_time_ms": 6705
    },
    {
      "image_path": "Black-guy-hiding-behind-tree/Black-guy-hiding-behind-tree_10.png",
      "label": "輕蔑",
      "response_time": "00:00:05.312",
      "timestamp_unix": 1749710041,
      "timestamp_unix_ms": 1749710041341,
      "timestamp_readable": "2025-06-12 06:34:01.341",
      "normalized_name": "Black-guy-hiding-behind-tree/Black-guy-hiding-behind-tree",
      "meme_name": "Black-guy-hiding-behind-tree",
      "post_id": 10,
      "english_label": "contempt",
      "response_time_ms": 5312
    },
    {
      "image_path": "Moe-throws-Barney/Moe-throws-Barney_4.png",
      "label": "憤怒",
      "response_time": "00:00:04.608",
      "timestamp_unix": 1749710046,
      "timestamp_unix_ms": 1749710046071,
      "timestamp_readable": "2025-06-12 06:34:06.071",
      "normalized_name": "Moe-throws-Barney/Moe-throws-Barney",
      "meme_name": "Moe-throws-Barney",
      "post_id": 4,
      "english_label": "anger",
      "response_time_ms": 4608
    },
    {
      "image_path": "attention_check/attention_check_Anger.png",
      "label": "憤怒",
      "response_time": "00:00:01.811",
      "timestamp_unix": 1749710047,
      "timestamp_unix_ms": 1749710047952,
      "timestamp_readable": "2025-06-12 06:34:07.952",
      "normalized_name": "attention_check/attention_check_Anger.png",
      "meme_name": "attention_check",
      "post_id": null,
      "english_label": "anger",
      "response_time_ms": 1811
    },
    {
      "image_path": "Leonardo-Dicaprio-Wolf-Of-Wall-Street/Leonardo-Dicaprio-Wolf-Of-Wall-Street_35.png",
      "label": "輕蔑",
      "response_time": "00:00:06.008",
      "timestamp_unix": 1749710054,
      "timestamp_unix_ms": 1749710054068,
      "timestamp_readable": "2025-06-12 06:34:14.068",
      "normalized_name": "Leonardo-Dicaprio-Wolf-Of-Wall-Street/Leonardo-Dicaprio-Wolf-Of-Wall-Street",
      "meme_name": "Leonardo-Dicaprio-Wolf-Of-Wall-Street",
      "post_id": 35,
      "english_label": "contempt",
      "response_time_ms": 6008
    },
    {
      "image_path": "Nuclear-Explosion/Nuclear-Explosion_30.png",
      "label": "其他",
      "response_time": "00:00:06.605",
      "timestamp_unix": 1749710060,
      "timestamp_unix_ms": 1749710060810,
      "timestamp_readable": "2025-06-12 06:34:20.810",
      "normalized_name": "Nuclear-Explosion/Nuclear-Explosion",
      "meme_name": "Nuclear-Explosion",
      "post_id": 30,
      "english_label": "others",
      "response_time_ms": 6605
    },
    {
      "image_path": "Hold-fart/Hold-fart_7.png",
      "label": "厭惡",
      "response_time": "00:00:06.409",
      "timestamp_unix": 1749710067,
      "timestamp_unix_ms": 1749710067308,
      "timestamp_readable": "2025-06-12 06:34:27.308",
      "normalized_name": "Hold-fart/Hold-fart",
      "meme_name": "Hold-fart",
      "post_id": 7,
      "english_label": "disgust",
      "response_time_ms": 6409
    },
    {
      "image_path": "Persian-Cat-Room-Guardian/Persian-Cat-Room-Guardian_43.png",
      "label": "厭惡",
      "response_time": "00:00:08.006",
      "timestamp_unix": 1749710075,
      "timestamp_unix_ms": 1749710075453,
      "timestamp_readable": "2025-06-12 06:34:35.453",
      "normalized_name": "Persian-Cat-Room-Guardian/Persian-Cat-Room-Guardian",
      "meme_name": "Persian-Cat-Room-Guardian",
      "post_id": 43,
      "english_label": "disgust",
      "response_time_ms": 8006
    },
    {
      "image_path": "Mr-McMahon-reaction/Mr-McMahon-reaction_36.png",
      "label": "其他",
      "response_time": "00:00:07.904",
      "timestamp_unix": 1749710083,
      "timestamp_unix_ms": 1749710083463,
      "timestamp_readable": "2025-06-12 06:34:43.463",
      "normalized_name": "Mr-McMahon-reaction/Mr-McMahon-reaction",
      "meme_name": "Mr-McMahon-reaction",
      "post_id": 36,
      "english_label": "others",
      "response_time_ms": 7904
    },
    {
      "image_path": "Arthur-Fist/Arthur-Fist_14.png",
      "label": "憤怒",
      "response_time": "00:00:05.613",
      "timestamp_unix": 1749710089,
      "timestamp_unix_ms": 1749710089211,
      "timestamp_readable": "2025-06-12 06:34:49.211",
      "normalized_name": "Arthur-Fist/Arthur-Fist",
      "meme_name": "Arthur-Fist",
      "post_id": 14,
      "english_label": "anger",
      "response_time_ms": 5613
    },
    {
      "image_path": "Charlie-Day/Charlie-Day_9.png",
      "label": "厭惡",
      "response_time": "00:00:09.206",
      "timestamp_unix": 1749710098,
      "timestamp_unix_ms": 1749710098531,
      "timestamp_readable": "2025-06-12 06:34:58.531",
      "normalized_name": "Charlie-Day/Charlie-Day",
      "meme_name": "Charlie-Day",
      "post_id": 9,
      "english_label": "disgust",
      "response_time_ms": 9206
    },
    {
      "image_path": "Afraid-To-Ask-Andy/Afraid-To-Ask-Andy_19.png",
      "label": "憤怒",
      "response_time": "00:00:05.505",
      "timestamp_unix": 1749710104,
      "timestamp_unix_ms": 1749710104084,
      "timestamp_readable": "2025-06-12 06:35:04.084",
      "normalized_name": "Afraid-To-Ask-Andy/Afraid-To-Ask-Andy",
      "meme_name": "Afraid-To-Ask-Andy",
      "post_id": 19,
      "english_label": "anger",
      "response_time_ms": 5505
    },
    {
      "image_path": "Always-you-three/Always-you-three_42.png",
      "label": "其他",
      "response_time": "00:00:06.805",
      "timestamp_unix": 1749710110,
      "timestamp_unix_ms": 1749710110997,
      "timestamp_readable": "2025-06-12 06:35:10.997",
      "normalized_name": "Always-you-three/Always-you-three",
      "meme_name": "Always-you-three",
      "post_id": 42,
      "english_label": "others",
      "response_time_ms": 6805
    }
  ],
  "session_start_unix": 1749709653,
  "session_status": "completed",
  "last_updated_unix": 1749710154,
  "image_order": [
    "Spiderman-Hospital/Spiderman-Hospital_37.png",
    "Happy--Shock/Happy--Shock_3.png",
    "Chill-guy/Chill-guy_17.png",
    "I-am-once-again-asking/I-am-once-again-asking_34.png",
    "Math-ladyConfused-lady/Math-ladyConfused-lady_46.png",
    "Archer/Archer_15.png",
    "Leonardo-Dicaprio-Wolf-Of-Wall-Street/Leonardo-Dicaprio-Wolf-Of-Wall-Street_35.png",
    "Mocking-Spongebob/Mocking-Spongebob_32.png",
    "Afraid-To-Ask-Andy/Afraid-To-Ask-Andy_19.png",
    "Charlie-Day/Charlie-Day_9.png",
    "Always-Has-Been/Always-Has-Been_41.png",
    "Picard-Wtf/Picard-Wtf_22.png",
    "Batman-Slapping-Robin/Batman-Slapping-Robin_38.png",
    "For-the-better-right-blank/For-the-better-right-blank_26.png",
    "Drake-NoYes/Drake-NoYes_49.png",
    "Laughing-wolf/Laughing-wolf_28.png",
    "DJ-Pauly-D/DJ-Pauly-D_13.png",
    "Always-you-three/Always-you-three_42.png",
    "Disappointed-Man/Disappointed-Man_25.png",
    "Smudge-the-cat/Smudge-the-cat_40.png",
    "attention_check/attention_check_Contempt.png",
    "Thats-a-paddlin/Thats-a-paddlin_44.png",
    "Hide-the-Pain-Harold/Hide-the-Pain-Harold_45.png",
    "Hold-fart/Hold-fart_7.png",
    "Im-The-Captain-Now/Im-The-Captain-Now_12.png",
    "Obi-Wan-Kenobi/Obi-Wan-Kenobi_39.png",
    "Spongebob-Yelling/Spongebob-Yelling_6.png",
    "Nuclear-Explosion/Nuclear-Explosion_30.png",
    "Dinkleberg/Dinkleberg_33.png",
    "Scooby-doo-mask-reveal/Scooby-doo-mask-reveal_47.png",
    "Disaster-Girl/Disaster-Girl_20.png",
    "Black-guy-hiding-behind-tree/Black-guy-hiding-behind-tree_10.png",
    "You-The-Real-MVP/You-The-Real-MVP_8.png",
    "Moe-throws-Barney/Moe-throws-Barney_4.png",
    "Ill-Have-You-Know-Spongebob/Ill-Have-You-Know-Spongebob_23.png",
    "Futurama-Fry/Futurama-Fry_31.png",
    "Monkey-Puppet/Monkey-Puppet_18.png",
    "Confused-Gandalf/Confused-Gandalf_27.png",
    "Mr-incredible-mad/Mr-incredible-mad_21.png",
    "Dave-chappelle/Dave-chappelle_11.png",
    "Surprised-Pikachu/Surprised-Pikachu_5.png",
    "Table-Flip-Guy/Table-Flip-Guy_29.png",
    "attention_check/attention_check_Anger.png",
    "Kevin-Hart/Kevin-Hart_24.png",
    "Well-Yes-But-Actually-No/Well-Yes-But-Actually-No_50.png",
    "Mr-McMahon-reaction/Mr-McMahon-reaction_36.png",
    "Gru-Gun/Gru-Gun_1.png",
    "Persian-Cat-Room-Guardian/Persian-Cat-Room-Guardian_43.png",
    "Put-It-Somewhere-Else-Patrick/Put-It-Somewhere-Else-Patrick_48.png",
    "Angry-Baby/Angry-Baby_2.png",
    "Arthur-Fist/Arthur-Fist_14.png",
    "Khan/Khan_16.png"
  ],
  "completion_status": {
    "practice_completed": true,
    "game_started": true,
    "game_completed": true,
    "summary_viewed": true,
    "email_submitted": true
  },
  "timestamps_unix": {
    "registration_completed": 1749709653,
    "practice_started": 1749709653,
    "practice_completed": 1749709723,
    "game_started": 1749709723,
    "first_label": 1749709728,
    "last_label": 1749710110,
    "game_completed": 1749710113,
    "summary_viewed": 1749710113,
    "email_submitted": 1749710154,
    "session_end": 1749710154,
    "last_updated": 1749710154
  },
  "timestamps_unix_ms": {
    "registration_completed_ms": 1749709653049,
    "practice_started_ms": 1749709653082,
    "practice_completed_ms": 1749709723752,
    "game_started_ms": 1749709723761,
    "first_label_ms": 1749709728598,
    "last_label_ms": 1749710110997,
    "game_completed_ms": 1749710113115,
    "summary_viewed_ms": 1749710113126,
    "email_submitted_ms": 1749710154137,
    "session_end_ms": 1749710154137,
    "last_updated_ms": 1749710154137
  },
  "duration_stats_ms": {
    "total_session_duration_ms": 501088,
    "practice_duration_ms": 70670,
    "game_duration_ms": 389354,
    "labeling_duration_ms": 382399,
    "email_submission_duration_ms": 41011
  },
  "filename_updated_unix": 1749710113,
  "original_filename": "user_862b97",
  "completion_status_in_filename": "email_submitted"
}