{
  "user_id": "user_7ded7b",
  "file_name": "user_7ded7b_1749712627_1749713043_fullycomplete",
  "unix_start_time": 1749712627,
  "unix_start_time_ms": 1749712627014,
  "unix_end_time": 1749713043,
  "unix_end_time_ms": 1749713043224,
  "age": "35-39",
  "gender": "male",
  "user_agent": "Mozilla/5.0 (Windows NT 10.0; Win64; x64) AppleWebKit/537.36 (KHTML, like Gecko) Chrome/137.0.0.0 Safari/537.36",
  "user_ip": "120.106.152.120",
  "status": "complete",
  "email_provided": "complete",
  "attention_passed": false,
  "start_time_readable": "2025-06-12 07:17:07.014",
  "end_time_readable": "2025-06-12 07:24:03.224",
  "total_labels": 52,
  "emotion_summary": {
    "anger": 19,
    "contempt": 1,
    "disgust": 7,
    "others": 25
  },
  "email": "michaellook1@yahoo.com.tw",
  "participation": "no",
  "total_responses": 52,
  "responses": [
    {
      "image_path": "Dave-chappelle/Dave-chappelle_8.png",
      "label": "憤怒",
      "response_time": "00:00:13.707",
      "timestamp_unix": 1749712778,
      "timestamp_unix_ms": 1749712778835,
      "timestamp_readable": "2025-06-12 07:19:38.835",
      "normalized_name": "Dave-chappelle/Dave-chappelle",
      "meme_name": "Dave-chappelle",
      "post_id": 8,
      "english_label": "anger",
      "response_time_ms": 13707
    },
    {
      "image_path": "Disappointed-Man/Disappointed-Man_26.png",
      "label": "憤怒",
      "response_time": "00:00:04.308",
      "timestamp_unix": 1749712783,
      "timestamp_unix_ms": 1749712783307,
      "timestamp_readable": "2025-06-12 07:19:43.307",
      "normalized_name": "Disappointed-Man/Disappointed-Man",
      "meme_name": "Disappointed-Man",
      "post_id": 26,
      "english_label": "anger",
      "response_time_ms": 4308
    },
    {
      "image_path": "Kevin-Hart/Kevin-Hart_2.png",
      "label": "厭惡",
      "response_time": "00:00:06.403",
      "timestamp_unix": 1749712789,
      "timestamp_unix_ms": 1749712789827,
      "timestamp_readable": "2025-06-12 07:19:49.827",
      "normalized_name": "Kevin-Hart/Kevin-Hart",
      "meme_name": "Kevin-Hart",
      "post_id": 2,
      "english_label": "disgust",
      "response_time_ms": 6403
    },
    {
      "image_path": "Chill-guy/Chill-guy_48.png",
      "label": "憤怒",
      "response_time": "00:00:08.810",
      "timestamp_unix": 1749712798,
      "timestamp_unix_ms": 1749712798807,
      "timestamp_readable": "2025-06-12 07:19:58.807",
      "normalized_name": "Chill-guy/Chill-guy",
      "meme_name": "Chill-guy",
      "post_id": 48,
      "english_label": "anger",
      "response_time_ms": 8810
    },
    {
      "image_path": "Dinkleberg/Dinkleberg_17.png",
      "label": "憤怒",
      "response_time": "00:00:08.805",
      "timestamp_unix": 1749712807,
      "timestamp_unix_ms": 1749712807787,
      "timestamp_readable": "2025-06-12 07:20:07.787",
      "normalized_name": "Dinkleberg/Dinkleberg",
      "meme_name": "Dinkleberg",
      "post_id": 17,
      "english_label": "anger",
      "response_time_ms": 8805
    },
    {
      "image_path": "Leonardo-Dicaprio-Wolf-Of-Wall-Street/Leonardo-Dicaprio-Wolf-Of-Wall-Street_45.png",
      "label": "其他",
      "response_time": "00:00:05.506",
      "timestamp_unix": 1749712813,
      "timestamp_unix_ms": 1749712813408,
      "timestamp_readable": "2025-06-12 07:20:13.408",
      "normalized_name": "Leonardo-Dicaprio-Wolf-Of-Wall-Street/Leonardo-Dicaprio-Wolf-Of-Wall-Street",
      "meme_name": "Leonardo-Dicaprio-Wolf-Of-Wall-Street",
      "post_id": 45,
      "english_label": "others",
      "response_time_ms": 5506
    },
    {
      "image_path": "Spongebob-Yelling/Spongebob-Yelling_22.png",
      "label": "其他",
      "response_time": "00:00:04.003",
      "timestamp_unix": 1749712817,
      "timestamp_unix_ms": 1749712817470,
      "timestamp_readable": "2025-06-12 07:20:17.470",
      "normalized_name": "Spongebob-Yelling/Spongebob-Yelling",
      "meme_name": "Spongebob-Yelling",
      "post_id": 22,
      "english_label": "others",
      "response_time_ms": 4003
    },
    {
      "image_path": "Hide-the-Pain-Harold/Hide-the-Pain-Harold_3.png",
      "label": "其他",
      "response_time": "00:00:05.503",
      "timestamp_unix": 1749712823,
      "timestamp_unix_ms": 1749712823149,
      "timestamp_readable": "2025-06-12 07:20:23.149",
      "normalized_name": "Hide-the-Pain-Harold/Hide-the-Pain-Harold",
      "meme_name": "Hide-the-Pain-Harold",
      "post_id": 3,
      "english_label": "others",
      "response_time_ms": 5503
    },
    {
      "image_path": "Always-you-three/Always-you-three_43.png",
      "label": "其他",
      "response_time": "00:00:04.413",
      "timestamp_unix": 1749712827,
      "timestamp_unix_ms": 1749712827632,
      "timestamp_readable": "2025-06-12 07:20:27.632",
      "normalized_name": "Always-you-three/Always-you-three",
      "meme_name": "Always-you-three",
      "post_id": 43,
      "english_label": "others",
      "response_time_ms": 4413
    },
    {
      "image_path": "Futurama-Fry/Futurama-Fry_14.png",
      "label": "厭惡",
      "response_time": "00:00:06.711",
      "timestamp_unix": 1749712834,
      "timestamp_unix_ms": 1749712834524,
      "timestamp_readable": "2025-06-12 07:20:34.524",
      "normalized_name": "Futurama-Fry/Futurama-Fry",
      "meme_name": "Futurama-Fry",
      "post_id": 14,
      "english_label": "disgust",
      "response_time_ms": 6711
    },
    {
      "image_path": "Table-Flip-Guy/Table-Flip-Guy_27.png",
      "label": "其他",
      "response_time": "00:00:03.606",
      "timestamp_unix": 1749712838,
      "timestamp_unix_ms": 1749712838178,
      "timestamp_readable": "2025-06-12 07:20:38.178",
      "normalized_name": "Table-Flip-Guy/Table-Flip-Guy",
      "meme_name": "Table-Flip-Guy",
      "post_id": 27,
      "english_label": "others",
      "response_time_ms": 3606
    },
    {
      "image_path": "Arthur-Fist/Arthur-Fist_31.png",
      "label": "其他",
      "response_time": "00:00:04.010",
      "timestamp_unix": 1749712842,
      "timestamp_unix_ms": 1749712842295,
      "timestamp_readable": "2025-06-12 07:20:42.295",
      "normalized_name": "Arthur-Fist/Arthur-Fist",
      "meme_name": "Arthur-Fist",
      "post_id": 31,
      "english_label": "others",
      "response_time_ms": 4010
    },
    {
      "image_path": "Thats-a-paddlin/Thats-a-paddlin_7.png",
      "label": "憤怒",
      "response_time": "00:00:03.704",
      "timestamp_unix": 1749712846,
      "timestamp_unix_ms": 1749712846060,
      "timestamp_readable": "2025-06-12 07:20:46.060",
      "normalized_name": "Thats-a-paddlin/Thats-a-paddlin",
      "meme_name": "Thats-a-paddlin",
      "post_id": 7,
      "english_label": "anger",
      "response_time_ms": 3704
    },
    {
      "image_path": "Smudge-the-cat/Smudge-the-cat_18.png",
      "label": "厭惡",
      "response_time": "00:00:10.901",
      "timestamp_unix": 1749712857,
      "timestamp_unix_ms": 1749712857136,
      "timestamp_readable": "2025-06-12 07:20:57.136",
      "normalized_name": "Smudge-the-cat/Smudge-the-cat",
      "meme_name": "Smudge-the-cat",
      "post_id": 18,
      "english_label": "disgust",
      "response_time_ms": 10901
    },
    {
      "image_path": "Drake-NoYes/Drake-NoYes_40.png",
      "label": "憤怒",
      "response_time": "00:00:06.501",
      "timestamp_unix": 1749712863,
      "timestamp_unix_ms": 1749712863729,
      "timestamp_readable": "2025-06-12 07:21:03.729",
      "normalized_name": "Drake-NoYes/Drake-NoYes",
      "meme_name": "Drake-NoYes",
      "post_id": 40,
      "english_label": "anger",
      "response_time_ms": 6501
    },
    {
      "image_path": "Hold-fart/Hold-fart_1.png",
      "label": "憤怒",
      "response_time": "00:00:05.602",
      "timestamp_unix": 1749712869,
      "timestamp_unix_ms": 1749712869453,
      "timestamp_readable": "2025-06-12 07:21:09.453",
      "normalized_name": "Hold-fart/Hold-fart",
      "meme_name": "Hold-fart",
      "post_id": 1,
      "english_label": "anger",
      "response_time_ms": 5602
    },
    {
      "image_path": "Surprised-Pikachu/Surprised-Pikachu_15.png",
      "label": "憤怒",
      "response_time": "00:00:02.709",
      "timestamp_unix": 1749712872,
      "timestamp_unix_ms": 1749712872237,
      "timestamp_readable": "2025-06-12 07:21:12.237",
      "normalized_name": "Surprised-Pikachu/Surprised-Pikachu",
      "meme_name": "Surprised-Pikachu",
      "post_id": 15,
      "english_label": "anger",
      "response_time_ms": 2709
    },
    {
      "image_path": "Confused-Gandalf/Confused-Gandalf_38.png",
      "label": "憤怒",
      "response_time": "00:00:03.101",
      "timestamp_unix": 1749712875,
      "timestamp_unix_ms": 1749712875479,
      "timestamp_readable": "2025-06-12 07:21:15.479",
      "normalized_name": "Confused-Gandalf/Confused-Gandalf",
      "meme_name": "Confused-Gandalf",
      "post_id": 38,
      "english_label": "anger",
      "response_time_ms": 3101
    },
    {
      "image_path": "Happy--Shock/Happy--Shock_32.png",
      "label": "厭惡",
      "response_time": "00:00:06.901",
      "timestamp_unix": 1749712882,
      "timestamp_unix_ms": 1749712882560,
      "timestamp_readable": "2025-06-12 07:21:22.560",
      "normalized_name": "Happy--Shock/Happy--Shock",
      "meme_name": "Happy--Shock",
      "post_id": 32,
      "english_label": "disgust",
      "response_time_ms": 6901
    },
    {
      "image_path": "Batman-Slapping-Robin/Batman-Slapping-Robin_39.png",
      "label": "厭惡",
      "response_time": "00:00:06.904",
      "timestamp_unix": 1749712889,
      "timestamp_unix_ms": 1749712889597,
      "timestamp_readable": "2025-06-12 07:21:29.597",
      "normalized_name": "Batman-Slapping-Robin/Batman-Slapping-Robin",
      "meme_name": "Batman-Slapping-Robin",
      "post_id": 39,
      "english_label": "disgust",
      "response_time_ms": 6904
    },
    {
      "image_path": "For-the-better-right-blank/For-the-better-right-blank_24.png",
      "label": "其他",
      "response_time": "00:00:02.502",
      "timestamp_unix": 1749712892,
      "timestamp_unix_ms": 1749712892228,
      "timestamp_readable": "2025-06-12 07:21:32.228",
      "normalized_name": "For-the-better-right-blank/For-the-better-right-blank",
      "meme_name": "For-the-better-right-blank",
      "post_id": 24,
      "english_label": "others",
      "response_time_ms": 2502
    },
    {
      "image_path": "attention_check/attention_check_Contempt.png",
      "label": "厭惡",
      "response_time": "00:00:02.314",
      "timestamp_unix": 1749712894,
      "timestamp_unix_ms": 1749712894788,
      "timestamp_readable": "2025-06-12 07:21:34.788",
      "normalized_name": "attention_check/attention_check_Contempt.png",
      "meme_name": "attention_check",
      "post_id": null,
      "english_label": "disgust",
      "response_time_ms": 2314
    },
    {
      "image_path": "Afraid-To-Ask-Andy/Afraid-To-Ask-Andy_47.png",
      "label": "其他",
      "response_time": "00:00:04.304",
      "timestamp_unix": 1749712899,
      "timestamp_unix_ms": 1749712899213,
      "timestamp_readable": "2025-06-12 07:21:39.213",
      "normalized_name": "Afraid-To-Ask-Andy/Afraid-To-Ask-Andy",
      "meme_name": "Afraid-To-Ask-Andy",
      "post_id": 47,
      "english_label": "others",
      "response_time_ms": 4304
    },
    {
      "image_path": "Ill-Have-You-Know-Spongebob/Ill-Have-You-Know-Spongebob_28.png",
      "label": "其他",
      "response_time": "00:00:05.404",
      "timestamp_unix": 1749712904,
      "timestamp_unix_ms": 1749712904775,
      "timestamp_readable": "2025-06-12 07:21:44.775",
      "normalized_name": "Ill-Have-You-Know-Spongebob/Ill-Have-You-Know-Spongebob",
      "meme_name": "Ill-Have-You-Know-Spongebob",
      "post_id": 28,
      "english_label": "others",
      "response_time_ms": 5404
    },
    {
      "image_path": "Obi-Wan-Kenobi/Obi-Wan-Kenobi_25.png",
      "label": "其他",
      "response_time": "00:00:03.103",
      "timestamp_unix": 1749712907,
      "timestamp_unix_ms": 1749712907991,
      "timestamp_readable": "2025-06-12 07:21:47.991",
      "normalized_name": "Obi-Wan-Kenobi/Obi-Wan-Kenobi",
      "meme_name": "Obi-Wan-Kenobi",
      "post_id": 25,
      "english_label": "others",
      "response_time_ms": 3103
    },
    {
      "image_path": "Khan/Khan_9.png",
      "label": "其他",
      "response_time": "00:00:03.707",
      "timestamp_unix": 1749712911,
      "timestamp_unix_ms": 1749712911810,
      "timestamp_readable": "2025-06-12 07:21:51.810",
      "normalized_name": "Khan/Khan",
      "meme_name": "Khan",
      "post_id": 9,
      "english_label": "others",
      "response_time_ms": 3707
    },
    {
      "image_path": "I-am-once-again-asking/I-am-once-again-asking_16.png",
      "label": "其他",
      "response_time": "00:00:03.509",
      "timestamp_unix": 1749712915,
      "timestamp_unix_ms": 1749712915449,
      "timestamp_readable": "2025-06-12 07:21:55.449",
      "normalized_name": "I-am-once-again-asking/I-am-once-again-asking",
      "meme_name": "I-am-once-again-asking",
      "post_id": 16,
      "english_label": "others",
      "response_time_ms": 3509
    },
    {
      "image_path": "Angry-Baby/Angry-Baby_42.png",
      "label": "其他",
      "response_time": "00:00:09.600",
      "timestamp_unix": 1749712925,
      "timestamp_unix_ms": 1749712925124,
      "timestamp_readable": "2025-06-12 07:22:05.124",
      "normalized_name": "Angry-Baby/Angry-Baby",
      "meme_name": "Angry-Baby",
      "post_id": 42,
      "english_label": "others",
      "response_time_ms": 9600
    },
    {
      "image_path": "Spiderman-Hospital/Spiderman-Hospital_19.png",
      "label": "其他",
      "response_time": "00:00:04.501",
      "timestamp_unix": 1749712929,
      "timestamp_unix_ms": 1749712929753,
      "timestamp_readable": "2025-06-12 07:22:09.753",
      "normalized_name": "Spiderman-Hospital/Spiderman-Hospital",
      "meme_name": "Spiderman-Hospital",
      "post_id": 19,
      "english_label": "others",
      "response_time_ms": 4501
    },
    {
      "image_path": "Moe-throws-Barney/Moe-throws-Barney_11.png",
      "label": "其他",
      "response_time": "00:00:02.311",
      "timestamp_unix": 1749712932,
      "timestamp_unix_ms": 1749712932130,
      "timestamp_readable": "2025-06-12 07:22:12.130",
      "normalized_name": "Moe-throws-Barney/Moe-throws-Barney",
      "meme_name": "Moe-throws-Barney",
      "post_id": 11,
      "english_label": "others",
      "response_time_ms": 2311
    },
    {
      "image_path": "Persian-Cat-Room-Guardian/Persian-Cat-Room-Guardian_23.png",
      "label": "其他",
      "response_time": "00:00:01.402",
      "timestamp_unix": 1749712933,
      "timestamp_unix_ms": 1749712933627,
      "timestamp_readable": "2025-06-12 07:22:13.627",
      "normalized_name": "Persian-Cat-Room-Guardian/Persian-Cat-Room-Guardian",
      "meme_name": "Persian-Cat-Room-Guardian",
      "post_id": 23,
      "english_label": "others",
      "response_time_ms": 1402
    },
    {
      "image_path": "Archer/Archer_41.png",
      "label": "其他",
      "response_time": "00:00:02.903",
      "timestamp_unix": 1749712936,
      "timestamp_unix_ms": 1749712936632,
      "timestamp_readable": "2025-06-12 07:22:16.632",
      "normalized_name": "Archer/Archer",
      "meme_name": "Archer",
      "post_id": 41,
      "english_label": "others",
      "response_time_ms": 2903
    },
    {
      "image_path": "Always-Has-Been/Always-Has-Been_44.png",
      "label": "憤怒",
      "response_time": "00:00:03.409",
      "timestamp_unix": 1749712940,
      "timestamp_unix_ms": 1749712940162,
      "timestamp_readable": "2025-06-12 07:22:20.162",
      "normalized_name": "Always-Has-Been/Always-Has-Been",
      "meme_name": "Always-Has-Been",
      "post_id": 44,
      "english_label": "anger",
      "response_time_ms": 3409
    },
    {
      "image_path": "Scooby-doo-mask-reveal/Scooby-doo-mask-reveal_36.png",
      "label": "其他",
      "response_time": "00:00:07.900",
      "timestamp_unix": 1749712948,
      "timestamp_unix_ms": 1749712948202,
      "timestamp_readable": "2025-06-12 07:22:28.202",
      "normalized_name": "Scooby-doo-mask-reveal/Scooby-doo-mask-reveal",
      "meme_name": "Scooby-doo-mask-reveal",
      "post_id": 36,
      "english_label": "others",
      "response_time_ms": 7900
    },
    {
      "image_path": "Im-The-Captain-Now/Im-The-Captain-Now_46.png",
      "label": "憤怒",
      "response_time": "00:00:07.707",
      "timestamp_unix": 1749712956,
      "timestamp_unix_ms": 1749712956034,
      "timestamp_readable": "2025-06-12 07:22:36.034",
      "normalized_name": "Im-The-Captain-Now/Im-The-Captain-Now",
      "meme_name": "Im-The-Captain-Now",
      "post_id": 46,
      "english_label": "anger",
      "response_time_ms": 7707
    },
    {
      "image_path": "Math-ladyConfused-lady/Math-ladyConfused-lady_30.png",
      "label": "輕蔑",
      "response_time": "00:00:06.705",
      "timestamp_unix": 1749712962,
      "timestamp_unix_ms": 1749712962906,
      "timestamp_readable": "2025-06-12 07:22:42.906",
      "normalized_name": "Math-ladyConfused-lady/Math-ladyConfused-lady",
      "meme_name": "Math-ladyConfused-lady",
      "post_id": 30,
      "english_label": "contempt",
      "response_time_ms": 6705
    },
    {
      "image_path": "Well-Yes-But-Actually-No/Well-Yes-But-Actually-No_20.png",
      "label": "其他",
      "response_time": "00:00:03.301",
      "timestamp_unix": 1749712966,
      "timestamp_unix_ms": 1749712966256,
      "timestamp_readable": "2025-06-12 07:22:46.256",
      "normalized_name": "Well-Yes-But-Actually-No/Well-Yes-But-Actually-No",
      "meme_name": "Well-Yes-But-Actually-No",
      "post_id": 20,
      "english_label": "others",
      "response_time_ms": 3301
    },
    {
      "image_path": "You-The-Real-MVP/You-The-Real-MVP_6.png",
      "label": "憤怒",
      "response_time": "00:00:04.012",
      "timestamp_unix": 1749712970,
      "timestamp_unix_ms": 1749712970305,
      "timestamp_readable": "2025-06-12 07:22:50.305",
      "normalized_name": "You-The-Real-MVP/You-The-Real-MVP",
      "meme_name": "You-The-Real-MVP",
      "post_id": 6,
      "english_label": "anger",
      "response_time_ms": 4012
    },
    {
      "image_path": "Picard-Wtf/Picard-Wtf_37.png",
      "label": "憤怒",
      "response_time": "00:00:07.511",
      "timestamp_unix": 1749712977,
      "timestamp_unix_ms": 1749712977987,
      "timestamp_readable": "2025-06-12 07:22:57.987",
      "normalized_name": "Picard-Wtf/Picard-Wtf",
      "meme_name": "Picard-Wtf",
      "post_id": 37,
      "english_label": "anger",
      "response_time_ms": 7511
    },
    {
      "image_path": "Charlie-Day/Charlie-Day_35.png",
      "label": "憤怒",
      "response_time": "00:00:01.909",
      "timestamp_unix": 1749712980,
      "timestamp_unix_ms": 1749712980004,
      "timestamp_readable": "2025-06-12 07:23:00.004",
      "normalized_name": "Charlie-Day/Charlie-Day",
      "meme_name": "Charlie-Day",
      "post_id": 35,
      "english_label": "anger",
      "response_time_ms": 1909
    },
    {
      "image_path": "Nuclear-Explosion/Nuclear-Explosion_13.png",
      "label": "憤怒",
      "response_time": "00:00:03.107",
      "timestamp_unix": 1749712983,
      "timestamp_unix_ms": 1749712983243,
      "timestamp_readable": "2025-06-12 07:23:03.243",
      "normalized_name": "Nuclear-Explosion/Nuclear-Explosion",
      "meme_name": "Nuclear-Explosion",
      "post_id": 13,
      "english_label": "anger",
      "response_time_ms": 3107
    },
    {
      "image_path": "Black-guy-hiding-behind-tree/Black-guy-hiding-behind-tree_10.png",
      "label": "憤怒",
      "response_time": "00:00:02.606",
      "timestamp_unix": 1749712985,
      "timestamp_unix_ms": 1749712985918,
      "timestamp_readable": "2025-06-12 07:23:05.918",
      "normalized_name": "Black-guy-hiding-behind-tree/Black-guy-hiding-behind-tree",
      "meme_name": "Black-guy-hiding-behind-tree",
      "post_id": 10,
      "english_label": "anger",
      "response_time_ms": 2606
    },
    {
      "image_path": "DJ-Pauly-D/DJ-Pauly-D_12.png",
      "label": "憤怒",
      "response_time": "00:00:01.206",
      "timestamp_unix": 1749712987,
      "timestamp_unix_ms": 1749712987267,
      "timestamp_readable": "2025-06-12 07:23:07.267",
      "normalized_name": "DJ-Pauly-D/DJ-Pauly-D",
      "meme_name": "DJ-Pauly-D",
      "post_id": 12,
      "english_label": "anger",
      "response_time_ms": 1206
    },
    {
      "image_path": "Put-It-Somewhere-Else-Patrick/Put-It-Somewhere-Else-Patrick_4.png",
      "label": "憤怒",
      "response_time": "00:00:04.309",
      "timestamp_unix": 1749712991,
      "timestamp_unix_ms": 1749712991666,
      "timestamp_readable": "2025-06-12 07:23:11.666",
      "normalized_name": "Put-It-Somewhere-Else-Patrick/Put-It-Somewhere-Else-Patrick",
      "meme_name": "Put-It-Somewhere-Else-Patrick",
      "post_id": 4,
      "english_label": "anger",
      "response_time_ms": 4309
    },
    {
      "image_path": "Mr-incredible-mad/Mr-incredible-mad_33.png",
      "label": "其他",
      "response_time": "00:00:03.206",
      "timestamp_unix": 1749712994,
      "timestamp_unix_ms": 1749712994978,
      "timestamp_readable": "2025-06-12 07:23:14.978",
      "normalized_name": "Mr-incredible-mad/Mr-incredible-mad",
      "meme_name": "Mr-incredible-mad",
      "post_id": 33,
      "english_label": "others",
      "response_time_ms": 3206
    },
    {
      "image_path": "Laughing-wolf/Laughing-wolf_49.png",
      "label": "其他",
      "response_time": "00:00:02.707",
      "timestamp_unix": 1749712997,
      "timestamp_unix_ms": 1749712997783,
      "timestamp_readable": "2025-06-12 07:23:17.783",
      "normalized_name": "Laughing-wolf/Laughing-wolf",
      "meme_name": "Laughing-wolf",
      "post_id": 49,
      "english_label": "others",
      "response_time_ms": 2707
    },
    {
      "image_path": "Mocking-Spongebob/Mocking-Spongebob_5.png",
      "label": "其他",
      "response_time": "00:00:01.409",
      "timestamp_unix": 1749712999,
      "timestamp_unix_ms": 1749712999280,
      "timestamp_readable": "2025-06-12 07:23:19.280",
      "normalized_name": "Mocking-Spongebob/Mocking-Spongebob",
      "meme_name": "Mocking-Spongebob",
      "post_id": 5,
      "english_label": "others",
      "response_time_ms": 1409
    },
    {
      "image_path": "Mr-McMahon-reaction/Mr-McMahon-reaction_50.png",
      "label": "其他",
      "response_time": "00:00:01.408",
      "timestamp_unix": 1749713000,
      "timestamp_unix_ms": 1749713000779,
      "timestamp_readable": "2025-06-12 07:23:20.779",
      "normalized_name": "Mr-McMahon-reaction/Mr-McMahon-reaction",
      "meme_name": "Mr-McMahon-reaction",
      "post_id": 50,
      "english_label": "others",
      "response_time_ms": 1408
    },
    {
      "image_path": "attention_check/attention_check_Disgust.png",
      "label": "厭惡",
      "response_time": "00:00:03.105",
      "timestamp_unix": 1749713003,
      "timestamp_unix_ms": 1749713003994,
      "timestamp_readable": "2025-06-12 07:23:23.994",
      "normalized_name": "attention_check/attention_check_Disgust.png",
      "meme_name": "attention_check",
      "post_id": null,
      "english_label": "disgust",
      "response_time_ms": 3105
    },
    {
      "image_path": "Disaster-Girl/Disaster-Girl_21.png",
      "label": "其他",
      "response_time": "00:00:04.310",
      "timestamp_unix": 1749713008,
      "timestamp_unix_ms": 1749713008411,
      "timestamp_readable": "2025-06-12 07:23:28.411",
      "normalized_name": "Disaster-Girl/Disaster-Girl",
      "meme_name": "Disaster-Girl",
      "post_id": 21,
      "english_label": "others",
      "response_time_ms": 4310
    },
    {
      "image_path": "Monkey-Puppet/Monkey-Puppet_29.png",
      "label": "其他",
      "response_time": "00:00:03.709",
      "timestamp_unix": 1749713012,
      "timestamp_unix_ms": 1749713012179,
      "timestamp_readable": "2025-06-12 07:23:32.179",
      "normalized_name": "Monkey-Puppet/Monkey-Puppet",
      "meme_name": "Monkey-Puppet",
      "post_id": 29,
      "english_label": "others",
      "response_time_ms": 3709
    },
    {
      "image_path": "Gru-Gun/Gru-Gun_34.png",
      "label": "憤怒",
      "response_time": "00:00:05.008",
      "timestamp_unix": 1749713017,
      "timestamp_unix_ms": 1749713017270,
      "timestamp_readable": "2025-06-12 07:23:37.270",
      "normalized_name": "Gru-Gun/Gru-Gun",
      "meme_name": "Gru-Gun",
      "post_id": 34,
      "english_label": "anger",
      "response_time_ms": 5008
    }
  ],
  "session_start_unix": 1749712627,
  "session_status": "completed",
  "last_updated_unix": 1749713043,
  "image_order": [
    "Spiderman-Hospital/Spiderman-Hospital_19.png",
    "Happy--Shock/Happy--Shock_32.png",
    "Chill-guy/Chill-guy_48.png",
    "I-am-once-again-asking/I-am-once-again-asking_16.png",
    "Math-ladyConfused-lady/Math-ladyConfused-lady_30.png",
    "Archer/Archer_41.png",
    "Leonardo-Dicaprio-Wolf-Of-Wall-Street/Leonardo-Dicaprio-Wolf-Of-Wall-Street_45.png",
    "Mocking-Spongebob/Mocking-Spongebob_5.png",
    "Afraid-To-Ask-Andy/Afraid-To-Ask-Andy_47.png",
    "Charlie-Day/Charlie-Day_35.png",
    "Always-Has-Been/Always-Has-Been_44.png",
    "Picard-Wtf/Picard-Wtf_37.png",
    "Batman-Slapping-Robin/Batman-Slapping-Robin_39.png",
    "For-the-better-right-blank/For-the-better-right-blank_24.png",
    "Drake-NoYes/Drake-NoYes_40.png",
    "Laughing-wolf/Laughing-wolf_49.png",
    "DJ-Pauly-D/DJ-Pauly-D_12.png",
    "Always-you-three/Always-you-three_43.png",
    "Disappointed-Man/Disappointed-Man_26.png",
    "Smudge-the-cat/Smudge-the-cat_18.png",
    "Thats-a-paddlin/Thats-a-paddlin_7.png",
    "attention_check/attention_check_Contempt.png",
    "Hide-the-Pain-Harold/Hide-the-Pain-Harold_3.png",
    "Hold-fart/Hold-fart_1.png",
    "Im-The-Captain-Now/Im-The-Captain-Now_46.png",
    "Obi-Wan-Kenobi/Obi-Wan-Kenobi_25.png",
    "Spongebob-Yelling/Spongebob-Yelling_22.png",
    "Nuclear-Explosion/Nuclear-Explosion_13.png",
    "Dinkleberg/Dinkleberg_17.png",
    "Scooby-doo-mask-reveal/Scooby-doo-mask-reveal_36.png",
    "Disaster-Girl/Disaster-Girl_21.png",
    "Black-guy-hiding-behind-tree/Black-guy-hiding-behind-tree_10.png",
    "You-The-Real-MVP/You-The-Real-MVP_6.png",
    "Moe-throws-Barney/Moe-throws-Barney_11.png",
    "Ill-Have-You-Know-Spongebob/Ill-Have-You-Know-Spongebob_28.png",
    "Futurama-Fry/Futurama-Fry_14.png",
    "Monkey-Puppet/Monkey-Puppet_29.png",
    "Confused-Gandalf/Confused-Gandalf_38.png",
    "Mr-incredible-mad/Mr-incredible-mad_33.png",
    "Dave-chappelle/Dave-chappelle_8.png",
    "Surprised-Pikachu/Surprised-Pikachu_15.png",
    "Table-Flip-Guy/Table-Flip-Guy_27.png",
    "Kevin-Hart/Kevin-Hart_2.png",
    "Well-Yes-But-Actually-No/Well-Yes-But-Actually-No_20.png",
    "Mr-McMahon-reaction/Mr-McMahon-reaction_50.png",
    "Gru-Gun/Gru-Gun_34.png",
    "Persian-Cat-Room-Guardian/Persian-Cat-Room-Guardian_23.png",
    "Put-It-Somewhere-Else-Patrick/Put-It-Somewhere-Else-Patrick_4.png",
    "attention_check/attention_check_Disgust.png",
    "Angry-Baby/Angry-Baby_42.png",
    "Arthur-Fist/Arthur-Fist_31.png",
    "Khan/Khan_9.png"
  ],
  "completion_status": {
    "practice_completed": true,
    "game_started": true,
    "game_completed": true,
    "summary_viewed": true,
    "email_submitted": true
  },
  "timestamps_unix": {
    "registration_completed": 1749712627,
    "practice_started": 1749712627,
    "practice_completed": 1749712764,
    "game_started": 1749712764,
    "first_label": 1749712778,
    "last_label": 1749713017,
    "game_completed": 1749713019,
    "summary_viewed": 1749713019,
    "email_submitted": 1749713043,
    "session_end": 1749713043,
    "last_updated": 1749713043
  },
  "timestamps_unix_ms": {
    "registration_completed_ms": 1749712627014,
    "practice_started_ms": 1749712627048,
    "practice_completed_ms": 1749712764967,
    "game_started_ms": 1749712764979,
    "first_label_ms": 1749712778835,
    "last_label_ms": 1749713017270,
    "game_completed_ms": 1749713019660,
    "summary_viewed_ms": 1749713019671,
    "email_submitted_ms": 1749713043211,
    "session_end_ms": 1749713043211,
    "last_updated_ms": 1749713043211
  },
  "duration_stats_ms": {
    "total_session_duration_ms": 416197,
    "practice_duration_ms": 137919,
    "game_duration_ms": 254681,
    "labeling_duration_ms": 238435,
    "email_submission_duration_ms": 23540
  },
  "filename_updated_unix": 1749713019,
  "original_filename": "user_7ded7b",
  "completion_status_in_filename": "email_submitted"
}