{
  "user_id": "user_e4c6e7",
  "file_name": "user_e4c6e7_1749710303_1749710400_fullycomplete",
  "unix_start_time": 1749710303,
  "unix_start_time_ms": 1749710303819,
  "unix_end_time": 1749710400,
  "unix_end_time_ms": 1749710400792,
  "age": "40-44",
  "gender": "male",
  "user_agent": "Mozilla/5.0 (Windows NT 10.0; Win64; x64) AppleWebKit/537.36 (KHTML, like Gecko) Chrome/137.0.0.0 Safari/537.36",
  "user_ip": "1.170.94.23",
  "status": "complete",
  "email_provided": "complete",
  "attention_passed": true,
  "start_time_readable": "2025-06-12 06:38:23.819",
  "end_time_readable": "2025-06-12 06:40:00.792",
  "total_labels": 52,
  "emotion_summary": {
    "anger": 8,
    "contempt": 8,
    "disgust": 4,
    "others": 32
  },
  "email": "batschris740514@gmail.com",
  "participation": "yes",
  "total_responses": 52,
  "responses": [
    {
      "image_path": "Gru-Gun/Gru-Gun_11.png",
      "label": "其他",
      "response_time": "00:00:01.712",
      "timestamp_unix": 1749710315,
      "timestamp_unix_ms": 1749710315677,
      "timestamp_readable": "2025-06-12 06:38:35.677",
      "normalized_name": "Gru-Gun/Gru-Gun",
      "meme_name": "Gru-Gun",
      "post_id": 11,
      "english_label": "others",
      "response_time_ms": 1712
    },
    {
      "image_path": "Thats-a-paddlin/Thats-a-paddlin_49.png",
      "label": "厭惡",
      "response_time": "00:00:01.309",
      "timestamp_unix": 1749710317,
      "timestamp_unix_ms": 1749710317067,
      "timestamp_readable": "2025-06-12 06:38:37.067",
      "normalized_name": "Thats-a-paddlin/Thats-a-paddlin",
      "meme_name": "Thats-a-paddlin",
      "post_id": 49,
      "english_label": "disgust",
      "response_time_ms": 1309
    },
    {
      "image_path": "Scooby-doo-mask-reveal/Scooby-doo-mask-reveal_39.png",
      "label": "其他",
      "response_time": "00:00:01.007",
      "timestamp_unix": 1749710318,
      "timestamp_unix_ms": 1749710318144,
      "timestamp_readable": "2025-06-12 06:38:38.144",
      "normalized_name": "Scooby-doo-mask-reveal/Scooby-doo-mask-reveal",
      "meme_name": "Scooby-doo-mask-reveal",
      "post_id": 39,
      "english_label": "others",
      "response_time_ms": 1007
    },
    {
      "image_path": "Always-you-three/Always-you-three_31.png",
      "label": "其他",
      "response_time": "00:00:01.506",
      "timestamp_unix": 1749710319,
      "timestamp_unix_ms": 1749710319743,
      "timestamp_readable": "2025-06-12 06:38:39.743",
      "normalized_name": "Always-you-three/Always-you-three",
      "meme_name": "Always-you-three",
      "post_id": 31,
      "english_label": "others",
      "response_time_ms": 1506
    },
    {
      "image_path": "Math-ladyConfused-lady/Math-ladyConfused-lady_7.png",
      "label": "輕蔑",
      "response_time": "00:00:02.412",
      "timestamp_unix": 1749710322,
      "timestamp_unix_ms": 1749710322179,
      "timestamp_readable": "2025-06-12 06:38:42.179",
      "normalized_name": "Math-ladyConfused-lady/Math-ladyConfused-lady",
      "meme_name": "Math-ladyConfused-lady",
      "post_id": 7,
      "english_label": "contempt",
      "response_time_ms": 2412
    },
    {
      "image_path": "Spongebob-Yelling/Spongebob-Yelling_13.png",
      "label": "憤怒",
      "response_time": "00:00:01.311",
      "timestamp_unix": 1749710323,
      "timestamp_unix_ms": 1749710323526,
      "timestamp_readable": "2025-06-12 06:38:43.526",
      "normalized_name": "Spongebob-Yelling/Spongebob-Yelling",
      "meme_name": "Spongebob-Yelling",
      "post_id": 13,
      "english_label": "anger",
      "response_time_ms": 1311
    },
    {
      "image_path": "Mocking-Spongebob/Mocking-Spongebob_40.png",
      "label": "其他",
      "response_time": "00:00:00.909",
      "timestamp_unix": 1749710324,
      "timestamp_unix_ms": 1749710324540,
      "timestamp_readable": "2025-06-12 06:38:44.540",
      "normalized_name": "Mocking-Spongebob/Mocking-Spongebob",
      "meme_name": "Mocking-Spongebob",
      "post_id": 40,
      "english_label": "others",
      "response_time_ms": 909
    },
    {
      "image_path": "Drake-NoYes/Drake-NoYes_21.png",
      "label": "其他",
      "response_time": "00:00:01.310",
      "timestamp_unix": 1749710325,
      "timestamp_unix_ms": 1749710325929,
      "timestamp_readable": "2025-06-12 06:38:45.929",
      "normalized_name": "Drake-NoYes/Drake-NoYes",
      "meme_name": "Drake-NoYes",
      "post_id": 21,
      "english_label": "others",
      "response_time_ms": 1310
    },
    {
      "image_path": "Dave-chappelle/Dave-chappelle_14.png",
      "label": "其他",
      "response_time": "00:00:00.906",
      "timestamp_unix": 1749710326,
      "timestamp_unix_ms": 1749710326875,
      "timestamp_readable": "2025-06-12 06:38:46.875",
      "normalized_name": "Dave-chappelle/Dave-chappelle",
      "meme_name": "Dave-chappelle",
      "post_id": 14,
      "english_label": "others",
      "response_time_ms": 906
    },
    {
      "image_path": "Black-guy-hiding-behind-tree/Black-guy-hiding-behind-tree_24.png",
      "label": "其他",
      "response_time": "00:00:00.802",
      "timestamp_unix": 1749710327,
      "timestamp_unix_ms": 1749710327755,
      "timestamp_readable": "2025-06-12 06:38:47.755",
      "normalized_name": "Black-guy-hiding-behind-tree/Black-guy-hiding-behind-tree",
      "meme_name": "Black-guy-hiding-behind-tree",
      "post_id": 24,
      "english_label": "others",
      "response_time_ms": 802
    },
    {
      "image_path": "Disappointed-Man/Disappointed-Man_34.png",
      "label": "其他",
      "response_time": "00:00:02.106",
      "timestamp_unix": 1749710329,
      "timestamp_unix_ms": 1749710329926,
      "timestamp_readable": "2025-06-12 06:38:49.926",
      "normalized_name": "Disappointed-Man/Disappointed-Man",
      "meme_name": "Disappointed-Man",
      "post_id": 34,
      "english_label": "others",
      "response_time_ms": 2106
    },
    {
      "image_path": "Afraid-To-Ask-Andy/Afraid-To-Ask-Andy_17.png",
      "label": "其他",
      "response_time": "00:00:00.907",
      "timestamp_unix": 1749710330,
      "timestamp_unix_ms": 1749710330914,
      "timestamp_readable": "2025-06-12 06:38:50.914",
      "normalized_name": "Afraid-To-Ask-Andy/Afraid-To-Ask-Andy",
      "meme_name": "Afraid-To-Ask-Andy",
      "post_id": 17,
      "english_label": "others",
      "response_time_ms": 907
    },
    {
      "image_path": "Dinkleberg/Dinkleberg_2.png",
      "label": "厭惡",
      "response_time": "00:00:01.307",
      "timestamp_unix": 1749710332,
      "timestamp_unix_ms": 1749710332247,
      "timestamp_readable": "2025-06-12 06:38:52.248",
      "normalized_name": "Dinkleberg/Dinkleberg",
      "meme_name": "Dinkleberg",
      "post_id": 2,
      "english_label": "disgust",
      "response_time_ms": 1307
    },
    {
      "image_path": "Table-Flip-Guy/Table-Flip-Guy_6.png",
      "label": "憤怒",
      "response_time": "00:00:01.506",
      "timestamp_unix": 1749710333,
      "timestamp_unix_ms": 1749710333871,
      "timestamp_readable": "2025-06-12 06:38:53.871",
      "normalized_name": "Table-Flip-Guy/Table-Flip-Guy",
      "meme_name": "Table-Flip-Guy",
      "post_id": 6,
      "english_label": "anger",
      "response_time_ms": 1506
    },
    {
      "image_path": "Charlie-Day/Charlie-Day_26.png",
      "label": "其他",
      "response_time": "00:00:01.705",
      "timestamp_unix": 1749710335,
      "timestamp_unix_ms": 1749710335634,
      "timestamp_readable": "2025-06-12 06:38:55.634",
      "normalized_name": "Charlie-Day/Charlie-Day",
      "meme_name": "Charlie-Day",
      "post_id": 26,
      "english_label": "others",
      "response_time_ms": 1705
    },
    {
      "image_path": "Laughing-wolf/Laughing-wolf_22.png",
      "label": "輕蔑",
      "response_time": "00:00:01.211",
      "timestamp_unix": 1749710336,
      "timestamp_unix_ms": 1749710336873,
      "timestamp_readable": "2025-06-12 06:38:56.873",
      "normalized_name": "Laughing-wolf/Laughing-wolf",
      "meme_name": "Laughing-wolf",
      "post_id": 22,
      "english_label": "contempt",
      "response_time_ms": 1211
    },
    {
      "image_path": "Obi-Wan-Kenobi/Obi-Wan-Kenobi_35.png",
      "label": "其他",
      "response_time": "00:00:01.203",
      "timestamp_unix": 1749710338,
      "timestamp_unix_ms": 1749710338189,
      "timestamp_readable": "2025-06-12 06:38:58.189",
      "normalized_name": "Obi-Wan-Kenobi/Obi-Wan-Kenobi",
      "meme_name": "Obi-Wan-Kenobi",
      "post_id": 35,
      "english_label": "others",
      "response_time_ms": 1203
    },
    {
      "image_path": "Chill-guy/Chill-guy_28.png",
      "label": "其他",
      "response_time": "00:00:01.107",
      "timestamp_unix": 1749710339,
      "timestamp_unix_ms": 1749710339403,
      "timestamp_readable": "2025-06-12 06:38:59.403",
      "normalized_name": "Chill-guy/Chill-guy",
      "meme_name": "Chill-guy",
      "post_id": 28,
      "english_label": "others",
      "response_time_ms": 1107
    },
    {
      "image_path": "Khan/Khan_44.png",
      "label": "憤怒",
      "response_time": "00:00:01.108",
      "timestamp_unix": 1749710340,
      "timestamp_unix_ms": 1749710340578,
      "timestamp_readable": "2025-06-12 06:39:00.578",
      "normalized_name": "Khan/Khan",
      "meme_name": "Khan",
      "post_id": 44,
      "english_label": "anger",
      "response_time_ms": 1108
    },
    {
      "image_path": "Im-The-Captain-Now/Im-The-Captain-Now_45.png",
      "label": "其他",
      "response_time": "00:00:01.005",
      "timestamp_unix": 1749710341,
      "timestamp_unix_ms": 1749710341615,
      "timestamp_readable": "2025-06-12 06:39:01.615",
      "normalized_name": "Im-The-Captain-Now/Im-The-Captain-Now",
      "meme_name": "Im-The-Captain-Now",
      "post_id": 45,
      "english_label": "others",
      "response_time_ms": 1005
    },
    {
      "image_path": "I-am-once-again-asking/I-am-once-again-asking_3.png",
      "label": "其他",
      "response_time": "00:00:00.909",
      "timestamp_unix": 1749710342,
      "timestamp_unix_ms": 1749710342565,
      "timestamp_readable": "2025-06-12 06:39:02.565",
      "normalized_name": "I-am-once-again-asking/I-am-once-again-asking",
      "meme_name": "I-am-once-again-asking",
      "post_id": 3,
      "english_label": "others",
      "response_time_ms": 909
    },
    {
      "image_path": "Disaster-Girl/Disaster-Girl_41.png",
      "label": "輕蔑",
      "response_time": "00:00:01.402",
      "timestamp_unix": 1749710344,
      "timestamp_unix_ms": 1749710344072,
      "timestamp_readable": "2025-06-12 06:39:04.072",
      "normalized_name": "Disaster-Girl/Disaster-Girl",
      "meme_name": "Disaster-Girl",
      "post_id": 41,
      "english_label": "contempt",
      "response_time_ms": 1402
    },
    {
      "image_path": "Picard-Wtf/Picard-Wtf_4.png",
      "label": "其他",
      "response_time": "00:00:01.103",
      "timestamp_unix": 1749710345,
      "timestamp_unix_ms": 1749710345242,
      "timestamp_readable": "2025-06-12 06:39:05.242",
      "normalized_name": "Picard-Wtf/Picard-Wtf",
      "meme_name": "Picard-Wtf",
      "post_id": 4,
      "english_label": "others",
      "response_time_ms": 1103
    },
    {
      "image_path": "attention_check/attention_check_Contempt.png",
      "label": "輕蔑",
      "response_time": "00:00:03.401",
      "timestamp_unix": 1749710348,
      "timestamp_unix_ms": 1749710348773,
      "timestamp_readable": "2025-06-12 06:39:08.773",
      "normalized_name": "attention_check/attention_check_Contempt.png",
      "meme_name": "attention_check",
      "post_id": null,
      "english_label": "contempt",
      "response_time_ms": 3401
    },
    {
      "image_path": "Futurama-Fry/Futurama-Fry_36.png",
      "label": "其他",
      "response_time": "00:00:03.002",
      "timestamp_unix": 1749710351,
      "timestamp_unix_ms": 1749710351880,
      "timestamp_readable": "2025-06-12 06:39:11.880",
      "normalized_name": "Futurama-Fry/Futurama-Fry",
      "meme_name": "Futurama-Fry",
      "post_id": 36,
      "english_label": "others",
      "response_time_ms": 3002
    },
    {
      "image_path": "Arthur-Fist/Arthur-Fist_25.png",
      "label": "其他",
      "response_time": "00:00:01.107",
      "timestamp_unix": 1749710353,
      "timestamp_unix_ms": 1749710353093,
      "timestamp_readable": "2025-06-12 06:39:13.093",
      "normalized_name": "Arthur-Fist/Arthur-Fist",
      "meme_name": "Arthur-Fist",
      "post_id": 25,
      "english_label": "others",
      "response_time_ms": 1107
    },
    {
      "image_path": "You-The-Real-MVP/You-The-Real-MVP_42.png",
      "label": "其他",
      "response_time": "00:00:00.903",
      "timestamp_unix": 1749710354,
      "timestamp_unix_ms": 1749710354065,
      "timestamp_readable": "2025-06-12 06:39:14.065",
      "normalized_name": "You-The-Real-MVP/You-The-Real-MVP",
      "meme_name": "You-The-Real-MVP",
      "post_id": 42,
      "english_label": "others",
      "response_time_ms": 903
    },
    {
      "image_path": "Mr-incredible-mad/Mr-incredible-mad_50.png",
      "label": "憤怒",
      "response_time": "00:00:01.109",
      "timestamp_unix": 1749710355,
      "timestamp_unix_ms": 1749710355198,
      "timestamp_readable": "2025-06-12 06:39:15.198",
      "normalized_name": "Mr-incredible-mad/Mr-incredible-mad",
      "meme_name": "Mr-incredible-mad",
      "post_id": 50,
      "english_label": "anger",
      "response_time_ms": 1109
    },
    {
      "image_path": "Well-Yes-But-Actually-No/Well-Yes-But-Actually-No_33.png",
      "label": "其他",
      "response_time": "00:00:01.308",
      "timestamp_unix": 1749710356,
      "timestamp_unix_ms": 1749710356571,
      "timestamp_readable": "2025-06-12 06:39:16.571",
      "normalized_name": "Well-Yes-But-Actually-No/Well-Yes-But-Actually-No",
      "meme_name": "Well-Yes-But-Actually-No",
      "post_id": 33,
      "english_label": "others",
      "response_time_ms": 1308
    },
    {
      "image_path": "Moe-throws-Barney/Moe-throws-Barney_19.png",
      "label": "其他",
      "response_time": "00:00:00.907",
      "timestamp_unix": 1749710357,
      "timestamp_unix_ms": 1749710357585,
      "timestamp_readable": "2025-06-12 06:39:17.585",
      "normalized_name": "Moe-throws-Barney/Moe-throws-Barney",
      "meme_name": "Moe-throws-Barney",
      "post_id": 19,
      "english_label": "others",
      "response_time_ms": 907
    },
    {
      "image_path": "Hold-fart/Hold-fart_16.png",
      "label": "憤怒",
      "response_time": "00:00:01.305",
      "timestamp_unix": 1749710358,
      "timestamp_unix_ms": 1749710358970,
      "timestamp_readable": "2025-06-12 06:39:18.970",
      "normalized_name": "Hold-fart/Hold-fart",
      "meme_name": "Hold-fart",
      "post_id": 16,
      "english_label": "anger",
      "response_time_ms": 1305
    },
    {
      "image_path": "Batman-Slapping-Robin/Batman-Slapping-Robin_9.png",
      "label": "其他",
      "response_time": "00:00:01.105",
      "timestamp_unix": 1749710360,
      "timestamp_unix_ms": 1749710360201,
      "timestamp_readable": "2025-06-12 06:39:20.201",
      "normalized_name": "Batman-Slapping-Robin/Batman-Slapping-Robin",
      "meme_name": "Batman-Slapping-Robin",
      "post_id": 9,
      "english_label": "others",
      "response_time_ms": 1105
    },
    {
      "image_path": "For-the-better-right-blank/For-the-better-right-blank_12.png",
      "label": "輕蔑",
      "response_time": "00:00:01.503",
      "timestamp_unix": 1749710361,
      "timestamp_unix_ms": 1749710361772,
      "timestamp_readable": "2025-06-12 06:39:21.772",
      "normalized_name": "For-the-better-right-blank/For-the-better-right-blank",
      "meme_name": "For-the-better-right-blank",
      "post_id": 12,
      "english_label": "contempt",
      "response_time_ms": 1503
    },
    {
      "image_path": "Surprised-Pikachu/Surprised-Pikachu_43.png",
      "label": "其他",
      "response_time": "00:00:01.613",
      "timestamp_unix": 1749710363,
      "timestamp_unix_ms": 1749710363412,
      "timestamp_readable": "2025-06-12 06:39:23.412",
      "normalized_name": "Surprised-Pikachu/Surprised-Pikachu",
      "meme_name": "Surprised-Pikachu",
      "post_id": 43,
      "english_label": "others",
      "response_time_ms": 1613
    },
    {
      "image_path": "Nuclear-Explosion/Nuclear-Explosion_15.png",
      "label": "憤怒",
      "response_time": "00:00:01.008",
      "timestamp_unix": 1749710364,
      "timestamp_unix_ms": 1749710364504,
      "timestamp_readable": "2025-06-12 06:39:24.504",
      "normalized_name": "Nuclear-Explosion/Nuclear-Explosion",
      "meme_name": "Nuclear-Explosion",
      "post_id": 15,
      "english_label": "anger",
      "response_time_ms": 1008
    },
    {
      "image_path": "Leonardo-Dicaprio-Wolf-Of-Wall-Street/Leonardo-Dicaprio-Wolf-Of-Wall-Street_46.png",
      "label": "輕蔑",
      "response_time": "00:00:01.304",
      "timestamp_unix": 1749710365,
      "timestamp_unix_ms": 1749710365863,
      "timestamp_readable": "2025-06-12 06:39:25.863",
      "normalized_name": "Leonardo-Dicaprio-Wolf-Of-Wall-Street/Leonardo-Dicaprio-Wolf-Of-Wall-Street",
      "meme_name": "Leonardo-Dicaprio-Wolf-Of-Wall-Street",
      "post_id": 46,
      "english_label": "contempt",
      "response_time_ms": 1304
    },
    {
      "image_path": "Hide-the-Pain-Harold/Hide-the-Pain-Harold_32.png",
      "label": "輕蔑",
      "response_time": "00:00:02.400",
      "timestamp_unix": 1749710368,
      "timestamp_unix_ms": 1749710368369,
      "timestamp_readable": "2025-06-12 06:39:28.369",
      "normalized_name": "Hide-the-Pain-Harold/Hide-the-Pain-Harold",
      "meme_name": "Hide-the-Pain-Harold",
      "post_id": 32,
      "english_label": "contempt",
      "response_time_ms": 2400
    },
    {
      "image_path": "Angry-Baby/Angry-Baby_18.png",
      "label": "憤怒",
      "response_time": "00:00:01.103",
      "timestamp_unix": 1749710369,
      "timestamp_unix_ms": 1749710369531,
      "timestamp_readable": "2025-06-12 06:39:29.531",
      "normalized_name": "Angry-Baby/Angry-Baby",
      "meme_name": "Angry-Baby",
      "post_id": 18,
      "english_label": "anger",
      "response_time_ms": 1103
    },
    {
      "image_path": "Persian-Cat-Room-Guardian/Persian-Cat-Room-Guardian_10.png",
      "label": "其他",
      "response_time": "00:00:01.504",
      "timestamp_unix": 1749710371,
      "timestamp_unix_ms": 1749710371169,
      "timestamp_readable": "2025-06-12 06:39:31.169",
      "normalized_name": "Persian-Cat-Room-Guardian/Persian-Cat-Room-Guardian",
      "meme_name": "Persian-Cat-Room-Guardian",
      "post_id": 10,
      "english_label": "others",
      "response_time_ms": 1504
    },
    {
      "image_path": "DJ-Pauly-D/DJ-Pauly-D_27.png",
      "label": "其他",
      "response_time": "00:00:00.905",
      "timestamp_unix": 1749710372,
      "timestamp_unix_ms": 1749710372205,
      "timestamp_readable": "2025-06-12 06:39:32.205",
      "normalized_name": "DJ-Pauly-D/DJ-Pauly-D",
      "meme_name": "DJ-Pauly-D",
      "post_id": 27,
      "english_label": "others",
      "response_time_ms": 905
    },
    {
      "image_path": "Mr-McMahon-reaction/Mr-McMahon-reaction_1.png",
      "label": "憤怒",
      "response_time": "00:00:01.003",
      "timestamp_unix": 1749710373,
      "timestamp_unix_ms": 1749710373261,
      "timestamp_readable": "2025-06-12 06:39:33.261",
      "normalized_name": "Mr-McMahon-reaction/Mr-McMahon-reaction",
      "meme_name": "Mr-McMahon-reaction",
      "post_id": 1,
      "english_label": "anger",
      "response_time_ms": 1003
    },
    {
      "image_path": "Ill-Have-You-Know-Spongebob/Ill-Have-You-Know-Spongebob_5.png",
      "label": "輕蔑",
      "response_time": "00:00:02.008",
      "timestamp_unix": 1749710375,
      "timestamp_unix_ms": 1749710375312,
      "timestamp_readable": "2025-06-12 06:39:35.312",
      "normalized_name": "Ill-Have-You-Know-Spongebob/Ill-Have-You-Know-Spongebob",
      "meme_name": "Ill-Have-You-Know-Spongebob",
      "post_id": 5,
      "english_label": "contempt",
      "response_time_ms": 2008
    },
    {
      "image_path": "Monkey-Puppet/Monkey-Puppet_48.png",
      "label": "其他",
      "response_time": "00:00:01.101",
      "timestamp_unix": 1749710376,
      "timestamp_unix_ms": 1749710376500,
      "timestamp_readable": "2025-06-12 06:39:36.500",
      "normalized_name": "Monkey-Puppet/Monkey-Puppet",
      "meme_name": "Monkey-Puppet",
      "post_id": 48,
      "english_label": "others",
      "response_time_ms": 1101
    },
    {
      "image_path": "Smudge-the-cat/Smudge-the-cat_30.png",
      "label": "其他",
      "response_time": "00:00:01.207",
      "timestamp_unix": 1749710377,
      "timestamp_unix_ms": 1749710377766,
      "timestamp_readable": "2025-06-12 06:39:37.766",
      "normalized_name": "Smudge-the-cat/Smudge-the-cat",
      "meme_name": "Smudge-the-cat",
      "post_id": 30,
      "english_label": "others",
      "response_time_ms": 1207
    },
    {
      "image_path": "Spiderman-Hospital/Spiderman-Hospital_23.png",
      "label": "其他",
      "response_time": "00:00:00.806",
      "timestamp_unix": 1749710378,
      "timestamp_unix_ms": 1749710378684,
      "timestamp_readable": "2025-06-12 06:39:38.684",
      "normalized_name": "Spiderman-Hospital/Spiderman-Hospital",
      "meme_name": "Spiderman-Hospital",
      "post_id": 23,
      "english_label": "others",
      "response_time_ms": 806
    },
    {
      "image_path": "Archer/Archer_37.png",
      "label": "其他",
      "response_time": "00:00:00.909",
      "timestamp_unix": 1749710379,
      "timestamp_unix_ms": 1749710379649,
      "timestamp_readable": "2025-06-12 06:39:39.649",
      "normalized_name": "Archer/Archer",
      "meme_name": "Archer",
      "post_id": 37,
      "english_label": "others",
      "response_time_ms": 909
    },
    {
      "image_path": "Kevin-Hart/Kevin-Hart_8.png",
      "label": "其他",
      "response_time": "00:00:00.810",
      "timestamp_unix": 1749710380,
      "timestamp_unix_ms": 1749710380580,
      "timestamp_readable": "2025-06-12 06:39:40.580",
      "normalized_name": "Kevin-Hart/Kevin-Hart",
      "meme_name": "Kevin-Hart",
      "post_id": 8,
      "english_label": "others",
      "response_time_ms": 810
    },
    {
      "image_path": "Happy--Shock/Happy--Shock_29.png",
      "label": "其他",
      "response_time": "00:00:01.409",
      "timestamp_unix": 1749710382,
      "timestamp_unix_ms": 1749710382031,
      "timestamp_readable": "2025-06-12 06:39:42.031",
      "normalized_name": "Happy--Shock/Happy--Shock",
      "meme_name": "Happy--Shock",
      "post_id": 29,
      "english_label": "others",
      "response_time_ms": 1409
    },
    {
      "image_path": "attention_check/attention_check_Disgust.png",
      "label": "厭惡",
      "response_time": "00:00:02.304",
      "timestamp_unix": 1749710384,
      "timestamp_unix_ms": 1749710384416,
      "timestamp_readable": "2025-06-12 06:39:44.416",
      "normalized_name": "attention_check/attention_check_Disgust.png",
      "meme_name": "attention_check",
      "post_id": null,
      "english_label": "disgust",
      "response_time_ms": 2304
    },
    {
      "image_path": "Put-It-Somewhere-Else-Patrick/Put-It-Somewhere-Else-Patrick_20.png",
      "label": "厭惡",
      "response_time": "00:00:03.601",
      "timestamp_unix": 1749710388,
      "timestamp_unix_ms": 1749710388060,
      "timestamp_readable": "2025-06-12 06:39:48.060",
      "normalized_name": "Put-It-Somewhere-Else-Patrick/Put-It-Somewhere-Else-Patrick",
      "meme_name": "Put-It-Somewhere-Else-Patrick",
      "post_id": 20,
      "english_label": "disgust",
      "response_time_ms": 3601
    },
    {
      "image_path": "Confused-Gandalf/Confused-Gandalf_47.png",
      "label": "其他",
      "response_time": "00:00:02.205",
      "timestamp_unix": 1749710390,
      "timestamp_unix_ms": 1749710390375,
      "timestamp_readable": "2025-06-12 06:39:50.375",
      "normalized_name": "Confused-Gandalf/Confused-Gandalf",
      "meme_name": "Confused-Gandalf",
      "post_id": 47,
      "english_label": "others",
      "response_time_ms": 2205
    },
    {
      "image_path": "Always-Has-Been/Always-Has-Been_38.png",
      "label": "其他",
      "response_time": "00:00:00.800",
      "timestamp_unix": 1749710391,
      "timestamp_unix_ms": 1749710391296,
      "timestamp_readable": "2025-06-12 06:39:51.296",
      "normalized_name": "Always-Has-Been/Always-Has-Been",
      "meme_name": "Always-Has-Been",
      "post_id": 38,
      "english_label": "others",
      "response_time_ms": 800
    }
  ],
  "session_start_unix": 1749710303,
  "session_status": "completed",
  "last_updated_unix": 1749710400,
  "image_order": [
    "Spiderman-Hospital/Spiderman-Hospital_23.png",
    "Happy--Shock/Happy--Shock_29.png",
    "Chill-guy/Chill-guy_28.png",
    "I-am-once-again-asking/I-am-once-again-asking_3.png",
    "Math-ladyConfused-lady/Math-ladyConfused-lady_7.png",
    "Archer/Archer_37.png",
    "Leonardo-Dicaprio-Wolf-Of-Wall-Street/Leonardo-Dicaprio-Wolf-Of-Wall-Street_46.png",
    "Mocking-Spongebob/Mocking-Spongebob_40.png",
    "Afraid-To-Ask-Andy/Afraid-To-Ask-Andy_17.png",
    "Charlie-Day/Charlie-Day_26.png",
    "Always-Has-Been/Always-Has-Been_38.png",
    "Picard-Wtf/Picard-Wtf_4.png",
    "Batman-Slapping-Robin/Batman-Slapping-Robin_9.png",
    "For-the-better-right-blank/For-the-better-right-blank_12.png",
    "Drake-NoYes/Drake-NoYes_21.png",
    "Laughing-wolf/Laughing-wolf_22.png",
    "DJ-Pauly-D/DJ-Pauly-D_27.png",
    "Always-you-three/Always-you-three_31.png",
    "Disappointed-Man/Disappointed-Man_34.png",
    "Smudge-the-cat/Smudge-the-cat_30.png",
    "Thats-a-paddlin/Thats-a-paddlin_49.png",
    "Hide-the-Pain-Harold/Hide-the-Pain-Harold_32.png",
    "Hold-fart/Hold-fart_16.png",
    "attention_check/attention_check_Contempt.png",
    "Im-The-Captain-Now/Im-The-Captain-Now_45.png",
    "Obi-Wan-Kenobi/Obi-Wan-Kenobi_35.png",
    "Spongebob-Yelling/Spongebob-Yelling_13.png",
    "Nuclear-Explosion/Nuclear-Explosion_15.png",
    "Dinkleberg/Dinkleberg_2.png",
    "Scooby-doo-mask-reveal/Scooby-doo-mask-reveal_39.png",
    "Disaster-Girl/Disaster-Girl_41.png",
    "Black-guy-hiding-behind-tree/Black-guy-hiding-behind-tree_24.png",
    "You-The-Real-MVP/You-The-Real-MVP_42.png",
    "Moe-throws-Barney/Moe-throws-Barney_19.png",
    "Ill-Have-You-Know-Spongebob/Ill-Have-You-Know-Spongebob_5.png",
    "Futurama-Fry/Futurama-Fry_36.png",
    "Monkey-Puppet/Monkey-Puppet_48.png",
    "Confused-Gandalf/Confused-Gandalf_47.png",
    "Mr-incredible-mad/Mr-incredible-mad_50.png",
    "Dave-chappelle/Dave-chappelle_14.png",
    "Surprised-Pikachu/Surprised-Pikachu_43.png",
    "Table-Flip-Guy/Table-Flip-Guy_6.png",
    "Kevin-Hart/Kevin-Hart_8.png",
    "Well-Yes-But-Actually-No/Well-Yes-But-Actually-No_33.png",
    "Mr-McMahon-reaction/Mr-McMahon-reaction_1.png",
    "Gru-Gun/Gru-Gun_11.png",
    "Persian-Cat-Room-Guardian/Persian-Cat-Room-Guardian_10.png",
    "Put-It-Somewhere-Else-Patrick/Put-It-Somewhere-Else-Patrick_20.png",
    "attention_check/attention_check_Disgust.png",
    "Angry-Baby/Angry-Baby_18.png",
    "Arthur-Fist/Arthur-Fist_25.png",
    "Khan/Khan_44.png"
  ],
  "completion_status": {
    "practice_completed": true,
    "game_started": true,
    "game_completed": true,
    "summary_viewed": true,
    "email_submitted": true
  },
  "timestamps_unix": {
    "registration_completed": 1749710303,
    "practice_started": 1749710303,
    "practice_completed": 1749710313,
    "game_started": 1749710313,
    "first_label": 1749710315,
    "last_label": 1749710391,
    "game_completed": 1749710392,
    "summary_viewed": 1749710392,
    "email_submitted": 1749710400,
    "session_end": 1749710400,
    "last_updated": 1749710400
  },
  "timestamps_unix_ms": {
    "registration_completed_ms": 1749710303819,
    "practice_started_ms": 1749710303856,
    "practice_completed_ms": 1749710313819,
    "game_started_ms": 1749710313829,
    "first_label_ms": 1749710315677,
    "last_label_ms": 1749710391296,
    "game_completed_ms": 1749710392925,
    "summary_viewed_ms": 1749710392936,
    "email_submitted_ms": 1749710400782,
    "session_end_ms": 1749710400782,
    "last_updated_ms": 1749710400782
  },
  "duration_stats_ms": {
    "total_session_duration_ms": 96963,
    "practice_duration_ms": 9963,
    "game_duration_ms": 79096,
    "labeling_duration_ms": 75619,
    "email_submission_duration_ms": 7846
  },
  "filename_updated_unix": 1749710392,
  "original_filename": "user_e4c6e7",
  "completion_status_in_filename": "email_submitted"
}