{
  "user_id": "user_eb2107",
  "file_name": "user_eb2107_1749704963_noemail",
  "unix_start_time": 1749704963,
  "unix_start_time_ms": 1749704963382,
  "unix_end_time": null,
  "unix_end_time_ms": null,
  "age": "18-24",
  "gender": "female",
  "user_agent": "Mozilla/5.0 (Windows NT 10.0; Win64; x64) AppleWebKit/537.36 (KHTML, like Gecko) Chrome/137.0.0.0 Safari/537.36 Edg/137.0.0.0",
  "user_ip": "101.12.176.147",
  "status": "complete",
  "email_provided": "incomplete",
  "attention_passed": true,
  "start_time_readable": "2025-06-12 05:09:23.382",
  "end_time_readable": null,
  "total_labels": 52,
  "emotion_summary": {
    "anger": 9,
    "contempt": 20,
    "disgust": 8,
    "others": 15
  },
  "email": null,
  "participation": null,
  "total_responses": 52,
  "responses": [
    {
      "image_path": "Futurama-Fry/Futurama-Fry_10.png",
      "label": "憤怒",
      "response_time": "00:00:05.201",
      "timestamp_unix": 1749705059,
      "timestamp_unix_ms": 1749705059245,
      "timestamp_readable": "2025-06-12 05:10:59.245",
      "normalized_name": "Futurama-Fry/Futurama-Fry",
      "meme_name": "Futurama-Fry",
      "post_id": 10,
      "english_label": "anger",
      "response_time_ms": 5201
    },
    {
      "image_path": "Disappointed-Man/Disappointed-Man_46.png",
      "label": "厭惡",
      "response_time": "00:00:15.305",
      "timestamp_unix": 1749705074,
      "timestamp_unix_ms": 1749705074745,
      "timestamp_readable": "2025-06-12 05:11:14.745",
      "normalized_name": "Disappointed-Man/Disappointed-Man",
      "meme_name": "Disappointed-Man",
      "post_id": 46,
      "english_label": "disgust",
      "response_time_ms": 15305
    },
    {
      "image_path": "Mocking-Spongebob/Mocking-Spongebob_2.png",
      "label": "輕蔑",
      "response_time": "00:00:05.501",
      "timestamp_unix": 1749705080,
      "timestamp_unix_ms": 1749705080493,
      "timestamp_readable": "2025-06-12 05:11:20.493",
      "normalized_name": "Mocking-Spongebob/Mocking-Spongebob",
      "meme_name": "Mocking-Spongebob",
      "post_id": 2,
      "english_label": "contempt",
      "response_time_ms": 5501
    },
    {
      "image_path": "Smudge-the-cat/Smudge-the-cat_30.png",
      "label": "其他",
      "response_time": "00:00:29.601",
      "timestamp_unix": 1749705110,
      "timestamp_unix_ms": 1749705110346,
      "timestamp_readable": "2025-06-12 05:11:50.346",
      "normalized_name": "Smudge-the-cat/Smudge-the-cat",
      "meme_name": "Smudge-the-cat",
      "post_id": 30,
      "english_label": "others",
      "response_time_ms": 29601
    },
    {
      "image_path": "Drake-NoYes/Drake-NoYes_9.png",
      "label": "其他",
      "response_time": "00:00:09.806",
      "timestamp_unix": 1749705120,
      "timestamp_unix_ms": 1749705120358,
      "timestamp_readable": "2025-06-12 05:12:00.358",
      "normalized_name": "Drake-NoYes/Drake-NoYes",
      "meme_name": "Drake-NoYes",
      "post_id": 9,
      "english_label": "others",
      "response_time_ms": 9806
    },
    {
      "image_path": "Angry-Baby/Angry-Baby_40.png",
      "label": "其他",
      "response_time": "00:00:06.603",
      "timestamp_unix": 1749705127,
      "timestamp_unix_ms": 1749705127148,
      "timestamp_readable": "2025-06-12 05:12:07.148",
      "normalized_name": "Angry-Baby/Angry-Baby",
      "meme_name": "Angry-Baby",
      "post_id": 40,
      "english_label": "others",
      "response_time_ms": 6603
    },
    {
      "image_path": "Mr-McMahon-reaction/Mr-McMahon-reaction_27.png",
      "label": "輕蔑",
      "response_time": "00:00:04.802",
      "timestamp_unix": 1749705132,
      "timestamp_unix_ms": 1749705132110,
      "timestamp_readable": "2025-06-12 05:12:12.110",
      "normalized_name": "Mr-McMahon-reaction/Mr-McMahon-reaction",
      "meme_name": "Mr-McMahon-reaction",
      "post_id": 27,
      "english_label": "contempt",
      "response_time_ms": 4802
    },
    {
      "image_path": "Dinkleberg/Dinkleberg_35.png",
      "label": "輕蔑",
      "response_time": "00:00:06.004",
      "timestamp_unix": 1749705138,
      "timestamp_unix_ms": 1749705138303,
      "timestamp_readable": "2025-06-12 05:12:18.303",
      "normalized_name": "Dinkleberg/Dinkleberg",
      "meme_name": "Dinkleberg",
      "post_id": 35,
      "english_label": "contempt",
      "response_time_ms": 6004
    },
    {
      "image_path": "You-The-Real-MVP/You-The-Real-MVP_5.png",
      "label": "輕蔑",
      "response_time": "00:00:12.414",
      "timestamp_unix": 1749705150,
      "timestamp_unix_ms": 1749705150866,
      "timestamp_readable": "2025-06-12 05:12:30.866",
      "normalized_name": "You-The-Real-MVP/You-The-Real-MVP",
      "meme_name": "You-The-Real-MVP",
      "post_id": 5,
      "english_label": "contempt",
      "response_time_ms": 12414
    },
    {
      "image_path": "For-the-better-right-blank/For-the-better-right-blank_44.png",
      "label": "輕蔑",
      "response_time": "00:00:05.505",
      "timestamp_unix": 1749705156,
      "timestamp_unix_ms": 1749705156525,
      "timestamp_readable": "2025-06-12 05:12:36.525",
      "normalized_name": "For-the-better-right-blank/For-the-better-right-blank",
      "meme_name": "For-the-better-right-blank",
      "post_id": 44,
      "english_label": "contempt",
      "response_time_ms": 5505
    },
    {
      "image_path": "Mr-incredible-mad/Mr-incredible-mad_38.png",
      "label": "其他",
      "response_time": "00:00:10.302",
      "timestamp_unix": 1749705166,
      "timestamp_unix_ms": 1749705166941,
      "timestamp_readable": "2025-06-12 05:12:46.941",
      "normalized_name": "Mr-incredible-mad/Mr-incredible-mad",
      "meme_name": "Mr-incredible-mad",
      "post_id": 38,
      "english_label": "others",
      "response_time_ms": 10302
    },
    {
      "image_path": "Math-ladyConfused-lady/Math-ladyConfused-lady_47.png",
      "label": "輕蔑",
      "response_time": "00:00:16.711",
      "timestamp_unix": 1749705183,
      "timestamp_unix_ms": 1749705183748,
      "timestamp_readable": "2025-06-12 05:13:03.748",
      "normalized_name": "Math-ladyConfused-lady/Math-ladyConfused-lady",
      "meme_name": "Math-ladyConfused-lady",
      "post_id": 47,
      "english_label": "contempt",
      "response_time_ms": 16711
    },
    {
      "image_path": "Chill-guy/Chill-guy_32.png",
      "label": "其他",
      "response_time": "00:00:05.300",
      "timestamp_unix": 1749705189,
      "timestamp_unix_ms": 1749705189260,
      "timestamp_readable": "2025-06-12 05:13:09.260",
      "normalized_name": "Chill-guy/Chill-guy",
      "meme_name": "Chill-guy",
      "post_id": 32,
      "english_label": "others",
      "response_time_ms": 5300
    },
    {
      "image_path": "Picard-Wtf/Picard-Wtf_28.png",
      "label": "厭惡",
      "response_time": "00:00:10.907",
      "timestamp_unix": 1749705200,
      "timestamp_unix_ms": 1749705200396,
      "timestamp_readable": "2025-06-12 05:13:20.396",
      "normalized_name": "Picard-Wtf/Picard-Wtf",
      "meme_name": "Picard-Wtf",
      "post_id": 28,
      "english_label": "disgust",
      "response_time_ms": 10907
    },
    {
      "image_path": "Hold-fart/Hold-fart_33.png",
      "label": "其他",
      "response_time": "00:00:06.205",
      "timestamp_unix": 1749705206,
      "timestamp_unix_ms": 1749705206805,
      "timestamp_readable": "2025-06-12 05:13:26.805",
      "normalized_name": "Hold-fart/Hold-fart",
      "meme_name": "Hold-fart",
      "post_id": 33,
      "english_label": "others",
      "response_time_ms": 6205
    },
    {
      "image_path": "Always-Has-Been/Always-Has-Been_37.png",
      "label": "其他",
      "response_time": "00:00:11.905",
      "timestamp_unix": 1749705219,
      "timestamp_unix_ms": 1749705219059,
      "timestamp_readable": "2025-06-12 05:13:39.059",
      "normalized_name": "Always-Has-Been/Always-Has-Been",
      "meme_name": "Always-Has-Been",
      "post_id": 37,
      "english_label": "others",
      "response_time_ms": 11905
    },
    {
      "image_path": "Moe-throws-Barney/Moe-throws-Barney_26.png",
      "label": "憤怒",
      "response_time": "00:00:06.414",
      "timestamp_unix": 1749705225,
      "timestamp_unix_ms": 1749705225718,
      "timestamp_readable": "2025-06-12 05:13:45.718",
      "normalized_name": "Moe-throws-Barney/Moe-throws-Barney",
      "meme_name": "Moe-throws-Barney",
      "post_id": 26,
      "english_label": "anger",
      "response_time_ms": 6414
    },
    {
      "image_path": "Put-It-Somewhere-Else-Patrick/Put-It-Somewhere-Else-Patrick_15.png",
      "label": "其他",
      "response_time": "00:00:08.201",
      "timestamp_unix": 1749705234,
      "timestamp_unix_ms": 1749705234180,
      "timestamp_readable": "2025-06-12 05:13:54.180",
      "normalized_name": "Put-It-Somewhere-Else-Patrick/Put-It-Somewhere-Else-Patrick",
      "meme_name": "Put-It-Somewhere-Else-Patrick",
      "post_id": 15,
      "english_label": "others",
      "response_time_ms": 8201
    },
    {
      "image_path": "Archer/Archer_17.png",
      "label": "其他",
      "response_time": "00:00:03.904",
      "timestamp_unix": 1749705238,
      "timestamp_unix_ms": 1749705238346,
      "timestamp_readable": "2025-06-12 05:13:58.346",
      "normalized_name": "Archer/Archer",
      "meme_name": "Archer",
      "post_id": 17,
      "english_label": "others",
      "response_time_ms": 3904
    },
    {
      "image_path": "Spiderman-Hospital/Spiderman-Hospital_41.png",
      "label": "輕蔑",
      "response_time": "00:00:10.101",
      "timestamp_unix": 1749705248,
      "timestamp_unix_ms": 1749705248645,
      "timestamp_readable": "2025-06-12 05:14:08.645",
      "normalized_name": "Spiderman-Hospital/Spiderman-Hospital",
      "meme_name": "Spiderman-Hospital",
      "post_id": 41,
      "english_label": "contempt",
      "response_time_ms": 10101
    },
    {
      "image_path": "Always-you-three/Always-you-three_22.png",
      "label": "輕蔑",
      "response_time": "00:00:04.603",
      "timestamp_unix": 1749705253,
      "timestamp_unix_ms": 1749705253410,
      "timestamp_readable": "2025-06-12 05:14:13.410",
      "normalized_name": "Always-you-three/Always-you-three",
      "meme_name": "Always-you-three",
      "post_id": 22,
      "english_label": "contempt",
      "response_time_ms": 4603
    },
    {
      "image_path": "attention_check/attention_check_Others.png",
      "label": "其他",
      "response_time": "00:00:04.300",
      "timestamp_unix": 1749705257,
      "timestamp_unix_ms": 1749705257881,
      "timestamp_readable": "2025-06-12 05:14:17.881",
      "normalized_name": "attention_check/attention_check_Others.png",
      "meme_name": "attention_check",
      "post_id": null,
      "english_label": "others",
      "response_time_ms": 4300
    },
    {
      "image_path": "Well-Yes-But-Actually-No/Well-Yes-But-Actually-No_48.png",
      "label": "輕蔑",
      "response_time": "00:00:08.200",
      "timestamp_unix": 1749705266,
      "timestamp_unix_ms": 1749705266300,
      "timestamp_readable": "2025-06-12 05:14:26.300",
      "normalized_name": "Well-Yes-But-Actually-No/Well-Yes-But-Actually-No",
      "meme_name": "Well-Yes-But-Actually-No",
      "post_id": 48,
      "english_label": "contempt",
      "response_time_ms": 8200
    },
    {
      "image_path": "Khan/Khan_18.png",
      "label": "其他",
      "response_time": "00:00:06.206",
      "timestamp_unix": 1749705272,
      "timestamp_unix_ms": 1749705272691,
      "timestamp_readable": "2025-06-12 05:14:32.691",
      "normalized_name": "Khan/Khan",
      "meme_name": "Khan",
      "post_id": 18,
      "english_label": "others",
      "response_time_ms": 6206
    },
    {
      "image_path": "Disaster-Girl/Disaster-Girl_12.png",
      "label": "輕蔑",
      "response_time": "00:00:08.402",
      "timestamp_unix": 1749705281,
      "timestamp_unix_ms": 1749705281250,
      "timestamp_readable": "2025-06-12 05:14:41.250",
      "normalized_name": "Disaster-Girl/Disaster-Girl",
      "meme_name": "Disaster-Girl",
      "post_id": 12,
      "english_label": "contempt",
      "response_time_ms": 8402
    },
    {
      "image_path": "Im-The-Captain-Now/Im-The-Captain-Now_43.png",
      "label": "輕蔑",
      "response_time": "00:00:04.409",
      "timestamp_unix": 1749705286,
      "timestamp_unix_ms": 1749705286073,
      "timestamp_readable": "2025-06-12 05:14:46.073",
      "normalized_name": "Im-The-Captain-Now/Im-The-Captain-Now",
      "meme_name": "Im-The-Captain-Now",
      "post_id": 43,
      "english_label": "contempt",
      "response_time_ms": 4409
    },
    {
      "image_path": "Happy--Shock/Happy--Shock_25.png",
      "label": "憤怒",
      "response_time": "00:00:20.501",
      "timestamp_unix": 1749705306,
      "timestamp_unix_ms": 1749705306730,
      "timestamp_readable": "2025-06-12 05:15:06.730",
      "normalized_name": "Happy--Shock/Happy--Shock",
      "meme_name": "Happy--Shock",
      "post_id": 25,
      "english_label": "anger",
      "response_time_ms": 20501
    },
    {
      "image_path": "I-am-once-again-asking/I-am-once-again-asking_34.png",
      "label": "其他",
      "response_time": "00:00:07.902",
      "timestamp_unix": 1749705314,
      "timestamp_unix_ms": 1749705314948,
      "timestamp_readable": "2025-06-12 05:15:14.948",
      "normalized_name": "I-am-once-again-asking/I-am-once-again-asking",
      "meme_name": "I-am-once-again-asking",
      "post_id": 34,
      "english_label": "others",
      "response_time_ms": 7902
    },
    {
      "image_path": "Charlie-Day/Charlie-Day_14.png",
      "label": "憤怒",
      "response_time": "00:00:18.707",
      "timestamp_unix": 1749705334,
      "timestamp_unix_ms": 1749705334101,
      "timestamp_readable": "2025-06-12 05:15:34.101",
      "normalized_name": "Charlie-Day/Charlie-Day",
      "meme_name": "Charlie-Day",
      "post_id": 14,
      "english_label": "anger",
      "response_time_ms": 18707
    },
    {
      "image_path": "Kevin-Hart/Kevin-Hart_24.png",
      "label": "憤怒",
      "response_time": "00:00:06.609",
      "timestamp_unix": 1749705340,
      "timestamp_unix_ms": 1749705340896,
      "timestamp_readable": "2025-06-12 05:15:40.896",
      "normalized_name": "Kevin-Hart/Kevin-Hart",
      "meme_name": "Kevin-Hart",
      "post_id": 24,
      "english_label": "anger",
      "response_time_ms": 6609
    },
    {
      "image_path": "Hide-the-Pain-Harold/Hide-the-Pain-Harold_31.png",
      "label": "輕蔑",
      "response_time": "00:00:09.607",
      "timestamp_unix": 1749705350,
      "timestamp_unix_ms": 1749705350746,
      "timestamp_readable": "2025-06-12 05:15:50.746",
      "normalized_name": "Hide-the-Pain-Harold/Hide-the-Pain-Harold",
      "meme_name": "Hide-the-Pain-Harold",
      "post_id": 31,
      "english_label": "contempt",
      "response_time_ms": 9607
    },
    {
      "image_path": "Monkey-Puppet/Monkey-Puppet_1.png",
      "label": "厭惡",
      "response_time": "00:00:06.101",
      "timestamp_unix": 1749705357,
      "timestamp_unix_ms": 1749705357066,
      "timestamp_readable": "2025-06-12 05:15:57.066",
      "normalized_name": "Monkey-Puppet/Monkey-Puppet",
      "meme_name": "Monkey-Puppet",
      "post_id": 1,
      "english_label": "disgust",
      "response_time_ms": 6101
    },
    {
      "image_path": "Ill-Have-You-Know-Spongebob/Ill-Have-You-Know-Spongebob_6.png",
      "label": "輕蔑",
      "response_time": "00:00:05.006",
      "timestamp_unix": 1749705362,
      "timestamp_unix_ms": 1749705362393,
      "timestamp_readable": "2025-06-12 05:16:02.393",
      "normalized_name": "Ill-Have-You-Know-Spongebob/Ill-Have-You-Know-Spongebob",
      "meme_name": "Ill-Have-You-Know-Spongebob",
      "post_id": 6,
      "english_label": "contempt",
      "response_time_ms": 5006
    },
    {
      "image_path": "Confused-Gandalf/Confused-Gandalf_7.png",
      "label": "厭惡",
      "response_time": "00:00:11.007",
      "timestamp_unix": 1749705373,
      "timestamp_unix_ms": 1749705373795,
      "timestamp_readable": "2025-06-12 05:16:13.795",
      "normalized_name": "Confused-Gandalf/Confused-Gandalf",
      "meme_name": "Confused-Gandalf",
      "post_id": 7,
      "english_label": "disgust",
      "response_time_ms": 11007
    },
    {
      "image_path": "Obi-Wan-Kenobi/Obi-Wan-Kenobi_45.png",
      "label": "輕蔑",
      "response_time": "00:00:15.509",
      "timestamp_unix": 1749705389,
      "timestamp_unix_ms": 1749705389656,
      "timestamp_readable": "2025-06-12 05:16:29.656",
      "normalized_name": "Obi-Wan-Kenobi/Obi-Wan-Kenobi",
      "meme_name": "Obi-Wan-Kenobi",
      "post_id": 45,
      "english_label": "contempt",
      "response_time_ms": 15509
    },
    {
      "image_path": "Arthur-Fist/Arthur-Fist_13.png",
      "label": "憤怒",
      "response_time": "00:00:11.606",
      "timestamp_unix": 1749705401,
      "timestamp_unix_ms": 1749705401480,
      "timestamp_readable": "2025-06-12 05:16:41.480",
      "normalized_name": "Arthur-Fist/Arthur-Fist",
      "meme_name": "Arthur-Fist",
      "post_id": 13,
      "english_label": "anger",
      "response_time_ms": 11606
    },
    {
      "image_path": "Afraid-To-Ask-Andy/Afraid-To-Ask-Andy_3.png",
      "label": "輕蔑",
      "response_time": "00:00:20.005",
      "timestamp_unix": 1749705421,
      "timestamp_unix_ms": 1749705421746,
      "timestamp_readable": "2025-06-12 05:17:01.746",
      "normalized_name": "Afraid-To-Ask-Andy/Afraid-To-Ask-Andy",
      "meme_name": "Afraid-To-Ask-Andy",
      "post_id": 3,
      "english_label": "contempt",
      "response_time_ms": 20005
    },
    {
      "image_path": "Spongebob-Yelling/Spongebob-Yelling_50.png",
      "label": "其他",
      "response_time": "00:00:07.400",
      "timestamp_unix": 1749705429,
      "timestamp_unix_ms": 1749705429360,
      "timestamp_readable": "2025-06-12 05:17:09.360",
      "normalized_name": "Spongebob-Yelling/Spongebob-Yelling",
      "meme_name": "Spongebob-Yelling",
      "post_id": 50,
      "english_label": "others",
      "response_time_ms": 7400
    },
    {
      "image_path": "Black-guy-hiding-behind-tree/Black-guy-hiding-behind-tree_23.png",
      "label": "其他",
      "response_time": "00:00:12.709",
      "timestamp_unix": 1749705442,
      "timestamp_unix_ms": 1749705442530,
      "timestamp_readable": "2025-06-12 05:17:22.530",
      "normalized_name": "Black-guy-hiding-behind-tree/Black-guy-hiding-behind-tree",
      "meme_name": "Black-guy-hiding-behind-tree",
      "post_id": 23,
      "english_label": "others",
      "response_time_ms": 12709
    },
    {
      "image_path": "Surprised-Pikachu/Surprised-Pikachu_19.png",
      "label": "輕蔑",
      "response_time": "00:00:04.901",
      "timestamp_unix": 1749705447,
      "timestamp_unix_ms": 1749705447608,
      "timestamp_readable": "2025-06-12 05:17:27.608",
      "normalized_name": "Surprised-Pikachu/Surprised-Pikachu",
      "meme_name": "Surprised-Pikachu",
      "post_id": 19,
      "english_label": "contempt",
      "response_time_ms": 4901
    },
    {
      "image_path": "Table-Flip-Guy/Table-Flip-Guy_16.png",
      "label": "憤怒",
      "response_time": "00:00:06.610",
      "timestamp_unix": 1749705454,
      "timestamp_unix_ms": 1749705454474,
      "timestamp_readable": "2025-06-12 05:17:34.474",
      "normalized_name": "Table-Flip-Guy/Table-Flip-Guy",
      "meme_name": "Table-Flip-Guy",
      "post_id": 16,
      "english_label": "anger",
      "response_time_ms": 6610
    },
    {
      "image_path": "Dave-chappelle/Dave-chappelle_20.png",
      "label": "厭惡",
      "response_time": "00:00:06.305",
      "timestamp_unix": 1749705461,
      "timestamp_unix_ms": 1749705461034,
      "timestamp_readable": "2025-06-12 05:17:41.034",
      "normalized_name": "Dave-chappelle/Dave-chappelle",
      "meme_name": "Dave-chappelle",
      "post_id": 20,
      "english_label": "disgust",
      "response_time_ms": 6305
    },
    {
      "image_path": "DJ-Pauly-D/DJ-Pauly-D_8.png",
      "label": "憤怒",
      "response_time": "00:00:09.110",
      "timestamp_unix": 1749705470,
      "timestamp_unix_ms": 1749705470296,
      "timestamp_readable": "2025-06-12 05:17:50.296",
      "normalized_name": "DJ-Pauly-D/DJ-Pauly-D",
      "meme_name": "DJ-Pauly-D",
      "post_id": 8,
      "english_label": "anger",
      "response_time_ms": 9110
    },
    {
      "image_path": "Laughing-wolf/Laughing-wolf_11.png",
      "label": "輕蔑",
      "response_time": "00:00:02.503",
      "timestamp_unix": 1749705473,
      "timestamp_unix_ms": 1749705473043,
      "timestamp_readable": "2025-06-12 05:17:53.043",
      "normalized_name": "Laughing-wolf/Laughing-wolf",
      "meme_name": "Laughing-wolf",
      "post_id": 11,
      "english_label": "contempt",
      "response_time_ms": 2503
    },
    {
      "image_path": "Scooby-doo-mask-reveal/Scooby-doo-mask-reveal_42.png",
      "label": "輕蔑",
      "response_time": "00:00:05.603",
      "timestamp_unix": 1749705478,
      "timestamp_unix_ms": 1749705478881,
      "timestamp_readable": "2025-06-12 05:17:58.881",
      "normalized_name": "Scooby-doo-mask-reveal/Scooby-doo-mask-reveal",
      "meme_name": "Scooby-doo-mask-reveal",
      "post_id": 42,
      "english_label": "contempt",
      "response_time_ms": 5603
    },
    {
      "image_path": "Leonardo-Dicaprio-Wolf-Of-Wall-Street/Leonardo-Dicaprio-Wolf-Of-Wall-Street_4.png",
      "label": "其他",
      "response_time": "00:00:11.805",
      "timestamp_unix": 1749705490,
      "timestamp_unix_ms": 1749705490906,
      "timestamp_readable": "2025-06-12 05:18:10.906",
      "normalized_name": "Leonardo-Dicaprio-Wolf-Of-Wall-Street/Leonardo-Dicaprio-Wolf-Of-Wall-Street",
      "meme_name": "Leonardo-Dicaprio-Wolf-Of-Wall-Street",
      "post_id": 4,
      "english_label": "others",
      "response_time_ms": 11805
    },
    {
      "image_path": "attention_check/attention_check_Disgust.png",
      "label": "厭惡",
      "response_time": "00:00:03.108",
      "timestamp_unix": 1749705494,
      "timestamp_unix_ms": 1749705494301,
      "timestamp_readable": "2025-06-12 05:18:14.301",
      "normalized_name": "attention_check/attention_check_Disgust.png",
      "meme_name": "attention_check",
      "post_id": null,
      "english_label": "disgust",
      "response_time_ms": 3108
    },
    {
      "image_path": "Thats-a-paddlin/Thats-a-paddlin_49.png",
      "label": "憤怒",
      "response_time": "00:00:08.303",
      "timestamp_unix": 1749705503,
      "timestamp_unix_ms": 1749705503126,
      "timestamp_readable": "2025-06-12 05:18:23.126",
      "normalized_name": "Thats-a-paddlin/Thats-a-paddlin",
      "meme_name": "Thats-a-paddlin",
      "post_id": 49,
      "english_label": "anger",
      "response_time_ms": 8303
    },
    {
      "image_path": "Batman-Slapping-Robin/Batman-Slapping-Robin_36.png",
      "label": "輕蔑",
      "response_time": "00:00:04.407",
      "timestamp_unix": 1749705507,
      "timestamp_unix_ms": 1749705507711,
      "timestamp_readable": "2025-06-12 05:18:27.711",
      "normalized_name": "Batman-Slapping-Robin/Batman-Slapping-Robin",
      "meme_name": "Batman-Slapping-Robin",
      "post_id": 36,
      "english_label": "contempt",
      "response_time_ms": 4407
    },
    {
      "image_path": "Gru-Gun/Gru-Gun_39.png",
      "label": "厭惡",
      "response_time": "00:00:07.410",
      "timestamp_unix": 1749705515,
      "timestamp_unix_ms": 1749705515565,
      "timestamp_readable": "2025-06-12 05:18:35.565",
      "normalized_name": "Gru-Gun/Gru-Gun",
      "meme_name": "Gru-Gun",
      "post_id": 39,
      "english_label": "disgust",
      "response_time_ms": 7410
    },
    {
      "image_path": "Nuclear-Explosion/Nuclear-Explosion_29.png",
      "label": "輕蔑",
      "response_time": "00:00:04.608",
      "timestamp_unix": 1749705520,
      "timestamp_unix_ms": 1749705520704,
      "timestamp_readable": "2025-06-12 05:18:40.704",
      "normalized_name": "Nuclear-Explosion/Nuclear-Explosion",
      "meme_name": "Nuclear-Explosion",
      "post_id": 29,
      "english_label": "contempt",
      "response_time_ms": 4608
    },
    {
      "image_path": "Persian-Cat-Room-Guardian/Persian-Cat-Room-Guardian_21.png",
      "label": "厭惡",
      "response_time": "00:00:06.101",
      "timestamp_unix": 1749705527,
      "timestamp_unix_ms": 1749705527153,
      "timestamp_readable": "2025-06-12 05:18:47.153",
      "normalized_name": "Persian-Cat-Room-Guardian/Persian-Cat-Room-Guardian",
      "meme_name": "Persian-Cat-Room-Guardian",
      "post_id": 21,
      "english_label": "disgust",
      "response_time_ms": 6101
    }
  ],
  "session_start_unix": 1749704963,
  "session_status": "active",
  "last_updated_unix": 1749705529,
  "image_order": [
    "Spiderman-Hospital/Spiderman-Hospital_41.png",
    "Happy--Shock/Happy--Shock_25.png",
    "Chill-guy/Chill-guy_32.png",
    "I-am-once-again-asking/I-am-once-again-asking_34.png",
    "Math-ladyConfused-lady/Math-ladyConfused-lady_47.png",
    "Archer/Archer_17.png",
    "Leonardo-Dicaprio-Wolf-Of-Wall-Street/Leonardo-Dicaprio-Wolf-Of-Wall-Street_4.png",
    "Mocking-Spongebob/Mocking-Spongebob_2.png",
    "Afraid-To-Ask-Andy/Afraid-To-Ask-Andy_3.png",
    "Charlie-Day/Charlie-Day_14.png",
    "Always-Has-Been/Always-Has-Been_37.png",
    "Picard-Wtf/Picard-Wtf_28.png",
    "Batman-Slapping-Robin/Batman-Slapping-Robin_36.png",
    "For-the-better-right-blank/For-the-better-right-blank_44.png",
    "Drake-NoYes/Drake-NoYes_9.png",
    "Laughing-wolf/Laughing-wolf_11.png",
    "DJ-Pauly-D/DJ-Pauly-D_8.png",
    "Always-you-three/Always-you-three_22.png",
    "Disappointed-Man/Disappointed-Man_46.png",
    "Smudge-the-cat/Smudge-the-cat_30.png",
    "Thats-a-paddlin/Thats-a-paddlin_49.png",
    "attention_check/attention_check_Others.png",
    "Hide-the-Pain-Harold/Hide-the-Pain-Harold_31.png",
    "Hold-fart/Hold-fart_33.png",
    "Im-The-Captain-Now/Im-The-Captain-Now_43.png",
    "Obi-Wan-Kenobi/Obi-Wan-Kenobi_45.png",
    "Spongebob-Yelling/Spongebob-Yelling_50.png",
    "Nuclear-Explosion/Nuclear-Explosion_29.png",
    "Dinkleberg/Dinkleberg_35.png",
    "Scooby-doo-mask-reveal/Scooby-doo-mask-reveal_42.png",
    "Disaster-Girl/Disaster-Girl_12.png",
    "Black-guy-hiding-behind-tree/Black-guy-hiding-behind-tree_23.png",
    "You-The-Real-MVP/You-The-Real-MVP_5.png",
    "Moe-throws-Barney/Moe-throws-Barney_26.png",
    "Ill-Have-You-Know-Spongebob/Ill-Have-You-Know-Spongebob_6.png",
    "Futurama-Fry/Futurama-Fry_10.png",
    "Monkey-Puppet/Monkey-Puppet_1.png",
    "Confused-Gandalf/Confused-Gandalf_7.png",
    "Mr-incredible-mad/Mr-incredible-mad_38.png",
    "Dave-chappelle/Dave-chappelle_20.png",
    "Surprised-Pikachu/Surprised-Pikachu_19.png",
    "Table-Flip-Guy/Table-Flip-Guy_16.png",
    "Kevin-Hart/Kevin-Hart_24.png",
    "Well-Yes-But-Actually-No/Well-Yes-But-Actually-No_48.png",
    "Mr-McMahon-reaction/Mr-McMahon-reaction_27.png",
    "Gru-Gun/Gru-Gun_39.png",
    "attention_check/attention_check_Disgust.png",
    "Persian-Cat-Room-Guardian/Persian-Cat-Room-Guardian_21.png",
    "Put-It-Somewhere-Else-Patrick/Put-It-Somewhere-Else-Patrick_15.png",
    "Angry-Baby/Angry-Baby_40.png",
    "Arthur-Fist/Arthur-Fist_13.png",
    "Khan/Khan_18.png"
  ],
  "completion_status": {
    "practice_completed": true,
    "game_started": true,
    "game_completed": true,
    "summary_viewed": true,
    "email_submitted": false
  },
  "timestamps_unix": {
    "registration_completed": 1749704963,
    "practice_started": 1749704963,
    "practice_completed": 1749705053,
    "game_started": 1749705053,
    "first_label": 1749705059,
    "last_label": 1749705527,
    "game_completed": 1749705529,
    "summary_viewed": 1749705529,
    "email_submitted": null,
    "session_end": null,
    "last_updated": 1749705529
  },
  "timestamps_unix_ms": {
    "registration_completed_ms": 1749704963382,
    "practice_started_ms": 1749704963610,
    "practice_completed_ms": 1749705053543,
    "game_started_ms": 1749705053547,
    "first_label_ms": 1749705059245,
    "last_label_ms": 1749705527153,
    "game_completed_ms": 1749705529509,
    "summary_viewed_ms": 1749705529514,
    "email_submitted_ms": null,
    "session_end_ms": null,
    "last_updated_ms": 1749705529514
  },
  "duration_stats_ms": {
    "total_session_duration_ms": null,
    "practice_duration_ms": 89933,
    "game_duration_ms": 475962,
    "labeling_duration_ms": 467908,
    "email_submission_duration_ms": null
  },
  "filename_updated_unix": 1749705529,
  "original_filename": "user_eb2107",
  "completion_status_in_filename": "summary_viewed"
}