{
  "user_id": "user_cc1191",
  "file_name": "user_cc1191_1750689348_noemail",
  "unix_start_time": 1750689348,
  "unix_start_time_ms": 1750689348636,
  "unix_end_time": null,
  "unix_end_time_ms": null,
  "age": "18-24",
  "gender": "male",
  "user_agent": "Mozilla/5.0 (Macintosh; Intel Mac OS X 10_15_7) AppleWebKit/537.36 (KHTML, like Gecko) Chrome/137.0.0.0 Safari/537.36",
  "user_ip": "118.232.6.142",
  "status": "complete",
  "email_provided": "incomplete",
  "attention_passed": true,
  "start_time_readable": "2025-06-23 14:35:48.636",
  "end_time_readable": null,
  "total_labels": 52,
  "emotion_summary": {
    "anger": 8,
    "contempt": 17,
    "disgust": 13,
    "others": 14
  },
  "email": null,
  "participation": null,
  "total_responses": 52,
  "responses": [
    {
      "image_path": "Leonardo-Dicaprio-Wolf-Of-Wall-Street/Leonardo-Dicaprio-Wolf-Of-Wall-Street_15.png",
      "label": "其他",
      "response_time": "00:00:18.403",
      "timestamp_unix": 1750689421,
      "timestamp_unix_ms": 1750689421133,
      "timestamp_readable": "2025-06-23 14:37:01.133",
      "normalized_name": "Leonardo-Dicaprio-Wolf-Of-Wall-Street/Leonardo-Dicaprio-Wolf-Of-Wall-Street",
      "meme_name": "Leonardo-Dicaprio-Wolf-Of-Wall-Street",
      "post_id": 15,
      "english_label": "others",
      "response_time_ms": 18403
    },
    {
      "image_path": "Arthur-Fist/Arthur-Fist_28.png",
      "label": "厭惡",
      "response_time": "00:00:08.012",
      "timestamp_unix": 1750689429,
      "timestamp_unix_ms": 1750689429231,
      "timestamp_readable": "2025-06-23 14:37:09.231",
      "normalized_name": "Arthur-Fist/Arthur-Fist",
      "meme_name": "Arthur-Fist",
      "post_id": 28,
      "english_label": "disgust",
      "response_time_ms": 8012
    },
    {
      "image_path": "Confused-Gandalf/Confused-Gandalf_25.png",
      "label": "輕蔑",
      "response_time": "00:00:11.006",
      "timestamp_unix": 1750689440,
      "timestamp_unix_ms": 1750689440370,
      "timestamp_readable": "2025-06-23 14:37:20.370",
      "normalized_name": "Confused-Gandalf/Confused-Gandalf",
      "meme_name": "Confused-Gandalf",
      "post_id": 25,
      "english_label": "contempt",
      "response_time_ms": 11006
    },
    {
      "image_path": "Scooby-doo-mask-reveal/Scooby-doo-mask-reveal_36.png",
      "label": "其他",
      "response_time": "00:00:13.508",
      "timestamp_unix": 1750689454,
      "timestamp_unix_ms": 1750689454028,
      "timestamp_readable": "2025-06-23 14:37:34.028",
      "normalized_name": "Scooby-doo-mask-reveal/Scooby-doo-mask-reveal",
      "meme_name": "Scooby-doo-mask-reveal",
      "post_id": 36,
      "english_label": "others",
      "response_time_ms": 13508
    },
    {
      "image_path": "Dave-chappelle/Dave-chappelle_48.png",
      "label": "其他",
      "response_time": "00:00:10.406",
      "timestamp_unix": 1750689464,
      "timestamp_unix_ms": 1750689464534,
      "timestamp_readable": "2025-06-23 14:37:44.534",
      "normalized_name": "Dave-chappelle/Dave-chappelle",
      "meme_name": "Dave-chappelle",
      "post_id": 48,
      "english_label": "others",
      "response_time_ms": 10406
    },
    {
      "image_path": "Surprised-Pikachu/Surprised-Pikachu_16.png",
      "label": "其他",
      "response_time": "00:00:07.003",
      "timestamp_unix": 1750689471,
      "timestamp_unix_ms": 1750689471654,
      "timestamp_readable": "2025-06-23 14:37:51.654",
      "normalized_name": "Surprised-Pikachu/Surprised-Pikachu",
      "meme_name": "Surprised-Pikachu",
      "post_id": 16,
      "english_label": "others",
      "response_time_ms": 7003
    },
    {
      "image_path": "Happy--Shock/Happy--Shock_38.png",
      "label": "輕蔑",
      "response_time": "00:00:11.503",
      "timestamp_unix": 1750689483,
      "timestamp_unix_ms": 1750689483305,
      "timestamp_readable": "2025-06-23 14:38:03.305",
      "normalized_name": "Happy--Shock/Happy--Shock",
      "meme_name": "Happy--Shock",
      "post_id": 38,
      "english_label": "contempt",
      "response_time_ms": 11503
    },
    {
      "image_path": "Dinkleberg/Dinkleberg_10.png",
      "label": "憤怒",
      "response_time": "00:00:04.201",
      "timestamp_unix": 1750689487,
      "timestamp_unix_ms": 1750689487661,
      "timestamp_readable": "2025-06-23 14:38:07.661",
      "normalized_name": "Dinkleberg/Dinkleberg",
      "meme_name": "Dinkleberg",
      "post_id": 10,
      "english_label": "anger",
      "response_time_ms": 4201
    },
    {
      "image_path": "Math-ladyConfused-lady/Math-ladyConfused-lady_43.png",
      "label": "輕蔑",
      "response_time": "00:00:17.708",
      "timestamp_unix": 1750689505,
      "timestamp_unix_ms": 1750689505533,
      "timestamp_readable": "2025-06-23 14:38:25.533",
      "normalized_name": "Math-ladyConfused-lady/Math-ladyConfused-lady",
      "meme_name": "Math-ladyConfused-lady",
      "post_id": 43,
      "english_label": "contempt",
      "response_time_ms": 17708
    },
    {
      "image_path": "Table-Flip-Guy/Table-Flip-Guy_13.png",
      "label": "憤怒",
      "response_time": "00:00:05.201",
      "timestamp_unix": 1750689510,
      "timestamp_unix_ms": 1750689510812,
      "timestamp_readable": "2025-06-23 14:38:30.812",
      "normalized_name": "Table-Flip-Guy/Table-Flip-Guy",
      "meme_name": "Table-Flip-Guy",
      "post_id": 13,
      "english_label": "anger",
      "response_time_ms": 5201
    },
    {
      "image_path": "Hold-fart/Hold-fart_45.png",
      "label": "厭惡",
      "response_time": "00:00:13.103",
      "timestamp_unix": 1750689524,
      "timestamp_unix_ms": 1750689524027,
      "timestamp_readable": "2025-06-23 14:38:44.027",
      "normalized_name": "Hold-fart/Hold-fart",
      "meme_name": "Hold-fart",
      "post_id": 45,
      "english_label": "disgust",
      "response_time_ms": 13103
    },
    {
      "image_path": "Khan/Khan_19.png",
      "label": "憤怒",
      "response_time": "00:00:04.403",
      "timestamp_unix": 1750689528,
      "timestamp_unix_ms": 1750689528553,
      "timestamp_readable": "2025-06-23 14:38:48.553",
      "normalized_name": "Khan/Khan",
      "meme_name": "Khan",
      "post_id": 19,
      "english_label": "anger",
      "response_time_ms": 4403
    },
    {
      "image_path": "Nuclear-Explosion/Nuclear-Explosion_17.png",
      "label": "憤怒",
      "response_time": "00:00:05.008",
      "timestamp_unix": 1750689533,
      "timestamp_unix_ms": 1750689533655,
      "timestamp_readable": "2025-06-23 14:38:53.655",
      "normalized_name": "Nuclear-Explosion/Nuclear-Explosion",
      "meme_name": "Nuclear-Explosion",
      "post_id": 17,
      "english_label": "anger",
      "response_time_ms": 5008
    },
    {
      "image_path": "Drake-NoYes/Drake-NoYes_2.png",
      "label": "輕蔑",
      "response_time": "00:00:04.805",
      "timestamp_unix": 1750689538,
      "timestamp_unix_ms": 1750689538525,
      "timestamp_readable": "2025-06-23 14:38:58.525",
      "normalized_name": "Drake-NoYes/Drake-NoYes",
      "meme_name": "Drake-NoYes",
      "post_id": 2,
      "english_label": "contempt",
      "response_time_ms": 4805
    },
    {
      "image_path": "Batman-Slapping-Robin/Batman-Slapping-Robin_1.png",
      "label": "厭惡",
      "response_time": "00:00:14.804",
      "timestamp_unix": 1750689553,
      "timestamp_unix_ms": 1750689553385,
      "timestamp_readable": "2025-06-23 14:39:13.385",
      "normalized_name": "Batman-Slapping-Robin/Batman-Slapping-Robin",
      "meme_name": "Batman-Slapping-Robin",
      "post_id": 1,
      "english_label": "disgust",
      "response_time_ms": 14804
    },
    {
      "image_path": "Futurama-Fry/Futurama-Fry_39.png",
      "label": "其他",
      "response_time": "00:14:57.717",
      "timestamp_unix": 1750690451,
      "timestamp_unix_ms": 1750690451355,
      "timestamp_readable": "2025-06-23 14:54:11.355",
      "normalized_name": "Futurama-Fry/Futurama-Fry",
      "meme_name": "Futurama-Fry",
      "post_id": 39,
      "english_label": "others",
      "response_time_ms": 897717
    },
    {
      "image_path": "Put-It-Somewhere-Else-Patrick/Put-It-Somewhere-Else-Patrick_8.png",
      "label": "厭惡",
      "response_time": "00:00:11.401",
      "timestamp_unix": 1750690462,
      "timestamp_unix_ms": 1750690462916,
      "timestamp_readable": "2025-06-23 14:54:22.916",
      "normalized_name": "Put-It-Somewhere-Else-Patrick/Put-It-Somewhere-Else-Patrick",
      "meme_name": "Put-It-Somewhere-Else-Patrick",
      "post_id": 8,
      "english_label": "disgust",
      "response_time_ms": 11401
    },
    {
      "image_path": "You-The-Real-MVP/You-The-Real-MVP_3.png",
      "label": "輕蔑",
      "response_time": "00:00:07.905",
      "timestamp_unix": 1750690470,
      "timestamp_unix_ms": 1750690470933,
      "timestamp_readable": "2025-06-23 14:54:30.933",
      "normalized_name": "You-The-Real-MVP/You-The-Real-MVP",
      "meme_name": "You-The-Real-MVP",
      "post_id": 3,
      "english_label": "contempt",
      "response_time_ms": 7905
    },
    {
      "image_path": "Smudge-the-cat/Smudge-the-cat_47.png",
      "label": "憤怒",
      "response_time": "00:00:07.303",
      "timestamp_unix": 1750690478,
      "timestamp_unix_ms": 1750690478332,
      "timestamp_readable": "2025-06-23 14:54:38.332",
      "normalized_name": "Smudge-the-cat/Smudge-the-cat",
      "meme_name": "Smudge-the-cat",
      "post_id": 47,
      "english_label": "anger",
      "response_time_ms": 7303
    },
    {
      "image_path": "Moe-throws-Barney/Moe-throws-Barney_14.png",
      "label": "其他",
      "response_time": "00:00:07.905",
      "timestamp_unix": 1750690486,
      "timestamp_unix_ms": 1750690486318,
      "timestamp_readable": "2025-06-23 14:54:46.318",
      "normalized_name": "Moe-throws-Barney/Moe-throws-Barney",
      "meme_name": "Moe-throws-Barney",
      "post_id": 14,
      "english_label": "others",
      "response_time_ms": 7905
    },
    {
      "image_path": "Angry-Baby/Angry-Baby_32.png",
      "label": "輕蔑",
      "response_time": "00:07:03.606",
      "timestamp_unix": 1750690910,
      "timestamp_unix_ms": 1750690910127,
      "timestamp_readable": "2025-06-23 15:01:50.127",
      "normalized_name": "Angry-Baby/Angry-Baby",
      "meme_name": "Angry-Baby",
      "post_id": 32,
      "english_label": "contempt",
      "response_time_ms": 423606
    },
    {
      "image_path": "Mocking-Spongebob/Mocking-Spongebob_5.png",
      "label": "其他",
      "response_time": "00:00:04.300",
      "timestamp_unix": 1750690914,
      "timestamp_unix_ms": 1750690914536,
      "timestamp_readable": "2025-06-23 15:01:54.536",
      "normalized_name": "Mocking-Spongebob/Mocking-Spongebob",
      "meme_name": "Mocking-Spongebob",
      "post_id": 5,
      "english_label": "others",
      "response_time_ms": 4300
    },
    {
      "image_path": "attention_check/attention_check_Others.png",
      "label": "其他",
      "response_time": "00:00:03.506",
      "timestamp_unix": 1750690918,
      "timestamp_unix_ms": 1750690918142,
      "timestamp_readable": "2025-06-23 15:01:58.142",
      "normalized_name": "attention_check/attention_check_Others.png",
      "meme_name": "attention_check",
      "post_id": null,
      "english_label": "others",
      "response_time_ms": 3506
    },
    {
      "image_path": "Persian-Cat-Room-Guardian/Persian-Cat-Room-Guardian_40.png",
      "label": "厭惡",
      "response_time": "00:01:01.608",
      "timestamp_unix": 1750690979,
      "timestamp_unix_ms": 1750690979854,
      "timestamp_readable": "2025-06-23 15:02:59.854",
      "normalized_name": "Persian-Cat-Room-Guardian/Persian-Cat-Room-Guardian",
      "meme_name": "Persian-Cat-Room-Guardian",
      "post_id": 40,
      "english_label": "disgust",
      "response_time_ms": 61608
    },
    {
      "image_path": "Charlie-Day/Charlie-Day_50.png",
      "label": "憤怒",
      "response_time": "00:01:21.904",
      "timestamp_unix": 1750691061,
      "timestamp_unix_ms": 1750691061915,
      "timestamp_readable": "2025-06-23 15:04:21.915",
      "normalized_name": "Charlie-Day/Charlie-Day",
      "meme_name": "Charlie-Day",
      "post_id": 50,
      "english_label": "anger",
      "response_time_ms": 81904
    },
    {
      "image_path": "Kevin-Hart/Kevin-Hart_11.png",
      "label": "厭惡",
      "response_time": "00:00:05.401",
      "timestamp_unix": 1750691067,
      "timestamp_unix_ms": 1750691067477,
      "timestamp_readable": "2025-06-23 15:04:27.477",
      "normalized_name": "Kevin-Hart/Kevin-Hart",
      "meme_name": "Kevin-Hart",
      "post_id": 11,
      "english_label": "disgust",
      "response_time_ms": 5401
    },
    {
      "image_path": "Spongebob-Yelling/Spongebob-Yelling_46.png",
      "label": "輕蔑",
      "response_time": "00:00:08.501",
      "timestamp_unix": 1750691076,
      "timestamp_unix_ms": 1750691076147,
      "timestamp_readable": "2025-06-23 15:04:36.147",
      "normalized_name": "Spongebob-Yelling/Spongebob-Yelling",
      "meme_name": "Spongebob-Yelling",
      "post_id": 46,
      "english_label": "contempt",
      "response_time_ms": 8501
    },
    {
      "image_path": "Im-The-Captain-Now/Im-The-Captain-Now_37.png",
      "label": "輕蔑",
      "response_time": "00:00:08.205",
      "timestamp_unix": 1750691084,
      "timestamp_unix_ms": 1750691084441,
      "timestamp_readable": "2025-06-23 15:04:44.441",
      "normalized_name": "Im-The-Captain-Now/Im-The-Captain-Now",
      "meme_name": "Im-The-Captain-Now",
      "post_id": 37,
      "english_label": "contempt",
      "response_time_ms": 8205
    },
    {
      "image_path": "DJ-Pauly-D/DJ-Pauly-D_7.png",
      "label": "憤怒",
      "response_time": "00:00:30.205",
      "timestamp_unix": 1750691114,
      "timestamp_unix_ms": 1750691114776,
      "timestamp_readable": "2025-06-23 15:05:14.776",
      "normalized_name": "DJ-Pauly-D/DJ-Pauly-D",
      "meme_name": "DJ-Pauly-D",
      "post_id": 7,
      "english_label": "anger",
      "response_time_ms": 30205
    },
    {
      "image_path": "Archer/Archer_26.png",
      "label": "厭惡",
      "response_time": "00:01:24.603",
      "timestamp_unix": 1750691199,
      "timestamp_unix_ms": 1750691199547,
      "timestamp_readable": "2025-06-23 15:06:39.547",
      "normalized_name": "Archer/Archer",
      "meme_name": "Archer",
      "post_id": 26,
      "english_label": "disgust",
      "response_time_ms": 84603
    },
    {
      "image_path": "Ill-Have-You-Know-Spongebob/Ill-Have-You-Know-Spongebob_49.png",
      "label": "輕蔑",
      "response_time": "00:01:45.503",
      "timestamp_unix": 1750691305,
      "timestamp_unix_ms": 1750691305271,
      "timestamp_readable": "2025-06-23 15:08:25.271",
      "normalized_name": "Ill-Have-You-Know-Spongebob/Ill-Have-You-Know-Spongebob",
      "meme_name": "Ill-Have-You-Know-Spongebob",
      "post_id": 49,
      "english_label": "contempt",
      "response_time_ms": 105503
    },
    {
      "image_path": "Mr-McMahon-reaction/Mr-McMahon-reaction_29.png",
      "label": "其他",
      "response_time": "00:03:06.207",
      "timestamp_unix": 1750691491,
      "timestamp_unix_ms": 1750691491601,
      "timestamp_readable": "2025-06-23 15:11:31.601",
      "normalized_name": "Mr-McMahon-reaction/Mr-McMahon-reaction",
      "meme_name": "Mr-McMahon-reaction",
      "post_id": 29,
      "english_label": "others",
      "response_time_ms": 186207
    },
    {
      "image_path": "Disaster-Girl/Disaster-Girl_20.png",
      "label": "輕蔑",
      "response_time": "00:01:02.003",
      "timestamp_unix": 1750691553,
      "timestamp_unix_ms": 1750691553684,
      "timestamp_readable": "2025-06-23 15:12:33.684",
      "normalized_name": "Disaster-Girl/Disaster-Girl",
      "meme_name": "Disaster-Girl",
      "post_id": 20,
      "english_label": "contempt",
      "response_time_ms": 62003
    },
    {
      "image_path": "Well-Yes-But-Actually-No/Well-Yes-But-Actually-No_24.png",
      "label": "厭惡",
      "response_time": "00:08:36.106",
      "timestamp_unix": 1750692070,
      "timestamp_unix_ms": 1750692070054,
      "timestamp_readable": "2025-06-23 15:21:10.054",
      "normalized_name": "Well-Yes-But-Actually-No/Well-Yes-But-Actually-No",
      "meme_name": "Well-Yes-But-Actually-No",
      "post_id": 24,
      "english_label": "disgust",
      "response_time_ms": 516106
    },
    {
      "image_path": "Monkey-Puppet/Monkey-Puppet_22.png",
      "label": "輕蔑",
      "response_time": "00:00:04.502",
      "timestamp_unix": 1750692074,
      "timestamp_unix_ms": 1750692074641,
      "timestamp_readable": "2025-06-23 15:21:14.641",
      "normalized_name": "Monkey-Puppet/Monkey-Puppet",
      "meme_name": "Monkey-Puppet",
      "post_id": 22,
      "english_label": "contempt",
      "response_time_ms": 4502
    },
    {
      "image_path": "Gru-Gun/Gru-Gun_21.png",
      "label": "輕蔑",
      "response_time": "00:00:21.901",
      "timestamp_unix": 1750692096,
      "timestamp_unix_ms": 1750692096689,
      "timestamp_readable": "2025-06-23 15:21:36.689",
      "normalized_name": "Gru-Gun/Gru-Gun",
      "meme_name": "Gru-Gun",
      "post_id": 21,
      "english_label": "contempt",
      "response_time_ms": 21901
    },
    {
      "image_path": "Always-you-three/Always-you-three_27.png",
      "label": "輕蔑",
      "response_time": "00:01:40.506",
      "timestamp_unix": 1750692197,
      "timestamp_unix_ms": 1750692197328,
      "timestamp_readable": "2025-06-23 15:23:17.328",
      "normalized_name": "Always-you-three/Always-you-three",
      "meme_name": "Always-you-three",
      "post_id": 27,
      "english_label": "contempt",
      "response_time_ms": 100506
    },
    {
      "image_path": "Mr-incredible-mad/Mr-incredible-mad_23.png",
      "label": "其他",
      "response_time": "00:00:23.001",
      "timestamp_unix": 1750692220,
      "timestamp_unix_ms": 1750692220491,
      "timestamp_readable": "2025-06-23 15:23:40.491",
      "normalized_name": "Mr-incredible-mad/Mr-incredible-mad",
      "meme_name": "Mr-incredible-mad",
      "post_id": 23,
      "english_label": "others",
      "response_time_ms": 23001
    },
    {
      "image_path": "Thats-a-paddlin/Thats-a-paddlin_4.png",
      "label": "憤怒",
      "response_time": "00:29:12.183",
      "timestamp_unix": 1750693972,
      "timestamp_unix_ms": 1750693972841,
      "timestamp_readable": "2025-06-23 15:52:52.841",
      "normalized_name": "Thats-a-paddlin/Thats-a-paddlin",
      "meme_name": "Thats-a-paddlin",
      "post_id": 4,
      "english_label": "anger",
      "response_time_ms": 1752183
    },
    {
      "image_path": "Obi-Wan-Kenobi/Obi-Wan-Kenobi_41.png",
      "label": "其他",
      "response_time": "00:00:32.106",
      "timestamp_unix": 1750694005,
      "timestamp_unix_ms": 1750694005071,
      "timestamp_readable": "2025-06-23 15:53:25.071",
      "normalized_name": "Obi-Wan-Kenobi/Obi-Wan-Kenobi",
      "meme_name": "Obi-Wan-Kenobi",
      "post_id": 41,
      "english_label": "others",
      "response_time_ms": 32106
    },
    {
      "image_path": "Spiderman-Hospital/Spiderman-Hospital_31.png",
      "label": "厭惡",
      "response_time": "00:00:18.303",
      "timestamp_unix": 1750694023,
      "timestamp_unix_ms": 1750694023520,
      "timestamp_readable": "2025-06-23 15:53:43.520",
      "normalized_name": "Spiderman-Hospital/Spiderman-Hospital",
      "meme_name": "Spiderman-Hospital",
      "post_id": 31,
      "english_label": "disgust",
      "response_time_ms": 18303
    },
    {
      "image_path": "Laughing-wolf/Laughing-wolf_42.png",
      "label": "輕蔑",
      "response_time": "00:00:39.001",
      "timestamp_unix": 1750694062,
      "timestamp_unix_ms": 1750694062645,
      "timestamp_readable": "2025-06-23 15:54:22.645",
      "normalized_name": "Laughing-wolf/Laughing-wolf",
      "meme_name": "Laughing-wolf",
      "post_id": 42,
      "english_label": "contempt",
      "response_time_ms": 39001
    },
    {
      "image_path": "Always-Has-Been/Always-Has-Been_33.png",
      "label": "其他",
      "response_time": "00:00:18.302",
      "timestamp_unix": 1750694081,
      "timestamp_unix_ms": 1750694081108,
      "timestamp_readable": "2025-06-23 15:54:41.108",
      "normalized_name": "Always-Has-Been/Always-Has-Been",
      "meme_name": "Always-Has-Been",
      "post_id": 33,
      "english_label": "others",
      "response_time_ms": 18302
    },
    {
      "image_path": "Disappointed-Man/Disappointed-Man_12.png",
      "label": "厭惡",
      "response_time": "00:00:06.305",
      "timestamp_unix": 1750694087,
      "timestamp_unix_ms": 1750694087472,
      "timestamp_readable": "2025-06-23 15:54:47.472",
      "normalized_name": "Disappointed-Man/Disappointed-Man",
      "meme_name": "Disappointed-Man",
      "post_id": 12,
      "english_label": "disgust",
      "response_time_ms": 6305
    },
    {
      "image_path": "I-am-once-again-asking/I-am-once-again-asking_34.png",
      "label": "輕蔑",
      "response_time": "00:00:14.206",
      "timestamp_unix": 1750694101,
      "timestamp_unix_ms": 1750694101832,
      "timestamp_readable": "2025-06-23 15:55:01.832",
      "normalized_name": "I-am-once-again-asking/I-am-once-again-asking",
      "meme_name": "I-am-once-again-asking",
      "post_id": 34,
      "english_label": "contempt",
      "response_time_ms": 14206
    },
    {
      "image_path": "Picard-Wtf/Picard-Wtf_18.png",
      "label": "厭惡",
      "response_time": "00:00:09.905",
      "timestamp_unix": 1750694111,
      "timestamp_unix_ms": 1750694111889,
      "timestamp_readable": "2025-06-23 15:55:11.889",
      "normalized_name": "Picard-Wtf/Picard-Wtf",
      "meme_name": "Picard-Wtf",
      "post_id": 18,
      "english_label": "disgust",
      "response_time_ms": 9905
    },
    {
      "image_path": "attention_check/attention_check_Disgust.png",
      "label": "厭惡",
      "response_time": "00:00:03.101",
      "timestamp_unix": 1750694115,
      "timestamp_unix_ms": 1750694115096,
      "timestamp_readable": "2025-06-23 15:55:15.096",
      "normalized_name": "attention_check/attention_check_Disgust.png",
      "meme_name": "attention_check",
      "post_id": null,
      "english_label": "disgust",
      "response_time_ms": 3101
    },
    {
      "image_path": "Chill-guy/Chill-guy_9.png",
      "label": "其他",
      "response_time": "00:01:00.602",
      "timestamp_unix": 1750694175,
      "timestamp_unix_ms": 1750694175809,
      "timestamp_readable": "2025-06-23 15:56:15.809",
      "normalized_name": "Chill-guy/Chill-guy",
      "meme_name": "Chill-guy",
      "post_id": 9,
      "english_label": "others",
      "response_time_ms": 60602
    },
    {
      "image_path": "Hide-the-Pain-Harold/Hide-the-Pain-Harold_30.png",
      "label": "其他",
      "response_time": "00:04:13.114",
      "timestamp_unix": 1750694429,
      "timestamp_unix_ms": 1750694429192,
      "timestamp_readable": "2025-06-23 16:00:29.192",
      "normalized_name": "Hide-the-Pain-Harold/Hide-the-Pain-Harold",
      "meme_name": "Hide-the-Pain-Harold",
      "post_id": 30,
      "english_label": "others",
      "response_time_ms": 253114
    },
    {
      "image_path": "Afraid-To-Ask-Andy/Afraid-To-Ask-Andy_44.png",
      "label": "輕蔑",
      "response_time": "00:00:27.903",
      "timestamp_unix": 1750694457,
      "timestamp_unix_ms": 1750694457178,
      "timestamp_readable": "2025-06-23 16:00:57.178",
      "normalized_name": "Afraid-To-Ask-Andy/Afraid-To-Ask-Andy",
      "meme_name": "Afraid-To-Ask-Andy",
      "post_id": 44,
      "english_label": "contempt",
      "response_time_ms": 27903
    },
    {
      "image_path": "For-the-better-right-blank/For-the-better-right-blank_35.png",
      "label": "輕蔑",
      "response_time": "00:00:41.502",
      "timestamp_unix": 1750694498,
      "timestamp_unix_ms": 1750694498834,
      "timestamp_readable": "2025-06-23 16:01:38.834",
      "normalized_name": "For-the-better-right-blank/For-the-better-right-blank",
      "meme_name": "For-the-better-right-blank",
      "post_id": 35,
      "english_label": "contempt",
      "response_time_ms": 41502
    },
    {
      "image_path": "Black-guy-hiding-behind-tree/Black-guy-hiding-behind-tree_6.png",
      "label": "厭惡",
      "response_time": "00:00:18.103",
      "timestamp_unix": 1750694517,
      "timestamp_unix_ms": 1750694517070,
      "timestamp_readable": "2025-06-23 16:01:57.070",
      "normalized_name": "Black-guy-hiding-behind-tree/Black-guy-hiding-behind-tree",
      "meme_name": "Black-guy-hiding-behind-tree",
      "post_id": 6,
      "english_label": "disgust",
      "response_time_ms": 18103
    }
  ],
  "session_start_unix": 1750689348,
  "session_status": "active",
  "last_updated_unix": 1750694518,
  "image_order": [
    "Spiderman-Hospital/Spiderman-Hospital_31.png",
    "Happy--Shock/Happy--Shock_38.png",
    "Chill-guy/Chill-guy_9.png",
    "I-am-once-again-asking/I-am-once-again-asking_34.png",
    "Math-ladyConfused-lady/Math-ladyConfused-lady_43.png",
    "Archer/Archer_26.png",
    "Leonardo-Dicaprio-Wolf-Of-Wall-Street/Leonardo-Dicaprio-Wolf-Of-Wall-Street_15.png",
    "Mocking-Spongebob/Mocking-Spongebob_5.png",
    "Afraid-To-Ask-Andy/Afraid-To-Ask-Andy_44.png",
    "Charlie-Day/Charlie-Day_50.png",
    "Always-Has-Been/Always-Has-Been_33.png",
    "Picard-Wtf/Picard-Wtf_18.png",
    "Batman-Slapping-Robin/Batman-Slapping-Robin_1.png",
    "For-the-better-right-blank/For-the-better-right-blank_35.png",
    "Drake-NoYes/Drake-NoYes_2.png",
    "Laughing-wolf/Laughing-wolf_42.png",
    "DJ-Pauly-D/DJ-Pauly-D_7.png",
    "Always-you-three/Always-you-three_27.png",
    "Disappointed-Man/Disappointed-Man_12.png",
    "Smudge-the-cat/Smudge-the-cat_47.png",
    "Thats-a-paddlin/Thats-a-paddlin_4.png",
    "Hide-the-Pain-Harold/Hide-the-Pain-Harold_30.png",
    "attention_check/attention_check_Others.png",
    "Hold-fart/Hold-fart_45.png",
    "Im-The-Captain-Now/Im-The-Captain-Now_37.png",
    "Obi-Wan-Kenobi/Obi-Wan-Kenobi_41.png",
    "Spongebob-Yelling/Spongebob-Yelling_46.png",
    "Nuclear-Explosion/Nuclear-Explosion_17.png",
    "Dinkleberg/Dinkleberg_10.png",
    "Scooby-doo-mask-reveal/Scooby-doo-mask-reveal_36.png",
    "Disaster-Girl/Disaster-Girl_20.png",
    "Black-guy-hiding-behind-tree/Black-guy-hiding-behind-tree_6.png",
    "You-The-Real-MVP/You-The-Real-MVP_3.png",
    "Moe-throws-Barney/Moe-throws-Barney_14.png",
    "Ill-Have-You-Know-Spongebob/Ill-Have-You-Know-Spongebob_49.png",
    "Futurama-Fry/Futurama-Fry_39.png",
    "Monkey-Puppet/Monkey-Puppet_22.png",
    "Confused-Gandalf/Confused-Gandalf_25.png",
    "Mr-incredible-mad/Mr-incredible-mad_23.png",
    "Dave-chappelle/Dave-chappelle_48.png",
    "Surprised-Pikachu/Surprised-Pikachu_16.png",
    "Table-Flip-Guy/Table-Flip-Guy_13.png",
    "Kevin-Hart/Kevin-Hart_11.png",
    "Well-Yes-But-Actually-No/Well-Yes-But-Actually-No_24.png",
    "Mr-McMahon-reaction/Mr-McMahon-reaction_29.png",
    "Gru-Gun/Gru-Gun_21.png",
    "attention_check/attention_check_Disgust.png",
    "Persian-Cat-Room-Guardian/Persian-Cat-Room-Guardian_40.png",
    "Put-It-Somewhere-Else-Patrick/Put-It-Somewhere-Else-Patrick_8.png",
    "Angry-Baby/Angry-Baby_32.png",
    "Arthur-Fist/Arthur-Fist_28.png",
    "Khan/Khan_19.png"
  ],
  "completion_status": {
    "practice_completed": true,
    "game_started": true,
    "game_completed": true,
    "summary_viewed": true,
    "email_submitted": false
  },
  "timestamps_unix": {
    "registration_completed": 1750689348,
    "practice_started": 1750689348,
    "practice_completed": 1750689402,
    "game_started": 1750689402,
    "first_label": 1750689421,
    "last_label": 1750694517,
    "game_completed": 1750694518,
    "summary_viewed": 1750694518,
    "email_submitted": null,
    "session_end": null,
    "last_updated": 1750694518
  },
  "timestamps_unix_ms": {
    "registration_completed_ms": 1750689348636,
    "practice_started_ms": 1750689348696,
    "practice_completed_ms": 1750689402105,
    "game_started_ms": 1750689402118,
    "first_label_ms": 1750689421133,
    "last_label_ms": 1750694517070,
    "game_completed_ms": 1750694518569,
    "summary_viewed_ms": 1750694518583,
    "email_submitted_ms": null,
    "session_end_ms": null,
    "last_updated_ms": 1750694518583
  },
  "duration_stats_ms": {
    "total_session_duration_ms": null,
    "practice_duration_ms": 53409,
    "game_duration_ms": 5116451,
    "labeling_duration_ms": 5095937,
    "email_submission_duration_ms": null
  },
  "filename_updated_unix": 1750694518,
  "original_filename": "user_cc1191",
  "completion_status_in_filename": "summary_viewed"
}