{
  "user_id": "user_bf8db9",
  "file_name": "user_bf8db9_1749782065_1749782153_fullycomplete",
  "unix_start_time": 1749782065,
  "unix_start_time_ms": 1749782065303,
  "unix_end_time": 1749782153,
  "unix_end_time_ms": 1749782153753,
  "age": "25-29",
  "gender": "female",
  "user_agent": "Mozilla/5.0 (Windows NT 10.0; Win64; x64) AppleWebKit/537.36 (KHTML, like Gecko) Chrome/137.0.0.0 Safari/537.36",
  "user_ip": "163.29.253.151",
  "status": "complete",
  "email_provided": "complete",
  "attention_passed": false,
  "start_time_readable": "2025-06-13 02:34:25.303",
  "end_time_readable": "2025-06-13 02:35:53.753",
  "total_labels": 52,
  "emotion_summary": {
    "anger": 10,
    "contempt": 9,
    "disgust": 12,
    "others": 21
  },
  "email": "b05a01202@ntu.edu.tw",
  "participation": "yes",
  "total_responses": 52,
  "responses": [
    {
      "image_path": "Dave-chappelle/Dave-chappelle_35.png",
      "label": "輕蔑",
      "response_time": "00:00:02.308",
      "timestamp_unix": 1749782088,
      "timestamp_unix_ms": 1749782088218,
      "timestamp_readable": "2025-06-13 02:34:48.218",
      "normalized_name": "Dave-chappelle/Dave-chappelle",
      "meme_name": "Dave-chappelle",
      "post_id": 35,
      "english_label": "contempt",
      "response_time_ms": 2308
    },
    {
      "image_path": "Disappointed-Man/Disappointed-Man_37.png",
      "label": "厭惡",
      "response_time": "00:00:01.900",
      "timestamp_unix": 1749782090,
      "timestamp_unix_ms": 1749782090252,
      "timestamp_readable": "2025-06-13 02:34:50.252",
      "normalized_name": "Disappointed-Man/Disappointed-Man",
      "meme_name": "Disappointed-Man",
      "post_id": 37,
      "english_label": "disgust",
      "response_time_ms": 1900
    },
    {
      "image_path": "Mocking-Spongebob/Mocking-Spongebob_33.png",
      "label": "其他",
      "response_time": "00:00:01.302",
      "timestamp_unix": 1749782091,
      "timestamp_unix_ms": 1749782091622,
      "timestamp_readable": "2025-06-13 02:34:51.622",
      "normalized_name": "Mocking-Spongebob/Mocking-Spongebob",
      "meme_name": "Mocking-Spongebob",
      "post_id": 33,
      "english_label": "others",
      "response_time_ms": 1302
    },
    {
      "image_path": "Always-Has-Been/Always-Has-Been_28.png",
      "label": "其他",
      "response_time": "00:00:01.606",
      "timestamp_unix": 1749782093,
      "timestamp_unix_ms": 1749782093318,
      "timestamp_readable": "2025-06-13 02:34:53.318",
      "normalized_name": "Always-Has-Been/Always-Has-Been",
      "meme_name": "Always-Has-Been",
      "post_id": 28,
      "english_label": "others",
      "response_time_ms": 1606
    },
    {
      "image_path": "Arthur-Fist/Arthur-Fist_47.png",
      "label": "其他",
      "response_time": "00:00:02.702",
      "timestamp_unix": 1749782096,
      "timestamp_unix_ms": 1749782096117,
      "timestamp_readable": "2025-06-13 02:34:56.117",
      "normalized_name": "Arthur-Fist/Arthur-Fist",
      "meme_name": "Arthur-Fist",
      "post_id": 47,
      "english_label": "others",
      "response_time_ms": 2702
    },
    {
      "image_path": "I-am-once-again-asking/I-am-once-again-asking_27.png",
      "label": "憤怒",
      "response_time": "00:00:02.004",
      "timestamp_unix": 1749782098,
      "timestamp_unix_ms": 1749782098215,
      "timestamp_readable": "2025-06-13 02:34:58.215",
      "normalized_name": "I-am-once-again-asking/I-am-once-again-asking",
      "meme_name": "I-am-once-again-asking",
      "post_id": 27,
      "english_label": "anger",
      "response_time_ms": 2004
    },
    {
      "image_path": "Kevin-Hart/Kevin-Hart_15.png",
      "label": "憤怒",
      "response_time": "00:00:01.700",
      "timestamp_unix": 1749782099,
      "timestamp_unix_ms": 1749782099983,
      "timestamp_readable": "2025-06-13 02:34:59.983",
      "normalized_name": "Kevin-Hart/Kevin-Hart",
      "meme_name": "Kevin-Hart",
      "post_id": 15,
      "english_label": "anger",
      "response_time_ms": 1700
    },
    {
      "image_path": "Put-It-Somewhere-Else-Patrick/Put-It-Somewhere-Else-Patrick_46.png",
      "label": "厭惡",
      "response_time": "00:00:01.612",
      "timestamp_unix": 1749782101,
      "timestamp_unix_ms": 1749782101651,
      "timestamp_readable": "2025-06-13 02:35:01.651",
      "normalized_name": "Put-It-Somewhere-Else-Patrick/Put-It-Somewhere-Else-Patrick",
      "meme_name": "Put-It-Somewhere-Else-Patrick",
      "post_id": 46,
      "english_label": "disgust",
      "response_time_ms": 1612
    },
    {
      "image_path": "Gru-Gun/Gru-Gun_32.png",
      "label": "厭惡",
      "response_time": "00:00:00.709",
      "timestamp_unix": 1749782102,
      "timestamp_unix_ms": 1749782102449,
      "timestamp_readable": "2025-06-13 02:35:02.449",
      "normalized_name": "Gru-Gun/Gru-Gun",
      "meme_name": "Gru-Gun",
      "post_id": 32,
      "english_label": "disgust",
      "response_time_ms": 709
    },
    {
      "image_path": "Ill-Have-You-Know-Spongebob/Ill-Have-You-Know-Spongebob_2.png",
      "label": "其他",
      "response_time": "00:00:01.903",
      "timestamp_unix": 1749782104,
      "timestamp_unix_ms": 1749782104484,
      "timestamp_readable": "2025-06-13 02:35:04.484",
      "normalized_name": "Ill-Have-You-Know-Spongebob/Ill-Have-You-Know-Spongebob",
      "meme_name": "Ill-Have-You-Know-Spongebob",
      "post_id": 2,
      "english_label": "others",
      "response_time_ms": 1903
    },
    {
      "image_path": "Khan/Khan_29.png",
      "label": "輕蔑",
      "response_time": "00:00:02.212",
      "timestamp_unix": 1749782106,
      "timestamp_unix_ms": 1749782106801,
      "timestamp_readable": "2025-06-13 02:35:06.801",
      "normalized_name": "Khan/Khan",
      "meme_name": "Khan",
      "post_id": 29,
      "english_label": "contempt",
      "response_time_ms": 2212
    },
    {
      "image_path": "Hide-the-Pain-Harold/Hide-the-Pain-Harold_7.png",
      "label": "其他",
      "response_time": "00:00:02.801",
      "timestamp_unix": 1749782109,
      "timestamp_unix_ms": 1749782109701,
      "timestamp_readable": "2025-06-13 02:35:09.701",
      "normalized_name": "Hide-the-Pain-Harold/Hide-the-Pain-Harold",
      "meme_name": "Hide-the-Pain-Harold",
      "post_id": 7,
      "english_label": "others",
      "response_time_ms": 2801
    },
    {
      "image_path": "For-the-better-right-blank/For-the-better-right-blank_43.png",
      "label": "其他",
      "response_time": "00:00:01.597",
      "timestamp_unix": 1749782111,
      "timestamp_unix_ms": 1749782111365,
      "timestamp_readable": "2025-06-13 02:35:11.365",
      "normalized_name": "For-the-better-right-blank/For-the-better-right-blank",
      "meme_name": "For-the-better-right-blank",
      "post_id": 43,
      "english_label": "others",
      "response_time_ms": 1597
    },
    {
      "image_path": "Im-The-Captain-Now/Im-The-Captain-Now_17.png",
      "label": "憤怒",
      "response_time": "00:00:01.901",
      "timestamp_unix": 1749782113,
      "timestamp_unix_ms": 1749782113315,
      "timestamp_readable": "2025-06-13 02:35:13.315",
      "normalized_name": "Im-The-Captain-Now/Im-The-Captain-Now",
      "meme_name": "Im-The-Captain-Now",
      "post_id": 17,
      "english_label": "anger",
      "response_time_ms": 1901
    },
    {
      "image_path": "Leonardo-Dicaprio-Wolf-Of-Wall-Street/Leonardo-Dicaprio-Wolf-Of-Wall-Street_30.png",
      "label": "厭惡",
      "response_time": "00:00:01.501",
      "timestamp_unix": 1749782114,
      "timestamp_unix_ms": 1749782114899,
      "timestamp_readable": "2025-06-13 02:35:14.899",
      "normalized_name": "Leonardo-Dicaprio-Wolf-Of-Wall-Street/Leonardo-Dicaprio-Wolf-Of-Wall-Street",
      "meme_name": "Leonardo-Dicaprio-Wolf-Of-Wall-Street",
      "post_id": 30,
      "english_label": "disgust",
      "response_time_ms": 1501
    },
    {
      "image_path": "Persian-Cat-Room-Guardian/Persian-Cat-Room-Guardian_44.png",
      "label": "憤怒",
      "response_time": "00:00:00.800",
      "timestamp_unix": 1749782115,
      "timestamp_unix_ms": 1749782115785,
      "timestamp_readable": "2025-06-13 02:35:15.785",
      "normalized_name": "Persian-Cat-Room-Guardian/Persian-Cat-Room-Guardian",
      "meme_name": "Persian-Cat-Room-Guardian",
      "post_id": 44,
      "english_label": "anger",
      "response_time_ms": 800
    },
    {
      "image_path": "Hold-fart/Hold-fart_13.png",
      "label": "厭惡",
      "response_time": "00:00:00.513",
      "timestamp_unix": 1749782116,
      "timestamp_unix_ms": 1749782116351,
      "timestamp_readable": "2025-06-13 02:35:16.351",
      "normalized_name": "Hold-fart/Hold-fart",
      "meme_name": "Hold-fart",
      "post_id": 13,
      "english_label": "disgust",
      "response_time_ms": 513
    },
    {
      "image_path": "Monkey-Puppet/Monkey-Puppet_19.png",
      "label": "輕蔑",
      "response_time": "00:00:00.413",
      "timestamp_unix": 1749782116,
      "timestamp_unix_ms": 1749782116832,
      "timestamp_readable": "2025-06-13 02:35:16.832",
      "normalized_name": "Monkey-Puppet/Monkey-Puppet",
      "meme_name": "Monkey-Puppet",
      "post_id": 19,
      "english_label": "contempt",
      "response_time_ms": 413
    },
    {
      "image_path": "Archer/Archer_22.png",
      "label": "輕蔑",
      "response_time": "00:00:00.500",
      "timestamp_unix": 1749782117,
      "timestamp_unix_ms": 1749782117466,
      "timestamp_readable": "2025-06-13 02:35:17.466",
      "normalized_name": "Archer/Archer",
      "meme_name": "Archer",
      "post_id": 22,
      "english_label": "contempt",
      "response_time_ms": 500
    },
    {
      "image_path": "Mr-incredible-mad/Mr-incredible-mad_18.png",
      "label": "其他",
      "response_time": "00:00:00.501",
      "timestamp_unix": 1749782118,
      "timestamp_unix_ms": 1749782118031,
      "timestamp_readable": "2025-06-13 02:35:18.031",
      "normalized_name": "Mr-incredible-mad/Mr-incredible-mad",
      "meme_name": "Mr-incredible-mad",
      "post_id": 18,
      "english_label": "others",
      "response_time_ms": 501
    },
    {
      "image_path": "Table-Flip-Guy/Table-Flip-Guy_5.png",
      "label": "憤怒",
      "response_time": "00:00:00.801",
      "timestamp_unix": 1749782118,
      "timestamp_unix_ms": 1749782118900,
      "timestamp_readable": "2025-06-13 02:35:18.900",
      "normalized_name": "Table-Flip-Guy/Table-Flip-Guy",
      "meme_name": "Table-Flip-Guy",
      "post_id": 5,
      "english_label": "anger",
      "response_time_ms": 801
    },
    {
      "image_path": "attention_check/attention_check_Contempt.png",
      "label": "厭惡",
      "response_time": "00:00:00.606",
      "timestamp_unix": 1749782119,
      "timestamp_unix_ms": 1749782119649,
      "timestamp_readable": "2025-06-13 02:35:19.649",
      "normalized_name": "attention_check/attention_check_Contempt.png",
      "meme_name": "attention_check",
      "post_id": null,
      "english_label": "disgust",
      "response_time_ms": 606
    },
    {
      "image_path": "Always-you-three/Always-you-three_31.png",
      "label": "憤怒",
      "response_time": "00:00:00.712",
      "timestamp_unix": 1749782120,
      "timestamp_unix_ms": 1749782120483,
      "timestamp_readable": "2025-06-13 02:35:20.483",
      "normalized_name": "Always-you-three/Always-you-three",
      "meme_name": "Always-you-three",
      "post_id": 31,
      "english_label": "anger",
      "response_time_ms": 712
    },
    {
      "image_path": "Well-Yes-But-Actually-No/Well-Yes-But-Actually-No_38.png",
      "label": "其他",
      "response_time": "00:00:00.606",
      "timestamp_unix": 1749782121,
      "timestamp_unix_ms": 1749782121197,
      "timestamp_readable": "2025-06-13 02:35:21.197",
      "normalized_name": "Well-Yes-But-Actually-No/Well-Yes-But-Actually-No",
      "meme_name": "Well-Yes-But-Actually-No",
      "post_id": 38,
      "english_label": "others",
      "response_time_ms": 606
    },
    {
      "image_path": "Dinkleberg/Dinkleberg_21.png",
      "label": "輕蔑",
      "response_time": "00:00:00.514",
      "timestamp_unix": 1749782121,
      "timestamp_unix_ms": 1749782121817,
      "timestamp_readable": "2025-06-13 02:35:21.817",
      "normalized_name": "Dinkleberg/Dinkleberg",
      "meme_name": "Dinkleberg",
      "post_id": 21,
      "english_label": "contempt",
      "response_time_ms": 514
    },
    {
      "image_path": "You-The-Real-MVP/You-The-Real-MVP_16.png",
      "label": "其他",
      "response_time": "00:00:00.714",
      "timestamp_unix": 1749782122,
      "timestamp_unix_ms": 1749782122565,
      "timestamp_readable": "2025-06-13 02:35:22.565",
      "normalized_name": "You-The-Real-MVP/You-The-Real-MVP",
      "meme_name": "You-The-Real-MVP",
      "post_id": 16,
      "english_label": "others",
      "response_time_ms": 714
    },
    {
      "image_path": "Scooby-doo-mask-reveal/Scooby-doo-mask-reveal_42.png",
      "label": "其他",
      "response_time": "00:00:00.902",
      "timestamp_unix": 1749782123,
      "timestamp_unix_ms": 1749782123600,
      "timestamp_readable": "2025-06-13 02:35:23.600",
      "normalized_name": "Scooby-doo-mask-reveal/Scooby-doo-mask-reveal",
      "meme_name": "Scooby-doo-mask-reveal",
      "post_id": 42,
      "english_label": "others",
      "response_time_ms": 902
    },
    {
      "image_path": "Black-guy-hiding-behind-tree/Black-guy-hiding-behind-tree_1.png",
      "label": "其他",
      "response_time": "00:00:00.613",
      "timestamp_unix": 1749782124,
      "timestamp_unix_ms": 1749782124267,
      "timestamp_readable": "2025-06-13 02:35:24.267",
      "normalized_name": "Black-guy-hiding-behind-tree/Black-guy-hiding-behind-tree",
      "meme_name": "Black-guy-hiding-behind-tree",
      "post_id": 1,
      "english_label": "others",
      "response_time_ms": 613
    },
    {
      "image_path": "Batman-Slapping-Robin/Batman-Slapping-Robin_8.png",
      "label": "其他",
      "response_time": "00:00:00.710",
      "timestamp_unix": 1749782125,
      "timestamp_unix_ms": 1749782125082,
      "timestamp_readable": "2025-06-13 02:35:25.082",
      "normalized_name": "Batman-Slapping-Robin/Batman-Slapping-Robin",
      "meme_name": "Batman-Slapping-Robin",
      "post_id": 8,
      "english_label": "others",
      "response_time_ms": 710
    },
    {
      "image_path": "Happy--Shock/Happy--Shock_48.png",
      "label": "厭惡",
      "response_time": "00:00:00.505",
      "timestamp_unix": 1749782125,
      "timestamp_unix_ms": 1749782125715,
      "timestamp_readable": "2025-06-13 02:35:25.715",
      "normalized_name": "Happy--Shock/Happy--Shock",
      "meme_name": "Happy--Shock",
      "post_id": 48,
      "english_label": "disgust",
      "response_time_ms": 505
    },
    {
      "image_path": "Chill-guy/Chill-guy_3.png",
      "label": "厭惡",
      "response_time": "00:00:00.808",
      "timestamp_unix": 1749782126,
      "timestamp_unix_ms": 1749782126567,
      "timestamp_readable": "2025-06-13 02:35:26.567",
      "normalized_name": "Chill-guy/Chill-guy",
      "meme_name": "Chill-guy",
      "post_id": 3,
      "english_label": "disgust",
      "response_time_ms": 808
    },
    {
      "image_path": "Spiderman-Hospital/Spiderman-Hospital_14.png",
      "label": "輕蔑",
      "response_time": "00:00:00.612",
      "timestamp_unix": 1749782127,
      "timestamp_unix_ms": 1749782127264,
      "timestamp_readable": "2025-06-13 02:35:27.264",
      "normalized_name": "Spiderman-Hospital/Spiderman-Hospital",
      "meme_name": "Spiderman-Hospital",
      "post_id": 14,
      "english_label": "contempt",
      "response_time_ms": 612
    },
    {
      "image_path": "Drake-NoYes/Drake-NoYes_50.png",
      "label": "其他",
      "response_time": "00:00:00.500",
      "timestamp_unix": 1749782127,
      "timestamp_unix_ms": 1749782127867,
      "timestamp_readable": "2025-06-13 02:35:27.867",
      "normalized_name": "Drake-NoYes/Drake-NoYes",
      "meme_name": "Drake-NoYes",
      "post_id": 50,
      "english_label": "others",
      "response_time_ms": 500
    },
    {
      "image_path": "Surprised-Pikachu/Surprised-Pikachu_36.png",
      "label": "憤怒",
      "response_time": "00:00:00.500",
      "timestamp_unix": 1749782128,
      "timestamp_unix_ms": 1749782128433,
      "timestamp_readable": "2025-06-13 02:35:28.433",
      "normalized_name": "Surprised-Pikachu/Surprised-Pikachu",
      "meme_name": "Surprised-Pikachu",
      "post_id": 36,
      "english_label": "anger",
      "response_time_ms": 500
    },
    {
      "image_path": "Thats-a-paddlin/Thats-a-paddlin_24.png",
      "label": "厭惡",
      "response_time": "00:00:00.715",
      "timestamp_unix": 1749782129,
      "timestamp_unix_ms": 1749782129182,
      "timestamp_readable": "2025-06-13 02:35:29.182",
      "normalized_name": "Thats-a-paddlin/Thats-a-paddlin",
      "meme_name": "Thats-a-paddlin",
      "post_id": 24,
      "english_label": "disgust",
      "response_time_ms": 715
    },
    {
      "image_path": "Picard-Wtf/Picard-Wtf_4.png",
      "label": "憤怒",
      "response_time": "00:00:00.516",
      "timestamp_unix": 1749782129,
      "timestamp_unix_ms": 1749782129764,
      "timestamp_readable": "2025-06-13 02:35:29.764",
      "normalized_name": "Picard-Wtf/Picard-Wtf",
      "meme_name": "Picard-Wtf",
      "post_id": 4,
      "english_label": "anger",
      "response_time_ms": 516
    },
    {
      "image_path": "Charlie-Day/Charlie-Day_10.png",
      "label": "輕蔑",
      "response_time": "00:00:00.503",
      "timestamp_unix": 1749782130,
      "timestamp_unix_ms": 1749782130384,
      "timestamp_readable": "2025-06-13 02:35:30.384",
      "normalized_name": "Charlie-Day/Charlie-Day",
      "meme_name": "Charlie-Day",
      "post_id": 10,
      "english_label": "contempt",
      "response_time_ms": 503
    },
    {
      "image_path": "Disaster-Girl/Disaster-Girl_26.png",
      "label": "其他",
      "response_time": "00:00:00.505",
      "timestamp_unix": 1749782130,
      "timestamp_unix_ms": 1749782130983,
      "timestamp_readable": "2025-06-13 02:35:30.983",
      "normalized_name": "Disaster-Girl/Disaster-Girl",
      "meme_name": "Disaster-Girl",
      "post_id": 26,
      "english_label": "others",
      "response_time_ms": 505
    },
    {
      "image_path": "Smudge-the-cat/Smudge-the-cat_45.png",
      "label": "厭惡",
      "response_time": "00:00:00.511",
      "timestamp_unix": 1749782131,
      "timestamp_unix_ms": 1749782131633,
      "timestamp_readable": "2025-06-13 02:35:31.633",
      "normalized_name": "Smudge-the-cat/Smudge-the-cat",
      "meme_name": "Smudge-the-cat",
      "post_id": 45,
      "english_label": "disgust",
      "response_time_ms": 511
    },
    {
      "image_path": "Obi-Wan-Kenobi/Obi-Wan-Kenobi_12.png",
      "label": "輕蔑",
      "response_time": "00:00:00.503",
      "timestamp_unix": 1749782132,
      "timestamp_unix_ms": 1749782132233,
      "timestamp_readable": "2025-06-13 02:35:32.233",
      "normalized_name": "Obi-Wan-Kenobi/Obi-Wan-Kenobi",
      "meme_name": "Obi-Wan-Kenobi",
      "post_id": 12,
      "english_label": "contempt",
      "response_time_ms": 503
    },
    {
      "image_path": "Mr-McMahon-reaction/Mr-McMahon-reaction_39.png",
      "label": "其他",
      "response_time": "00:00:00.611",
      "timestamp_unix": 1749782132,
      "timestamp_unix_ms": 1749782132934,
      "timestamp_readable": "2025-06-13 02:35:32.934",
      "normalized_name": "Mr-McMahon-reaction/Mr-McMahon-reaction",
      "meme_name": "Mr-McMahon-reaction",
      "post_id": 39,
      "english_label": "others",
      "response_time_ms": 611
    },
    {
      "image_path": "Moe-throws-Barney/Moe-throws-Barney_41.png",
      "label": "其他",
      "response_time": "00:00:00.714",
      "timestamp_unix": 1749782133,
      "timestamp_unix_ms": 1749782133682,
      "timestamp_readable": "2025-06-13 02:35:33.682",
      "normalized_name": "Moe-throws-Barney/Moe-throws-Barney",
      "meme_name": "Moe-throws-Barney",
      "post_id": 41,
      "english_label": "others",
      "response_time_ms": 714
    },
    {
      "image_path": "Spongebob-Yelling/Spongebob-Yelling_49.png",
      "label": "其他",
      "response_time": "00:00:00.613",
      "timestamp_unix": 1749782134,
      "timestamp_unix_ms": 1749782134365,
      "timestamp_readable": "2025-06-13 02:35:34.365",
      "normalized_name": "Spongebob-Yelling/Spongebob-Yelling",
      "meme_name": "Spongebob-Yelling",
      "post_id": 49,
      "english_label": "others",
      "response_time_ms": 613
    },
    {
      "image_path": "Afraid-To-Ask-Andy/Afraid-To-Ask-Andy_9.png",
      "label": "憤怒",
      "response_time": "00:00:00.611",
      "timestamp_unix": 1749782135,
      "timestamp_unix_ms": 1749782135100,
      "timestamp_readable": "2025-06-13 02:35:35.100",
      "normalized_name": "Afraid-To-Ask-Andy/Afraid-To-Ask-Andy",
      "meme_name": "Afraid-To-Ask-Andy",
      "post_id": 9,
      "english_label": "anger",
      "response_time_ms": 611
    },
    {
      "image_path": "Futurama-Fry/Futurama-Fry_20.png",
      "label": "憤怒",
      "response_time": "00:00:00.611",
      "timestamp_unix": 1749782135,
      "timestamp_unix_ms": 1749782135817,
      "timestamp_readable": "2025-06-13 02:35:35.817",
      "normalized_name": "Futurama-Fry/Futurama-Fry",
      "meme_name": "Futurama-Fry",
      "post_id": 20,
      "english_label": "anger",
      "response_time_ms": 611
    },
    {
      "image_path": "Math-ladyConfused-lady/Math-ladyConfused-lady_11.png",
      "label": "厭惡",
      "response_time": "00:00:00.613",
      "timestamp_unix": 1749782136,
      "timestamp_unix_ms": 1749782136464,
      "timestamp_readable": "2025-06-13 02:35:36.464",
      "normalized_name": "Math-ladyConfused-lady/Math-ladyConfused-lady",
      "meme_name": "Math-ladyConfused-lady",
      "post_id": 11,
      "english_label": "disgust",
      "response_time_ms": 613
    },
    {
      "image_path": "attention_check/attention_check_Anger.png",
      "label": "輕蔑",
      "response_time": "00:00:00.611",
      "timestamp_unix": 1749782137,
      "timestamp_unix_ms": 1749782137130,
      "timestamp_readable": "2025-06-13 02:35:37.130",
      "normalized_name": "attention_check/attention_check_Anger.png",
      "meme_name": "attention_check",
      "post_id": null,
      "english_label": "contempt",
      "response_time_ms": 611
    },
    {
      "image_path": "Confused-Gandalf/Confused-Gandalf_23.png",
      "label": "厭惡",
      "response_time": "00:00:00.501",
      "timestamp_unix": 1749782137,
      "timestamp_unix_ms": 1749782137699,
      "timestamp_readable": "2025-06-13 02:35:37.699",
      "normalized_name": "Confused-Gandalf/Confused-Gandalf",
      "meme_name": "Confused-Gandalf",
      "post_id": 23,
      "english_label": "disgust",
      "response_time_ms": 501
    },
    {
      "image_path": "Nuclear-Explosion/Nuclear-Explosion_25.png",
      "label": "其他",
      "response_time": "00:00:00.501",
      "timestamp_unix": 1749782138,
      "timestamp_unix_ms": 1749782138265,
      "timestamp_readable": "2025-06-13 02:35:38.265",
      "normalized_name": "Nuclear-Explosion/Nuclear-Explosion",
      "meme_name": "Nuclear-Explosion",
      "post_id": 25,
      "english_label": "others",
      "response_time_ms": 501
    },
    {
      "image_path": "Angry-Baby/Angry-Baby_34.png",
      "label": "其他",
      "response_time": "00:00:00.608",
      "timestamp_unix": 1749782138,
      "timestamp_unix_ms": 1749782138999,
      "timestamp_readable": "2025-06-13 02:35:38.999",
      "normalized_name": "Angry-Baby/Angry-Baby",
      "meme_name": "Angry-Baby",
      "post_id": 34,
      "english_label": "others",
      "response_time_ms": 608
    },
    {
      "image_path": "Laughing-wolf/Laughing-wolf_40.png",
      "label": "其他",
      "response_time": "00:00:00.606",
      "timestamp_unix": 1749782139,
      "timestamp_unix_ms": 1749782139649,
      "timestamp_readable": "2025-06-13 02:35:39.649",
      "normalized_name": "Laughing-wolf/Laughing-wolf",
      "meme_name": "Laughing-wolf",
      "post_id": 40,
      "english_label": "others",
      "response_time_ms": 606
    },
    {
      "image_path": "DJ-Pauly-D/DJ-Pauly-D_6.png",
      "label": "其他",
      "response_time": "00:00:00.603",
      "timestamp_unix": 1749782140,
      "timestamp_unix_ms": 1749782140346,
      "timestamp_readable": "2025-06-13 02:35:40.346",
      "normalized_name": "DJ-Pauly-D/DJ-Pauly-D",
      "meme_name": "DJ-Pauly-D",
      "post_id": 6,
      "english_label": "others",
      "response_time_ms": 603
    }
  ],
  "session_start_unix": 1749782065,
  "session_status": "completed",
  "last_updated_unix": 1749782153,
  "image_order": [
    "Spiderman-Hospital/Spiderman-Hospital_14.png",
    "Happy--Shock/Happy--Shock_48.png",
    "Chill-guy/Chill-guy_3.png",
    "I-am-once-again-asking/I-am-once-again-asking_27.png",
    "Math-ladyConfused-lady/Math-ladyConfused-lady_11.png",
    "Archer/Archer_22.png",
    "Leonardo-Dicaprio-Wolf-Of-Wall-Street/Leonardo-Dicaprio-Wolf-Of-Wall-Street_30.png",
    "Mocking-Spongebob/Mocking-Spongebob_33.png",
    "Afraid-To-Ask-Andy/Afraid-To-Ask-Andy_9.png",
    "Charlie-Day/Charlie-Day_10.png",
    "Always-Has-Been/Always-Has-Been_28.png",
    "Picard-Wtf/Picard-Wtf_4.png",
    "Batman-Slapping-Robin/Batman-Slapping-Robin_8.png",
    "For-the-better-right-blank/For-the-better-right-blank_43.png",
    "Drake-NoYes/Drake-NoYes_50.png",
    "Laughing-wolf/Laughing-wolf_40.png",
    "DJ-Pauly-D/DJ-Pauly-D_6.png",
    "Always-you-three/Always-you-three_31.png",
    "Disappointed-Man/Disappointed-Man_37.png",
    "Smudge-the-cat/Smudge-the-cat_45.png",
    "Thats-a-paddlin/Thats-a-paddlin_24.png",
    "attention_check/attention_check_Contempt.png",
    "Hide-the-Pain-Harold/Hide-the-Pain-Harold_7.png",
    "Hold-fart/Hold-fart_13.png",
    "Im-The-Captain-Now/Im-The-Captain-Now_17.png",
    "Obi-Wan-Kenobi/Obi-Wan-Kenobi_12.png",
    "Spongebob-Yelling/Spongebob-Yelling_49.png",
    "Nuclear-Explosion/Nuclear-Explosion_25.png",
    "Dinkleberg/Dinkleberg_21.png",
    "Scooby-doo-mask-reveal/Scooby-doo-mask-reveal_42.png",
    "Disaster-Girl/Disaster-Girl_26.png",
    "Black-guy-hiding-behind-tree/Black-guy-hiding-behind-tree_1.png",
    "You-The-Real-MVP/You-The-Real-MVP_16.png",
    "Moe-throws-Barney/Moe-throws-Barney_41.png",
    "Ill-Have-You-Know-Spongebob/Ill-Have-You-Know-Spongebob_2.png",
    "Futurama-Fry/Futurama-Fry_20.png",
    "Monkey-Puppet/Monkey-Puppet_19.png",
    "Confused-Gandalf/Confused-Gandalf_23.png",
    "Mr-incredible-mad/Mr-incredible-mad_18.png",
    "Dave-chappelle/Dave-chappelle_35.png",
    "Surprised-Pikachu/Surprised-Pikachu_36.png",
    "Table-Flip-Guy/Table-Flip-Guy_5.png",
    "Kevin-Hart/Kevin-Hart_15.png",
    "Well-Yes-But-Actually-No/Well-Yes-But-Actually-No_38.png",
    "Mr-McMahon-reaction/Mr-McMahon-reaction_39.png",
    "Gru-Gun/Gru-Gun_32.png",
    "attention_check/attention_check_Anger.png",
    "Persian-Cat-Room-Guardian/Persian-Cat-Room-Guardian_44.png",
    "Put-It-Somewhere-Else-Patrick/Put-It-Somewhere-Else-Patrick_46.png",
    "Angry-Baby/Angry-Baby_34.png",
    "Arthur-Fist/Arthur-Fist_47.png",
    "Khan/Khan_29.png"
  ],
  "completion_status": {
    "practice_completed": true,
    "game_started": true,
    "game_completed": true,
    "summary_viewed": true,
    "email_submitted": true
  },
  "timestamps_unix": {
    "registration_completed": 1749782065,
    "practice_started": 1749782065,
    "practice_completed": 1749782085,
    "game_started": 1749782085,
    "first_label": 1749782088,
    "last_label": 1749782140,
    "game_completed": 1749782141,
    "summary_viewed": 1749782141,
    "email_submitted": 1749782153,
    "session_end": 1749782153,
    "last_updated": 1749782153
  },
  "timestamps_unix_ms": {
    "registration_completed_ms": 1749782065303,
    "practice_started_ms": 1749782065352,
    "practice_completed_ms": 1749782085768,
    "game_started_ms": 1749782085785,
    "first_label_ms": 1749782088218,
    "last_label_ms": 1749782140346,
    "game_completed_ms": 1749782141894,
    "summary_viewed_ms": 1749782141914,
    "email_submitted_ms": 1749782153735,
    "session_end_ms": 1749782153735,
    "last_updated_ms": 1749782153735
  },
  "duration_stats_ms": {
    "total_session_duration_ms": 88432,
    "practice_duration_ms": 20416,
    "game_duration_ms": 56109,
    "labeling_duration_ms": 52128,
    "email_submission_duration_ms": 11821
  },
  "filename_updated_unix": 1749782141,
  "original_filename": "user_bf8db9",
  "completion_status_in_filename": "email_submitted"
}