{
  "user_id": "user_272a12",
  "file_name": "user_272a12",
  "unix_start_time": 1750053278,
  "unix_start_time_ms": 1750053278054,
  "unix_end_time": null,
  "unix_end_time_ms": null,
  "age": "30-34",
  "gender": "female",
  "user_agent": "Mozilla/5.0 (Linux; Android 15; SM-S9080 Build/AP3A.240905.015.A2; wv) AppleWebKit/537.36 (KHTML, like Gecko) Version/4.0 Chrome/137.0.7151.89 Mobile Safari/537.36 Line/15.7.1/IAB",
  "user_ip": "49.217.130.65",
  "status": "incomplete",
  "email_provided": "incomplete",
  "attention_passed": null,
  "start_time_readable": "2025-06-16 05:54:38.054",
  "end_time_readable": null,
  "total_labels": 0,
  "emotion_summary": {
    "anger": 0,
    "contempt": 0,
    "disgust": 0,
    "others": 0
  },
  "email": null,
  "participation": null,
  "total_responses": 0,
  "responses": [],
  "session_start_unix": 1750053278,
  "session_status": "active",
  "last_updated_unix": 1750053278,
  "image_order": [],
  "completion_status": {
    "practice_completed": false,
    "game_started": false,
    "game_completed": false,
    "summary_viewed": false,
    "email_submitted": false
  },
  "timestamps_unix": {
    "registration_completed": 1750053278,
    "practice_started": 1750053278,
    "practice_completed": null,
    "game_started": null,
    "first_label": null,
    "last_label": null,
    "game_completed": null,
    "summary_viewed": null,
    "email_submitted": null,
    "session_end": null,
    "last_updated": 1750053278
  },
  "timestamps_unix_ms": {
    "registration_completed_ms": 1750053278054,
    "practice_started_ms": 1750053278140,
    "practice_completed_ms": null,
    "game_started_ms": null,
    "first_label_ms": null,
    "last_label_ms": null,
    "game_completed_ms": null,
    "summary_viewed_ms": null,
    "email_submitted_ms": null,
    "session_end_ms": null,
    "last_updated_ms": 1750053278140
  },
  "duration_stats_ms": {
    "total_session_duration_ms": null,
    "practice_duration_ms": null,
    "game_duration_ms": null,
    "labeling_duration_ms": null,
    "email_submission_duration_ms": null
  }
}