{
  "user_id": "user_dee334",
  "file_name": "user_dee334_1750090173_1750090738_fullycomplete",
  "unix_start_time": 1750090173,
  "unix_start_time_ms": 1750090173757,
  "unix_end_time": 1750090738,
  "unix_end_time_ms": 1750090738658,
  "age": "45-49",
  "gender": "female",
  "user_agent": "Mozilla/5.0 (Windows NT 6.1; Win64; x64) AppleWebKit/537.36 (KHTML, like Gecko) Chrome/109.0.0.0 Safari/537.36",
  "user_ip": "61.231.36.86",
  "status": "complete",
  "email_provided": "complete",
  "attention_passed": true,
  "start_time_readable": "2025-06-16 16:09:33.757",
  "end_time_readable": "2025-06-16 16:18:58.658",
  "total_labels": 52,
  "emotion_summary": {
    "anger": 14,
    "contempt": 22,
    "disgust": 6,
    "others": 10
  },
  "email": "juying.chiou@gmail.com",
  "participation": "yes",
  "total_responses": 52,
  "responses": [
    {
      "image_path": "Afraid-To-Ask-Andy/Afraid-To-Ask-Andy_37.png",
      "label": "輕蔑",
      "response_time": "00:00:08.803",
      "timestamp_unix": 1750090250,
      "timestamp_unix_ms": 1750090250256,
      "timestamp_readable": "2025-06-16 16:10:50.256",
      "normalized_name": "Afraid-To-Ask-Andy/Afraid-To-Ask-Andy",
      "meme_name": "Afraid-To-Ask-Andy",
      "post_id": 37,
      "english_label": "contempt",
      "response_time_ms": 8803
    },
    {
      "image_path": "Hold-fart/Hold-fart_45.png",
      "label": "輕蔑",
      "response_time": "00:00:12.101",
      "timestamp_unix": 1750090262,
      "timestamp_unix_ms": 1750090262487,
      "timestamp_readable": "2025-06-16 16:11:02.487",
      "normalized_name": "Hold-fart/Hold-fart",
      "meme_name": "Hold-fart",
      "post_id": 45,
      "english_label": "contempt",
      "response_time_ms": 12101
    },
    {
      "image_path": "Angry-Baby/Angry-Baby_1.png",
      "label": "憤怒",
      "response_time": "00:00:06.905",
      "timestamp_unix": 1750090269,
      "timestamp_unix_ms": 1750090269525,
      "timestamp_readable": "2025-06-16 16:11:09.525",
      "normalized_name": "Angry-Baby/Angry-Baby",
      "meme_name": "Angry-Baby",
      "post_id": 1,
      "english_label": "anger",
      "response_time_ms": 6905
    },
    {
      "image_path": "Ill-Have-You-Know-Spongebob/Ill-Have-You-Know-Spongebob_17.png",
      "label": "輕蔑",
      "response_time": "00:00:08.601",
      "timestamp_unix": 1750090278,
      "timestamp_unix_ms": 1750090278178,
      "timestamp_readable": "2025-06-16 16:11:18.178",
      "normalized_name": "Ill-Have-You-Know-Spongebob/Ill-Have-You-Know-Spongebob",
      "meme_name": "Ill-Have-You-Know-Spongebob",
      "post_id": 17,
      "english_label": "contempt",
      "response_time_ms": 8601
    },
    {
      "image_path": "For-the-better-right-blank/For-the-better-right-blank_7.png",
      "label": "厭惡",
      "response_time": "00:00:14.608",
      "timestamp_unix": 1750090292,
      "timestamp_unix_ms": 1750090292877,
      "timestamp_readable": "2025-06-16 16:11:32.877",
      "normalized_name": "For-the-better-right-blank/For-the-better-right-blank",
      "meme_name": "For-the-better-right-blank",
      "post_id": 7,
      "english_label": "disgust",
      "response_time_ms": 14608
    },
    {
      "image_path": "Happy--Shock/Happy--Shock_4.png",
      "label": "其他",
      "response_time": "00:00:05.803",
      "timestamp_unix": 1750090298,
      "timestamp_unix_ms": 1750090298801,
      "timestamp_readable": "2025-06-16 16:11:38.801",
      "normalized_name": "Happy--Shock/Happy--Shock",
      "meme_name": "Happy--Shock",
      "post_id": 4,
      "english_label": "others",
      "response_time_ms": 5803
    },
    {
      "image_path": "Smudge-the-cat/Smudge-the-cat_48.png",
      "label": "其他",
      "response_time": "00:00:19.407",
      "timestamp_unix": 1750090318,
      "timestamp_unix_ms": 1750090318277,
      "timestamp_readable": "2025-06-16 16:11:58.277",
      "normalized_name": "Smudge-the-cat/Smudge-the-cat",
      "meme_name": "Smudge-the-cat",
      "post_id": 48,
      "english_label": "others",
      "response_time_ms": 19407
    },
    {
      "image_path": "Charlie-Day/Charlie-Day_41.png",
      "label": "其他",
      "response_time": "00:00:12.201",
      "timestamp_unix": 1750090330,
      "timestamp_unix_ms": 1750090330588,
      "timestamp_readable": "2025-06-16 16:12:10.588",
      "normalized_name": "Charlie-Day/Charlie-Day",
      "meme_name": "Charlie-Day",
      "post_id": 41,
      "english_label": "others",
      "response_time_ms": 12201
    },
    {
      "image_path": "Monkey-Puppet/Monkey-Puppet_11.png",
      "label": "輕蔑",
      "response_time": "00:00:08.502",
      "timestamp_unix": 1750090339,
      "timestamp_unix_ms": 1750090339161,
      "timestamp_readable": "2025-06-16 16:12:19.161",
      "normalized_name": "Monkey-Puppet/Monkey-Puppet",
      "meme_name": "Monkey-Puppet",
      "post_id": 11,
      "english_label": "contempt",
      "response_time_ms": 8502
    },
    {
      "image_path": "Obi-Wan-Kenobi/Obi-Wan-Kenobi_22.png",
      "label": "輕蔑",
      "response_time": "00:00:04.904",
      "timestamp_unix": 1750090344,
      "timestamp_unix_ms": 1750090344168,
      "timestamp_readable": "2025-06-16 16:12:24.168",
      "normalized_name": "Obi-Wan-Kenobi/Obi-Wan-Kenobi",
      "meme_name": "Obi-Wan-Kenobi",
      "post_id": 22,
      "english_label": "contempt",
      "response_time_ms": 4904
    },
    {
      "image_path": "Disappointed-Man/Disappointed-Man_44.png",
      "label": "憤怒",
      "response_time": "00:00:05.007",
      "timestamp_unix": 1750090349,
      "timestamp_unix_ms": 1750090349229,
      "timestamp_readable": "2025-06-16 16:12:29.229",
      "normalized_name": "Disappointed-Man/Disappointed-Man",
      "meme_name": "Disappointed-Man",
      "post_id": 44,
      "english_label": "anger",
      "response_time_ms": 5007
    },
    {
      "image_path": "Dinkleberg/Dinkleberg_34.png",
      "label": "輕蔑",
      "response_time": "00:00:11.702",
      "timestamp_unix": 1750090360,
      "timestamp_unix_ms": 1750090360979,
      "timestamp_readable": "2025-06-16 16:12:40.979",
      "normalized_name": "Dinkleberg/Dinkleberg",
      "meme_name": "Dinkleberg",
      "post_id": 34,
      "english_label": "contempt",
      "response_time_ms": 11702
    },
    {
      "image_path": "I-am-once-again-asking/I-am-once-again-asking_9.png",
      "label": "憤怒",
      "response_time": "00:00:05.203",
      "timestamp_unix": 1750090366,
      "timestamp_unix_ms": 1750090366313,
      "timestamp_readable": "2025-06-16 16:12:46.313",
      "normalized_name": "I-am-once-again-asking/I-am-once-again-asking",
      "meme_name": "I-am-once-again-asking",
      "post_id": 9,
      "english_label": "anger",
      "response_time_ms": 5203
    },
    {
      "image_path": "Moe-throws-Barney/Moe-throws-Barney_29.png",
      "label": "其他",
      "response_time": "00:00:19.401",
      "timestamp_unix": 1750090385,
      "timestamp_unix_ms": 1750090385843,
      "timestamp_readable": "2025-06-16 16:13:05.843",
      "normalized_name": "Moe-throws-Barney/Moe-throws-Barney",
      "meme_name": "Moe-throws-Barney",
      "post_id": 29,
      "english_label": "others",
      "response_time_ms": 19401
    },
    {
      "image_path": "Mocking-Spongebob/Mocking-Spongebob_47.png",
      "label": "厭惡",
      "response_time": "00:00:16.200",
      "timestamp_unix": 1750090402,
      "timestamp_unix_ms": 1750090402196,
      "timestamp_readable": "2025-06-16 16:13:22.196",
      "normalized_name": "Mocking-Spongebob/Mocking-Spongebob",
      "meme_name": "Mocking-Spongebob",
      "post_id": 47,
      "english_label": "disgust",
      "response_time_ms": 16200
    },
    {
      "image_path": "Surprised-Pikachu/Surprised-Pikachu_43.png",
      "label": "輕蔑",
      "response_time": "00:00:04.205",
      "timestamp_unix": 1750090406,
      "timestamp_unix_ms": 1750090406530,
      "timestamp_readable": "2025-06-16 16:13:26.530",
      "normalized_name": "Surprised-Pikachu/Surprised-Pikachu",
      "meme_name": "Surprised-Pikachu",
      "post_id": 43,
      "english_label": "contempt",
      "response_time_ms": 4205
    },
    {
      "image_path": "Put-It-Somewhere-Else-Patrick/Put-It-Somewhere-Else-Patrick_20.png",
      "label": "輕蔑",
      "response_time": "00:00:11.607",
      "timestamp_unix": 1750090418,
      "timestamp_unix_ms": 1750090418227,
      "timestamp_readable": "2025-06-16 16:13:38.227",
      "normalized_name": "Put-It-Somewhere-Else-Patrick/Put-It-Somewhere-Else-Patrick",
      "meme_name": "Put-It-Somewhere-Else-Patrick",
      "post_id": 20,
      "english_label": "contempt",
      "response_time_ms": 11607
    },
    {
      "image_path": "Dave-chappelle/Dave-chappelle_27.png",
      "label": "輕蔑",
      "response_time": "00:00:04.702",
      "timestamp_unix": 1750090423,
      "timestamp_unix_ms": 1750090423064,
      "timestamp_readable": "2025-06-16 16:13:43.064",
      "normalized_name": "Dave-chappelle/Dave-chappelle",
      "meme_name": "Dave-chappelle",
      "post_id": 27,
      "english_label": "contempt",
      "response_time_ms": 4702
    },
    {
      "image_path": "Im-The-Captain-Now/Im-The-Captain-Now_21.png",
      "label": "厭惡",
      "response_time": "00:00:10.806",
      "timestamp_unix": 1750090433,
      "timestamp_unix_ms": 1750090433987,
      "timestamp_readable": "2025-06-16 16:13:53.987",
      "normalized_name": "Im-The-Captain-Now/Im-The-Captain-Now",
      "meme_name": "Im-The-Captain-Now",
      "post_id": 21,
      "english_label": "disgust",
      "response_time_ms": 10806
    },
    {
      "image_path": "Gru-Gun/Gru-Gun_39.png",
      "label": "憤怒",
      "response_time": "00:00:09.704",
      "timestamp_unix": 1750090443,
      "timestamp_unix_ms": 1750090443774,
      "timestamp_readable": "2025-06-16 16:14:03.774",
      "normalized_name": "Gru-Gun/Gru-Gun",
      "meme_name": "Gru-Gun",
      "post_id": 39,
      "english_label": "anger",
      "response_time_ms": 9704
    },
    {
      "image_path": "Disaster-Girl/Disaster-Girl_26.png",
      "label": "輕蔑",
      "response_time": "00:00:09.907",
      "timestamp_unix": 1750090453,
      "timestamp_unix_ms": 1750090453754,
      "timestamp_readable": "2025-06-16 16:14:13.754",
      "normalized_name": "Disaster-Girl/Disaster-Girl",
      "meme_name": "Disaster-Girl",
      "post_id": 26,
      "english_label": "contempt",
      "response_time_ms": 9907
    },
    {
      "image_path": "Futurama-Fry/Futurama-Fry_40.png",
      "label": "厭惡",
      "response_time": "00:00:07.305",
      "timestamp_unix": 1750090461,
      "timestamp_unix_ms": 1750090461130,
      "timestamp_readable": "2025-06-16 16:14:21.130",
      "normalized_name": "Futurama-Fry/Futurama-Fry",
      "meme_name": "Futurama-Fry",
      "post_id": 40,
      "english_label": "disgust",
      "response_time_ms": 7305
    },
    {
      "image_path": "Always-you-three/Always-you-three_31.png",
      "label": "輕蔑",
      "response_time": "00:00:13.101",
      "timestamp_unix": 1750090474,
      "timestamp_unix_ms": 1750090474381,
      "timestamp_readable": "2025-06-16 16:14:34.381",
      "normalized_name": "Always-you-three/Always-you-three",
      "meme_name": "Always-you-three",
      "post_id": 31,
      "english_label": "contempt",
      "response_time_ms": 13101
    },
    {
      "image_path": "Table-Flip-Guy/Table-Flip-Guy_16.png",
      "label": "憤怒",
      "response_time": "00:00:05.907",
      "timestamp_unix": 1750090480,
      "timestamp_unix_ms": 1750090480366,
      "timestamp_readable": "2025-06-16 16:14:40.366",
      "normalized_name": "Table-Flip-Guy/Table-Flip-Guy",
      "meme_name": "Table-Flip-Guy",
      "post_id": 16,
      "english_label": "anger",
      "response_time_ms": 5907
    },
    {
      "image_path": "Spongebob-Yelling/Spongebob-Yelling_38.png",
      "label": "憤怒",
      "response_time": "00:00:11.403",
      "timestamp_unix": 1750090491,
      "timestamp_unix_ms": 1750090491846,
      "timestamp_readable": "2025-06-16 16:14:51.846",
      "normalized_name": "Spongebob-Yelling/Spongebob-Yelling",
      "meme_name": "Spongebob-Yelling",
      "post_id": 38,
      "english_label": "anger",
      "response_time_ms": 11403
    },
    {
      "image_path": "attention_check/attention_check_Disgust.png",
      "label": "厭惡",
      "response_time": "00:00:02.600",
      "timestamp_unix": 1750090494,
      "timestamp_unix_ms": 1750090494561,
      "timestamp_readable": "2025-06-16 16:14:54.561",
      "normalized_name": "attention_check/attention_check_Disgust.png",
      "meme_name": "attention_check",
      "post_id": null,
      "english_label": "disgust",
      "response_time_ms": 2600
    },
    {
      "image_path": "Spiderman-Hospital/Spiderman-Hospital_13.png",
      "label": "厭惡",
      "response_time": "00:00:13.300",
      "timestamp_unix": 1750090507,
      "timestamp_unix_ms": 1750090507963,
      "timestamp_readable": "2025-06-16 16:15:07.963",
      "normalized_name": "Spiderman-Hospital/Spiderman-Hospital",
      "meme_name": "Spiderman-Hospital",
      "post_id": 13,
      "english_label": "disgust",
      "response_time_ms": 13300
    },
    {
      "image_path": "Persian-Cat-Room-Guardian/Persian-Cat-Room-Guardian_35.png",
      "label": "輕蔑",
      "response_time": "00:00:09.601",
      "timestamp_unix": 1750090517,
      "timestamp_unix_ms": 1750090517713,
      "timestamp_readable": "2025-06-16 16:15:17.713",
      "normalized_name": "Persian-Cat-Room-Guardian/Persian-Cat-Room-Guardian",
      "meme_name": "Persian-Cat-Room-Guardian",
      "post_id": 35,
      "english_label": "contempt",
      "response_time_ms": 9601
    },
    {
      "image_path": "Scooby-doo-mask-reveal/Scooby-doo-mask-reveal_32.png",
      "label": "憤怒",
      "response_time": "00:00:10.001",
      "timestamp_unix": 1750090527,
      "timestamp_unix_ms": 1750090527804,
      "timestamp_readable": "2025-06-16 16:15:27.804",
      "normalized_name": "Scooby-doo-mask-reveal/Scooby-doo-mask-reveal",
      "meme_name": "Scooby-doo-mask-reveal",
      "post_id": 32,
      "english_label": "anger",
      "response_time_ms": 10001
    },
    {
      "image_path": "Archer/Archer_23.png",
      "label": "輕蔑",
      "response_time": "00:00:12.204",
      "timestamp_unix": 1750090540,
      "timestamp_unix_ms": 1750090540137,
      "timestamp_readable": "2025-06-16 16:15:40.137",
      "normalized_name": "Archer/Archer",
      "meme_name": "Archer",
      "post_id": 23,
      "english_label": "contempt",
      "response_time_ms": 12204
    },
    {
      "image_path": "Batman-Slapping-Robin/Batman-Slapping-Robin_10.png",
      "label": "輕蔑",
      "response_time": "00:00:10.108",
      "timestamp_unix": 1750090550,
      "timestamp_unix_ms": 1750090550351,
      "timestamp_readable": "2025-06-16 16:15:50.351",
      "normalized_name": "Batman-Slapping-Robin/Batman-Slapping-Robin",
      "meme_name": "Batman-Slapping-Robin",
      "post_id": 10,
      "english_label": "contempt",
      "response_time_ms": 10108
    },
    {
      "image_path": "Khan/Khan_28.png",
      "label": "輕蔑",
      "response_time": "00:00:09.708",
      "timestamp_unix": 1750090560,
      "timestamp_unix_ms": 1750090560133,
      "timestamp_readable": "2025-06-16 16:16:00.133",
      "normalized_name": "Khan/Khan",
      "meme_name": "Khan",
      "post_id": 28,
      "english_label": "contempt",
      "response_time_ms": 9708
    },
    {
      "image_path": "Confused-Gandalf/Confused-Gandalf_25.png",
      "label": "輕蔑",
      "response_time": "00:00:07.705",
      "timestamp_unix": 1750090567,
      "timestamp_unix_ms": 1750090567911,
      "timestamp_readable": "2025-06-16 16:16:07.911",
      "normalized_name": "Confused-Gandalf/Confused-Gandalf",
      "meme_name": "Confused-Gandalf",
      "post_id": 25,
      "english_label": "contempt",
      "response_time_ms": 7705
    },
    {
      "image_path": "Black-guy-hiding-behind-tree/Black-guy-hiding-behind-tree_46.png",
      "label": "憤怒",
      "response_time": "00:00:06.305",
      "timestamp_unix": 1750090574,
      "timestamp_unix_ms": 1750090574342,
      "timestamp_readable": "2025-06-16 16:16:14.342",
      "normalized_name": "Black-guy-hiding-behind-tree/Black-guy-hiding-behind-tree",
      "meme_name": "Black-guy-hiding-behind-tree",
      "post_id": 46,
      "english_label": "anger",
      "response_time_ms": 6305
    },
    {
      "image_path": "Well-Yes-But-Actually-No/Well-Yes-But-Actually-No_33.png",
      "label": "其他",
      "response_time": "00:00:10.804",
      "timestamp_unix": 1750090585,
      "timestamp_unix_ms": 1750090585253,
      "timestamp_readable": "2025-06-16 16:16:25.253",
      "normalized_name": "Well-Yes-But-Actually-No/Well-Yes-But-Actually-No",
      "meme_name": "Well-Yes-But-Actually-No",
      "post_id": 33,
      "english_label": "others",
      "response_time_ms": 10804
    },
    {
      "image_path": "Mr-McMahon-reaction/Mr-McMahon-reaction_50.png",
      "label": "憤怒",
      "response_time": "00:00:07.301",
      "timestamp_unix": 1750090592,
      "timestamp_unix_ms": 1750090592654,
      "timestamp_readable": "2025-06-16 16:16:32.654",
      "normalized_name": "Mr-McMahon-reaction/Mr-McMahon-reaction",
      "meme_name": "Mr-McMahon-reaction",
      "post_id": 50,
      "english_label": "anger",
      "response_time_ms": 7301
    },
    {
      "image_path": "Kevin-Hart/Kevin-Hart_2.png",
      "label": "其他",
      "response_time": "00:00:08.508",
      "timestamp_unix": 1750090601,
      "timestamp_unix_ms": 1750090601265,
      "timestamp_readable": "2025-06-16 16:16:41.265",
      "normalized_name": "Kevin-Hart/Kevin-Hart",
      "meme_name": "Kevin-Hart",
      "post_id": 2,
      "english_label": "others",
      "response_time_ms": 8508
    },
    {
      "image_path": "Arthur-Fist/Arthur-Fist_3.png",
      "label": "憤怒",
      "response_time": "00:00:08.901",
      "timestamp_unix": 1750090610,
      "timestamp_unix_ms": 1750090610296,
      "timestamp_readable": "2025-06-16 16:16:50.296",
      "normalized_name": "Arthur-Fist/Arthur-Fist",
      "meme_name": "Arthur-Fist",
      "post_id": 3,
      "english_label": "anger",
      "response_time_ms": 8901
    },
    {
      "image_path": "Always-Has-Been/Always-Has-Been_30.png",
      "label": "輕蔑",
      "response_time": "00:00:06.202",
      "timestamp_unix": 1750090616,
      "timestamp_unix_ms": 1750090616567,
      "timestamp_readable": "2025-06-16 16:16:56.567",
      "normalized_name": "Always-Has-Been/Always-Has-Been",
      "meme_name": "Always-Has-Been",
      "post_id": 30,
      "english_label": "contempt",
      "response_time_ms": 6202
    },
    {
      "image_path": "You-The-Real-MVP/You-The-Real-MVP_15.png",
      "label": "其他",
      "response_time": "00:00:10.705",
      "timestamp_unix": 1750090627,
      "timestamp_unix_ms": 1750090627380,
      "timestamp_readable": "2025-06-16 16:17:07.380",
      "normalized_name": "You-The-Real-MVP/You-The-Real-MVP",
      "meme_name": "You-The-Real-MVP",
      "post_id": 15,
      "english_label": "others",
      "response_time_ms": 10705
    },
    {
      "image_path": "Math-ladyConfused-lady/Math-ladyConfused-lady_49.png",
      "label": "輕蔑",
      "response_time": "00:00:06.902",
      "timestamp_unix": 1750090634,
      "timestamp_unix_ms": 1750090634350,
      "timestamp_readable": "2025-06-16 16:17:14.350",
      "normalized_name": "Math-ladyConfused-lady/Math-ladyConfused-lady",
      "meme_name": "Math-ladyConfused-lady",
      "post_id": 49,
      "english_label": "contempt",
      "response_time_ms": 6902
    },
    {
      "image_path": "Laughing-wolf/Laughing-wolf_6.png",
      "label": "輕蔑",
      "response_time": "00:00:14.200",
      "timestamp_unix": 1750090648,
      "timestamp_unix_ms": 1750090648702,
      "timestamp_readable": "2025-06-16 16:17:28.702",
      "normalized_name": "Laughing-wolf/Laughing-wolf",
      "meme_name": "Laughing-wolf",
      "post_id": 6,
      "english_label": "contempt",
      "response_time_ms": 14200
    },
    {
      "image_path": "Hide-the-Pain-Harold/Hide-the-Pain-Harold_19.png",
      "label": "輕蔑",
      "response_time": "00:00:06.402",
      "timestamp_unix": 1750090655,
      "timestamp_unix_ms": 1750090655244,
      "timestamp_readable": "2025-06-16 16:17:35.244",
      "normalized_name": "Hide-the-Pain-Harold/Hide-the-Pain-Harold",
      "meme_name": "Hide-the-Pain-Harold",
      "post_id": 19,
      "english_label": "contempt",
      "response_time_ms": 6402
    },
    {
      "image_path": "Nuclear-Explosion/Nuclear-Explosion_24.png",
      "label": "輕蔑",
      "response_time": "00:00:15.205",
      "timestamp_unix": 1750090670,
      "timestamp_unix_ms": 1750090670504,
      "timestamp_readable": "2025-06-16 16:17:50.504",
      "normalized_name": "Nuclear-Explosion/Nuclear-Explosion",
      "meme_name": "Nuclear-Explosion",
      "post_id": 24,
      "english_label": "contempt",
      "response_time_ms": 15205
    },
    {
      "image_path": "Thats-a-paddlin/Thats-a-paddlin_36.png",
      "label": "憤怒",
      "response_time": "00:00:06.306",
      "timestamp_unix": 1750090676,
      "timestamp_unix_ms": 1750090676894,
      "timestamp_readable": "2025-06-16 16:17:56.894",
      "normalized_name": "Thats-a-paddlin/Thats-a-paddlin",
      "meme_name": "Thats-a-paddlin",
      "post_id": 36,
      "english_label": "anger",
      "response_time_ms": 6306
    },
    {
      "image_path": "Mr-incredible-mad/Mr-incredible-mad_5.png",
      "label": "憤怒",
      "response_time": "00:00:08.802",
      "timestamp_unix": 1750090685,
      "timestamp_unix_ms": 1750090685844,
      "timestamp_readable": "2025-06-16 16:18:05.844",
      "normalized_name": "Mr-incredible-mad/Mr-incredible-mad",
      "meme_name": "Mr-incredible-mad",
      "post_id": 5,
      "english_label": "anger",
      "response_time_ms": 8802
    },
    {
      "image_path": "Chill-guy/Chill-guy_18.png",
      "label": "其他",
      "response_time": "00:00:07.203",
      "timestamp_unix": 1750090693,
      "timestamp_unix_ms": 1750090693146,
      "timestamp_readable": "2025-06-16 16:18:13.146",
      "normalized_name": "Chill-guy/Chill-guy",
      "meme_name": "Chill-guy",
      "post_id": 18,
      "english_label": "others",
      "response_time_ms": 7203
    },
    {
      "image_path": "Picard-Wtf/Picard-Wtf_14.png",
      "label": "憤怒",
      "response_time": "00:00:05.001",
      "timestamp_unix": 1750090698,
      "timestamp_unix_ms": 1750090698233,
      "timestamp_readable": "2025-06-16 16:18:18.233",
      "normalized_name": "Picard-Wtf/Picard-Wtf",
      "meme_name": "Picard-Wtf",
      "post_id": 14,
      "english_label": "anger",
      "response_time_ms": 5001
    },
    {
      "image_path": "DJ-Pauly-D/DJ-Pauly-D_8.png",
      "label": "憤怒",
      "response_time": "00:00:08.703",
      "timestamp_unix": 1750090707,
      "timestamp_unix_ms": 1750090707010,
      "timestamp_readable": "2025-06-16 16:18:27.010",
      "normalized_name": "DJ-Pauly-D/DJ-Pauly-D",
      "meme_name": "DJ-Pauly-D",
      "post_id": 8,
      "english_label": "anger",
      "response_time_ms": 8703
    },
    {
      "image_path": "Drake-NoYes/Drake-NoYes_42.png",
      "label": "其他",
      "response_time": "00:00:06.308",
      "timestamp_unix": 1750090713,
      "timestamp_unix_ms": 1750090713445,
      "timestamp_readable": "2025-06-16 16:18:33.445",
      "normalized_name": "Drake-NoYes/Drake-NoYes",
      "meme_name": "Drake-NoYes",
      "post_id": 42,
      "english_label": "others",
      "response_time_ms": 6308
    },
    {
      "image_path": "attention_check/attention_check_Others.png",
      "label": "其他",
      "response_time": "00:00:01.906",
      "timestamp_unix": 1750090715,
      "timestamp_unix_ms": 1750090715445,
      "timestamp_readable": "2025-06-16 16:18:35.445",
      "normalized_name": "attention_check/attention_check_Others.png",
      "meme_name": "attention_check",
      "post_id": null,
      "english_label": "others",
      "response_time_ms": 1906
    },
    {
      "image_path": "Leonardo-Dicaprio-Wolf-Of-Wall-Street/Leonardo-Dicaprio-Wolf-Of-Wall-Street_12.png",
      "label": "輕蔑",
      "response_time": "00:00:06.503",
      "timestamp_unix": 1750090722,
      "timestamp_unix_ms": 1750090722036,
      "timestamp_readable": "2025-06-16 16:18:42.036",
      "normalized_name": "Leonardo-Dicaprio-Wolf-Of-Wall-Street/Leonardo-Dicaprio-Wolf-Of-Wall-Street",
      "meme_name": "Leonardo-Dicaprio-Wolf-Of-Wall-Street",
      "post_id": 12,
      "english_label": "contempt",
      "response_time_ms": 6503
    }
  ],
  "session_start_unix": 1750090173,
  "session_status": "completed",
  "last_updated_unix": 1750090738,
  "image_order": [
    "Spiderman-Hospital/Spiderman-Hospital_13.png",
    "Happy--Shock/Happy--Shock_4.png",
    "Chill-guy/Chill-guy_18.png",
    "I-am-once-again-asking/I-am-once-again-asking_9.png",
    "Math-ladyConfused-lady/Math-ladyConfused-lady_49.png",
    "Archer/Archer_23.png",
    "Leonardo-Dicaprio-Wolf-Of-Wall-Street/Leonardo-Dicaprio-Wolf-Of-Wall-Street_12.png",
    "Mocking-Spongebob/Mocking-Spongebob_47.png",
    "Afraid-To-Ask-Andy/Afraid-To-Ask-Andy_37.png",
    "Charlie-Day/Charlie-Day_41.png",
    "Always-Has-Been/Always-Has-Been_30.png",
    "Picard-Wtf/Picard-Wtf_14.png",
    "Batman-Slapping-Robin/Batman-Slapping-Robin_10.png",
    "For-the-better-right-blank/For-the-better-right-blank_7.png",
    "Drake-NoYes/Drake-NoYes_42.png",
    "Laughing-wolf/Laughing-wolf_6.png",
    "DJ-Pauly-D/DJ-Pauly-D_8.png",
    "Always-you-three/Always-you-three_31.png",
    "Disappointed-Man/Disappointed-Man_44.png",
    "Smudge-the-cat/Smudge-the-cat_48.png",
    "Thats-a-paddlin/Thats-a-paddlin_36.png",
    "Hide-the-Pain-Harold/Hide-the-Pain-Harold_19.png",
    "Hold-fart/Hold-fart_45.png",
    "Im-The-Captain-Now/Im-The-Captain-Now_21.png",
    "Obi-Wan-Kenobi/Obi-Wan-Kenobi_22.png",
    "attention_check/attention_check_Disgust.png",
    "Spongebob-Yelling/Spongebob-Yelling_38.png",
    "Nuclear-Explosion/Nuclear-Explosion_24.png",
    "Dinkleberg/Dinkleberg_34.png",
    "Scooby-doo-mask-reveal/Scooby-doo-mask-reveal_32.png",
    "Disaster-Girl/Disaster-Girl_26.png",
    "Black-guy-hiding-behind-tree/Black-guy-hiding-behind-tree_46.png",
    "You-The-Real-MVP/You-The-Real-MVP_15.png",
    "Moe-throws-Barney/Moe-throws-Barney_29.png",
    "Ill-Have-You-Know-Spongebob/Ill-Have-You-Know-Spongebob_17.png",
    "Futurama-Fry/Futurama-Fry_40.png",
    "Monkey-Puppet/Monkey-Puppet_11.png",
    "Confused-Gandalf/Confused-Gandalf_25.png",
    "Mr-incredible-mad/Mr-incredible-mad_5.png",
    "Dave-chappelle/Dave-chappelle_27.png",
    "Surprised-Pikachu/Surprised-Pikachu_43.png",
    "Table-Flip-Guy/Table-Flip-Guy_16.png",
    "Kevin-Hart/Kevin-Hart_2.png",
    "Well-Yes-But-Actually-No/Well-Yes-But-Actually-No_33.png",
    "Mr-McMahon-reaction/Mr-McMahon-reaction_50.png",
    "Gru-Gun/Gru-Gun_39.png",
    "Persian-Cat-Room-Guardian/Persian-Cat-Room-Guardian_35.png",
    "Put-It-Somewhere-Else-Patrick/Put-It-Somewhere-Else-Patrick_20.png",
    "Angry-Baby/Angry-Baby_1.png",
    "Arthur-Fist/Arthur-Fist_3.png",
    "attention_check/attention_check_Others.png",
    "Khan/Khan_28.png"
  ],
  "completion_status": {
    "practice_completed": true,
    "game_started": true,
    "game_completed": true,
    "summary_viewed": true,
    "email_submitted": true
  },
  "timestamps_unix": {
    "registration_completed": 1750090173,
    "practice_started": 1750090173,
    "practice_completed": 1750090241,
    "game_started": 1750090241,
    "first_label": 1750090250,
    "last_label": 1750090722,
    "game_completed": 1750090724,
    "summary_viewed": 1750090724,
    "email_submitted": 1750090738,
    "session_end": 1750090738,
    "last_updated": 1750090738
  },
  "timestamps_unix_ms": {
    "registration_completed_ms": 1750090173757,
    "practice_started_ms": 1750090173808,
    "practice_completed_ms": 1750090241287,
    "game_started_ms": 1750090241314,
    "first_label_ms": 1750090250256,
    "last_label_ms": 1750090722036,
    "game_completed_ms": 1750090724566,
    "summary_viewed_ms": 1750090724592,
    "email_submitted_ms": 1750090738631,
    "session_end_ms": 1750090738631,
    "last_updated_ms": 1750090738631
  },
  "duration_stats_ms": {
    "total_session_duration_ms": 564874,
    "practice_duration_ms": 67479,
    "game_duration_ms": 483252,
    "labeling_duration_ms": 471780,
    "email_submission_duration_ms": 14039
  },
  "filename_updated_unix": 1750090724,
  "original_filename": "user_dee334",
  "completion_status_in_filename": "email_submitted"
}