{
  "user_id": "user_245fb4",
  "file_name": "user_245fb4_1751820275_1751820647_fullycomplete",
  "unix_start_time": 1751820275,
  "unix_start_time_ms": 1751820275009,
  "unix_end_time": 1751820647,
  "unix_end_time_ms": 1751820647466,
  "age": "25-29",
  "gender": "male",
  "user_agent": "Mozilla/5.0 (Linux; Android 10; K) AppleWebKit/537.36 (KHTML, like Gecko) Chrome/129.0.0.0 Safari/537.36",
  "user_ip": "111.243.177.137",
  "status": "complete",
  "email_provided": "complete",
  "attention_passed": false,
  "start_time_readable": "2025-07-06 16:44:35.009",
  "end_time_readable": "2025-07-06 16:50:47.466",
  "total_labels": 52,
  "emotion_summary": {
    "anger": 17,
    "contempt": 25,
    "disgust": 7,
    "others": 3
  },
  "email": "hoper5468103@gmail.com",
  "participation": "yes",
  "total_responses": 52,
  "responses": [
    {
      "image_path": "Kevin-Hart/Kevin-Hart_19.png",
      "label": "輕蔑",
      "response_time": "00:00:16.102",
      "timestamp_unix": 1751820352,
      "timestamp_unix_ms": 1751820352411,
      "timestamp_readable": "2025-07-06 16:45:52.411",
      "normalized_name": "Kevin-Hart/Kevin-Hart",
      "meme_name": "Kevin-Hart",
      "post_id": 19,
      "english_label": "contempt",
      "response_time_ms": 16102
    },
    {
      "image_path": "Arthur-Fist/Arthur-Fist_33.png",
      "label": "憤怒",
      "response_time": "00:00:04.801",
      "timestamp_unix": 1751820357,
      "timestamp_unix_ms": 1751820357434,
      "timestamp_readable": "2025-07-06 16:45:57.434",
      "normalized_name": "Arthur-Fist/Arthur-Fist",
      "meme_name": "Arthur-Fist",
      "post_id": 33,
      "english_label": "anger",
      "response_time_ms": 4801
    },
    {
      "image_path": "Disappointed-Man/Disappointed-Man_15.png",
      "label": "憤怒",
      "response_time": "00:00:02.901",
      "timestamp_unix": 1751820360,
      "timestamp_unix_ms": 1751820360475,
      "timestamp_readable": "2025-07-06 16:46:00.475",
      "normalized_name": "Disappointed-Man/Disappointed-Man",
      "meme_name": "Disappointed-Man",
      "post_id": 15,
      "english_label": "anger",
      "response_time_ms": 2901
    },
    {
      "image_path": "Put-It-Somewhere-Else-Patrick/Put-It-Somewhere-Else-Patrick_12.png",
      "label": "厭惡",
      "response_time": "00:00:04.800",
      "timestamp_unix": 1751820365,
      "timestamp_unix_ms": 1751820365373,
      "timestamp_readable": "2025-07-06 16:46:05.373",
      "normalized_name": "Put-It-Somewhere-Else-Patrick/Put-It-Somewhere-Else-Patrick",
      "meme_name": "Put-It-Somewhere-Else-Patrick",
      "post_id": 12,
      "english_label": "disgust",
      "response_time_ms": 4800
    },
    {
      "image_path": "Thats-a-paddlin/Thats-a-paddlin_45.png",
      "label": "輕蔑",
      "response_time": "00:00:06.101",
      "timestamp_unix": 1751820371,
      "timestamp_unix_ms": 1751820371546,
      "timestamp_readable": "2025-07-06 16:46:11.546",
      "normalized_name": "Thats-a-paddlin/Thats-a-paddlin",
      "meme_name": "Thats-a-paddlin",
      "post_id": 45,
      "english_label": "contempt",
      "response_time_ms": 6101
    },
    {
      "image_path": "DJ-Pauly-D/DJ-Pauly-D_34.png",
      "label": "輕蔑",
      "response_time": "00:00:03.400",
      "timestamp_unix": 1751820375,
      "timestamp_unix_ms": 1751820375078,
      "timestamp_readable": "2025-07-06 16:46:15.078",
      "normalized_name": "DJ-Pauly-D/DJ-Pauly-D",
      "meme_name": "DJ-Pauly-D",
      "post_id": 34,
      "english_label": "contempt",
      "response_time_ms": 3400
    },
    {
      "image_path": "Happy--Shock/Happy--Shock_18.png",
      "label": "輕蔑",
      "response_time": "00:00:03.800",
      "timestamp_unix": 1751820378,
      "timestamp_unix_ms": 1751820378983,
      "timestamp_readable": "2025-07-06 16:46:18.983",
      "normalized_name": "Happy--Shock/Happy--Shock",
      "meme_name": "Happy--Shock",
      "post_id": 18,
      "english_label": "contempt",
      "response_time_ms": 3800
    },
    {
      "image_path": "Mr-incredible-mad/Mr-incredible-mad_13.png",
      "label": "輕蔑",
      "response_time": "00:00:04.900",
      "timestamp_unix": 1751820383,
      "timestamp_unix_ms": 1751820383942,
      "timestamp_readable": "2025-07-06 16:46:23.942",
      "normalized_name": "Mr-incredible-mad/Mr-incredible-mad",
      "meme_name": "Mr-incredible-mad",
      "post_id": 13,
      "english_label": "contempt",
      "response_time_ms": 4900
    },
    {
      "image_path": "I-am-once-again-asking/I-am-once-again-asking_7.png",
      "label": "厭惡",
      "response_time": "00:00:03.400",
      "timestamp_unix": 1751820387,
      "timestamp_unix_ms": 1751820387487,
      "timestamp_readable": "2025-07-06 16:46:27.487",
      "normalized_name": "I-am-once-again-asking/I-am-once-again-asking",
      "meme_name": "I-am-once-again-asking",
      "post_id": 7,
      "english_label": "disgust",
      "response_time_ms": 3400
    },
    {
      "image_path": "Nuclear-Explosion/Nuclear-Explosion_30.png",
      "label": "憤怒",
      "response_time": "00:00:01.900",
      "timestamp_unix": 1751820389,
      "timestamp_unix_ms": 1751820389461,
      "timestamp_readable": "2025-07-06 16:46:29.461",
      "normalized_name": "Nuclear-Explosion/Nuclear-Explosion",
      "meme_name": "Nuclear-Explosion",
      "post_id": 30,
      "english_label": "anger",
      "response_time_ms": 1900
    },
    {
      "image_path": "Leonardo-Dicaprio-Wolf-Of-Wall-Street/Leonardo-Dicaprio-Wolf-Of-Wall-Street_11.png",
      "label": "其他",
      "response_time": "00:00:02.801",
      "timestamp_unix": 1751820392,
      "timestamp_unix_ms": 1751820392386,
      "timestamp_readable": "2025-07-06 16:46:32.386",
      "normalized_name": "Leonardo-Dicaprio-Wolf-Of-Wall-Street/Leonardo-Dicaprio-Wolf-Of-Wall-Street",
      "meme_name": "Leonardo-Dicaprio-Wolf-Of-Wall-Street",
      "post_id": 11,
      "english_label": "others",
      "response_time_ms": 2801
    },
    {
      "image_path": "Moe-throws-Barney/Moe-throws-Barney_27.png",
      "label": "輕蔑",
      "response_time": "00:00:08.007",
      "timestamp_unix": 1751820400,
      "timestamp_unix_ms": 1751820400443,
      "timestamp_readable": "2025-07-06 16:46:40.443",
      "normalized_name": "Moe-throws-Barney/Moe-throws-Barney",
      "meme_name": "Moe-throws-Barney",
      "post_id": 27,
      "english_label": "contempt",
      "response_time_ms": 8007
    },
    {
      "image_path": "Picard-Wtf/Picard-Wtf_35.png",
      "label": "憤怒",
      "response_time": "00:00:08.200",
      "timestamp_unix": 1751820408,
      "timestamp_unix_ms": 1751820408749,
      "timestamp_readable": "2025-07-06 16:46:48.749",
      "normalized_name": "Picard-Wtf/Picard-Wtf",
      "meme_name": "Picard-Wtf",
      "post_id": 35,
      "english_label": "anger",
      "response_time_ms": 8200
    },
    {
      "image_path": "Monkey-Puppet/Monkey-Puppet_48.png",
      "label": "輕蔑",
      "response_time": "00:00:02.600",
      "timestamp_unix": 1751820411,
      "timestamp_unix_ms": 1751820411459,
      "timestamp_readable": "2025-07-06 16:46:51.459",
      "normalized_name": "Monkey-Puppet/Monkey-Puppet",
      "meme_name": "Monkey-Puppet",
      "post_id": 48,
      "english_label": "contempt",
      "response_time_ms": 2600
    },
    {
      "image_path": "Always-Has-Been/Always-Has-Been_5.png",
      "label": "輕蔑",
      "response_time": "00:00:02.000",
      "timestamp_unix": 1751820413,
      "timestamp_unix_ms": 1751820413593,
      "timestamp_readable": "2025-07-06 16:46:53.593",
      "normalized_name": "Always-Has-Been/Always-Has-Been",
      "meme_name": "Always-Has-Been",
      "post_id": 5,
      "english_label": "contempt",
      "response_time_ms": 2000
    },
    {
      "image_path": "Chill-guy/Chill-guy_36.png",
      "label": "憤怒",
      "response_time": "00:00:02.300",
      "timestamp_unix": 1751820416,
      "timestamp_unix_ms": 1751820416057,
      "timestamp_readable": "2025-07-06 16:46:56.057",
      "normalized_name": "Chill-guy/Chill-guy",
      "meme_name": "Chill-guy",
      "post_id": 36,
      "english_label": "anger",
      "response_time_ms": 2300
    },
    {
      "image_path": "Math-ladyConfused-lady/Math-ladyConfused-lady_14.png",
      "label": "憤怒",
      "response_time": "00:00:02.300",
      "timestamp_unix": 1751820418,
      "timestamp_unix_ms": 1751820418465,
      "timestamp_readable": "2025-07-06 16:46:58.465",
      "normalized_name": "Math-ladyConfused-lady/Math-ladyConfused-lady",
      "meme_name": "Math-ladyConfused-lady",
      "post_id": 14,
      "english_label": "anger",
      "response_time_ms": 2300
    },
    {
      "image_path": "Khan/Khan_32.png",
      "label": "輕蔑",
      "response_time": "00:00:02.101",
      "timestamp_unix": 1751820420,
      "timestamp_unix_ms": 1751820420624,
      "timestamp_readable": "2025-07-06 16:47:00.624",
      "normalized_name": "Khan/Khan",
      "meme_name": "Khan",
      "post_id": 32,
      "english_label": "contempt",
      "response_time_ms": 2101
    },
    {
      "image_path": "Mr-McMahon-reaction/Mr-McMahon-reaction_43.png",
      "label": "厭惡",
      "response_time": "00:00:01.701",
      "timestamp_unix": 1751820422,
      "timestamp_unix_ms": 1751820422462,
      "timestamp_readable": "2025-07-06 16:47:02.462",
      "normalized_name": "Mr-McMahon-reaction/Mr-McMahon-reaction",
      "meme_name": "Mr-McMahon-reaction",
      "post_id": 43,
      "english_label": "disgust",
      "response_time_ms": 1701
    },
    {
      "image_path": "Spiderman-Hospital/Spiderman-Hospital_23.png",
      "label": "厭惡",
      "response_time": "00:00:02.901",
      "timestamp_unix": 1751820425,
      "timestamp_unix_ms": 1751820425501,
      "timestamp_readable": "2025-07-06 16:47:05.501",
      "normalized_name": "Spiderman-Hospital/Spiderman-Hospital",
      "meme_name": "Spiderman-Hospital",
      "post_id": 23,
      "english_label": "disgust",
      "response_time_ms": 2901
    },
    {
      "image_path": "Obi-Wan-Kenobi/Obi-Wan-Kenobi_39.png",
      "label": "輕蔑",
      "response_time": "00:00:01.800",
      "timestamp_unix": 1751820427,
      "timestamp_unix_ms": 1751820427428,
      "timestamp_readable": "2025-07-06 16:47:07.428",
      "normalized_name": "Obi-Wan-Kenobi/Obi-Wan-Kenobi",
      "meme_name": "Obi-Wan-Kenobi",
      "post_id": 39,
      "english_label": "contempt",
      "response_time_ms": 1800
    },
    {
      "image_path": "Spongebob-Yelling/Spongebob-Yelling_3.png",
      "label": "輕蔑",
      "response_time": "00:00:01.000",
      "timestamp_unix": 1751820428,
      "timestamp_unix_ms": 1751820428497,
      "timestamp_readable": "2025-07-06 16:47:08.497",
      "normalized_name": "Spongebob-Yelling/Spongebob-Yelling",
      "meme_name": "Spongebob-Yelling",
      "post_id": 3,
      "english_label": "contempt",
      "response_time_ms": 1000
    },
    {
      "image_path": "Always-you-three/Always-you-three_47.png",
      "label": "憤怒",
      "response_time": "00:00:02.700",
      "timestamp_unix": 1751820431,
      "timestamp_unix_ms": 1751820431374,
      "timestamp_readable": "2025-07-06 16:47:11.374",
      "normalized_name": "Always-you-three/Always-you-three",
      "meme_name": "Always-you-three",
      "post_id": 47,
      "english_label": "anger",
      "response_time_ms": 2700
    },
    {
      "image_path": "Charlie-Day/Charlie-Day_8.png",
      "label": "輕蔑",
      "response_time": "00:00:01.800",
      "timestamp_unix": 1751820433,
      "timestamp_unix_ms": 1751820433311,
      "timestamp_readable": "2025-07-06 16:47:13.311",
      "normalized_name": "Charlie-Day/Charlie-Day",
      "meme_name": "Charlie-Day",
      "post_id": 8,
      "english_label": "contempt",
      "response_time_ms": 1800
    },
    {
      "image_path": "attention_check/attention_check_Others.png",
      "label": "厭惡",
      "response_time": "00:00:04.300",
      "timestamp_unix": 1751820437,
      "timestamp_unix_ms": 1751820437747,
      "timestamp_readable": "2025-07-06 16:47:17.747",
      "normalized_name": "attention_check/attention_check_Others.png",
      "meme_name": "attention_check",
      "post_id": null,
      "english_label": "disgust",
      "response_time_ms": 4300
    },
    {
      "image_path": "Archer/Archer_6.png",
      "label": "輕蔑",
      "response_time": "00:00:06.100",
      "timestamp_unix": 1751820444,
      "timestamp_unix_ms": 1751820444018,
      "timestamp_readable": "2025-07-06 16:47:24.018",
      "normalized_name": "Archer/Archer",
      "meme_name": "Archer",
      "post_id": 6,
      "english_label": "contempt",
      "response_time_ms": 6100
    },
    {
      "image_path": "Im-The-Captain-Now/Im-The-Captain-Now_10.png",
      "label": "憤怒",
      "response_time": "00:00:05.101",
      "timestamp_unix": 1751820449,
      "timestamp_unix_ms": 1751820449227,
      "timestamp_readable": "2025-07-06 16:47:29.227",
      "normalized_name": "Im-The-Captain-Now/Im-The-Captain-Now",
      "meme_name": "Im-The-Captain-Now",
      "post_id": 10,
      "english_label": "anger",
      "response_time_ms": 5101
    },
    {
      "image_path": "Afraid-To-Ask-Andy/Afraid-To-Ask-Andy_41.png",
      "label": "輕蔑",
      "response_time": "00:00:03.200",
      "timestamp_unix": 1751820452,
      "timestamp_unix_ms": 1751820452587,
      "timestamp_readable": "2025-07-06 16:47:32.587",
      "normalized_name": "Afraid-To-Ask-Andy/Afraid-To-Ask-Andy",
      "meme_name": "Afraid-To-Ask-Andy",
      "post_id": 41,
      "english_label": "contempt",
      "response_time_ms": 3200
    },
    {
      "image_path": "You-The-Real-MVP/You-The-Real-MVP_9.png",
      "label": "憤怒",
      "response_time": "00:00:03.600",
      "timestamp_unix": 1751820456,
      "timestamp_unix_ms": 1751820456344,
      "timestamp_readable": "2025-07-06 16:47:36.344",
      "normalized_name": "You-The-Real-MVP/You-The-Real-MVP",
      "meme_name": "You-The-Real-MVP",
      "post_id": 9,
      "english_label": "anger",
      "response_time_ms": 3600
    },
    {
      "image_path": "Dave-chappelle/Dave-chappelle_2.png",
      "label": "憤怒",
      "response_time": "00:00:17.700",
      "timestamp_unix": 1751820474,
      "timestamp_unix_ms": 1751820474205,
      "timestamp_readable": "2025-07-06 16:47:54.205",
      "normalized_name": "Dave-chappelle/Dave-chappelle",
      "meme_name": "Dave-chappelle",
      "post_id": 2,
      "english_label": "anger",
      "response_time_ms": 17700
    },
    {
      "image_path": "Surprised-Pikachu/Surprised-Pikachu_29.png",
      "label": "厭惡",
      "response_time": "00:00:03.800",
      "timestamp_unix": 1751820478,
      "timestamp_unix_ms": 1751820478174,
      "timestamp_readable": "2025-07-06 16:47:58.174",
      "normalized_name": "Surprised-Pikachu/Surprised-Pikachu",
      "meme_name": "Surprised-Pikachu",
      "post_id": 29,
      "english_label": "disgust",
      "response_time_ms": 3800
    },
    {
      "image_path": "Hide-the-Pain-Harold/Hide-the-Pain-Harold_22.png",
      "label": "輕蔑",
      "response_time": "00:00:02.600",
      "timestamp_unix": 1751820480,
      "timestamp_unix_ms": 1751820480880,
      "timestamp_readable": "2025-07-06 16:48:00.880",
      "normalized_name": "Hide-the-Pain-Harold/Hide-the-Pain-Harold",
      "meme_name": "Hide-the-Pain-Harold",
      "post_id": 22,
      "english_label": "contempt",
      "response_time_ms": 2600
    },
    {
      "image_path": "For-the-better-right-blank/For-the-better-right-blank_26.png",
      "label": "輕蔑",
      "response_time": "00:00:03.101",
      "timestamp_unix": 1751820484,
      "timestamp_unix_ms": 1751820484141,
      "timestamp_readable": "2025-07-06 16:48:04.141",
      "normalized_name": "For-the-better-right-blank/For-the-better-right-blank",
      "meme_name": "For-the-better-right-blank",
      "post_id": 26,
      "english_label": "contempt",
      "response_time_ms": 3101
    },
    {
      "image_path": "Smudge-the-cat/Smudge-the-cat_17.png",
      "label": "輕蔑",
      "response_time": "00:00:03.400",
      "timestamp_unix": 1751820487,
      "timestamp_unix_ms": 1751820487730,
      "timestamp_readable": "2025-07-06 16:48:07.730",
      "normalized_name": "Smudge-the-cat/Smudge-the-cat",
      "meme_name": "Smudge-the-cat",
      "post_id": 17,
      "english_label": "contempt",
      "response_time_ms": 3400
    },
    {
      "image_path": "Black-guy-hiding-behind-tree/Black-guy-hiding-behind-tree_25.png",
      "label": "憤怒",
      "response_time": "00:00:02.000",
      "timestamp_unix": 1751820489,
      "timestamp_unix_ms": 1751820489845,
      "timestamp_readable": "2025-07-06 16:48:09.845",
      "normalized_name": "Black-guy-hiding-behind-tree/Black-guy-hiding-behind-tree",
      "meme_name": "Black-guy-hiding-behind-tree",
      "post_id": 25,
      "english_label": "anger",
      "response_time_ms": 2000
    },
    {
      "image_path": "Drake-NoYes/Drake-NoYes_44.png",
      "label": "輕蔑",
      "response_time": "00:00:01.800",
      "timestamp_unix": 1751820491,
      "timestamp_unix_ms": 1751820491802,
      "timestamp_readable": "2025-07-06 16:48:11.802",
      "normalized_name": "Drake-NoYes/Drake-NoYes",
      "meme_name": "Drake-NoYes",
      "post_id": 44,
      "english_label": "contempt",
      "response_time_ms": 1800
    },
    {
      "image_path": "Persian-Cat-Room-Guardian/Persian-Cat-Room-Guardian_37.png",
      "label": "厭惡",
      "response_time": "00:00:01.900",
      "timestamp_unix": 1751820493,
      "timestamp_unix_ms": 1751820493868,
      "timestamp_readable": "2025-07-06 16:48:13.868",
      "normalized_name": "Persian-Cat-Room-Guardian/Persian-Cat-Room-Guardian",
      "meme_name": "Persian-Cat-Room-Guardian",
      "post_id": 37,
      "english_label": "disgust",
      "response_time_ms": 1900
    },
    {
      "image_path": "Futurama-Fry/Futurama-Fry_40.png",
      "label": "憤怒",
      "response_time": "00:00:01.500",
      "timestamp_unix": 1751820495,
      "timestamp_unix_ms": 1751820495447,
      "timestamp_readable": "2025-07-06 16:48:15.447",
      "normalized_name": "Futurama-Fry/Futurama-Fry",
      "meme_name": "Futurama-Fry",
      "post_id": 40,
      "english_label": "anger",
      "response_time_ms": 1500
    },
    {
      "image_path": "Batman-Slapping-Robin/Batman-Slapping-Robin_42.png",
      "label": "輕蔑",
      "response_time": "00:00:03.200",
      "timestamp_unix": 1751820498,
      "timestamp_unix_ms": 1751820498766,
      "timestamp_readable": "2025-07-06 16:48:18.766",
      "normalized_name": "Batman-Slapping-Robin/Batman-Slapping-Robin",
      "meme_name": "Batman-Slapping-Robin",
      "post_id": 42,
      "english_label": "contempt",
      "response_time_ms": 3200
    },
    {
      "image_path": "Table-Flip-Guy/Table-Flip-Guy_24.png",
      "label": "憤怒",
      "response_time": "00:00:01.800",
      "timestamp_unix": 1751820500,
      "timestamp_unix_ms": 1751820500718,
      "timestamp_readable": "2025-07-06 16:48:20.718",
      "normalized_name": "Table-Flip-Guy/Table-Flip-Guy",
      "meme_name": "Table-Flip-Guy",
      "post_id": 24,
      "english_label": "anger",
      "response_time_ms": 1800
    },
    {
      "image_path": "Angry-Baby/Angry-Baby_50.png",
      "label": "輕蔑",
      "response_time": "00:00:02.400",
      "timestamp_unix": 1751820503,
      "timestamp_unix_ms": 1751820503237,
      "timestamp_readable": "2025-07-06 16:48:23.237",
      "normalized_name": "Angry-Baby/Angry-Baby",
      "meme_name": "Angry-Baby",
      "post_id": 50,
      "english_label": "contempt",
      "response_time_ms": 2400
    },
    {
      "image_path": "Dinkleberg/Dinkleberg_38.png",
      "label": "憤怒",
      "response_time": "00:00:01.801",
      "timestamp_unix": 1751820505,
      "timestamp_unix_ms": 1751820505158,
      "timestamp_readable": "2025-07-06 16:48:25.158",
      "normalized_name": "Dinkleberg/Dinkleberg",
      "meme_name": "Dinkleberg",
      "post_id": 38,
      "english_label": "anger",
      "response_time_ms": 1801
    },
    {
      "image_path": "Disaster-Girl/Disaster-Girl_46.png",
      "label": "輕蔑",
      "response_time": "00:00:02.100",
      "timestamp_unix": 1751820507,
      "timestamp_unix_ms": 1751820507345,
      "timestamp_readable": "2025-07-06 16:48:27.345",
      "normalized_name": "Disaster-Girl/Disaster-Girl",
      "meme_name": "Disaster-Girl",
      "post_id": 46,
      "english_label": "contempt",
      "response_time_ms": 2100
    },
    {
      "image_path": "Confused-Gandalf/Confused-Gandalf_21.png",
      "label": "其他",
      "response_time": "00:00:02.600",
      "timestamp_unix": 1751820510,
      "timestamp_unix_ms": 1751820510099,
      "timestamp_readable": "2025-07-06 16:48:30.099",
      "normalized_name": "Confused-Gandalf/Confused-Gandalf",
      "meme_name": "Confused-Gandalf",
      "post_id": 21,
      "english_label": "others",
      "response_time_ms": 2600
    },
    {
      "image_path": "Hold-fart/Hold-fart_4.png",
      "label": "輕蔑",
      "response_time": "00:00:06.601",
      "timestamp_unix": 1751820516,
      "timestamp_unix_ms": 1751820516835,
      "timestamp_readable": "2025-07-06 16:48:36.835",
      "normalized_name": "Hold-fart/Hold-fart",
      "meme_name": "Hold-fart",
      "post_id": 4,
      "english_label": "contempt",
      "response_time_ms": 6601
    },
    {
      "image_path": "Laughing-wolf/Laughing-wolf_1.png",
      "label": "憤怒",
      "response_time": "00:00:03.100",
      "timestamp_unix": 1751820520,
      "timestamp_unix_ms": 1751820520066,
      "timestamp_readable": "2025-07-06 16:48:40.066",
      "normalized_name": "Laughing-wolf/Laughing-wolf",
      "meme_name": "Laughing-wolf",
      "post_id": 1,
      "english_label": "anger",
      "response_time_ms": 3100
    },
    {
      "image_path": "Mocking-Spongebob/Mocking-Spongebob_20.png",
      "label": "輕蔑",
      "response_time": "00:00:02.301",
      "timestamp_unix": 1751820522,
      "timestamp_unix_ms": 1751820522539,
      "timestamp_readable": "2025-07-06 16:48:42.539",
      "normalized_name": "Mocking-Spongebob/Mocking-Spongebob",
      "meme_name": "Mocking-Spongebob",
      "post_id": 20,
      "english_label": "contempt",
      "response_time_ms": 2301
    },
    {
      "image_path": "Ill-Have-You-Know-Spongebob/Ill-Have-You-Know-Spongebob_49.png",
      "label": "憤怒",
      "response_time": "00:00:03.000",
      "timestamp_unix": 1751820525,
      "timestamp_unix_ms": 1751820525632,
      "timestamp_readable": "2025-07-06 16:48:45.632",
      "normalized_name": "Ill-Have-You-Know-Spongebob/Ill-Have-You-Know-Spongebob",
      "meme_name": "Ill-Have-You-Know-Spongebob",
      "post_id": 49,
      "english_label": "anger",
      "response_time_ms": 3000
    },
    {
      "image_path": "attention_check/attention_check_Contempt.png",
      "label": "輕蔑",
      "response_time": "00:00:16.500",
      "timestamp_unix": 1751820542,
      "timestamp_unix_ms": 1751820542225,
      "timestamp_readable": "2025-07-06 16:49:02.225",
      "normalized_name": "attention_check/attention_check_Contempt.png",
      "meme_name": "attention_check",
      "post_id": null,
      "english_label": "contempt",
      "response_time_ms": 16500
    },
    {
      "image_path": "Scooby-doo-mask-reveal/Scooby-doo-mask-reveal_16.png",
      "label": "輕蔑",
      "response_time": "00:00:08.400",
      "timestamp_unix": 1751820550,
      "timestamp_unix_ms": 1751820550722,
      "timestamp_readable": "2025-07-06 16:49:10.722",
      "normalized_name": "Scooby-doo-mask-reveal/Scooby-doo-mask-reveal",
      "meme_name": "Scooby-doo-mask-reveal",
      "post_id": 16,
      "english_label": "contempt",
      "response_time_ms": 8400
    },
    {
      "image_path": "Well-Yes-But-Actually-No/Well-Yes-But-Actually-No_28.png",
      "label": "其他",
      "response_time": "00:00:03.300",
      "timestamp_unix": 1751820554,
      "timestamp_unix_ms": 1751820554144,
      "timestamp_readable": "2025-07-06 16:49:14.144",
      "normalized_name": "Well-Yes-But-Actually-No/Well-Yes-But-Actually-No",
      "meme_name": "Well-Yes-But-Actually-No",
      "post_id": 28,
      "english_label": "others",
      "response_time_ms": 3300
    },
    {
      "image_path": "Gru-Gun/Gru-Gun_31.png",
      "label": "憤怒",
      "response_time": "00:00:03.200",
      "timestamp_unix": 1751820557,
      "timestamp_unix_ms": 1751820557497,
      "timestamp_readable": "2025-07-06 16:49:17.497",
      "normalized_name": "Gru-Gun/Gru-Gun",
      "meme_name": "Gru-Gun",
      "post_id": 31,
      "english_label": "anger",
      "response_time_ms": 3200
    }
  ],
  "session_start_unix": 1751820275,
  "session_status": "completed",
  "last_updated_unix": 1751820647,
  "image_order": [
    "Spiderman-Hospital/Spiderman-Hospital_23.png",
    "Happy--Shock/Happy--Shock_18.png",
    "Chill-guy/Chill-guy_36.png",
    "I-am-once-again-asking/I-am-once-again-asking_7.png",
    "Math-ladyConfused-lady/Math-ladyConfused-lady_14.png",
    "Archer/Archer_6.png",
    "Leonardo-Dicaprio-Wolf-Of-Wall-Street/Leonardo-Dicaprio-Wolf-Of-Wall-Street_11.png",
    "Mocking-Spongebob/Mocking-Spongebob_20.png",
    "Afraid-To-Ask-Andy/Afraid-To-Ask-Andy_41.png",
    "Charlie-Day/Charlie-Day_8.png",
    "Always-Has-Been/Always-Has-Been_5.png",
    "Picard-Wtf/Picard-Wtf_35.png",
    "Batman-Slapping-Robin/Batman-Slapping-Robin_42.png",
    "For-the-better-right-blank/For-the-better-right-blank_26.png",
    "Drake-NoYes/Drake-NoYes_44.png",
    "Laughing-wolf/Laughing-wolf_1.png",
    "DJ-Pauly-D/DJ-Pauly-D_34.png",
    "Always-you-three/Always-you-three_47.png",
    "Disappointed-Man/Disappointed-Man_15.png",
    "Smudge-the-cat/Smudge-the-cat_17.png",
    "Thats-a-paddlin/Thats-a-paddlin_45.png",
    "Hide-the-Pain-Harold/Hide-the-Pain-Harold_22.png",
    "Hold-fart/Hold-fart_4.png",
    "Im-The-Captain-Now/Im-The-Captain-Now_10.png",
    "attention_check/attention_check_Others.png",
    "Obi-Wan-Kenobi/Obi-Wan-Kenobi_39.png",
    "Spongebob-Yelling/Spongebob-Yelling_3.png",
    "Nuclear-Explosion/Nuclear-Explosion_30.png",
    "Dinkleberg/Dinkleberg_38.png",
    "Scooby-doo-mask-reveal/Scooby-doo-mask-reveal_16.png",
    "Disaster-Girl/Disaster-Girl_46.png",
    "Black-guy-hiding-behind-tree/Black-guy-hiding-behind-tree_25.png",
    "You-The-Real-MVP/You-The-Real-MVP_9.png",
    "Moe-throws-Barney/Moe-throws-Barney_27.png",
    "Ill-Have-You-Know-Spongebob/Ill-Have-You-Know-Spongebob_49.png",
    "Futurama-Fry/Futurama-Fry_40.png",
    "Monkey-Puppet/Monkey-Puppet_48.png",
    "Confused-Gandalf/Confused-Gandalf_21.png",
    "Mr-incredible-mad/Mr-incredible-mad_13.png",
    "Dave-chappelle/Dave-chappelle_2.png",
    "Surprised-Pikachu/Surprised-Pikachu_29.png",
    "Table-Flip-Guy/Table-Flip-Guy_24.png",
    "Kevin-Hart/Kevin-Hart_19.png",
    "Well-Yes-But-Actually-No/Well-Yes-But-Actually-No_28.png",
    "Mr-McMahon-reaction/Mr-McMahon-reaction_43.png",
    "Gru-Gun/Gru-Gun_31.png",
    "Persian-Cat-Room-Guardian/Persian-Cat-Room-Guardian_37.png",
    "Put-It-Somewhere-Else-Patrick/Put-It-Somewhere-Else-Patrick_12.png",
    "attention_check/attention_check_Contempt.png",
    "Angry-Baby/Angry-Baby_50.png",
    "Arthur-Fist/Arthur-Fist_33.png",
    "Khan/Khan_32.png"
  ],
  "completion_status": {
    "practice_completed": true,
    "game_started": true,
    "game_completed": true,
    "summary_viewed": true,
    "email_submitted": true
  },
  "timestamps_unix": {
    "registration_completed": 1751820275,
    "practice_started": 1751820275,
    "practice_completed": 1751820334,
    "game_started": 1751820334,
    "first_label": 1751820352,
    "last_label": 1751820557,
    "game_completed": 1751820561,
    "summary_viewed": 1751820561,
    "email_submitted": 1751820647,
    "session_end": 1751820647,
    "last_updated": 1751820647
  },
  "timestamps_unix_ms": {
    "registration_completed_ms": 1751820275009,
    "practice_started_ms": 1751820275108,
    "practice_completed_ms": 1751820334078,
    "game_started_ms": 1751820334092,
    "first_label_ms": 1751820352411,
    "last_label_ms": 1751820557497,
    "game_completed_ms": 1751820561140,
    "summary_viewed_ms": 1751820561147,
    "email_submitted_ms": 1751820647458,
    "session_end_ms": 1751820647458,
    "last_updated_ms": 1751820647458
  },
  "duration_stats_ms": {
    "total_session_duration_ms": 372449,
    "practice_duration_ms": 58970,
    "game_duration_ms": 227048,
    "labeling_duration_ms": 205086,
    "email_submission_duration_ms": 86311
  },
  "filename_updated_unix": 1751820561,
  "original_filename": "user_245fb4",
  "completion_status_in_filename": "email_submitted"
}