{
  "user_id": "user_a9a8ae",
  "file_name": "user_a9a8ae_1749797965_1749798356_fullycomplete",
  "unix_start_time": 1749797965,
  "unix_start_time_ms": 1749797965801,
  "unix_end_time": 1749798356,
  "unix_end_time_ms": 1749798356976,
  "age": "18-24",
  "gender": "female",
  "user_agent": "Mozilla/5.0 (Windows NT 10.0; Win64; x64) AppleWebKit/537.36 (KHTML, like Gecko) Chrome/137.0.0.0 Safari/537.36",
  "user_ip": "163.17.190.118",
  "status": "complete",
  "email_provided": "complete",
  "attention_passed": true,
  "start_time_readable": "2025-06-13 06:59:25.801",
  "end_time_readable": "2025-06-13 07:05:56.976",
  "total_labels": 52,
  "emotion_summary": {
    "anger": 8,
    "contempt": 12,
    "disgust": 7,
    "others": 25
  },
  "email": "wupinpin@gmail.com",
  "participation": "yes",
  "total_responses": 52,
  "responses": [
    {
      "image_path": "Obi-Wan-Kenobi/Obi-Wan-Kenobi_13.png",
      "label": "輕蔑",
      "response_time": "00:00:04.811",
      "timestamp_unix": 1749798015,
      "timestamp_unix_ms": 1749798015251,
      "timestamp_readable": "2025-06-13 07:00:15.251",
      "normalized_name": "Obi-Wan-Kenobi/Obi-Wan-Kenobi",
      "meme_name": "Obi-Wan-Kenobi",
      "post_id": 13,
      "english_label": "contempt",
      "response_time_ms": 4811
    },
    {
      "image_path": "Black-guy-hiding-behind-tree/Black-guy-hiding-behind-tree_22.png",
      "label": "輕蔑",
      "response_time": "00:00:04.016",
      "timestamp_unix": 1749798019,
      "timestamp_unix_ms": 1749798019351,
      "timestamp_readable": "2025-06-13 07:00:19.351",
      "normalized_name": "Black-guy-hiding-behind-tree/Black-guy-hiding-behind-tree",
      "meme_name": "Black-guy-hiding-behind-tree",
      "post_id": 22,
      "english_label": "contempt",
      "response_time_ms": 4016
    },
    {
      "image_path": "Put-It-Somewhere-Else-Patrick/Put-It-Somewhere-Else-Patrick_16.png",
      "label": "其他",
      "response_time": "00:00:05.301",
      "timestamp_unix": 1749798024,
      "timestamp_unix_ms": 1749798024784,
      "timestamp_readable": "2025-06-13 07:00:24.784",
      "normalized_name": "Put-It-Somewhere-Else-Patrick/Put-It-Somewhere-Else-Patrick",
      "meme_name": "Put-It-Somewhere-Else-Patrick",
      "post_id": 16,
      "english_label": "others",
      "response_time_ms": 5301
    },
    {
      "image_path": "Gru-Gun/Gru-Gun_45.png",
      "label": "其他",
      "response_time": "00:00:04.501",
      "timestamp_unix": 1749798029,
      "timestamp_unix_ms": 1749798029368,
      "timestamp_readable": "2025-06-13 07:00:29.368",
      "normalized_name": "Gru-Gun/Gru-Gun",
      "meme_name": "Gru-Gun",
      "post_id": 45,
      "english_label": "others",
      "response_time_ms": 4501
    },
    {
      "image_path": "Math-ladyConfused-lady/Math-ladyConfused-lady_29.png",
      "label": "其他",
      "response_time": "00:00:14.215",
      "timestamp_unix": 1749798043,
      "timestamp_unix_ms": 1749798043685,
      "timestamp_readable": "2025-06-13 07:00:43.685",
      "normalized_name": "Math-ladyConfused-lady/Math-ladyConfused-lady",
      "meme_name": "Math-ladyConfused-lady",
      "post_id": 29,
      "english_label": "others",
      "response_time_ms": 14215
    },
    {
      "image_path": "Arthur-Fist/Arthur-Fist_6.png",
      "label": "憤怒",
      "response_time": "00:00:05.315",
      "timestamp_unix": 1749798049,
      "timestamp_unix_ms": 1749798049052,
      "timestamp_readable": "2025-06-13 07:00:49.052",
      "normalized_name": "Arthur-Fist/Arthur-Fist",
      "meme_name": "Arthur-Fist",
      "post_id": 6,
      "english_label": "anger",
      "response_time_ms": 5315
    },
    {
      "image_path": "Well-Yes-But-Actually-No/Well-Yes-But-Actually-No_50.png",
      "label": "其他",
      "response_time": "00:00:10.810",
      "timestamp_unix": 1749798059,
      "timestamp_unix_ms": 1749798059901,
      "timestamp_readable": "2025-06-13 07:00:59.901",
      "normalized_name": "Well-Yes-But-Actually-No/Well-Yes-But-Actually-No",
      "meme_name": "Well-Yes-But-Actually-No",
      "post_id": 50,
      "english_label": "others",
      "response_time_ms": 10810
    },
    {
      "image_path": "I-am-once-again-asking/I-am-once-again-asking_41.png",
      "label": "其他",
      "response_time": "00:00:05.701",
      "timestamp_unix": 1749798065,
      "timestamp_unix_ms": 1749798065669,
      "timestamp_readable": "2025-06-13 07:01:05.669",
      "normalized_name": "I-am-once-again-asking/I-am-once-again-asking",
      "meme_name": "I-am-once-again-asking",
      "post_id": 41,
      "english_label": "others",
      "response_time_ms": 5701
    },
    {
      "image_path": "Im-The-Captain-Now/Im-The-Captain-Now_23.png",
      "label": "厭惡",
      "response_time": "00:00:03.916",
      "timestamp_unix": 1749798069,
      "timestamp_unix_ms": 1749798069652,
      "timestamp_readable": "2025-06-13 07:01:09.652",
      "normalized_name": "Im-The-Captain-Now/Im-The-Captain-Now",
      "meme_name": "Im-The-Captain-Now",
      "post_id": 23,
      "english_label": "disgust",
      "response_time_ms": 3916
    },
    {
      "image_path": "Disaster-Girl/Disaster-Girl_30.png",
      "label": "其他",
      "response_time": "00:00:06.515",
      "timestamp_unix": 1749798076,
      "timestamp_unix_ms": 1749798076302,
      "timestamp_readable": "2025-06-13 07:01:16.302",
      "normalized_name": "Disaster-Girl/Disaster-Girl",
      "meme_name": "Disaster-Girl",
      "post_id": 30,
      "english_label": "others",
      "response_time_ms": 6515
    },
    {
      "image_path": "Moe-throws-Barney/Moe-throws-Barney_46.png",
      "label": "憤怒",
      "response_time": "00:00:04.400",
      "timestamp_unix": 1749798080,
      "timestamp_unix_ms": 1749798080836,
      "timestamp_readable": "2025-06-13 07:01:20.836",
      "normalized_name": "Moe-throws-Barney/Moe-throws-Barney",
      "meme_name": "Moe-throws-Barney",
      "post_id": 46,
      "english_label": "anger",
      "response_time_ms": 4400
    },
    {
      "image_path": "Chill-guy/Chill-guy_18.png",
      "label": "其他",
      "response_time": "00:00:05.200",
      "timestamp_unix": 1749798086,
      "timestamp_unix_ms": 1749798086118,
      "timestamp_readable": "2025-06-13 07:01:26.118",
      "normalized_name": "Chill-guy/Chill-guy",
      "meme_name": "Chill-guy",
      "post_id": 18,
      "english_label": "others",
      "response_time_ms": 5200
    },
    {
      "image_path": "Batman-Slapping-Robin/Batman-Slapping-Robin_44.png",
      "label": "憤怒",
      "response_time": "00:00:03.600",
      "timestamp_unix": 1749798089,
      "timestamp_unix_ms": 1749798089818,
      "timestamp_readable": "2025-06-13 07:01:29.818",
      "normalized_name": "Batman-Slapping-Robin/Batman-Slapping-Robin",
      "meme_name": "Batman-Slapping-Robin",
      "post_id": 44,
      "english_label": "anger",
      "response_time_ms": 3600
    },
    {
      "image_path": "Spiderman-Hospital/Spiderman-Hospital_49.png",
      "label": "其他",
      "response_time": "00:00:03.900",
      "timestamp_unix": 1749798093,
      "timestamp_unix_ms": 1749798093849,
      "timestamp_readable": "2025-06-13 07:01:33.849",
      "normalized_name": "Spiderman-Hospital/Spiderman-Hospital",
      "meme_name": "Spiderman-Hospital",
      "post_id": 49,
      "english_label": "others",
      "response_time_ms": 3900
    },
    {
      "image_path": "Afraid-To-Ask-Andy/Afraid-To-Ask-Andy_38.png",
      "label": "其他",
      "response_time": "00:00:03.902",
      "timestamp_unix": 1749798097,
      "timestamp_unix_ms": 1749798097801,
      "timestamp_readable": "2025-06-13 07:01:37.801",
      "normalized_name": "Afraid-To-Ask-Andy/Afraid-To-Ask-Andy",
      "meme_name": "Afraid-To-Ask-Andy",
      "post_id": 38,
      "english_label": "others",
      "response_time_ms": 3902
    },
    {
      "image_path": "Charlie-Day/Charlie-Day_4.png",
      "label": "憤怒",
      "response_time": "00:00:02.801",
      "timestamp_unix": 1749798100,
      "timestamp_unix_ms": 1749798100702,
      "timestamp_readable": "2025-06-13 07:01:40.702",
      "normalized_name": "Charlie-Day/Charlie-Day",
      "meme_name": "Charlie-Day",
      "post_id": 4,
      "english_label": "anger",
      "response_time_ms": 2801
    },
    {
      "image_path": "DJ-Pauly-D/DJ-Pauly-D_19.png",
      "label": "憤怒",
      "response_time": "00:00:03.601",
      "timestamp_unix": 1749798104,
      "timestamp_unix_ms": 1749798104436,
      "timestamp_readable": "2025-06-13 07:01:44.436",
      "normalized_name": "DJ-Pauly-D/DJ-Pauly-D",
      "meme_name": "DJ-Pauly-D",
      "post_id": 19,
      "english_label": "anger",
      "response_time_ms": 3601
    },
    {
      "image_path": "Scooby-doo-mask-reveal/Scooby-doo-mask-reveal_28.png",
      "label": "其他",
      "response_time": "00:00:09.313",
      "timestamp_unix": 1749798113,
      "timestamp_unix_ms": 1749798113802,
      "timestamp_readable": "2025-06-13 07:01:53.802",
      "normalized_name": "Scooby-doo-mask-reveal/Scooby-doo-mask-reveal",
      "meme_name": "Scooby-doo-mask-reveal",
      "post_id": 28,
      "english_label": "others",
      "response_time_ms": 9313
    },
    {
      "image_path": "Always-you-three/Always-you-three_7.png",
      "label": "其他",
      "response_time": "00:00:04.113",
      "timestamp_unix": 1749798118,
      "timestamp_unix_ms": 1749798118018,
      "timestamp_readable": "2025-06-13 07:01:58.018",
      "normalized_name": "Always-you-three/Always-you-three",
      "meme_name": "Always-you-three",
      "post_id": 7,
      "english_label": "others",
      "response_time_ms": 4113
    },
    {
      "image_path": "Spongebob-Yelling/Spongebob-Yelling_17.png",
      "label": "其他",
      "response_time": "00:00:04.915",
      "timestamp_unix": 1749798123,
      "timestamp_unix_ms": 1749798123019,
      "timestamp_readable": "2025-06-13 07:02:03.019",
      "normalized_name": "Spongebob-Yelling/Spongebob-Yelling",
      "meme_name": "Spongebob-Yelling",
      "post_id": 17,
      "english_label": "others",
      "response_time_ms": 4915
    },
    {
      "image_path": "Hold-fart/Hold-fart_10.png",
      "label": "輕蔑",
      "response_time": "00:00:05.014",
      "timestamp_unix": 1749798128,
      "timestamp_unix_ms": 1749798128119,
      "timestamp_readable": "2025-06-13 07:02:08.119",
      "normalized_name": "Hold-fart/Hold-fart",
      "meme_name": "Hold-fart",
      "post_id": 10,
      "english_label": "contempt",
      "response_time_ms": 5014
    },
    {
      "image_path": "Laughing-wolf/Laughing-wolf_5.png",
      "label": "其他",
      "response_time": "00:00:04.600",
      "timestamp_unix": 1749798132,
      "timestamp_unix_ms": 1749798132819,
      "timestamp_readable": "2025-06-13 07:02:12.819",
      "normalized_name": "Laughing-wolf/Laughing-wolf",
      "meme_name": "Laughing-wolf",
      "post_id": 5,
      "english_label": "others",
      "response_time_ms": 4600
    },
    {
      "image_path": "Mr-incredible-mad/Mr-incredible-mad_25.png",
      "label": "厭惡",
      "response_time": "00:00:03.314",
      "timestamp_unix": 1749798136,
      "timestamp_unix_ms": 1749798136218,
      "timestamp_readable": "2025-06-13 07:02:16.218",
      "normalized_name": "Mr-incredible-mad/Mr-incredible-mad",
      "meme_name": "Mr-incredible-mad",
      "post_id": 25,
      "english_label": "disgust",
      "response_time_ms": 3314
    },
    {
      "image_path": "Drake-NoYes/Drake-NoYes_34.png",
      "label": "其他",
      "response_time": "00:00:03.901",
      "timestamp_unix": 1749798140,
      "timestamp_unix_ms": 1749798140203,
      "timestamp_readable": "2025-06-13 07:02:20.203",
      "normalized_name": "Drake-NoYes/Drake-NoYes",
      "meme_name": "Drake-NoYes",
      "post_id": 34,
      "english_label": "others",
      "response_time_ms": 3901
    },
    {
      "image_path": "Confused-Gandalf/Confused-Gandalf_3.png",
      "label": "其他",
      "response_time": "00:00:04.513",
      "timestamp_unix": 1749798144,
      "timestamp_unix_ms": 1749798144802,
      "timestamp_readable": "2025-06-13 07:02:24.802",
      "normalized_name": "Confused-Gandalf/Confused-Gandalf",
      "meme_name": "Confused-Gandalf",
      "post_id": 3,
      "english_label": "others",
      "response_time_ms": 4513
    },
    {
      "image_path": "attention_check/attention_check_Others.png",
      "label": "其他",
      "response_time": "00:00:03.515",
      "timestamp_unix": 1749798148,
      "timestamp_unix_ms": 1749798148435,
      "timestamp_readable": "2025-06-13 07:02:28.435",
      "normalized_name": "attention_check/attention_check_Others.png",
      "meme_name": "attention_check",
      "post_id": null,
      "english_label": "others",
      "response_time_ms": 3515
    },
    {
      "image_path": "Thats-a-paddlin/Thats-a-paddlin_20.png",
      "label": "厭惡",
      "response_time": "00:00:06.401",
      "timestamp_unix": 1749798154,
      "timestamp_unix_ms": 1749798154920,
      "timestamp_readable": "2025-06-13 07:02:34.920",
      "normalized_name": "Thats-a-paddlin/Thats-a-paddlin",
      "meme_name": "Thats-a-paddlin",
      "post_id": 20,
      "english_label": "disgust",
      "response_time_ms": 6401
    },
    {
      "image_path": "Dinkleberg/Dinkleberg_42.png",
      "label": "厭惡",
      "response_time": "00:00:02.716",
      "timestamp_unix": 1749798157,
      "timestamp_unix_ms": 1749798157702,
      "timestamp_readable": "2025-06-13 07:02:37.702",
      "normalized_name": "Dinkleberg/Dinkleberg",
      "meme_name": "Dinkleberg",
      "post_id": 42,
      "english_label": "disgust",
      "response_time_ms": 2716
    },
    {
      "image_path": "Monkey-Puppet/Monkey-Puppet_12.png",
      "label": "厭惡",
      "response_time": "00:00:05.300",
      "timestamp_unix": 1749798163,
      "timestamp_unix_ms": 1749798163136,
      "timestamp_readable": "2025-06-13 07:02:43.136",
      "normalized_name": "Monkey-Puppet/Monkey-Puppet",
      "meme_name": "Monkey-Puppet",
      "post_id": 12,
      "english_label": "disgust",
      "response_time_ms": 5300
    },
    {
      "image_path": "Persian-Cat-Room-Guardian/Persian-Cat-Room-Guardian_39.png",
      "label": "輕蔑",
      "response_time": "00:00:03.513",
      "timestamp_unix": 1749798166,
      "timestamp_unix_ms": 1749798166720,
      "timestamp_readable": "2025-06-13 07:02:46.720",
      "normalized_name": "Persian-Cat-Room-Guardian/Persian-Cat-Room-Guardian",
      "meme_name": "Persian-Cat-Room-Guardian",
      "post_id": 39,
      "english_label": "contempt",
      "response_time_ms": 3513
    },
    {
      "image_path": "Kevin-Hart/Kevin-Hart_37.png",
      "label": "輕蔑",
      "response_time": "00:00:02.715",
      "timestamp_unix": 1749798169,
      "timestamp_unix_ms": 1749798169502,
      "timestamp_readable": "2025-06-13 07:02:49.502",
      "normalized_name": "Kevin-Hart/Kevin-Hart",
      "meme_name": "Kevin-Hart",
      "post_id": 37,
      "english_label": "contempt",
      "response_time_ms": 2715
    },
    {
      "image_path": "Picard-Wtf/Picard-Wtf_27.png",
      "label": "輕蔑",
      "response_time": "00:00:02.101",
      "timestamp_unix": 1749798171,
      "timestamp_unix_ms": 1749798171653,
      "timestamp_readable": "2025-06-13 07:02:51.653",
      "normalized_name": "Picard-Wtf/Picard-Wtf",
      "meme_name": "Picard-Wtf",
      "post_id": 27,
      "english_label": "contempt",
      "response_time_ms": 2101
    },
    {
      "image_path": "Nuclear-Explosion/Nuclear-Explosion_31.png",
      "label": "其他",
      "response_time": "00:00:03.814",
      "timestamp_unix": 1749798175,
      "timestamp_unix_ms": 1749798175553,
      "timestamp_readable": "2025-06-13 07:02:55.553",
      "normalized_name": "Nuclear-Explosion/Nuclear-Explosion",
      "meme_name": "Nuclear-Explosion",
      "post_id": 31,
      "english_label": "others",
      "response_time_ms": 3814
    },
    {
      "image_path": "Hide-the-Pain-Harold/Hide-the-Pain-Harold_1.png",
      "label": "輕蔑",
      "response_time": "00:00:05.013",
      "timestamp_unix": 1749798180,
      "timestamp_unix_ms": 1749798180669,
      "timestamp_readable": "2025-06-13 07:03:00.669",
      "normalized_name": "Hide-the-Pain-Harold/Hide-the-Pain-Harold",
      "meme_name": "Hide-the-Pain-Harold",
      "post_id": 1,
      "english_label": "contempt",
      "response_time_ms": 5013
    },
    {
      "image_path": "Dave-chappelle/Dave-chappelle_8.png",
      "label": "其他",
      "response_time": "00:00:04.514",
      "timestamp_unix": 1749798185,
      "timestamp_unix_ms": 1749798185253,
      "timestamp_readable": "2025-06-13 07:03:05.253",
      "normalized_name": "Dave-chappelle/Dave-chappelle",
      "meme_name": "Dave-chappelle",
      "post_id": 8,
      "english_label": "others",
      "response_time_ms": 4514
    },
    {
      "image_path": "Leonardo-Dicaprio-Wolf-Of-Wall-Street/Leonardo-Dicaprio-Wolf-Of-Wall-Street_43.png",
      "label": "輕蔑",
      "response_time": "00:00:04.315",
      "timestamp_unix": 1749798189,
      "timestamp_unix_ms": 1749798189668,
      "timestamp_readable": "2025-06-13 07:03:09.668",
      "normalized_name": "Leonardo-Dicaprio-Wolf-Of-Wall-Street/Leonardo-Dicaprio-Wolf-Of-Wall-Street",
      "meme_name": "Leonardo-Dicaprio-Wolf-Of-Wall-Street",
      "post_id": 43,
      "english_label": "contempt",
      "response_time_ms": 4315
    },
    {
      "image_path": "Disappointed-Man/Disappointed-Man_15.png",
      "label": "憤怒",
      "response_time": "00:00:03.500",
      "timestamp_unix": 1749798193,
      "timestamp_unix_ms": 1749798193236,
      "timestamp_readable": "2025-06-13 07:03:13.236",
      "normalized_name": "Disappointed-Man/Disappointed-Man",
      "meme_name": "Disappointed-Man",
      "post_id": 15,
      "english_label": "anger",
      "response_time_ms": 3500
    },
    {
      "image_path": "Mr-McMahon-reaction/Mr-McMahon-reaction_36.png",
      "label": "其他",
      "response_time": "00:00:03.102",
      "timestamp_unix": 1749798196,
      "timestamp_unix_ms": 1749798196386,
      "timestamp_readable": "2025-06-13 07:03:16.386",
      "normalized_name": "Mr-McMahon-reaction/Mr-McMahon-reaction",
      "meme_name": "Mr-McMahon-reaction",
      "post_id": 36,
      "english_label": "others",
      "response_time_ms": 3102
    },
    {
      "image_path": "Angry-Baby/Angry-Baby_21.png",
      "label": "其他",
      "response_time": "00:00:03.514",
      "timestamp_unix": 1749798200,
      "timestamp_unix_ms": 1749798200002,
      "timestamp_readable": "2025-06-13 07:03:20.002",
      "normalized_name": "Angry-Baby/Angry-Baby",
      "meme_name": "Angry-Baby",
      "post_id": 21,
      "english_label": "others",
      "response_time_ms": 3514
    },
    {
      "image_path": "Happy--Shock/Happy--Shock_48.png",
      "label": "其他",
      "response_time": "00:00:08.300",
      "timestamp_unix": 1749798208,
      "timestamp_unix_ms": 1749798208403,
      "timestamp_readable": "2025-06-13 07:03:28.403",
      "normalized_name": "Happy--Shock/Happy--Shock",
      "meme_name": "Happy--Shock",
      "post_id": 48,
      "english_label": "others",
      "response_time_ms": 8300
    },
    {
      "image_path": "Futurama-Fry/Futurama-Fry_26.png",
      "label": "厭惡",
      "response_time": "00:00:04.214",
      "timestamp_unix": 1749798212,
      "timestamp_unix_ms": 1749798212668,
      "timestamp_readable": "2025-06-13 07:03:32.668",
      "normalized_name": "Futurama-Fry/Futurama-Fry",
      "meme_name": "Futurama-Fry",
      "post_id": 26,
      "english_label": "disgust",
      "response_time_ms": 4214
    },
    {
      "image_path": "You-The-Real-MVP/You-The-Real-MVP_2.png",
      "label": "輕蔑",
      "response_time": "00:00:04.100",
      "timestamp_unix": 1749798216,
      "timestamp_unix_ms": 1749798216853,
      "timestamp_readable": "2025-06-13 07:03:36.853",
      "normalized_name": "You-The-Real-MVP/You-The-Real-MVP",
      "meme_name": "You-The-Real-MVP",
      "post_id": 2,
      "english_label": "contempt",
      "response_time_ms": 4100
    },
    {
      "image_path": "Khan/Khan_24.png",
      "label": "其他",
      "response_time": "00:00:03.713",
      "timestamp_unix": 1749798220,
      "timestamp_unix_ms": 1749798220636,
      "timestamp_readable": "2025-06-13 07:03:40.636",
      "normalized_name": "Khan/Khan",
      "meme_name": "Khan",
      "post_id": 24,
      "english_label": "others",
      "response_time_ms": 3713
    },
    {
      "image_path": "Table-Flip-Guy/Table-Flip-Guy_35.png",
      "label": "憤怒",
      "response_time": "00:00:04.800",
      "timestamp_unix": 1749798225,
      "timestamp_unix_ms": 1749798225522,
      "timestamp_readable": "2025-06-13 07:03:45.522",
      "normalized_name": "Table-Flip-Guy/Table-Flip-Guy",
      "meme_name": "Table-Flip-Guy",
      "post_id": 35,
      "english_label": "anger",
      "response_time_ms": 4800
    },
    {
      "image_path": "Surprised-Pikachu/Surprised-Pikachu_11.png",
      "label": "輕蔑",
      "response_time": "00:00:02.812",
      "timestamp_unix": 1749798228,
      "timestamp_unix_ms": 1749798228402,
      "timestamp_readable": "2025-06-13 07:03:48.402",
      "normalized_name": "Surprised-Pikachu/Surprised-Pikachu",
      "meme_name": "Surprised-Pikachu",
      "post_id": 11,
      "english_label": "contempt",
      "response_time_ms": 2812
    },
    {
      "image_path": "For-the-better-right-blank/For-the-better-right-blank_14.png",
      "label": "厭惡",
      "response_time": "00:00:02.701",
      "timestamp_unix": 1749798231,
      "timestamp_unix_ms": 1749798231154,
      "timestamp_readable": "2025-06-13 07:03:51.154",
      "normalized_name": "For-the-better-right-blank/For-the-better-right-blank",
      "meme_name": "For-the-better-right-blank",
      "post_id": 14,
      "english_label": "disgust",
      "response_time_ms": 2701
    },
    {
      "image_path": "Mocking-Spongebob/Mocking-Spongebob_9.png",
      "label": "輕蔑",
      "response_time": "00:00:03.815",
      "timestamp_unix": 1749798235,
      "timestamp_unix_ms": 1749798235104,
      "timestamp_readable": "2025-06-13 07:03:55.104",
      "normalized_name": "Mocking-Spongebob/Mocking-Spongebob",
      "meme_name": "Mocking-Spongebob",
      "post_id": 9,
      "english_label": "contempt",
      "response_time_ms": 3815
    },
    {
      "image_path": "Always-Has-Been/Always-Has-Been_32.png",
      "label": "其他",
      "response_time": "00:00:04.315",
      "timestamp_unix": 1749798239,
      "timestamp_unix_ms": 1749798239554,
      "timestamp_readable": "2025-06-13 07:03:59.554",
      "normalized_name": "Always-Has-Been/Always-Has-Been",
      "meme_name": "Always-Has-Been",
      "post_id": 32,
      "english_label": "others",
      "response_time_ms": 4315
    },
    {
      "image_path": "Ill-Have-You-Know-Spongebob/Ill-Have-You-Know-Spongebob_40.png",
      "label": "其他",
      "response_time": "00:00:04.815",
      "timestamp_unix": 1749798244,
      "timestamp_unix_ms": 1749798244403,
      "timestamp_readable": "2025-06-13 07:04:04.403",
      "normalized_name": "Ill-Have-You-Know-Spongebob/Ill-Have-You-Know-Spongebob",
      "meme_name": "Ill-Have-You-Know-Spongebob",
      "post_id": 40,
      "english_label": "others",
      "response_time_ms": 4815
    },
    {
      "image_path": "attention_check/attention_check_Anger.png",
      "label": "憤怒",
      "response_time": "00:00:01.914",
      "timestamp_unix": 1749798246,
      "timestamp_unix_ms": 1749798246454,
      "timestamp_readable": "2025-06-13 07:04:06.454",
      "normalized_name": "attention_check/attention_check_Anger.png",
      "meme_name": "attention_check",
      "post_id": null,
      "english_label": "anger",
      "response_time_ms": 1914
    },
    {
      "image_path": "Archer/Archer_47.png",
      "label": "其他",
      "response_time": "00:00:03.013",
      "timestamp_unix": 1749798249,
      "timestamp_unix_ms": 1749798249537,
      "timestamp_readable": "2025-06-13 07:04:09.537",
      "normalized_name": "Archer/Archer",
      "meme_name": "Archer",
      "post_id": 47,
      "english_label": "others",
      "response_time_ms": 3013
    },
    {
      "image_path": "Smudge-the-cat/Smudge-the-cat_33.png",
      "label": "輕蔑",
      "response_time": "00:00:04.711",
      "timestamp_unix": 1749798254,
      "timestamp_unix_ms": 1749798254369,
      "timestamp_readable": "2025-06-13 07:04:14.369",
      "normalized_name": "Smudge-the-cat/Smudge-the-cat",
      "meme_name": "Smudge-the-cat",
      "post_id": 33,
      "english_label": "contempt",
      "response_time_ms": 4711
    }
  ],
  "session_start_unix": 1749797965,
  "session_status": "completed",
  "last_updated_unix": 1749798356,
  "image_order": [
    "Spiderman-Hospital/Spiderman-Hospital_49.png",
    "Happy--Shock/Happy--Shock_48.png",
    "Chill-guy/Chill-guy_18.png",
    "I-am-once-again-asking/I-am-once-again-asking_41.png",
    "Math-ladyConfused-lady/Math-ladyConfused-lady_29.png",
    "Archer/Archer_47.png",
    "Leonardo-Dicaprio-Wolf-Of-Wall-Street/Leonardo-Dicaprio-Wolf-Of-Wall-Street_43.png",
    "Mocking-Spongebob/Mocking-Spongebob_9.png",
    "Afraid-To-Ask-Andy/Afraid-To-Ask-Andy_38.png",
    "Charlie-Day/Charlie-Day_4.png",
    "Always-Has-Been/Always-Has-Been_32.png",
    "Picard-Wtf/Picard-Wtf_27.png",
    "Batman-Slapping-Robin/Batman-Slapping-Robin_44.png",
    "For-the-better-right-blank/For-the-better-right-blank_14.png",
    "Drake-NoYes/Drake-NoYes_34.png",
    "Laughing-wolf/Laughing-wolf_5.png",
    "DJ-Pauly-D/DJ-Pauly-D_19.png",
    "Always-you-three/Always-you-three_7.png",
    "Disappointed-Man/Disappointed-Man_15.png",
    "Smudge-the-cat/Smudge-the-cat_33.png",
    "Thats-a-paddlin/Thats-a-paddlin_20.png",
    "Hide-the-Pain-Harold/Hide-the-Pain-Harold_1.png",
    "Hold-fart/Hold-fart_10.png",
    "Im-The-Captain-Now/Im-The-Captain-Now_23.png",
    "Obi-Wan-Kenobi/Obi-Wan-Kenobi_13.png",
    "attention_check/attention_check_Others.png",
    "Spongebob-Yelling/Spongebob-Yelling_17.png",
    "Nuclear-Explosion/Nuclear-Explosion_31.png",
    "Dinkleberg/Dinkleberg_42.png",
    "Scooby-doo-mask-reveal/Scooby-doo-mask-reveal_28.png",
    "Disaster-Girl/Disaster-Girl_30.png",
    "Black-guy-hiding-behind-tree/Black-guy-hiding-behind-tree_22.png",
    "You-The-Real-MVP/You-The-Real-MVP_2.png",
    "Moe-throws-Barney/Moe-throws-Barney_46.png",
    "Ill-Have-You-Know-Spongebob/Ill-Have-You-Know-Spongebob_40.png",
    "Futurama-Fry/Futurama-Fry_26.png",
    "Monkey-Puppet/Monkey-Puppet_12.png",
    "Confused-Gandalf/Confused-Gandalf_3.png",
    "Mr-incredible-mad/Mr-incredible-mad_25.png",
    "Dave-chappelle/Dave-chappelle_8.png",
    "Surprised-Pikachu/Surprised-Pikachu_11.png",
    "Table-Flip-Guy/Table-Flip-Guy_35.png",
    "Kevin-Hart/Kevin-Hart_37.png",
    "Well-Yes-But-Actually-No/Well-Yes-But-Actually-No_50.png",
    "Mr-McMahon-reaction/Mr-McMahon-reaction_36.png",
    "Gru-Gun/Gru-Gun_45.png",
    "Persian-Cat-Room-Guardian/Persian-Cat-Room-Guardian_39.png",
    "Put-It-Somewhere-Else-Patrick/Put-It-Somewhere-Else-Patrick_16.png",
    "Angry-Baby/Angry-Baby_21.png",
    "attention_check/attention_check_Anger.png",
    "Arthur-Fist/Arthur-Fist_6.png",
    "Khan/Khan_24.png"
  ],
  "completion_status": {
    "practice_completed": true,
    "game_started": true,
    "game_completed": true,
    "summary_viewed": true,
    "email_submitted": true
  },
  "timestamps_unix": {
    "registration_completed": 1749797965,
    "practice_started": 1749797965,
    "practice_completed": 1749798010,
    "game_started": 1749798010,
    "first_label": 1749798015,
    "last_label": 1749798254,
    "game_completed": 1749798256,
    "summary_viewed": 1749798256,
    "email_submitted": 1749798356,
    "session_end": 1749798356,
    "last_updated": 1749798356
  },
  "timestamps_unix_ms": {
    "registration_completed_ms": 1749797965801,
    "practice_started_ms": 1749797965839,
    "practice_completed_ms": 1749798010273,
    "game_started_ms": 1749798010287,
    "first_label_ms": 1749798015251,
    "last_label_ms": 1749798254369,
    "game_completed_ms": 1749798256280,
    "summary_viewed_ms": 1749798256294,
    "email_submitted_ms": 1749798356960,
    "session_end_ms": 1749798356960,
    "last_updated_ms": 1749798356960
  },
  "duration_stats_ms": {
    "total_session_duration_ms": 391159,
    "practice_duration_ms": 44434,
    "game_duration_ms": 245993,
    "labeling_duration_ms": 239118,
    "email_submission_duration_ms": 100666
  },
  "filename_updated_unix": 1749798256,
  "original_filename": "user_a9a8ae",
  "completion_status_in_filename": "email_submitted"
}