{
  "user_id": "user_7f0902",
  "file_name": "user_7f0902_1750080245_1750081638_fullycomplete",
  "unix_start_time": 1750080245,
  "unix_start_time_ms": 1750080245937,
  "unix_end_time": 1750081638,
  "unix_end_time_ms": 1750081638844,
  "age": "35-39",
  "gender": "male",
  "user_agent": "Mozilla/5.0 (Windows NT 10.0; Win64; x64) AppleWebKit/537.36 (KHTML, like Gecko) Chrome/137.0.0.0 Safari/537.36",
  "user_ip": "1.171.55.79",
  "status": "complete",
  "email_provided": "complete",
  "attention_passed": true,
  "start_time_readable": "2025-06-16 13:24:05.937",
  "end_time_readable": "2025-06-16 13:47:18.844",
  "total_labels": 52,
  "emotion_summary": {
    "anger": 13,
    "contempt": 8,
    "disgust": 6,
    "others": 25
  },
  "email": "evaismy@gmail.com",
  "participation": "yes",
  "total_responses": 52,
  "responses": [
    {
      "image_path": "Put-It-Somewhere-Else-Patrick/Put-It-Somewhere-Else-Patrick_1.png",
      "label": "輕蔑",
      "response_time": "00:02:51.205",
      "timestamp_unix": 1750080544,
      "timestamp_unix_ms": 1750080544734,
      "timestamp_readable": "2025-06-16 13:29:04.734",
      "normalized_name": "Put-It-Somewhere-Else-Patrick/Put-It-Somewhere-Else-Patrick",
      "meme_name": "Put-It-Somewhere-Else-Patrick",
      "post_id": 1,
      "english_label": "contempt",
      "response_time_ms": 171205
    },
    {
      "image_path": "Arthur-Fist/Arthur-Fist_43.png",
      "label": "憤怒",
      "response_time": "00:00:14.302",
      "timestamp_unix": 1750080559,
      "timestamp_unix_ms": 1750080559149,
      "timestamp_readable": "2025-06-16 13:29:19.149",
      "normalized_name": "Arthur-Fist/Arthur-Fist",
      "meme_name": "Arthur-Fist",
      "post_id": 43,
      "english_label": "anger",
      "response_time_ms": 14302
    },
    {
      "image_path": "Kevin-Hart/Kevin-Hart_46.png",
      "label": "輕蔑",
      "response_time": "00:00:17.702",
      "timestamp_unix": 1750080576,
      "timestamp_unix_ms": 1750080576913,
      "timestamp_readable": "2025-06-16 13:29:36.913",
      "normalized_name": "Kevin-Hart/Kevin-Hart",
      "meme_name": "Kevin-Hart",
      "post_id": 46,
      "english_label": "contempt",
      "response_time_ms": 17702
    },
    {
      "image_path": "Futurama-Fry/Futurama-Fry_35.png",
      "label": "輕蔑",
      "response_time": "00:00:05.709",
      "timestamp_unix": 1750080582,
      "timestamp_unix_ms": 1750080582683,
      "timestamp_readable": "2025-06-16 13:29:42.683",
      "normalized_name": "Futurama-Fry/Futurama-Fry",
      "meme_name": "Futurama-Fry",
      "post_id": 35,
      "english_label": "contempt",
      "response_time_ms": 5709
    },
    {
      "image_path": "I-am-once-again-asking/I-am-once-again-asking_41.png",
      "label": "其他",
      "response_time": "00:00:11.101",
      "timestamp_unix": 1750080593,
      "timestamp_unix_ms": 1750080593928,
      "timestamp_readable": "2025-06-16 13:29:53.928",
      "normalized_name": "I-am-once-again-asking/I-am-once-again-asking",
      "meme_name": "I-am-once-again-asking",
      "post_id": 41,
      "english_label": "others",
      "response_time_ms": 11101
    },
    {
      "image_path": "Dave-chappelle/Dave-chappelle_37.png",
      "label": "其他",
      "response_time": "00:00:08.109",
      "timestamp_unix": 1750080602,
      "timestamp_unix_ms": 1750080602102,
      "timestamp_readable": "2025-06-16 13:30:02.102",
      "normalized_name": "Dave-chappelle/Dave-chappelle",
      "meme_name": "Dave-chappelle",
      "post_id": 37,
      "english_label": "others",
      "response_time_ms": 8109
    },
    {
      "image_path": "Leonardo-Dicaprio-Wolf-Of-Wall-Street/Leonardo-Dicaprio-Wolf-Of-Wall-Street_33.png",
      "label": "其他",
      "response_time": "00:00:25.705",
      "timestamp_unix": 1750080627,
      "timestamp_unix_ms": 1750080627957,
      "timestamp_readable": "2025-06-16 13:30:27.957",
      "normalized_name": "Leonardo-Dicaprio-Wolf-Of-Wall-Street/Leonardo-Dicaprio-Wolf-Of-Wall-Street",
      "meme_name": "Leonardo-Dicaprio-Wolf-Of-Wall-Street",
      "post_id": 33,
      "english_label": "others",
      "response_time_ms": 25705
    },
    {
      "image_path": "Math-ladyConfused-lady/Math-ladyConfused-lady_32.png",
      "label": "其他",
      "response_time": "00:00:07.203",
      "timestamp_unix": 1750080635,
      "timestamp_unix_ms": 1750080635261,
      "timestamp_readable": "2025-06-16 13:30:35.261",
      "normalized_name": "Math-ladyConfused-lady/Math-ladyConfused-lady",
      "meme_name": "Math-ladyConfused-lady",
      "post_id": 32,
      "english_label": "others",
      "response_time_ms": 7203
    },
    {
      "image_path": "Nuclear-Explosion/Nuclear-Explosion_49.png",
      "label": "憤怒",
      "response_time": "00:00:11.112",
      "timestamp_unix": 1750080646,
      "timestamp_unix_ms": 1750080646455,
      "timestamp_readable": "2025-06-16 13:30:46.455",
      "normalized_name": "Nuclear-Explosion/Nuclear-Explosion",
      "meme_name": "Nuclear-Explosion",
      "post_id": 49,
      "english_label": "anger",
      "response_time_ms": 11112
    },
    {
      "image_path": "Gru-Gun/Gru-Gun_4.png",
      "label": "憤怒",
      "response_time": "00:04:51.101",
      "timestamp_unix": 1750080937,
      "timestamp_unix_ms": 1750080937772,
      "timestamp_readable": "2025-06-16 13:35:37.772",
      "normalized_name": "Gru-Gun/Gru-Gun",
      "meme_name": "Gru-Gun",
      "post_id": 4,
      "english_label": "anger",
      "response_time_ms": 291101
    },
    {
      "image_path": "Hold-fart/Hold-fart_14.png",
      "label": "憤怒",
      "response_time": "00:00:07.504",
      "timestamp_unix": 1750080945,
      "timestamp_unix_ms": 1750080945407,
      "timestamp_readable": "2025-06-16 13:35:45.407",
      "normalized_name": "Hold-fart/Hold-fart",
      "meme_name": "Hold-fart",
      "post_id": 14,
      "english_label": "anger",
      "response_time_ms": 7504
    },
    {
      "image_path": "Moe-throws-Barney/Moe-throws-Barney_25.png",
      "label": "憤怒",
      "response_time": "00:00:09.508",
      "timestamp_unix": 1750080955,
      "timestamp_unix_ms": 1750080955048,
      "timestamp_readable": "2025-06-16 13:35:55.048",
      "normalized_name": "Moe-throws-Barney/Moe-throws-Barney",
      "meme_name": "Moe-throws-Barney",
      "post_id": 25,
      "english_label": "anger",
      "response_time_ms": 9508
    },
    {
      "image_path": "Disaster-Girl/Disaster-Girl_19.png",
      "label": "憤怒",
      "response_time": "00:00:09.908",
      "timestamp_unix": 1750080965,
      "timestamp_unix_ms": 1750080965023,
      "timestamp_readable": "2025-06-16 13:36:05.023",
      "normalized_name": "Disaster-Girl/Disaster-Girl",
      "meme_name": "Disaster-Girl",
      "post_id": 19,
      "english_label": "anger",
      "response_time_ms": 9908
    },
    {
      "image_path": "Mocking-Spongebob/Mocking-Spongebob_20.png",
      "label": "輕蔑",
      "response_time": "00:00:07.811",
      "timestamp_unix": 1750080972,
      "timestamp_unix_ms": 1750080972947,
      "timestamp_readable": "2025-06-16 13:36:12.947",
      "normalized_name": "Mocking-Spongebob/Mocking-Spongebob",
      "meme_name": "Mocking-Spongebob",
      "post_id": 20,
      "english_label": "contempt",
      "response_time_ms": 7811
    },
    {
      "image_path": "Archer/Archer_7.png",
      "label": "厭惡",
      "response_time": "00:01:43.107",
      "timestamp_unix": 1750081076,
      "timestamp_unix_ms": 1750081076209,
      "timestamp_readable": "2025-06-16 13:37:56.209",
      "normalized_name": "Archer/Archer",
      "meme_name": "Archer",
      "post_id": 7,
      "english_label": "disgust",
      "response_time_ms": 103107
    },
    {
      "image_path": "Charlie-Day/Charlie-Day_22.png",
      "label": "厭惡",
      "response_time": "00:00:17.603",
      "timestamp_unix": 1750081093,
      "timestamp_unix_ms": 1750081093880,
      "timestamp_readable": "2025-06-16 13:38:13.880",
      "normalized_name": "Charlie-Day/Charlie-Day",
      "meme_name": "Charlie-Day",
      "post_id": 22,
      "english_label": "disgust",
      "response_time_ms": 17603
    },
    {
      "image_path": "Picard-Wtf/Picard-Wtf_18.png",
      "label": "其他",
      "response_time": "00:00:14.101",
      "timestamp_unix": 1750081108,
      "timestamp_unix_ms": 1750081108078,
      "timestamp_readable": "2025-06-16 13:38:28.078",
      "normalized_name": "Picard-Wtf/Picard-Wtf",
      "meme_name": "Picard-Wtf",
      "post_id": 18,
      "english_label": "others",
      "response_time_ms": 14101
    },
    {
      "image_path": "Drake-NoYes/Drake-NoYes_17.png",
      "label": "其他",
      "response_time": "00:00:08.209",
      "timestamp_unix": 1750081116,
      "timestamp_unix_ms": 1750081116416,
      "timestamp_readable": "2025-06-16 13:38:36.416",
      "normalized_name": "Drake-NoYes/Drake-NoYes",
      "meme_name": "Drake-NoYes",
      "post_id": 17,
      "english_label": "others",
      "response_time_ms": 8209
    },
    {
      "image_path": "Scooby-doo-mask-reveal/Scooby-doo-mask-reveal_27.png",
      "label": "其他",
      "response_time": "00:00:13.500",
      "timestamp_unix": 1750081130,
      "timestamp_unix_ms": 1750081130063,
      "timestamp_readable": "2025-06-16 13:38:50.063",
      "normalized_name": "Scooby-doo-mask-reveal/Scooby-doo-mask-reveal",
      "meme_name": "Scooby-doo-mask-reveal",
      "post_id": 27,
      "english_label": "others",
      "response_time_ms": 13500
    },
    {
      "image_path": "Mr-McMahon-reaction/Mr-McMahon-reaction_50.png",
      "label": "其他",
      "response_time": "00:00:33.207",
      "timestamp_unix": 1750081163,
      "timestamp_unix_ms": 1750081163374,
      "timestamp_readable": "2025-06-16 13:39:23.374",
      "normalized_name": "Mr-McMahon-reaction/Mr-McMahon-reaction",
      "meme_name": "Mr-McMahon-reaction",
      "post_id": 50,
      "english_label": "others",
      "response_time_ms": 33207
    },
    {
      "image_path": "Table-Flip-Guy/Table-Flip-Guy_24.png",
      "label": "憤怒",
      "response_time": "00:00:08.710",
      "timestamp_unix": 1750081172,
      "timestamp_unix_ms": 1750081172198,
      "timestamp_readable": "2025-06-16 13:39:32.198",
      "normalized_name": "Table-Flip-Guy/Table-Flip-Guy",
      "meme_name": "Table-Flip-Guy",
      "post_id": 24,
      "english_label": "anger",
      "response_time_ms": 8710
    },
    {
      "image_path": "attention_check/attention_check_Others.png",
      "label": "其他",
      "response_time": "00:00:08.002",
      "timestamp_unix": 1750081180,
      "timestamp_unix_ms": 1750081180290,
      "timestamp_readable": "2025-06-16 13:39:40.290",
      "normalized_name": "attention_check/attention_check_Others.png",
      "meme_name": "attention_check",
      "post_id": null,
      "english_label": "others",
      "response_time_ms": 8002
    },
    {
      "image_path": "Thats-a-paddlin/Thats-a-paddlin_34.png",
      "label": "其他",
      "response_time": "00:00:27.107",
      "timestamp_unix": 1750081207,
      "timestamp_unix_ms": 1750081207527,
      "timestamp_readable": "2025-06-16 13:40:07.527",
      "normalized_name": "Thats-a-paddlin/Thats-a-paddlin",
      "meme_name": "Thats-a-paddlin",
      "post_id": 34,
      "english_label": "others",
      "response_time_ms": 27107
    },
    {
      "image_path": "For-the-better-right-blank/For-the-better-right-blank_6.png",
      "label": "輕蔑",
      "response_time": "00:00:26.809",
      "timestamp_unix": 1750081234,
      "timestamp_unix_ms": 1750081234451,
      "timestamp_readable": "2025-06-16 13:40:34.451",
      "normalized_name": "For-the-better-right-blank/For-the-better-right-blank",
      "meme_name": "For-the-better-right-blank",
      "post_id": 6,
      "english_label": "contempt",
      "response_time_ms": 26809
    },
    {
      "image_path": "Spongebob-Yelling/Spongebob-Yelling_11.png",
      "label": "憤怒",
      "response_time": "00:00:50.502",
      "timestamp_unix": 1750081285,
      "timestamp_unix_ms": 1750081285060,
      "timestamp_readable": "2025-06-16 13:41:25.060",
      "normalized_name": "Spongebob-Yelling/Spongebob-Yelling",
      "meme_name": "Spongebob-Yelling",
      "post_id": 11,
      "english_label": "anger",
      "response_time_ms": 50502
    },
    {
      "image_path": "Always-Has-Been/Always-Has-Been_48.png",
      "label": "憤怒",
      "response_time": "00:00:13.203",
      "timestamp_unix": 1750081298,
      "timestamp_unix_ms": 1750081298404,
      "timestamp_readable": "2025-06-16 13:41:38.404",
      "normalized_name": "Always-Has-Been/Always-Has-Been",
      "meme_name": "Always-Has-Been",
      "post_id": 48,
      "english_label": "anger",
      "response_time_ms": 13203
    },
    {
      "image_path": "Smudge-the-cat/Smudge-the-cat_40.png",
      "label": "厭惡",
      "response_time": "00:00:16.101",
      "timestamp_unix": 1750081314,
      "timestamp_unix_ms": 1750081314585,
      "timestamp_readable": "2025-06-16 13:41:54.585",
      "normalized_name": "Smudge-the-cat/Smudge-the-cat",
      "meme_name": "Smudge-the-cat",
      "post_id": 40,
      "english_label": "disgust",
      "response_time_ms": 16101
    },
    {
      "image_path": "Spiderman-Hospital/Spiderman-Hospital_36.png",
      "label": "其他",
      "response_time": "00:00:10.704",
      "timestamp_unix": 1750081325,
      "timestamp_unix_ms": 1750081325409,
      "timestamp_readable": "2025-06-16 13:42:05.409",
      "normalized_name": "Spiderman-Hospital/Spiderman-Hospital",
      "meme_name": "Spiderman-Hospital",
      "post_id": 36,
      "english_label": "others",
      "response_time_ms": 10704
    },
    {
      "image_path": "Happy--Shock/Happy--Shock_42.png",
      "label": "其他",
      "response_time": "00:00:07.305",
      "timestamp_unix": 1750081332,
      "timestamp_unix_ms": 1750081332782,
      "timestamp_readable": "2025-06-16 13:42:12.782",
      "normalized_name": "Happy--Shock/Happy--Shock",
      "meme_name": "Happy--Shock",
      "post_id": 42,
      "english_label": "others",
      "response_time_ms": 7305
    },
    {
      "image_path": "Laughing-wolf/Laughing-wolf_30.png",
      "label": "其他",
      "response_time": "00:00:10.803",
      "timestamp_unix": 1750081343,
      "timestamp_unix_ms": 1750081343692,
      "timestamp_readable": "2025-06-16 13:42:23.692",
      "normalized_name": "Laughing-wolf/Laughing-wolf",
      "meme_name": "Laughing-wolf",
      "post_id": 30,
      "english_label": "others",
      "response_time_ms": 10803
    },
    {
      "image_path": "Always-you-three/Always-you-three_15.png",
      "label": "厭惡",
      "response_time": "00:00:25.413",
      "timestamp_unix": 1750081369,
      "timestamp_unix_ms": 1750081369164,
      "timestamp_readable": "2025-06-16 13:42:49.164",
      "normalized_name": "Always-you-three/Always-you-three",
      "meme_name": "Always-you-three",
      "post_id": 15,
      "english_label": "disgust",
      "response_time_ms": 25413
    },
    {
      "image_path": "Khan/Khan_2.png",
      "label": "憤怒",
      "response_time": "00:00:19.400",
      "timestamp_unix": 1750081388,
      "timestamp_unix_ms": 1750081388663,
      "timestamp_readable": "2025-06-16 13:43:08.663",
      "normalized_name": "Khan/Khan",
      "meme_name": "Khan",
      "post_id": 2,
      "english_label": "anger",
      "response_time_ms": 19400
    },
    {
      "image_path": "Dinkleberg/Dinkleberg_16.png",
      "label": "厭惡",
      "response_time": "00:00:12.108",
      "timestamp_unix": 1750081400,
      "timestamp_unix_ms": 1750081400924,
      "timestamp_readable": "2025-06-16 13:43:20.924",
      "normalized_name": "Dinkleberg/Dinkleberg",
      "meme_name": "Dinkleberg",
      "post_id": 16,
      "english_label": "disgust",
      "response_time_ms": 12108
    },
    {
      "image_path": "Surprised-Pikachu/Surprised-Pikachu_45.png",
      "label": "其他",
      "response_time": "00:00:06.201",
      "timestamp_unix": 1750081407,
      "timestamp_unix_ms": 1750081407212,
      "timestamp_readable": "2025-06-16 13:43:27.212",
      "normalized_name": "Surprised-Pikachu/Surprised-Pikachu",
      "meme_name": "Surprised-Pikachu",
      "post_id": 45,
      "english_label": "others",
      "response_time_ms": 6201
    },
    {
      "image_path": "Disappointed-Man/Disappointed-Man_31.png",
      "label": "憤怒",
      "response_time": "00:00:11.412",
      "timestamp_unix": 1750081418,
      "timestamp_unix_ms": 1750081418720,
      "timestamp_readable": "2025-06-16 13:43:38.720",
      "normalized_name": "Disappointed-Man/Disappointed-Man",
      "meme_name": "Disappointed-Man",
      "post_id": 31,
      "english_label": "anger",
      "response_time_ms": 11412
    },
    {
      "image_path": "DJ-Pauly-D/DJ-Pauly-D_38.png",
      "label": "厭惡",
      "response_time": "00:00:08.008",
      "timestamp_unix": 1750081426,
      "timestamp_unix_ms": 1750081426824,
      "timestamp_readable": "2025-06-16 13:43:46.824",
      "normalized_name": "DJ-Pauly-D/DJ-Pauly-D",
      "meme_name": "DJ-Pauly-D",
      "post_id": 38,
      "english_label": "disgust",
      "response_time_ms": 8008
    },
    {
      "image_path": "Ill-Have-You-Know-Spongebob/Ill-Have-You-Know-Spongebob_3.png",
      "label": "其他",
      "response_time": "00:00:11.803",
      "timestamp_unix": 1750081438,
      "timestamp_unix_ms": 1750081438707,
      "timestamp_readable": "2025-06-16 13:43:58.707",
      "normalized_name": "Ill-Have-You-Know-Spongebob/Ill-Have-You-Know-Spongebob",
      "meme_name": "Ill-Have-You-Know-Spongebob",
      "post_id": 3,
      "english_label": "others",
      "response_time_ms": 11803
    },
    {
      "image_path": "Chill-guy/Chill-guy_23.png",
      "label": "其他",
      "response_time": "00:00:23.603",
      "timestamp_unix": 1750081462,
      "timestamp_unix_ms": 1750081462393,
      "timestamp_readable": "2025-06-16 13:44:22.393",
      "normalized_name": "Chill-guy/Chill-guy",
      "meme_name": "Chill-guy",
      "post_id": 23,
      "english_label": "others",
      "response_time_ms": 23603
    },
    {
      "image_path": "Hide-the-Pain-Harold/Hide-the-Pain-Harold_9.png",
      "label": "其他",
      "response_time": "00:00:05.406",
      "timestamp_unix": 1750081467,
      "timestamp_unix_ms": 1750081467894,
      "timestamp_readable": "2025-06-16 13:44:27.894",
      "normalized_name": "Hide-the-Pain-Harold/Hide-the-Pain-Harold",
      "meme_name": "Hide-the-Pain-Harold",
      "post_id": 9,
      "english_label": "others",
      "response_time_ms": 5406
    },
    {
      "image_path": "Black-guy-hiding-behind-tree/Black-guy-hiding-behind-tree_47.png",
      "label": "其他",
      "response_time": "00:00:06.503",
      "timestamp_unix": 1750081474,
      "timestamp_unix_ms": 1750081474536,
      "timestamp_readable": "2025-06-16 13:44:34.536",
      "normalized_name": "Black-guy-hiding-behind-tree/Black-guy-hiding-behind-tree",
      "meme_name": "Black-guy-hiding-behind-tree",
      "post_id": 47,
      "english_label": "others",
      "response_time_ms": 6503
    },
    {
      "image_path": "You-The-Real-MVP/You-The-Real-MVP_12.png",
      "label": "其他",
      "response_time": "00:00:19.302",
      "timestamp_unix": 1750081493,
      "timestamp_unix_ms": 1750081493953,
      "timestamp_readable": "2025-06-16 13:44:53.953",
      "normalized_name": "You-The-Real-MVP/You-The-Real-MVP",
      "meme_name": "You-The-Real-MVP",
      "post_id": 12,
      "english_label": "others",
      "response_time_ms": 19302
    },
    {
      "image_path": "Well-Yes-But-Actually-No/Well-Yes-But-Actually-No_28.png",
      "label": "輕蔑",
      "response_time": "00:00:22.802",
      "timestamp_unix": 1750081516,
      "timestamp_unix_ms": 1750081516869,
      "timestamp_readable": "2025-06-16 13:45:16.869",
      "normalized_name": "Well-Yes-But-Actually-No/Well-Yes-But-Actually-No",
      "meme_name": "Well-Yes-But-Actually-No",
      "post_id": 28,
      "english_label": "contempt",
      "response_time_ms": 22802
    },
    {
      "image_path": "Angry-Baby/Angry-Baby_21.png",
      "label": "其他",
      "response_time": "00:00:09.511",
      "timestamp_unix": 1750081526,
      "timestamp_unix_ms": 1750081526514,
      "timestamp_readable": "2025-06-16 13:45:26.514",
      "normalized_name": "Angry-Baby/Angry-Baby",
      "meme_name": "Angry-Baby",
      "post_id": 21,
      "english_label": "others",
      "response_time_ms": 9511
    },
    {
      "image_path": "Batman-Slapping-Robin/Batman-Slapping-Robin_8.png",
      "label": "憤怒",
      "response_time": "00:00:15.405",
      "timestamp_unix": 1750081542,
      "timestamp_unix_ms": 1750081542024,
      "timestamp_readable": "2025-06-16 13:45:42.024",
      "normalized_name": "Batman-Slapping-Robin/Batman-Slapping-Robin",
      "meme_name": "Batman-Slapping-Robin",
      "post_id": 8,
      "english_label": "anger",
      "response_time_ms": 15405
    },
    {
      "image_path": "Confused-Gandalf/Confused-Gandalf_44.png",
      "label": "其他",
      "response_time": "00:00:08.001",
      "timestamp_unix": 1750081550,
      "timestamp_unix_ms": 1750081550100,
      "timestamp_readable": "2025-06-16 13:45:50.100",
      "normalized_name": "Confused-Gandalf/Confused-Gandalf",
      "meme_name": "Confused-Gandalf",
      "post_id": 44,
      "english_label": "others",
      "response_time_ms": 8001
    },
    {
      "image_path": "Im-The-Captain-Now/Im-The-Captain-Now_26.png",
      "label": "其他",
      "response_time": "00:00:08.109",
      "timestamp_unix": 1750081558,
      "timestamp_unix_ms": 1750081558340,
      "timestamp_readable": "2025-06-16 13:45:58.340",
      "normalized_name": "Im-The-Captain-Now/Im-The-Captain-Now",
      "meme_name": "Im-The-Captain-Now",
      "post_id": 26,
      "english_label": "others",
      "response_time_ms": 8109
    },
    {
      "image_path": "Afraid-To-Ask-Andy/Afraid-To-Ask-Andy_29.png",
      "label": "輕蔑",
      "response_time": "00:00:11.100",
      "timestamp_unix": 1750081569,
      "timestamp_unix_ms": 1750081569531,
      "timestamp_readable": "2025-06-16 13:46:09.531",
      "normalized_name": "Afraid-To-Ask-Andy/Afraid-To-Ask-Andy",
      "meme_name": "Afraid-To-Ask-Andy",
      "post_id": 29,
      "english_label": "contempt",
      "response_time_ms": 11100
    },
    {
      "image_path": "Persian-Cat-Room-Guardian/Persian-Cat-Room-Guardian_39.png",
      "label": "其他",
      "response_time": "00:00:10.602",
      "timestamp_unix": 1750081580,
      "timestamp_unix_ms": 1750081580278,
      "timestamp_readable": "2025-06-16 13:46:20.278",
      "normalized_name": "Persian-Cat-Room-Guardian/Persian-Cat-Room-Guardian",
      "meme_name": "Persian-Cat-Room-Guardian",
      "post_id": 39,
      "english_label": "others",
      "response_time_ms": 10602
    },
    {
      "image_path": "attention_check/attention_check_Contempt.png",
      "label": "輕蔑",
      "response_time": "00:00:04.102",
      "timestamp_unix": 1750081584,
      "timestamp_unix_ms": 1750081584445,
      "timestamp_readable": "2025-06-16 13:46:24.445",
      "normalized_name": "attention_check/attention_check_Contempt.png",
      "meme_name": "attention_check",
      "post_id": null,
      "english_label": "contempt",
      "response_time_ms": 4102
    },
    {
      "image_path": "Mr-incredible-mad/Mr-incredible-mad_10.png",
      "label": "憤怒",
      "response_time": "00:00:11.607",
      "timestamp_unix": 1750081596,
      "timestamp_unix_ms": 1750081596171,
      "timestamp_readable": "2025-06-16 13:46:36.171",
      "normalized_name": "Mr-incredible-mad/Mr-incredible-mad",
      "meme_name": "Mr-incredible-mad",
      "post_id": 10,
      "english_label": "anger",
      "response_time_ms": 11607
    },
    {
      "image_path": "Obi-Wan-Kenobi/Obi-Wan-Kenobi_5.png",
      "label": "其他",
      "response_time": "00:00:04.501",
      "timestamp_unix": 1750081600,
      "timestamp_unix_ms": 1750081600759,
      "timestamp_readable": "2025-06-16 13:46:40.759",
      "normalized_name": "Obi-Wan-Kenobi/Obi-Wan-Kenobi",
      "meme_name": "Obi-Wan-Kenobi",
      "post_id": 5,
      "english_label": "others",
      "response_time_ms": 4501
    },
    {
      "image_path": "Monkey-Puppet/Monkey-Puppet_13.png",
      "label": "其他",
      "response_time": "00:00:15.807",
      "timestamp_unix": 1750081616,
      "timestamp_unix_ms": 1750081616723,
      "timestamp_readable": "2025-06-16 13:46:56.723",
      "normalized_name": "Monkey-Puppet/Monkey-Puppet",
      "meme_name": "Monkey-Puppet",
      "post_id": 13,
      "english_label": "others",
      "response_time_ms": 15807
    }
  ],
  "session_start_unix": 1750080245,
  "session_status": "completed",
  "last_updated_unix": 1750081638,
  "image_order": [
    "Spiderman-Hospital/Spiderman-Hospital_36.png",
    "Happy--Shock/Happy--Shock_42.png",
    "Chill-guy/Chill-guy_23.png",
    "I-am-once-again-asking/I-am-once-again-asking_41.png",
    "Math-ladyConfused-lady/Math-ladyConfused-lady_32.png",
    "Archer/Archer_7.png",
    "Leonardo-Dicaprio-Wolf-Of-Wall-Street/Leonardo-Dicaprio-Wolf-Of-Wall-Street_33.png",
    "Mocking-Spongebob/Mocking-Spongebob_20.png",
    "Afraid-To-Ask-Andy/Afraid-To-Ask-Andy_29.png",
    "Charlie-Day/Charlie-Day_22.png",
    "Always-Has-Been/Always-Has-Been_48.png",
    "Picard-Wtf/Picard-Wtf_18.png",
    "Batman-Slapping-Robin/Batman-Slapping-Robin_8.png",
    "For-the-better-right-blank/For-the-better-right-blank_6.png",
    "Drake-NoYes/Drake-NoYes_17.png",
    "Laughing-wolf/Laughing-wolf_30.png",
    "DJ-Pauly-D/DJ-Pauly-D_38.png",
    "Always-you-three/Always-you-three_15.png",
    "Disappointed-Man/Disappointed-Man_31.png",
    "Smudge-the-cat/Smudge-the-cat_40.png",
    "Thats-a-paddlin/Thats-a-paddlin_34.png",
    "attention_check/attention_check_Others.png",
    "Hide-the-Pain-Harold/Hide-the-Pain-Harold_9.png",
    "Hold-fart/Hold-fart_14.png",
    "Im-The-Captain-Now/Im-The-Captain-Now_26.png",
    "Obi-Wan-Kenobi/Obi-Wan-Kenobi_5.png",
    "Spongebob-Yelling/Spongebob-Yelling_11.png",
    "Nuclear-Explosion/Nuclear-Explosion_49.png",
    "Dinkleberg/Dinkleberg_16.png",
    "Scooby-doo-mask-reveal/Scooby-doo-mask-reveal_27.png",
    "Disaster-Girl/Disaster-Girl_19.png",
    "Black-guy-hiding-behind-tree/Black-guy-hiding-behind-tree_47.png",
    "You-The-Real-MVP/You-The-Real-MVP_12.png",
    "Moe-throws-Barney/Moe-throws-Barney_25.png",
    "Ill-Have-You-Know-Spongebob/Ill-Have-You-Know-Spongebob_3.png",
    "Futurama-Fry/Futurama-Fry_35.png",
    "Monkey-Puppet/Monkey-Puppet_13.png",
    "Confused-Gandalf/Confused-Gandalf_44.png",
    "Mr-incredible-mad/Mr-incredible-mad_10.png",
    "Dave-chappelle/Dave-chappelle_37.png",
    "Surprised-Pikachu/Surprised-Pikachu_45.png",
    "Table-Flip-Guy/Table-Flip-Guy_24.png",
    "Kevin-Hart/Kevin-Hart_46.png",
    "Well-Yes-But-Actually-No/Well-Yes-But-Actually-No_28.png",
    "Mr-McMahon-reaction/Mr-McMahon-reaction_50.png",
    "Gru-Gun/Gru-Gun_4.png",
    "Persian-Cat-Room-Guardian/Persian-Cat-Room-Guardian_39.png",
    "Put-It-Somewhere-Else-Patrick/Put-It-Somewhere-Else-Patrick_1.png",
    "attention_check/attention_check_Contempt.png",
    "Angry-Baby/Angry-Baby_21.png",
    "Arthur-Fist/Arthur-Fist_43.png",
    "Khan/Khan_2.png"
  ],
  "completion_status": {
    "practice_completed": true,
    "game_started": true,
    "game_completed": true,
    "summary_viewed": true,
    "email_submitted": true
  },
  "timestamps_unix": {
    "registration_completed": 1750080245,
    "practice_started": 1750080245,
    "practice_completed": 1750080373,
    "game_started": 1750080373,
    "first_label": 1750080544,
    "last_label": 1750081616,
    "game_completed": 1750081618,
    "summary_viewed": 1750081618,
    "email_submitted": 1750081638,
    "session_end": 1750081638,
    "last_updated": 1750081638
  },
  "timestamps_unix_ms": {
    "registration_completed_ms": 1750080245937,
    "practice_started_ms": 1750080245987,
    "practice_completed_ms": 1750080373098,
    "game_started_ms": 1750080373124,
    "first_label_ms": 1750080544734,
    "last_label_ms": 1750081616723,
    "game_completed_ms": 1750081618958,
    "summary_viewed_ms": 1750081618985,
    "email_submitted_ms": 1750081638818,
    "session_end_ms": 1750081638818,
    "last_updated_ms": 1750081638818
  },
  "duration_stats_ms": {
    "total_session_duration_ms": 1392881,
    "practice_duration_ms": 127111,
    "game_duration_ms": 1245834,
    "labeling_duration_ms": 1071989,
    "email_submission_duration_ms": 19833
  },
  "filename_updated_unix": 1750081619,
  "original_filename": "user_7f0902",
  "completion_status_in_filename": "email_submitted"
}