{
  "user_id": "user_b2f6de",
  "file_name": "user_b2f6de_1749898780_1749899796_fullycomplete",
  "unix_start_time": 1749898780,
  "unix_start_time_ms": 1749898780123,
  "unix_end_time": 1749899796,
  "unix_end_time_ms": 1749899796519,
  "age": "55+",
  "gender": "male",
  "user_agent": "Mozilla/5.0 (Windows NT 10.0; Win64; x64) AppleWebKit/537.36 (KHTML, like Gecko) Chrome/137.0.0.0 Safari/537.36",
  "user_ip": "111.90.141.229",
  "status": "complete",
  "email_provided": "complete",
  "attention_passed": true,
  "start_time_readable": "2025-06-14 10:59:40.123",
  "end_time_readable": "2025-06-14 11:16:36.519",
  "total_labels": 52,
  "emotion_summary": {
    "anger": 15,
    "contempt": 7,
    "disgust": 9,
    "others": 21
  },
  "email": "179817fegf@gmail.com",
  "participation": "no",
  "total_responses": 52,
  "responses": [
    {
      "image_path": "Scooby-doo-mask-reveal/Scooby-doo-mask-reveal_47.png",
      "label": "厭惡",
      "response_time": "00:14:10.601",
      "timestamp_unix": 1749899637,
      "timestamp_unix_ms": 1749899637158,
      "timestamp_readable": "2025-06-14 11:13:57.158",
      "normalized_name": "Scooby-doo-mask-reveal/Scooby-doo-mask-reveal",
      "meme_name": "Scooby-doo-mask-reveal",
      "post_id": 47,
      "english_label": "disgust",
      "response_time_ms": 850601
    },
    {
      "image_path": "Leonardo-Dicaprio-Wolf-Of-Wall-Street/Leonardo-Dicaprio-Wolf-Of-Wall-Street_36.png",
      "label": "輕蔑",
      "response_time": "00:00:02.702",
      "timestamp_unix": 1749899640,
      "timestamp_unix_ms": 1749899640017,
      "timestamp_readable": "2025-06-14 11:14:00.017",
      "normalized_name": "Leonardo-Dicaprio-Wolf-Of-Wall-Street/Leonardo-Dicaprio-Wolf-Of-Wall-Street",
      "meme_name": "Leonardo-Dicaprio-Wolf-Of-Wall-Street",
      "post_id": 36,
      "english_label": "contempt",
      "response_time_ms": 2702
    },
    {
      "image_path": "DJ-Pauly-D/DJ-Pauly-D_26.png",
      "label": "厭惡",
      "response_time": "00:00:03.300",
      "timestamp_unix": 1749899643,
      "timestamp_unix_ms": 1749899643469,
      "timestamp_readable": "2025-06-14 11:14:03.469",
      "normalized_name": "DJ-Pauly-D/DJ-Pauly-D",
      "meme_name": "DJ-Pauly-D",
      "post_id": 26,
      "english_label": "disgust",
      "response_time_ms": 3300
    },
    {
      "image_path": "Monkey-Puppet/Monkey-Puppet_2.png",
      "label": "輕蔑",
      "response_time": "00:00:03.601",
      "timestamp_unix": 1749899647,
      "timestamp_unix_ms": 1749899647237,
      "timestamp_readable": "2025-06-14 11:14:07.237",
      "normalized_name": "Monkey-Puppet/Monkey-Puppet",
      "meme_name": "Monkey-Puppet",
      "post_id": 2,
      "english_label": "contempt",
      "response_time_ms": 3601
    },
    {
      "image_path": "Afraid-To-Ask-Andy/Afraid-To-Ask-Andy_3.png",
      "label": "厭惡",
      "response_time": "00:00:04.001",
      "timestamp_unix": 1749899651,
      "timestamp_unix_ms": 1749899651437,
      "timestamp_readable": "2025-06-14 11:14:11.437",
      "normalized_name": "Afraid-To-Ask-Andy/Afraid-To-Ask-Andy",
      "meme_name": "Afraid-To-Ask-Andy",
      "post_id": 3,
      "english_label": "disgust",
      "response_time_ms": 4001
    },
    {
      "image_path": "I-am-once-again-asking/I-am-once-again-asking_50.png",
      "label": "其他",
      "response_time": "00:00:02.202",
      "timestamp_unix": 1749899653,
      "timestamp_unix_ms": 1749899653857,
      "timestamp_readable": "2025-06-14 11:14:13.857",
      "normalized_name": "I-am-once-again-asking/I-am-once-again-asking",
      "meme_name": "I-am-once-again-asking",
      "post_id": 50,
      "english_label": "others",
      "response_time_ms": 2202
    },
    {
      "image_path": "Confused-Gandalf/Confused-Gandalf_49.png",
      "label": "輕蔑",
      "response_time": "00:00:03.300",
      "timestamp_unix": 1749899657,
      "timestamp_unix_ms": 1749899657289,
      "timestamp_readable": "2025-06-14 11:14:17.289",
      "normalized_name": "Confused-Gandalf/Confused-Gandalf",
      "meme_name": "Confused-Gandalf",
      "post_id": 49,
      "english_label": "contempt",
      "response_time_ms": 3300
    },
    {
      "image_path": "Angry-Baby/Angry-Baby_42.png",
      "label": "憤怒",
      "response_time": "00:00:02.300",
      "timestamp_unix": 1749899659,
      "timestamp_unix_ms": 1749899659773,
      "timestamp_readable": "2025-06-14 11:14:19.773",
      "normalized_name": "Angry-Baby/Angry-Baby",
      "meme_name": "Angry-Baby",
      "post_id": 42,
      "english_label": "anger",
      "response_time_ms": 2300
    },
    {
      "image_path": "Smudge-the-cat/Smudge-the-cat_17.png",
      "label": "憤怒",
      "response_time": "00:00:02.402",
      "timestamp_unix": 1749899662,
      "timestamp_unix_ms": 1749899662394,
      "timestamp_readable": "2025-06-14 11:14:22.394",
      "normalized_name": "Smudge-the-cat/Smudge-the-cat",
      "meme_name": "Smudge-the-cat",
      "post_id": 17,
      "english_label": "anger",
      "response_time_ms": 2402
    },
    {
      "image_path": "Nuclear-Explosion/Nuclear-Explosion_16.png",
      "label": "憤怒",
      "response_time": "00:00:03.402",
      "timestamp_unix": 1749899665,
      "timestamp_unix_ms": 1749899665941,
      "timestamp_readable": "2025-06-14 11:14:25.941",
      "normalized_name": "Nuclear-Explosion/Nuclear-Explosion",
      "meme_name": "Nuclear-Explosion",
      "post_id": 16,
      "english_label": "anger",
      "response_time_ms": 3402
    },
    {
      "image_path": "Thats-a-paddlin/Thats-a-paddlin_35.png",
      "label": "厭惡",
      "response_time": "00:00:03.001",
      "timestamp_unix": 1749899669,
      "timestamp_unix_ms": 1749899669161,
      "timestamp_readable": "2025-06-14 11:14:29.161",
      "normalized_name": "Thats-a-paddlin/Thats-a-paddlin",
      "meme_name": "Thats-a-paddlin",
      "post_id": 35,
      "english_label": "disgust",
      "response_time_ms": 3001
    },
    {
      "image_path": "Persian-Cat-Room-Guardian/Persian-Cat-Room-Guardian_28.png",
      "label": "憤怒",
      "response_time": "00:00:04.602",
      "timestamp_unix": 1749899673,
      "timestamp_unix_ms": 1749899673966,
      "timestamp_readable": "2025-06-14 11:14:33.966",
      "normalized_name": "Persian-Cat-Room-Guardian/Persian-Cat-Room-Guardian",
      "meme_name": "Persian-Cat-Room-Guardian",
      "post_id": 28,
      "english_label": "anger",
      "response_time_ms": 4602
    },
    {
      "image_path": "Dave-chappelle/Dave-chappelle_34.png",
      "label": "其他",
      "response_time": "00:00:03.600",
      "timestamp_unix": 1749899677,
      "timestamp_unix_ms": 1749899677764,
      "timestamp_readable": "2025-06-14 11:14:37.764",
      "normalized_name": "Dave-chappelle/Dave-chappelle",
      "meme_name": "Dave-chappelle",
      "post_id": 34,
      "english_label": "others",
      "response_time_ms": 3600
    },
    {
      "image_path": "Khan/Khan_12.png",
      "label": "憤怒",
      "response_time": "00:00:02.700",
      "timestamp_unix": 1749899680,
      "timestamp_unix_ms": 1749899680664,
      "timestamp_readable": "2025-06-14 11:14:40.664",
      "normalized_name": "Khan/Khan",
      "meme_name": "Khan",
      "post_id": 12,
      "english_label": "anger",
      "response_time_ms": 2700
    },
    {
      "image_path": "Hold-fart/Hold-fart_14.png",
      "label": "其他",
      "response_time": "00:00:02.500",
      "timestamp_unix": 1749899683,
      "timestamp_unix_ms": 1749899683348,
      "timestamp_readable": "2025-06-14 11:14:43.348",
      "normalized_name": "Hold-fart/Hold-fart",
      "meme_name": "Hold-fart",
      "post_id": 14,
      "english_label": "others",
      "response_time_ms": 2500
    },
    {
      "image_path": "Math-ladyConfused-lady/Math-ladyConfused-lady_4.png",
      "label": "輕蔑",
      "response_time": "00:00:02.800",
      "timestamp_unix": 1749899686,
      "timestamp_unix_ms": 1749899686368,
      "timestamp_readable": "2025-06-14 11:14:46.368",
      "normalized_name": "Math-ladyConfused-lady/Math-ladyConfused-lady",
      "meme_name": "Math-ladyConfused-lady",
      "post_id": 4,
      "english_label": "contempt",
      "response_time_ms": 2800
    },
    {
      "image_path": "Moe-throws-Barney/Moe-throws-Barney_39.png",
      "label": "憤怒",
      "response_time": "00:00:02.100",
      "timestamp_unix": 1749899688,
      "timestamp_unix_ms": 1749899688668,
      "timestamp_readable": "2025-06-14 11:14:48.668",
      "normalized_name": "Moe-throws-Barney/Moe-throws-Barney",
      "meme_name": "Moe-throws-Barney",
      "post_id": 39,
      "english_label": "anger",
      "response_time_ms": 2100
    },
    {
      "image_path": "Gru-Gun/Gru-Gun_27.png",
      "label": "厭惡",
      "response_time": "00:00:02.801",
      "timestamp_unix": 1749899691,
      "timestamp_unix_ms": 1749899691620,
      "timestamp_readable": "2025-06-14 11:14:51.620",
      "normalized_name": "Gru-Gun/Gru-Gun",
      "meme_name": "Gru-Gun",
      "post_id": 27,
      "english_label": "disgust",
      "response_time_ms": 2801
    },
    {
      "image_path": "Kevin-Hart/Kevin-Hart_5.png",
      "label": "其他",
      "response_time": "00:00:02.001",
      "timestamp_unix": 1749899693,
      "timestamp_unix_ms": 1749899693804,
      "timestamp_readable": "2025-06-14 11:14:53.804",
      "normalized_name": "Kevin-Hart/Kevin-Hart",
      "meme_name": "Kevin-Hart",
      "post_id": 5,
      "english_label": "others",
      "response_time_ms": 2001
    },
    {
      "image_path": "Laughing-wolf/Laughing-wolf_41.png",
      "label": "憤怒",
      "response_time": "00:00:01.601",
      "timestamp_unix": 1749899695,
      "timestamp_unix_ms": 1749899695604,
      "timestamp_readable": "2025-06-14 11:14:55.604",
      "normalized_name": "Laughing-wolf/Laughing-wolf",
      "meme_name": "Laughing-wolf",
      "post_id": 41,
      "english_label": "anger",
      "response_time_ms": 1601
    },
    {
      "image_path": "Mr-McMahon-reaction/Mr-McMahon-reaction_24.png",
      "label": "其他",
      "response_time": "00:00:01.901",
      "timestamp_unix": 1749899697,
      "timestamp_unix_ms": 1749899697672,
      "timestamp_readable": "2025-06-14 11:14:57.672",
      "normalized_name": "Mr-McMahon-reaction/Mr-McMahon-reaction",
      "meme_name": "Mr-McMahon-reaction",
      "post_id": 24,
      "english_label": "others",
      "response_time_ms": 1901
    },
    {
      "image_path": "Mr-incredible-mad/Mr-incredible-mad_38.png",
      "label": "憤怒",
      "response_time": "00:00:01.900",
      "timestamp_unix": 1749899699,
      "timestamp_unix_ms": 1749899699772,
      "timestamp_readable": "2025-06-14 11:14:59.772",
      "normalized_name": "Mr-incredible-mad/Mr-incredible-mad",
      "meme_name": "Mr-incredible-mad",
      "post_id": 38,
      "english_label": "anger",
      "response_time_ms": 1900
    },
    {
      "image_path": "attention_check/attention_check_Contempt.png",
      "label": "輕蔑",
      "response_time": "00:00:05.501",
      "timestamp_unix": 1749899705,
      "timestamp_unix_ms": 1749899705474,
      "timestamp_readable": "2025-06-14 11:15:05.474",
      "normalized_name": "attention_check/attention_check_Contempt.png",
      "meme_name": "attention_check",
      "post_id": null,
      "english_label": "contempt",
      "response_time_ms": 5501
    },
    {
      "image_path": "Happy--Shock/Happy--Shock_11.png",
      "label": "其他",
      "response_time": "00:00:02.400",
      "timestamp_unix": 1749899708,
      "timestamp_unix_ms": 1749899708028,
      "timestamp_readable": "2025-06-14 11:15:08.028",
      "normalized_name": "Happy--Shock/Happy--Shock",
      "meme_name": "Happy--Shock",
      "post_id": 11,
      "english_label": "others",
      "response_time_ms": 2400
    },
    {
      "image_path": "Black-guy-hiding-behind-tree/Black-guy-hiding-behind-tree_6.png",
      "label": "其他",
      "response_time": "00:00:02.001",
      "timestamp_unix": 1749899710,
      "timestamp_unix_ms": 1749899710210,
      "timestamp_readable": "2025-06-14 11:15:10.210",
      "normalized_name": "Black-guy-hiding-behind-tree/Black-guy-hiding-behind-tree",
      "meme_name": "Black-guy-hiding-behind-tree",
      "post_id": 6,
      "english_label": "others",
      "response_time_ms": 2001
    },
    {
      "image_path": "Mocking-Spongebob/Mocking-Spongebob_9.png",
      "label": "憤怒",
      "response_time": "00:00:03.500",
      "timestamp_unix": 1749899713,
      "timestamp_unix_ms": 1749899713901,
      "timestamp_readable": "2025-06-14 11:15:13.901",
      "normalized_name": "Mocking-Spongebob/Mocking-Spongebob",
      "meme_name": "Mocking-Spongebob",
      "post_id": 9,
      "english_label": "anger",
      "response_time_ms": 3500
    },
    {
      "image_path": "Arthur-Fist/Arthur-Fist_10.png",
      "label": "其他",
      "response_time": "00:00:03.800",
      "timestamp_unix": 1749899717,
      "timestamp_unix_ms": 1749899717896,
      "timestamp_readable": "2025-06-14 11:15:17.896",
      "normalized_name": "Arthur-Fist/Arthur-Fist",
      "meme_name": "Arthur-Fist",
      "post_id": 10,
      "english_label": "others",
      "response_time_ms": 3800
    },
    {
      "image_path": "Always-you-three/Always-you-three_8.png",
      "label": "其他",
      "response_time": "00:00:02.200",
      "timestamp_unix": 1749899720,
      "timestamp_unix_ms": 1749899720312,
      "timestamp_readable": "2025-06-14 11:15:20.312",
      "normalized_name": "Always-you-three/Always-you-three",
      "meme_name": "Always-you-three",
      "post_id": 8,
      "english_label": "others",
      "response_time_ms": 2200
    },
    {
      "image_path": "Spongebob-Yelling/Spongebob-Yelling_32.png",
      "label": "憤怒",
      "response_time": "00:00:02.500",
      "timestamp_unix": 1749899722,
      "timestamp_unix_ms": 1749899722997,
      "timestamp_readable": "2025-06-14 11:15:22.997",
      "normalized_name": "Spongebob-Yelling/Spongebob-Yelling",
      "meme_name": "Spongebob-Yelling",
      "post_id": 32,
      "english_label": "anger",
      "response_time_ms": 2500
    },
    {
      "image_path": "Table-Flip-Guy/Table-Flip-Guy_43.png",
      "label": "憤怒",
      "response_time": "00:00:03.000",
      "timestamp_unix": 1749899726,
      "timestamp_unix_ms": 1749899726216,
      "timestamp_readable": "2025-06-14 11:15:26.216",
      "normalized_name": "Table-Flip-Guy/Table-Flip-Guy",
      "meme_name": "Table-Flip-Guy",
      "post_id": 43,
      "english_label": "anger",
      "response_time_ms": 3000
    },
    {
      "image_path": "Well-Yes-But-Actually-No/Well-Yes-But-Actually-No_1.png",
      "label": "其他",
      "response_time": "00:00:01.901",
      "timestamp_unix": 1749899728,
      "timestamp_unix_ms": 1749899728315,
      "timestamp_readable": "2025-06-14 11:15:28.315",
      "normalized_name": "Well-Yes-But-Actually-No/Well-Yes-But-Actually-No",
      "meme_name": "Well-Yes-But-Actually-No",
      "post_id": 1,
      "english_label": "others",
      "response_time_ms": 1901
    },
    {
      "image_path": "Obi-Wan-Kenobi/Obi-Wan-Kenobi_30.png",
      "label": "其他",
      "response_time": "00:00:02.500",
      "timestamp_unix": 1749899731,
      "timestamp_unix_ms": 1749899731048,
      "timestamp_readable": "2025-06-14 11:15:31.048",
      "normalized_name": "Obi-Wan-Kenobi/Obi-Wan-Kenobi",
      "meme_name": "Obi-Wan-Kenobi",
      "post_id": 30,
      "english_label": "others",
      "response_time_ms": 2500
    },
    {
      "image_path": "Disaster-Girl/Disaster-Girl_19.png",
      "label": "憤怒",
      "response_time": "00:00:05.100",
      "timestamp_unix": 1749899736,
      "timestamp_unix_ms": 1749899736336,
      "timestamp_readable": "2025-06-14 11:15:36.336",
      "normalized_name": "Disaster-Girl/Disaster-Girl",
      "meme_name": "Disaster-Girl",
      "post_id": 19,
      "english_label": "anger",
      "response_time_ms": 5100
    },
    {
      "image_path": "Surprised-Pikachu/Surprised-Pikachu_48.png",
      "label": "其他",
      "response_time": "00:00:02.301",
      "timestamp_unix": 1749899738,
      "timestamp_unix_ms": 1749899738790,
      "timestamp_readable": "2025-06-14 11:15:38.790",
      "normalized_name": "Surprised-Pikachu/Surprised-Pikachu",
      "meme_name": "Surprised-Pikachu",
      "post_id": 48,
      "english_label": "others",
      "response_time_ms": 2301
    },
    {
      "image_path": "Disappointed-Man/Disappointed-Man_25.png",
      "label": "其他",
      "response_time": "00:00:01.701",
      "timestamp_unix": 1749899740,
      "timestamp_unix_ms": 1749899740720,
      "timestamp_readable": "2025-06-14 11:15:40.720",
      "normalized_name": "Disappointed-Man/Disappointed-Man",
      "meme_name": "Disappointed-Man",
      "post_id": 25,
      "english_label": "others",
      "response_time_ms": 1701
    },
    {
      "image_path": "Batman-Slapping-Robin/Batman-Slapping-Robin_31.png",
      "label": "厭惡",
      "response_time": "00:00:03.201",
      "timestamp_unix": 1749899744,
      "timestamp_unix_ms": 1749899744120,
      "timestamp_readable": "2025-06-14 11:15:44.120",
      "normalized_name": "Batman-Slapping-Robin/Batman-Slapping-Robin",
      "meme_name": "Batman-Slapping-Robin",
      "post_id": 31,
      "english_label": "disgust",
      "response_time_ms": 3201
    },
    {
      "image_path": "Im-The-Captain-Now/Im-The-Captain-Now_40.png",
      "label": "其他",
      "response_time": "00:00:01.701",
      "timestamp_unix": 1749899745,
      "timestamp_unix_ms": 1749899745976,
      "timestamp_readable": "2025-06-14 11:15:45.976",
      "normalized_name": "Im-The-Captain-Now/Im-The-Captain-Now",
      "meme_name": "Im-The-Captain-Now",
      "post_id": 40,
      "english_label": "others",
      "response_time_ms": 1701
    },
    {
      "image_path": "Chill-guy/Chill-guy_23.png",
      "label": "厭惡",
      "response_time": "00:00:02.900",
      "timestamp_unix": 1749899749,
      "timestamp_unix_ms": 1749899749104,
      "timestamp_readable": "2025-06-14 11:15:49.104",
      "normalized_name": "Chill-guy/Chill-guy",
      "meme_name": "Chill-guy",
      "post_id": 23,
      "english_label": "disgust",
      "response_time_ms": 2900
    },
    {
      "image_path": "Archer/Archer_7.png",
      "label": "憤怒",
      "response_time": "00:00:03.000",
      "timestamp_unix": 1749899752,
      "timestamp_unix_ms": 1749899752272,
      "timestamp_readable": "2025-06-14 11:15:52.272",
      "normalized_name": "Archer/Archer",
      "meme_name": "Archer",
      "post_id": 7,
      "english_label": "anger",
      "response_time_ms": 3000
    },
    {
      "image_path": "Put-It-Somewhere-Else-Patrick/Put-It-Somewhere-Else-Patrick_22.png",
      "label": "輕蔑",
      "response_time": "00:00:03.901",
      "timestamp_unix": 1749899756,
      "timestamp_unix_ms": 1749899756393,
      "timestamp_readable": "2025-06-14 11:15:56.393",
      "normalized_name": "Put-It-Somewhere-Else-Patrick/Put-It-Somewhere-Else-Patrick",
      "meme_name": "Put-It-Somewhere-Else-Patrick",
      "post_id": 22,
      "english_label": "contempt",
      "response_time_ms": 3901
    },
    {
      "image_path": "Charlie-Day/Charlie-Day_18.png",
      "label": "輕蔑",
      "response_time": "00:00:02.700",
      "timestamp_unix": 1749899759,
      "timestamp_unix_ms": 1749899759293,
      "timestamp_readable": "2025-06-14 11:15:59.293",
      "normalized_name": "Charlie-Day/Charlie-Day",
      "meme_name": "Charlie-Day",
      "post_id": 18,
      "english_label": "contempt",
      "response_time_ms": 2700
    },
    {
      "image_path": "Spiderman-Hospital/Spiderman-Hospital_29.png",
      "label": "其他",
      "response_time": "00:00:01.901",
      "timestamp_unix": 1749899761,
      "timestamp_unix_ms": 1749899761329,
      "timestamp_readable": "2025-06-14 11:16:01.329",
      "normalized_name": "Spiderman-Hospital/Spiderman-Hospital",
      "meme_name": "Spiderman-Hospital",
      "post_id": 29,
      "english_label": "others",
      "response_time_ms": 1901
    },
    {
      "image_path": "Dinkleberg/Dinkleberg_21.png",
      "label": "憤怒",
      "response_time": "00:00:02.001",
      "timestamp_unix": 1749899763,
      "timestamp_unix_ms": 1749899763477,
      "timestamp_readable": "2025-06-14 11:16:03.477",
      "normalized_name": "Dinkleberg/Dinkleberg",
      "meme_name": "Dinkleberg",
      "post_id": 21,
      "english_label": "anger",
      "response_time_ms": 2001
    },
    {
      "image_path": "For-the-better-right-blank/For-the-better-right-blank_45.png",
      "label": "其他",
      "response_time": "00:00:03.500",
      "timestamp_unix": 1749899767,
      "timestamp_unix_ms": 1749899767182,
      "timestamp_readable": "2025-06-14 11:16:07.182",
      "normalized_name": "For-the-better-right-blank/For-the-better-right-blank",
      "meme_name": "For-the-better-right-blank",
      "post_id": 45,
      "english_label": "others",
      "response_time_ms": 3500
    },
    {
      "image_path": "Hide-the-Pain-Harold/Hide-the-Pain-Harold_13.png",
      "label": "其他",
      "response_time": "00:00:03.001",
      "timestamp_unix": 1749899770,
      "timestamp_unix_ms": 1749899770330,
      "timestamp_readable": "2025-06-14 11:16:10.330",
      "normalized_name": "Hide-the-Pain-Harold/Hide-the-Pain-Harold",
      "meme_name": "Hide-the-Pain-Harold",
      "post_id": 13,
      "english_label": "others",
      "response_time_ms": 3001
    },
    {
      "image_path": "Picard-Wtf/Picard-Wtf_46.png",
      "label": "其他",
      "response_time": "00:00:02.701",
      "timestamp_unix": 1749899773,
      "timestamp_unix_ms": 1749899773218,
      "timestamp_readable": "2025-06-14 11:16:13.218",
      "normalized_name": "Picard-Wtf/Picard-Wtf",
      "meme_name": "Picard-Wtf",
      "post_id": 46,
      "english_label": "others",
      "response_time_ms": 2701
    },
    {
      "image_path": "attention_check/attention_check_Disgust.png",
      "label": "厭惡",
      "response_time": "00:00:03.500",
      "timestamp_unix": 1749899776,
      "timestamp_unix_ms": 1749899776903,
      "timestamp_readable": "2025-06-14 11:16:16.903",
      "normalized_name": "attention_check/attention_check_Disgust.png",
      "meme_name": "attention_check",
      "post_id": null,
      "english_label": "disgust",
      "response_time_ms": 3500
    },
    {
      "image_path": "Drake-NoYes/Drake-NoYes_15.png",
      "label": "其他",
      "response_time": "00:00:02.001",
      "timestamp_unix": 1749899779,
      "timestamp_unix_ms": 1749899779118,
      "timestamp_readable": "2025-06-14 11:16:19.118",
      "normalized_name": "Drake-NoYes/Drake-NoYes",
      "meme_name": "Drake-NoYes",
      "post_id": 15,
      "english_label": "others",
      "response_time_ms": 2001
    },
    {
      "image_path": "Always-Has-Been/Always-Has-Been_20.png",
      "label": "憤怒",
      "response_time": "00:00:01.801",
      "timestamp_unix": 1749899781,
      "timestamp_unix_ms": 1749899781149,
      "timestamp_readable": "2025-06-14 11:16:21.149",
      "normalized_name": "Always-Has-Been/Always-Has-Been",
      "meme_name": "Always-Has-Been",
      "post_id": 20,
      "english_label": "anger",
      "response_time_ms": 1801
    },
    {
      "image_path": "You-The-Real-MVP/You-The-Real-MVP_33.png",
      "label": "其他",
      "response_time": "00:00:02.301",
      "timestamp_unix": 1749899783,
      "timestamp_unix_ms": 1749899783653,
      "timestamp_readable": "2025-06-14 11:16:23.653",
      "normalized_name": "You-The-Real-MVP/You-The-Real-MVP",
      "meme_name": "You-The-Real-MVP",
      "post_id": 33,
      "english_label": "others",
      "response_time_ms": 2301
    },
    {
      "image_path": "Ill-Have-You-Know-Spongebob/Ill-Have-You-Know-Spongebob_44.png",
      "label": "其他",
      "response_time": "00:00:02.201",
      "timestamp_unix": 1749899786,
      "timestamp_unix_ms": 1749899786324,
      "timestamp_readable": "2025-06-14 11:16:26.324",
      "normalized_name": "Ill-Have-You-Know-Spongebob/Ill-Have-You-Know-Spongebob",
      "meme_name": "Ill-Have-You-Know-Spongebob",
      "post_id": 44,
      "english_label": "others",
      "response_time_ms": 2201
    },
    {
      "image_path": "Futurama-Fry/Futurama-Fry_37.png",
      "label": "厭惡",
      "response_time": "00:00:03.000",
      "timestamp_unix": 1749899789,
      "timestamp_unix_ms": 1749899789588,
      "timestamp_readable": "2025-06-14 11:16:29.588",
      "normalized_name": "Futurama-Fry/Futurama-Fry",
      "meme_name": "Futurama-Fry",
      "post_id": 37,
      "english_label": "disgust",
      "response_time_ms": 3000
    }
  ],
  "session_start_unix": 1749898780,
  "session_status": "completed",
  "last_updated_unix": 1749899796,
  "image_order": [
    "Spiderman-Hospital/Spiderman-Hospital_29.png",
    "Happy--Shock/Happy--Shock_11.png",
    "Chill-guy/Chill-guy_23.png",
    "I-am-once-again-asking/I-am-once-again-asking_50.png",
    "Math-ladyConfused-lady/Math-ladyConfused-lady_4.png",
    "Archer/Archer_7.png",
    "Leonardo-Dicaprio-Wolf-Of-Wall-Street/Leonardo-Dicaprio-Wolf-Of-Wall-Street_36.png",
    "Mocking-Spongebob/Mocking-Spongebob_9.png",
    "Afraid-To-Ask-Andy/Afraid-To-Ask-Andy_3.png",
    "Charlie-Day/Charlie-Day_18.png",
    "Always-Has-Been/Always-Has-Been_20.png",
    "Picard-Wtf/Picard-Wtf_46.png",
    "Batman-Slapping-Robin/Batman-Slapping-Robin_31.png",
    "For-the-better-right-blank/For-the-better-right-blank_45.png",
    "Drake-NoYes/Drake-NoYes_15.png",
    "Laughing-wolf/Laughing-wolf_41.png",
    "DJ-Pauly-D/DJ-Pauly-D_26.png",
    "Always-you-three/Always-you-three_8.png",
    "Disappointed-Man/Disappointed-Man_25.png",
    "Smudge-the-cat/Smudge-the-cat_17.png",
    "Thats-a-paddlin/Thats-a-paddlin_35.png",
    "Hide-the-Pain-Harold/Hide-the-Pain-Harold_13.png",
    "attention_check/attention_check_Contempt.png",
    "Hold-fart/Hold-fart_14.png",
    "Im-The-Captain-Now/Im-The-Captain-Now_40.png",
    "Obi-Wan-Kenobi/Obi-Wan-Kenobi_30.png",
    "Spongebob-Yelling/Spongebob-Yelling_32.png",
    "Nuclear-Explosion/Nuclear-Explosion_16.png",
    "Dinkleberg/Dinkleberg_21.png",
    "Scooby-doo-mask-reveal/Scooby-doo-mask-reveal_47.png",
    "Disaster-Girl/Disaster-Girl_19.png",
    "Black-guy-hiding-behind-tree/Black-guy-hiding-behind-tree_6.png",
    "You-The-Real-MVP/You-The-Real-MVP_33.png",
    "Moe-throws-Barney/Moe-throws-Barney_39.png",
    "Ill-Have-You-Know-Spongebob/Ill-Have-You-Know-Spongebob_44.png",
    "Futurama-Fry/Futurama-Fry_37.png",
    "Monkey-Puppet/Monkey-Puppet_2.png",
    "Confused-Gandalf/Confused-Gandalf_49.png",
    "Mr-incredible-mad/Mr-incredible-mad_38.png",
    "Dave-chappelle/Dave-chappelle_34.png",
    "Surprised-Pikachu/Surprised-Pikachu_48.png",
    "Table-Flip-Guy/Table-Flip-Guy_43.png",
    "Kevin-Hart/Kevin-Hart_5.png",
    "Well-Yes-But-Actually-No/Well-Yes-But-Actually-No_1.png",
    "Mr-McMahon-reaction/Mr-McMahon-reaction_24.png",
    "Gru-Gun/Gru-Gun_27.png",
    "attention_check/attention_check_Disgust.png",
    "Persian-Cat-Room-Guardian/Persian-Cat-Room-Guardian_28.png",
    "Put-It-Somewhere-Else-Patrick/Put-It-Somewhere-Else-Patrick_22.png",
    "Angry-Baby/Angry-Baby_42.png",
    "Arthur-Fist/Arthur-Fist_10.png",
    "Khan/Khan_12.png"
  ],
  "completion_status": {
    "practice_completed": true,
    "game_started": true,
    "game_completed": true,
    "summary_viewed": true,
    "email_submitted": true
  },
  "timestamps_unix": {
    "registration_completed": 1749898780,
    "practice_started": 1749898780,
    "practice_completed": 1749898785,
    "game_started": 1749898785,
    "first_label": 1749899637,
    "last_label": 1749899789,
    "game_completed": 1749899792,
    "summary_viewed": 1749899792,
    "email_submitted": 1749899796,
    "session_end": 1749899796,
    "last_updated": 1749899796
  },
  "timestamps_unix_ms": {
    "registration_completed_ms": 1749898780123,
    "practice_started_ms": 1749898780259,
    "practice_completed_ms": 1749898785860,
    "game_started_ms": 1749898785869,
    "first_label_ms": 1749899637158,
    "last_label_ms": 1749899789588,
    "game_completed_ms": 1749899792278,
    "summary_viewed_ms": 1749899792288,
    "email_submitted_ms": 1749899796508,
    "session_end_ms": 1749899796508,
    "last_updated_ms": 1749899796508
  },
  "duration_stats_ms": {
    "total_session_duration_ms": 1016385,
    "practice_duration_ms": 5601,
    "game_duration_ms": 1006409,
    "labeling_duration_ms": 152430,
    "email_submission_duration_ms": 4220
  },
  "filename_updated_unix": 1749899792,
  "original_filename": "user_b2f6de",
  "completion_status_in_filename": "email_submitted"
}