{
  "user_id": "user_4256c5",
  "file_name": "user_4256c5_1749707975_1749708037_fullycomplete",
  "unix_start_time": 1749707975,
  "unix_start_time_ms": 1749707975827,
  "unix_end_time": 1749708037,
  "unix_end_time_ms": 1749708037791,
  "age": "18-24",
  "gender": "female",
  "user_agent": "Mozilla/5.0 (Windows NT 10.0; Win64; x64) AppleWebKit/537.36 (KHTML, like Gecko) Chrome/137.0.0.0 Safari/537.36",
  "user_ip": "1.34.91.151",
  "status": "complete",
  "email_provided": "complete",
  "attention_passed": true,
  "start_time_readable": "2025-06-12 05:59:35.827",
  "end_time_readable": "2025-06-12 06:00:37.791",
  "total_labels": 52,
  "emotion_summary": {
    "anger": 11,
    "contempt": 15,
    "disgust": 12,
    "others": 14
  },
  "email": "wenxuanqin84@gmail.com",
  "participation": "yes",
  "total_responses": 52,
  "responses": [
    {
      "image_path": "Hold-fart/Hold-fart_45.png",
      "label": "憤怒",
      "response_time": "00:00:01.202",
      "timestamp_unix": 1749707982,
      "timestamp_unix_ms": 1749707982033,
      "timestamp_readable": "2025-06-12 05:59:42.033",
      "normalized_name": "Hold-fart/Hold-fart",
      "meme_name": "Hold-fart",
      "post_id": 45,
      "english_label": "anger",
      "response_time_ms": 1202
    },
    {
      "image_path": "Smudge-the-cat/Smudge-the-cat_18.png",
      "label": "輕蔑",
      "response_time": "00:00:00.605",
      "timestamp_unix": 1749707982,
      "timestamp_unix_ms": 1749707982732,
      "timestamp_readable": "2025-06-12 05:59:42.732",
      "normalized_name": "Smudge-the-cat/Smudge-the-cat",
      "meme_name": "Smudge-the-cat",
      "post_id": 18,
      "english_label": "contempt",
      "response_time_ms": 605
    },
    {
      "image_path": "Khan/Khan_37.png",
      "label": "厭惡",
      "response_time": "00:00:00.603",
      "timestamp_unix": 1749707983,
      "timestamp_unix_ms": 1749707983382,
      "timestamp_readable": "2025-06-12 05:59:43.382",
      "normalized_name": "Khan/Khan",
      "meme_name": "Khan",
      "post_id": 37,
      "english_label": "disgust",
      "response_time_ms": 603
    },
    {
      "image_path": "Gru-Gun/Gru-Gun_29.png",
      "label": "其他",
      "response_time": "00:00:00.602",
      "timestamp_unix": 1749707984,
      "timestamp_unix_ms": 1749707984065,
      "timestamp_readable": "2025-06-12 05:59:44.065",
      "normalized_name": "Gru-Gun/Gru-Gun",
      "meme_name": "Gru-Gun",
      "post_id": 29,
      "english_label": "others",
      "response_time_ms": 602
    },
    {
      "image_path": "Picard-Wtf/Picard-Wtf_16.png",
      "label": "憤怒",
      "response_time": "00:00:00.605",
      "timestamp_unix": 1749707984,
      "timestamp_unix_ms": 1749707984782,
      "timestamp_readable": "2025-06-12 05:59:44.782",
      "normalized_name": "Picard-Wtf/Picard-Wtf",
      "meme_name": "Picard-Wtf",
      "post_id": 16,
      "english_label": "anger",
      "response_time_ms": 605
    },
    {
      "image_path": "Angry-Baby/Angry-Baby_31.png",
      "label": "輕蔑",
      "response_time": "00:00:03.105",
      "timestamp_unix": 1749707987,
      "timestamp_unix_ms": 1749707987932,
      "timestamp_readable": "2025-06-12 05:59:47.932",
      "normalized_name": "Angry-Baby/Angry-Baby",
      "meme_name": "Angry-Baby",
      "post_id": 31,
      "english_label": "contempt",
      "response_time_ms": 3105
    },
    {
      "image_path": "You-The-Real-MVP/You-The-Real-MVP_42.png",
      "label": "其他",
      "response_time": "00:00:00.805",
      "timestamp_unix": 1749707988,
      "timestamp_unix_ms": 1749707988833,
      "timestamp_readable": "2025-06-12 05:59:48.833",
      "normalized_name": "You-The-Real-MVP/You-The-Real-MVP",
      "meme_name": "You-The-Real-MVP",
      "post_id": 42,
      "english_label": "others",
      "response_time_ms": 805
    },
    {
      "image_path": "Spongebob-Yelling/Spongebob-Yelling_22.png",
      "label": "厭惡",
      "response_time": "00:00:00.704",
      "timestamp_unix": 1749707989,
      "timestamp_unix_ms": 1749707989632,
      "timestamp_readable": "2025-06-12 05:59:49.632",
      "normalized_name": "Spongebob-Yelling/Spongebob-Yelling",
      "meme_name": "Spongebob-Yelling",
      "post_id": 22,
      "english_label": "disgust",
      "response_time_ms": 704
    },
    {
      "image_path": "Batman-Slapping-Robin/Batman-Slapping-Robin_10.png",
      "label": "憤怒",
      "response_time": "00:00:00.704",
      "timestamp_unix": 1749707990,
      "timestamp_unix_ms": 1749707990433,
      "timestamp_readable": "2025-06-12 05:59:50.433",
      "normalized_name": "Batman-Slapping-Robin/Batman-Slapping-Robin",
      "meme_name": "Batman-Slapping-Robin",
      "post_id": 10,
      "english_label": "anger",
      "response_time_ms": 704
    },
    {
      "image_path": "Table-Flip-Guy/Table-Flip-Guy_40.png",
      "label": "輕蔑",
      "response_time": "00:00:00.801",
      "timestamp_unix": 1749707991,
      "timestamp_unix_ms": 1749707991349,
      "timestamp_readable": "2025-06-12 05:59:51.349",
      "normalized_name": "Table-Flip-Guy/Table-Flip-Guy",
      "meme_name": "Table-Flip-Guy",
      "post_id": 40,
      "english_label": "contempt",
      "response_time_ms": 801
    },
    {
      "image_path": "Always-you-three/Always-you-three_17.png",
      "label": "其他",
      "response_time": "00:00:00.805",
      "timestamp_unix": 1749707992,
      "timestamp_unix_ms": 1749707992266,
      "timestamp_readable": "2025-06-12 05:59:52.266",
      "normalized_name": "Always-you-three/Always-you-three",
      "meme_name": "Always-you-three",
      "post_id": 17,
      "english_label": "others",
      "response_time_ms": 805
    },
    {
      "image_path": "Always-Has-Been/Always-Has-Been_23.png",
      "label": "厭惡",
      "response_time": "00:00:00.803",
      "timestamp_unix": 1749707993,
      "timestamp_unix_ms": 1749707993116,
      "timestamp_readable": "2025-06-12 05:59:53.116",
      "normalized_name": "Always-Has-Been/Always-Has-Been",
      "meme_name": "Always-Has-Been",
      "post_id": 23,
      "english_label": "disgust",
      "response_time_ms": 803
    },
    {
      "image_path": "Arthur-Fist/Arthur-Fist_34.png",
      "label": "其他",
      "response_time": "00:00:00.901",
      "timestamp_unix": 1749707994,
      "timestamp_unix_ms": 1749707994066,
      "timestamp_readable": "2025-06-12 05:59:54.066",
      "normalized_name": "Arthur-Fist/Arthur-Fist",
      "meme_name": "Arthur-Fist",
      "post_id": 34,
      "english_label": "others",
      "response_time_ms": 901
    },
    {
      "image_path": "Mr-McMahon-reaction/Mr-McMahon-reaction_39.png",
      "label": "輕蔑",
      "response_time": "00:00:00.801",
      "timestamp_unix": 1749707994,
      "timestamp_unix_ms": 1749707994949,
      "timestamp_readable": "2025-06-12 05:59:54.949",
      "normalized_name": "Mr-McMahon-reaction/Mr-McMahon-reaction",
      "meme_name": "Mr-McMahon-reaction",
      "post_id": 39,
      "english_label": "contempt",
      "response_time_ms": 801
    },
    {
      "image_path": "Thats-a-paddlin/Thats-a-paddlin_3.png",
      "label": "憤怒",
      "response_time": "00:00:00.705",
      "timestamp_unix": 1749707995,
      "timestamp_unix_ms": 1749707995733,
      "timestamp_readable": "2025-06-12 05:59:55.733",
      "normalized_name": "Thats-a-paddlin/Thats-a-paddlin",
      "meme_name": "Thats-a-paddlin",
      "post_id": 3,
      "english_label": "anger",
      "response_time_ms": 705
    },
    {
      "image_path": "Kevin-Hart/Kevin-Hart_36.png",
      "label": "厭惡",
      "response_time": "00:00:00.704",
      "timestamp_unix": 1749707996,
      "timestamp_unix_ms": 1749707996566,
      "timestamp_readable": "2025-06-12 05:59:56.566",
      "normalized_name": "Kevin-Hart/Kevin-Hart",
      "meme_name": "Kevin-Hart",
      "post_id": 36,
      "english_label": "disgust",
      "response_time_ms": 704
    },
    {
      "image_path": "Surprised-Pikachu/Surprised-Pikachu_24.png",
      "label": "其他",
      "response_time": "00:00:00.701",
      "timestamp_unix": 1749707997,
      "timestamp_unix_ms": 1749707997333,
      "timestamp_readable": "2025-06-12 05:59:57.333",
      "normalized_name": "Surprised-Pikachu/Surprised-Pikachu",
      "meme_name": "Surprised-Pikachu",
      "post_id": 24,
      "english_label": "others",
      "response_time_ms": 701
    },
    {
      "image_path": "Drake-NoYes/Drake-NoYes_11.png",
      "label": "輕蔑",
      "response_time": "00:00:00.704",
      "timestamp_unix": 1749707998,
      "timestamp_unix_ms": 1749707998149,
      "timestamp_readable": "2025-06-12 05:59:58.149",
      "normalized_name": "Drake-NoYes/Drake-NoYes",
      "meme_name": "Drake-NoYes",
      "post_id": 11,
      "english_label": "contempt",
      "response_time_ms": 704
    },
    {
      "image_path": "Leonardo-Dicaprio-Wolf-Of-Wall-Street/Leonardo-Dicaprio-Wolf-Of-Wall-Street_50.png",
      "label": "憤怒",
      "response_time": "00:00:00.703",
      "timestamp_unix": 1749707998,
      "timestamp_unix_ms": 1749707998933,
      "timestamp_readable": "2025-06-12 05:59:58.933",
      "normalized_name": "Leonardo-Dicaprio-Wolf-Of-Wall-Street/Leonardo-Dicaprio-Wolf-Of-Wall-Street",
      "meme_name": "Leonardo-Dicaprio-Wolf-Of-Wall-Street",
      "post_id": 50,
      "english_label": "anger",
      "response_time_ms": 703
    },
    {
      "image_path": "Mocking-Spongebob/Mocking-Spongebob_8.png",
      "label": "其他",
      "response_time": "00:00:00.803",
      "timestamp_unix": 1749707999,
      "timestamp_unix_ms": 1749707999833,
      "timestamp_readable": "2025-06-12 05:59:59.833",
      "normalized_name": "Mocking-Spongebob/Mocking-Spongebob",
      "meme_name": "Mocking-Spongebob",
      "post_id": 8,
      "english_label": "others",
      "response_time_ms": 803
    },
    {
      "image_path": "Ill-Have-You-Know-Spongebob/Ill-Have-You-Know-Spongebob_6.png",
      "label": "輕蔑",
      "response_time": "00:00:00.703",
      "timestamp_unix": 1749708000,
      "timestamp_unix_ms": 1749708000649,
      "timestamp_readable": "2025-06-12 06:00:00.649",
      "normalized_name": "Ill-Have-You-Know-Spongebob/Ill-Have-You-Know-Spongebob",
      "meme_name": "Ill-Have-You-Know-Spongebob",
      "post_id": 6,
      "english_label": "contempt",
      "response_time_ms": 703
    },
    {
      "image_path": "Put-It-Somewhere-Else-Patrick/Put-It-Somewhere-Else-Patrick_46.png",
      "label": "厭惡",
      "response_time": "00:00:00.704",
      "timestamp_unix": 1749708001,
      "timestamp_unix_ms": 1749708001416,
      "timestamp_readable": "2025-06-12 06:00:01.416",
      "normalized_name": "Put-It-Somewhere-Else-Patrick/Put-It-Somewhere-Else-Patrick",
      "meme_name": "Put-It-Somewhere-Else-Patrick",
      "post_id": 46,
      "english_label": "disgust",
      "response_time_ms": 704
    },
    {
      "image_path": "attention_check/attention_check_Others.png",
      "label": "其他",
      "response_time": "00:00:01.203",
      "timestamp_unix": 1749708002,
      "timestamp_unix_ms": 1749708002716,
      "timestamp_readable": "2025-06-12 06:00:02.716",
      "normalized_name": "attention_check/attention_check_Others.png",
      "meme_name": "attention_check",
      "post_id": null,
      "english_label": "others",
      "response_time_ms": 1203
    },
    {
      "image_path": "Confused-Gandalf/Confused-Gandalf_35.png",
      "label": "憤怒",
      "response_time": "00:00:00.601",
      "timestamp_unix": 1749708003,
      "timestamp_unix_ms": 1749708003433,
      "timestamp_readable": "2025-06-12 06:00:03.433",
      "normalized_name": "Confused-Gandalf/Confused-Gandalf",
      "meme_name": "Confused-Gandalf",
      "post_id": 35,
      "english_label": "anger",
      "response_time_ms": 601
    },
    {
      "image_path": "Scooby-doo-mask-reveal/Scooby-doo-mask-reveal_28.png",
      "label": "輕蔑",
      "response_time": "00:00:00.701",
      "timestamp_unix": 1749708004,
      "timestamp_unix_ms": 1749708004199,
      "timestamp_readable": "2025-06-12 06:00:04.199",
      "normalized_name": "Scooby-doo-mask-reveal/Scooby-doo-mask-reveal",
      "meme_name": "Scooby-doo-mask-reveal",
      "post_id": 28,
      "english_label": "contempt",
      "response_time_ms": 701
    },
    {
      "image_path": "Disaster-Girl/Disaster-Girl_4.png",
      "label": "厭惡",
      "response_time": "00:00:00.704",
      "timestamp_unix": 1749708005,
      "timestamp_unix_ms": 1749708005033,
      "timestamp_readable": "2025-06-12 06:00:05.033",
      "normalized_name": "Disaster-Girl/Disaster-Girl",
      "meme_name": "Disaster-Girl",
      "post_id": 4,
      "english_label": "disgust",
      "response_time_ms": 704
    },
    {
      "image_path": "Obi-Wan-Kenobi/Obi-Wan-Kenobi_19.png",
      "label": "其他",
      "response_time": "00:00:00.604",
      "timestamp_unix": 1749708005,
      "timestamp_unix_ms": 1749708005750,
      "timestamp_readable": "2025-06-12 06:00:05.750",
      "normalized_name": "Obi-Wan-Kenobi/Obi-Wan-Kenobi",
      "meme_name": "Obi-Wan-Kenobi",
      "post_id": 19,
      "english_label": "others",
      "response_time_ms": 604
    },
    {
      "image_path": "Dinkleberg/Dinkleberg_49.png",
      "label": "憤怒",
      "response_time": "00:00:00.802",
      "timestamp_unix": 1749708006,
      "timestamp_unix_ms": 1749708006649,
      "timestamp_readable": "2025-06-12 06:00:06.649",
      "normalized_name": "Dinkleberg/Dinkleberg",
      "meme_name": "Dinkleberg",
      "post_id": 49,
      "english_label": "anger",
      "response_time_ms": 802
    },
    {
      "image_path": "Math-ladyConfused-lady/Math-ladyConfused-lady_2.png",
      "label": "輕蔑",
      "response_time": "00:00:00.904",
      "timestamp_unix": 1749708007,
      "timestamp_unix_ms": 1749708007632,
      "timestamp_readable": "2025-06-12 06:00:07.632",
      "normalized_name": "Math-ladyConfused-lady/Math-ladyConfused-lady",
      "meme_name": "Math-ladyConfused-lady",
      "post_id": 2,
      "english_label": "contempt",
      "response_time_ms": 904
    },
    {
      "image_path": "Dave-chappelle/Dave-chappelle_30.png",
      "label": "厭惡",
      "response_time": "00:00:01.204",
      "timestamp_unix": 1749708008,
      "timestamp_unix_ms": 1749708008884,
      "timestamp_readable": "2025-06-12 06:00:08.884",
      "normalized_name": "Dave-chappelle/Dave-chappelle",
      "meme_name": "Dave-chappelle",
      "post_id": 30,
      "english_label": "disgust",
      "response_time_ms": 1204
    },
    {
      "image_path": "Chill-guy/Chill-guy_48.png",
      "label": "其他",
      "response_time": "00:00:00.902",
      "timestamp_unix": 1749708009,
      "timestamp_unix_ms": 1749708009833,
      "timestamp_readable": "2025-06-12 06:00:09.833",
      "normalized_name": "Chill-guy/Chill-guy",
      "meme_name": "Chill-guy",
      "post_id": 48,
      "english_label": "others",
      "response_time_ms": 902
    },
    {
      "image_path": "Mr-incredible-mad/Mr-incredible-mad_13.png",
      "label": "憤怒",
      "response_time": "00:00:00.800",
      "timestamp_unix": 1749708010,
      "timestamp_unix_ms": 1749708010700,
      "timestamp_readable": "2025-06-12 06:00:10.700",
      "normalized_name": "Mr-incredible-mad/Mr-incredible-mad",
      "meme_name": "Mr-incredible-mad",
      "post_id": 13,
      "english_label": "anger",
      "response_time_ms": 800
    },
    {
      "image_path": "DJ-Pauly-D/DJ-Pauly-D_33.png",
      "label": "輕蔑",
      "response_time": "00:00:00.703",
      "timestamp_unix": 1749708011,
      "timestamp_unix_ms": 1749708011517,
      "timestamp_readable": "2025-06-12 06:00:11.517",
      "normalized_name": "DJ-Pauly-D/DJ-Pauly-D",
      "meme_name": "DJ-Pauly-D",
      "post_id": 33,
      "english_label": "contempt",
      "response_time_ms": 703
    },
    {
      "image_path": "Happy--Shock/Happy--Shock_9.png",
      "label": "厭惡",
      "response_time": "00:00:00.801",
      "timestamp_unix": 1749708012,
      "timestamp_unix_ms": 1749708012416,
      "timestamp_readable": "2025-06-12 06:00:12.416",
      "normalized_name": "Happy--Shock/Happy--Shock",
      "meme_name": "Happy--Shock",
      "post_id": 9,
      "english_label": "disgust",
      "response_time_ms": 801
    },
    {
      "image_path": "Afraid-To-Ask-Andy/Afraid-To-Ask-Andy_47.png",
      "label": "其他",
      "response_time": "00:00:00.804",
      "timestamp_unix": 1749708013,
      "timestamp_unix_ms": 1749708013333,
      "timestamp_readable": "2025-06-12 06:00:13.333",
      "normalized_name": "Afraid-To-Ask-Andy/Afraid-To-Ask-Andy",
      "meme_name": "Afraid-To-Ask-Andy",
      "post_id": 47,
      "english_label": "others",
      "response_time_ms": 804
    },
    {
      "image_path": "Hide-the-Pain-Harold/Hide-the-Pain-Harold_32.png",
      "label": "憤怒",
      "response_time": "00:00:00.803",
      "timestamp_unix": 1749708014,
      "timestamp_unix_ms": 1749708014216,
      "timestamp_readable": "2025-06-12 06:00:14.216",
      "normalized_name": "Hide-the-Pain-Harold/Hide-the-Pain-Harold",
      "meme_name": "Hide-the-Pain-Harold",
      "post_id": 32,
      "english_label": "anger",
      "response_time_ms": 803
    },
    {
      "image_path": "Futurama-Fry/Futurama-Fry_12.png",
      "label": "輕蔑",
      "response_time": "00:00:00.903",
      "timestamp_unix": 1749708015,
      "timestamp_unix_ms": 1749708015233,
      "timestamp_readable": "2025-06-12 06:00:15.233",
      "normalized_name": "Futurama-Fry/Futurama-Fry",
      "meme_name": "Futurama-Fry",
      "post_id": 12,
      "english_label": "contempt",
      "response_time_ms": 903
    },
    {
      "image_path": "Nuclear-Explosion/Nuclear-Explosion_21.png",
      "label": "輕蔑",
      "response_time": "00:00:01.002",
      "timestamp_unix": 1749708016,
      "timestamp_unix_ms": 1749708016300,
      "timestamp_readable": "2025-06-12 06:00:16.300",
      "normalized_name": "Nuclear-Explosion/Nuclear-Explosion",
      "meme_name": "Nuclear-Explosion",
      "post_id": 21,
      "english_label": "contempt",
      "response_time_ms": 1002
    },
    {
      "image_path": "Archer/Archer_26.png",
      "label": "輕蔑",
      "response_time": "00:00:00.802",
      "timestamp_unix": 1749708017,
      "timestamp_unix_ms": 1749708017234,
      "timestamp_readable": "2025-06-12 06:00:17.234",
      "normalized_name": "Archer/Archer",
      "meme_name": "Archer",
      "post_id": 26,
      "english_label": "contempt",
      "response_time_ms": 802
    },
    {
      "image_path": "Monkey-Puppet/Monkey-Puppet_1.png",
      "label": "厭惡",
      "response_time": "00:00:00.702",
      "timestamp_unix": 1749708018,
      "timestamp_unix_ms": 1749708018050,
      "timestamp_readable": "2025-06-12 06:00:18.050",
      "normalized_name": "Monkey-Puppet/Monkey-Puppet",
      "meme_name": "Monkey-Puppet",
      "post_id": 1,
      "english_label": "disgust",
      "response_time_ms": 702
    },
    {
      "image_path": "Persian-Cat-Room-Guardian/Persian-Cat-Room-Guardian_44.png",
      "label": "其他",
      "response_time": "00:00:00.803",
      "timestamp_unix": 1749708018,
      "timestamp_unix_ms": 1749708018933,
      "timestamp_readable": "2025-06-12 06:00:18.933",
      "normalized_name": "Persian-Cat-Room-Guardian/Persian-Cat-Room-Guardian",
      "meme_name": "Persian-Cat-Room-Guardian",
      "post_id": 44,
      "english_label": "others",
      "response_time_ms": 803
    },
    {
      "image_path": "Spiderman-Hospital/Spiderman-Hospital_7.png",
      "label": "憤怒",
      "response_time": "00:00:00.803",
      "timestamp_unix": 1749708019,
      "timestamp_unix_ms": 1749708019850,
      "timestamp_readable": "2025-06-12 06:00:19.850",
      "normalized_name": "Spiderman-Hospital/Spiderman-Hospital",
      "meme_name": "Spiderman-Hospital",
      "post_id": 7,
      "english_label": "anger",
      "response_time_ms": 803
    },
    {
      "image_path": "Im-The-Captain-Now/Im-The-Captain-Now_20.png",
      "label": "輕蔑",
      "response_time": "00:00:00.802",
      "timestamp_unix": 1749708020,
      "timestamp_unix_ms": 1749708020683,
      "timestamp_readable": "2025-06-12 06:00:20.683",
      "normalized_name": "Im-The-Captain-Now/Im-The-Captain-Now",
      "meme_name": "Im-The-Captain-Now",
      "post_id": 20,
      "english_label": "contempt",
      "response_time_ms": 802
    },
    {
      "image_path": "For-the-better-right-blank/For-the-better-right-blank_5.png",
      "label": "其他",
      "response_time": "00:00:00.702",
      "timestamp_unix": 1749708021,
      "timestamp_unix_ms": 1749708021517,
      "timestamp_readable": "2025-06-12 06:00:21.517",
      "normalized_name": "For-the-better-right-blank/For-the-better-right-blank",
      "meme_name": "For-the-better-right-blank",
      "post_id": 5,
      "english_label": "others",
      "response_time_ms": 702
    },
    {
      "image_path": "Black-guy-hiding-behind-tree/Black-guy-hiding-behind-tree_38.png",
      "label": "厭惡",
      "response_time": "00:00:00.801",
      "timestamp_unix": 1749708022,
      "timestamp_unix_ms": 1749708022384,
      "timestamp_readable": "2025-06-12 06:00:22.384",
      "normalized_name": "Black-guy-hiding-behind-tree/Black-guy-hiding-behind-tree",
      "meme_name": "Black-guy-hiding-behind-tree",
      "post_id": 38,
      "english_label": "disgust",
      "response_time_ms": 801
    },
    {
      "image_path": "Well-Yes-But-Actually-No/Well-Yes-But-Actually-No_27.png",
      "label": "其他",
      "response_time": "00:00:00.901",
      "timestamp_unix": 1749708023,
      "timestamp_unix_ms": 1749708023334,
      "timestamp_readable": "2025-06-12 06:00:23.334",
      "normalized_name": "Well-Yes-But-Actually-No/Well-Yes-But-Actually-No",
      "meme_name": "Well-Yes-But-Actually-No",
      "post_id": 27,
      "english_label": "others",
      "response_time_ms": 901
    },
    {
      "image_path": "Disappointed-Man/Disappointed-Man_25.png",
      "label": "憤怒",
      "response_time": "00:00:00.801",
      "timestamp_unix": 1749708024,
      "timestamp_unix_ms": 1749708024200,
      "timestamp_readable": "2025-06-12 06:00:24.200",
      "normalized_name": "Disappointed-Man/Disappointed-Man",
      "meme_name": "Disappointed-Man",
      "post_id": 25,
      "english_label": "anger",
      "response_time_ms": 801
    },
    {
      "image_path": "Moe-throws-Barney/Moe-throws-Barney_15.png",
      "label": "輕蔑",
      "response_time": "00:00:00.701",
      "timestamp_unix": 1749708025,
      "timestamp_unix_ms": 1749708025017,
      "timestamp_readable": "2025-06-12 06:00:25.017",
      "normalized_name": "Moe-throws-Barney/Moe-throws-Barney",
      "meme_name": "Moe-throws-Barney",
      "post_id": 15,
      "english_label": "contempt",
      "response_time_ms": 701
    },
    {
      "image_path": "attention_check/attention_check_Disgust.png",
      "label": "厭惡",
      "response_time": "00:00:02.304",
      "timestamp_unix": 1749708027,
      "timestamp_unix_ms": 1749708027384,
      "timestamp_readable": "2025-06-12 06:00:27.384",
      "normalized_name": "attention_check/attention_check_Disgust.png",
      "meme_name": "attention_check",
      "post_id": null,
      "english_label": "disgust",
      "response_time_ms": 2304
    },
    {
      "image_path": "Charlie-Day/Charlie-Day_41.png",
      "label": "其他",
      "response_time": "00:00:00.902",
      "timestamp_unix": 1749708028,
      "timestamp_unix_ms": 1749708028400,
      "timestamp_readable": "2025-06-12 06:00:28.400",
      "normalized_name": "Charlie-Day/Charlie-Day",
      "meme_name": "Charlie-Day",
      "post_id": 41,
      "english_label": "others",
      "response_time_ms": 902
    },
    {
      "image_path": "Laughing-wolf/Laughing-wolf_43.png",
      "label": "厭惡",
      "response_time": "00:00:00.602",
      "timestamp_unix": 1749708029,
      "timestamp_unix_ms": 1749708029083,
      "timestamp_readable": "2025-06-12 06:00:29.083",
      "normalized_name": "Laughing-wolf/Laughing-wolf",
      "meme_name": "Laughing-wolf",
      "post_id": 43,
      "english_label": "disgust",
      "response_time_ms": 602
    },
    {
      "image_path": "I-am-once-again-asking/I-am-once-again-asking_14.png",
      "label": "輕蔑",
      "response_time": "00:00:00.502",
      "timestamp_unix": 1749708029,
      "timestamp_unix_ms": 1749708029667,
      "timestamp_readable": "2025-06-12 06:00:29.667",
      "normalized_name": "I-am-once-again-asking/I-am-once-again-asking",
      "meme_name": "I-am-once-again-asking",
      "post_id": 14,
      "english_label": "contempt",
      "response_time_ms": 502
    }
  ],
  "session_start_unix": 1749707975,
  "session_status": "completed",
  "last_updated_unix": 1749708037,
  "image_order": [
    "Spiderman-Hospital/Spiderman-Hospital_7.png",
    "Happy--Shock/Happy--Shock_9.png",
    "Chill-guy/Chill-guy_48.png",
    "I-am-once-again-asking/I-am-once-again-asking_14.png",
    "Math-ladyConfused-lady/Math-ladyConfused-lady_2.png",
    "Archer/Archer_26.png",
    "Leonardo-Dicaprio-Wolf-Of-Wall-Street/Leonardo-Dicaprio-Wolf-Of-Wall-Street_50.png",
    "Mocking-Spongebob/Mocking-Spongebob_8.png",
    "Afraid-To-Ask-Andy/Afraid-To-Ask-Andy_47.png",
    "Charlie-Day/Charlie-Day_41.png",
    "Always-Has-Been/Always-Has-Been_23.png",
    "Picard-Wtf/Picard-Wtf_16.png",
    "Batman-Slapping-Robin/Batman-Slapping-Robin_10.png",
    "For-the-better-right-blank/For-the-better-right-blank_5.png",
    "Drake-NoYes/Drake-NoYes_11.png",
    "Laughing-wolf/Laughing-wolf_43.png",
    "DJ-Pauly-D/DJ-Pauly-D_33.png",
    "Always-you-three/Always-you-three_17.png",
    "Disappointed-Man/Disappointed-Man_25.png",
    "Smudge-the-cat/Smudge-the-cat_18.png",
    "Thats-a-paddlin/Thats-a-paddlin_3.png",
    "Hide-the-Pain-Harold/Hide-the-Pain-Harold_32.png",
    "attention_check/attention_check_Others.png",
    "Hold-fart/Hold-fart_45.png",
    "Im-The-Captain-Now/Im-The-Captain-Now_20.png",
    "Obi-Wan-Kenobi/Obi-Wan-Kenobi_19.png",
    "Spongebob-Yelling/Spongebob-Yelling_22.png",
    "Nuclear-Explosion/Nuclear-Explosion_21.png",
    "Dinkleberg/Dinkleberg_49.png",
    "Scooby-doo-mask-reveal/Scooby-doo-mask-reveal_28.png",
    "Disaster-Girl/Disaster-Girl_4.png",
    "Black-guy-hiding-behind-tree/Black-guy-hiding-behind-tree_38.png",
    "You-The-Real-MVP/You-The-Real-MVP_42.png",
    "Moe-throws-Barney/Moe-throws-Barney_15.png",
    "Ill-Have-You-Know-Spongebob/Ill-Have-You-Know-Spongebob_6.png",
    "Futurama-Fry/Futurama-Fry_12.png",
    "Monkey-Puppet/Monkey-Puppet_1.png",
    "Confused-Gandalf/Confused-Gandalf_35.png",
    "Mr-incredible-mad/Mr-incredible-mad_13.png",
    "Dave-chappelle/Dave-chappelle_30.png",
    "Surprised-Pikachu/Surprised-Pikachu_24.png",
    "Table-Flip-Guy/Table-Flip-Guy_40.png",
    "Kevin-Hart/Kevin-Hart_36.png",
    "Well-Yes-But-Actually-No/Well-Yes-But-Actually-No_27.png",
    "Mr-McMahon-reaction/Mr-McMahon-reaction_39.png",
    "Gru-Gun/Gru-Gun_29.png",
    "Persian-Cat-Room-Guardian/Persian-Cat-Room-Guardian_44.png",
    "Put-It-Somewhere-Else-Patrick/Put-It-Somewhere-Else-Patrick_46.png",
    "attention_check/attention_check_Disgust.png",
    "Angry-Baby/Angry-Baby_31.png",
    "Arthur-Fist/Arthur-Fist_34.png",
    "Khan/Khan_37.png"
  ],
  "completion_status": {
    "practice_completed": true,
    "game_started": true,
    "game_completed": true,
    "summary_viewed": true,
    "email_submitted": true
  },
  "timestamps_unix": {
    "registration_completed": 1749707975,
    "practice_started": 1749707975,
    "practice_completed": 1749707980,
    "game_started": 1749707980,
    "first_label": 1749707982,
    "last_label": 1749708029,
    "game_completed": 1749708032,
    "summary_viewed": 1749708032,
    "email_submitted": 1749708037,
    "session_end": 1749708037,
    "last_updated": 1749708037
  },
  "timestamps_unix_ms": {
    "registration_completed_ms": 1749707975827,
    "practice_started_ms": 1749707975865,
    "practice_completed_ms": 1749707980711,
    "game_started_ms": 1749707980719,
    "first_label_ms": 1749707982033,
    "last_label_ms": 1749708029667,
    "game_completed_ms": 1749708032078,
    "summary_viewed_ms": 1749708032088,
    "email_submitted_ms": 1749708037781,
    "session_end_ms": 1749708037781,
    "last_updated_ms": 1749708037781
  },
  "duration_stats_ms": {
    "total_session_duration_ms": 61954,
    "practice_duration_ms": 4846,
    "game_duration_ms": 51359,
    "labeling_duration_ms": 47634,
    "email_submission_duration_ms": 5693
  },
  "filename_updated_unix": 1749708032,
  "original_filename": "user_4256c5",
  "completion_status_in_filename": "email_submitted"
}