{
  "user_id": "user_c0bb04",
  "file_name": "user_c0bb04_1750052419_1750054479_fullycomplete",
  "unix_start_time": 1750052419,
  "unix_start_time_ms": 1750052419748,
  "unix_end_time": 1750054479,
  "unix_end_time_ms": 1750054479426,
  "age": "35-39",
  "gender": "female",
  "user_agent": "Mozilla/5.0 (Windows NT 10.0; Win64; x64) AppleWebKit/537.36 (KHTML, like Gecko) Chrome/137.0.0.0 Safari/537.36",
  "user_ip": "61.219.152.209",
  "status": "complete",
  "email_provided": "complete",
  "attention_passed": true,
  "start_time_readable": "2025-06-16 05:40:19.748",
  "end_time_readable": "2025-06-16 06:14:39.426",
  "total_labels": 52,
  "emotion_summary": {
    "anger": 16,
    "contempt": 6,
    "disgust": 7,
    "others": 23
  },
  "email": "cloverba@gmail.com",
  "participation": "no",
  "total_responses": 52,
  "responses": [
    {
      "image_path": "Monkey-Puppet/Monkey-Puppet_45.png",
      "label": "其他",
      "response_time": "00:00:08.012",
      "timestamp_unix": 1750052466,
      "timestamp_unix_ms": 1750052466719,
      "timestamp_readable": "2025-06-16 05:41:06.719",
      "normalized_name": "Monkey-Puppet/Monkey-Puppet",
      "meme_name": "Monkey-Puppet",
      "post_id": 45,
      "english_label": "others",
      "response_time_ms": 8012
    },
    {
      "image_path": "Hold-fart/Hold-fart_12.png",
      "label": "憤怒",
      "response_time": "00:00:09.210",
      "timestamp_unix": 1750052476,
      "timestamp_unix_ms": 1750052476041,
      "timestamp_readable": "2025-06-16 05:41:16.041",
      "normalized_name": "Hold-fart/Hold-fart",
      "meme_name": "Hold-fart",
      "post_id": 12,
      "english_label": "anger",
      "response_time_ms": 9210
    },
    {
      "image_path": "Math-ladyConfused-lady/Math-ladyConfused-lady_1.png",
      "label": "厭惡",
      "response_time": "00:00:08.808",
      "timestamp_unix": 1750052484,
      "timestamp_unix_ms": 1750052484926,
      "timestamp_readable": "2025-06-16 05:41:24.926",
      "normalized_name": "Math-ladyConfused-lady/Math-ladyConfused-lady",
      "meme_name": "Math-ladyConfused-lady",
      "post_id": 1,
      "english_label": "disgust",
      "response_time_ms": 8808
    },
    {
      "image_path": "For-the-better-right-blank/For-the-better-right-blank_34.png",
      "label": "其他",
      "response_time": "00:00:05.204",
      "timestamp_unix": 1750052490,
      "timestamp_unix_ms": 1750052490258,
      "timestamp_readable": "2025-06-16 05:41:30.258",
      "normalized_name": "For-the-better-right-blank/For-the-better-right-blank",
      "meme_name": "For-the-better-right-blank",
      "post_id": 34,
      "english_label": "others",
      "response_time_ms": 5204
    },
    {
      "image_path": "Happy--Shock/Happy--Shock_15.png",
      "label": "其他",
      "response_time": "00:00:05.006",
      "timestamp_unix": 1750052495,
      "timestamp_unix_ms": 1750052495358,
      "timestamp_readable": "2025-06-16 05:41:35.358",
      "normalized_name": "Happy--Shock/Happy--Shock",
      "meme_name": "Happy--Shock",
      "post_id": 15,
      "english_label": "others",
      "response_time_ms": 5006
    },
    {
      "image_path": "Nuclear-Explosion/Nuclear-Explosion_19.png",
      "label": "憤怒",
      "response_time": "00:00:07.604",
      "timestamp_unix": 1750052503,
      "timestamp_unix_ms": 1750052503094,
      "timestamp_readable": "2025-06-16 05:41:43.094",
      "normalized_name": "Nuclear-Explosion/Nuclear-Explosion",
      "meme_name": "Nuclear-Explosion",
      "post_id": 19,
      "english_label": "anger",
      "response_time_ms": 7604
    },
    {
      "image_path": "Persian-Cat-Room-Guardian/Persian-Cat-Room-Guardian_39.png",
      "label": "憤怒",
      "response_time": "00:00:08.705",
      "timestamp_unix": 1750052511,
      "timestamp_unix_ms": 1750052511934,
      "timestamp_readable": "2025-06-16 05:41:51.934",
      "normalized_name": "Persian-Cat-Room-Guardian/Persian-Cat-Room-Guardian",
      "meme_name": "Persian-Cat-Room-Guardian",
      "post_id": 39,
      "english_label": "anger",
      "response_time_ms": 8705
    },
    {
      "image_path": "Chill-guy/Chill-guy_4.png",
      "label": "其他",
      "response_time": "00:00:03.912",
      "timestamp_unix": 1750052515,
      "timestamp_unix_ms": 1750052515958,
      "timestamp_readable": "2025-06-16 05:41:55.958",
      "normalized_name": "Chill-guy/Chill-guy",
      "meme_name": "Chill-guy",
      "post_id": 4,
      "english_label": "others",
      "response_time_ms": 3912
    },
    {
      "image_path": "Arthur-Fist/Arthur-Fist_16.png",
      "label": "憤怒",
      "response_time": "00:00:06.605",
      "timestamp_unix": 1750052522,
      "timestamp_unix_ms": 1750052522641,
      "timestamp_readable": "2025-06-16 05:42:02.641",
      "normalized_name": "Arthur-Fist/Arthur-Fist",
      "meme_name": "Arthur-Fist",
      "post_id": 16,
      "english_label": "anger",
      "response_time_ms": 6605
    },
    {
      "image_path": "Obi-Wan-Kenobi/Obi-Wan-Kenobi_24.png",
      "label": "其他",
      "response_time": "00:00:04.708",
      "timestamp_unix": 1750052527,
      "timestamp_unix_ms": 1750052527458,
      "timestamp_readable": "2025-06-16 05:42:07.458",
      "normalized_name": "Obi-Wan-Kenobi/Obi-Wan-Kenobi",
      "meme_name": "Obi-Wan-Kenobi",
      "post_id": 24,
      "english_label": "others",
      "response_time_ms": 4708
    },
    {
      "image_path": "Futurama-Fry/Futurama-Fry_14.png",
      "label": "憤怒",
      "response_time": "00:00:06.608",
      "timestamp_unix": 1750052534,
      "timestamp_unix_ms": 1750052534110,
      "timestamp_readable": "2025-06-16 05:42:14.110",
      "normalized_name": "Futurama-Fry/Futurama-Fry",
      "meme_name": "Futurama-Fry",
      "post_id": 14,
      "english_label": "anger",
      "response_time_ms": 6608
    },
    {
      "image_path": "Always-Has-Been/Always-Has-Been_28.png",
      "label": "厭惡",
      "response_time": "00:00:06.603",
      "timestamp_unix": 1750052540,
      "timestamp_unix_ms": 1750052540792,
      "timestamp_readable": "2025-06-16 05:42:20.792",
      "normalized_name": "Always-Has-Been/Always-Has-Been",
      "meme_name": "Always-Has-Been",
      "post_id": 28,
      "english_label": "disgust",
      "response_time_ms": 6603
    },
    {
      "image_path": "Surprised-Pikachu/Surprised-Pikachu_44.png",
      "label": "輕蔑",
      "response_time": "00:00:05.206",
      "timestamp_unix": 1750052546,
      "timestamp_unix_ms": 1750052546110,
      "timestamp_readable": "2025-06-16 05:42:26.110",
      "normalized_name": "Surprised-Pikachu/Surprised-Pikachu",
      "meme_name": "Surprised-Pikachu",
      "post_id": 44,
      "english_label": "contempt",
      "response_time_ms": 5206
    },
    {
      "image_path": "Archer/Archer_7.png",
      "label": "輕蔑",
      "response_time": "00:00:06.703",
      "timestamp_unix": 1750052552,
      "timestamp_unix_ms": 1750052552852,
      "timestamp_readable": "2025-06-16 05:42:32.852",
      "normalized_name": "Archer/Archer",
      "meme_name": "Archer",
      "post_id": 7,
      "english_label": "contempt",
      "response_time_ms": 6703
    },
    {
      "image_path": "Well-Yes-But-Actually-No/Well-Yes-But-Actually-No_47.png",
      "label": "輕蔑",
      "response_time": "00:00:03.300",
      "timestamp_unix": 1750052556,
      "timestamp_unix_ms": 1750052556276,
      "timestamp_readable": "2025-06-16 05:42:36.276",
      "normalized_name": "Well-Yes-But-Actually-No/Well-Yes-But-Actually-No",
      "meme_name": "Well-Yes-But-Actually-No",
      "post_id": 47,
      "english_label": "contempt",
      "response_time_ms": 3300
    },
    {
      "image_path": "Disaster-Girl/Disaster-Girl_49.png",
      "label": "輕蔑",
      "response_time": "00:00:02.902",
      "timestamp_unix": 1750052559,
      "timestamp_unix_ms": 1750052559260,
      "timestamp_readable": "2025-06-16 05:42:39.260",
      "normalized_name": "Disaster-Girl/Disaster-Girl",
      "meme_name": "Disaster-Girl",
      "post_id": 49,
      "english_label": "contempt",
      "response_time_ms": 2902
    },
    {
      "image_path": "Scooby-doo-mask-reveal/Scooby-doo-mask-reveal_37.png",
      "label": "憤怒",
      "response_time": "00:00:06.705",
      "timestamp_unix": 1750052566,
      "timestamp_unix_ms": 1750052566077,
      "timestamp_readable": "2025-06-16 05:42:46.077",
      "normalized_name": "Scooby-doo-mask-reveal/Scooby-doo-mask-reveal",
      "meme_name": "Scooby-doo-mask-reveal",
      "post_id": 37,
      "english_label": "anger",
      "response_time_ms": 6705
    },
    {
      "image_path": "Mr-incredible-mad/Mr-incredible-mad_38.png",
      "label": "憤怒",
      "response_time": "00:00:04.102",
      "timestamp_unix": 1750052570,
      "timestamp_unix_ms": 1750052570244,
      "timestamp_readable": "2025-06-16 05:42:50.244",
      "normalized_name": "Mr-incredible-mad/Mr-incredible-mad",
      "meme_name": "Mr-incredible-mad",
      "post_id": 38,
      "english_label": "anger",
      "response_time_ms": 4102
    },
    {
      "image_path": "Hide-the-Pain-Harold/Hide-the-Pain-Harold_31.png",
      "label": "其他",
      "response_time": "00:00:03.804",
      "timestamp_unix": 1750052574,
      "timestamp_unix_ms": 1750052574143,
      "timestamp_readable": "2025-06-16 05:42:54.143",
      "normalized_name": "Hide-the-Pain-Harold/Hide-the-Pain-Harold",
      "meme_name": "Hide-the-Pain-Harold",
      "post_id": 31,
      "english_label": "others",
      "response_time_ms": 3804
    },
    {
      "image_path": "Always-you-three/Always-you-three_2.png",
      "label": "厭惡",
      "response_time": "00:00:05.804",
      "timestamp_unix": 1750052580,
      "timestamp_unix_ms": 1750052580059,
      "timestamp_readable": "2025-06-16 05:43:00.059",
      "normalized_name": "Always-you-three/Always-you-three",
      "meme_name": "Always-you-three",
      "post_id": 2,
      "english_label": "disgust",
      "response_time_ms": 5804
    },
    {
      "image_path": "Khan/Khan_43.png",
      "label": "厭惡",
      "response_time": "00:00:04.304",
      "timestamp_unix": 1750052584,
      "timestamp_unix_ms": 1750052584428,
      "timestamp_readable": "2025-06-16 05:43:04.428",
      "normalized_name": "Khan/Khan",
      "meme_name": "Khan",
      "post_id": 43,
      "english_label": "disgust",
      "response_time_ms": 4304
    },
    {
      "image_path": "attention_check/attention_check_Others.png",
      "label": "其他",
      "response_time": "00:00:02.301",
      "timestamp_unix": 1750052586,
      "timestamp_unix_ms": 1750052586820,
      "timestamp_readable": "2025-06-16 05:43:06.820",
      "normalized_name": "attention_check/attention_check_Others.png",
      "meme_name": "attention_check",
      "post_id": null,
      "english_label": "others",
      "response_time_ms": 2301
    },
    {
      "image_path": "Afraid-To-Ask-Andy/Afraid-To-Ask-Andy_27.png",
      "label": "其他",
      "response_time": "00:00:04.516",
      "timestamp_unix": 1750052591,
      "timestamp_unix_ms": 1750052591376,
      "timestamp_readable": "2025-06-16 05:43:11.376",
      "normalized_name": "Afraid-To-Ask-Andy/Afraid-To-Ask-Andy",
      "meme_name": "Afraid-To-Ask-Andy",
      "post_id": 27,
      "english_label": "others",
      "response_time_ms": 4516
    },
    {
      "image_path": "Dave-chappelle/Dave-chappelle_32.png",
      "label": "其他",
      "response_time": "00:00:05.501",
      "timestamp_unix": 1750052596,
      "timestamp_unix_ms": 1750052596954,
      "timestamp_readable": "2025-06-16 05:43:16.954",
      "normalized_name": "Dave-chappelle/Dave-chappelle",
      "meme_name": "Dave-chappelle",
      "post_id": 32,
      "english_label": "others",
      "response_time_ms": 5501
    },
    {
      "image_path": "You-The-Real-MVP/You-The-Real-MVP_40.png",
      "label": "輕蔑",
      "response_time": "00:00:04.611",
      "timestamp_unix": 1750052601,
      "timestamp_unix_ms": 1750052601661,
      "timestamp_readable": "2025-06-16 05:43:21.661",
      "normalized_name": "You-The-Real-MVP/You-The-Real-MVP",
      "meme_name": "You-The-Real-MVP",
      "post_id": 40,
      "english_label": "contempt",
      "response_time_ms": 4611
    },
    {
      "image_path": "Put-It-Somewhere-Else-Patrick/Put-It-Somewhere-Else-Patrick_10.png",
      "label": "輕蔑",
      "response_time": "00:00:02.900",
      "timestamp_unix": 1750052604,
      "timestamp_unix_ms": 1750052604693,
      "timestamp_readable": "2025-06-16 05:43:24.693",
      "normalized_name": "Put-It-Somewhere-Else-Patrick/Put-It-Somewhere-Else-Patrick",
      "meme_name": "Put-It-Somewhere-Else-Patrick",
      "post_id": 10,
      "english_label": "contempt",
      "response_time_ms": 2900
    },
    {
      "image_path": "Disappointed-Man/Disappointed-Man_26.png",
      "label": "憤怒",
      "response_time": "00:00:06.702",
      "timestamp_unix": 1750052611,
      "timestamp_unix_ms": 1750052611512,
      "timestamp_readable": "2025-06-16 05:43:31.512",
      "normalized_name": "Disappointed-Man/Disappointed-Man",
      "meme_name": "Disappointed-Man",
      "post_id": 26,
      "english_label": "anger",
      "response_time_ms": 6702
    },
    {
      "image_path": "Spongebob-Yelling/Spongebob-Yelling_23.png",
      "label": "憤怒",
      "response_time": "00:00:04.001",
      "timestamp_unix": 1750052615,
      "timestamp_unix_ms": 1750052615594,
      "timestamp_readable": "2025-06-16 05:43:35.594",
      "normalized_name": "Spongebob-Yelling/Spongebob-Yelling",
      "meme_name": "Spongebob-Yelling",
      "post_id": 23,
      "english_label": "anger",
      "response_time_ms": 4001
    },
    {
      "image_path": "Moe-throws-Barney/Moe-throws-Barney_25.png",
      "label": "厭惡",
      "response_time": "00:00:06.003",
      "timestamp_unix": 1750052621,
      "timestamp_unix_ms": 1750052621695,
      "timestamp_readable": "2025-06-16 05:43:41.695",
      "normalized_name": "Moe-throws-Barney/Moe-throws-Barney",
      "meme_name": "Moe-throws-Barney",
      "post_id": 25,
      "english_label": "disgust",
      "response_time_ms": 6003
    },
    {
      "image_path": "Drake-NoYes/Drake-NoYes_30.png",
      "label": "其他",
      "response_time": "00:00:03.903",
      "timestamp_unix": 1750052625,
      "timestamp_unix_ms": 1750052625745,
      "timestamp_readable": "2025-06-16 05:43:45.745",
      "normalized_name": "Drake-NoYes/Drake-NoYes",
      "meme_name": "Drake-NoYes",
      "post_id": 30,
      "english_label": "others",
      "response_time_ms": 3903
    },
    {
      "image_path": "Smudge-the-cat/Smudge-the-cat_13.png",
      "label": "憤怒",
      "response_time": "00:00:04.802",
      "timestamp_unix": 1750052630,
      "timestamp_unix_ms": 1750052630662,
      "timestamp_readable": "2025-06-16 05:43:50.662",
      "normalized_name": "Smudge-the-cat/Smudge-the-cat",
      "meme_name": "Smudge-the-cat",
      "post_id": 13,
      "english_label": "anger",
      "response_time_ms": 4802
    },
    {
      "image_path": "Mr-McMahon-reaction/Mr-McMahon-reaction_29.png",
      "label": "憤怒",
      "response_time": "00:00:02.405",
      "timestamp_unix": 1750052633,
      "timestamp_unix_ms": 1750052633212,
      "timestamp_readable": "2025-06-16 05:43:53.212",
      "normalized_name": "Mr-McMahon-reaction/Mr-McMahon-reaction",
      "meme_name": "Mr-McMahon-reaction",
      "post_id": 29,
      "english_label": "anger",
      "response_time_ms": 2405
    },
    {
      "image_path": "Kevin-Hart/Kevin-Hart_9.png",
      "label": "其他",
      "response_time": "00:00:02.902",
      "timestamp_unix": 1750052636,
      "timestamp_unix_ms": 1750052636212,
      "timestamp_readable": "2025-06-16 05:43:56.212",
      "normalized_name": "Kevin-Hart/Kevin-Hart",
      "meme_name": "Kevin-Hart",
      "post_id": 9,
      "english_label": "others",
      "response_time_ms": 2902
    },
    {
      "image_path": "DJ-Pauly-D/DJ-Pauly-D_17.png",
      "label": "其他",
      "response_time": "00:00:06.702",
      "timestamp_unix": 1750052643,
      "timestamp_unix_ms": 1750052643046,
      "timestamp_readable": "2025-06-16 05:44:03.046",
      "normalized_name": "DJ-Pauly-D/DJ-Pauly-D",
      "meme_name": "DJ-Pauly-D",
      "post_id": 17,
      "english_label": "others",
      "response_time_ms": 6702
    },
    {
      "image_path": "Angry-Baby/Angry-Baby_18.png",
      "label": "其他",
      "response_time": "00:00:05.301",
      "timestamp_unix": 1750052648,
      "timestamp_unix_ms": 1750052648479,
      "timestamp_readable": "2025-06-16 05:44:08.479",
      "normalized_name": "Angry-Baby/Angry-Baby",
      "meme_name": "Angry-Baby",
      "post_id": 18,
      "english_label": "others",
      "response_time_ms": 5301
    },
    {
      "image_path": "Black-guy-hiding-behind-tree/Black-guy-hiding-behind-tree_36.png",
      "label": "其他",
      "response_time": "00:00:05.602",
      "timestamp_unix": 1750052654,
      "timestamp_unix_ms": 1750052654145,
      "timestamp_readable": "2025-06-16 05:44:14.145",
      "normalized_name": "Black-guy-hiding-behind-tree/Black-guy-hiding-behind-tree",
      "meme_name": "Black-guy-hiding-behind-tree",
      "post_id": 36,
      "english_label": "others",
      "response_time_ms": 5602
    },
    {
      "image_path": "Laughing-wolf/Laughing-wolf_50.png",
      "label": "其他",
      "response_time": "00:00:15.402",
      "timestamp_unix": 1750052669,
      "timestamp_unix_ms": 1750052669645,
      "timestamp_readable": "2025-06-16 05:44:29.645",
      "normalized_name": "Laughing-wolf/Laughing-wolf",
      "meme_name": "Laughing-wolf",
      "post_id": 50,
      "english_label": "others",
      "response_time_ms": 15402
    },
    {
      "image_path": "Ill-Have-You-Know-Spongebob/Ill-Have-You-Know-Spongebob_6.png",
      "label": "憤怒",
      "response_time": "00:00:09.302",
      "timestamp_unix": 1750052679,
      "timestamp_unix_ms": 1750052679080,
      "timestamp_readable": "2025-06-16 05:44:39.080",
      "normalized_name": "Ill-Have-You-Know-Spongebob/Ill-Have-You-Know-Spongebob",
      "meme_name": "Ill-Have-You-Know-Spongebob",
      "post_id": 6,
      "english_label": "anger",
      "response_time_ms": 9302
    },
    {
      "image_path": "Leonardo-Dicaprio-Wolf-Of-Wall-Street/Leonardo-Dicaprio-Wolf-Of-Wall-Street_11.png",
      "label": "其他",
      "response_time": "00:00:05.804",
      "timestamp_unix": 1750052684,
      "timestamp_unix_ms": 1750052684994,
      "timestamp_readable": "2025-06-16 05:44:44.994",
      "normalized_name": "Leonardo-Dicaprio-Wolf-Of-Wall-Street/Leonardo-Dicaprio-Wolf-Of-Wall-Street",
      "meme_name": "Leonardo-Dicaprio-Wolf-Of-Wall-Street",
      "post_id": 11,
      "english_label": "others",
      "response_time_ms": 5804
    },
    {
      "image_path": "Batman-Slapping-Robin/Batman-Slapping-Robin_22.png",
      "label": "憤怒",
      "response_time": "00:00:36.503",
      "timestamp_unix": 1750052721,
      "timestamp_unix_ms": 1750052721630,
      "timestamp_readable": "2025-06-16 05:45:21.630",
      "normalized_name": "Batman-Slapping-Robin/Batman-Slapping-Robin",
      "meme_name": "Batman-Slapping-Robin",
      "post_id": 22,
      "english_label": "anger",
      "response_time_ms": 36503
    },
    {
      "image_path": "Confused-Gandalf/Confused-Gandalf_33.png",
      "label": "其他",
      "response_time": "00:00:23.800",
      "timestamp_unix": 1750052745,
      "timestamp_unix_ms": 1750052745579,
      "timestamp_readable": "2025-06-16 05:45:45.579",
      "normalized_name": "Confused-Gandalf/Confused-Gandalf",
      "meme_name": "Confused-Gandalf",
      "post_id": 33,
      "english_label": "others",
      "response_time_ms": 23800
    },
    {
      "image_path": "Picard-Wtf/Picard-Wtf_48.png",
      "label": "厭惡",
      "response_time": "00:00:18.901",
      "timestamp_unix": 1750052764,
      "timestamp_unix_ms": 1750052764562,
      "timestamp_readable": "2025-06-16 05:46:04.562",
      "normalized_name": "Picard-Wtf/Picard-Wtf",
      "meme_name": "Picard-Wtf",
      "post_id": 48,
      "english_label": "disgust",
      "response_time_ms": 18901
    },
    {
      "image_path": "Charlie-Day/Charlie-Day_3.png",
      "label": "其他",
      "response_time": "00:02:06.505",
      "timestamp_unix": 1750052891,
      "timestamp_unix_ms": 1750052891330,
      "timestamp_readable": "2025-06-16 05:48:11.330",
      "normalized_name": "Charlie-Day/Charlie-Day",
      "meme_name": "Charlie-Day",
      "post_id": 3,
      "english_label": "others",
      "response_time_ms": 126505
    },
    {
      "image_path": "Im-The-Captain-Now/Im-The-Captain-Now_35.png",
      "label": "其他",
      "response_time": "00:06:37.301",
      "timestamp_unix": 1750053288,
      "timestamp_unix_ms": 1750053288890,
      "timestamp_readable": "2025-06-16 05:54:48.890",
      "normalized_name": "Im-The-Captain-Now/Im-The-Captain-Now",
      "meme_name": "Im-The-Captain-Now",
      "post_id": 35,
      "english_label": "others",
      "response_time_ms": 397301
    },
    {
      "image_path": "Thats-a-paddlin/Thats-a-paddlin_41.png",
      "label": "其他",
      "response_time": "00:00:04.500",
      "timestamp_unix": 1750053293,
      "timestamp_unix_ms": 1750053293546,
      "timestamp_readable": "2025-06-16 05:54:53.546",
      "normalized_name": "Thats-a-paddlin/Thats-a-paddlin",
      "meme_name": "Thats-a-paddlin",
      "post_id": 41,
      "english_label": "others",
      "response_time_ms": 4500
    },
    {
      "image_path": "attention_check/attention_check_Anger.png",
      "label": "憤怒",
      "response_time": "00:00:03.205",
      "timestamp_unix": 1750053296,
      "timestamp_unix_ms": 1750053296833,
      "timestamp_readable": "2025-06-16 05:54:56.833",
      "normalized_name": "attention_check/attention_check_Anger.png",
      "meme_name": "attention_check",
      "post_id": null,
      "english_label": "anger",
      "response_time_ms": 3205
    },
    {
      "image_path": "Mocking-Spongebob/Mocking-Spongebob_46.png",
      "label": "憤怒",
      "response_time": "00:12:42.104",
      "timestamp_unix": 1750054059,
      "timestamp_unix_ms": 1750054059213,
      "timestamp_readable": "2025-06-16 06:07:39.213",
      "normalized_name": "Mocking-Spongebob/Mocking-Spongebob",
      "meme_name": "Mocking-Spongebob",
      "post_id": 46,
      "english_label": "anger",
      "response_time_ms": 762104
    },
    {
      "image_path": "Spiderman-Hospital/Spiderman-Hospital_20.png",
      "label": "其他",
      "response_time": "00:00:07.101",
      "timestamp_unix": 1750054066,
      "timestamp_unix_ms": 1750054066457,
      "timestamp_readable": "2025-06-16 06:07:46.457",
      "normalized_name": "Spiderman-Hospital/Spiderman-Hospital",
      "meme_name": "Spiderman-Hospital",
      "post_id": 20,
      "english_label": "others",
      "response_time_ms": 7101
    },
    {
      "image_path": "I-am-once-again-asking/I-am-once-again-asking_5.png",
      "label": "其他",
      "response_time": "00:06:17.600",
      "timestamp_unix": 1750054444,
      "timestamp_unix_ms": 1750054444362,
      "timestamp_readable": "2025-06-16 06:14:04.362",
      "normalized_name": "I-am-once-again-asking/I-am-once-again-asking",
      "meme_name": "I-am-once-again-asking",
      "post_id": 5,
      "english_label": "others",
      "response_time_ms": 377600
    },
    {
      "image_path": "Dinkleberg/Dinkleberg_21.png",
      "label": "厭惡",
      "response_time": "00:00:06.105",
      "timestamp_unix": 1750054450,
      "timestamp_unix_ms": 1750054450553,
      "timestamp_readable": "2025-06-16 06:14:10.553",
      "normalized_name": "Dinkleberg/Dinkleberg",
      "meme_name": "Dinkleberg",
      "post_id": 21,
      "english_label": "disgust",
      "response_time_ms": 6105
    },
    {
      "image_path": "Gru-Gun/Gru-Gun_8.png",
      "label": "其他",
      "response_time": "00:00:06.301",
      "timestamp_unix": 1750054456,
      "timestamp_unix_ms": 1750054456920,
      "timestamp_readable": "2025-06-16 06:14:16.920",
      "normalized_name": "Gru-Gun/Gru-Gun",
      "meme_name": "Gru-Gun",
      "post_id": 8,
      "english_label": "others",
      "response_time_ms": 6301
    },
    {
      "image_path": "Table-Flip-Guy/Table-Flip-Guy_42.png",
      "label": "憤怒",
      "response_time": "00:00:08.504",
      "timestamp_unix": 1750054465,
      "timestamp_unix_ms": 1750054465482,
      "timestamp_readable": "2025-06-16 06:14:25.482",
      "normalized_name": "Table-Flip-Guy/Table-Flip-Guy",
      "meme_name": "Table-Flip-Guy",
      "post_id": 42,
      "english_label": "anger",
      "response_time_ms": 8504
    }
  ],
  "session_start_unix": 1750052419,
  "session_status": "completed",
  "last_updated_unix": 1750054479,
  "image_order": [
    "Spiderman-Hospital/Spiderman-Hospital_20.png",
    "Happy--Shock/Happy--Shock_15.png",
    "Chill-guy/Chill-guy_4.png",
    "I-am-once-again-asking/I-am-once-again-asking_5.png",
    "Math-ladyConfused-lady/Math-ladyConfused-lady_1.png",
    "Archer/Archer_7.png",
    "Leonardo-Dicaprio-Wolf-Of-Wall-Street/Leonardo-Dicaprio-Wolf-Of-Wall-Street_11.png",
    "Mocking-Spongebob/Mocking-Spongebob_46.png",
    "Afraid-To-Ask-Andy/Afraid-To-Ask-Andy_27.png",
    "Charlie-Day/Charlie-Day_3.png",
    "Always-Has-Been/Always-Has-Been_28.png",
    "Picard-Wtf/Picard-Wtf_48.png",
    "Batman-Slapping-Robin/Batman-Slapping-Robin_22.png",
    "For-the-better-right-blank/For-the-better-right-blank_34.png",
    "Drake-NoYes/Drake-NoYes_30.png",
    "Laughing-wolf/Laughing-wolf_50.png",
    "DJ-Pauly-D/DJ-Pauly-D_17.png",
    "Always-you-three/Always-you-three_2.png",
    "Disappointed-Man/Disappointed-Man_26.png",
    "Smudge-the-cat/Smudge-the-cat_13.png",
    "Thats-a-paddlin/Thats-a-paddlin_41.png",
    "attention_check/attention_check_Others.png",
    "Hide-the-Pain-Harold/Hide-the-Pain-Harold_31.png",
    "Hold-fart/Hold-fart_12.png",
    "Im-The-Captain-Now/Im-The-Captain-Now_35.png",
    "Obi-Wan-Kenobi/Obi-Wan-Kenobi_24.png",
    "Spongebob-Yelling/Spongebob-Yelling_23.png",
    "Nuclear-Explosion/Nuclear-Explosion_19.png",
    "Dinkleberg/Dinkleberg_21.png",
    "Scooby-doo-mask-reveal/Scooby-doo-mask-reveal_37.png",
    "Disaster-Girl/Disaster-Girl_49.png",
    "Black-guy-hiding-behind-tree/Black-guy-hiding-behind-tree_36.png",
    "You-The-Real-MVP/You-The-Real-MVP_40.png",
    "Moe-throws-Barney/Moe-throws-Barney_25.png",
    "Ill-Have-You-Know-Spongebob/Ill-Have-You-Know-Spongebob_6.png",
    "Futurama-Fry/Futurama-Fry_14.png",
    "Monkey-Puppet/Monkey-Puppet_45.png",
    "Confused-Gandalf/Confused-Gandalf_33.png",
    "Mr-incredible-mad/Mr-incredible-mad_38.png",
    "Dave-chappelle/Dave-chappelle_32.png",
    "Surprised-Pikachu/Surprised-Pikachu_44.png",
    "Table-Flip-Guy/Table-Flip-Guy_42.png",
    "Kevin-Hart/Kevin-Hart_9.png",
    "Well-Yes-But-Actually-No/Well-Yes-But-Actually-No_47.png",
    "Mr-McMahon-reaction/Mr-McMahon-reaction_29.png",
    "attention_check/attention_check_Anger.png",
    "Gru-Gun/Gru-Gun_8.png",
    "Persian-Cat-Room-Guardian/Persian-Cat-Room-Guardian_39.png",
    "Put-It-Somewhere-Else-Patrick/Put-It-Somewhere-Else-Patrick_10.png",
    "Angry-Baby/Angry-Baby_18.png",
    "Arthur-Fist/Arthur-Fist_16.png",
    "Khan/Khan_43.png"
  ],
  "completion_status": {
    "practice_completed": true,
    "game_started": true,
    "game_completed": true,
    "summary_viewed": true,
    "email_submitted": true
  },
  "timestamps_unix": {
    "registration_completed": 1750052419,
    "practice_started": 1750052419,
    "practice_completed": 1750052458,
    "game_started": 1750052458,
    "first_label": 1750052466,
    "last_label": 1750054465,
    "game_completed": 1750054468,
    "summary_viewed": 1750054468,
    "email_submitted": 1750054479,
    "session_end": 1750054479,
    "last_updated": 1750054479
  },
  "timestamps_unix_ms": {
    "registration_completed_ms": 1750052419748,
    "practice_started_ms": 1750052419809,
    "practice_completed_ms": 1750052458512,
    "game_started_ms": 1750052458528,
    "first_label_ms": 1750052466719,
    "last_label_ms": 1750054465482,
    "game_completed_ms": 1750054468237,
    "summary_viewed_ms": 1750054468255,
    "email_submitted_ms": 1750054479408,
    "session_end_ms": 1750054479408,
    "last_updated_ms": 1750054479408
  },
  "duration_stats_ms": {
    "total_session_duration_ms": 2059660,
    "practice_duration_ms": 38703,
    "game_duration_ms": 2009709,
    "labeling_duration_ms": 1998763,
    "email_submission_duration_ms": 11153
  },
  "filename_updated_unix": 1750054468,
  "original_filename": "user_c0bb04",
  "completion_status_in_filename": "email_submitted"
}