{
  "user_id": "user_c244be",
  "file_name": "user_c244be_1750825253_1750825798_fullycomplete",
  "unix_start_time": 1750825253,
  "unix_start_time_ms": 1750825253199,
  "unix_end_time": 1750825798,
  "unix_end_time_ms": 1750825798702,
  "age": "25-29",
  "gender": "male",
  "user_agent": "Mozilla/5.0 (Macintosh; Intel Mac OS X 10_15_7) AppleWebKit/605.1.15 (KHTML, like Gecko) Version/18.5 Safari/605.1.15",
  "user_ip": "111.253.129.174",
  "status": "complete",
  "email_provided": "complete",
  "attention_passed": true,
  "start_time_readable": "2025-06-25 04:20:53.199",
  "end_time_readable": "2025-06-25 04:29:58.702",
  "total_labels": 52,
  "emotion_summary": {
    "anger": 12,
    "contempt": 16,
    "disgust": 9,
    "others": 15
  },
  "email": "scyang.ci13@nycu.edu.tw",
  "participation": "yes",
  "total_responses": 52,
  "responses": [
    {
      "image_path": "Picard-Wtf/Picard-Wtf_33.png",
      "label": "其他",
      "response_time": "00:00:15.354",
      "timestamp_unix": 1750825311,
      "timestamp_unix_ms": 1750825311498,
      "timestamp_readable": "2025-06-25 04:21:51.498",
      "normalized_name": "Picard-Wtf/Picard-Wtf",
      "meme_name": "Picard-Wtf",
      "post_id": 33,
      "english_label": "others",
      "response_time_ms": 15354
    },
    {
      "image_path": "I-am-once-again-asking/I-am-once-again-asking_45.png",
      "label": "憤怒",
      "response_time": "00:00:05.650",
      "timestamp_unix": 1750825317,
      "timestamp_unix_ms": 1750825317238,
      "timestamp_readable": "2025-06-25 04:21:57.238",
      "normalized_name": "I-am-once-again-asking/I-am-once-again-asking",
      "meme_name": "I-am-once-again-asking",
      "post_id": 45,
      "english_label": "anger",
      "response_time_ms": 5650
    },
    {
      "image_path": "Hide-the-Pain-Harold/Hide-the-Pain-Harold_49.png",
      "label": "輕蔑",
      "response_time": "00:00:04.925",
      "timestamp_unix": 1750825322,
      "timestamp_unix_ms": 1750825322487,
      "timestamp_readable": "2025-06-25 04:22:02.487",
      "normalized_name": "Hide-the-Pain-Harold/Hide-the-Pain-Harold",
      "meme_name": "Hide-the-Pain-Harold",
      "post_id": 49,
      "english_label": "contempt",
      "response_time_ms": 4925
    },
    {
      "image_path": "Table-Flip-Guy/Table-Flip-Guy_1.png",
      "label": "憤怒",
      "response_time": "00:00:04.445",
      "timestamp_unix": 1750825327,
      "timestamp_unix_ms": 1750825327061,
      "timestamp_readable": "2025-06-25 04:22:07.061",
      "normalized_name": "Table-Flip-Guy/Table-Flip-Guy",
      "meme_name": "Table-Flip-Guy",
      "post_id": 1,
      "english_label": "anger",
      "response_time_ms": 4445
    },
    {
      "image_path": "Thats-a-paddlin/Thats-a-paddlin_18.png",
      "label": "厭惡",
      "response_time": "00:00:05.270",
      "timestamp_unix": 1750825332,
      "timestamp_unix_ms": 1750825332492,
      "timestamp_readable": "2025-06-25 04:22:12.492",
      "normalized_name": "Thats-a-paddlin/Thats-a-paddlin",
      "meme_name": "Thats-a-paddlin",
      "post_id": 18,
      "english_label": "disgust",
      "response_time_ms": 5270
    },
    {
      "image_path": "Khan/Khan_17.png",
      "label": "憤怒",
      "response_time": "00:00:02.867",
      "timestamp_unix": 1750825335,
      "timestamp_unix_ms": 1750825335495,
      "timestamp_readable": "2025-06-25 04:22:15.495",
      "normalized_name": "Khan/Khan",
      "meme_name": "Khan",
      "post_id": 17,
      "english_label": "anger",
      "response_time_ms": 2867
    },
    {
      "image_path": "Black-guy-hiding-behind-tree/Black-guy-hiding-behind-tree_27.png",
      "label": "其他",
      "response_time": "00:00:10.569",
      "timestamp_unix": 1750825346,
      "timestamp_unix_ms": 1750825346246,
      "timestamp_readable": "2025-06-25 04:22:26.246",
      "normalized_name": "Black-guy-hiding-behind-tree/Black-guy-hiding-behind-tree",
      "meme_name": "Black-guy-hiding-behind-tree",
      "post_id": 27,
      "english_label": "others",
      "response_time_ms": 10569
    },
    {
      "image_path": "DJ-Pauly-D/DJ-Pauly-D_2.png",
      "label": "其他",
      "response_time": "00:00:02.766",
      "timestamp_unix": 1750825349,
      "timestamp_unix_ms": 1750825349116,
      "timestamp_readable": "2025-06-25 04:22:29.116",
      "normalized_name": "DJ-Pauly-D/DJ-Pauly-D",
      "meme_name": "DJ-Pauly-D",
      "post_id": 2,
      "english_label": "others",
      "response_time_ms": 2766
    },
    {
      "image_path": "Surprised-Pikachu/Surprised-Pikachu_10.png",
      "label": "輕蔑",
      "response_time": "00:00:05.774",
      "timestamp_unix": 1750825354,
      "timestamp_unix_ms": 1750825354984,
      "timestamp_readable": "2025-06-25 04:22:34.984",
      "normalized_name": "Surprised-Pikachu/Surprised-Pikachu",
      "meme_name": "Surprised-Pikachu",
      "post_id": 10,
      "english_label": "contempt",
      "response_time_ms": 5774
    },
    {
      "image_path": "Gru-Gun/Gru-Gun_26.png",
      "label": "厭惡",
      "response_time": "00:00:08.154",
      "timestamp_unix": 1750825363,
      "timestamp_unix_ms": 1750825363282,
      "timestamp_readable": "2025-06-25 04:22:43.282",
      "normalized_name": "Gru-Gun/Gru-Gun",
      "meme_name": "Gru-Gun",
      "post_id": 26,
      "english_label": "disgust",
      "response_time_ms": 8154
    },
    {
      "image_path": "Disaster-Girl/Disaster-Girl_42.png",
      "label": "厭惡",
      "response_time": "00:00:18.370",
      "timestamp_unix": 1750825381,
      "timestamp_unix_ms": 1750825381920,
      "timestamp_readable": "2025-06-25 04:23:01.920",
      "normalized_name": "Disaster-Girl/Disaster-Girl",
      "meme_name": "Disaster-Girl",
      "post_id": 42,
      "english_label": "disgust",
      "response_time_ms": 18370
    },
    {
      "image_path": "Dave-chappelle/Dave-chappelle_32.png",
      "label": "其他",
      "response_time": "00:00:09.951",
      "timestamp_unix": 1750825392,
      "timestamp_unix_ms": 1750825392006,
      "timestamp_readable": "2025-06-25 04:23:12.006",
      "normalized_name": "Dave-chappelle/Dave-chappelle",
      "meme_name": "Dave-chappelle",
      "post_id": 32,
      "english_label": "others",
      "response_time_ms": 9951
    },
    {
      "image_path": "Monkey-Puppet/Monkey-Puppet_50.png",
      "label": "其他",
      "response_time": "00:00:06.141",
      "timestamp_unix": 1750825398,
      "timestamp_unix_ms": 1750825398228,
      "timestamp_readable": "2025-06-25 04:23:18.228",
      "normalized_name": "Monkey-Puppet/Monkey-Puppet",
      "meme_name": "Monkey-Puppet",
      "post_id": 50,
      "english_label": "others",
      "response_time_ms": 6141
    },
    {
      "image_path": "Angry-Baby/Angry-Baby_11.png",
      "label": "憤怒",
      "response_time": "00:00:07.331",
      "timestamp_unix": 1750825405,
      "timestamp_unix_ms": 1750825405705,
      "timestamp_readable": "2025-06-25 04:23:25.705",
      "normalized_name": "Angry-Baby/Angry-Baby",
      "meme_name": "Angry-Baby",
      "post_id": 11,
      "english_label": "anger",
      "response_time_ms": 7331
    },
    {
      "image_path": "Mr-McMahon-reaction/Mr-McMahon-reaction_12.png",
      "label": "憤怒",
      "response_time": "00:00:04.684",
      "timestamp_unix": 1750825410,
      "timestamp_unix_ms": 1750825410585,
      "timestamp_readable": "2025-06-25 04:23:30.585",
      "normalized_name": "Mr-McMahon-reaction/Mr-McMahon-reaction",
      "meme_name": "Mr-McMahon-reaction",
      "post_id": 12,
      "english_label": "anger",
      "response_time_ms": 4684
    },
    {
      "image_path": "Put-It-Somewhere-Else-Patrick/Put-It-Somewhere-Else-Patrick_20.png",
      "label": "其他",
      "response_time": "00:00:10.929",
      "timestamp_unix": 1750825421,
      "timestamp_unix_ms": 1750825421662,
      "timestamp_readable": "2025-06-25 04:23:41.662",
      "normalized_name": "Put-It-Somewhere-Else-Patrick/Put-It-Somewhere-Else-Patrick",
      "meme_name": "Put-It-Somewhere-Else-Patrick",
      "post_id": 20,
      "english_label": "others",
      "response_time_ms": 10929
    },
    {
      "image_path": "Spiderman-Hospital/Spiderman-Hospital_23.png",
      "label": "厭惡",
      "response_time": "00:00:06.604",
      "timestamp_unix": 1750825428,
      "timestamp_unix_ms": 1750825428370,
      "timestamp_readable": "2025-06-25 04:23:48.370",
      "normalized_name": "Spiderman-Hospital/Spiderman-Hospital",
      "meme_name": "Spiderman-Hospital",
      "post_id": 23,
      "english_label": "disgust",
      "response_time_ms": 6604
    },
    {
      "image_path": "Confused-Gandalf/Confused-Gandalf_25.png",
      "label": "輕蔑",
      "response_time": "00:00:05.030",
      "timestamp_unix": 1750825433,
      "timestamp_unix_ms": 1750825433545,
      "timestamp_readable": "2025-06-25 04:23:53.545",
      "normalized_name": "Confused-Gandalf/Confused-Gandalf",
      "meme_name": "Confused-Gandalf",
      "post_id": 25,
      "english_label": "contempt",
      "response_time_ms": 5030
    },
    {
      "image_path": "Mocking-Spongebob/Mocking-Spongebob_16.png",
      "label": "厭惡",
      "response_time": "00:00:11.041",
      "timestamp_unix": 1750825444,
      "timestamp_unix_ms": 1750825444648,
      "timestamp_readable": "2025-06-25 04:24:04.648",
      "normalized_name": "Mocking-Spongebob/Mocking-Spongebob",
      "meme_name": "Mocking-Spongebob",
      "post_id": 16,
      "english_label": "disgust",
      "response_time_ms": 11041
    },
    {
      "image_path": "Charlie-Day/Charlie-Day_47.png",
      "label": "輕蔑",
      "response_time": "00:00:12.260",
      "timestamp_unix": 1750825456,
      "timestamp_unix_ms": 1750825456985,
      "timestamp_readable": "2025-06-25 04:24:16.985",
      "normalized_name": "Charlie-Day/Charlie-Day",
      "meme_name": "Charlie-Day",
      "post_id": 47,
      "english_label": "contempt",
      "response_time_ms": 12260
    },
    {
      "image_path": "attention_check/attention_check_Others.png",
      "label": "其他",
      "response_time": "00:00:03.227",
      "timestamp_unix": 1750825460,
      "timestamp_unix_ms": 1750825460391,
      "timestamp_readable": "2025-06-25 04:24:20.391",
      "normalized_name": "attention_check/attention_check_Others.png",
      "meme_name": "attention_check",
      "post_id": null,
      "english_label": "others",
      "response_time_ms": 3227
    },
    {
      "image_path": "Kevin-Hart/Kevin-Hart_44.png",
      "label": "輕蔑",
      "response_time": "00:00:06.119",
      "timestamp_unix": 1750825466,
      "timestamp_unix_ms": 1750825466659,
      "timestamp_readable": "2025-06-25 04:24:26.659",
      "normalized_name": "Kevin-Hart/Kevin-Hart",
      "meme_name": "Kevin-Hart",
      "post_id": 44,
      "english_label": "contempt",
      "response_time_ms": 6119
    },
    {
      "image_path": "Archer/Archer_41.png",
      "label": "輕蔑",
      "response_time": "00:00:04.204",
      "timestamp_unix": 1750825471,
      "timestamp_unix_ms": 1750825471000,
      "timestamp_readable": "2025-06-25 04:24:31.000",
      "normalized_name": "Archer/Archer",
      "meme_name": "Archer",
      "post_id": 41,
      "english_label": "contempt",
      "response_time_ms": 4204
    },
    {
      "image_path": "Drake-NoYes/Drake-NoYes_29.png",
      "label": "其他",
      "response_time": "00:00:10.561",
      "timestamp_unix": 1750825481,
      "timestamp_unix_ms": 1750825481710,
      "timestamp_readable": "2025-06-25 04:24:41.710",
      "normalized_name": "Drake-NoYes/Drake-NoYes",
      "meme_name": "Drake-NoYes",
      "post_id": 29,
      "english_label": "others",
      "response_time_ms": 10561
    },
    {
      "image_path": "Batman-Slapping-Robin/Batman-Slapping-Robin_46.png",
      "label": "其他",
      "response_time": "00:00:09.018",
      "timestamp_unix": 1750825490,
      "timestamp_unix_ms": 1750825490882,
      "timestamp_readable": "2025-06-25 04:24:50.882",
      "normalized_name": "Batman-Slapping-Robin/Batman-Slapping-Robin",
      "meme_name": "Batman-Slapping-Robin",
      "post_id": 46,
      "english_label": "others",
      "response_time_ms": 9018
    },
    {
      "image_path": "Math-ladyConfused-lady/Math-ladyConfused-lady_34.png",
      "label": "其他",
      "response_time": "00:00:10.312",
      "timestamp_unix": 1750825501,
      "timestamp_unix_ms": 1750825501344,
      "timestamp_readable": "2025-06-25 04:25:01.344",
      "normalized_name": "Math-ladyConfused-lady/Math-ladyConfused-lady",
      "meme_name": "Math-ladyConfused-lady",
      "post_id": 34,
      "english_label": "others",
      "response_time_ms": 10312
    },
    {
      "image_path": "Moe-throws-Barney/Moe-throws-Barney_48.png",
      "label": "憤怒",
      "response_time": "00:00:12.972",
      "timestamp_unix": 1750825514,
      "timestamp_unix_ms": 1750825514481,
      "timestamp_readable": "2025-06-25 04:25:14.481",
      "normalized_name": "Moe-throws-Barney/Moe-throws-Barney",
      "meme_name": "Moe-throws-Barney",
      "post_id": 48,
      "english_label": "anger",
      "response_time_ms": 12972
    },
    {
      "image_path": "Disappointed-Man/Disappointed-Man_6.png",
      "label": "輕蔑",
      "response_time": "00:00:11.762",
      "timestamp_unix": 1750825526,
      "timestamp_unix_ms": 1750825526388,
      "timestamp_readable": "2025-06-25 04:25:26.388",
      "normalized_name": "Disappointed-Man/Disappointed-Man",
      "meme_name": "Disappointed-Man",
      "post_id": 6,
      "english_label": "contempt",
      "response_time_ms": 11762
    },
    {
      "image_path": "Im-The-Captain-Now/Im-The-Captain-Now_36.png",
      "label": "厭惡",
      "response_time": "00:00:08.990",
      "timestamp_unix": 1750825535,
      "timestamp_unix_ms": 1750825535496,
      "timestamp_readable": "2025-06-25 04:25:35.496",
      "normalized_name": "Im-The-Captain-Now/Im-The-Captain-Now",
      "meme_name": "Im-The-Captain-Now",
      "post_id": 36,
      "english_label": "disgust",
      "response_time_ms": 8990
    },
    {
      "image_path": "Afraid-To-Ask-Andy/Afraid-To-Ask-Andy_39.png",
      "label": "其他",
      "response_time": "00:00:07.788",
      "timestamp_unix": 1750825543,
      "timestamp_unix_ms": 1750825543381,
      "timestamp_readable": "2025-06-25 04:25:43.381",
      "normalized_name": "Afraid-To-Ask-Andy/Afraid-To-Ask-Andy",
      "meme_name": "Afraid-To-Ask-Andy",
      "post_id": 39,
      "english_label": "others",
      "response_time_ms": 7788
    },
    {
      "image_path": "Happy--Shock/Happy--Shock_43.png",
      "label": "其他",
      "response_time": "00:00:11.151",
      "timestamp_unix": 1750825554,
      "timestamp_unix_ms": 1750825554601,
      "timestamp_readable": "2025-06-25 04:25:54.601",
      "normalized_name": "Happy--Shock/Happy--Shock",
      "meme_name": "Happy--Shock",
      "post_id": 43,
      "english_label": "others",
      "response_time_ms": 11151
    },
    {
      "image_path": "Futurama-Fry/Futurama-Fry_24.png",
      "label": "輕蔑",
      "response_time": "00:00:01.908",
      "timestamp_unix": 1750825556,
      "timestamp_unix_ms": 1750825556693,
      "timestamp_readable": "2025-06-25 04:25:56.693",
      "normalized_name": "Futurama-Fry/Futurama-Fry",
      "meme_name": "Futurama-Fry",
      "post_id": 24,
      "english_label": "contempt",
      "response_time_ms": 1908
    },
    {
      "image_path": "Hold-fart/Hold-fart_8.png",
      "label": "輕蔑",
      "response_time": "00:00:08.039",
      "timestamp_unix": 1750825564,
      "timestamp_unix_ms": 1750825564864,
      "timestamp_readable": "2025-06-25 04:26:04.864",
      "normalized_name": "Hold-fart/Hold-fart",
      "meme_name": "Hold-fart",
      "post_id": 8,
      "english_label": "contempt",
      "response_time_ms": 8039
    },
    {
      "image_path": "Mr-incredible-mad/Mr-incredible-mad_28.png",
      "label": "厭惡",
      "response_time": "00:00:06.229",
      "timestamp_unix": 1750825571,
      "timestamp_unix_ms": 1750825571177,
      "timestamp_readable": "2025-06-25 04:26:11.177",
      "normalized_name": "Mr-incredible-mad/Mr-incredible-mad",
      "meme_name": "Mr-incredible-mad",
      "post_id": 28,
      "english_label": "disgust",
      "response_time_ms": 6229
    },
    {
      "image_path": "Well-Yes-But-Actually-No/Well-Yes-But-Actually-No_35.png",
      "label": "其他",
      "response_time": "00:00:05.283",
      "timestamp_unix": 1750825576,
      "timestamp_unix_ms": 1750825576537,
      "timestamp_readable": "2025-06-25 04:26:16.537",
      "normalized_name": "Well-Yes-But-Actually-No/Well-Yes-But-Actually-No",
      "meme_name": "Well-Yes-But-Actually-No",
      "post_id": 35,
      "english_label": "others",
      "response_time_ms": 5283
    },
    {
      "image_path": "Laughing-wolf/Laughing-wolf_9.png",
      "label": "輕蔑",
      "response_time": "00:00:03.974",
      "timestamp_unix": 1750825580,
      "timestamp_unix_ms": 1750825580610,
      "timestamp_readable": "2025-06-25 04:26:20.610",
      "normalized_name": "Laughing-wolf/Laughing-wolf",
      "meme_name": "Laughing-wolf",
      "post_id": 9,
      "english_label": "contempt",
      "response_time_ms": 3974
    },
    {
      "image_path": "Ill-Have-You-Know-Spongebob/Ill-Have-You-Know-Spongebob_13.png",
      "label": "厭惡",
      "response_time": "00:00:05.272",
      "timestamp_unix": 1750825586,
      "timestamp_unix_ms": 1750825586003,
      "timestamp_readable": "2025-06-25 04:26:26.003",
      "normalized_name": "Ill-Have-You-Know-Spongebob/Ill-Have-You-Know-Spongebob",
      "meme_name": "Ill-Have-You-Know-Spongebob",
      "post_id": 13,
      "english_label": "disgust",
      "response_time_ms": 5272
    },
    {
      "image_path": "Arthur-Fist/Arthur-Fist_15.png",
      "label": "憤怒",
      "response_time": "00:00:09.239",
      "timestamp_unix": 1750825595,
      "timestamp_unix_ms": 1750825595387,
      "timestamp_readable": "2025-06-25 04:26:35.387",
      "normalized_name": "Arthur-Fist/Arthur-Fist",
      "meme_name": "Arthur-Fist",
      "post_id": 15,
      "english_label": "anger",
      "response_time_ms": 9239
    },
    {
      "image_path": "Scooby-doo-mask-reveal/Scooby-doo-mask-reveal_21.png",
      "label": "輕蔑",
      "response_time": "00:00:07.221",
      "timestamp_unix": 1750825602,
      "timestamp_unix_ms": 1750825602859,
      "timestamp_readable": "2025-06-25 04:26:42.859",
      "normalized_name": "Scooby-doo-mask-reveal/Scooby-doo-mask-reveal",
      "meme_name": "Scooby-doo-mask-reveal",
      "post_id": 21,
      "english_label": "contempt",
      "response_time_ms": 7221
    },
    {
      "image_path": "Nuclear-Explosion/Nuclear-Explosion_22.png",
      "label": "憤怒",
      "response_time": "00:00:05.752",
      "timestamp_unix": 1750825609,
      "timestamp_unix_ms": 1750825609380,
      "timestamp_readable": "2025-06-25 04:26:49.380",
      "normalized_name": "Nuclear-Explosion/Nuclear-Explosion",
      "meme_name": "Nuclear-Explosion",
      "post_id": 22,
      "english_label": "anger",
      "response_time_ms": 5752
    },
    {
      "image_path": "Always-you-three/Always-you-three_31.png",
      "label": "其他",
      "response_time": "00:00:07.432",
      "timestamp_unix": 1750825616,
      "timestamp_unix_ms": 1750825616960,
      "timestamp_readable": "2025-06-25 04:26:56.960",
      "normalized_name": "Always-you-three/Always-you-three",
      "meme_name": "Always-you-three",
      "post_id": 31,
      "english_label": "others",
      "response_time_ms": 7432
    },
    {
      "image_path": "Spongebob-Yelling/Spongebob-Yelling_3.png",
      "label": "憤怒",
      "response_time": "00:00:06.241",
      "timestamp_unix": 1750825623,
      "timestamp_unix_ms": 1750825623294,
      "timestamp_readable": "2025-06-25 04:27:03.294",
      "normalized_name": "Spongebob-Yelling/Spongebob-Yelling",
      "meme_name": "Spongebob-Yelling",
      "post_id": 3,
      "english_label": "anger",
      "response_time_ms": 6241
    },
    {
      "image_path": "Always-Has-Been/Always-Has-Been_7.png",
      "label": "輕蔑",
      "response_time": "00:00:06.357",
      "timestamp_unix": 1750825629,
      "timestamp_unix_ms": 1750825629705,
      "timestamp_readable": "2025-06-25 04:27:09.705",
      "normalized_name": "Always-Has-Been/Always-Has-Been",
      "meme_name": "Always-Has-Been",
      "post_id": 7,
      "english_label": "contempt",
      "response_time_ms": 6357
    },
    {
      "image_path": "Smudge-the-cat/Smudge-the-cat_4.png",
      "label": "輕蔑",
      "response_time": "00:00:07.443",
      "timestamp_unix": 1750825637,
      "timestamp_unix_ms": 1750825637257,
      "timestamp_readable": "2025-06-25 04:27:17.257",
      "normalized_name": "Smudge-the-cat/Smudge-the-cat",
      "meme_name": "Smudge-the-cat",
      "post_id": 4,
      "english_label": "contempt",
      "response_time_ms": 7443
    },
    {
      "image_path": "Persian-Cat-Room-Guardian/Persian-Cat-Room-Guardian_5.png",
      "label": "憤怒",
      "response_time": "00:00:08.776",
      "timestamp_unix": 1750825646,
      "timestamp_unix_ms": 1750825646194,
      "timestamp_readable": "2025-06-25 04:27:26.194",
      "normalized_name": "Persian-Cat-Room-Guardian/Persian-Cat-Room-Guardian",
      "meme_name": "Persian-Cat-Room-Guardian",
      "post_id": 5,
      "english_label": "anger",
      "response_time_ms": 8776
    },
    {
      "image_path": "attention_check/attention_check_Disgust.png",
      "label": "厭惡",
      "response_time": "00:00:03.005",
      "timestamp_unix": 1750825649,
      "timestamp_unix_ms": 1750825649650,
      "timestamp_readable": "2025-06-25 04:27:29.650",
      "normalized_name": "attention_check/attention_check_Disgust.png",
      "meme_name": "attention_check",
      "post_id": null,
      "english_label": "disgust",
      "response_time_ms": 3005
    },
    {
      "image_path": "Chill-guy/Chill-guy_19.png",
      "label": "輕蔑",
      "response_time": "00:00:14.288",
      "timestamp_unix": 1750825664,
      "timestamp_unix_ms": 1750825664015,
      "timestamp_readable": "2025-06-25 04:27:44.015",
      "normalized_name": "Chill-guy/Chill-guy",
      "meme_name": "Chill-guy",
      "post_id": 19,
      "english_label": "contempt",
      "response_time_ms": 14288
    },
    {
      "image_path": "Leonardo-Dicaprio-Wolf-Of-Wall-Street/Leonardo-Dicaprio-Wolf-Of-Wall-Street_38.png",
      "label": "輕蔑",
      "response_time": "00:00:07.306",
      "timestamp_unix": 1750825671,
      "timestamp_unix_ms": 1750825671488,
      "timestamp_readable": "2025-06-25 04:27:51.488",
      "normalized_name": "Leonardo-Dicaprio-Wolf-Of-Wall-Street/Leonardo-Dicaprio-Wolf-Of-Wall-Street",
      "meme_name": "Leonardo-Dicaprio-Wolf-Of-Wall-Street",
      "post_id": 38,
      "english_label": "contempt",
      "response_time_ms": 7306
    },
    {
      "image_path": "For-the-better-right-blank/For-the-better-right-blank_14.png",
      "label": "輕蔑",
      "response_time": "00:00:10.961",
      "timestamp_unix": 1750825682,
      "timestamp_unix_ms": 1750825682518,
      "timestamp_readable": "2025-06-25 04:28:02.518",
      "normalized_name": "For-the-better-right-blank/For-the-better-right-blank",
      "meme_name": "For-the-better-right-blank",
      "post_id": 14,
      "english_label": "contempt",
      "response_time_ms": 10961
    },
    {
      "image_path": "Obi-Wan-Kenobi/Obi-Wan-Kenobi_30.png",
      "label": "其他",
      "response_time": "00:00:12.125",
      "timestamp_unix": 1750825695,
      "timestamp_unix_ms": 1750825695652,
      "timestamp_readable": "2025-06-25 04:28:15.652",
      "normalized_name": "Obi-Wan-Kenobi/Obi-Wan-Kenobi",
      "meme_name": "Obi-Wan-Kenobi",
      "post_id": 30,
      "english_label": "others",
      "response_time_ms": 12125
    },
    {
      "image_path": "You-The-Real-MVP/You-The-Real-MVP_40.png",
      "label": "憤怒",
      "response_time": "00:00:07.558",
      "timestamp_unix": 1750825703,
      "timestamp_unix_ms": 1750825703329,
      "timestamp_readable": "2025-06-25 04:28:23.329",
      "normalized_name": "You-The-Real-MVP/You-The-Real-MVP",
      "meme_name": "You-The-Real-MVP",
      "post_id": 40,
      "english_label": "anger",
      "response_time_ms": 7558
    },
    {
      "image_path": "Dinkleberg/Dinkleberg_37.png",
      "label": "憤怒",
      "response_time": "00:00:03.625",
      "timestamp_unix": 1750825707,
      "timestamp_unix_ms": 1750825707141,
      "timestamp_readable": "2025-06-25 04:28:27.141",
      "normalized_name": "Dinkleberg/Dinkleberg",
      "meme_name": "Dinkleberg",
      "post_id": 37,
      "english_label": "anger",
      "response_time_ms": 3625
    }
  ],
  "session_start_unix": 1750825253,
  "session_status": "completed",
  "last_updated_unix": 1750825798,
  "image_order": [
    "Spiderman-Hospital/Spiderman-Hospital_23.png",
    "Happy--Shock/Happy--Shock_43.png",
    "Chill-guy/Chill-guy_19.png",
    "I-am-once-again-asking/I-am-once-again-asking_45.png",
    "Math-ladyConfused-lady/Math-ladyConfused-lady_34.png",
    "Archer/Archer_41.png",
    "Leonardo-Dicaprio-Wolf-Of-Wall-Street/Leonardo-Dicaprio-Wolf-Of-Wall-Street_38.png",
    "Mocking-Spongebob/Mocking-Spongebob_16.png",
    "Afraid-To-Ask-Andy/Afraid-To-Ask-Andy_39.png",
    "Charlie-Day/Charlie-Day_47.png",
    "Always-Has-Been/Always-Has-Been_7.png",
    "Picard-Wtf/Picard-Wtf_33.png",
    "Batman-Slapping-Robin/Batman-Slapping-Robin_46.png",
    "For-the-better-right-blank/For-the-better-right-blank_14.png",
    "Drake-NoYes/Drake-NoYes_29.png",
    "Laughing-wolf/Laughing-wolf_9.png",
    "DJ-Pauly-D/DJ-Pauly-D_2.png",
    "Always-you-three/Always-you-three_31.png",
    "Disappointed-Man/Disappointed-Man_6.png",
    "Smudge-the-cat/Smudge-the-cat_4.png",
    "attention_check/attention_check_Others.png",
    "Thats-a-paddlin/Thats-a-paddlin_18.png",
    "Hide-the-Pain-Harold/Hide-the-Pain-Harold_49.png",
    "Hold-fart/Hold-fart_8.png",
    "Im-The-Captain-Now/Im-The-Captain-Now_36.png",
    "Obi-Wan-Kenobi/Obi-Wan-Kenobi_30.png",
    "Spongebob-Yelling/Spongebob-Yelling_3.png",
    "Nuclear-Explosion/Nuclear-Explosion_22.png",
    "Dinkleberg/Dinkleberg_37.png",
    "Scooby-doo-mask-reveal/Scooby-doo-mask-reveal_21.png",
    "Disaster-Girl/Disaster-Girl_42.png",
    "Black-guy-hiding-behind-tree/Black-guy-hiding-behind-tree_27.png",
    "You-The-Real-MVP/You-The-Real-MVP_40.png",
    "Moe-throws-Barney/Moe-throws-Barney_48.png",
    "Ill-Have-You-Know-Spongebob/Ill-Have-You-Know-Spongebob_13.png",
    "Futurama-Fry/Futurama-Fry_24.png",
    "Monkey-Puppet/Monkey-Puppet_50.png",
    "Confused-Gandalf/Confused-Gandalf_25.png",
    "Mr-incredible-mad/Mr-incredible-mad_28.png",
    "Dave-chappelle/Dave-chappelle_32.png",
    "Surprised-Pikachu/Surprised-Pikachu_10.png",
    "Table-Flip-Guy/Table-Flip-Guy_1.png",
    "Kevin-Hart/Kevin-Hart_44.png",
    "Well-Yes-But-Actually-No/Well-Yes-But-Actually-No_35.png",
    "Mr-McMahon-reaction/Mr-McMahon-reaction_12.png",
    "attention_check/attention_check_Disgust.png",
    "Gru-Gun/Gru-Gun_26.png",
    "Persian-Cat-Room-Guardian/Persian-Cat-Room-Guardian_5.png",
    "Put-It-Somewhere-Else-Patrick/Put-It-Somewhere-Else-Patrick_20.png",
    "Angry-Baby/Angry-Baby_11.png",
    "Arthur-Fist/Arthur-Fist_15.png",
    "Khan/Khan_17.png"
  ],
  "completion_status": {
    "practice_completed": true,
    "game_started": true,
    "game_completed": true,
    "summary_viewed": true,
    "email_submitted": true
  },
  "timestamps_unix": {
    "registration_completed": 1750825253,
    "practice_started": 1750825253,
    "practice_completed": 1750825295,
    "game_started": 1750825295,
    "first_label": 1750825311,
    "last_label": 1750825707,
    "game_completed": 1750825708,
    "summary_viewed": 1750825708,
    "email_submitted": 1750825798,
    "session_end": 1750825798,
    "last_updated": 1750825798
  },
  "timestamps_unix_ms": {
    "registration_completed_ms": 1750825253199,
    "practice_started_ms": 1750825253259,
    "practice_completed_ms": 1750825295750,
    "game_started_ms": 1750825295762,
    "first_label_ms": 1750825311498,
    "last_label_ms": 1750825707141,
    "game_completed_ms": 1750825708574,
    "summary_viewed_ms": 1750825708586,
    "email_submitted_ms": 1750825798690,
    "session_end_ms": 1750825798690,
    "last_updated_ms": 1750825798690
  },
  "duration_stats_ms": {
    "total_session_duration_ms": 545491,
    "practice_duration_ms": 42491,
    "game_duration_ms": 412812,
    "labeling_duration_ms": 395643,
    "email_submission_duration_ms": 90104
  },
  "filename_updated_unix": 1750825708,
  "original_filename": "user_c244be",
  "completion_status_in_filename": "email_submitted"
}