{
  "user_id": "user_e051a4",
  "file_name": "user_e051a4_1751508232_1751508637_fullycomplete",
  "unix_start_time": 1751508232,
  "unix_start_time_ms": 1751508232440,
  "unix_end_time": 1751508637,
  "unix_end_time_ms": 1751508637776,
  "age": "25-29",
  "gender": "female",
  "user_agent": "Mozilla/5.0 (Windows NT 10.0; Win64; x64) AppleWebKit/537.36 (KHTML, like Gecko) Chrome/137.0.0.0 Safari/537.36",
  "user_ip": "218.103.252.33",
  "status": "complete",
  "email_provided": "complete",
  "attention_passed": true,
  "start_time_readable": "2025-07-03 02:03:52.440",
  "end_time_readable": "2025-07-03 02:10:37.776",
  "total_labels": 52,
  "emotion_summary": {
    "anger": 12,
    "contempt": 12,
    "disgust": 11,
    "others": 17
  },
  "email": "pipishen22@gmail.com",
  "participation": "no",
  "total_responses": 52,
  "responses": [
    {
      "image_path": "Charlie-Day/Charlie-Day_39.png",
      "label": "其他",
      "response_time": "00:00:07.102",
      "timestamp_unix": 1751508285,
      "timestamp_unix_ms": 1751508285146,
      "timestamp_readable": "2025-07-03 02:04:45.146",
      "normalized_name": "Charlie-Day/Charlie-Day",
      "meme_name": "Charlie-Day",
      "post_id": 39,
      "english_label": "others",
      "response_time_ms": 7102
    },
    {
      "image_path": "Spiderman-Hospital/Spiderman-Hospital_48.png",
      "label": "厭惡",
      "response_time": "00:00:03.801",
      "timestamp_unix": 1751508289,
      "timestamp_unix_ms": 1751508289083,
      "timestamp_readable": "2025-07-03 02:04:49.083",
      "normalized_name": "Spiderman-Hospital/Spiderman-Hospital",
      "meme_name": "Spiderman-Hospital",
      "post_id": 48,
      "english_label": "disgust",
      "response_time_ms": 3801
    },
    {
      "image_path": "Always-you-three/Always-you-three_16.png",
      "label": "輕蔑",
      "response_time": "00:00:07.401",
      "timestamp_unix": 1751508296,
      "timestamp_unix_ms": 1751508296565,
      "timestamp_readable": "2025-07-03 02:04:56.565",
      "normalized_name": "Always-you-three/Always-you-three",
      "meme_name": "Always-you-three",
      "post_id": 16,
      "english_label": "contempt",
      "response_time_ms": 7401
    },
    {
      "image_path": "For-the-better-right-blank/For-the-better-right-blank_34.png",
      "label": "輕蔑",
      "response_time": "00:00:07.201",
      "timestamp_unix": 1751508303,
      "timestamp_unix_ms": 1751508303878,
      "timestamp_readable": "2025-07-03 02:05:03.878",
      "normalized_name": "For-the-better-right-blank/For-the-better-right-blank",
      "meme_name": "For-the-better-right-blank",
      "post_id": 34,
      "english_label": "contempt",
      "response_time_ms": 7201
    },
    {
      "image_path": "Happy--Shock/Happy--Shock_18.png",
      "label": "其他",
      "response_time": "00:00:06.804",
      "timestamp_unix": 1751508310,
      "timestamp_unix_ms": 1751508310762,
      "timestamp_readable": "2025-07-03 02:05:10.762",
      "normalized_name": "Happy--Shock/Happy--Shock",
      "meme_name": "Happy--Shock",
      "post_id": 18,
      "english_label": "others",
      "response_time_ms": 6804
    },
    {
      "image_path": "Ill-Have-You-Know-Spongebob/Ill-Have-You-Know-Spongebob_23.png",
      "label": "輕蔑",
      "response_time": "00:00:06.105",
      "timestamp_unix": 1751508316,
      "timestamp_unix_ms": 1751508316947,
      "timestamp_readable": "2025-07-03 02:05:16.947",
      "normalized_name": "Ill-Have-You-Know-Spongebob/Ill-Have-You-Know-Spongebob",
      "meme_name": "Ill-Have-You-Know-Spongebob",
      "post_id": 23,
      "english_label": "contempt",
      "response_time_ms": 6105
    },
    {
      "image_path": "Persian-Cat-Room-Guardian/Persian-Cat-Room-Guardian_12.png",
      "label": "憤怒",
      "response_time": "00:00:03.603",
      "timestamp_unix": 1751508320,
      "timestamp_unix_ms": 1751508320712,
      "timestamp_readable": "2025-07-03 02:05:20.712",
      "normalized_name": "Persian-Cat-Room-Guardian/Persian-Cat-Room-Guardian",
      "meme_name": "Persian-Cat-Room-Guardian",
      "post_id": 12,
      "english_label": "anger",
      "response_time_ms": 3603
    },
    {
      "image_path": "Futurama-Fry/Futurama-Fry_31.png",
      "label": "其他",
      "response_time": "00:00:07.206",
      "timestamp_unix": 1751508328,
      "timestamp_unix_ms": 1751508328069,
      "timestamp_readable": "2025-07-03 02:05:28.069",
      "normalized_name": "Futurama-Fry/Futurama-Fry",
      "meme_name": "Futurama-Fry",
      "post_id": 31,
      "english_label": "others",
      "response_time_ms": 7206
    },
    {
      "image_path": "Put-It-Somewhere-Else-Patrick/Put-It-Somewhere-Else-Patrick_46.png",
      "label": "憤怒",
      "response_time": "00:00:05.304",
      "timestamp_unix": 1751508333,
      "timestamp_unix_ms": 1751508333518,
      "timestamp_readable": "2025-07-03 02:05:33.518",
      "normalized_name": "Put-It-Somewhere-Else-Patrick/Put-It-Somewhere-Else-Patrick",
      "meme_name": "Put-It-Somewhere-Else-Patrick",
      "post_id": 46,
      "english_label": "anger",
      "response_time_ms": 5304
    },
    {
      "image_path": "Well-Yes-But-Actually-No/Well-Yes-But-Actually-No_2.png",
      "label": "輕蔑",
      "response_time": "00:00:07.602",
      "timestamp_unix": 1751508341,
      "timestamp_unix_ms": 1751508341295,
      "timestamp_readable": "2025-07-03 02:05:41.295",
      "normalized_name": "Well-Yes-But-Actually-No/Well-Yes-But-Actually-No",
      "meme_name": "Well-Yes-But-Actually-No",
      "post_id": 2,
      "english_label": "contempt",
      "response_time_ms": 7602
    },
    {
      "image_path": "Thats-a-paddlin/Thats-a-paddlin_5.png",
      "label": "憤怒",
      "response_time": "00:00:05.801",
      "timestamp_unix": 1751508347,
      "timestamp_unix_ms": 1751508347234,
      "timestamp_readable": "2025-07-03 02:05:47.234",
      "normalized_name": "Thats-a-paddlin/Thats-a-paddlin",
      "meme_name": "Thats-a-paddlin",
      "post_id": 5,
      "english_label": "anger",
      "response_time_ms": 5801
    },
    {
      "image_path": "Obi-Wan-Kenobi/Obi-Wan-Kenobi_20.png",
      "label": "厭惡",
      "response_time": "00:00:07.505",
      "timestamp_unix": 1751508354,
      "timestamp_unix_ms": 1751508354851,
      "timestamp_readable": "2025-07-03 02:05:54.851",
      "normalized_name": "Obi-Wan-Kenobi/Obi-Wan-Kenobi",
      "meme_name": "Obi-Wan-Kenobi",
      "post_id": 20,
      "english_label": "disgust",
      "response_time_ms": 7505
    },
    {
      "image_path": "I-am-once-again-asking/I-am-once-again-asking_26.png",
      "label": "其他",
      "response_time": "00:00:03.502",
      "timestamp_unix": 1751508358,
      "timestamp_unix_ms": 1751508358425,
      "timestamp_readable": "2025-07-03 02:05:58.425",
      "normalized_name": "I-am-once-again-asking/I-am-once-again-asking",
      "meme_name": "I-am-once-again-asking",
      "post_id": 26,
      "english_label": "others",
      "response_time_ms": 3502
    },
    {
      "image_path": "Mocking-Spongebob/Mocking-Spongebob_38.png",
      "label": "輕蔑",
      "response_time": "00:00:03.800",
      "timestamp_unix": 1751508362,
      "timestamp_unix_ms": 1751508362348,
      "timestamp_readable": "2025-07-03 02:06:02.348",
      "normalized_name": "Mocking-Spongebob/Mocking-Spongebob",
      "meme_name": "Mocking-Spongebob",
      "post_id": 38,
      "english_label": "contempt",
      "response_time_ms": 3800
    },
    {
      "image_path": "Mr-McMahon-reaction/Mr-McMahon-reaction_9.png",
      "label": "憤怒",
      "response_time": "00:00:07.106",
      "timestamp_unix": 1751508369,
      "timestamp_unix_ms": 1751508369557,
      "timestamp_readable": "2025-07-03 02:06:09.557",
      "normalized_name": "Mr-McMahon-reaction/Mr-McMahon-reaction",
      "meme_name": "Mr-McMahon-reaction",
      "post_id": 9,
      "english_label": "anger",
      "response_time_ms": 7106
    },
    {
      "image_path": "Table-Flip-Guy/Table-Flip-Guy_24.png",
      "label": "憤怒",
      "response_time": "00:00:10.907",
      "timestamp_unix": 1751508380,
      "timestamp_unix_ms": 1751508380578,
      "timestamp_readable": "2025-07-03 02:06:20.578",
      "normalized_name": "Table-Flip-Guy/Table-Flip-Guy",
      "meme_name": "Table-Flip-Guy",
      "post_id": 24,
      "english_label": "anger",
      "response_time_ms": 10907
    },
    {
      "image_path": "Afraid-To-Ask-Andy/Afraid-To-Ask-Andy_36.png",
      "label": "其他",
      "response_time": "00:00:03.608",
      "timestamp_unix": 1751508384,
      "timestamp_unix_ms": 1751508384296,
      "timestamp_readable": "2025-07-03 02:06:24.296",
      "normalized_name": "Afraid-To-Ask-Andy/Afraid-To-Ask-Andy",
      "meme_name": "Afraid-To-Ask-Andy",
      "post_id": 36,
      "english_label": "others",
      "response_time_ms": 3608
    },
    {
      "image_path": "Batman-Slapping-Robin/Batman-Slapping-Robin_8.png",
      "label": "厭惡",
      "response_time": "00:00:13.103",
      "timestamp_unix": 1751508397,
      "timestamp_unix_ms": 1751508397477,
      "timestamp_readable": "2025-07-03 02:06:37.477",
      "normalized_name": "Batman-Slapping-Robin/Batman-Slapping-Robin",
      "meme_name": "Batman-Slapping-Robin",
      "post_id": 8,
      "english_label": "disgust",
      "response_time_ms": 13103
    },
    {
      "image_path": "DJ-Pauly-D/DJ-Pauly-D_19.png",
      "label": "憤怒",
      "response_time": "00:00:07.004",
      "timestamp_unix": 1751508404,
      "timestamp_unix_ms": 1751508404580,
      "timestamp_readable": "2025-07-03 02:06:44.580",
      "normalized_name": "DJ-Pauly-D/DJ-Pauly-D",
      "meme_name": "DJ-Pauly-D",
      "post_id": 19,
      "english_label": "anger",
      "response_time_ms": 7004
    },
    {
      "image_path": "Scooby-doo-mask-reveal/Scooby-doo-mask-reveal_21.png",
      "label": "輕蔑",
      "response_time": "00:00:09.701",
      "timestamp_unix": 1751508414,
      "timestamp_unix_ms": 1751508414361,
      "timestamp_readable": "2025-07-03 02:06:54.361",
      "normalized_name": "Scooby-doo-mask-reveal/Scooby-doo-mask-reveal",
      "meme_name": "Scooby-doo-mask-reveal",
      "post_id": 21,
      "english_label": "contempt",
      "response_time_ms": 9701
    },
    {
      "image_path": "Black-guy-hiding-behind-tree/Black-guy-hiding-behind-tree_1.png",
      "label": "厭惡",
      "response_time": "00:00:05.408",
      "timestamp_unix": 1751508419,
      "timestamp_unix_ms": 1751508419876,
      "timestamp_readable": "2025-07-03 02:06:59.876",
      "normalized_name": "Black-guy-hiding-behind-tree/Black-guy-hiding-behind-tree",
      "meme_name": "Black-guy-hiding-behind-tree",
      "post_id": 1,
      "english_label": "disgust",
      "response_time_ms": 5408
    },
    {
      "image_path": "Mr-incredible-mad/Mr-incredible-mad_44.png",
      "label": "憤怒",
      "response_time": "00:00:06.301",
      "timestamp_unix": 1751508426,
      "timestamp_unix_ms": 1751508426267,
      "timestamp_readable": "2025-07-03 02:07:06.267",
      "normalized_name": "Mr-incredible-mad/Mr-incredible-mad",
      "meme_name": "Mr-incredible-mad",
      "post_id": 44,
      "english_label": "anger",
      "response_time_ms": 6301
    },
    {
      "image_path": "Laughing-wolf/Laughing-wolf_25.png",
      "label": "輕蔑",
      "response_time": "00:00:02.603",
      "timestamp_unix": 1751508428,
      "timestamp_unix_ms": 1751508428958,
      "timestamp_readable": "2025-07-03 02:07:08.958",
      "normalized_name": "Laughing-wolf/Laughing-wolf",
      "meme_name": "Laughing-wolf",
      "post_id": 25,
      "english_label": "contempt",
      "response_time_ms": 2603
    },
    {
      "image_path": "Math-ladyConfused-lady/Math-ladyConfused-lady_13.png",
      "label": "厭惡",
      "response_time": "00:00:04.623",
      "timestamp_unix": 1751508433,
      "timestamp_unix_ms": 1751508433625,
      "timestamp_readable": "2025-07-03 02:07:13.625",
      "normalized_name": "Math-ladyConfused-lady/Math-ladyConfused-lady",
      "meme_name": "Math-ladyConfused-lady",
      "post_id": 13,
      "english_label": "disgust",
      "response_time_ms": 4623
    },
    {
      "image_path": "attention_check/attention_check_Contempt.png",
      "label": "輕蔑",
      "response_time": "00:00:04.908",
      "timestamp_unix": 1751508438,
      "timestamp_unix_ms": 1751508438645,
      "timestamp_readable": "2025-07-03 02:07:18.645",
      "normalized_name": "attention_check/attention_check_Contempt.png",
      "meme_name": "attention_check",
      "post_id": null,
      "english_label": "contempt",
      "response_time_ms": 4908
    },
    {
      "image_path": "Archer/Archer_11.png",
      "label": "其他",
      "response_time": "00:00:06.601",
      "timestamp_unix": 1751508445,
      "timestamp_unix_ms": 1751508445318,
      "timestamp_readable": "2025-07-03 02:07:25.318",
      "normalized_name": "Archer/Archer",
      "meme_name": "Archer",
      "post_id": 11,
      "english_label": "others",
      "response_time_ms": 6601
    },
    {
      "image_path": "Gru-Gun/Gru-Gun_22.png",
      "label": "厭惡",
      "response_time": "00:00:07.203",
      "timestamp_unix": 1751508452,
      "timestamp_unix_ms": 1751508452628,
      "timestamp_readable": "2025-07-03 02:07:32.628",
      "normalized_name": "Gru-Gun/Gru-Gun",
      "meme_name": "Gru-Gun",
      "post_id": 22,
      "english_label": "disgust",
      "response_time_ms": 7203
    },
    {
      "image_path": "Moe-throws-Barney/Moe-throws-Barney_10.png",
      "label": "其他",
      "response_time": "00:00:04.607",
      "timestamp_unix": 1751508457,
      "timestamp_unix_ms": 1751508457355,
      "timestamp_readable": "2025-07-03 02:07:37.355",
      "normalized_name": "Moe-throws-Barney/Moe-throws-Barney",
      "meme_name": "Moe-throws-Barney",
      "post_id": 10,
      "english_label": "others",
      "response_time_ms": 4607
    },
    {
      "image_path": "Hide-the-Pain-Harold/Hide-the-Pain-Harold_15.png",
      "label": "輕蔑",
      "response_time": "00:00:04.007",
      "timestamp_unix": 1751508461,
      "timestamp_unix_ms": 1751508461444,
      "timestamp_readable": "2025-07-03 02:07:41.444",
      "normalized_name": "Hide-the-Pain-Harold/Hide-the-Pain-Harold",
      "meme_name": "Hide-the-Pain-Harold",
      "post_id": 15,
      "english_label": "contempt",
      "response_time_ms": 4007
    },
    {
      "image_path": "Chill-guy/Chill-guy_3.png",
      "label": "其他",
      "response_time": "00:00:03.710",
      "timestamp_unix": 1751508465,
      "timestamp_unix_ms": 1751508465308,
      "timestamp_readable": "2025-07-03 02:07:45.308",
      "normalized_name": "Chill-guy/Chill-guy",
      "meme_name": "Chill-guy",
      "post_id": 3,
      "english_label": "others",
      "response_time_ms": 3710
    },
    {
      "image_path": "Arthur-Fist/Arthur-Fist_4.png",
      "label": "憤怒",
      "response_time": "00:00:03.400",
      "timestamp_unix": 1751508468,
      "timestamp_unix_ms": 1751508468809,
      "timestamp_readable": "2025-07-03 02:07:48.809",
      "normalized_name": "Arthur-Fist/Arthur-Fist",
      "meme_name": "Arthur-Fist",
      "post_id": 4,
      "english_label": "anger",
      "response_time_ms": 3400
    },
    {
      "image_path": "Hold-fart/Hold-fart_28.png",
      "label": "厭惡",
      "response_time": "00:00:07.901",
      "timestamp_unix": 1751508476,
      "timestamp_unix_ms": 1751508476863,
      "timestamp_readable": "2025-07-03 02:07:56.863",
      "normalized_name": "Hold-fart/Hold-fart",
      "meme_name": "Hold-fart",
      "post_id": 28,
      "english_label": "disgust",
      "response_time_ms": 7901
    },
    {
      "image_path": "Smudge-the-cat/Smudge-the-cat_40.png",
      "label": "憤怒",
      "response_time": "00:00:05.408",
      "timestamp_unix": 1751508482,
      "timestamp_unix_ms": 1751508482405,
      "timestamp_readable": "2025-07-03 02:08:02.405",
      "normalized_name": "Smudge-the-cat/Smudge-the-cat",
      "meme_name": "Smudge-the-cat",
      "post_id": 40,
      "english_label": "anger",
      "response_time_ms": 5408
    },
    {
      "image_path": "Angry-Baby/Angry-Baby_47.png",
      "label": "其他",
      "response_time": "00:00:03.105",
      "timestamp_unix": 1751508485,
      "timestamp_unix_ms": 1751508485632,
      "timestamp_readable": "2025-07-03 02:08:05.632",
      "normalized_name": "Angry-Baby/Angry-Baby",
      "meme_name": "Angry-Baby",
      "post_id": 47,
      "english_label": "others",
      "response_time_ms": 3105
    },
    {
      "image_path": "Dinkleberg/Dinkleberg_42.png",
      "label": "厭惡",
      "response_time": "00:00:06.003",
      "timestamp_unix": 1751508491,
      "timestamp_unix_ms": 1751508491775,
      "timestamp_readable": "2025-07-03 02:08:11.775",
      "normalized_name": "Dinkleberg/Dinkleberg",
      "meme_name": "Dinkleberg",
      "post_id": 42,
      "english_label": "disgust",
      "response_time_ms": 6003
    },
    {
      "image_path": "Kevin-Hart/Kevin-Hart_6.png",
      "label": "其他",
      "response_time": "00:00:04.403",
      "timestamp_unix": 1751508496,
      "timestamp_unix_ms": 1751508496318,
      "timestamp_readable": "2025-07-03 02:08:16.318",
      "normalized_name": "Kevin-Hart/Kevin-Hart",
      "meme_name": "Kevin-Hart",
      "post_id": 6,
      "english_label": "others",
      "response_time_ms": 4403
    },
    {
      "image_path": "You-The-Real-MVP/You-The-Real-MVP_37.png",
      "label": "其他",
      "response_time": "00:00:04.401",
      "timestamp_unix": 1751508500,
      "timestamp_unix_ms": 1751508500843,
      "timestamp_readable": "2025-07-03 02:08:20.843",
      "normalized_name": "You-The-Real-MVP/You-The-Real-MVP",
      "meme_name": "You-The-Real-MVP",
      "post_id": 37,
      "english_label": "others",
      "response_time_ms": 4401
    },
    {
      "image_path": "Drake-NoYes/Drake-NoYes_49.png",
      "label": "厭惡",
      "response_time": "00:00:03.112",
      "timestamp_unix": 1751508504,
      "timestamp_unix_ms": 1751508504044,
      "timestamp_readable": "2025-07-03 02:08:24.044",
      "normalized_name": "Drake-NoYes/Drake-NoYes",
      "meme_name": "Drake-NoYes",
      "post_id": 49,
      "english_label": "disgust",
      "response_time_ms": 3112
    },
    {
      "image_path": "Im-The-Captain-Now/Im-The-Captain-Now_30.png",
      "label": "其他",
      "response_time": "00:00:06.405",
      "timestamp_unix": 1751508510,
      "timestamp_unix_ms": 1751508510518,
      "timestamp_readable": "2025-07-03 02:08:30.518",
      "normalized_name": "Im-The-Captain-Now/Im-The-Captain-Now",
      "meme_name": "Im-The-Captain-Now",
      "post_id": 30,
      "english_label": "others",
      "response_time_ms": 6405
    },
    {
      "image_path": "Nuclear-Explosion/Nuclear-Explosion_17.png",
      "label": "其他",
      "response_time": "00:00:04.304",
      "timestamp_unix": 1751508514,
      "timestamp_unix_ms": 1751508514946,
      "timestamp_readable": "2025-07-03 02:08:34.946",
      "normalized_name": "Nuclear-Explosion/Nuclear-Explosion",
      "meme_name": "Nuclear-Explosion",
      "post_id": 17,
      "english_label": "others",
      "response_time_ms": 4304
    },
    {
      "image_path": "Dave-chappelle/Dave-chappelle_45.png",
      "label": "其他",
      "response_time": "00:00:02.605",
      "timestamp_unix": 1751508517,
      "timestamp_unix_ms": 1751508517712,
      "timestamp_readable": "2025-07-03 02:08:37.712",
      "normalized_name": "Dave-chappelle/Dave-chappelle",
      "meme_name": "Dave-chappelle",
      "post_id": 45,
      "english_label": "others",
      "response_time_ms": 2605
    },
    {
      "image_path": "Monkey-Puppet/Monkey-Puppet_50.png",
      "label": "其他",
      "response_time": "00:00:05.010",
      "timestamp_unix": 1751508522,
      "timestamp_unix_ms": 1751508522844,
      "timestamp_readable": "2025-07-03 02:08:42.844",
      "normalized_name": "Monkey-Puppet/Monkey-Puppet",
      "meme_name": "Monkey-Puppet",
      "post_id": 50,
      "english_label": "others",
      "response_time_ms": 5010
    },
    {
      "image_path": "Khan/Khan_32.png",
      "label": "憤怒",
      "response_time": "00:00:09.610",
      "timestamp_unix": 1751508532,
      "timestamp_unix_ms": 1751508532578,
      "timestamp_readable": "2025-07-03 02:08:52.578",
      "normalized_name": "Khan/Khan",
      "meme_name": "Khan",
      "post_id": 32,
      "english_label": "anger",
      "response_time_ms": 9610
    },
    {
      "image_path": "Spongebob-Yelling/Spongebob-Yelling_35.png",
      "label": "憤怒",
      "response_time": "00:00:07.705",
      "timestamp_unix": 1751508540,
      "timestamp_unix_ms": 1751508540412,
      "timestamp_readable": "2025-07-03 02:09:00.412",
      "normalized_name": "Spongebob-Yelling/Spongebob-Yelling",
      "meme_name": "Spongebob-Yelling",
      "post_id": 35,
      "english_label": "anger",
      "response_time_ms": 7705
    },
    {
      "image_path": "Disappointed-Man/Disappointed-Man_14.png",
      "label": "憤怒",
      "response_time": "00:00:05.302",
      "timestamp_unix": 1751508545,
      "timestamp_unix_ms": 1751508545828,
      "timestamp_readable": "2025-07-03 02:09:05.828",
      "normalized_name": "Disappointed-Man/Disappointed-Man",
      "meme_name": "Disappointed-Man",
      "post_id": 14,
      "english_label": "anger",
      "response_time_ms": 5302
    },
    {
      "image_path": "Leonardo-Dicaprio-Wolf-Of-Wall-Street/Leonardo-Dicaprio-Wolf-Of-Wall-Street_27.png",
      "label": "輕蔑",
      "response_time": "00:00:02.904",
      "timestamp_unix": 1751508548,
      "timestamp_unix_ms": 1751508548876,
      "timestamp_readable": "2025-07-03 02:09:08.876",
      "normalized_name": "Leonardo-Dicaprio-Wolf-Of-Wall-Street/Leonardo-Dicaprio-Wolf-Of-Wall-Street",
      "meme_name": "Leonardo-Dicaprio-Wolf-Of-Wall-Street",
      "post_id": 27,
      "english_label": "contempt",
      "response_time_ms": 2904
    },
    {
      "image_path": "Surprised-Pikachu/Surprised-Pikachu_29.png",
      "label": "其他",
      "response_time": "00:00:04.516",
      "timestamp_unix": 1751508553,
      "timestamp_unix_ms": 1751508553479,
      "timestamp_readable": "2025-07-03 02:09:13.479",
      "normalized_name": "Surprised-Pikachu/Surprised-Pikachu",
      "meme_name": "Surprised-Pikachu",
      "post_id": 29,
      "english_label": "others",
      "response_time_ms": 4516
    },
    {
      "image_path": "Picard-Wtf/Picard-Wtf_33.png",
      "label": "其他",
      "response_time": "00:00:03.505",
      "timestamp_unix": 1751508557,
      "timestamp_unix_ms": 1751508557122,
      "timestamp_readable": "2025-07-03 02:09:17.122",
      "normalized_name": "Picard-Wtf/Picard-Wtf",
      "meme_name": "Picard-Wtf",
      "post_id": 33,
      "english_label": "others",
      "response_time_ms": 3505
    },
    {
      "image_path": "Always-Has-Been/Always-Has-Been_43.png",
      "label": "輕蔑",
      "response_time": "00:00:04.703",
      "timestamp_unix": 1751508561,
      "timestamp_unix_ms": 1751508561966,
      "timestamp_readable": "2025-07-03 02:09:21.966",
      "normalized_name": "Always-Has-Been/Always-Has-Been",
      "meme_name": "Always-Has-Been",
      "post_id": 43,
      "english_label": "contempt",
      "response_time_ms": 4703
    },
    {
      "image_path": "attention_check/attention_check_Disgust.png",
      "label": "厭惡",
      "response_time": "00:00:01.904",
      "timestamp_unix": 1751508564,
      "timestamp_unix_ms": 1751508564017,
      "timestamp_readable": "2025-07-03 02:09:24.017",
      "normalized_name": "attention_check/attention_check_Disgust.png",
      "meme_name": "attention_check",
      "post_id": null,
      "english_label": "disgust",
      "response_time_ms": 1904
    },
    {
      "image_path": "Disaster-Girl/Disaster-Girl_7.png",
      "label": "輕蔑",
      "response_time": "00:00:03.901",
      "timestamp_unix": 1751508567,
      "timestamp_unix_ms": 1751508567995,
      "timestamp_readable": "2025-07-03 02:09:27.995",
      "normalized_name": "Disaster-Girl/Disaster-Girl",
      "meme_name": "Disaster-Girl",
      "post_id": 7,
      "english_label": "contempt",
      "response_time_ms": 3901
    },
    {
      "image_path": "Confused-Gandalf/Confused-Gandalf_41.png",
      "label": "厭惡",
      "response_time": "00:00:07.701",
      "timestamp_unix": 1751508575,
      "timestamp_unix_ms": 1751508575834,
      "timestamp_readable": "2025-07-03 02:09:35.834",
      "normalized_name": "Confused-Gandalf/Confused-Gandalf",
      "meme_name": "Confused-Gandalf",
      "post_id": 41,
      "english_label": "disgust",
      "response_time_ms": 7701
    }
  ],
  "session_start_unix": 1751508232,
  "session_status": "completed",
  "last_updated_unix": 1751508637,
  "image_order": [
    "Spiderman-Hospital/Spiderman-Hospital_48.png",
    "Happy--Shock/Happy--Shock_18.png",
    "Chill-guy/Chill-guy_3.png",
    "I-am-once-again-asking/I-am-once-again-asking_26.png",
    "Math-ladyConfused-lady/Math-ladyConfused-lady_13.png",
    "Archer/Archer_11.png",
    "Leonardo-Dicaprio-Wolf-Of-Wall-Street/Leonardo-Dicaprio-Wolf-Of-Wall-Street_27.png",
    "Mocking-Spongebob/Mocking-Spongebob_38.png",
    "Afraid-To-Ask-Andy/Afraid-To-Ask-Andy_36.png",
    "Charlie-Day/Charlie-Day_39.png",
    "Always-Has-Been/Always-Has-Been_43.png",
    "Picard-Wtf/Picard-Wtf_33.png",
    "Batman-Slapping-Robin/Batman-Slapping-Robin_8.png",
    "For-the-better-right-blank/For-the-better-right-blank_34.png",
    "Drake-NoYes/Drake-NoYes_49.png",
    "Laughing-wolf/Laughing-wolf_25.png",
    "DJ-Pauly-D/DJ-Pauly-D_19.png",
    "Always-you-three/Always-you-three_16.png",
    "Disappointed-Man/Disappointed-Man_14.png",
    "Smudge-the-cat/Smudge-the-cat_40.png",
    "Thats-a-paddlin/Thats-a-paddlin_5.png",
    "Hide-the-Pain-Harold/Hide-the-Pain-Harold_15.png",
    "Hold-fart/Hold-fart_28.png",
    "Im-The-Captain-Now/Im-The-Captain-Now_30.png",
    "attention_check/attention_check_Contempt.png",
    "Obi-Wan-Kenobi/Obi-Wan-Kenobi_20.png",
    "Spongebob-Yelling/Spongebob-Yelling_35.png",
    "Nuclear-Explosion/Nuclear-Explosion_17.png",
    "Dinkleberg/Dinkleberg_42.png",
    "Scooby-doo-mask-reveal/Scooby-doo-mask-reveal_21.png",
    "Disaster-Girl/Disaster-Girl_7.png",
    "Black-guy-hiding-behind-tree/Black-guy-hiding-behind-tree_1.png",
    "You-The-Real-MVP/You-The-Real-MVP_37.png",
    "Moe-throws-Barney/Moe-throws-Barney_10.png",
    "Ill-Have-You-Know-Spongebob/Ill-Have-You-Know-Spongebob_23.png",
    "Futurama-Fry/Futurama-Fry_31.png",
    "Monkey-Puppet/Monkey-Puppet_50.png",
    "Confused-Gandalf/Confused-Gandalf_41.png",
    "Mr-incredible-mad/Mr-incredible-mad_44.png",
    "Dave-chappelle/Dave-chappelle_45.png",
    "Surprised-Pikachu/Surprised-Pikachu_29.png",
    "Table-Flip-Guy/Table-Flip-Guy_24.png",
    "Kevin-Hart/Kevin-Hart_6.png",
    "Well-Yes-But-Actually-No/Well-Yes-But-Actually-No_2.png",
    "Mr-McMahon-reaction/Mr-McMahon-reaction_9.png",
    "Gru-Gun/Gru-Gun_22.png",
    "Persian-Cat-Room-Guardian/Persian-Cat-Room-Guardian_12.png",
    "Put-It-Somewhere-Else-Patrick/Put-It-Somewhere-Else-Patrick_46.png",
    "Angry-Baby/Angry-Baby_47.png",
    "attention_check/attention_check_Disgust.png",
    "Arthur-Fist/Arthur-Fist_4.png",
    "Khan/Khan_32.png"
  ],
  "completion_status": {
    "practice_completed": true,
    "game_started": true,
    "game_completed": true,
    "summary_viewed": true,
    "email_submitted": true
  },
  "timestamps_unix": {
    "registration_completed": 1751508232,
    "practice_started": 1751508232,
    "practice_completed": 1751508277,
    "game_started": 1751508277,
    "first_label": 1751508285,
    "last_label": 1751508575,
    "game_completed": 1751508578,
    "summary_viewed": 1751508578,
    "email_submitted": 1751508637,
    "session_end": 1751508637,
    "last_updated": 1751508637
  },
  "timestamps_unix_ms": {
    "registration_completed_ms": 1751508232440,
    "practice_started_ms": 1751508232484,
    "practice_completed_ms": 1751508277801,
    "game_started_ms": 1751508277811,
    "first_label_ms": 1751508285146,
    "last_label_ms": 1751508575834,
    "game_completed_ms": 1751508578391,
    "summary_viewed_ms": 1751508578400,
    "email_submitted_ms": 1751508637766,
    "session_end_ms": 1751508637766,
    "last_updated_ms": 1751508637766
  },
  "duration_stats_ms": {
    "total_session_duration_ms": 405326,
    "practice_duration_ms": 45317,
    "game_duration_ms": 300580,
    "labeling_duration_ms": 290688,
    "email_submission_duration_ms": 59366
  },
  "filename_updated_unix": 1751508578,
  "original_filename": "user_e051a4",
  "completion_status_in_filename": "email_submitted"
}