{
  "user_id": "user_71b426",
  "file_name": "user_71b426_1752216040_1752216503_fullycomplete",
  "unix_start_time": 1752216040,
  "unix_start_time_ms": 1752216040605,
  "unix_end_time": 1752216503,
  "unix_end_time_ms": 1752216503342,
  "age": "18-24",
  "gender": "female",
  "user_agent": "Mozilla/5.0 (Windows NT 10.0; Win64; x64) AppleWebKit/537.36 (KHTML, like Gecko) Chrome/138.0.0.0 Safari/537.36",
  "user_ip": "118.233.2.61",
  "status": "complete",
  "email_provided": "complete",
  "attention_passed": true,
  "start_time_readable": "2025-07-11 06:40:40.605",
  "end_time_readable": "2025-07-11 06:48:23.342",
  "total_labels": 52,
  "emotion_summary": {
    "anger": 8,
    "contempt": 15,
    "disgust": 5,
    "others": 24
  },
  "email": "she20041@gmail.com",
  "participation": "yes",
  "total_responses": 52,
  "responses": [
    {
      "image_path": "DJ-Pauly-D/DJ-Pauly-D_47.png",
      "label": "憤怒",
      "response_time": "00:00:05.606",
      "timestamp_unix": 1752216087,
      "timestamp_unix_ms": 1752216087488,
      "timestamp_readable": "2025-07-11 06:41:27.488",
      "normalized_name": "DJ-Pauly-D/DJ-Pauly-D",
      "meme_name": "DJ-Pauly-D",
      "post_id": 47,
      "english_label": "anger",
      "response_time_ms": 5606
    },
    {
      "image_path": "Math-ladyConfused-lady/Math-ladyConfused-lady_24.png",
      "label": "其他",
      "response_time": "00:00:06.002",
      "timestamp_unix": 1752216093,
      "timestamp_unix_ms": 1752216093666,
      "timestamp_readable": "2025-07-11 06:41:33.666",
      "normalized_name": "Math-ladyConfused-lady/Math-ladyConfused-lady",
      "meme_name": "Math-ladyConfused-lady",
      "post_id": 24,
      "english_label": "others",
      "response_time_ms": 6002
    },
    {
      "image_path": "Spiderman-Hospital/Spiderman-Hospital_20.png",
      "label": "其他",
      "response_time": "00:00:12.006",
      "timestamp_unix": 1752216105,
      "timestamp_unix_ms": 1752216105787,
      "timestamp_readable": "2025-07-11 06:41:45.787",
      "normalized_name": "Spiderman-Hospital/Spiderman-Hospital",
      "meme_name": "Spiderman-Hospital",
      "post_id": 20,
      "english_label": "others",
      "response_time_ms": 12006
    },
    {
      "image_path": "Khan/Khan_1.png",
      "label": "憤怒",
      "response_time": "00:00:07.312",
      "timestamp_unix": 1752216113,
      "timestamp_unix_ms": 1752216113250,
      "timestamp_readable": "2025-07-11 06:41:53.250",
      "normalized_name": "Khan/Khan",
      "meme_name": "Khan",
      "post_id": 1,
      "english_label": "anger",
      "response_time_ms": 7312
    },
    {
      "image_path": "Charlie-Day/Charlie-Day_17.png",
      "label": "其他",
      "response_time": "00:00:06.512",
      "timestamp_unix": 1752216119,
      "timestamp_unix_ms": 1752216119856,
      "timestamp_readable": "2025-07-11 06:41:59.856",
      "normalized_name": "Charlie-Day/Charlie-Day",
      "meme_name": "Charlie-Day",
      "post_id": 17,
      "english_label": "others",
      "response_time_ms": 6512
    },
    {
      "image_path": "Laughing-wolf/Laughing-wolf_18.png",
      "label": "其他",
      "response_time": "00:00:09.905",
      "timestamp_unix": 1752216129,
      "timestamp_unix_ms": 1752216129890,
      "timestamp_readable": "2025-07-11 06:42:09.890",
      "normalized_name": "Laughing-wolf/Laughing-wolf",
      "meme_name": "Laughing-wolf",
      "post_id": 18,
      "english_label": "others",
      "response_time_ms": 9905
    },
    {
      "image_path": "Dinkleberg/Dinkleberg_49.png",
      "label": "輕蔑",
      "response_time": "00:00:08.201",
      "timestamp_unix": 1752216138,
      "timestamp_unix_ms": 1752216138187,
      "timestamp_readable": "2025-07-11 06:42:18.187",
      "normalized_name": "Dinkleberg/Dinkleberg",
      "meme_name": "Dinkleberg",
      "post_id": 49,
      "english_label": "contempt",
      "response_time_ms": 8201
    },
    {
      "image_path": "Thats-a-paddlin/Thats-a-paddlin_37.png",
      "label": "輕蔑",
      "response_time": "00:00:12.309",
      "timestamp_unix": 1752216150,
      "timestamp_unix_ms": 1752216150612,
      "timestamp_readable": "2025-07-11 06:42:30.612",
      "normalized_name": "Thats-a-paddlin/Thats-a-paddlin",
      "meme_name": "Thats-a-paddlin",
      "post_id": 37,
      "english_label": "contempt",
      "response_time_ms": 12309
    },
    {
      "image_path": "Chill-guy/Chill-guy_32.png",
      "label": "其他",
      "response_time": "00:00:07.807",
      "timestamp_unix": 1752216158,
      "timestamp_unix_ms": 1752216158488,
      "timestamp_readable": "2025-07-11 06:42:38.488",
      "normalized_name": "Chill-guy/Chill-guy",
      "meme_name": "Chill-guy",
      "post_id": 32,
      "english_label": "others",
      "response_time_ms": 7807
    },
    {
      "image_path": "I-am-once-again-asking/I-am-once-again-asking_26.png",
      "label": "厭惡",
      "response_time": "00:00:12.707",
      "timestamp_unix": 1752216171,
      "timestamp_unix_ms": 1752216171339,
      "timestamp_readable": "2025-07-11 06:42:51.339",
      "normalized_name": "I-am-once-again-asking/I-am-once-again-asking",
      "meme_name": "I-am-once-again-asking",
      "post_id": 26,
      "english_label": "disgust",
      "response_time_ms": 12707
    },
    {
      "image_path": "Obi-Wan-Kenobi/Obi-Wan-Kenobi_41.png",
      "label": "其他",
      "response_time": "00:00:04.105",
      "timestamp_unix": 1752216175,
      "timestamp_unix_ms": 1752216175540,
      "timestamp_readable": "2025-07-11 06:42:55.540",
      "normalized_name": "Obi-Wan-Kenobi/Obi-Wan-Kenobi",
      "meme_name": "Obi-Wan-Kenobi",
      "post_id": 41,
      "english_label": "others",
      "response_time_ms": 4105
    },
    {
      "image_path": "Always-Has-Been/Always-Has-Been_34.png",
      "label": "其他",
      "response_time": "00:00:09.101",
      "timestamp_unix": 1752216184,
      "timestamp_unix_ms": 1752216184794,
      "timestamp_readable": "2025-07-11 06:43:04.794",
      "normalized_name": "Always-Has-Been/Always-Has-Been",
      "meme_name": "Always-Has-Been",
      "post_id": 34,
      "english_label": "others",
      "response_time_ms": 9101
    },
    {
      "image_path": "Persian-Cat-Room-Guardian/Persian-Cat-Room-Guardian_16.png",
      "label": "其他",
      "response_time": "00:00:07.200",
      "timestamp_unix": 1752216192,
      "timestamp_unix_ms": 1752216192085,
      "timestamp_readable": "2025-07-11 06:43:12.085",
      "normalized_name": "Persian-Cat-Room-Guardian/Persian-Cat-Room-Guardian",
      "meme_name": "Persian-Cat-Room-Guardian",
      "post_id": 16,
      "english_label": "others",
      "response_time_ms": 7200
    },
    {
      "image_path": "Surprised-Pikachu/Surprised-Pikachu_14.png",
      "label": "其他",
      "response_time": "00:00:13.404",
      "timestamp_unix": 1752216205,
      "timestamp_unix_ms": 1752216205618,
      "timestamp_readable": "2025-07-11 06:43:25.618",
      "normalized_name": "Surprised-Pikachu/Surprised-Pikachu",
      "meme_name": "Surprised-Pikachu",
      "post_id": 14,
      "english_label": "others",
      "response_time_ms": 13404
    },
    {
      "image_path": "Disappointed-Man/Disappointed-Man_38.png",
      "label": "厭惡",
      "response_time": "00:00:10.001",
      "timestamp_unix": 1752216215,
      "timestamp_unix_ms": 1752216215750,
      "timestamp_readable": "2025-07-11 06:43:35.750",
      "normalized_name": "Disappointed-Man/Disappointed-Man",
      "meme_name": "Disappointed-Man",
      "post_id": 38,
      "english_label": "disgust",
      "response_time_ms": 10001
    },
    {
      "image_path": "Hold-fart/Hold-fart_2.png",
      "label": "其他",
      "response_time": "00:00:08.209",
      "timestamp_unix": 1752216224,
      "timestamp_unix_ms": 1752216224092,
      "timestamp_readable": "2025-07-11 06:43:44.092",
      "normalized_name": "Hold-fart/Hold-fart",
      "meme_name": "Hold-fart",
      "post_id": 2,
      "english_label": "others",
      "response_time_ms": 8209
    },
    {
      "image_path": "Smudge-the-cat/Smudge-the-cat_19.png",
      "label": "輕蔑",
      "response_time": "00:00:06.904",
      "timestamp_unix": 1752216231,
      "timestamp_unix_ms": 1752216231072,
      "timestamp_readable": "2025-07-11 06:43:51.072",
      "normalized_name": "Smudge-the-cat/Smudge-the-cat",
      "meme_name": "Smudge-the-cat",
      "post_id": 19,
      "english_label": "contempt",
      "response_time_ms": 6904
    },
    {
      "image_path": "Drake-NoYes/Drake-NoYes_21.png",
      "label": "輕蔑",
      "response_time": "00:00:05.802",
      "timestamp_unix": 1752216236,
      "timestamp_unix_ms": 1752216236960,
      "timestamp_readable": "2025-07-11 06:43:56.960",
      "normalized_name": "Drake-NoYes/Drake-NoYes",
      "meme_name": "Drake-NoYes",
      "post_id": 21,
      "english_label": "contempt",
      "response_time_ms": 5802
    },
    {
      "image_path": "Happy--Shock/Happy--Shock_28.png",
      "label": "厭惡",
      "response_time": "00:00:09.209",
      "timestamp_unix": 1752216246,
      "timestamp_unix_ms": 1752216246288,
      "timestamp_readable": "2025-07-11 06:44:06.288",
      "normalized_name": "Happy--Shock/Happy--Shock",
      "meme_name": "Happy--Shock",
      "post_id": 28,
      "english_label": "disgust",
      "response_time_ms": 9209
    },
    {
      "image_path": "Leonardo-Dicaprio-Wolf-Of-Wall-Street/Leonardo-Dicaprio-Wolf-Of-Wall-Street_44.png",
      "label": "輕蔑",
      "response_time": "00:00:05.802",
      "timestamp_unix": 1752216252,
      "timestamp_unix_ms": 1752216252224,
      "timestamp_readable": "2025-07-11 06:44:12.224",
      "normalized_name": "Leonardo-Dicaprio-Wolf-Of-Wall-Street/Leonardo-Dicaprio-Wolf-Of-Wall-Street",
      "meme_name": "Leonardo-Dicaprio-Wolf-Of-Wall-Street",
      "post_id": 44,
      "english_label": "contempt",
      "response_time_ms": 5802
    },
    {
      "image_path": "Moe-throws-Barney/Moe-throws-Barney_6.png",
      "label": "憤怒",
      "response_time": "00:00:11.102",
      "timestamp_unix": 1752216263,
      "timestamp_unix_ms": 1752216263398,
      "timestamp_readable": "2025-07-11 06:44:23.398",
      "normalized_name": "Moe-throws-Barney/Moe-throws-Barney",
      "meme_name": "Moe-throws-Barney",
      "post_id": 6,
      "english_label": "anger",
      "response_time_ms": 11102
    },
    {
      "image_path": "Archer/Archer_11.png",
      "label": "其他",
      "response_time": "00:00:03.501",
      "timestamp_unix": 1752216267,
      "timestamp_unix_ms": 1752216267020,
      "timestamp_readable": "2025-07-11 06:44:27.020",
      "normalized_name": "Archer/Archer",
      "meme_name": "Archer",
      "post_id": 11,
      "english_label": "others",
      "response_time_ms": 3501
    },
    {
      "image_path": "Futurama-Fry/Futurama-Fry_45.png",
      "label": "其他",
      "response_time": "00:00:10.305",
      "timestamp_unix": 1752216277,
      "timestamp_unix_ms": 1752216277420,
      "timestamp_readable": "2025-07-11 06:44:37.420",
      "normalized_name": "Futurama-Fry/Futurama-Fry",
      "meme_name": "Futurama-Fry",
      "post_id": 45,
      "english_label": "others",
      "response_time_ms": 10305
    },
    {
      "image_path": "attention_check/attention_check_Others.png",
      "label": "其他",
      "response_time": "00:00:02.508",
      "timestamp_unix": 1752216280,
      "timestamp_unix_ms": 1752216280066,
      "timestamp_readable": "2025-07-11 06:44:40.066",
      "normalized_name": "attention_check/attention_check_Others.png",
      "meme_name": "attention_check",
      "post_id": null,
      "english_label": "others",
      "response_time_ms": 2508
    },
    {
      "image_path": "Table-Flip-Guy/Table-Flip-Guy_39.png",
      "label": "憤怒",
      "response_time": "00:00:07.602",
      "timestamp_unix": 1752216287,
      "timestamp_unix_ms": 1752216287739,
      "timestamp_readable": "2025-07-11 06:44:47.739",
      "normalized_name": "Table-Flip-Guy/Table-Flip-Guy",
      "meme_name": "Table-Flip-Guy",
      "post_id": 39,
      "english_label": "anger",
      "response_time_ms": 7602
    },
    {
      "image_path": "Monkey-Puppet/Monkey-Puppet_25.png",
      "label": "輕蔑",
      "response_time": "00:00:06.306",
      "timestamp_unix": 1752216294,
      "timestamp_unix_ms": 1752216294186,
      "timestamp_readable": "2025-07-11 06:44:54.186",
      "normalized_name": "Monkey-Puppet/Monkey-Puppet",
      "meme_name": "Monkey-Puppet",
      "post_id": 25,
      "english_label": "contempt",
      "response_time_ms": 6306
    },
    {
      "image_path": "Gru-Gun/Gru-Gun_15.png",
      "label": "其他",
      "response_time": "00:00:06.503",
      "timestamp_unix": 1752216300,
      "timestamp_unix_ms": 1752216300787,
      "timestamp_readable": "2025-07-11 06:45:00.787",
      "normalized_name": "Gru-Gun/Gru-Gun",
      "meme_name": "Gru-Gun",
      "post_id": 15,
      "english_label": "others",
      "response_time_ms": 6503
    },
    {
      "image_path": "Hide-the-Pain-Harold/Hide-the-Pain-Harold_50.png",
      "label": "輕蔑",
      "response_time": "00:00:08.009",
      "timestamp_unix": 1752216308,
      "timestamp_unix_ms": 1752216308891,
      "timestamp_readable": "2025-07-11 06:45:08.891",
      "normalized_name": "Hide-the-Pain-Harold/Hide-the-Pain-Harold",
      "meme_name": "Hide-the-Pain-Harold",
      "post_id": 50,
      "english_label": "contempt",
      "response_time_ms": 8009
    },
    {
      "image_path": "Ill-Have-You-Know-Spongebob/Ill-Have-You-Know-Spongebob_7.png",
      "label": "輕蔑",
      "response_time": "00:00:03.800",
      "timestamp_unix": 1752216312,
      "timestamp_unix_ms": 1752216312818,
      "timestamp_readable": "2025-07-11 06:45:12.818",
      "normalized_name": "Ill-Have-You-Know-Spongebob/Ill-Have-You-Know-Spongebob",
      "meme_name": "Ill-Have-You-Know-Spongebob",
      "post_id": 7,
      "english_label": "contempt",
      "response_time_ms": 3800
    },
    {
      "image_path": "Mocking-Spongebob/Mocking-Spongebob_46.png",
      "label": "輕蔑",
      "response_time": "00:00:10.804",
      "timestamp_unix": 1752216323,
      "timestamp_unix_ms": 1752216323707,
      "timestamp_readable": "2025-07-11 06:45:23.707",
      "normalized_name": "Mocking-Spongebob/Mocking-Spongebob",
      "meme_name": "Mocking-Spongebob",
      "post_id": 46,
      "english_label": "contempt",
      "response_time_ms": 10804
    },
    {
      "image_path": "Spongebob-Yelling/Spongebob-Yelling_8.png",
      "label": "輕蔑",
      "response_time": "00:00:14.804",
      "timestamp_unix": 1752216338,
      "timestamp_unix_ms": 1752216338630,
      "timestamp_readable": "2025-07-11 06:45:38.630",
      "normalized_name": "Spongebob-Yelling/Spongebob-Yelling",
      "meme_name": "Spongebob-Yelling",
      "post_id": 8,
      "english_label": "contempt",
      "response_time_ms": 14804
    },
    {
      "image_path": "Batman-Slapping-Robin/Batman-Slapping-Robin_48.png",
      "label": "其他",
      "response_time": "00:00:08.406",
      "timestamp_unix": 1752216347,
      "timestamp_unix_ms": 1752216347087,
      "timestamp_readable": "2025-07-11 06:45:47.087",
      "normalized_name": "Batman-Slapping-Robin/Batman-Slapping-Robin",
      "meme_name": "Batman-Slapping-Robin",
      "post_id": 48,
      "english_label": "others",
      "response_time_ms": 8406
    },
    {
      "image_path": "Im-The-Captain-Now/Im-The-Captain-Now_23.png",
      "label": "其他",
      "response_time": "00:00:13.001",
      "timestamp_unix": 1752216360,
      "timestamp_unix_ms": 1752216360139,
      "timestamp_readable": "2025-07-11 06:46:00.139",
      "normalized_name": "Im-The-Captain-Now/Im-The-Captain-Now",
      "meme_name": "Im-The-Captain-Now",
      "post_id": 23,
      "english_label": "others",
      "response_time_ms": 13001
    },
    {
      "image_path": "Nuclear-Explosion/Nuclear-Explosion_30.png",
      "label": "其他",
      "response_time": "00:00:03.801",
      "timestamp_unix": 1752216364,
      "timestamp_unix_ms": 1752216364027,
      "timestamp_readable": "2025-07-11 06:46:04.027",
      "normalized_name": "Nuclear-Explosion/Nuclear-Explosion",
      "meme_name": "Nuclear-Explosion",
      "post_id": 30,
      "english_label": "others",
      "response_time_ms": 3801
    },
    {
      "image_path": "Mr-incredible-mad/Mr-incredible-mad_22.png",
      "label": "厭惡",
      "response_time": "00:00:09.800",
      "timestamp_unix": 1752216373,
      "timestamp_unix_ms": 1752216373921,
      "timestamp_readable": "2025-07-11 06:46:13.921",
      "normalized_name": "Mr-incredible-mad/Mr-incredible-mad",
      "meme_name": "Mr-incredible-mad",
      "post_id": 22,
      "english_label": "disgust",
      "response_time_ms": 9800
    },
    {
      "image_path": "Arthur-Fist/Arthur-Fist_33.png",
      "label": "其他",
      "response_time": "00:00:05.804",
      "timestamp_unix": 1752216379,
      "timestamp_unix_ms": 1752216379794,
      "timestamp_readable": "2025-07-11 06:46:19.794",
      "normalized_name": "Arthur-Fist/Arthur-Fist",
      "meme_name": "Arthur-Fist",
      "post_id": 33,
      "english_label": "others",
      "response_time_ms": 5804
    },
    {
      "image_path": "Black-guy-hiding-behind-tree/Black-guy-hiding-behind-tree_40.png",
      "label": "輕蔑",
      "response_time": "00:00:04.402",
      "timestamp_unix": 1752216384,
      "timestamp_unix_ms": 1752216384341,
      "timestamp_readable": "2025-07-11 06:46:24.341",
      "normalized_name": "Black-guy-hiding-behind-tree/Black-guy-hiding-behind-tree",
      "meme_name": "Black-guy-hiding-behind-tree",
      "post_id": 40,
      "english_label": "contempt",
      "response_time_ms": 4402
    },
    {
      "image_path": "Afraid-To-Ask-Andy/Afraid-To-Ask-Andy_13.png",
      "label": "憤怒",
      "response_time": "00:00:03.614",
      "timestamp_unix": 1752216388,
      "timestamp_unix_ms": 1752216388088,
      "timestamp_readable": "2025-07-11 06:46:28.088",
      "normalized_name": "Afraid-To-Ask-Andy/Afraid-To-Ask-Andy",
      "meme_name": "Afraid-To-Ask-Andy",
      "post_id": 13,
      "english_label": "anger",
      "response_time_ms": 3614
    },
    {
      "image_path": "You-The-Real-MVP/You-The-Real-MVP_36.png",
      "label": "其他",
      "response_time": "00:00:06.801",
      "timestamp_unix": 1752216394,
      "timestamp_unix_ms": 1752216394990,
      "timestamp_readable": "2025-07-11 06:46:34.990",
      "normalized_name": "You-The-Real-MVP/You-The-Real-MVP",
      "meme_name": "You-The-Real-MVP",
      "post_id": 36,
      "english_label": "others",
      "response_time_ms": 6801
    },
    {
      "image_path": "For-the-better-right-blank/For-the-better-right-blank_31.png",
      "label": "其他",
      "response_time": "00:00:07.006",
      "timestamp_unix": 1752216402,
      "timestamp_unix_ms": 1752216402138,
      "timestamp_readable": "2025-07-11 06:46:42.138",
      "normalized_name": "For-the-better-right-blank/For-the-better-right-blank",
      "meme_name": "For-the-better-right-blank",
      "post_id": 31,
      "english_label": "others",
      "response_time_ms": 7006
    },
    {
      "image_path": "Picard-Wtf/Picard-Wtf_3.png",
      "label": "輕蔑",
      "response_time": "00:00:05.505",
      "timestamp_unix": 1752216407,
      "timestamp_unix_ms": 1752216407736,
      "timestamp_readable": "2025-07-11 06:46:47.736",
      "normalized_name": "Picard-Wtf/Picard-Wtf",
      "meme_name": "Picard-Wtf",
      "post_id": 3,
      "english_label": "contempt",
      "response_time_ms": 5505
    },
    {
      "image_path": "Always-you-three/Always-you-three_12.png",
      "label": "其他",
      "response_time": "00:00:05.508",
      "timestamp_unix": 1752216413,
      "timestamp_unix_ms": 1752216413324,
      "timestamp_readable": "2025-07-11 06:46:53.324",
      "normalized_name": "Always-you-three/Always-you-three",
      "meme_name": "Always-you-three",
      "post_id": 12,
      "english_label": "others",
      "response_time_ms": 5508
    },
    {
      "image_path": "Put-It-Somewhere-Else-Patrick/Put-It-Somewhere-Else-Patrick_10.png",
      "label": "輕蔑",
      "response_time": "00:00:07.400",
      "timestamp_unix": 1752216420,
      "timestamp_unix_ms": 1752216420870,
      "timestamp_readable": "2025-07-11 06:47:00.870",
      "normalized_name": "Put-It-Somewhere-Else-Patrick/Put-It-Somewhere-Else-Patrick",
      "meme_name": "Put-It-Somewhere-Else-Patrick",
      "post_id": 10,
      "english_label": "contempt",
      "response_time_ms": 7400
    },
    {
      "image_path": "Dave-chappelle/Dave-chappelle_43.png",
      "label": "其他",
      "response_time": "00:00:07.506",
      "timestamp_unix": 1752216428,
      "timestamp_unix_ms": 1752216428518,
      "timestamp_readable": "2025-07-11 06:47:08.518",
      "normalized_name": "Dave-chappelle/Dave-chappelle",
      "meme_name": "Dave-chappelle",
      "post_id": 43,
      "english_label": "others",
      "response_time_ms": 7506
    },
    {
      "image_path": "Mr-McMahon-reaction/Mr-McMahon-reaction_5.png",
      "label": "其他",
      "response_time": "00:00:11.407",
      "timestamp_unix": 1752216440,
      "timestamp_unix_ms": 1752216440004,
      "timestamp_readable": "2025-07-11 06:47:20.004",
      "normalized_name": "Mr-McMahon-reaction/Mr-McMahon-reaction",
      "meme_name": "Mr-McMahon-reaction",
      "post_id": 5,
      "english_label": "others",
      "response_time_ms": 11407
    },
    {
      "image_path": "Angry-Baby/Angry-Baby_35.png",
      "label": "其他",
      "response_time": "00:00:06.704",
      "timestamp_unix": 1752216446,
      "timestamp_unix_ms": 1752216446789,
      "timestamp_readable": "2025-07-11 06:47:26.789",
      "normalized_name": "Angry-Baby/Angry-Baby",
      "meme_name": "Angry-Baby",
      "post_id": 35,
      "english_label": "others",
      "response_time_ms": 6704
    },
    {
      "image_path": "attention_check/attention_check_Anger.png",
      "label": "憤怒",
      "response_time": "00:00:01.606",
      "timestamp_unix": 1752216448,
      "timestamp_unix_ms": 1752216448488,
      "timestamp_readable": "2025-07-11 06:47:28.488",
      "normalized_name": "attention_check/attention_check_Anger.png",
      "meme_name": "attention_check",
      "post_id": null,
      "english_label": "anger",
      "response_time_ms": 1606
    },
    {
      "image_path": "Kevin-Hart/Kevin-Hart_4.png",
      "label": "厭惡",
      "response_time": "00:00:08.004",
      "timestamp_unix": 1752216456,
      "timestamp_unix_ms": 1752216456605,
      "timestamp_readable": "2025-07-11 06:47:36.605",
      "normalized_name": "Kevin-Hart/Kevin-Hart",
      "meme_name": "Kevin-Hart",
      "post_id": 4,
      "english_label": "disgust",
      "response_time_ms": 8004
    },
    {
      "image_path": "Scooby-doo-mask-reveal/Scooby-doo-mask-reveal_9.png",
      "label": "憤怒",
      "response_time": "00:00:09.306",
      "timestamp_unix": 1752216466,
      "timestamp_unix_ms": 1752216466018,
      "timestamp_readable": "2025-07-11 06:47:46.018",
      "normalized_name": "Scooby-doo-mask-reveal/Scooby-doo-mask-reveal",
      "meme_name": "Scooby-doo-mask-reveal",
      "post_id": 9,
      "english_label": "anger",
      "response_time_ms": 9306
    },
    {
      "image_path": "Confused-Gandalf/Confused-Gandalf_29.png",
      "label": "輕蔑",
      "response_time": "00:00:07.007",
      "timestamp_unix": 1752216473,
      "timestamp_unix_ms": 1752216473108,
      "timestamp_readable": "2025-07-11 06:47:53.108",
      "normalized_name": "Confused-Gandalf/Confused-Gandalf",
      "meme_name": "Confused-Gandalf",
      "post_id": 29,
      "english_label": "contempt",
      "response_time_ms": 7007
    },
    {
      "image_path": "Well-Yes-But-Actually-No/Well-Yes-But-Actually-No_27.png",
      "label": "憤怒",
      "response_time": "00:00:06.501",
      "timestamp_unix": 1752216479,
      "timestamp_unix_ms": 1752216479704,
      "timestamp_readable": "2025-07-11 06:47:59.704",
      "normalized_name": "Well-Yes-But-Actually-No/Well-Yes-But-Actually-No",
      "meme_name": "Well-Yes-But-Actually-No",
      "post_id": 27,
      "english_label": "anger",
      "response_time_ms": 6501
    },
    {
      "image_path": "Disaster-Girl/Disaster-Girl_42.png",
      "label": "輕蔑",
      "response_time": "00:00:08.105",
      "timestamp_unix": 1752216487,
      "timestamp_unix_ms": 1752216487885,
      "timestamp_readable": "2025-07-11 06:48:07.885",
      "normalized_name": "Disaster-Girl/Disaster-Girl",
      "meme_name": "Disaster-Girl",
      "post_id": 42,
      "english_label": "contempt",
      "response_time_ms": 8105
    }
  ],
  "session_start_unix": 1752216040,
  "session_status": "completed",
  "last_updated_unix": 1752216503,
  "image_order": [
    "Spiderman-Hospital/Spiderman-Hospital_20.png",
    "Happy--Shock/Happy--Shock_28.png",
    "Chill-guy/Chill-guy_32.png",
    "I-am-once-again-asking/I-am-once-again-asking_26.png",
    "Math-ladyConfused-lady/Math-ladyConfused-lady_24.png",
    "Archer/Archer_11.png",
    "Leonardo-Dicaprio-Wolf-Of-Wall-Street/Leonardo-Dicaprio-Wolf-Of-Wall-Street_44.png",
    "Mocking-Spongebob/Mocking-Spongebob_46.png",
    "Afraid-To-Ask-Andy/Afraid-To-Ask-Andy_13.png",
    "Charlie-Day/Charlie-Day_17.png",
    "Always-Has-Been/Always-Has-Been_34.png",
    "Picard-Wtf/Picard-Wtf_3.png",
    "Batman-Slapping-Robin/Batman-Slapping-Robin_48.png",
    "For-the-better-right-blank/For-the-better-right-blank_31.png",
    "Drake-NoYes/Drake-NoYes_21.png",
    "Laughing-wolf/Laughing-wolf_18.png",
    "DJ-Pauly-D/DJ-Pauly-D_47.png",
    "Always-you-three/Always-you-three_12.png",
    "Disappointed-Man/Disappointed-Man_38.png",
    "Smudge-the-cat/Smudge-the-cat_19.png",
    "Thats-a-paddlin/Thats-a-paddlin_37.png",
    "Hide-the-Pain-Harold/Hide-the-Pain-Harold_50.png",
    "Hold-fart/Hold-fart_2.png",
    "attention_check/attention_check_Others.png",
    "Im-The-Captain-Now/Im-The-Captain-Now_23.png",
    "Obi-Wan-Kenobi/Obi-Wan-Kenobi_41.png",
    "Spongebob-Yelling/Spongebob-Yelling_8.png",
    "Nuclear-Explosion/Nuclear-Explosion_30.png",
    "Dinkleberg/Dinkleberg_49.png",
    "Scooby-doo-mask-reveal/Scooby-doo-mask-reveal_9.png",
    "Disaster-Girl/Disaster-Girl_42.png",
    "Black-guy-hiding-behind-tree/Black-guy-hiding-behind-tree_40.png",
    "You-The-Real-MVP/You-The-Real-MVP_36.png",
    "Moe-throws-Barney/Moe-throws-Barney_6.png",
    "Ill-Have-You-Know-Spongebob/Ill-Have-You-Know-Spongebob_7.png",
    "Futurama-Fry/Futurama-Fry_45.png",
    "Monkey-Puppet/Monkey-Puppet_25.png",
    "Confused-Gandalf/Confused-Gandalf_29.png",
    "Mr-incredible-mad/Mr-incredible-mad_22.png",
    "Dave-chappelle/Dave-chappelle_43.png",
    "Surprised-Pikachu/Surprised-Pikachu_14.png",
    "Table-Flip-Guy/Table-Flip-Guy_39.png",
    "Kevin-Hart/Kevin-Hart_4.png",
    "Well-Yes-But-Actually-No/Well-Yes-But-Actually-No_27.png",
    "Mr-McMahon-reaction/Mr-McMahon-reaction_5.png",
    "Gru-Gun/Gru-Gun_15.png",
    "attention_check/attention_check_Anger.png",
    "Persian-Cat-Room-Guardian/Persian-Cat-Room-Guardian_16.png",
    "Put-It-Somewhere-Else-Patrick/Put-It-Somewhere-Else-Patrick_10.png",
    "Angry-Baby/Angry-Baby_35.png",
    "Arthur-Fist/Arthur-Fist_33.png",
    "Khan/Khan_1.png"
  ],
  "completion_status": {
    "practice_completed": true,
    "game_started": true,
    "game_completed": true,
    "summary_viewed": true,
    "email_submitted": true
  },
  "timestamps_unix": {
    "registration_completed": 1752216040,
    "practice_started": 1752216040,
    "practice_completed": 1752216081,
    "game_started": 1752216081,
    "first_label": 1752216087,
    "last_label": 1752216487,
    "game_completed": 1752216490,
    "summary_viewed": 1752216490,
    "email_submitted": 1752216503,
    "session_end": 1752216503,
    "last_updated": 1752216503
  },
  "timestamps_unix_ms": {
    "registration_completed_ms": 1752216040605,
    "practice_started_ms": 1752216040670,
    "practice_completed_ms": 1752216081504,
    "game_started_ms": 1752216081508,
    "first_label_ms": 1752216087488,
    "last_label_ms": 1752216487885,
    "game_completed_ms": 1752216490878,
    "summary_viewed_ms": 1752216490883,
    "email_submitted_ms": 1752216503337,
    "session_end_ms": 1752216503337,
    "last_updated_ms": 1752216503337
  },
  "duration_stats_ms": {
    "total_session_duration_ms": 462732,
    "practice_duration_ms": 40834,
    "game_duration_ms": 409370,
    "labeling_duration_ms": 400397,
    "email_submission_duration_ms": 12454
  },
  "filename_updated_unix": 1752216490,
  "original_filename": "user_71b426",
  "completion_status_in_filename": "email_submitted"
}