{
  "user_id": "user_047a85",
  "file_name": "user_047a85_1749734589_1749735076_fullycomplete",
  "unix_start_time": 1749734589,
  "unix_start_time_ms": 1749734589481,
  "unix_end_time": 1749735076,
  "unix_end_time_ms": 1749735076537,
  "age": "30-34",
  "gender": "male",
  "user_agent": "Mozilla/5.0 (Windows NT 10.0; Win64; x64) AppleWebKit/537.36 (KHTML, like Gecko) Chrome/137.0.0.0 Safari/537.36",
  "user_ip": "36.224.83.244",
  "status": "complete",
  "email_provided": "complete",
  "attention_passed": true,
  "start_time_readable": "2025-06-12 13:23:09.481",
  "end_time_readable": "2025-06-12 13:31:16.537",
  "total_labels": 52,
  "emotion_summary": {
    "anger": 17,
    "contempt": 17,
    "disgust": 8,
    "others": 10
  },
  "email": "g29013083@gmail.com",
  "participation": "yes",
  "total_responses": 52,
  "responses": [
    {
      "image_path": "Nuclear-Explosion/Nuclear-Explosion_27.png",
      "label": "憤怒",
      "response_time": "00:00:03.007",
      "timestamp_unix": 1749734658,
      "timestamp_unix_ms": 1749734658397,
      "timestamp_readable": "2025-06-12 13:24:18.397",
      "normalized_name": "Nuclear-Explosion/Nuclear-Explosion",
      "meme_name": "Nuclear-Explosion",
      "post_id": 27,
      "english_label": "anger",
      "response_time_ms": 3007
    },
    {
      "image_path": "Spiderman-Hospital/Spiderman-Hospital_22.png",
      "label": "厭惡",
      "response_time": "00:00:09.909",
      "timestamp_unix": 1749734668,
      "timestamp_unix_ms": 1749734668448,
      "timestamp_readable": "2025-06-12 13:24:28.448",
      "normalized_name": "Spiderman-Hospital/Spiderman-Hospital",
      "meme_name": "Spiderman-Hospital",
      "post_id": 22,
      "english_label": "disgust",
      "response_time_ms": 9909
    },
    {
      "image_path": "DJ-Pauly-D/DJ-Pauly-D_26.png",
      "label": "憤怒",
      "response_time": "00:00:05.507",
      "timestamp_unix": 1749734674,
      "timestamp_unix_ms": 1749734674115,
      "timestamp_readable": "2025-06-12 13:24:34.115",
      "normalized_name": "DJ-Pauly-D/DJ-Pauly-D",
      "meme_name": "DJ-Pauly-D",
      "post_id": 26,
      "english_label": "anger",
      "response_time_ms": 5507
    },
    {
      "image_path": "Laughing-wolf/Laughing-wolf_20.png",
      "label": "輕蔑",
      "response_time": "00:00:05.104",
      "timestamp_unix": 1749734679,
      "timestamp_unix_ms": 1749734679312,
      "timestamp_readable": "2025-06-12 13:24:39.312",
      "normalized_name": "Laughing-wolf/Laughing-wolf",
      "meme_name": "Laughing-wolf",
      "post_id": 20,
      "english_label": "contempt",
      "response_time_ms": 5104
    },
    {
      "image_path": "Monkey-Puppet/Monkey-Puppet_48.png",
      "label": "厭惡",
      "response_time": "00:00:06.102",
      "timestamp_unix": 1749734685,
      "timestamp_unix_ms": 1749734685491,
      "timestamp_readable": "2025-06-12 13:24:45.491",
      "normalized_name": "Monkey-Puppet/Monkey-Puppet",
      "meme_name": "Monkey-Puppet",
      "post_id": 48,
      "english_label": "disgust",
      "response_time_ms": 6102
    },
    {
      "image_path": "Scooby-doo-mask-reveal/Scooby-doo-mask-reveal_31.png",
      "label": "其他",
      "response_time": "00:00:10.106",
      "timestamp_unix": 1749734695,
      "timestamp_unix_ms": 1749734695667,
      "timestamp_readable": "2025-06-12 13:24:55.667",
      "normalized_name": "Scooby-doo-mask-reveal/Scooby-doo-mask-reveal",
      "meme_name": "Scooby-doo-mask-reveal",
      "post_id": 31,
      "english_label": "others",
      "response_time_ms": 10106
    },
    {
      "image_path": "Picard-Wtf/Picard-Wtf_8.png",
      "label": "輕蔑",
      "response_time": "00:00:10.607",
      "timestamp_unix": 1749734706,
      "timestamp_unix_ms": 1749734706383,
      "timestamp_readable": "2025-06-12 13:25:06.383",
      "normalized_name": "Picard-Wtf/Picard-Wtf",
      "meme_name": "Picard-Wtf",
      "post_id": 8,
      "english_label": "contempt",
      "response_time_ms": 10607
    },
    {
      "image_path": "Happy--Shock/Happy--Shock_32.png",
      "label": "其他",
      "response_time": "00:00:11.904",
      "timestamp_unix": 1749734718,
      "timestamp_unix_ms": 1749734718421,
      "timestamp_readable": "2025-06-12 13:25:18.421",
      "normalized_name": "Happy--Shock/Happy--Shock",
      "meme_name": "Happy--Shock",
      "post_id": 32,
      "english_label": "others",
      "response_time_ms": 11904
    },
    {
      "image_path": "Ill-Have-You-Know-Spongebob/Ill-Have-You-Know-Spongebob_41.png",
      "label": "輕蔑",
      "response_time": "00:00:09.213",
      "timestamp_unix": 1749734727,
      "timestamp_unix_ms": 1749734727715,
      "timestamp_readable": "2025-06-12 13:25:27.715",
      "normalized_name": "Ill-Have-You-Know-Spongebob/Ill-Have-You-Know-Spongebob",
      "meme_name": "Ill-Have-You-Know-Spongebob",
      "post_id": 41,
      "english_label": "contempt",
      "response_time_ms": 9213
    },
    {
      "image_path": "Leonardo-Dicaprio-Wolf-Of-Wall-Street/Leonardo-Dicaprio-Wolf-Of-Wall-Street_47.png",
      "label": "輕蔑",
      "response_time": "00:00:04.305",
      "timestamp_unix": 1749734732,
      "timestamp_unix_ms": 1749734732166,
      "timestamp_readable": "2025-06-12 13:25:32.166",
      "normalized_name": "Leonardo-Dicaprio-Wolf-Of-Wall-Street/Leonardo-Dicaprio-Wolf-Of-Wall-Street",
      "meme_name": "Leonardo-Dicaprio-Wolf-Of-Wall-Street",
      "post_id": 47,
      "english_label": "contempt",
      "response_time_ms": 4305
    },
    {
      "image_path": "Angry-Baby/Angry-Baby_45.png",
      "label": "憤怒",
      "response_time": "00:00:11.503",
      "timestamp_unix": 1749734743,
      "timestamp_unix_ms": 1749734743819,
      "timestamp_readable": "2025-06-12 13:25:43.819",
      "normalized_name": "Angry-Baby/Angry-Baby",
      "meme_name": "Angry-Baby",
      "post_id": 45,
      "english_label": "anger",
      "response_time_ms": 11503
    },
    {
      "image_path": "Hide-the-Pain-Harold/Hide-the-Pain-Harold_42.png",
      "label": "輕蔑",
      "response_time": "00:00:06.003",
      "timestamp_unix": 1749734749,
      "timestamp_unix_ms": 1749734749932,
      "timestamp_readable": "2025-06-12 13:25:49.932",
      "normalized_name": "Hide-the-Pain-Harold/Hide-the-Pain-Harold",
      "meme_name": "Hide-the-Pain-Harold",
      "post_id": 42,
      "english_label": "contempt",
      "response_time_ms": 6003
    },
    {
      "image_path": "Kevin-Hart/Kevin-Hart_50.png",
      "label": "其他",
      "response_time": "00:00:19.600",
      "timestamp_unix": 1749734769,
      "timestamp_unix_ms": 1749734769615,
      "timestamp_readable": "2025-06-12 13:26:09.615",
      "normalized_name": "Kevin-Hart/Kevin-Hart",
      "meme_name": "Kevin-Hart",
      "post_id": 50,
      "english_label": "others",
      "response_time_ms": 19600
    },
    {
      "image_path": "You-The-Real-MVP/You-The-Real-MVP_21.png",
      "label": "厭惡",
      "response_time": "00:00:05.707",
      "timestamp_unix": 1749734775,
      "timestamp_unix_ms": 1749734775453,
      "timestamp_readable": "2025-06-12 13:26:15.453",
      "normalized_name": "You-The-Real-MVP/You-The-Real-MVP",
      "meme_name": "You-The-Real-MVP",
      "post_id": 21,
      "english_label": "disgust",
      "response_time_ms": 5707
    },
    {
      "image_path": "Spongebob-Yelling/Spongebob-Yelling_46.png",
      "label": "憤怒",
      "response_time": "00:00:06.103",
      "timestamp_unix": 1749734781,
      "timestamp_unix_ms": 1749734781684,
      "timestamp_readable": "2025-06-12 13:26:21.684",
      "normalized_name": "Spongebob-Yelling/Spongebob-Yelling",
      "meme_name": "Spongebob-Yelling",
      "post_id": 46,
      "english_label": "anger",
      "response_time_ms": 6103
    },
    {
      "image_path": "Disaster-Girl/Disaster-Girl_37.png",
      "label": "憤怒",
      "response_time": "00:00:11.205",
      "timestamp_unix": 1749734793,
      "timestamp_unix_ms": 1749734793051,
      "timestamp_readable": "2025-06-12 13:26:33.051",
      "normalized_name": "Disaster-Girl/Disaster-Girl",
      "meme_name": "Disaster-Girl",
      "post_id": 37,
      "english_label": "anger",
      "response_time_ms": 11205
    },
    {
      "image_path": "Always-you-three/Always-you-three_33.png",
      "label": "其他",
      "response_time": "00:00:04.407",
      "timestamp_unix": 1749734797,
      "timestamp_unix_ms": 1749734797568,
      "timestamp_readable": "2025-06-12 13:26:37.568",
      "normalized_name": "Always-you-three/Always-you-three",
      "meme_name": "Always-you-three",
      "post_id": 33,
      "english_label": "others",
      "response_time_ms": 4407
    },
    {
      "image_path": "Surprised-Pikachu/Surprised-Pikachu_6.png",
      "label": "其他",
      "response_time": "00:00:07.702",
      "timestamp_unix": 1749734805,
      "timestamp_unix_ms": 1749734805421,
      "timestamp_readable": "2025-06-12 13:26:45.421",
      "normalized_name": "Surprised-Pikachu/Surprised-Pikachu",
      "meme_name": "Surprised-Pikachu",
      "post_id": 6,
      "english_label": "others",
      "response_time_ms": 7702
    },
    {
      "image_path": "Table-Flip-Guy/Table-Flip-Guy_10.png",
      "label": "憤怒",
      "response_time": "00:00:04.802",
      "timestamp_unix": 1749734810,
      "timestamp_unix_ms": 1749734810384,
      "timestamp_readable": "2025-06-12 13:26:50.384",
      "normalized_name": "Table-Flip-Guy/Table-Flip-Guy",
      "meme_name": "Table-Flip-Guy",
      "post_id": 10,
      "english_label": "anger",
      "response_time_ms": 4802
    },
    {
      "image_path": "Khan/Khan_17.png",
      "label": "憤怒",
      "response_time": "00:00:03.507",
      "timestamp_unix": 1749734814,
      "timestamp_unix_ms": 1749734814051,
      "timestamp_readable": "2025-06-12 13:26:54.051",
      "normalized_name": "Khan/Khan",
      "meme_name": "Khan",
      "post_id": 17,
      "english_label": "anger",
      "response_time_ms": 3507
    },
    {
      "image_path": "Well-Yes-But-Actually-No/Well-Yes-But-Actually-No_11.png",
      "label": "輕蔑",
      "response_time": "00:00:03.707",
      "timestamp_unix": 1749734817,
      "timestamp_unix_ms": 1749734817886,
      "timestamp_readable": "2025-06-12 13:26:57.886",
      "normalized_name": "Well-Yes-But-Actually-No/Well-Yes-But-Actually-No",
      "meme_name": "Well-Yes-But-Actually-No",
      "post_id": 11,
      "english_label": "contempt",
      "response_time_ms": 3707
    },
    {
      "image_path": "For-the-better-right-blank/For-the-better-right-blank_34.png",
      "label": "厭惡",
      "response_time": "00:00:04.702",
      "timestamp_unix": 1749734822,
      "timestamp_unix_ms": 1749734822716,
      "timestamp_readable": "2025-06-12 13:27:02.716",
      "normalized_name": "For-the-better-right-blank/For-the-better-right-blank",
      "meme_name": "For-the-better-right-blank",
      "post_id": 34,
      "english_label": "disgust",
      "response_time_ms": 4702
    },
    {
      "image_path": "Moe-throws-Barney/Moe-throws-Barney_36.png",
      "label": "厭惡",
      "response_time": "00:00:06.104",
      "timestamp_unix": 1749734828,
      "timestamp_unix_ms": 1749734828967,
      "timestamp_readable": "2025-06-12 13:27:08.967",
      "normalized_name": "Moe-throws-Barney/Moe-throws-Barney",
      "meme_name": "Moe-throws-Barney",
      "post_id": 36,
      "english_label": "disgust",
      "response_time_ms": 6104
    },
    {
      "image_path": "Hold-fart/Hold-fart_24.png",
      "label": "其他",
      "response_time": "00:00:06.807",
      "timestamp_unix": 1749734835,
      "timestamp_unix_ms": 1749734835851,
      "timestamp_readable": "2025-06-12 13:27:15.851",
      "normalized_name": "Hold-fart/Hold-fart",
      "meme_name": "Hold-fart",
      "post_id": 24,
      "english_label": "others",
      "response_time_ms": 6807
    },
    {
      "image_path": "attention_check/attention_check_Anger.png",
      "label": "憤怒",
      "response_time": "00:00:02.106",
      "timestamp_unix": 1749734838,
      "timestamp_unix_ms": 1749734838086,
      "timestamp_readable": "2025-06-12 13:27:18.086",
      "normalized_name": "attention_check/attention_check_Anger.png",
      "meme_name": "attention_check",
      "post_id": null,
      "english_label": "anger",
      "response_time_ms": 2106
    },
    {
      "image_path": "Charlie-Day/Charlie-Day_2.png",
      "label": "輕蔑",
      "response_time": "00:00:09.800",
      "timestamp_unix": 1749734848,
      "timestamp_unix_ms": 1749734848069,
      "timestamp_readable": "2025-06-12 13:27:28.069",
      "normalized_name": "Charlie-Day/Charlie-Day",
      "meme_name": "Charlie-Day",
      "post_id": 2,
      "english_label": "contempt",
      "response_time_ms": 9800
    },
    {
      "image_path": "Batman-Slapping-Robin/Batman-Slapping-Robin_13.png",
      "label": "憤怒",
      "response_time": "00:00:03.105",
      "timestamp_unix": 1749734851,
      "timestamp_unix_ms": 1749734851251,
      "timestamp_readable": "2025-06-12 13:27:31.251",
      "normalized_name": "Batman-Slapping-Robin/Batman-Slapping-Robin",
      "meme_name": "Batman-Slapping-Robin",
      "post_id": 13,
      "english_label": "anger",
      "response_time_ms": 3105
    },
    {
      "image_path": "Persian-Cat-Room-Guardian/Persian-Cat-Room-Guardian_4.png",
      "label": "其他",
      "response_time": "00:00:12.306",
      "timestamp_unix": 1749734863,
      "timestamp_unix_ms": 1749734863650,
      "timestamp_readable": "2025-06-12 13:27:43.650",
      "normalized_name": "Persian-Cat-Room-Guardian/Persian-Cat-Room-Guardian",
      "meme_name": "Persian-Cat-Room-Guardian",
      "post_id": 4,
      "english_label": "others",
      "response_time_ms": 12306
    },
    {
      "image_path": "Obi-Wan-Kenobi/Obi-Wan-Kenobi_9.png",
      "label": "其他",
      "response_time": "00:00:06.906",
      "timestamp_unix": 1749734870,
      "timestamp_unix_ms": 1749734870689,
      "timestamp_readable": "2025-06-12 13:27:50.689",
      "normalized_name": "Obi-Wan-Kenobi/Obi-Wan-Kenobi",
      "meme_name": "Obi-Wan-Kenobi",
      "post_id": 9,
      "english_label": "others",
      "response_time_ms": 6906
    },
    {
      "image_path": "Archer/Archer_12.png",
      "label": "輕蔑",
      "response_time": "00:00:03.407",
      "timestamp_unix": 1749734874,
      "timestamp_unix_ms": 1749734874236,
      "timestamp_readable": "2025-06-12 13:27:54.236",
      "normalized_name": "Archer/Archer",
      "meme_name": "Archer",
      "post_id": 12,
      "english_label": "contempt",
      "response_time_ms": 3407
    },
    {
      "image_path": "Confused-Gandalf/Confused-Gandalf_23.png",
      "label": "憤怒",
      "response_time": "00:00:06.404",
      "timestamp_unix": 1749734880,
      "timestamp_unix_ms": 1749734880767,
      "timestamp_readable": "2025-06-12 13:28:00.767",
      "normalized_name": "Confused-Gandalf/Confused-Gandalf",
      "meme_name": "Confused-Gandalf",
      "post_id": 23,
      "english_label": "anger",
      "response_time_ms": 6404
    },
    {
      "image_path": "Put-It-Somewhere-Else-Patrick/Put-It-Somewhere-Else-Patrick_19.png",
      "label": "憤怒",
      "response_time": "00:00:07.908",
      "timestamp_unix": 1749734888,
      "timestamp_unix_ms": 1749734888735,
      "timestamp_readable": "2025-06-12 13:28:08.735",
      "normalized_name": "Put-It-Somewhere-Else-Patrick/Put-It-Somewhere-Else-Patrick",
      "meme_name": "Put-It-Somewhere-Else-Patrick",
      "post_id": 19,
      "english_label": "anger",
      "response_time_ms": 7908
    },
    {
      "image_path": "Dave-chappelle/Dave-chappelle_3.png",
      "label": "輕蔑",
      "response_time": "00:00:08.103",
      "timestamp_unix": 1749734896,
      "timestamp_unix_ms": 1749734896937,
      "timestamp_readable": "2025-06-12 13:28:16.937",
      "normalized_name": "Dave-chappelle/Dave-chappelle",
      "meme_name": "Dave-chappelle",
      "post_id": 3,
      "english_label": "contempt",
      "response_time_ms": 8103
    },
    {
      "image_path": "Gru-Gun/Gru-Gun_28.png",
      "label": "憤怒",
      "response_time": "00:00:03.900",
      "timestamp_unix": 1749734900,
      "timestamp_unix_ms": 1749734900919,
      "timestamp_readable": "2025-06-12 13:28:20.919",
      "normalized_name": "Gru-Gun/Gru-Gun",
      "meme_name": "Gru-Gun",
      "post_id": 28,
      "english_label": "anger",
      "response_time_ms": 3900
    },
    {
      "image_path": "Dinkleberg/Dinkleberg_1.png",
      "label": "厭惡",
      "response_time": "00:00:04.902",
      "timestamp_unix": 1749734905,
      "timestamp_unix_ms": 1749734905970,
      "timestamp_readable": "2025-06-12 13:28:25.970",
      "normalized_name": "Dinkleberg/Dinkleberg",
      "meme_name": "Dinkleberg",
      "post_id": 1,
      "english_label": "disgust",
      "response_time_ms": 4902
    },
    {
      "image_path": "Black-guy-hiding-behind-tree/Black-guy-hiding-behind-tree_29.png",
      "label": "輕蔑",
      "response_time": "00:00:04.305",
      "timestamp_unix": 1749734910,
      "timestamp_unix_ms": 1749734910327,
      "timestamp_readable": "2025-06-12 13:28:30.327",
      "normalized_name": "Black-guy-hiding-behind-tree/Black-guy-hiding-behind-tree",
      "meme_name": "Black-guy-hiding-behind-tree",
      "post_id": 29,
      "english_label": "contempt",
      "response_time_ms": 4305
    },
    {
      "image_path": "Mocking-Spongebob/Mocking-Spongebob_35.png",
      "label": "輕蔑",
      "response_time": "00:00:03.402",
      "timestamp_unix": 1749734913,
      "timestamp_unix_ms": 1749734913816,
      "timestamp_readable": "2025-06-12 13:28:33.816",
      "normalized_name": "Mocking-Spongebob/Mocking-Spongebob",
      "meme_name": "Mocking-Spongebob",
      "post_id": 35,
      "english_label": "contempt",
      "response_time_ms": 3402
    },
    {
      "image_path": "Disappointed-Man/Disappointed-Man_39.png",
      "label": "輕蔑",
      "response_time": "00:00:05.113",
      "timestamp_unix": 1749734919,
      "timestamp_unix_ms": 1749734919017,
      "timestamp_readable": "2025-06-12 13:28:39.017",
      "normalized_name": "Disappointed-Man/Disappointed-Man",
      "meme_name": "Disappointed-Man",
      "post_id": 39,
      "english_label": "contempt",
      "response_time_ms": 5113
    },
    {
      "image_path": "Always-Has-Been/Always-Has-Been_44.png",
      "label": "憤怒",
      "response_time": "00:00:02.704",
      "timestamp_unix": 1749734921,
      "timestamp_unix_ms": 1749734921849,
      "timestamp_readable": "2025-06-12 13:28:41.849",
      "normalized_name": "Always-Has-Been/Always-Has-Been",
      "meme_name": "Always-Has-Been",
      "post_id": 44,
      "english_label": "anger",
      "response_time_ms": 2704
    },
    {
      "image_path": "Im-The-Captain-Now/Im-The-Captain-Now_5.png",
      "label": "厭惡",
      "response_time": "00:00:07.802",
      "timestamp_unix": 1749734929,
      "timestamp_unix_ms": 1749734929817,
      "timestamp_readable": "2025-06-12 13:28:49.817",
      "normalized_name": "Im-The-Captain-Now/Im-The-Captain-Now",
      "meme_name": "Im-The-Captain-Now",
      "post_id": 5,
      "english_label": "disgust",
      "response_time_ms": 7802
    },
    {
      "image_path": "Arthur-Fist/Arthur-Fist_16.png",
      "label": "輕蔑",
      "response_time": "00:00:07.304",
      "timestamp_unix": 1749734937,
      "timestamp_unix_ms": 1749734937283,
      "timestamp_readable": "2025-06-12 13:28:57.283",
      "normalized_name": "Arthur-Fist/Arthur-Fist",
      "meme_name": "Arthur-Fist",
      "post_id": 16,
      "english_label": "contempt",
      "response_time_ms": 7304
    },
    {
      "image_path": "Drake-NoYes/Drake-NoYes_40.png",
      "label": "輕蔑",
      "response_time": "00:00:11.804",
      "timestamp_unix": 1749734949,
      "timestamp_unix_ms": 1749734949198,
      "timestamp_readable": "2025-06-12 13:29:09.198",
      "normalized_name": "Drake-NoYes/Drake-NoYes",
      "meme_name": "Drake-NoYes",
      "post_id": 40,
      "english_label": "contempt",
      "response_time_ms": 11804
    },
    {
      "image_path": "Futurama-Fry/Futurama-Fry_18.png",
      "label": "輕蔑",
      "response_time": "00:00:05.210",
      "timestamp_unix": 1749734954,
      "timestamp_unix_ms": 1749734954465,
      "timestamp_readable": "2025-06-12 13:29:14.465",
      "normalized_name": "Futurama-Fry/Futurama-Fry",
      "meme_name": "Futurama-Fry",
      "post_id": 18,
      "english_label": "contempt",
      "response_time_ms": 5210
    },
    {
      "image_path": "I-am-once-again-asking/I-am-once-again-asking_7.png",
      "label": "憤怒",
      "response_time": "00:00:02.607",
      "timestamp_unix": 1749734957,
      "timestamp_unix_ms": 1749734957217,
      "timestamp_readable": "2025-06-12 13:29:17.217",
      "normalized_name": "I-am-once-again-asking/I-am-once-again-asking",
      "meme_name": "I-am-once-again-asking",
      "post_id": 7,
      "english_label": "anger",
      "response_time_ms": 2607
    },
    {
      "image_path": "Math-ladyConfused-lady/Math-ladyConfused-lady_30.png",
      "label": "其他",
      "response_time": "00:00:08.913",
      "timestamp_unix": 1749734966,
      "timestamp_unix_ms": 1749734966196,
      "timestamp_readable": "2025-06-12 13:29:26.196",
      "normalized_name": "Math-ladyConfused-lady/Math-ladyConfused-lady",
      "meme_name": "Math-ladyConfused-lady",
      "post_id": 30,
      "english_label": "others",
      "response_time_ms": 8913
    },
    {
      "image_path": "Smudge-the-cat/Smudge-the-cat_14.png",
      "label": "憤怒",
      "response_time": "00:00:02.108",
      "timestamp_unix": 1749734968,
      "timestamp_unix_ms": 1749734968354,
      "timestamp_readable": "2025-06-12 13:29:28.354",
      "normalized_name": "Smudge-the-cat/Smudge-the-cat",
      "meme_name": "Smudge-the-cat",
      "post_id": 14,
      "english_label": "anger",
      "response_time_ms": 2108
    },
    {
      "image_path": "Chill-guy/Chill-guy_38.png",
      "label": "其他",
      "response_time": "00:00:05.105",
      "timestamp_unix": 1749734973,
      "timestamp_unix_ms": 1749734973600,
      "timestamp_readable": "2025-06-12 13:29:33.600",
      "normalized_name": "Chill-guy/Chill-guy",
      "meme_name": "Chill-guy",
      "post_id": 38,
      "english_label": "others",
      "response_time_ms": 5105
    },
    {
      "image_path": "Thats-a-paddlin/Thats-a-paddlin_43.png",
      "label": "憤怒",
      "response_time": "00:00:01.805",
      "timestamp_unix": 1749734975,
      "timestamp_unix_ms": 1749734975534,
      "timestamp_readable": "2025-06-12 13:29:35.534",
      "normalized_name": "Thats-a-paddlin/Thats-a-paddlin",
      "meme_name": "Thats-a-paddlin",
      "post_id": 43,
      "english_label": "anger",
      "response_time_ms": 1805
    },
    {
      "image_path": "Mr-McMahon-reaction/Mr-McMahon-reaction_49.png",
      "label": "輕蔑",
      "response_time": "00:00:15.504",
      "timestamp_unix": 1749734991,
      "timestamp_unix_ms": 1749734991128,
      "timestamp_readable": "2025-06-12 13:29:51.128",
      "normalized_name": "Mr-McMahon-reaction/Mr-McMahon-reaction",
      "meme_name": "Mr-McMahon-reaction",
      "post_id": 49,
      "english_label": "contempt",
      "response_time_ms": 15504
    },
    {
      "image_path": "Mr-incredible-mad/Mr-incredible-mad_25.png",
      "label": "憤怒",
      "response_time": "00:00:20.914",
      "timestamp_unix": 1749735012,
      "timestamp_unix_ms": 1749735012157,
      "timestamp_readable": "2025-06-12 13:30:12.157",
      "normalized_name": "Mr-incredible-mad/Mr-incredible-mad",
      "meme_name": "Mr-incredible-mad",
      "post_id": 25,
      "english_label": "anger",
      "response_time_ms": 20914
    },
    {
      "image_path": "attention_check/attention_check_Disgust.png",
      "label": "厭惡",
      "response_time": "00:00:02.102",
      "timestamp_unix": 1749735014,
      "timestamp_unix_ms": 1749735014403,
      "timestamp_readable": "2025-06-12 13:30:14.403",
      "normalized_name": "attention_check/attention_check_Disgust.png",
      "meme_name": "attention_check",
      "post_id": null,
      "english_label": "disgust",
      "response_time_ms": 2102
    },
    {
      "image_path": "Afraid-To-Ask-Andy/Afraid-To-Ask-Andy_15.png",
      "label": "輕蔑",
      "response_time": "00:00:06.403",
      "timestamp_unix": 1749735020,
      "timestamp_unix_ms": 1749735020967,
      "timestamp_readable": "2025-06-12 13:30:20.967",
      "normalized_name": "Afraid-To-Ask-Andy/Afraid-To-Ask-Andy",
      "meme_name": "Afraid-To-Ask-Andy",
      "post_id": 15,
      "english_label": "contempt",
      "response_time_ms": 6403
    }
  ],
  "session_start_unix": 1749734589,
  "session_status": "completed",
  "last_updated_unix": 1749735076,
  "image_order": [
    "Spiderman-Hospital/Spiderman-Hospital_22.png",
    "Happy--Shock/Happy--Shock_32.png",
    "Chill-guy/Chill-guy_38.png",
    "I-am-once-again-asking/I-am-once-again-asking_7.png",
    "Math-ladyConfused-lady/Math-ladyConfused-lady_30.png",
    "Archer/Archer_12.png",
    "Leonardo-Dicaprio-Wolf-Of-Wall-Street/Leonardo-Dicaprio-Wolf-Of-Wall-Street_47.png",
    "Mocking-Spongebob/Mocking-Spongebob_35.png",
    "Afraid-To-Ask-Andy/Afraid-To-Ask-Andy_15.png",
    "Charlie-Day/Charlie-Day_2.png",
    "Always-Has-Been/Always-Has-Been_44.png",
    "Picard-Wtf/Picard-Wtf_8.png",
    "Batman-Slapping-Robin/Batman-Slapping-Robin_13.png",
    "For-the-better-right-blank/For-the-better-right-blank_34.png",
    "Drake-NoYes/Drake-NoYes_40.png",
    "Laughing-wolf/Laughing-wolf_20.png",
    "DJ-Pauly-D/DJ-Pauly-D_26.png",
    "Always-you-three/Always-you-three_33.png",
    "Disappointed-Man/Disappointed-Man_39.png",
    "Smudge-the-cat/Smudge-the-cat_14.png",
    "Thats-a-paddlin/Thats-a-paddlin_43.png",
    "Hide-the-Pain-Harold/Hide-the-Pain-Harold_42.png",
    "Hold-fart/Hold-fart_24.png",
    "Im-The-Captain-Now/Im-The-Captain-Now_5.png",
    "attention_check/attention_check_Anger.png",
    "Obi-Wan-Kenobi/Obi-Wan-Kenobi_9.png",
    "Spongebob-Yelling/Spongebob-Yelling_46.png",
    "Nuclear-Explosion/Nuclear-Explosion_27.png",
    "Dinkleberg/Dinkleberg_1.png",
    "Scooby-doo-mask-reveal/Scooby-doo-mask-reveal_31.png",
    "Disaster-Girl/Disaster-Girl_37.png",
    "Black-guy-hiding-behind-tree/Black-guy-hiding-behind-tree_29.png",
    "You-The-Real-MVP/You-The-Real-MVP_21.png",
    "Moe-throws-Barney/Moe-throws-Barney_36.png",
    "Ill-Have-You-Know-Spongebob/Ill-Have-You-Know-Spongebob_41.png",
    "Futurama-Fry/Futurama-Fry_18.png",
    "Monkey-Puppet/Monkey-Puppet_48.png",
    "Confused-Gandalf/Confused-Gandalf_23.png",
    "Mr-incredible-mad/Mr-incredible-mad_25.png",
    "Dave-chappelle/Dave-chappelle_3.png",
    "Surprised-Pikachu/Surprised-Pikachu_6.png",
    "Table-Flip-Guy/Table-Flip-Guy_10.png",
    "Kevin-Hart/Kevin-Hart_50.png",
    "Well-Yes-But-Actually-No/Well-Yes-But-Actually-No_11.png",
    "Mr-McMahon-reaction/Mr-McMahon-reaction_49.png",
    "Gru-Gun/Gru-Gun_28.png",
    "Persian-Cat-Room-Guardian/Persian-Cat-Room-Guardian_4.png",
    "Put-It-Somewhere-Else-Patrick/Put-It-Somewhere-Else-Patrick_19.png",
    "Angry-Baby/Angry-Baby_45.png",
    "Arthur-Fist/Arthur-Fist_16.png",
    "attention_check/attention_check_Disgust.png",
    "Khan/Khan_17.png"
  ],
  "completion_status": {
    "practice_completed": true,
    "game_started": true,
    "game_completed": true,
    "summary_viewed": true,
    "email_submitted": true
  },
  "timestamps_unix": {
    "registration_completed": 1749734589,
    "practice_started": 1749734589,
    "practice_completed": 1749734655,
    "game_started": 1749734655,
    "first_label": 1749734658,
    "last_label": 1749735020,
    "game_completed": 1749735023,
    "summary_viewed": 1749735023,
    "email_submitted": 1749735076,
    "session_end": 1749735076,
    "last_updated": 1749735076
  },
  "timestamps_unix_ms": {
    "registration_completed_ms": 1749734589481,
    "practice_started_ms": 1749734589530,
    "practice_completed_ms": 1749734655221,
    "game_started_ms": 1749734655235,
    "first_label_ms": 1749734658397,
    "last_label_ms": 1749735020967,
    "game_completed_ms": 1749735023727,
    "summary_viewed_ms": 1749735023744,
    "email_submitted_ms": 1749735076523,
    "session_end_ms": 1749735076523,
    "last_updated_ms": 1749735076523
  },
  "duration_stats_ms": {
    "total_session_duration_ms": 487042,
    "practice_duration_ms": 65691,
    "game_duration_ms": 368492,
    "labeling_duration_ms": 362570,
    "email_submission_duration_ms": 52779
  },
  "filename_updated_unix": 1749735023,
  "original_filename": "user_047a85",
  "completion_status_in_filename": "email_submitted"
}