{
  "user_id": "user_4faf0f",
  "file_name": "user_4faf0f_1750053272_1750053590_fullycomplete",
  "unix_start_time": 1750053272,
  "unix_start_time_ms": 1750053272793,
  "unix_end_time": 1750053590,
  "unix_end_time_ms": 1750053590945,
  "age": "35-39",
  "gender": "male",
  "user_agent": "Mozilla/5.0 (Windows NT 10.0; Win64; x64) AppleWebKit/537.36 (KHTML, like Gecko) Chrome/137.0.0.0 Safari/537.36",
  "user_ip": "114.24.138.52",
  "status": "complete",
  "email_provided": "complete",
  "attention_passed": true,
  "start_time_readable": "2025-06-16 05:54:32.793",
  "end_time_readable": "2025-06-16 05:59:50.945",
  "total_labels": 52,
  "emotion_summary": {
    "anger": 8,
    "contempt": 15,
    "disgust": 6,
    "others": 23
  },
  "email": "eliot690@gmail.com",
  "participation": "no",
  "total_responses": 52,
  "responses": [
    {
      "image_path": "Nuclear-Explosion/Nuclear-Explosion_14.png",
      "label": "憤怒",
      "response_time": "00:00:06.004",
      "timestamp_unix": 1750053323,
      "timestamp_unix_ms": 1750053323193,
      "timestamp_readable": "2025-06-16 05:55:23.193",
      "normalized_name": "Nuclear-Explosion/Nuclear-Explosion",
      "meme_name": "Nuclear-Explosion",
      "post_id": 14,
      "english_label": "anger",
      "response_time_ms": 6004
    },
    {
      "image_path": "Always-you-three/Always-you-three_50.png",
      "label": "其他",
      "response_time": "00:00:13.914",
      "timestamp_unix": 1750053337,
      "timestamp_unix_ms": 1750053337217,
      "timestamp_readable": "2025-06-16 05:55:37.217",
      "normalized_name": "Always-you-three/Always-you-three",
      "meme_name": "Always-you-three",
      "post_id": 50,
      "english_label": "others",
      "response_time_ms": 13914
    },
    {
      "image_path": "DJ-Pauly-D/DJ-Pauly-D_20.png",
      "label": "憤怒",
      "response_time": "00:00:05.107",
      "timestamp_unix": 1750053342,
      "timestamp_unix_ms": 1750053342405,
      "timestamp_readable": "2025-06-16 05:55:42.405",
      "normalized_name": "DJ-Pauly-D/DJ-Pauly-D",
      "meme_name": "DJ-Pauly-D",
      "post_id": 20,
      "english_label": "anger",
      "response_time_ms": 5107
    },
    {
      "image_path": "Laughing-wolf/Laughing-wolf_25.png",
      "label": "輕蔑",
      "response_time": "00:00:02.906",
      "timestamp_unix": 1750053345,
      "timestamp_unix_ms": 1750053345398,
      "timestamp_readable": "2025-06-16 05:55:45.398",
      "normalized_name": "Laughing-wolf/Laughing-wolf",
      "meme_name": "Laughing-wolf",
      "post_id": 25,
      "english_label": "contempt",
      "response_time_ms": 2906
    },
    {
      "image_path": "Angry-Baby/Angry-Baby_27.png",
      "label": "憤怒",
      "response_time": "00:00:06.906",
      "timestamp_unix": 1750053352,
      "timestamp_unix_ms": 1750053352425,
      "timestamp_readable": "2025-06-16 05:55:52.425",
      "normalized_name": "Angry-Baby/Angry-Baby",
      "meme_name": "Angry-Baby",
      "post_id": 27,
      "english_label": "anger",
      "response_time_ms": 6906
    },
    {
      "image_path": "Mocking-Spongebob/Mocking-Spongebob_26.png",
      "label": "其他",
      "response_time": "00:00:03.500",
      "timestamp_unix": 1750053356,
      "timestamp_unix_ms": 1750053356049,
      "timestamp_readable": "2025-06-16 05:55:56.049",
      "normalized_name": "Mocking-Spongebob/Mocking-Spongebob",
      "meme_name": "Mocking-Spongebob",
      "post_id": 26,
      "english_label": "others",
      "response_time_ms": 3500
    },
    {
      "image_path": "Batman-Slapping-Robin/Batman-Slapping-Robin_16.png",
      "label": "厭惡",
      "response_time": "00:00:13.503",
      "timestamp_unix": 1750053369,
      "timestamp_unix_ms": 1750053369661,
      "timestamp_readable": "2025-06-16 05:56:09.661",
      "normalized_name": "Batman-Slapping-Robin/Batman-Slapping-Robin",
      "meme_name": "Batman-Slapping-Robin",
      "post_id": 16,
      "english_label": "disgust",
      "response_time_ms": 13503
    },
    {
      "image_path": "Table-Flip-Guy/Table-Flip-Guy_35.png",
      "label": "憤怒",
      "response_time": "00:00:04.207",
      "timestamp_unix": 1750053373,
      "timestamp_unix_ms": 1750053373978,
      "timestamp_readable": "2025-06-16 05:56:13.978",
      "normalized_name": "Table-Flip-Guy/Table-Flip-Guy",
      "meme_name": "Table-Flip-Guy",
      "post_id": 35,
      "english_label": "anger",
      "response_time_ms": 4207
    },
    {
      "image_path": "Spiderman-Hospital/Spiderman-Hospital_31.png",
      "label": "其他",
      "response_time": "00:00:03.002",
      "timestamp_unix": 1750053377,
      "timestamp_unix_ms": 1750053377066,
      "timestamp_readable": "2025-06-16 05:56:17.066",
      "normalized_name": "Spiderman-Hospital/Spiderman-Hospital",
      "meme_name": "Spiderman-Hospital",
      "post_id": 31,
      "english_label": "others",
      "response_time_ms": 3002
    },
    {
      "image_path": "Put-It-Somewhere-Else-Patrick/Put-It-Somewhere-Else-Patrick_17.png",
      "label": "其他",
      "response_time": "00:00:03.513",
      "timestamp_unix": 1750053380,
      "timestamp_unix_ms": 1750053380629,
      "timestamp_readable": "2025-06-16 05:56:20.629",
      "normalized_name": "Put-It-Somewhere-Else-Patrick/Put-It-Somewhere-Else-Patrick",
      "meme_name": "Put-It-Somewhere-Else-Patrick",
      "post_id": 17,
      "english_label": "others",
      "response_time_ms": 3513
    },
    {
      "image_path": "Im-The-Captain-Now/Im-The-Captain-Now_3.png",
      "label": "其他",
      "response_time": "00:00:06.807",
      "timestamp_unix": 1750053387,
      "timestamp_unix_ms": 1750053387582,
      "timestamp_readable": "2025-06-16 05:56:27.582",
      "normalized_name": "Im-The-Captain-Now/Im-The-Captain-Now",
      "meme_name": "Im-The-Captain-Now",
      "post_id": 3,
      "english_label": "others",
      "response_time_ms": 6807
    },
    {
      "image_path": "Moe-throws-Barney/Moe-throws-Barney_46.png",
      "label": "輕蔑",
      "response_time": "00:00:10.313",
      "timestamp_unix": 1750053398,
      "timestamp_unix_ms": 1750053398033,
      "timestamp_readable": "2025-06-16 05:56:38.033",
      "normalized_name": "Moe-throws-Barney/Moe-throws-Barney",
      "meme_name": "Moe-throws-Barney",
      "post_id": 46,
      "english_label": "contempt",
      "response_time_ms": 10313
    },
    {
      "image_path": "Charlie-Day/Charlie-Day_34.png",
      "label": "其他",
      "response_time": "00:00:05.406",
      "timestamp_unix": 1750053403,
      "timestamp_unix_ms": 1750053403545,
      "timestamp_readable": "2025-06-16 05:56:43.545",
      "normalized_name": "Charlie-Day/Charlie-Day",
      "meme_name": "Charlie-Day",
      "post_id": 34,
      "english_label": "others",
      "response_time_ms": 5406
    },
    {
      "image_path": "Scooby-doo-mask-reveal/Scooby-doo-mask-reveal_9.png",
      "label": "輕蔑",
      "response_time": "00:00:07.401",
      "timestamp_unix": 1750053411,
      "timestamp_unix_ms": 1750053411013,
      "timestamp_readable": "2025-06-16 05:56:51.013",
      "normalized_name": "Scooby-doo-mask-reveal/Scooby-doo-mask-reveal",
      "meme_name": "Scooby-doo-mask-reveal",
      "post_id": 9,
      "english_label": "contempt",
      "response_time_ms": 7401
    },
    {
      "image_path": "Hide-the-Pain-Harold/Hide-the-Pain-Harold_42.png",
      "label": "輕蔑",
      "response_time": "00:00:04.913",
      "timestamp_unix": 1750053415,
      "timestamp_unix_ms": 1750053415981,
      "timestamp_readable": "2025-06-16 05:56:55.981",
      "normalized_name": "Hide-the-Pain-Harold/Hide-the-Pain-Harold",
      "meme_name": "Hide-the-Pain-Harold",
      "post_id": 42,
      "english_label": "contempt",
      "response_time_ms": 4913
    },
    {
      "image_path": "Thats-a-paddlin/Thats-a-paddlin_47.png",
      "label": "其他",
      "response_time": "00:00:04.009",
      "timestamp_unix": 1750053420,
      "timestamp_unix_ms": 1750053420113,
      "timestamp_readable": "2025-06-16 05:57:00.113",
      "normalized_name": "Thats-a-paddlin/Thats-a-paddlin",
      "meme_name": "Thats-a-paddlin",
      "post_id": 47,
      "english_label": "others",
      "response_time_ms": 4009
    },
    {
      "image_path": "Picard-Wtf/Picard-Wtf_40.png",
      "label": "輕蔑",
      "response_time": "00:00:03.609",
      "timestamp_unix": 1750053423,
      "timestamp_unix_ms": 1750053423801,
      "timestamp_readable": "2025-06-16 05:57:03.801",
      "normalized_name": "Picard-Wtf/Picard-Wtf",
      "meme_name": "Picard-Wtf",
      "post_id": 40,
      "english_label": "contempt",
      "response_time_ms": 3609
    },
    {
      "image_path": "Hold-fart/Hold-fart_1.png",
      "label": "其他",
      "response_time": "00:00:03.810",
      "timestamp_unix": 1750053427,
      "timestamp_unix_ms": 1750053427682,
      "timestamp_readable": "2025-06-16 05:57:07.682",
      "normalized_name": "Hold-fart/Hold-fart",
      "meme_name": "Hold-fart",
      "post_id": 1,
      "english_label": "others",
      "response_time_ms": 3810
    },
    {
      "image_path": "Surprised-Pikachu/Surprised-Pikachu_37.png",
      "label": "其他",
      "response_time": "00:00:03.907",
      "timestamp_unix": 1750053431,
      "timestamp_unix_ms": 1750053431666,
      "timestamp_readable": "2025-06-16 05:57:11.666",
      "normalized_name": "Surprised-Pikachu/Surprised-Pikachu",
      "meme_name": "Surprised-Pikachu",
      "post_id": 37,
      "english_label": "others",
      "response_time_ms": 3907
    },
    {
      "image_path": "Mr-incredible-mad/Mr-incredible-mad_48.png",
      "label": "其他",
      "response_time": "00:00:08.408",
      "timestamp_unix": 1750053440,
      "timestamp_unix_ms": 1750053440162,
      "timestamp_readable": "2025-06-16 05:57:20.162",
      "normalized_name": "Mr-incredible-mad/Mr-incredible-mad",
      "meme_name": "Mr-incredible-mad",
      "post_id": 48,
      "english_label": "others",
      "response_time_ms": 8408
    },
    {
      "image_path": "attention_check/attention_check_Others.png",
      "label": "其他",
      "response_time": "00:00:03.300",
      "timestamp_unix": 1750053443,
      "timestamp_unix_ms": 1750053443585,
      "timestamp_readable": "2025-06-16 05:57:23.585",
      "normalized_name": "attention_check/attention_check_Others.png",
      "meme_name": "attention_check",
      "post_id": null,
      "english_label": "others",
      "response_time_ms": 3300
    },
    {
      "image_path": "Leonardo-Dicaprio-Wolf-Of-Wall-Street/Leonardo-Dicaprio-Wolf-Of-Wall-Street_10.png",
      "label": "輕蔑",
      "response_time": "00:00:04.003",
      "timestamp_unix": 1750053447,
      "timestamp_unix_ms": 1750053447654,
      "timestamp_readable": "2025-06-16 05:57:27.654",
      "normalized_name": "Leonardo-Dicaprio-Wolf-Of-Wall-Street/Leonardo-Dicaprio-Wolf-Of-Wall-Street",
      "meme_name": "Leonardo-Dicaprio-Wolf-Of-Wall-Street",
      "post_id": 10,
      "english_label": "contempt",
      "response_time_ms": 4003
    },
    {
      "image_path": "Monkey-Puppet/Monkey-Puppet_45.png",
      "label": "輕蔑",
      "response_time": "00:00:03.909",
      "timestamp_unix": 1750053451,
      "timestamp_unix_ms": 1750053451673,
      "timestamp_readable": "2025-06-16 05:57:31.673",
      "normalized_name": "Monkey-Puppet/Monkey-Puppet",
      "meme_name": "Monkey-Puppet",
      "post_id": 45,
      "english_label": "contempt",
      "response_time_ms": 3909
    },
    {
      "image_path": "Arthur-Fist/Arthur-Fist_44.png",
      "label": "憤怒",
      "response_time": "00:00:04.706",
      "timestamp_unix": 1750053456,
      "timestamp_unix_ms": 1750053456493,
      "timestamp_readable": "2025-06-16 05:57:36.493",
      "normalized_name": "Arthur-Fist/Arthur-Fist",
      "meme_name": "Arthur-Fist",
      "post_id": 44,
      "english_label": "anger",
      "response_time_ms": 4706
    },
    {
      "image_path": "Drake-NoYes/Drake-NoYes_23.png",
      "label": "輕蔑",
      "response_time": "00:00:05.100",
      "timestamp_unix": 1750053461,
      "timestamp_unix_ms": 1750053461682,
      "timestamp_readable": "2025-06-16 05:57:41.682",
      "normalized_name": "Drake-NoYes/Drake-NoYes",
      "meme_name": "Drake-NoYes",
      "post_id": 23,
      "english_label": "contempt",
      "response_time_ms": 5100
    },
    {
      "image_path": "I-am-once-again-asking/I-am-once-again-asking_18.png",
      "label": "厭惡",
      "response_time": "00:00:09.412",
      "timestamp_unix": 1750053471,
      "timestamp_unix_ms": 1750053471218,
      "timestamp_readable": "2025-06-16 05:57:51.218",
      "normalized_name": "I-am-once-again-asking/I-am-once-again-asking",
      "meme_name": "I-am-once-again-asking",
      "post_id": 18,
      "english_label": "disgust",
      "response_time_ms": 9412
    },
    {
      "image_path": "Smudge-the-cat/Smudge-the-cat_28.png",
      "label": "厭惡",
      "response_time": "00:00:03.106",
      "timestamp_unix": 1750053474,
      "timestamp_unix_ms": 1750053474409,
      "timestamp_readable": "2025-06-16 05:57:54.409",
      "normalized_name": "Smudge-the-cat/Smudge-the-cat",
      "meme_name": "Smudge-the-cat",
      "post_id": 28,
      "english_label": "disgust",
      "response_time_ms": 3106
    },
    {
      "image_path": "You-The-Real-MVP/You-The-Real-MVP_39.png",
      "label": "其他",
      "response_time": "00:00:02.203",
      "timestamp_unix": 1750053476,
      "timestamp_unix_ms": 1750053476717,
      "timestamp_readable": "2025-06-16 05:57:56.717",
      "normalized_name": "You-The-Real-MVP/You-The-Real-MVP",
      "meme_name": "You-The-Real-MVP",
      "post_id": 39,
      "english_label": "others",
      "response_time_ms": 2203
    },
    {
      "image_path": "For-the-better-right-blank/For-the-better-right-blank_33.png",
      "label": "其他",
      "response_time": "00:00:08.803",
      "timestamp_unix": 1750053485,
      "timestamp_unix_ms": 1750053485657,
      "timestamp_readable": "2025-06-16 05:58:05.657",
      "normalized_name": "For-the-better-right-blank/For-the-better-right-blank",
      "meme_name": "For-the-better-right-blank",
      "post_id": 33,
      "english_label": "others",
      "response_time_ms": 8803
    },
    {
      "image_path": "Confused-Gandalf/Confused-Gandalf_29.png",
      "label": "其他",
      "response_time": "00:00:03.106",
      "timestamp_unix": 1750053488,
      "timestamp_unix_ms": 1750053488902,
      "timestamp_readable": "2025-06-16 05:58:08.902",
      "normalized_name": "Confused-Gandalf/Confused-Gandalf",
      "meme_name": "Confused-Gandalf",
      "post_id": 29,
      "english_label": "others",
      "response_time_ms": 3106
    },
    {
      "image_path": "Gru-Gun/Gru-Gun_32.png",
      "label": "其他",
      "response_time": "00:00:01.802",
      "timestamp_unix": 1750053490,
      "timestamp_unix_ms": 1750053490854,
      "timestamp_readable": "2025-06-16 05:58:10.854",
      "normalized_name": "Gru-Gun/Gru-Gun",
      "meme_name": "Gru-Gun",
      "post_id": 32,
      "english_label": "others",
      "response_time_ms": 1802
    },
    {
      "image_path": "Persian-Cat-Room-Guardian/Persian-Cat-Room-Guardian_15.png",
      "label": "其他",
      "response_time": "00:00:08.400",
      "timestamp_unix": 1750053499,
      "timestamp_unix_ms": 1750053499357,
      "timestamp_readable": "2025-06-16 05:58:19.357",
      "normalized_name": "Persian-Cat-Room-Guardian/Persian-Cat-Room-Guardian",
      "meme_name": "Persian-Cat-Room-Guardian",
      "post_id": 15,
      "english_label": "others",
      "response_time_ms": 8400
    },
    {
      "image_path": "Dave-chappelle/Dave-chappelle_41.png",
      "label": "其他",
      "response_time": "00:00:02.405",
      "timestamp_unix": 1750053501,
      "timestamp_unix_ms": 1750053501833,
      "timestamp_readable": "2025-06-16 05:58:21.833",
      "normalized_name": "Dave-chappelle/Dave-chappelle",
      "meme_name": "Dave-chappelle",
      "post_id": 41,
      "english_label": "others",
      "response_time_ms": 2405
    },
    {
      "image_path": "Always-Has-Been/Always-Has-Been_24.png",
      "label": "厭惡",
      "response_time": "00:00:06.609",
      "timestamp_unix": 1750053508,
      "timestamp_unix_ms": 1750053508545,
      "timestamp_readable": "2025-06-16 05:58:28.545",
      "normalized_name": "Always-Has-Been/Always-Has-Been",
      "meme_name": "Always-Has-Been",
      "post_id": 24,
      "english_label": "disgust",
      "response_time_ms": 6609
    },
    {
      "image_path": "Khan/Khan_38.png",
      "label": "憤怒",
      "response_time": "00:00:02.104",
      "timestamp_unix": 1750053510,
      "timestamp_unix_ms": 1750053510757,
      "timestamp_readable": "2025-06-16 05:58:30.757",
      "normalized_name": "Khan/Khan",
      "meme_name": "Khan",
      "post_id": 38,
      "english_label": "anger",
      "response_time_ms": 2104
    },
    {
      "image_path": "Spongebob-Yelling/Spongebob-Yelling_12.png",
      "label": "憤怒",
      "response_time": "00:00:03.007",
      "timestamp_unix": 1750053513,
      "timestamp_unix_ms": 1750053513841,
      "timestamp_readable": "2025-06-16 05:58:33.841",
      "normalized_name": "Spongebob-Yelling/Spongebob-Yelling",
      "meme_name": "Spongebob-Yelling",
      "post_id": 12,
      "english_label": "anger",
      "response_time_ms": 3007
    },
    {
      "image_path": "Futurama-Fry/Futurama-Fry_43.png",
      "label": "輕蔑",
      "response_time": "00:00:01.804",
      "timestamp_unix": 1750053515,
      "timestamp_unix_ms": 1750053515762,
      "timestamp_readable": "2025-06-16 05:58:35.762",
      "normalized_name": "Futurama-Fry/Futurama-Fry",
      "meme_name": "Futurama-Fry",
      "post_id": 43,
      "english_label": "contempt",
      "response_time_ms": 1804
    },
    {
      "image_path": "Dinkleberg/Dinkleberg_8.png",
      "label": "輕蔑",
      "response_time": "00:00:01.301",
      "timestamp_unix": 1750053517,
      "timestamp_unix_ms": 1750053517210,
      "timestamp_readable": "2025-06-16 05:58:37.210",
      "normalized_name": "Dinkleberg/Dinkleberg",
      "meme_name": "Dinkleberg",
      "post_id": 8,
      "english_label": "contempt",
      "response_time_ms": 1301
    },
    {
      "image_path": "Well-Yes-But-Actually-No/Well-Yes-But-Actually-No_6.png",
      "label": "其他",
      "response_time": "00:00:08.916",
      "timestamp_unix": 1750053526,
      "timestamp_unix_ms": 1750053526254,
      "timestamp_readable": "2025-06-16 05:58:46.254",
      "normalized_name": "Well-Yes-But-Actually-No/Well-Yes-But-Actually-No",
      "meme_name": "Well-Yes-But-Actually-No",
      "post_id": 6,
      "english_label": "others",
      "response_time_ms": 8916
    },
    {
      "image_path": "Mr-McMahon-reaction/Mr-McMahon-reaction_2.png",
      "label": "輕蔑",
      "response_time": "00:00:05.809",
      "timestamp_unix": 1750053532,
      "timestamp_unix_ms": 1750053532153,
      "timestamp_readable": "2025-06-16 05:58:52.153",
      "normalized_name": "Mr-McMahon-reaction/Mr-McMahon-reaction",
      "meme_name": "Mr-McMahon-reaction",
      "post_id": 2,
      "english_label": "contempt",
      "response_time_ms": 5809
    },
    {
      "image_path": "Obi-Wan-Kenobi/Obi-Wan-Kenobi_30.png",
      "label": "其他",
      "response_time": "00:00:03.201",
      "timestamp_unix": 1750053535,
      "timestamp_unix_ms": 1750053535457,
      "timestamp_readable": "2025-06-16 05:58:55.457",
      "normalized_name": "Obi-Wan-Kenobi/Obi-Wan-Kenobi",
      "meme_name": "Obi-Wan-Kenobi",
      "post_id": 30,
      "english_label": "others",
      "response_time_ms": 3201
    },
    {
      "image_path": "Ill-Have-You-Know-Spongebob/Ill-Have-You-Know-Spongebob_5.png",
      "label": "厭惡",
      "response_time": "00:00:04.423",
      "timestamp_unix": 1750053539,
      "timestamp_unix_ms": 1750053539986,
      "timestamp_readable": "2025-06-16 05:58:59.986",
      "normalized_name": "Ill-Have-You-Know-Spongebob/Ill-Have-You-Know-Spongebob",
      "meme_name": "Ill-Have-You-Know-Spongebob",
      "post_id": 5,
      "english_label": "disgust",
      "response_time_ms": 4423
    },
    {
      "image_path": "Black-guy-hiding-behind-tree/Black-guy-hiding-behind-tree_19.png",
      "label": "其他",
      "response_time": "00:00:01.904",
      "timestamp_unix": 1750053542,
      "timestamp_unix_ms": 1750053542014,
      "timestamp_readable": "2025-06-16 05:59:02.014",
      "normalized_name": "Black-guy-hiding-behind-tree/Black-guy-hiding-behind-tree",
      "meme_name": "Black-guy-hiding-behind-tree",
      "post_id": 19,
      "english_label": "others",
      "response_time_ms": 1904
    },
    {
      "image_path": "Math-ladyConfused-lady/Math-ladyConfused-lady_36.png",
      "label": "其他",
      "response_time": "00:00:03.600",
      "timestamp_unix": 1750053545,
      "timestamp_unix_ms": 1750053545714,
      "timestamp_readable": "2025-06-16 05:59:05.714",
      "normalized_name": "Math-ladyConfused-lady/Math-ladyConfused-lady",
      "meme_name": "Math-ladyConfused-lady",
      "post_id": 36,
      "english_label": "others",
      "response_time_ms": 3600
    },
    {
      "image_path": "Afraid-To-Ask-Andy/Afraid-To-Ask-Andy_7.png",
      "label": "其他",
      "response_time": "00:00:03.202",
      "timestamp_unix": 1750053549,
      "timestamp_unix_ms": 1750053549054,
      "timestamp_readable": "2025-06-16 05:59:09.054",
      "normalized_name": "Afraid-To-Ask-Andy/Afraid-To-Ask-Andy",
      "meme_name": "Afraid-To-Ask-Andy",
      "post_id": 7,
      "english_label": "others",
      "response_time_ms": 3202
    },
    {
      "image_path": "attention_check/attention_check_Contempt.png",
      "label": "輕蔑",
      "response_time": "00:00:03.200",
      "timestamp_unix": 1750053552,
      "timestamp_unix_ms": 1750053552394,
      "timestamp_readable": "2025-06-16 05:59:12.394",
      "normalized_name": "attention_check/attention_check_Contempt.png",
      "meme_name": "attention_check",
      "post_id": null,
      "english_label": "contempt",
      "response_time_ms": 3200
    },
    {
      "image_path": "Happy--Shock/Happy--Shock_49.png",
      "label": "輕蔑",
      "response_time": "00:00:04.003",
      "timestamp_unix": 1750053556,
      "timestamp_unix_ms": 1750053556538,
      "timestamp_readable": "2025-06-16 05:59:16.538",
      "normalized_name": "Happy--Shock/Happy--Shock",
      "meme_name": "Happy--Shock",
      "post_id": 49,
      "english_label": "contempt",
      "response_time_ms": 4003
    },
    {
      "image_path": "Disappointed-Man/Disappointed-Man_4.png",
      "label": "憤怒",
      "response_time": "00:00:03.311",
      "timestamp_unix": 1750053559,
      "timestamp_unix_ms": 1750053559970,
      "timestamp_readable": "2025-06-16 05:59:19.970",
      "normalized_name": "Disappointed-Man/Disappointed-Man",
      "meme_name": "Disappointed-Man",
      "post_id": 4,
      "english_label": "anger",
      "response_time_ms": 3311
    },
    {
      "image_path": "Archer/Archer_13.png",
      "label": "厭惡",
      "response_time": "00:00:03.008",
      "timestamp_unix": 1750053563,
      "timestamp_unix_ms": 1750053563106,
      "timestamp_readable": "2025-06-16 05:59:23.106",
      "normalized_name": "Archer/Archer",
      "meme_name": "Archer",
      "post_id": 13,
      "english_label": "disgust",
      "response_time_ms": 3008
    },
    {
      "image_path": "Kevin-Hart/Kevin-Hart_21.png",
      "label": "其他",
      "response_time": "00:00:02.609",
      "timestamp_unix": 1750053565,
      "timestamp_unix_ms": 1750053565870,
      "timestamp_readable": "2025-06-16 05:59:25.870",
      "normalized_name": "Kevin-Hart/Kevin-Hart",
      "meme_name": "Kevin-Hart",
      "post_id": 21,
      "english_label": "others",
      "response_time_ms": 2609
    },
    {
      "image_path": "Chill-guy/Chill-guy_11.png",
      "label": "輕蔑",
      "response_time": "00:00:02.708",
      "timestamp_unix": 1750053568,
      "timestamp_unix_ms": 1750053568746,
      "timestamp_readable": "2025-06-16 05:59:28.746",
      "normalized_name": "Chill-guy/Chill-guy",
      "meme_name": "Chill-guy",
      "post_id": 11,
      "english_label": "contempt",
      "response_time_ms": 2708
    },
    {
      "image_path": "Disaster-Girl/Disaster-Girl_22.png",
      "label": "輕蔑",
      "response_time": "00:00:01.602",
      "timestamp_unix": 1750053570,
      "timestamp_unix_ms": 1750053570442,
      "timestamp_readable": "2025-06-16 05:59:30.442",
      "normalized_name": "Disaster-Girl/Disaster-Girl",
      "meme_name": "Disaster-Girl",
      "post_id": 22,
      "english_label": "contempt",
      "response_time_ms": 1602
    }
  ],
  "session_start_unix": 1750053272,
  "session_status": "completed",
  "last_updated_unix": 1750053590,
  "image_order": [
    "Spiderman-Hospital/Spiderman-Hospital_31.png",
    "Happy--Shock/Happy--Shock_49.png",
    "Chill-guy/Chill-guy_11.png",
    "I-am-once-again-asking/I-am-once-again-asking_18.png",
    "Math-ladyConfused-lady/Math-ladyConfused-lady_36.png",
    "Archer/Archer_13.png",
    "Leonardo-Dicaprio-Wolf-Of-Wall-Street/Leonardo-Dicaprio-Wolf-Of-Wall-Street_10.png",
    "Mocking-Spongebob/Mocking-Spongebob_26.png",
    "Afraid-To-Ask-Andy/Afraid-To-Ask-Andy_7.png",
    "Charlie-Day/Charlie-Day_34.png",
    "Always-Has-Been/Always-Has-Been_24.png",
    "Picard-Wtf/Picard-Wtf_40.png",
    "Batman-Slapping-Robin/Batman-Slapping-Robin_16.png",
    "For-the-better-right-blank/For-the-better-right-blank_33.png",
    "Drake-NoYes/Drake-NoYes_23.png",
    "Laughing-wolf/Laughing-wolf_25.png",
    "DJ-Pauly-D/DJ-Pauly-D_20.png",
    "Always-you-three/Always-you-three_50.png",
    "Disappointed-Man/Disappointed-Man_4.png",
    "Smudge-the-cat/Smudge-the-cat_28.png",
    "attention_check/attention_check_Others.png",
    "Thats-a-paddlin/Thats-a-paddlin_47.png",
    "Hide-the-Pain-Harold/Hide-the-Pain-Harold_42.png",
    "Hold-fart/Hold-fart_1.png",
    "Im-The-Captain-Now/Im-The-Captain-Now_3.png",
    "Obi-Wan-Kenobi/Obi-Wan-Kenobi_30.png",
    "Spongebob-Yelling/Spongebob-Yelling_12.png",
    "Nuclear-Explosion/Nuclear-Explosion_14.png",
    "Dinkleberg/Dinkleberg_8.png",
    "Scooby-doo-mask-reveal/Scooby-doo-mask-reveal_9.png",
    "Disaster-Girl/Disaster-Girl_22.png",
    "Black-guy-hiding-behind-tree/Black-guy-hiding-behind-tree_19.png",
    "You-The-Real-MVP/You-The-Real-MVP_39.png",
    "Moe-throws-Barney/Moe-throws-Barney_46.png",
    "Ill-Have-You-Know-Spongebob/Ill-Have-You-Know-Spongebob_5.png",
    "Futurama-Fry/Futurama-Fry_43.png",
    "Monkey-Puppet/Monkey-Puppet_45.png",
    "Confused-Gandalf/Confused-Gandalf_29.png",
    "Mr-incredible-mad/Mr-incredible-mad_48.png",
    "Dave-chappelle/Dave-chappelle_41.png",
    "Surprised-Pikachu/Surprised-Pikachu_37.png",
    "Table-Flip-Guy/Table-Flip-Guy_35.png",
    "Kevin-Hart/Kevin-Hart_21.png",
    "Well-Yes-But-Actually-No/Well-Yes-But-Actually-No_6.png",
    "Mr-McMahon-reaction/Mr-McMahon-reaction_2.png",
    "attention_check/attention_check_Contempt.png",
    "Gru-Gun/Gru-Gun_32.png",
    "Persian-Cat-Room-Guardian/Persian-Cat-Room-Guardian_15.png",
    "Put-It-Somewhere-Else-Patrick/Put-It-Somewhere-Else-Patrick_17.png",
    "Angry-Baby/Angry-Baby_27.png",
    "Arthur-Fist/Arthur-Fist_44.png",
    "Khan/Khan_38.png"
  ],
  "completion_status": {
    "practice_completed": true,
    "game_started": true,
    "game_completed": true,
    "summary_viewed": true,
    "email_submitted": true
  },
  "timestamps_unix": {
    "registration_completed": 1750053272,
    "practice_started": 1750053272,
    "practice_completed": 1750053316,
    "game_started": 1750053316,
    "first_label": 1750053323,
    "last_label": 1750053570,
    "game_completed": 1750053572,
    "summary_viewed": 1750053572,
    "email_submitted": 1750053590,
    "session_end": 1750053590,
    "last_updated": 1750053590
  },
  "timestamps_unix_ms": {
    "registration_completed_ms": 1750053272793,
    "practice_started_ms": 1750053272845,
    "practice_completed_ms": 1750053316889,
    "game_started_ms": 1750053316907,
    "first_label_ms": 1750053323193,
    "last_label_ms": 1750053570442,
    "game_completed_ms": 1750053572347,
    "summary_viewed_ms": 1750053572366,
    "email_submitted_ms": 1750053590927,
    "session_end_ms": 1750053590927,
    "last_updated_ms": 1750053590927
  },
  "duration_stats_ms": {
    "total_session_duration_ms": 318134,
    "practice_duration_ms": 44044,
    "game_duration_ms": 255440,
    "labeling_duration_ms": 247249,
    "email_submission_duration_ms": 18561
  },
  "filename_updated_unix": 1750053572,
  "original_filename": "user_4faf0f",
  "completion_status_in_filename": "email_submitted"
}