{
  "user_id": "user_0072af",
  "file_name": "user_0072af_1749740517_1749740769_fullycomplete",
  "unix_start_time": 1749740517,
  "unix_start_time_ms": 1749740517930,
  "unix_end_time": 1749740769,
  "unix_end_time_ms": 1749740769174,
  "age": "18-24",
  "gender": "female",
  "user_agent": "Mozilla/5.0 (Windows NT 10.0; Win64; x64) AppleWebKit/537.36 (KHTML, like Gecko) Chrome/137.0.0.0 Safari/537.36",
  "user_ip": "116.118.144.58",
  "status": "complete",
  "email_provided": "complete",
  "attention_passed": true,
  "start_time_readable": "2025-06-12 15:01:57.930",
  "end_time_readable": "2025-06-12 15:06:09.174",
  "total_labels": 52,
  "emotion_summary": {
    "anger": 19,
    "contempt": 12,
    "disgust": 5,
    "others": 16
  },
  "email": "vicky91062@gmail.com",
  "participation": "yes",
  "total_responses": 52,
  "responses": [
    {
      "image_path": "Confused-Gandalf/Confused-Gandalf_30.png",
      "label": "其他",
      "response_time": "00:00:06.001",
      "timestamp_unix": 1749740557,
      "timestamp_unix_ms": 1749740557388,
      "timestamp_readable": "2025-06-12 15:02:37.388",
      "normalized_name": "Confused-Gandalf/Confused-Gandalf",
      "meme_name": "Confused-Gandalf",
      "post_id": 30,
      "english_label": "others",
      "response_time_ms": 6001
    },
    {
      "image_path": "Afraid-To-Ask-Andy/Afraid-To-Ask-Andy_27.png",
      "label": "輕蔑",
      "response_time": "00:00:03.506",
      "timestamp_unix": 1749740560,
      "timestamp_unix_ms": 1749740560950,
      "timestamp_readable": "2025-06-12 15:02:40.950",
      "normalized_name": "Afraid-To-Ask-Andy/Afraid-To-Ask-Andy",
      "meme_name": "Afraid-To-Ask-Andy",
      "post_id": 27,
      "english_label": "contempt",
      "response_time_ms": 3506
    },
    {
      "image_path": "Hold-fart/Hold-fart_44.png",
      "label": "憤怒",
      "response_time": "00:00:02.308",
      "timestamp_unix": 1749740563,
      "timestamp_unix_ms": 1749740563317,
      "timestamp_readable": "2025-06-12 15:02:43.317",
      "normalized_name": "Hold-fart/Hold-fart",
      "meme_name": "Hold-fart",
      "post_id": 44,
      "english_label": "anger",
      "response_time_ms": 2308
    },
    {
      "image_path": "Persian-Cat-Room-Guardian/Persian-Cat-Room-Guardian_45.png",
      "label": "憤怒",
      "response_time": "00:00:05.712",
      "timestamp_unix": 1749740569,
      "timestamp_unix_ms": 1749740569117,
      "timestamp_readable": "2025-06-12 15:02:49.117",
      "normalized_name": "Persian-Cat-Room-Guardian/Persian-Cat-Room-Guardian",
      "meme_name": "Persian-Cat-Room-Guardian",
      "post_id": 45,
      "english_label": "anger",
      "response_time_ms": 5712
    },
    {
      "image_path": "Spiderman-Hospital/Spiderman-Hospital_46.png",
      "label": "憤怒",
      "response_time": "00:00:04.910",
      "timestamp_unix": 1749740574,
      "timestamp_unix_ms": 1749740574117,
      "timestamp_readable": "2025-06-12 15:02:54.117",
      "normalized_name": "Spiderman-Hospital/Spiderman-Hospital",
      "meme_name": "Spiderman-Hospital",
      "post_id": 46,
      "english_label": "anger",
      "response_time_ms": 4910
    },
    {
      "image_path": "Mr-incredible-mad/Mr-incredible-mad_11.png",
      "label": "憤怒",
      "response_time": "00:00:02.110",
      "timestamp_unix": 1749740576,
      "timestamp_unix_ms": 1749740576317,
      "timestamp_readable": "2025-06-12 15:02:56.317",
      "normalized_name": "Mr-incredible-mad/Mr-incredible-mad",
      "meme_name": "Mr-incredible-mad",
      "post_id": 11,
      "english_label": "anger",
      "response_time_ms": 2110
    },
    {
      "image_path": "Smudge-the-cat/Smudge-the-cat_36.png",
      "label": "憤怒",
      "response_time": "00:00:08.609",
      "timestamp_unix": 1749740585,
      "timestamp_unix_ms": 1749740585035,
      "timestamp_readable": "2025-06-12 15:03:05.035",
      "normalized_name": "Smudge-the-cat/Smudge-the-cat",
      "meme_name": "Smudge-the-cat",
      "post_id": 36,
      "english_label": "anger",
      "response_time_ms": 8609
    },
    {
      "image_path": "Well-Yes-But-Actually-No/Well-Yes-But-Actually-No_17.png",
      "label": "其他",
      "response_time": "00:00:04.902",
      "timestamp_unix": 1749740590,
      "timestamp_unix_ms": 1749740590050,
      "timestamp_readable": "2025-06-12 15:03:10.050",
      "normalized_name": "Well-Yes-But-Actually-No/Well-Yes-But-Actually-No",
      "meme_name": "Well-Yes-But-Actually-No",
      "post_id": 17,
      "english_label": "others",
      "response_time_ms": 4902
    },
    {
      "image_path": "Mocking-Spongebob/Mocking-Spongebob_28.png",
      "label": "厭惡",
      "response_time": "00:00:05.208",
      "timestamp_unix": 1749740595,
      "timestamp_unix_ms": 1749740595355,
      "timestamp_readable": "2025-06-12 15:03:15.355",
      "normalized_name": "Mocking-Spongebob/Mocking-Spongebob",
      "meme_name": "Mocking-Spongebob",
      "post_id": 28,
      "english_label": "disgust",
      "response_time_ms": 5208
    },
    {
      "image_path": "Khan/Khan_6.png",
      "label": "憤怒",
      "response_time": "00:00:02.208",
      "timestamp_unix": 1749740597,
      "timestamp_unix_ms": 1749740597617,
      "timestamp_readable": "2025-06-12 15:03:17.617",
      "normalized_name": "Khan/Khan",
      "meme_name": "Khan",
      "post_id": 6,
      "english_label": "anger",
      "response_time_ms": 2208
    },
    {
      "image_path": "Scooby-doo-mask-reveal/Scooby-doo-mask-reveal_18.png",
      "label": "輕蔑",
      "response_time": "00:00:04.609",
      "timestamp_unix": 1749740602,
      "timestamp_unix_ms": 1749740602318,
      "timestamp_readable": "2025-06-12 15:03:22.318",
      "normalized_name": "Scooby-doo-mask-reveal/Scooby-doo-mask-reveal",
      "meme_name": "Scooby-doo-mask-reveal",
      "post_id": 18,
      "english_label": "contempt",
      "response_time_ms": 4609
    },
    {
      "image_path": "Charlie-Day/Charlie-Day_40.png",
      "label": "其他",
      "response_time": "00:00:06.200",
      "timestamp_unix": 1749740608,
      "timestamp_unix_ms": 1749740608651,
      "timestamp_readable": "2025-06-12 15:03:28.651",
      "normalized_name": "Charlie-Day/Charlie-Day",
      "meme_name": "Charlie-Day",
      "post_id": 40,
      "english_label": "others",
      "response_time_ms": 6200
    },
    {
      "image_path": "You-The-Real-MVP/You-The-Real-MVP_29.png",
      "label": "其他",
      "response_time": "00:00:03.605",
      "timestamp_unix": 1749740612,
      "timestamp_unix_ms": 1749740612369,
      "timestamp_readable": "2025-06-12 15:03:32.369",
      "normalized_name": "You-The-Real-MVP/You-The-Real-MVP",
      "meme_name": "You-The-Real-MVP",
      "post_id": 29,
      "english_label": "others",
      "response_time_ms": 3605
    },
    {
      "image_path": "Futurama-Fry/Futurama-Fry_37.png",
      "label": "憤怒",
      "response_time": "00:00:03.411",
      "timestamp_unix": 1749740615,
      "timestamp_unix_ms": 1749740615900,
      "timestamp_readable": "2025-06-12 15:03:35.900",
      "normalized_name": "Futurama-Fry/Futurama-Fry",
      "meme_name": "Futurama-Fry",
      "post_id": 37,
      "english_label": "anger",
      "response_time_ms": 3411
    },
    {
      "image_path": "Happy--Shock/Happy--Shock_12.png",
      "label": "其他",
      "response_time": "00:00:09.107",
      "timestamp_unix": 1749740625,
      "timestamp_unix_ms": 1749740625101,
      "timestamp_readable": "2025-06-12 15:03:45.101",
      "normalized_name": "Happy--Shock/Happy--Shock",
      "meme_name": "Happy--Shock",
      "post_id": 12,
      "english_label": "others",
      "response_time_ms": 9107
    },
    {
      "image_path": "Chill-guy/Chill-guy_7.png",
      "label": "輕蔑",
      "response_time": "00:00:02.505",
      "timestamp_unix": 1749740627,
      "timestamp_unix_ms": 1749740627701,
      "timestamp_readable": "2025-06-12 15:03:47.701",
      "normalized_name": "Chill-guy/Chill-guy",
      "meme_name": "Chill-guy",
      "post_id": 7,
      "english_label": "contempt",
      "response_time_ms": 2505
    },
    {
      "image_path": "Always-Has-Been/Always-Has-Been_19.png",
      "label": "其他",
      "response_time": "00:00:03.705",
      "timestamp_unix": 1749740631,
      "timestamp_unix_ms": 1749740631484,
      "timestamp_readable": "2025-06-12 15:03:51.484",
      "normalized_name": "Always-Has-Been/Always-Has-Been",
      "meme_name": "Always-Has-Been",
      "post_id": 19,
      "english_label": "others",
      "response_time_ms": 3705
    },
    {
      "image_path": "Disappointed-Man/Disappointed-Man_8.png",
      "label": "憤怒",
      "response_time": "00:00:03.306",
      "timestamp_unix": 1749740634,
      "timestamp_unix_ms": 1749740634851,
      "timestamp_readable": "2025-06-12 15:03:54.851",
      "normalized_name": "Disappointed-Man/Disappointed-Man",
      "meme_name": "Disappointed-Man",
      "post_id": 8,
      "english_label": "anger",
      "response_time_ms": 3306
    },
    {
      "image_path": "Dave-chappelle/Dave-chappelle_25.png",
      "label": "厭惡",
      "response_time": "00:00:02.809",
      "timestamp_unix": 1749740637,
      "timestamp_unix_ms": 1749740637768,
      "timestamp_readable": "2025-06-12 15:03:57.768",
      "normalized_name": "Dave-chappelle/Dave-chappelle",
      "meme_name": "Dave-chappelle",
      "post_id": 25,
      "english_label": "disgust",
      "response_time_ms": 2809
    },
    {
      "image_path": "Moe-throws-Barney/Moe-throws-Barney_1.png",
      "label": "憤怒",
      "response_time": "00:00:03.706",
      "timestamp_unix": 1749740641,
      "timestamp_unix_ms": 1749740641603,
      "timestamp_readable": "2025-06-12 15:04:01.603",
      "normalized_name": "Moe-throws-Barney/Moe-throws-Barney",
      "meme_name": "Moe-throws-Barney",
      "post_id": 1,
      "english_label": "anger",
      "response_time_ms": 3706
    },
    {
      "image_path": "Table-Flip-Guy/Table-Flip-Guy_43.png",
      "label": "憤怒",
      "response_time": "00:00:01.505",
      "timestamp_unix": 1749740643,
      "timestamp_unix_ms": 1749740643150,
      "timestamp_readable": "2025-06-12 15:04:03.150",
      "normalized_name": "Table-Flip-Guy/Table-Flip-Guy",
      "meme_name": "Table-Flip-Guy",
      "post_id": 43,
      "english_label": "anger",
      "response_time_ms": 1505
    },
    {
      "image_path": "Spongebob-Yelling/Spongebob-Yelling_10.png",
      "label": "憤怒",
      "response_time": "00:00:01.315",
      "timestamp_unix": 1749740644,
      "timestamp_unix_ms": 1749740644535,
      "timestamp_readable": "2025-06-12 15:04:04.535",
      "normalized_name": "Spongebob-Yelling/Spongebob-Yelling",
      "meme_name": "Spongebob-Yelling",
      "post_id": 10,
      "english_label": "anger",
      "response_time_ms": 1315
    },
    {
      "image_path": "attention_check/attention_check_Anger.png",
      "label": "憤怒",
      "response_time": "00:00:02.307",
      "timestamp_unix": 1749740646,
      "timestamp_unix_ms": 1749740646950,
      "timestamp_readable": "2025-06-12 15:04:06.950",
      "normalized_name": "attention_check/attention_check_Anger.png",
      "meme_name": "attention_check",
      "post_id": null,
      "english_label": "anger",
      "response_time_ms": 2307
    },
    {
      "image_path": "Drake-NoYes/Drake-NoYes_39.png",
      "label": "輕蔑",
      "response_time": "00:00:03.001",
      "timestamp_unix": 1749740650,
      "timestamp_unix_ms": 1749740650038,
      "timestamp_readable": "2025-06-12 15:04:10.038",
      "normalized_name": "Drake-NoYes/Drake-NoYes",
      "meme_name": "Drake-NoYes",
      "post_id": 39,
      "english_label": "contempt",
      "response_time_ms": 3001
    },
    {
      "image_path": "Thats-a-paddlin/Thats-a-paddlin_23.png",
      "label": "憤怒",
      "response_time": "00:00:02.701",
      "timestamp_unix": 1749740652,
      "timestamp_unix_ms": 1749740652817,
      "timestamp_readable": "2025-06-12 15:04:12.817",
      "normalized_name": "Thats-a-paddlin/Thats-a-paddlin",
      "meme_name": "Thats-a-paddlin",
      "post_id": 23,
      "english_label": "anger",
      "response_time_ms": 2701
    },
    {
      "image_path": "Arthur-Fist/Arthur-Fist_34.png",
      "label": "憤怒",
      "response_time": "00:00:01.101",
      "timestamp_unix": 1749740654,
      "timestamp_unix_ms": 1749740654016,
      "timestamp_readable": "2025-06-12 15:04:14.016",
      "normalized_name": "Arthur-Fist/Arthur-Fist",
      "meme_name": "Arthur-Fist",
      "post_id": 34,
      "english_label": "anger",
      "response_time_ms": 1101
    },
    {
      "image_path": "Always-you-three/Always-you-three_4.png",
      "label": "其他",
      "response_time": "00:00:04.504",
      "timestamp_unix": 1749740658,
      "timestamp_unix_ms": 1749740658698,
      "timestamp_readable": "2025-06-12 15:04:18.698",
      "normalized_name": "Always-you-three/Always-you-three",
      "meme_name": "Always-you-three",
      "post_id": 4,
      "english_label": "others",
      "response_time_ms": 4504
    },
    {
      "image_path": "Picard-Wtf/Picard-Wtf_9.png",
      "label": "厭惡",
      "response_time": "00:00:04.813",
      "timestamp_unix": 1749740663,
      "timestamp_unix_ms": 1749740663651,
      "timestamp_readable": "2025-06-12 15:04:23.651",
      "normalized_name": "Picard-Wtf/Picard-Wtf",
      "meme_name": "Picard-Wtf",
      "post_id": 9,
      "english_label": "disgust",
      "response_time_ms": 4813
    },
    {
      "image_path": "Obi-Wan-Kenobi/Obi-Wan-Kenobi_21.png",
      "label": "輕蔑",
      "response_time": "00:00:04.008",
      "timestamp_unix": 1749740667,
      "timestamp_unix_ms": 1749740667778,
      "timestamp_readable": "2025-06-12 15:04:27.778",
      "normalized_name": "Obi-Wan-Kenobi/Obi-Wan-Kenobi",
      "meme_name": "Obi-Wan-Kenobi",
      "post_id": 21,
      "english_label": "contempt",
      "response_time_ms": 4008
    },
    {
      "image_path": "I-am-once-again-asking/I-am-once-again-asking_49.png",
      "label": "輕蔑",
      "response_time": "00:00:02.603",
      "timestamp_unix": 1749740670,
      "timestamp_unix_ms": 1749740670501,
      "timestamp_readable": "2025-06-12 15:04:30.501",
      "normalized_name": "I-am-once-again-asking/I-am-once-again-asking",
      "meme_name": "I-am-once-again-asking",
      "post_id": 49,
      "english_label": "contempt",
      "response_time_ms": 2603
    },
    {
      "image_path": "Dinkleberg/Dinkleberg_22.png",
      "label": "憤怒",
      "response_time": "00:00:01.500",
      "timestamp_unix": 1749740672,
      "timestamp_unix_ms": 1749740672068,
      "timestamp_readable": "2025-06-12 15:04:32.068",
      "normalized_name": "Dinkleberg/Dinkleberg",
      "meme_name": "Dinkleberg",
      "post_id": 22,
      "english_label": "anger",
      "response_time_ms": 1500
    },
    {
      "image_path": "Leonardo-Dicaprio-Wolf-Of-Wall-Street/Leonardo-Dicaprio-Wolf-Of-Wall-Street_15.png",
      "label": "輕蔑",
      "response_time": "00:00:02.607",
      "timestamp_unix": 1749740674,
      "timestamp_unix_ms": 1749740674735,
      "timestamp_readable": "2025-06-12 15:04:34.735",
      "normalized_name": "Leonardo-Dicaprio-Wolf-Of-Wall-Street/Leonardo-Dicaprio-Wolf-Of-Wall-Street",
      "meme_name": "Leonardo-Dicaprio-Wolf-Of-Wall-Street",
      "post_id": 15,
      "english_label": "contempt",
      "response_time_ms": 2607
    },
    {
      "image_path": "Surprised-Pikachu/Surprised-Pikachu_16.png",
      "label": "其他",
      "response_time": "00:00:02.512",
      "timestamp_unix": 1749740677,
      "timestamp_unix_ms": 1749740677367,
      "timestamp_readable": "2025-06-12 15:04:37.367",
      "normalized_name": "Surprised-Pikachu/Surprised-Pikachu",
      "meme_name": "Surprised-Pikachu",
      "post_id": 16,
      "english_label": "others",
      "response_time_ms": 2512
    },
    {
      "image_path": "Hide-the-Pain-Harold/Hide-the-Pain-Harold_3.png",
      "label": "輕蔑",
      "response_time": "00:00:03.109",
      "timestamp_unix": 1749740680,
      "timestamp_unix_ms": 1749740680602,
      "timestamp_readable": "2025-06-12 15:04:40.602",
      "normalized_name": "Hide-the-Pain-Harold/Hide-the-Pain-Harold",
      "meme_name": "Hide-the-Pain-Harold",
      "post_id": 3,
      "english_label": "contempt",
      "response_time_ms": 3109
    },
    {
      "image_path": "Ill-Have-You-Know-Spongebob/Ill-Have-You-Know-Spongebob_32.png",
      "label": "其他",
      "response_time": "00:00:03.412",
      "timestamp_unix": 1749740684,
      "timestamp_unix_ms": 1749740684119,
      "timestamp_readable": "2025-06-12 15:04:44.119",
      "normalized_name": "Ill-Have-You-Know-Spongebob/Ill-Have-You-Know-Spongebob",
      "meme_name": "Ill-Have-You-Know-Spongebob",
      "post_id": 32,
      "english_label": "others",
      "response_time_ms": 3412
    },
    {
      "image_path": "DJ-Pauly-D/DJ-Pauly-D_50.png",
      "label": "憤怒",
      "response_time": "00:00:01.806",
      "timestamp_unix": 1749740685,
      "timestamp_unix_ms": 1749740685967,
      "timestamp_readable": "2025-06-12 15:04:45.967",
      "normalized_name": "DJ-Pauly-D/DJ-Pauly-D",
      "meme_name": "DJ-Pauly-D",
      "post_id": 50,
      "english_label": "anger",
      "response_time_ms": 1806
    },
    {
      "image_path": "Put-It-Somewhere-Else-Patrick/Put-It-Somewhere-Else-Patrick_35.png",
      "label": "其他",
      "response_time": "00:00:02.912",
      "timestamp_unix": 1749740688,
      "timestamp_unix_ms": 1749740688967,
      "timestamp_readable": "2025-06-12 15:04:48.967",
      "normalized_name": "Put-It-Somewhere-Else-Patrick/Put-It-Somewhere-Else-Patrick",
      "meme_name": "Put-It-Somewhere-Else-Patrick",
      "post_id": 35,
      "english_label": "others",
      "response_time_ms": 2912
    },
    {
      "image_path": "Disaster-Girl/Disaster-Girl_31.png",
      "label": "輕蔑",
      "response_time": "00:00:03.304",
      "timestamp_unix": 1749740692,
      "timestamp_unix_ms": 1749740692340,
      "timestamp_readable": "2025-06-12 15:04:52.340",
      "normalized_name": "Disaster-Girl/Disaster-Girl",
      "meme_name": "Disaster-Girl",
      "post_id": 31,
      "english_label": "contempt",
      "response_time_ms": 3304
    },
    {
      "image_path": "Nuclear-Explosion/Nuclear-Explosion_20.png",
      "label": "憤怒",
      "response_time": "00:00:03.202",
      "timestamp_unix": 1749740695,
      "timestamp_unix_ms": 1749740695686,
      "timestamp_readable": "2025-06-12 15:04:55.686",
      "normalized_name": "Nuclear-Explosion/Nuclear-Explosion",
      "meme_name": "Nuclear-Explosion",
      "post_id": 20,
      "english_label": "anger",
      "response_time_ms": 3202
    },
    {
      "image_path": "Kevin-Hart/Kevin-Hart_5.png",
      "label": "其他",
      "response_time": "00:00:02.511",
      "timestamp_unix": 1749740698,
      "timestamp_unix_ms": 1749740698269,
      "timestamp_readable": "2025-06-12 15:04:58.269",
      "normalized_name": "Kevin-Hart/Kevin-Hart",
      "meme_name": "Kevin-Hart",
      "post_id": 5,
      "english_label": "others",
      "response_time_ms": 2511
    },
    {
      "image_path": "For-the-better-right-blank/For-the-better-right-blank_33.png",
      "label": "其他",
      "response_time": "00:00:03.008",
      "timestamp_unix": 1749740701,
      "timestamp_unix_ms": 1749740701386,
      "timestamp_readable": "2025-06-12 15:05:01.386",
      "normalized_name": "For-the-better-right-blank/For-the-better-right-blank",
      "meme_name": "For-the-better-right-blank",
      "post_id": 33,
      "english_label": "others",
      "response_time_ms": 3008
    },
    {
      "image_path": "Im-The-Captain-Now/Im-The-Captain-Now_13.png",
      "label": "厭惡",
      "response_time": "00:00:02.710",
      "timestamp_unix": 1749740704,
      "timestamp_unix_ms": 1749740704153,
      "timestamp_readable": "2025-06-12 15:05:04.153",
      "normalized_name": "Im-The-Captain-Now/Im-The-Captain-Now",
      "meme_name": "Im-The-Captain-Now",
      "post_id": 13,
      "english_label": "disgust",
      "response_time_ms": 2710
    },
    {
      "image_path": "Laughing-wolf/Laughing-wolf_26.png",
      "label": "輕蔑",
      "response_time": "00:00:02.104",
      "timestamp_unix": 1749740706,
      "timestamp_unix_ms": 1749740706385,
      "timestamp_readable": "2025-06-12 15:05:06.385",
      "normalized_name": "Laughing-wolf/Laughing-wolf",
      "meme_name": "Laughing-wolf",
      "post_id": 26,
      "english_label": "contempt",
      "response_time_ms": 2104
    },
    {
      "image_path": "Black-guy-hiding-behind-tree/Black-guy-hiding-behind-tree_48.png",
      "label": "輕蔑",
      "response_time": "00:00:02.408",
      "timestamp_unix": 1749740708,
      "timestamp_unix_ms": 1749740708919,
      "timestamp_readable": "2025-06-12 15:05:08.919",
      "normalized_name": "Black-guy-hiding-behind-tree/Black-guy-hiding-behind-tree",
      "meme_name": "Black-guy-hiding-behind-tree",
      "post_id": 48,
      "english_label": "contempt",
      "response_time_ms": 2408
    },
    {
      "image_path": "attention_check/attention_check_Disgust.png",
      "label": "厭惡",
      "response_time": "00:00:01.910",
      "timestamp_unix": 1749740710,
      "timestamp_unix_ms": 1749740710918,
      "timestamp_readable": "2025-06-12 15:05:10.918",
      "normalized_name": "attention_check/attention_check_Disgust.png",
      "meme_name": "attention_check",
      "post_id": null,
      "english_label": "disgust",
      "response_time_ms": 1910
    },
    {
      "image_path": "Gru-Gun/Gru-Gun_42.png",
      "label": "其他",
      "response_time": "00:00:02.802",
      "timestamp_unix": 1749740713,
      "timestamp_unix_ms": 1749740713870,
      "timestamp_readable": "2025-06-12 15:05:13.870",
      "normalized_name": "Gru-Gun/Gru-Gun",
      "meme_name": "Gru-Gun",
      "post_id": 42,
      "english_label": "others",
      "response_time_ms": 2802
    },
    {
      "image_path": "Batman-Slapping-Robin/Batman-Slapping-Robin_47.png",
      "label": "輕蔑",
      "response_time": "00:00:03.006",
      "timestamp_unix": 1749740716,
      "timestamp_unix_ms": 1749740716952,
      "timestamp_readable": "2025-06-12 15:05:16.952",
      "normalized_name": "Batman-Slapping-Robin/Batman-Slapping-Robin",
      "meme_name": "Batman-Slapping-Robin",
      "post_id": 47,
      "english_label": "contempt",
      "response_time_ms": 3006
    },
    {
      "image_path": "Monkey-Puppet/Monkey-Puppet_38.png",
      "label": "其他",
      "response_time": "00:00:02.111",
      "timestamp_unix": 1749740719,
      "timestamp_unix_ms": 1749740719136,
      "timestamp_readable": "2025-06-12 15:05:19.136",
      "normalized_name": "Monkey-Puppet/Monkey-Puppet",
      "meme_name": "Monkey-Puppet",
      "post_id": 38,
      "english_label": "others",
      "response_time_ms": 2111
    },
    {
      "image_path": "Mr-McMahon-reaction/Mr-McMahon-reaction_24.png",
      "label": "憤怒",
      "response_time": "00:00:01.805",
      "timestamp_unix": 1749740721,
      "timestamp_unix_ms": 1749740721052,
      "timestamp_readable": "2025-06-12 15:05:21.052",
      "normalized_name": "Mr-McMahon-reaction/Mr-McMahon-reaction",
      "meme_name": "Mr-McMahon-reaction",
      "post_id": 24,
      "english_label": "anger",
      "response_time_ms": 1805
    },
    {
      "image_path": "Archer/Archer_14.png",
      "label": "其他",
      "response_time": "00:00:01.810",
      "timestamp_unix": 1749740722,
      "timestamp_unix_ms": 1749740722936,
      "timestamp_readable": "2025-06-12 15:05:22.936",
      "normalized_name": "Archer/Archer",
      "meme_name": "Archer",
      "post_id": 14,
      "english_label": "others",
      "response_time_ms": 1810
    },
    {
      "image_path": "Math-ladyConfused-lady/Math-ladyConfused-lady_2.png",
      "label": "其他",
      "response_time": "00:00:02.201",
      "timestamp_unix": 1749740725,
      "timestamp_unix_ms": 1749740725269,
      "timestamp_readable": "2025-06-12 15:05:25.269",
      "normalized_name": "Math-ladyConfused-lady/Math-ladyConfused-lady",
      "meme_name": "Math-ladyConfused-lady",
      "post_id": 2,
      "english_label": "others",
      "response_time_ms": 2201
    },
    {
      "image_path": "Angry-Baby/Angry-Baby_41.png",
      "label": "憤怒",
      "response_time": "00:00:01.408",
      "timestamp_unix": 1749740726,
      "timestamp_unix_ms": 1749740726751,
      "timestamp_readable": "2025-06-12 15:05:26.751",
      "normalized_name": "Angry-Baby/Angry-Baby",
      "meme_name": "Angry-Baby",
      "post_id": 41,
      "english_label": "anger",
      "response_time_ms": 1408
    }
  ],
  "session_start_unix": 1749740517,
  "session_status": "completed",
  "last_updated_unix": 1749740769,
  "image_order": [
    "Spiderman-Hospital/Spiderman-Hospital_46.png",
    "Happy--Shock/Happy--Shock_12.png",
    "Chill-guy/Chill-guy_7.png",
    "I-am-once-again-asking/I-am-once-again-asking_49.png",
    "Math-ladyConfused-lady/Math-ladyConfused-lady_2.png",
    "Archer/Archer_14.png",
    "Leonardo-Dicaprio-Wolf-Of-Wall-Street/Leonardo-Dicaprio-Wolf-Of-Wall-Street_15.png",
    "Mocking-Spongebob/Mocking-Spongebob_28.png",
    "Afraid-To-Ask-Andy/Afraid-To-Ask-Andy_27.png",
    "Charlie-Day/Charlie-Day_40.png",
    "Always-Has-Been/Always-Has-Been_19.png",
    "Picard-Wtf/Picard-Wtf_9.png",
    "Batman-Slapping-Robin/Batman-Slapping-Robin_47.png",
    "For-the-better-right-blank/For-the-better-right-blank_33.png",
    "Drake-NoYes/Drake-NoYes_39.png",
    "Laughing-wolf/Laughing-wolf_26.png",
    "DJ-Pauly-D/DJ-Pauly-D_50.png",
    "Always-you-three/Always-you-three_4.png",
    "Disappointed-Man/Disappointed-Man_8.png",
    "Smudge-the-cat/Smudge-the-cat_36.png",
    "Thats-a-paddlin/Thats-a-paddlin_23.png",
    "Hide-the-Pain-Harold/Hide-the-Pain-Harold_3.png",
    "attention_check/attention_check_Anger.png",
    "Hold-fart/Hold-fart_44.png",
    "Im-The-Captain-Now/Im-The-Captain-Now_13.png",
    "Obi-Wan-Kenobi/Obi-Wan-Kenobi_21.png",
    "Spongebob-Yelling/Spongebob-Yelling_10.png",
    "Nuclear-Explosion/Nuclear-Explosion_20.png",
    "Dinkleberg/Dinkleberg_22.png",
    "Scooby-doo-mask-reveal/Scooby-doo-mask-reveal_18.png",
    "Disaster-Girl/Disaster-Girl_31.png",
    "Black-guy-hiding-behind-tree/Black-guy-hiding-behind-tree_48.png",
    "You-The-Real-MVP/You-The-Real-MVP_29.png",
    "Moe-throws-Barney/Moe-throws-Barney_1.png",
    "Ill-Have-You-Know-Spongebob/Ill-Have-You-Know-Spongebob_32.png",
    "Futurama-Fry/Futurama-Fry_37.png",
    "Monkey-Puppet/Monkey-Puppet_38.png",
    "Confused-Gandalf/Confused-Gandalf_30.png",
    "Mr-incredible-mad/Mr-incredible-mad_11.png",
    "Dave-chappelle/Dave-chappelle_25.png",
    "Surprised-Pikachu/Surprised-Pikachu_16.png",
    "Table-Flip-Guy/Table-Flip-Guy_43.png",
    "Kevin-Hart/Kevin-Hart_5.png",
    "Well-Yes-But-Actually-No/Well-Yes-But-Actually-No_17.png",
    "attention_check/attention_check_Disgust.png",
    "Mr-McMahon-reaction/Mr-McMahon-reaction_24.png",
    "Gru-Gun/Gru-Gun_42.png",
    "Persian-Cat-Room-Guardian/Persian-Cat-Room-Guardian_45.png",
    "Put-It-Somewhere-Else-Patrick/Put-It-Somewhere-Else-Patrick_35.png",
    "Angry-Baby/Angry-Baby_41.png",
    "Arthur-Fist/Arthur-Fist_34.png",
    "Khan/Khan_6.png"
  ],
  "completion_status": {
    "practice_completed": true,
    "game_started": true,
    "game_completed": true,
    "summary_viewed": true,
    "email_submitted": true
  },
  "timestamps_unix": {
    "registration_completed": 1749740517,
    "practice_started": 1749740517,
    "practice_completed": 1749740551,
    "game_started": 1749740551,
    "first_label": 1749740557,
    "last_label": 1749740726,
    "game_completed": 1749740728,
    "summary_viewed": 1749740728,
    "email_submitted": 1749740769,
    "session_end": 1749740769,
    "last_updated": 1749740769
  },
  "timestamps_unix_ms": {
    "registration_completed_ms": 1749740517930,
    "practice_started_ms": 1749740517974,
    "practice_completed_ms": 1749740551202,
    "game_started_ms": 1749740551219,
    "first_label_ms": 1749740557388,
    "last_label_ms": 1749740726751,
    "game_completed_ms": 1749740728123,
    "summary_viewed_ms": 1749740728139,
    "email_submitted_ms": 1749740769157,
    "session_end_ms": 1749740769157,
    "last_updated_ms": 1749740769157
  },
  "duration_stats_ms": {
    "total_session_duration_ms": 251227,
    "practice_duration_ms": 33228,
    "game_duration_ms": 176904,
    "labeling_duration_ms": 169363,
    "email_submission_duration_ms": 41018
  },
  "filename_updated_unix": 1749740728,
  "original_filename": "user_0072af",
  "completion_status_in_filename": "email_submitted"
}